Fund Name,Category,Subcategory,Plan,isin,scheme_code,1Y Return (%),3Y Return (%),5Y Return (%),Benchmark Name,Benchmark 1Y (%),Benchmark 3Y (%),Benchmark 5Y (%),YTM (%),Macaulay Duration (yrs),Avg Credit Rating,Avg Maturity (yrs),ytm_score,duration_score,maturity_score,credit_score,total_score,fund_rating,Top Holdings Count,Fund URL
ABSL Banking & PSU Debt Dir,debt,Banking and PSU,Direct,INF209K01YN0,119550,4.75,7.19,6.33,Debt: Banking and PSU,4.99,7.17,6.28,7.73,2.73,AAA,3.8,8,6,6,9,29,Good,25,https://www.valueresearchonline.com/funds/15941/
Axis Banking & PSU Debt Dir,debt,Banking and PSU,Direct,INF846K01CR6,120438,5.15,7.12,6.2,Debt: Banking and PSU,4.99,7.17,6.28,7.68,2.19,AAA,2.73,7,6,7,9,29,Good,25,https://www.valueresearchonline.com/funds/15680/
Bajaj Finserv Banking and PSU Dir,debt,Banking and PSU,Direct,INF0QA701607,152162,4.65,,,Debt: Banking and PSU,4.99,,,7.76,2.55,AAA,2.93,7,6,7,9,29,Good,20,https://www.valueresearchonline.com/funds/43851/
Bandhan Banking and PSU Dir,debt,Banking and PSU,Direct,INF194K015G8,121279,5.52,7.16,6.25,Debt: Banking and PSU,4.99,7.17,6.28,7.57,2.32,AAA,2.53,7,6,6,9,28,Good,25,https://www.valueresearchonline.com/funds/18448/
Canara Robeco Banking and PSU Debt Dir,debt,Banking and PSU,Direct,INF760K01KC4,150505,4.88,6.75,,Debt: Banking and PSU,4.99,7.17,,7.48,2.7,AAA,3.18,7,6,6,9,28,Good,18,https://www.valueresearchonline.com/funds/42432/
DSP Banking & PSU Debt Dir,debt,Banking and PSU,Direct,INF740K01ZW2,124175,4.3,7.04,6.07,Debt: Banking and PSU,4.99,7.17,6.28,7.52,4.28,AAA,7.11,8,4,4,9,25,Average,25,https://www.valueresearchonline.com/funds/21204/
Edelweiss Banking and PSU Debt Dir,debt,Banking and PSU,Direct,INF843K01FC8,140286,4.16,6.9,6.16,Debt: Banking and PSU,4.99,7.17,6.28,7.57,1.38,AAA,1.46,7,6,7,9,29,Good,25,https://www.valueresearchonline.com/funds/21020/
Franklin India Banking & PSU Debt Dir,debt,Banking and PSU,Direct,INF090I01KR8,129008,6.01,7.43,6.37,Debt: Banking and PSU,4.99,7.17,6.28,7.5,1.28,AAA,2.62,7,7,6,9,29,Good,25,https://www.valueresearchonline.com/funds/26029/
HDFC Banking and PSU Debt Dir,debt,Banking and PSU,Direct,INF179KA1IZ7,128629,5.03,7.32,6.36,Debt: Banking and PSU,4.99,7.17,6.28,7.78,3.21,AAA,4.09,8,5,6,9,28,Good,25,https://www.valueresearchonline.com/funds/25440/
HSBC Banking & PSU Debt Dir,debt,Banking and PSU,Direct,INF917K01HH5,151107,5.12,7.05,5.73,Debt: Banking and PSU,4.99,7.17,6.28,7.69,2.49,AAA,2.86,7,6,7,9,29,Good,25,https://www.valueresearchonline.com/funds/16783/
ICICI Pru Banking & PSU Debt Dir,debt,Banking and PSU,Direct,INF109K010A6,120256,5.55,7.5,6.77,Debt: Banking and PSU,4.99,7.17,6.28,7.9,3.38,AAA,5.83,8,5,5,9,27,Average,25,https://www.valueresearchonline.com/funds/17786/
ITI Banking & PSU Debt Dir,debt,Banking and PSU,Direct,INF00XX01861,148534,4.95,7.12,6.39,Debt: Banking and PSU,4.99,7.17,6.28,7.11,0.75,AAA,0.78,5,8,8,9,30,Good,13,https://www.valueresearchonline.com/funds/41135/
Invesco India Banking and PSU Dir,debt,Banking and PSU,Direct,INF205K01KT4,120444,4.74,7.21,5.71,Debt: Banking and PSU,4.99,7.17,6.28,7.46,3.08,AAA,3.98,7,5,6,9,27,Average,16,https://www.valueresearchonline.com/funds/16371/
Kotak Banking & PSU Debt Dir,debt,Banking and PSU,Direct,INF174K01KH7,123693,5.33,7.51,6.58,Debt: Banking and PSU,4.99,7.17,6.28,7.77,3.01,AAA,3.55,8,5,6,9,28,Good,25,https://www.valueresearchonline.com/funds/16356/
LIC MF Banking & PSU Dir,debt,Banking and PSU,Direct,INF767K01GI4,120338,4.94,7.32,6.25,Debt: Banking and PSU,4.99,7.17,6.28,7.58,2.28,AAA,3.26,7,6,6,9,28,Good,25,https://www.valueresearchonline.com/funds/16974/
Mirae Asset Banking and PSU Dir,debt,Banking and PSU,Direct,INF769K01FY9,148419,4.45,6.95,5.97,Debt: Banking and PSU,4.99,7.17,6.28,7.41,2.7,AAA,3.71,7,6,6,9,28,Good,25,https://www.valueresearchonline.com/funds/41030/
Nippon India Banking and PSU Dir,debt,Banking and PSU,Direct,INF204KA1U53,134547,4.84,7.25,6.36,Debt: Banking and PSU,4.99,7.17,6.28,7.76,2.96,AAA,3.47,8,6,6,9,29,Good,25,https://www.valueresearchonline.com/funds/30193/
SBI Banking and PSU Dir,debt,Banking and PSU,Direct,INF200K01V08,125503,4.87,7.18,6.12,Debt: Banking and PSU,4.99,7.17,6.28,7.73,2.17,AAA,3.86,7,6,6,9,28,Good,25,https://www.valueresearchonline.com/funds/17346/
Sundaram Banking & PSU Dir,debt,Banking and PSU,Direct,INF903J017I5,134363,4.9,7.12,5.94,Debt: Banking and PSU,4.99,7.17,6.28,7.47,2.11,AAA,2.46,7,6,7,9,29,Good,25,https://www.valueresearchonline.com/funds/17237/
UTI Banking & PSU Dir,debt,Banking and PSU,Direct,INF789F015Z6,126940,5.56,7.2,7.56,Debt: Banking and PSU,4.99,7.17,6.28,7.69,0.82,AAA,0.84,6,9,9,9,33,Good,25,https://www.valueresearchonline.com/funds/23934/
ABSL Corporate Bond Dir,debt,Corporate Bond,Direct,INF209K01S38,119533,4.59,7.33,6.45,Debt: Corporate Bond,5.09,7.37,6.34,7.72,4.16,AAA,6.58,8,4,5,9,26,Average,25,https://www.valueresearchonline.com/funds/15926/
Axis Corporate Bond Dir,debt,Corporate Bond,Direct,INF846K01ZM8,141588,5.51,7.81,6.82,Debt: Corporate Bond,5.09,7.37,6.34,7.79,2.65,AAA,3.35,8,6,6,9,29,Good,25,https://www.valueresearchonline.com/funds/34381/
Bandhan Corporate Bond Dir,debt,Corporate Bond,Direct,INF194KA1M23,135916,5.53,7.45,6.19,Debt: Corporate Bond,5.09,7.37,6.34,7.58,2.47,AAA,2.8,7,6,6,9,28,Good,25,https://www.valueresearchonline.com/funds/31521/
Baroda BNP Paribas Corporate Bond Dir,debt,Corporate Bond,Direct,INF251K01GP4,150237,5.67,7.67,6.21,Debt: Corporate Bond,5.09,7.37,6.34,7.73,2.51,AAA,3.21,7,6,7,9,29,Good,25,https://www.valueresearchonline.com/funds/16197/
Canara Robeco Corporate Bond Dir,debt,Corporate Bond,Direct,INF760K01HB2,126685,4.68,6.81,5.89,Debt: Corporate Bond,5.09,7.37,6.34,7.59,1.91,AAA,2.22,8,7,7,9,31,Good,18,https://www.valueresearchonline.com/funds/23480/
DSP Corporate Bond Dir,debt,Corporate Bond,Direct,INF740KA1KE8,144646,5.68,7.19,5.89,Debt: Corporate Bond,5.09,7.37,6.34,7.19,0.84,AAA,0.87,6,9,9,9,33,Good,25,https://www.valueresearchonline.com/funds/37505/
Franklin India Corporate Debt Dir,debt,Corporate Bond,Direct,INF090I01FW8,118569,6.04,7.96,6.71,Debt: Corporate Bond,5.09,7.37,6.34,7.91,1.49,AAA,2.77,8,7,6,9,30,Good,25,https://www.valueresearchonline.com/funds/16911/
HDFC Corporate Bond Dir,debt,Corporate Bond,Direct,INF179K01XD8,118987,4.53,7.35,6.4,Debt: Corporate Bond,5.09,7.37,6.34,7.79,4.29,AAA,6.95,8,4,5,9,26,Average,25,https://www.valueresearchonline.com/funds/16109/
HSBC Corporate Bond Dir,debt,Corporate Bond,Direct,INF917K01HN3,150996,5.3,7.3,6.26,Debt: Corporate Bond,5.09,7.37,6.34,7.71,2.17,AAA,2.36,7,6,7,9,29,Good,25,https://www.valueresearchonline.com/funds/16305/
ICICI Pru Corporate Bond Dir,debt,Corporate Bond,Direct,INF109K016B1,120692,5.83,7.67,6.82,Debt: Corporate Bond,5.09,7.37,6.34,7.91,3.53,AAA,5.73,8,5,5,9,27,Average,25,https://www.valueresearchonline.com/funds/15568/
Invesco India Corporate Bond Dir,debt,Corporate Bond,Direct,INF205K01RF8,120497,4.85,7.38,6.23,Debt: Corporate Bond,5.09,7.37,6.34,7.75,3.49,AAA,4.39,8,5,6,9,28,Good,25,https://www.valueresearchonline.com/funds/16675/
Kotak Corporate Bond Dir,debt,Corporate Bond,Direct,INF178L01BY0,133791,5.1,7.53,6.55,Debt: Corporate Bond,5.09,7.37,6.34,7.99,2.73,AAA,4,8,6,6,9,29,Good,25,https://www.valueresearchonline.com/funds/17470/
Mirae Asset Corporate Bond Dir,debt,Corporate Bond,Direct,INF769K01HD9,148755,4.75,7.09,6.08,Debt: Corporate Bond,5.09,7.37,6.34,7.71,3.03,AAA,4.23,8,5,6,9,28,Good,25,https://www.valueresearchonline.com/funds/41343/
Nippon India Corporate Bond Dir,debt,Corporate Bond,Direct,INF204K01C15,118814,5.12,7.63,6.88,Debt: Corporate Bond,5.09,7.37,6.34,7.9,2.47,AAA,2.87,8,6,7,9,30,Good,25,https://www.valueresearchonline.com/funds/16135/
PGIM India Corporate Bond Dir,debt,Corporate Bond,Direct,INF223J01OO2,138330,4.91,7.3,6.41,Debt: Corporate Bond,5.09,7.37,6.34,7.36,2.38,AAA,2.72,7,5,6,9,27,Average,22,https://www.valueresearchonline.com/funds/15644/
SBI Corporate Bond Dir,debt,Corporate Bond,Direct,INF200KA1YR4,146215,4.85,7.34,6.31,Debt: Corporate Bond,5.09,7.37,6.34,7.98,2.39,AAA,4.09,8,6,6,9,29,Good,25,https://www.valueresearchonline.com/funds/38937/
Sundaram Corporate Bond Dir,debt,Corporate Bond,Direct,INF903J01NR4,119621,4.75,7.12,6.1,Debt: Corporate Bond,5.09,7.37,6.34,7.56,2.21,AAA,2.82,7,6,7,9,29,Good,25,https://www.valueresearchonline.com/funds/17244/
TRUSTMF Corporate Bond Dir,debt,Corporate Bond,Direct,INF0GCD01560,151320,4.72,6.93,,Debt: Corporate Bond,5.09,7.37,,7.48,1.78,AAA,1.92,7,7,7,9,30,Good,17,https://www.valueresearchonline.com/funds/43066/
Tata Corporate Bond Dir,debt,Corporate Bond,Direct,INF277KA1224,149361,4.95,7.4,,Debt: Corporate Bond,5.09,7.37,,7.98,3.03,AAA,4.38,8,5,6,9,28,Good,25,https://www.valueresearchonline.com/funds/41870/
Tata Corporate Bond Seg Port1 Dir,debt,Corporate Bond,Direct,,147389,,,,,,,,,,AA,,,,,,,N/A,1,https://www.valueresearchonline.com/funds/40080/
UTI Corporate Bond Dir,debt,Corporate Bond,Direct,INF789F1A538,144339,5.1,7.39,6.37,Debt: Corporate Bond,5.09,7.37,6.34,7.76,2.51,AAA,3.53,7,6,6,9,28,Good,25,https://www.valueresearchonline.com/funds/37143/
Union Corporate Bond Dir,debt,Corporate Bond,Direct,INF582M01DU5,143241,4.41,7.12,5.91,Debt: Corporate Bond,5.09,7.37,6.34,7.6,3.49,AAA,4.93,8,5,6,9,28,Good,25,https://www.valueresearchonline.com/funds/36080/
ABSL Credit Risk Dir,debt,Credit Risk,Direct,INF209KA1K88,134387,12.79,12.9,10.78,Debt: Credit Risk,8.54,9.69,10.11,8.4,1.99,AA,2.5,9,7,7,7,30,Good,25,https://www.valueresearchonline.com/funds/29947/
ABSL Credit Risk Seg Port1 Dir,debt,Credit Risk,Direct,INF209KA1K96,134385,,,,,,,,,,Cash,,,,,,,N/A,0,https://www.valueresearchonline.com/funds/40442/
Axis Credit Risk Dir,debt,Credit Risk,Direct,INF846K01PJ5,130314,8.24,8.68,7.64,Debt: Credit Risk,8.54,9.69,10.11,8.91,2.29,AA,2.6,10,6,7,7,30,Good,25,https://www.valueresearchonline.com/funds/27229/
Bandhan Credit Risk Dir,debt,Credit Risk,Direct,INF194KA1X61,140603,5.49,7.24,6.4,Debt: Credit Risk,8.54,9.69,10.11,7.96,1.99,AAA,2.5,8,6,7,9,30,Good,17,https://www.valueresearchonline.com/funds/33491/
Bank of India Credit Risk Dir,debt,Credit Risk,Direct,INF761K01DG8,133868,17.38,9.98,27.78,Debt: Credit Risk,8.54,9.69,10.11,7.31,0.64,AAA,0.7,1,9,9,9,28,Good,11,https://www.valueresearchonline.com/funds/29480/
Baroda BNP Paribas Credit Risk Dir,debt,Credit Risk,Direct,INF955L01FR6,133488,6.97,8.37,9.27,Debt: Credit Risk,8.54,9.69,10.11,8.2,1.58,AAA,1.93,8,8,8,9,33,Good,25,https://www.valueresearchonline.com/funds/29239/
Baroda BNP Paribas Credit Risk Seg Port1 Dir,debt,Credit Risk,Direct,INF955L01IT6,148333,,,,,,,,,,,,,,,,,N/A,0,https://www.valueresearchonline.com/funds/40938/
DSP Credit Risk Dir,debt,Credit Risk,Direct,INF740K01OS4,119082,10,16.58,13.03,Debt: Credit Risk,8.54,9.69,10.11,7.75,2.4,AA,2.98,8,6,7,7,28,Good,22,https://www.valueresearchonline.com/funds/16396/
Franklin Ind Credit Risk Seg Port 2 Dir,debt,Credit Risk,Direct,,118553,,,,,,,,,,B,,,,,,,N/A,1,https://www.valueresearchonline.com/funds/40584/
Franklin Ind Credit Risk Seg Port 3 Dir,debt,Credit Risk,Direct,,118552,,,,,,,,,,,,,,,,,N/A,0,https://www.valueresearchonline.com/funds/40824/
HDFC Credit Risk Debt Dir,debt,Credit Risk,Direct,INF179KA1FZ3,128051,7.08,8.09,7.18,Debt: Credit Risk,8.54,9.69,10.11,8.8,2.35,AA,3.48,10,6,6,7,29,Good,25,https://www.valueresearchonline.com/funds/25076/
HSBC Credit Risk Dir,debt,Credit Risk,Direct,INF917K01UH8,151045,6.15,11.77,9.42,Debt: Credit Risk,8.54,9.69,10.11,8.31,1.68,AAA,2.07,8,7,7,9,31,Good,25,https://www.valueresearchonline.com/funds/16253/
ICICI Pru Credit Risk Dir,debt,Credit Risk,Direct,INF109K01V00,120711,8.15,8.97,7.94,Debt: Credit Risk,8.54,9.69,10.11,8.93,2.15,AA,3.11,9,6,6,7,28,Good,25,https://www.valueresearchonline.com/funds/17159/
Invesco India Credit Risk Dir,debt,Credit Risk,Direct,INF205K01I83,130722,7.67,9.58,8.38,Debt: Credit Risk,8.54,9.69,10.11,7.96,2.75,AAA,3.61,7,7,7,9,30,Good,16,https://www.valueresearchonline.com/funds/27553/
Kotak Credit Risk Dir,debt,Credit Risk,Direct,INF174K01LZ7,119741,7.53,8.45,6.7,Debt: Credit Risk,8.54,9.69,10.11,8.95,2.05,AA,2.93,10,6,7,7,30,Good,25,https://www.valueresearchonline.com/funds/17139/
Nippon India Credit Risk Dir,debt,Credit Risk,Direct,INF204K01A74,118780,8.19,8.97,9.2,Debt: Credit Risk,8.54,9.69,10.11,9.12,2.11,AA,2.43,10,6,7,7,30,Good,25,https://www.valueresearchonline.com/funds/16168/
Nippon India Credit Risk Seg Port 1 Dir,debt,Credit Risk,Direct,INF204KB17P0,148262,,,,,,,,8.79,2.04,B,2.34,,,,,,N/A,1,https://www.valueresearchonline.com/funds/40697/
Nippon India Credit Risk Seg Port 2 Direct,debt,Credit Risk,Direct,INF204KB14P7,148261,,,,,,,,,,,,,,,,,N/A,0,https://www.valueresearchonline.com/funds/40839/
SBI Credit Risk Dir,debt,Credit Risk,Direct,INF200K01SV4,119798,7.5,8.34,7.63,Debt: Credit Risk,8.54,9.69,10.11,8.7,2.18,AA,2.73,10,6,7,7,30,Good,25,https://www.valueresearchonline.com/funds/17180/
UTI Credit Risk Dir,debt,Credit Risk,Direct,INF789F01YB6,120764,6.45,7.75,10.16,Debt: Credit Risk,8.54,9.69,10.11,8.32,2.14,AAA,2.69,9,6,7,9,31,Good,23,https://www.valueresearchonline.com/funds/15880/
UTI Credit Risk Seg Port 2 Dir,debt,Credit Risk,Direct,INF789F01YB6,120764,,,,,,,,,,Cash,0,,,,,,N/A,0,https://www.valueresearchonline.com/funds/40761/
UTI Credit Risk Seg Port 3 Dir,debt,Credit Risk,Direct,INF789F01YB6,120764,,,,,,,,,,Cash,,,,,,,N/A,1,https://www.valueresearchonline.com/funds/40906/
UTI Credit Risk Seg Port Dir,debt,Credit Risk,Direct,INF789F01YB6,120764,,,,,,,,,,Cash,0,,,,,,N/A,0,https://www.valueresearchonline.com/funds/40290/
360 ONE Dynamic Bond Dir,debt,Dynamic Bond,Direct,INF579M01266,122715,5.35,8.03,7.02,Debt: Dynamic Bond,3.84,7,6.37,7.82,4.52,AAA,6.01,8,4,5,9,26,Average,25,https://www.valueresearchonline.com/funds/19784/
ABSL Dyn Bond Seg Port1 Dir,debt,Dynamic Bond,Direct,,147811,,,,,,,,,,Cash,,,,,,,N/A,0,https://www.valueresearchonline.com/funds/40459/
ABSL Dynamic Bond Dir,debt,Dynamic Bond,Direct,INF209K01N82,119505,4.92,7.7,7.33,Debt: Dynamic Bond,3.84,7,6.37,8.58,4.8,AAA,8.22,10,4,4,9,27,Average,25,https://www.valueresearchonline.com/funds/15734/
Axis Dynamic Bond Dir,debt,Dynamic Bond,Direct,INF846K01DI3,120451,5.17,7.34,6.25,Debt: Dynamic Bond,3.84,7,6.37,7.26,5.22,AAA,10.79,7,3,3,9,22,Average,25,https://www.valueresearchonline.com/funds/15740/
Bandhan Dynamic Bond Dir,debt,Dynamic Bond,Direct,INF194K01N63,118416,6.14,7.44,6.22,Debt: Dynamic Bond,3.84,7,6.37,7.71,8.33,AAA,21.29,7,2,3,9,21,Average,15,https://www.valueresearchonline.com/funds/16479/
Baroda BNP Paribas Dynamic Bond Dir,debt,Dynamic Bond,Direct,INF251K01GW0,150180,2,6.31,6.04,Debt: Dynamic Bond,3.84,7,6.37,7.47,3.75,AAA,5.62,6,5,5,9,25,Average,18,https://www.valueresearchonline.com/funds/16213/
Canara Robeco Dynamic Bond Dir,debt,Dynamic Bond,Direct,INF760K01EC7,118284,2.11,5.87,5.43,Debt: Dynamic Bond,3.84,7,6.37,6.97,2.76,AAA,4.54,5,6,6,9,26,Average,9,https://www.valueresearchonline.com/funds/16577/
DSP Strategic Bond Dir,debt,Dynamic Bond,Direct,INF740K01QG4,119239,2.27,6.56,6.01,Debt: Dynamic Bond,3.84,7,6.37,7.57,8.17,AAA,18.9,8,2,2,9,21,Average,15,https://www.valueresearchonline.com/funds/16443/
Franklin Ind Dyn Accrual Seg Port 2 Dir,debt,Dynamic Bond,Direct,,118496,,,,,,,,4.17,0.01,B,0.01,,,,,,N/A,1,https://www.valueresearchonline.com/funds/40600/
Franklin Ind Dyn Accrual Seg Port 3 Dir,debt,Dynamic Bond,Direct,,118495,,,,,,,,,,,,,,,,,N/A,0,https://www.valueresearchonline.com/funds/40828/
Groww Dynamic Term Dir,debt,Dynamic Bond,Direct,INF666M01EK5,145589,2.46,5.66,5.18,Debt: Dynamic Bond,3.84,7,6.37,7.24,4.35,AAA,8.42,5,6,6,9,26,Average,11,https://www.valueresearchonline.com/funds/38300/
HDFC Dynamic Debt Dir,debt,Dynamic Bond,Direct,INF179K01WB4,119075,3.38,6.8,7.01,Debt: Dynamic Bond,3.84,7,6.37,7.53,7.69,AAA,19.74,8,2,2,9,21,Average,25,https://www.valueresearchonline.com/funds/16061/
HSBC Dynamic Bond Dir,debt,Dynamic Bond,Direct,INF917K01HA0,151087,3.27,6.86,5.82,Debt: Dynamic Bond,3.84,7,6.37,7.4,3.98,AAA,7.15,7,4,4,9,24,Average,18,https://www.valueresearchonline.com/funds/16218/
ICICI Pru All Seasons Bond Dir,debt,Dynamic Bond,Direct,INF109K016E5,120603,5.24,7.82,7.14,Debt: Dynamic Bond,3.84,7,6.37,8.22,6.21,AAA,13.66,9,3,3,9,24,Average,25,https://www.valueresearchonline.com/funds/17120/
ICICI Pru Retirement Pure Debt Dir,debt,Dynamic Bond,Direct,INF109KC1UE0,146727,4.26,6.92,6.09,Debt: Dynamic Bond,3.84,7,6.37,7.77,4.25,AAA,10,8,4,4,9,25,Average,18,https://www.valueresearchonline.com/funds/39073/
ITI Dynamic Bond Dir,debt,Dynamic Bond,Direct,INF00XX01BC4,149029,2.22,6.66,,Debt: Dynamic Bond,3.84,7,,5.45,0.04,GOI/Cash,0.04,2,6,6,10,24,Average,3,https://www.valueresearchonline.com/funds/41563/
JM Dynamic Bond Dir,debt,Dynamic Bond,Direct,INF192K01DD3,120435,3.24,6.73,6.11,Debt: Dynamic Bond,3.84,7,6.37,7.17,2.23,AAA,2.63,5,6,7,9,27,Average,15,https://www.valueresearchonline.com/funds/17148/
Kotak Dynamic Bond Dir,debt,Dynamic Bond,Direct,INF174K01JU2,119755,4.89,7.69,6.63,Debt: Dynamic Bond,3.84,7,6.37,7.82,5.41,AAA,12.45,8,3,3,9,23,Average,25,https://www.valueresearchonline.com/funds/16342/
Mahindra Manulife Dynamic Bond Dir,debt,Dynamic Bond,Direct,INF174V01580,144403,4.8,7.46,6.02,Debt: Dynamic Bond,3.84,7,6.37,7.67,5.83,AAA,13.5,8,3,3,9,23,Average,14,https://www.valueresearchonline.com/funds/37127/
Mirae Asset Dynamic Bond Dir,debt,Dynamic Bond,Direct,INF769K01DR8,140769,5.7,7.26,5.94,Debt: Dynamic Bond,3.84,7,6.37,7,0.7,AAA,0.72,6,9,9,9,33,Good,14,https://www.valueresearchonline.com/funds/33706/
Nippon India Dynamic Bond Dir,debt,Dynamic Bond,Direct,INF204K01A25,118747,4.47,7.45,6.34,Debt: Dynamic Bond,3.84,7,6.37,7.49,3.56,AAA,4.1,7,5,6,9,27,Average,25,https://www.valueresearchonline.com/funds/16060/
PGIM India Dynamic Bond Dir,debt,Dynamic Bond,Direct,INF663L01AD7,120084,3.38,7.27,6.35,Debt: Dynamic Bond,3.84,7,6.37,6.92,4.02,AAA,5.48,6,4,4,9,23,Average,19,https://www.valueresearchonline.com/funds/16632/
Quantum Dynamic Bond Dir,debt,Dynamic Bond,Direct,INF082J01176,134494,3.46,7.22,6.46,Debt: Dynamic Bond,3.84,7,6.37,6.91,3.89,AAA,5.94,5,5,5,9,24,Average,15,https://www.valueresearchonline.com/funds/30145/
SBI Dynamic Bond Dir,debt,Dynamic Bond,Direct,INF200K01RD4,119671,4.7,7.34,6.77,Debt: Dynamic Bond,3.84,7,6.37,7.82,3.78,AAA,5.4,7,6,6,9,28,Good,24,https://www.valueresearchonline.com/funds/16199/
UTI Dyn Bond Seg Port Dir,debt,Dynamic Bond,Direct,INF789F01XD4,120762,,,,,,,,,,B,0.07,,,,,,N/A,1,https://www.valueresearchonline.com/funds/40750/
UTI Dynamic Bond Dir,debt,Dynamic Bond,Direct,INF789F01XD4,120762,4.35,7.42,9.53,Debt: Dynamic Bond,3.84,7,6.37,7.46,2.34,AAA,4.29,6,6,6,9,27,Average,20,https://www.valueresearchonline.com/funds/15885/
Union Dynamic Bond Dir,debt,Dynamic Bond,Direct,INF582M01799,119311,0.57,5.3,4.52,Debt: Dynamic Bond,3.84,7,6.37,7.53,9.69,AAA,25.31,8,2,1,9,20,Average,7,https://www.valueresearchonline.com/funds/16408/
ABSL Floating Rate Dir,debt,Floater,Direct,INF209K01UX7,122646,6.1,7.56,6.7,Debt: Floater,6.04,7.85,6.77,7.66,0.94,AAA,1.6,8,9,8,9,34,Good,25,https://www.valueresearchonline.com/funds/15819/
Axis Floater Dir,debt,Floater,Direct,INF846K014A6,149049,5.82,8.17,,Debt: Floater,6.04,7.85,,7.96,5.26,AAA,12.69,7,4,4,9,24,Average,23,https://www.valueresearchonline.com/funds/41588/
Bandhan Floater Dir,debt,Floater,Direct,INF194KB1BA5,148711,6.23,7.83,6.67,Debt: Floater,6.04,7.85,6.77,7.96,2.38,AAA,3.19,8,6,6,9,29,Good,16,https://www.valueresearchonline.com/funds/41304/
DSP Floater Dir,debt,Floater,Direct,INF740KA1PV1,148771,5.61,8.05,6.71,Debt: Floater,6.04,7.85,6.77,6.58,2.66,AAA,4.62,4,6,6,9,25,Average,14,https://www.valueresearchonline.com/funds/41356/
Franklin India Floating Rate Dir,debt,Floater,Direct,INF090I01LK1,118508,6.06,8.27,7.11,Debt: Floater,6.04,7.85,6.77,7.9,1.13,AAA,2.98,8,8,6,9,31,Good,15,https://www.valueresearchonline.com/funds/16757/
HDFC Floating Rate Debt Dir,debt,Floater,Direct,INF179K01VQ4,118961,6.16,7.89,6.89,Debt: Floater,6.04,7.85,6.77,7.64,1.85,AAA,3.7,8,7,6,9,30,Good,25,https://www.valueresearchonline.com/funds/16037/
ICICI Pru Floating Interest Dir,debt,Floater,Direct,INF109K01P57,120425,6.79,8.26,7.21,Debt: Floater,6.04,7.85,6.77,7.87,1.98,AAA,2.9,8,7,7,9,31,Good,25,https://www.valueresearchonline.com/funds/15968/
Kotak Floating Rate Dir,debt,Floater,Direct,INF174KA1EC0,147269,6.15,7.97,6.8,Debt: Floater,6.04,7.85,6.77,8.09,1.93,AAA,2.27,9,7,7,9,32,Good,25,https://www.valueresearchonline.com/funds/39904/
Nippon India Floater Dir,debt,Floater,Direct,INF204K01E05,118656,5.65,7.68,6.62,Debt: Floater,6.04,7.85,6.77,7.9,2.29,AAA,2.67,8,6,7,9,30,Good,25,https://www.valueresearchonline.com/funds/16076/
SBI Floating Rate Debt Dir,debt,Floater,Direct,INF200KA1R64,148550,6.02,7.75,6.69,Debt: Floater,6.04,7.85,6.77,7.35,2.48,AAA,6.8,6,6,4,9,25,Average,14,https://www.valueresearchonline.com/funds/41154/
Tata Floating Rate Dir,debt,Floater,Direct,INF277KA1026,149007,5.92,7.6,,Debt: Floater,6.04,7.85,,7.79,1.17,AAA,1.73,8,8,8,9,33,Good,16,https://www.valueresearchonline.com/funds/41544/
UTI Floater Dir,debt,Floater,Direct,INF789F1ACX5,145295,5.91,7.17,6.3,Debt: Floater,6.04,7.85,6.77,7.77,0.93,AAA,1.17,4,9,8,9,30,Good,25,https://www.valueresearchonline.com/funds/38032/
ABSL CRISIL Broad Based Gilt ETF,debt,Gilt,Direct,INF209KC1134,152732,3.16,,,Debt: Gilt,2.21,,,7.07,6.35,GOI/Cash,14.15,6,3,3,10,22,Average,5,https://www.valueresearchonline.com/funds/44415/
ABSL Government Securities Dir,debt,Gilt,Direct,INF209K01XP7,119605,1.26,5.84,5.43,Debt: Gilt,2.48,6.43,5.85,7.73,11.25,GOI/Cash,,8,1,1,10,20,Average,15,https://www.valueresearchonline.com/funds/15896/
Axis Gilt Dir,debt,Gilt,Direct,INF846K01DD4,120447,3.55,7.25,6.24,Debt: Gilt,2.48,6.43,5.85,7.35,8.72,GOI/Cash,19.2,7,2,2,10,21,Average,21,https://www.valueresearchonline.com/funds/15681/
Bajaj Finserv Gilt Dir,debt,Gilt,Direct,INF0QA701AP9,153206,2.13,,,Debt: Gilt,2.48,,,7.15,8.67,GOI/Cash,23.78,4,3,3,10,20,Average,4,https://www.valueresearchonline.com/funds/44862/
Bandhan Gilt Dir,debt,Gilt,Direct,INF194K01Q29,118464,6.68,7.8,6.48,Debt: Gilt,2.48,6.43,5.85,7.14,7.32,GOI/Cash,10.48,8,1,1,10,20,Average,2,https://www.valueresearchonline.com/funds/16715/
Baroda BNP Paribas Gilt Dir,debt,Gilt,Direct,INF955L01AD7,119341,1.85,6.56,5.88,Debt: Gilt,2.48,6.43,5.85,7.23,7.53,GOI/Cash,15.62,6,2,2,10,20,Average,15,https://www.valueresearchonline.com/funds/15706/
Canara Robeco Gilt Dir,debt,Gilt,Direct,INF760K01FC4,118299,1.95,6.08,5.51,Debt: Gilt,2.48,6.43,5.85,6.76,3.82,GOI/Cash,6.32,5,5,5,10,25,Average,7,https://www.valueresearchonline.com/funds/15745/
DSP Gilt Dir,debt,Gilt,Direct,INF740K01NF3,119099,2.66,6.75,6.13,Debt: Gilt,2.48,6.43,5.85,7.8,11.44,GOI/Cash,27.34,8,1,1,10,20,Average,7,https://www.valueresearchonline.com/funds/16391/
Edelweiss Government Securities Dir,debt,Gilt,Direct,INF843K01GS2,140298,1.49,6.21,5.77,Debt: Gilt,2.48,6.43,5.85,7.61,10.23,GOI/Cash,23.21,7,2,1,10,20,Average,8,https://www.valueresearchonline.com/funds/24229/
Franklin India Government Securities Dir,debt,Gilt,Direct,INF090I01HS2,118498,4.09,6.22,5.43,Debt: Gilt,2.48,6.43,5.85,6.78,2.59,GOI/Cash,8.59,6,4,3,10,23,Average,12,https://www.valueresearchonline.com/funds/16888/
Groww Gilt Dir,debt,Gilt,Direct,INF666M01KK2,153477,1.05,,,Debt: Gilt,2.48,,,6.78,7.4,GOI/Cash,20.76,7,1,1,10,19,Average,6,https://www.valueresearchonline.com/funds/45121/
HDFC Gilt Dir,debt,Gilt,Direct,INF179K01VS0,119116,2.67,6.57,5.72,Debt: Gilt,2.48,6.43,5.85,7.52,8.93,GOI/Cash,21.22,8,2,1,10,21,Average,25,https://www.valueresearchonline.com/funds/16046/
HSBC Gilt Dir,debt,Gilt,Direct,INF917K01FI7,151014,1.5,5.97,5.43,Debt: Gilt,2.48,6.43,5.85,7.11,6.74,GOI/Cash,15.55,6,2,2,10,20,Average,9,https://www.valueresearchonline.com/funds/16236/
ICICI Pru Gilt Dir,debt,Gilt,Direct,INF109K018C5,120590,4,7.49,6.85,Debt: Gilt,2.48,6.43,5.85,7.71,9.72,GOI/Cash,21.6,8,2,1,10,21,Average,25,https://www.valueresearchonline.com/funds/15953/
ICICI Pru Nifty 5 yr Benchmark G-SEC ETF,debt,Gilt,Direct,INF109KC14A8,149928,4.8,7.58,,Debt: Gilt,2.21,5.99,,6.92,4.02,GOI/Cash,4.67,5,5,6,10,26,Average,1,https://www.valueresearchonline.com/funds/42160/
Invesco India Gilt Dir,debt,Gilt,Direct,INF205K01SN0,120520,2.22,6.64,5.78,Debt: Gilt,2.48,6.43,5.85,7.58,10.84,GOI/Cash,27.46,8,1,1,10,20,Average,3,https://www.valueresearchonline.com/funds/16750/
JioBlackRock Nifty 8-13 yr G-Sec Index Dir,debt,Gilt,Direct,INF22M001069,153791,,,,Debt: Gilt,,,,6.97,7,GOI/Cash,9.3,6,3,4,10,23,Average,3,https://www.valueresearchonline.com/funds/45426/
Kotak Gilt Investment Dir,debt,Gilt,Direct,INF174K01KE4,119759,1.55,5.94,5.75,Debt: Gilt,2.48,6.43,5.85,7.37,6.97,GOI/Cash,13.11,7,3,3,10,23,Average,25,https://www.valueresearchonline.com/funds/16354/
Kotak Gilt Investment PF & Trust Dir,debt,Gilt,Direct,INF174K01KM7,119757,1.55,5.94,5.76,Debt: Gilt,2.48,6.43,5.85,7.37,6.97,GOI/Cash,13.11,7,3,3,10,23,Average,25,https://www.valueresearchonline.com/funds/17766/
LIC MF Gilt Dir,debt,Gilt,Direct,INF767K01EZ3,120282,1.08,5.45,4.92,Debt: Gilt,2.48,6.43,5.85,7.42,10.23,GOI/Cash,25.16,8,1,1,10,20,Average,6,https://www.valueresearchonline.com/funds/16777/
LIC MF Nifty 8-13 yr G-Sec ETF,debt,Gilt,Direct,INF767K01MV5,133307,2.5,6.92,5.58,Debt: Gilt,2.21,5.99,5.19,7.08,7.02,GOI/Cash,9.1,6,3,4,10,23,Average,3,https://www.valueresearchonline.com/funds/29111/
Mirae Asset Nifty 8-13 yr G-Sec ETF,debt,Gilt,Direct,INF769K01QM1,154216,2.93,7.08,,Debt: Gilt,2.21,5.99,,7.03,6.83,GOI/Cash,8.68,6,3,4,10,23,Average,3,https://www.valueresearchonline.com/funds/43473/
Motilal Oswal 5 Year G-Sec FoF Dir,debt,Gilt,Direct,INF247L01AQ1,149240,4.7,7.18,,Debt: Gilt,2.48,6.43,,,,GOI/Cash,,,,,,,N/A,1,https://www.valueresearchonline.com/funds/41759/
Motilal Oswal Nifty 5Y Benchmark G-Sec ETF,debt,Gilt,Direct,INF247L01AK4,148620,4.63,7.32,5.99,Debt: Gilt,2.21,5.99,5.19,6.76,4.23,GOI/Cash,4.81,5,4,6,10,25,Average,1,https://www.valueresearchonline.com/funds/41212/
Nippon India ETF Nifty 5Y Benchmark G-Sec,debt,Gilt,Direct,INF204KC1030,148800,4.95,7.65,6.26,Debt: Gilt,2.21,5.99,5.19,6.92,4.01,GOI/Cash,4.65,5,4,6,10,25,Average,3,https://www.valueresearchonline.com/funds/41391/
Nippon India ETF Nifty 8-13 yr G-Sec LT Gilt,debt,Gilt,Direct,INF204KB1882,139496,2.53,6.96,5.55,Debt: Gilt,2.21,5.99,5.19,7.08,6.93,GOI/Cash,9.19,6,3,4,10,23,Average,4,https://www.valueresearchonline.com/funds/32557/
Nippon India Gilt Dir,debt,Gilt,Direct,INF204K01XP8,118672,2.49,6.34,5.81,Debt: Gilt,2.48,6.43,5.85,7.45,8.99,GOI/Cash,21.29,7,2,1,10,20,Average,25,https://www.valueresearchonline.com/funds/16078/
PGIM India Gilt Dir,debt,Gilt,Direct,INF223J01ND7,138472,1.55,6.43,5.78,Debt: Gilt,2.48,6.43,5.85,7,7.42,GOI/Cash,15.42,6,2,2,10,20,Average,17,https://www.valueresearchonline.com/funds/15595/
Quant Gilt Dir,debt,Gilt,Direct,INF966L01BF7,151228,2.66,6.08,,Debt: Gilt,2.48,6.43,,7.13,6.1,GOI/Cash,10.81,5,3,3,10,21,Average,13,https://www.valueresearchonline.com/funds/42968/
SBI Gilt Dir,debt,Gilt,Direct,INF200K01SH3,119707,2.99,6.62,6.37,Debt: Gilt,2.48,6.43,5.85,6.89,6.13,GOI/Cash,10.14,2,6,5,10,23,Average,18,https://www.valueresearchonline.com/funds/17166/
Tata GSF Dir,debt,Gilt,Direct,,128301,1.84,6.47,6.03,Debt: Gilt,2.48,6.43,5.85,7.69,10.84,GOI/Cash,27.29,8,1,1,10,20,Average,10,https://www.valueresearchonline.com/funds/17531/
UTI Gilt Dir,debt,Gilt,Direct,INF789F01TL5,120792,4.29,6.88,5.95,Debt: Gilt,2.48,6.43,5.85,6.4,3.32,GOI/Cash,7.97,2,5,4,10,21,Average,10,https://www.valueresearchonline.com/funds/17050/
UTI Nifty 5 yr Benchmark G-Sec ETF,debt,Gilt,Direct,INF789F1AZE6,152368,4.8,,,Debt: Gilt,2.21,,,,,GOI/Cash,,,,,,,N/A,1,https://www.valueresearchonline.com/funds/44081/
Union Gilt Dir,debt,Gilt,Direct,INF582M01HW2,150407,0.23,5.26,,Debt: Gilt,2.48,6.43,,7.62,11.71,GOI/Cash,32.16,8,1,1,10,20,Average,2,https://www.valueresearchonline.com/funds/42326/
Zerodha Nifty 8-13 Yr G-Sec ETF,debt,Gilt,Direct,INF0R8F01133,153811,,,,Debt: Gilt,,,,,,GOI/Cash,,,,,,,N/A,3,https://www.valueresearchonline.com/funds/45448/
ABSL CRISIL 10 Year Gilt ETF,debt,Gilt with 10 year,Direct,INF209KC1142,152802,1.95,,,Debt: Gilt with 10 year Constant Duration,2.29,,,7.07,6.81,GOI/Cash,9.05,6,3,4,10,23,Average,1,https://www.valueresearchonline.com/funds/44486/
Bandhan Gilt Fund with 10 year Constant Duration Dir,debt,Gilt with 10 year,Direct,INF194K01P38,118387,4.27,7.61,6.07,Debt: Gilt with 10 year Constant Duration,3.1,7.06,5.76,7.6,11.38,GOI/Cash,,6,2,3,10,21,Average,5,https://www.valueresearchonline.com/funds/16728/
DSP 10Y G-Sec Dir,debt,Gilt with 10 year,Direct,INF740K019I5,131301,1.61,6.4,4.79,Debt: Gilt with 10 year Constant Duration,3.1,7.06,5.76,7.1,6.98,GOI/Cash,9.26,6,3,4,10,23,Average,1,https://www.valueresearchonline.com/funds/28175/
ICICI Pru Constant Maturity Gilt Dir,debt,Gilt with 10 year,Direct,INF109KA1O37,131061,3.55,7.29,6.13,Debt: Gilt with 10 year Constant Duration,3.1,7.06,5.76,7.18,7.14,GOI/Cash,10.1,6,2,3,10,21,Average,8,https://www.valueresearchonline.com/funds/27957/
ICICI Pru Nifty 10 yr Benchmark G-Sec ETF,debt,Gilt with 10 year,Direct,INF109KC18O0,151196,1.59,6.52,,Debt: Gilt with 10 year Constant Duration,2.29,6.7,,7.09,7.26,GOI/Cash,9.89,6,2,4,10,22,Average,1,https://www.valueresearchonline.com/funds/42946/
SBI Constant Maturity 10-Year Gilt Dir,debt,Gilt with 10 year,Direct,INF200K01SK7,120137,3.08,6.99,6.05,Debt: Gilt with 10 year Constant Duration,3.1,7.06,5.76,7.23,7.03,GOI/Cash,9.53,7,2,4,10,23,Average,4,https://www.valueresearchonline.com/funds/17173/
SBI Nifty 10Y Benchmark G-Sec ETF,debt,Gilt with 10 year,Direct,INF200KA1JT1,139430,1.6,6.57,4.93,Debt: Gilt with 10 year Constant Duration,2.29,6.7,5.41,,,GOI/Cash,,,,,,,N/A,1,https://www.valueresearchonline.com/funds/32486/
UTI Gilt Fund with 10 year Constant Duration Dir,debt,Gilt with 10 year,Direct,INF789F1AVR7,150410,2.99,6.99,,Debt: Gilt with 10 year Constant Duration,3.1,7.06,,7.1,6.88,GOI/Cash,9.45,6,2,4,10,22,Average,6,https://www.valueresearchonline.com/funds/42374/
UTI Nifty 10 yr Benchmark G-Sec ETF,debt,Gilt with 10 year,Direct,INF789F1AZF3,152369,1.37,,,Debt: Gilt with 10 year Constant Duration,2.29,,,,,GOI/Cash,,,,,,,N/A,1,https://www.valueresearchonline.com/funds/44082/
360 ONE Liquid Dir,debt,Liquid,Direct,INF579M01621,125345,6.12,6.79,6.01,Debt: Liquid,6.22,6.92,6.14,6.58,0.12,AAA,0.12,4,10,10,9,33,Good,24,https://www.valueresearchonline.com/funds/22358/
ABSL Liquid Dir,debt,Liquid,Direct,INF209K01VA3,119568,6.39,7.04,6.25,Debt: Liquid,6.22,6.92,6.14,7.01,0.13,AAA,0.14,6,10,10,9,35,Good,25,https://www.valueresearchonline.com/funds/15800/
Abakkus Liquid Dir,debt,Liquid,Direct,INF2JJD01029,154051,,,,Debt: Liquid,,,,6.4,0.1,AAA,0.1,1,10,10,9,30,Good,25,https://www.valueresearchonline.com/funds/45690/
Angel One Nifty 1D Rate Liquid ETF-Growth,debt,Liquid,Direct,INF1J2R01056,153451,5.07,,,Debt: Liquid,5.8,,,5.45,0,Cash,0,,,,,,N/A,0,https://www.valueresearchonline.com/funds/45082/
Axis Liquid Dir,debt,Liquid,Direct,INF846K01CX4,120389,6.4,7.03,6.24,Debt: Liquid,6.22,6.92,6.14,6.64,0.1,AAA,0.1,,,,,,N/A,25,https://www.valueresearchonline.com/funds/15748/
Bajaj Finserv Liquid Dir,debt,Liquid,Direct,INF0QA701011,151833,6.31,,,Debt: Liquid,6.22,,,6.48,0.09,AAA,0.09,2,10,10,9,31,Good,25,https://www.valueresearchonline.com/funds/43593/
Bajaj Finserv Nifty 1D Rate Liquid ETF-Growth,debt,Liquid,Direct,INF0QA701854,152638,4.93,,,Debt: Liquid,5.8,,,5.39,0.01,CASH,0.01,,,,,,N/A,1,https://www.valueresearchonline.com/funds/44331/
Bandhan Liquid Dir,debt,Liquid,Direct,INF194K01I60,118364,6.32,6.98,6.18,Debt: Liquid,6.22,6.92,6.14,6.43,0.11,AAA,0.11,3,10,10,9,32,Good,25,https://www.valueresearchonline.com/funds/16472/
Bank of India Liquid Dir,debt,Liquid,Direct,INF761K01785,119369,6.32,7,6.22,Debt: Liquid,6.22,6.92,6.14,6.43,0.11,AAA,0.11,2,10,10,9,31,Good,25,https://www.valueresearchonline.com/funds/16274/
Baroda BNP Paribas Liquid Dir,debt,Liquid,Direct,INF955L01AL0,119415,6.28,6.96,6.2,Debt: Liquid,6.22,6.92,6.14,6.59,0.1,AAA,0.1,2,10,10,9,31,Good,25,https://www.valueresearchonline.com/funds/15774/
Canara Robeco Liquid Dir,debt,Liquid,Direct,INF760K01FU6,118305,6.31,6.99,6.19,Debt: Liquid,6.22,6.92,6.14,6.33,0.07,AAA,0.07,3,10,10,9,32,Good,25,https://www.valueresearchonline.com/funds/16615/
Capitalmind Liquid Dir,debt,Liquid,Direct,INF226401034,154011,,,,Debt: Liquid,,,,6.54,0.07,AAA,0.07,2,10,10,9,31,Good,15,https://www.valueresearchonline.com/funds/45638/
DSP BSE Liquid Rate ETF,debt,Liquid,Direct,INF740KA1UM0,152555,5.01,,,Debt: Liquid,5.8,,,,,Cash,,,,,,,N/A,0,https://www.valueresearchonline.com/funds/44244/
DSP Liquidity Dir,debt,Liquid,Direct,INF740K01QL4,119125,6.37,7.01,6.21,Debt: Liquid,6.22,6.92,6.14,6.31,0.12,AAA,0.12,3,10,10,9,32,Good,25,https://www.valueresearchonline.com/funds/16111/
DSP NIFTY 1D Rate Liquid ETF,debt,Liquid,Direct,INF740KA1EU7,142589,4.7,5.75,5.11,Debt: Liquid,5.8,6.7,5.95,,,Cash,,,,,,,N/A,0,https://www.valueresearchonline.com/funds/35400/
Edelweiss Liquid Dir,debt,Liquid,Direct,INF754K01GM4,140196,6.36,7.04,6.23,Debt: Liquid,6.22,6.92,6.14,6.51,0.11,AAA,0.1,2,10,10,9,31,Good,25,https://www.valueresearchonline.com/funds/16576/
Edelweiss Nifty 1D Rate Liquid ETF-Growth,debt,Liquid,Direct,INF754K01VW2,153920,,,,Debt: Liquid,,,,5.31,0,Cash,0,1,10,10,10,31,Good,0,https://www.valueresearchonline.com/funds/45545/
Franklin India Liquid Super Inst Plan Dir,debt,Liquid,Direct,INF090I01JV2,118577,6.35,7.01,6.2,Debt: Liquid,6.22,6.92,6.14,6.81,0.11,AAA,0.11,2,10,10,9,31,Good,25,https://www.valueresearchonline.com/funds/16848/
Groww Liquid Dir,debt,Liquid,Direct,INF666M01451,119135,6.33,7.01,6.08,Debt: Liquid,6.22,6.92,6.14,6.41,0.07,AAA,0.07,2,10,10,9,31,Good,15,https://www.valueresearchonline.com/funds/15583/
Groww Nifty 1D Rate Liquid ETF,debt,Liquid,Direct,INF666M01IP5,152891,4.82,,,Debt: Liquid,5.8,,,5.35,0,Cash,0,1,10,10,10,31,Good,0,https://www.valueresearchonline.com/funds/44564/
HDFC Liquid Dir,debt,Liquid,Direct,INF179KB1HP9,119091,6.31,6.96,6.17,Debt: Liquid,6.22,6.92,6.14,6.61,0.09,AAA,0.1,4,10,10,9,33,Good,25,https://www.valueresearchonline.com/funds/16167/
HDFC NIFTY 1D RATE LIQUID ETF-Growth,debt,Liquid,Direct,INF179KC1HE2,152049,4.89,,,Debt: Liquid,5.8,,,5.35,0,Cash,0,1,10,10,10,31,Good,0,https://www.valueresearchonline.com/funds/43738/
HSBC Liquid Dir,debt,Liquid,Direct,INF336L01CC8,120038,6.3,6.99,6.2,Debt: Liquid,6.22,6.92,6.14,6.55,0.09,AAA,0.09,3,10,10,9,32,Good,25,https://www.valueresearchonline.com/funds/16285/
ICICI Pru BSE Liquid Rate ETF-Growth,debt,Liquid,Direct,INF109K1A021,153378,5.08,,,Debt: Liquid,5.8,,,5.34,,Cash,0,1,10,10,10,31,Good,0,https://www.valueresearchonline.com/funds/45036/
ICICI Pru BSE Liquid Rate ETF-IDCW,debt,Liquid,Direct,INF109K1A021,153378,5.05,5.91,5.34,Debt: Liquid,5.8,6.7,5.95,5.34,,Cash,0,1,10,10,10,31,Good,0,https://www.valueresearchonline.com/funds/37659/
ICICI Pru Liquid Dir,debt,Liquid,Direct,INF109K01Q49,120197,6.29,6.97,6.17,Debt: Liquid,6.22,6.92,6.14,6.46,0.1,AAA,0.1,2,10,10,9,31,Good,25,https://www.valueresearchonline.com/funds/15961/
ITI Liquid Dir,debt,Liquid,Direct,INF00XX01283,147157,6.14,6.75,5.97,Debt: Liquid,6.22,6.92,6.14,5.78,0.02,AAA,0.02,1,10,10,9,30,Good,7,https://www.valueresearchonline.com/funds/39839/
Invesco India Liquid Dir,debt,Liquid,Direct,INF205K01MF9,120537,6.31,6.98,6.18,Debt: Liquid,6.22,6.92,6.14,6.56,0.08,AAA,0.08,2,10,10,9,31,Good,25,https://www.valueresearchonline.com/funds/16780/
JM Liquid Dir,debt,Liquid,Direct,INF192K01CM6,120406,6.21,6.91,6.15,Debt: Liquid,6.22,6.92,6.14,6.43,0.07,AAA,0.07,3,10,10,9,32,Good,25,https://www.valueresearchonline.com/funds/16741/
JioBlackRock Liquid Dir,debt,Liquid,Direct,INF22M001010,153651,,,,Debt: Liquid,,,,6.44,0.11,AAA,0.11,3,10,10,9,32,Good,25,https://www.valueresearchonline.com/funds/45288/
Kotak Liquid Dir,debt,Liquid,Direct,INF174K01NE8,119766,6.32,6.98,6.18,Debt: Liquid,6.22,6.92,6.14,6.69,0.1,AAA,0.1,4,10,10,9,33,Good,25,https://www.valueresearchonline.com/funds/16365/
Kotak Nifty 1D Rate Liquid ETF,debt,Liquid,Direct,INF174KA1LV5,151358,5.12,5.99,,Debt: Liquid,5.8,6.7,,5.25,0,Cash,0,1,10,10,10,31,Good,0,https://www.valueresearchonline.com/funds/43078/
LIC MF Liquid Dir,debt,Liquid,Direct,INF767K01DN1,120249,6.31,6.96,6.17,Debt: Liquid,6.22,6.92,6.14,6.65,0.11,AAA,0.11,2,10,10,9,31,Good,25,https://www.valueresearchonline.com/funds/16822/
Mahindra Manulife Liquid Dir,debt,Liquid,Direct,INF174V01044,139538,6.33,7.01,6.23,Debt: Liquid,6.22,6.92,6.14,6.85,0.13,AAA,0.13,5,10,10,9,34,Good,25,https://www.valueresearchonline.com/funds/32624/
Mirae Asset Liquid Dir,debt,Liquid,Direct,INF769K01CM1,118859,6.26,6.98,6.2,Debt: Liquid,6.22,6.92,6.14,6.76,0.12,AAA,0.12,5,10,10,9,34,Good,25,https://www.valueresearchonline.com/funds/16554/
Mirae Asset Nifty 1D Rate Liquid ETF-Growth,debt,Liquid,Direct,INF769K01KS1,151908,5.11,,,Debt: Liquid,5.8,,,,,Cash,,,,,,,N/A,0,https://www.valueresearchonline.com/funds/44705/
Mirae Asset Nifty 1D Rate Liquid ETF-IDCW,debt,Liquid,Direct,INF769K01KS1,151908,4.98,,,Debt: Liquid,5.8,,,,,Cash,,,,,,,N/A,0,https://www.valueresearchonline.com/funds/43679/
Motilal Oswal Liquid Dir,debt,Liquid,Direct,INF247L01734,145834,5.97,6.6,5.82,Debt: Liquid,6.22,6.92,6.14,5.88,0.09,AAA,0.09,1,10,10,9,30,Good,15,https://www.valueresearchonline.com/funds/38515/
Navi Liquid Dir,debt,Liquid,Direct,INF959L01GF1,119164,5.78,6.5,5.95,Debt: Liquid,6.22,6.92,6.14,5.73,0.07,AAA,0.07,1,10,10,9,30,Good,13,https://www.valueresearchonline.com/funds/16473/
Nippon India ETF Nifty 1D Rate Liquid BeES,debt,Liquid,Direct,INF732E01037,140086,4.53,5.32,4.78,Debt: Liquid,5.8,6.7,5.95,5.35,0,Cash,0,1,10,10,10,31,Good,0,https://www.valueresearchonline.com/funds/1787/
Nippon India Liquid Dir,debt,Liquid,Direct,INF204K01ZH0,118701,6.35,7.01,6.21,Debt: Liquid,6.22,6.92,6.14,6.98,0.13,AAA,0.13,5,10,10,9,34,Good,25,https://www.valueresearchonline.com/funds/16100/
Nippon India Nifty 1D Rate Liquid ETF-Growth,debt,Liquid,Direct,INF204KC1FU1,153725,,,,Debt: Liquid,,,,5.35,0,Cash,0,1,10,10,10,31,Good,0,https://www.valueresearchonline.com/funds/45364/
PGIM India Liquid Dir,debt,Liquid,Direct,INF223J01NS5,138299,6.36,7.02,6.22,Debt: Liquid,6.22,6.92,6.14,6.57,0.11,AAA,0.11,2,10,10,9,31,Good,24,https://www.valueresearchonline.com/funds/15605/
Parag Parikh Liquid Dir,debt,Liquid,Direct,INF879O01068,143269,6.24,6.71,5.91,Debt: Liquid,6.22,6.92,6.14,6.41,0.11,AAA,0.11,,,,,,N/A,25,https://www.valueresearchonline.com/funds/36013/
Quant Liquid Dir,debt,Liquid,Direct,INF966L01820,120837,6.03,6.83,6.17,Debt: Liquid,6.22,6.92,6.14,6.74,0.15,AAA,0.15,1,10,10,9,30,Good,15,https://www.valueresearchonline.com/funds/17028/
Quantum Liquid Dir,debt,Liquid,Direct,INF082J01127,103734,5.79,6.59,5.87,Debt: Liquid,6.22,6.92,6.14,5.77,0.12,AAA,0.12,1,10,10,9,30,Good,18,https://www.valueresearchonline.com/funds/3389/
SBI Liquid Dir,debt,Liquid,Direct,INF200K01UT4,119800,6.28,6.94,6.16,Debt: Liquid,6.22,6.92,6.14,6.5,0.08,AAA,0.08,3,10,10,9,32,Good,25,https://www.valueresearchonline.com/funds/16302/
SBI NIFTY 1D Rate Liquid ETF-Growth,debt,Liquid,Direct,INF200KB1969,153796,,,,Debt: Liquid,,,,,,Cash,,,,,,,N/A,0,https://www.valueresearchonline.com/funds/45433/
SBI Nifty 1D Rate Liquid ETF-IDCW,debt,Liquid,Direct,INF200KB1969,153796,4.87,,,Debt: Liquid,5.8,,,,,Cash,,,,,,,N/A,0,https://www.valueresearchonline.com/funds/43870/
Shriram Liquid Dir,debt,Liquid,Direct,INF680P01430,153035,6.15,,,Debt: Liquid,6.22,,,6.57,0.1,AAA,0.1,2,10,10,9,31,Good,14,https://www.valueresearchonline.com/funds/44700/
Shriram Nifty 1D Rate Liquid ETF,debt,Liquid,Direct,INF680P01422,152741,4.86,,,Debt: Liquid,5.8,,,5.31,0,Cash,0,1,10,10,10,31,Good,0,https://www.valueresearchonline.com/funds/44414/
Sundaram Liquid Dir,debt,Liquid,Direct,INF173K01GU0,149664,6.31,7,6.22,Debt: Liquid,6.22,6.92,6.14,6.53,0.08,AAA,0.08,2,10,10,9,31,Good,25,https://www.valueresearchonline.com/funds/16532/
TRUSTMF Liquid Dir,debt,Liquid,Direct,INF0GCD01255,148841,6.24,6.92,6.14,Debt: Liquid,6.22,6.92,6.14,6.65,0.11,AAA,0.11,3,10,10,9,32,Good,25,https://www.valueresearchonline.com/funds/41413/
Tata Liquid Dir,debt,Liquid,Direct,INF277K01YE6,119861,6.33,7,6.19,Debt: Liquid,6.22,6.92,6.14,6.59,0.1,AAA,0.1,4,10,10,9,33,Good,25,https://www.valueresearchonline.com/funds/16723/
The Wealth Company Liquid Dir,debt,Liquid,Direct,INF2F0001081,153883,,,,Debt: Liquid,,,,6.67,0.13,AAA,0.13,2,10,10,9,31,Good,25,https://www.valueresearchonline.com/funds/45509/
UTI Liquid Dir,debt,Liquid,Direct,INF789F01XQ6,120304,6.36,7,6.21,Debt: Liquid,6.22,6.92,6.14,6.62,0.1,AAA,0.1,3,10,10,9,32,Good,25,https://www.valueresearchonline.com/funds/15758/
Unifi Liquid Dir,debt,Liquid,Direct,INF1MIY01056,153570,6.02,,,Debt: Liquid,6.22,,,5.45,0,CASH,0,1,10,10,10,31,Good,2,https://www.valueresearchonline.com/funds/45229/
Union Liquid Dir,debt,Liquid,Direct,INF582M01674,119303,6.34,7.01,6.22,Debt: Liquid,6.22,6.92,6.14,6.15,0.11,AAA,0.11,2,10,10,9,31,Good,25,https://www.valueresearchonline.com/funds/16419/
WhiteOak Capital Liquid Dir,debt,Liquid,Direct,INF03VN01043,145971,6.2,6.88,5.99,Debt: Liquid,6.22,6.92,6.14,6.1,0.1,AAA,0.1,2,10,10,9,31,Good,22,https://www.valueresearchonline.com/funds/38646/
Zerodha Nifty 1D Rate Liquid ETF,debt,Liquid,Direct,INF0R8F01034,152327,5.04,,,Debt: Liquid,6.22,,,,,Cash,,,,,,,N/A,1,https://www.valueresearchonline.com/funds/44050/
ABSL Long Duration Dir,debt,Long Duration,Direct,INF209KB17J2,150484,1.87,6.63,,Debt: Long Duration,1.75,6.19,,7.8,10.33,AAA,27.64,8,1,1,9,19,Average,25,https://www.valueresearchonline.com/funds/42338/
Axis Long Duration Dir,debt,Long Duration,Direct,INF846K014L3,151179,1.59,6.05,,Debt: Long Duration,1.75,6.19,,7.72,11.72,AAA,,8,1,1,9,19,Average,7,https://www.valueresearchonline.com/funds/42912/
Bandhan Long Duration Dir,debt,Long Duration,Direct,INF194KB1HY2,152520,2.82,,,Debt: Long Duration,1.75,,,7.55,10.82,AAA,26.3,7,1,1,9,18,Average,4,https://www.valueresearchonline.com/funds/44184/
Franklin India Long Duration Fund Dir,debt,Long Duration,Direct,INF090I01XY7,153102,3.51,,,Debt: Long Duration,1.75,,,6.66,4.38,GOI/Cash,8.95,8,2,2,10,22,Average,5,https://www.valueresearchonline.com/funds/44764/
HDFC Long Duration Debt Dir,debt,Long Duration,Direct,INF179KC1ET7,151313,1.53,6.13,,Debt: Long Duration,1.75,6.19,,7.74,11.7,AAA,28.91,8,1,1,9,19,Average,12,https://www.valueresearchonline.com/funds/43050/
ICICI Pru Long Term Bond Dir,debt,Long Duration,Direct,INF109K017L8,120743,1.86,6.57,5.54,Debt: Long Duration,1.75,6.19,5.71,7.89,11.41,AAA,29.18,8,1,1,9,19,Average,20,https://www.valueresearchonline.com/funds/15957/
Kotak Long Duration Dir,debt,Long Duration,Direct,INF174KA1RF5,152491,0.62,,,Debt: Long Duration,1.75,,,7.65,12.95,AAA,13.24,8,1,3,9,21,Average,16,https://www.valueresearchonline.com/funds/44192/
Mirae Asset Long Duration Dir,debt,Long Duration,Direct,INF769K01NC9,153105,1.46,,,Debt: Long Duration,1.75,,,7.53,11.11,AAA,25.67,8,1,1,9,19,Average,5,https://www.valueresearchonline.com/funds/44752/
Nippon India Nivesh Lakshya Long Duration Dir,debt,Long Duration,Direct,INF204KB1YQ1,143704,0.88,6.02,5.88,Debt: Long Duration,1.75,6.19,5.71,7.67,10.61,AAA,21.61,8,1,1,9,19,Average,15,https://www.valueresearchonline.com/funds/36522/
SBI Long Duration Dir,debt,Long Duration,Direct,INF200KA16T4,151214,1.81,6.25,,Debt: Long Duration,1.75,6.19,,7.54,10.83,GOI/Cash,,8,1,1,10,20,Average,4,https://www.valueresearchonline.com/funds/42950/
UTI Long Duration Dir,debt,Long Duration,Direct,INF789F1AYB5,151523,1.33,5.7,,Debt: Long Duration,1.75,6.19,,7.33,8.15,GOI/Cash,19.69,7,2,2,10,21,Average,8,https://www.valueresearchonline.com/funds/43279/
ABSL CRISIL-IBX Fin Srvices 9-12 Months Debt Index Dir,debt,Low Duration,Direct,INF209KC1506,153444,6.08,,,Debt: Low Duration,6.18,,,7.93,0.74,AAA,0.75,8,9,9,9,35,Good,25,https://www.valueresearchonline.com/funds/45079/
ABSL Low Duration Dir,debt,Low Duration,Direct,INF209K01XU7,119523,6.21,7.44,6.69,Debt: Low Duration,6.18,7.39,6.62,7.7,0.91,AAA,0.99,8,9,9,9,35,Good,25,https://www.valueresearchonline.com/funds/15725/
Axis Treasury Advantage Dir,debt,Low Duration,Direct,INF846K01EN1,120513,6.3,7.45,6.57,Debt: Low Duration,6.18,7.39,6.62,7.67,0.9,AAA,1,7,9,8,9,33,Good,25,https://www.valueresearchonline.com/funds/15760/
Bajaj Finserv Low Duration Dir,debt,Low Duration,Direct,INF0QA701CF6,154204,,,,Debt: Low Duration,,,,7.62,0.89,AAA,0.92,6,9,9,9,33,Good,17,https://www.valueresearchonline.com/funds/45824/
Bandhan Low Duration Dir,debt,Low Duration,Direct,INF194K01J77,118371,6.02,7.15,6.25,Debt: Low Duration,6.18,7.39,6.62,7.53,0.95,AAA,0.99,6,9,8,9,32,Good,25,https://www.valueresearchonline.com/funds/16735/
Baroda BNP Paribas Low Duration Dir,debt,Low Duration,Direct,INF251K01GJ7,150169,6.26,7.4,6.48,Debt: Low Duration,6.18,7.39,6.62,7.71,0.8,AAA,0.86,7,9,9,9,34,Good,25,https://www.valueresearchonline.com/funds/16234/
Baroda BNP Paribas Medium Duration-Seg Port 1 Dir,debt,Low Duration,Direct,,150241,,,,,,,,,,,,,,,,,N/A,0,https://www.valueresearchonline.com/funds/40947/
Canara Robeco Savings Dir,debt,Low Duration,Direct,INF760K01ET1,118291,6.09,7.24,6.28,Debt: Low Duration,6.18,7.39,6.62,7.54,0.85,AAA,1.17,8,9,8,9,34,Good,25,https://www.valueresearchonline.com/funds/16604/
DSP Low Duration Dir,debt,Low Duration,Direct,INF740K013Q1,133925,5.94,7.18,6.33,Debt: Low Duration,6.18,7.39,6.62,7.12,0.98,AAA,1.15,6,9,8,9,32,Good,25,https://www.valueresearchonline.com/funds/29616/
Edelweiss Low Duration Dir,debt,Low Duration,Direct,INF754K01UP8,153416,6.15,,,Debt: Low Duration,6.18,,,7.71,0.9,AAA,0.93,6,9,9,9,33,Good,25,https://www.valueresearchonline.com/funds/45057/
Franklin Ind Low Duration Seg Port 2 Dir,debt,Low Duration,Direct,,118530,,,,,,,,4.17,0.01,B,0.01,,,,,,N/A,1,https://www.valueresearchonline.com/funds/40611/
Franklin India Low Duration Dir,debt,Low Duration,Direct,INF090I01YG2,153369,6.59,,,Debt: Low Duration,6.18,,,7.81,0.58,AAA,1.16,,,,,,N/A,22,https://www.valueresearchonline.com/funds/45010/
HDFC CRISIL-IBX Financial Services 9-12 Months Debt Index Dir,debt,Low Duration,Direct,INF179KC1KI7,154308,,,,Debt: Low Duration,,,,7.91,0.77,AAA,0.78,8,9,9,9,35,Good,23,https://www.valueresearchonline.com/funds/45934/
HDFC Low Duration Dir,debt,Low Duration,Direct,INF179K01VF7,118942,6.23,7.54,6.67,Debt: Low Duration,6.18,7.39,6.62,7.82,0.95,AAA,1.93,8,9,8,9,34,Good,25,https://www.valueresearchonline.com/funds/16011/
HSBC Low Duration Dir,debt,Low Duration,Direct,INF917K01GM7,151117,6.26,7.95,6.82,Debt: Low Duration,6.18,7.39,6.62,7.9,0.92,AAA,0.04,7,9,8,9,33,Good,25,https://www.valueresearchonline.com/funds/16296/
ICICI Pru Savings Dir,debt,Low Duration,Direct,INF109K01O82,120398,6.3,7.58,6.64,Debt: Low Duration,6.18,7.39,6.62,7.95,1.01,AAA,1.33,7,8,8,9,32,Good,25,https://www.valueresearchonline.com/funds/15565/
Invesco India Low Duration Dir,debt,Low Duration,Direct,INF205K01NY8,120570,6.01,7.2,6.28,Debt: Low Duration,6.18,7.39,6.62,7.59,0.81,AAA,0.84,6,9,9,9,33,Good,25,https://www.valueresearchonline.com/funds/16853/
JM Low Duration Dir,debt,Low Duration,Direct,INF192K01DW3,143612,6.12,7.27,6.34,Debt: Low Duration,6.18,7.39,6.62,7.66,0.83,AAA,0.86,7,9,9,9,34,Good,25,https://www.valueresearchonline.com/funds/16564/
JioBlackRock Low Duration Dir,debt,Low Duration,Direct,INF22M001150,154081,,,,Debt: Low Duration,,,,7.54,0.78,AAA,0.8,7,8,8,9,32,Good,22,https://www.valueresearchonline.com/funds/45727/
Kotak CRISIL-IBX Fin Srvices 9 To 12 Months Debt Index Dir,debt,Low Duration,Direct,INF174KA1XN7,153876,,,,Debt: Low Duration,,,,7.9,0.72,AAA,0.72,8,9,9,9,35,Good,21,https://www.valueresearchonline.com/funds/45503/
Kotak Low Duration Dir,debt,Low Duration,Direct,INF178L01AX4,133810,6.26,7.55,6.66,Debt: Low Duration,6.18,7.39,6.62,8.13,0.99,AAA,1.19,9,9,8,9,35,Good,25,https://www.valueresearchonline.com/funds/16503/
LIC MF Low Duration Dir,debt,Low Duration,Direct,INF767K01FM8,120315,6.26,7.33,6.38,Debt: Low Duration,6.18,7.39,6.62,7.6,0.87,AAA,0.89,6,9,9,9,33,Good,25,https://www.valueresearchonline.com/funds/16875/
Mahindra Manulife Low Duration Dir,debt,Low Duration,Direct,INF174V01267,140613,6.41,7.52,6.55,Debt: Low Duration,6.18,7.39,6.62,7.96,0.97,AAA,1.02,8,9,8,9,34,Good,25,https://www.valueresearchonline.com/funds/33500/
Mirae Asset CRISIL-IBX Financial Services 9-12 Months Debt Index Fund Dir,debt,Low Duration,Direct,INF769K01OS3,153634,,,,Debt: Low Duration,,,,7.88,0.7,AAA,0.7,8,9,9,9,35,Good,14,https://www.valueresearchonline.com/funds/45253/
Mirae Asset Low Duration Dir,debt,Low Duration,Direct,INF769K01BO9,118840,6.28,7.46,6.49,Debt: Low Duration,6.18,7.39,6.62,7.66,0.95,AAA,0.98,8,9,9,9,35,Good,25,https://www.valueresearchonline.com/funds/16599/
Nippon India CRISIL-IBX Fin Srvices 9-12 Months Debt Index Dir,debt,Low Duration,Direct,INF204KC1GR5,154252,,,,Debt: Low Duration,,,,7.97,0.72,AAA,0.72,8,9,9,9,35,Good,22,https://www.valueresearchonline.com/funds/45881/
Nippon India Low Duration Dir,debt,Low Duration,Direct,INF204K01ZU3,118709,6.34,7.47,6.65,Debt: Low Duration,6.18,7.39,6.62,7.88,,AAA,,8,1,1,9,19,Average,25,https://www.valueresearchonline.com/funds/16863/
PGIM India Money Market-Seg Port 1 Dir,debt,Low Duration,Direct,INF663L01T84,148161,,,,,,,,,,,,,,,,,N/A,0,https://www.valueresearchonline.com/funds/43750/
SBI Low Duration Dir,debt,Low Duration,Direct,INF200K01VM7,119812,5.88,7.26,6.4,Debt: Low Duration,6.18,7.39,6.62,7.7,0.89,AAA,1.05,6,9,8,9,32,Good,25,https://www.valueresearchonline.com/funds/16316/
Sundaram Low Duration Dir,debt,Low Duration,Direct,INF173K01FS6,149526,5.97,7.31,8.04,Debt: Low Duration,6.18,7.39,6.62,7.44,0.75,AAA,0.79,7,9,9,9,34,Good,25,https://www.valueresearchonline.com/funds/16542/
Tata Treasury Advantage Dir,debt,Low Duration,Direct,INF277K01OK4,119863,6.17,7.3,6.39,Debt: Low Duration,6.18,7.39,6.62,7.74,0.96,AAA,1.05,8,9,8,9,34,Good,25,https://www.valueresearchonline.com/funds/16689/
Tata Treasury Advtg Seg Port1 Direct,debt,Low Duration,Direct,INF277K01OK4,119863,,,,,,,,,,AA,,,,,,,N/A,1,https://www.valueresearchonline.com/funds/40088/
UTI Low Duration Dir,debt,Low Duration,Direct,INF789F01XI3,120735,6.08,7.26,7.44,Debt: Low Duration,6.18,7.39,6.62,7.77,0.81,AAA,0.88,7,9,9,9,34,Good,25,https://www.valueresearchonline.com/funds/15853/
Union Low Duration Dir,debt,Low Duration,Direct,INF582M01LQ6,153654,,,,Debt: Low Duration,,,,7.12,1.13,AAA,1.2,6,8,8,9,31,Good,21,https://www.valueresearchonline.com/funds/45262/
ABSL Medium Term Dir,debt,Medium Duration,Direct,INF209K01XA9,119539,8.92,10.49,12.7,Debt: Medium Duration,6.05,7.88,7.44,8.49,3.01,AAA,3.86,9,5,6,9,29,Good,25,https://www.valueresearchonline.com/funds/15910/
ABSL Medium Term Seg Port1 Direct,debt,Medium Duration,Direct,,147816,,,,,,,,,,Cash,,,,,,,N/A,0,https://www.valueresearchonline.com/funds/40449/
Axis Strategic Bond Dir,debt,Medium Duration,Direct,INF846K01DT0,120475,6.57,8.3,7.42,Debt: Medium Duration,6.05,7.88,7.44,8.61,3.28,AA,4.7,9,5,6,7,27,Average,25,https://www.valueresearchonline.com/funds/17333/
Bandhan Medium Duration Dir,debt,Medium Duration,Direct,INF194K01S50,118401,5.23,7.27,6.02,Debt: Medium Duration,6.05,7.88,7.44,7.69,3.25,AAA,4.52,7,5,5,9,26,Average,25,https://www.valueresearchonline.com/funds/16708/
DSP Bond Dir,debt,Medium Duration,Direct,INF740K01MZ3,118924,4.87,7.36,6.3,Debt: Medium Duration,6.05,7.88,7.44,7.43,3.32,AAA,3.85,7,5,6,9,27,Average,10,https://www.valueresearchonline.com/funds/15795/
Franklin Ind Incm Opp Seg Port 2 Dir,debt,Medium Duration,Direct,INF090I01FI7,118532,,,,,,,,4.17,0.01,B,0.01,,,,,,N/A,1,https://www.valueresearchonline.com/funds/40592/
HDFC Medium Term Debt Dir,debt,Medium Duration,Direct,INF179K01WI9,119081,6.22,7.82,6.85,Debt: Medium Duration,6.05,7.88,7.44,8.59,3.1,AAA,4.38,10,5,6,9,30,Good,25,https://www.valueresearchonline.com/funds/16058/
HSBC Medium Duration Dir,debt,Medium Duration,Direct,INF917K01TK4,151146,5.73,7.91,6.89,Debt: Medium Duration,6.05,7.88,7.44,8.22,2.9,AAA,4.04,9,6,7,9,31,Good,25,https://www.valueresearchonline.com/funds/29311/
ICICI Pru Medium Term Bond Dir,debt,Medium Duration,Direct,INF109K015A5,120670,7.21,8.32,7.38,Debt: Medium Duration,6.05,7.88,7.44,8.57,3.39,AAA,6.18,9,5,5,9,28,Good,25,https://www.valueresearchonline.com/funds/17063/
Invesco India Medium Duration Dir,debt,Medium Duration,Direct,INF205KA1429,149011,4.54,7.17,,Debt: Medium Duration,6.05,7.88,,7.44,3.12,AAA,3.94,7,5,6,9,27,Average,22,https://www.valueresearchonline.com/funds/41551/
Kotak Medium Term Dir,debt,Medium Duration,Direct,INF174K01VQ5,128006,7.02,8.82,7.5,Debt: Medium Duration,6.05,7.88,7.44,8.72,2.84,AA,4.17,10,6,6,7,29,Good,25,https://www.valueresearchonline.com/funds/25271/
Nippon India Medium Duration Dir,debt,Medium Duration,Direct,INF204KA1QF1,130050,8.29,8.33,9.62,Debt: Medium Duration,6.05,7.88,7.44,8.08,3.23,AAA,4.54,9,5,6,9,29,Good,25,https://www.valueresearchonline.com/funds/26994/
Nippon India Medium Duration Seg Port 2 Direct,debt,Medium Duration,Direct,INF204KB10R1,148285,,,,,,,,,,,,,,,,,N/A,0,https://www.valueresearchonline.com/funds/40880/
Nippon India Medium Duration Seg Port1 Dir,debt,Medium Duration,Direct,INF204KB10R1,148285,,,,,,,,2.81,,B,0.07,,,,,,N/A,1,https://www.valueresearchonline.com/funds/40711/
SBI Medium Duration Dir,debt,Medium Duration,Direct,INF200K01VB0,119824,5.82,7.65,6.78,Debt: Medium Duration,6.05,7.88,7.44,8.5,3.05,AAA,4.21,9,5,6,9,29,Good,25,https://www.valueresearchonline.com/funds/17808/
Sundaram Medium Duration Dir,debt,Medium Duration,Direct,,119680,3.61,6.01,5.02,Debt: Medium Duration,6.05,7.88,7.44,7.39,3.02,AAA,3.72,7,5,6,9,27,Average,14,https://www.valueresearchonline.com/funds/16084/
Tata Medium Term Seg Port1 Direct,debt,Medium Duration,Direct,INF277K01PI5,119127,,,,,,,,,,AA,,,,,,,N/A,1,https://www.valueresearchonline.com/funds/40074/
UTI Medium Duration Dir,debt,Medium Duration,Direct,INF789FB1KE6,134503,4.65,7,6.77,Debt: Medium Duration,6.05,7.88,7.44,7.55,3.31,AAA,4.18,7,5,6,9,27,Average,15,https://www.valueresearchonline.com/funds/29994/
UTI Medium Duration Seg Port 2 Dir,debt,Medium Duration,Direct,INF789FB1KE6,134503,,,,,,,,,,Cash,,,,,,,N/A,2,https://www.valueresearchonline.com/funds/40918/
UTI Medium Duration Seg Port 3 Dir,debt,Medium Duration,Direct,INF789FB1KE6,134503,,,,,,,,,,,,,,,,,N/A,0,https://www.valueresearchonline.com/funds/41050/
UTI Medium Duration Seg Port Dir,debt,Medium Duration,Direct,INF789FB1KE6,134503,,,,,,,,,,B,0.07,,,,,,N/A,1,https://www.valueresearchonline.com/funds/40739/
ABSL Income Dir,debt,Medium to Long Duration,Direct,INF209K01WY1,119657,2.99,6.28,5.77,Debt: Medium to Long Duration,3.74,6.78,6.19,7.74,6.74,AAA,15.14,8,3,2,9,22,Average,25,https://www.valueresearchonline.com/funds/15756/
Bandhan Medium to Long Duration Dir,debt,Medium to Long Duration,Direct,INF194K01R51,118394,5.25,6.38,5.34,Debt: Medium to Long Duration,3.74,6.78,6.19,7.7,6.48,AAA,15.88,8,3,3,9,23,Average,17,https://www.valueresearchonline.com/funds/16704/
Canara Robeco Income Dir,debt,Medium to Long Duration,Direct,INF760K01FI1,118282,3.44,6.35,5.54,Debt: Medium to Long Duration,3.74,6.78,6.19,6.99,4.16,AAA,8.42,5,4,4,9,22,Average,15,https://www.valueresearchonline.com/funds/15753/
Franklin India Medium to Long Duration Dir,debt,Medium to Long Duration,Direct,INF090I01XG4,152851,4.12,,,Debt: Medium to Long Duration,3.74,,,7.76,4.23,AAA,7.13,8,4,4,9,25,Average,13,https://www.valueresearchonline.com/funds/44534/
HDFC Income Dir,debt,Medium to Long Duration,Direct,INF179K01WL3,119069,3.26,6.75,5.9,Debt: Medium to Long Duration,3.74,6.78,6.19,7.34,6.7,AAA,13.16,7,3,3,9,22,Average,25,https://www.valueresearchonline.com/funds/16066/
HSBC Medium to Long Duration Dir,debt,Medium to Long Duration,Direct,INF336L01DE2,120059,2.83,6.49,5.46,Debt: Medium to Long Duration,3.74,6.78,6.19,7.29,3.9,AAA,7.15,7,4,4,9,24,Average,15,https://www.valueresearchonline.com/funds/17390/
ICICI Pru Bond Dir,debt,Medium to Long Duration,Direct,INF109K01V83,120619,4.08,7.31,6.45,Debt: Medium to Long Duration,3.74,6.78,6.19,7.85,6.74,AAA,15.21,8,3,3,9,23,Average,25,https://www.valueresearchonline.com/funds/17100/
ICICI Pru Diversified Debt Strategy Active FoF Dir,debt,Medium to Long Duration,Direct,INF109K01X73,120702,5.25,7.41,6.53,Debt: Medium to Long Duration,3.74,6.78,6.19,,,AAA,,,,,,,N/A,4,https://www.valueresearchonline.com/funds/17928/
JM Medium to Long Duration Dir,debt,Medium to Long Duration,Direct,INF192K01CW5,120430,3.06,6.7,5.68,Debt: Medium to Long Duration,3.74,6.78,6.19,7.2,4.08,AAA,4.99,6,4,6,9,25,Average,8,https://www.valueresearchonline.com/funds/17172/
Kotak Bond Dir,debt,Medium to Long Duration,Direct,INF174K01JC0,119735,3.84,7.16,6.36,Debt: Medium to Long Duration,3.74,6.78,6.19,7.59,4.83,AAA,8.18,8,4,4,9,25,Average,25,https://www.valueresearchonline.com/funds/16749/
LIC MF Medium to Long Duration Dir,debt,Medium to Long Duration,Direct,INF767K01EW0,120279,3.63,7.28,6.21,Debt: Medium to Long Duration,3.74,6.78,6.19,7.49,5.51,AAA,10.68,6,3,3,9,21,Average,15,https://www.valueresearchonline.com/funds/16768/
Nippon India Medium to Long Duration Dir,debt,Medium to Long Duration,Direct,INF204K01XS2,118687,3.76,6.74,6.28,Debt: Medium to Long Duration,3.74,6.78,6.19,7.41,6.69,AAA,14.02,7,3,3,9,22,Average,17,https://www.valueresearchonline.com/funds/16835/
SBI Medium to Long Duration Dir,debt,Medium to Long Duration,Direct,INF200K01SR2,119714,3.98,6.97,6.35,Debt: Medium to Long Duration,3.74,6.78,6.19,7.92,4.33,AAA,8.25,8,4,4,9,25,Average,25,https://www.valueresearchonline.com/funds/16230/
UTI Medium to Long Duration Dir,debt,Medium to Long Duration,Direct,INF789F01SQ6,120689,2.92,6.27,8.55,Debt: Medium to Long Duration,3.74,6.78,6.19,8.09,4.71,AAA,7.84,8,3,4,9,24,Average,24,https://www.valueresearchonline.com/funds/15861/
UTI Medium to Long Duration Seg Port Dir,debt,Medium to Long Duration,Direct,INF789F01SQ6,120689,,,,,,,,,,B,0.07,,,,,,N/A,1,https://www.valueresearchonline.com/funds/40720/
ABSL Money Manager Dir,debt,Money Market,Direct,INF209K01UU3,119511,6.22,7.37,6.57,Debt: Money Market,6.23,7.26,6.45,7.94,0.67,AAA,0.67,8,9,9,9,35,Good,25,https://www.valueresearchonline.com/funds/15826/
Axis Money Market Dir,debt,Money Market,Direct,INF846K01Q62,147567,6.29,7.41,6.58,Debt: Money Market,6.23,7.26,6.45,7.75,0.58,AAA,0.58,6,9,9,9,33,Good,25,https://www.valueresearchonline.com/funds/40197/
Bajaj Finserv Money Market Dir,debt,Money Market,Direct,INF0QA701334,151889,6.24,,,Debt: Money Market,6.23,,,7.51,0.59,AAA,0.59,5,9,9,9,32,Good,25,https://www.valueresearchonline.com/funds/43661/
Bandhan Money Market Dir,debt,Money Market,Direct,INF194K01M80,118384,6.33,7.37,6.48,Debt: Money Market,6.23,7.26,6.45,7.75,0.64,AAA,0.64,5,9,9,9,32,Good,25,https://www.valueresearchonline.com/funds/16515/
Bank of India Money Market Dir,debt,Money Market,Direct,INF761K01GO5,153294,6.34,,,Debt: Money Market,6.23,,,7.68,0.56,AAA,0.55,6,9,9,9,33,Good,25,https://www.valueresearchonline.com/funds/44948/
Baroda BNP Paribas Money Market Dir,debt,Money Market,Direct,INF955L01ID0,147377,6.26,7.18,6.24,Debt: Money Market,6.23,7.26,6.45,7.52,0.49,AAA,0.49,7,9,9,9,34,Good,25,https://www.valueresearchonline.com/funds/40016/
DSP Savings Dir,debt,Money Market,Direct,INF740K01NU2,119106,6.26,7.18,6.29,Debt: Money Market,6.23,7.26,6.45,7.18,0.73,AAA,0.73,6,9,9,9,33,Good,25,https://www.valueresearchonline.com/funds/16459/
Edelweiss Money Market Dir,debt,Money Market,Direct,INF843K01CE1,140237,6.21,7.26,6.28,Debt: Money Market,6.23,7.26,6.45,7.68,0.62,AAA,0.58,6,9,9,9,33,Good,25,https://www.valueresearchonline.com/funds/17429/
Franklin India Money Market Dir,debt,Money Market,Direct,INF090I01GV8,118506,6.2,7.35,6.46,Debt: Money Market,6.23,7.26,6.45,7.76,0.45,AAA,0.57,6,9,9,9,33,Good,25,https://www.valueresearchonline.com/funds/16748/
Groww Money Market Dir,debt,Money Market,Direct,INF666M01MW3,153982,,,,Debt: Money Market,,,,6.98,0.33,AAA,0.34,4,10,10,9,33,Good,13,https://www.valueresearchonline.com/funds/45614/
HDFC Money Market Dir,debt,Money Market,Direct,INF179KB1HU9,119092,6.23,7.35,6.54,Debt: Money Market,6.23,7.26,6.45,7.71,0.59,AAA,0.59,8,9,9,9,35,Good,25,https://www.valueresearchonline.com/funds/16004/
HSBC Money Market Dir,debt,Money Market,Direct,INF917K01FE6,151054,6.17,7.26,6.35,Debt: Money Market,6.23,7.26,6.45,7.63,0.58,AAA,0.58,6,9,9,9,33,Good,25,https://www.valueresearchonline.com/funds/16223/
ICICI Pru Money Market Dir,debt,Money Market,Direct,INF109K01R14,120211,6.18,7.34,6.5,Debt: Money Market,6.23,7.26,6.45,7.7,0.62,AAA,0.63,6,9,9,9,33,Good,25,https://www.valueresearchonline.com/funds/15854/
Invesco India Money Market Dir,debt,Money Market,Direct,INF205K01RY9,120507,6.14,7.19,6.29,Debt: Money Market,6.23,7.26,6.45,7.58,0.59,AAA,0.59,6,9,9,9,33,Good,25,https://www.valueresearchonline.com/funds/16726/
JioBlackRock Money Market Dir,debt,Money Market,Direct,INF22M001028,153649,,,,Debt: Money Market,,,,7.41,0.66,AAA,0.66,5,9,9,9,32,Good,25,https://www.valueresearchonline.com/funds/45287/
Kotak Money Market Dir,debt,Money Market,Direct,INF174K01MW2,119746,6.23,7.34,6.52,Debt: Money Market,6.23,7.26,6.45,7.71,0.6,AAA,0.6,8,9,9,9,35,Good,25,https://www.valueresearchonline.com/funds/16350/
LIC MF Money Market Dir,debt,Money Market,Direct,INF767K01RE0,150392,6.35,6.73,,Debt: Money Market,6.23,7.26,,7.56,0.52,AAA,0.52,5,9,9,9,32,Good,25,https://www.valueresearchonline.com/funds/42409/
Mirae Asset Money Market Dir,debt,Money Market,Direct,INF769K01HN8,149112,6.16,7.36,,Debt: Money Market,6.23,7.26,,7.52,0.58,AAA,0.58,8,9,9,9,35,Good,25,https://www.valueresearchonline.com/funds/41643/
Nippon India Money Market Dir,debt,Money Market,Direct,INF204K01ZP3,118719,6.22,7.38,6.59,Debt: Money Market,6.23,7.26,6.45,7.7,0.58,AAA,0.61,8,9,9,9,35,Good,25,https://www.valueresearchonline.com/funds/16121/
PGIM India Money Market Dir,debt,Money Market,Direct,INF663L01T84,148161,6.09,7.16,6.45,Debt: Money Market,6.23,7.26,6.45,7.37,0.5,AAA,0.5,6,9,9,9,33,Good,14,https://www.valueresearchonline.com/funds/40775/
SBI Savings Dir,debt,Money Market,Direct,INF200K01SZ5,119821,6.1,7.29,6.48,Debt: Money Market,6.23,7.26,6.45,7.48,0.57,AAA,0.63,5,9,9,9,32,Good,25,https://www.valueresearchonline.com/funds/17152/
Shriram Money Market Dir,debt,Money Market,Direct,INF680P01471,154144,,,,Debt: Money Market,,,,7.65,0.62,AAA,0.62,6,9,9,9,33,Good,10,https://www.valueresearchonline.com/funds/45778/
Sundaram Money Market Dir,debt,Money Market,Direct,INF903JA1FR6,145050,6.15,7.2,6.32,Debt: Money Market,6.23,7.26,6.45,7.67,0.56,AAA,0.56,6,9,9,9,33,Good,25,https://www.valueresearchonline.com/funds/37726/
TRUSTMF Money Market Dir,debt,Money Market,Direct,INF0GCD01503,150513,6.14,7.11,,Debt: Money Market,6.23,7.26,,7.32,0.55,AAA,0.55,5,9,9,9,32,Good,18,https://www.valueresearchonline.com/funds/42422/
Tata Money Market Dir,debt,Money Market,Direct,INF277K01PR6,119424,6.36,7.5,6.68,Debt: Money Market,6.23,7.26,6.45,7.79,0.59,AAA,0.59,8,9,9,9,35,Good,25,https://www.valueresearchonline.com/funds/16711/
UTI Money Market Dir,debt,Money Market,Direct,INF192K01DS1,143597,6.2,7.35,6.55,Debt: Money Market,6.23,7.26,6.45,7.58,0.56,AAA,0.56,6,9,9,9,33,Good,25,https://www.valueresearchonline.com/funds/15971/
Union Money Market Dir,debt,Money Market,Direct,INF582M01HG5,149117,6.39,7.14,,Debt: Money Market,6.23,7.26,,6.68,0.45,AAA,0.45,4,10,10,9,33,Good,25,https://www.valueresearchonline.com/funds/41649/
ABSL US Treasury 1-3 Year Bonds ETFs Passive FoF Dir*,debt,Others,Direct,INF209KB17W5,152139,12.51,,,,,,,4.04,,D,1.92,1,1,8,1,11,Poor,1,https://www.valueresearchonline.com/funds/43824/
ABSL US Treasury 3-10 Year Bonds ETFs Passive FoF Dir*,debt,Others,Direct,INF209KB12X4,152150,12.43,,,,,,,4.22,,D,5.61,1,1,5,1,8,Poor,2,https://www.valueresearchonline.com/funds/43820/
Axis US Specific Treasury Dynamic Debt Passive FoF Dir*,debt,Others,Direct,INF846K017T9,152240,12.96,,,,,,,,,D,,,,,,,N/A,1,https://www.valueresearchonline.com/funds/43978/
Bandhan US Treasury Bond 0-1 year Specific Debt Passive FoF Dir,debt,Others,Direct,INF194KB1FV2,151548,13.27,9.45,,,,,,,,D,,,,,,,N/A,1,https://www.valueresearchonline.com/funds/43353/
DSP US Specific Debt Passive FoF Dir*,debt,Others,Direct,INF740KA1UJ6,152528,13.05,,,,,,,,,D,,,,,,,N/A,2,https://www.valueresearchonline.com/funds/44196/
360 ONE Overnight Dir,debt,Overnight,Direct,INF579M01BG4,153703,,,,Debt: Overnight,,,,5.41,0,AAA,0,1,10,10,9,30,Good,11,https://www.valueresearchonline.com/funds/45316/
ABSL CRISIL Liquid Overnight ETF,debt,Overnight,Direct,INF209KB18T9,151533,4.9,5.76,,Debt: Overnight,5.22,6.08,,,,Cash,,,,,,,N/A,0,https://www.valueresearchonline.com/funds/43247/
ABSL Overnight Dir,debt,Overnight,Direct,INF209KB1ZH2,145486,5.33,6.2,5.61,Debt: Overnight,5.31,6.17,5.59,5.5,,GOI/Cash,,1,1,1,10,13,Poor,3,https://www.valueresearchonline.com/funds/38135/
Axis Overnight Dir,debt,Overnight,Direct,INF846K01N65,146675,5.37,6.23,5.64,Debt: Overnight,5.31,6.17,5.59,5.38,0,GOI/Cash,0,1,10,10,10,31,Good,2,https://www.valueresearchonline.com/funds/39294/
Bajaj Finserv Overnight Dir,debt,Overnight,Direct,INF0QA701177,151849,5.39,,,Debt: Overnight,5.31,,,5.41,0,GOI/Cash,0,1,10,10,10,31,Good,4,https://www.valueresearchonline.com/funds/43603/
Bandhan Overnight Dir,debt,Overnight,Direct,INF194KB1447,146191,5.34,6.2,5.61,Debt: Overnight,5.31,6.17,5.59,5.36,0.01,GOI/Cash,0.01,1,10,10,10,31,Good,2,https://www.valueresearchonline.com/funds/38838/
Bank of India Overnight Dir,debt,Overnight,Direct,INF761K01EU7,147951,5.59,6.34,5.73,Debt: Overnight,5.31,6.17,5.59,5.35,0,Cash,0,1,10,10,10,31,Good,1,https://www.valueresearchonline.com/funds/40573/
Baroda BNP Paribas Overnight Dir,debt,Overnight,Direct,INF955L01HV4,147196,5.36,6.2,5.62,Debt: Overnight,5.31,6.17,5.59,5.38,0,Cash,0,1,10,10,10,31,Good,2,https://www.valueresearchonline.com/funds/39818/
Canara Robeco Overnight Dir,debt,Overnight,Direct,INF760K01JM5,147531,5.28,6.11,5.55,Debt: Overnight,5.31,6.17,5.59,5.33,0.01,GOI/Cash,0.01,1,10,10,10,31,Good,3,https://www.valueresearchonline.com/funds/40153/
DSP Overnight Dir,debt,Overnight,Direct,INF740KA1MC8,146062,5.35,6.2,5.62,Debt: Overnight,5.31,6.17,5.59,5.1,,AAA,0.01,1,1,10,9,21,Average,12,https://www.valueresearchonline.com/funds/38748/
Edelweiss Overnight Dir,debt,Overnight,Direct,INF754K01JV9,147570,5.3,6.15,5.55,Debt: Overnight,5.31,6.17,5.59,5.38,0,GOI/Cash,0,1,10,10,10,31,Good,4,https://www.valueresearchonline.com/funds/40175/
Franklin India Overnight Dir,debt,Overnight,Direct,INF090I01SS9,147214,5.39,6.18,5.58,Debt: Overnight,5.31,6.17,5.59,5.36,0.01,GOI/Cash,0.01,1,10,10,10,31,Good,3,https://www.valueresearchonline.com/funds/39884/
Groww Overnight Dir,debt,Overnight,Direct,INF666M01GL8,147450,5.25,6.13,5.48,Debt: Overnight,5.31,6.17,5.59,5.36,0,Cash,0,1,10,10,10,31,Good,0,https://www.valueresearchonline.com/funds/40037/
HDFC Overnight Dir,debt,Overnight,Direct,INF179KB1HT1,119110,5.3,6.14,5.56,Debt: Overnight,5.31,6.17,5.59,5.37,0,GOI/Cash,0,1,10,10,10,31,Good,9,https://www.valueresearchonline.com/funds/16000/
HSBC Overnight Dir,debt,Overnight,Direct,INF336L01OF6,147287,5.34,6.2,5.62,Debt: Overnight,5.31,6.17,5.59,5.33,0,GOI/Cash,0,1,10,10,10,31,Good,2,https://www.valueresearchonline.com/funds/39921/
Helios Overnight Dir,debt,Overnight,Direct,INF0R8701079,152152,5.19,,,Debt: Overnight,5.31,,,5.35,0,Cash,0,1,10,10,10,31,Good,0,https://www.valueresearchonline.com/funds/43835/
ICICI Pru Overnight Dir,debt,Overnight,Direct,INF109KC11G1,145536,5.35,6.18,5.6,Debt: Overnight,5.31,6.17,5.59,5.39,0,GOI/Cash,0,1,10,10,10,31,Good,5,https://www.valueresearchonline.com/funds/38261/
ITI Overnight Dir,debt,Overnight,Direct,INF00XX01564,147713,5.12,5.97,5.43,Debt: Overnight,5.31,6.17,5.59,5.37,0,Cash,0,1,10,10,10,31,Good,0,https://www.valueresearchonline.com/funds/40356/
Invesco India Overnight Dir,debt,Overnight,Direct,INF205KA1163,147883,5.34,6.2,5.6,Debt: Overnight,5.31,6.17,5.59,5.39,0,GOI/Cash,0.01,1,10,10,10,31,Good,3,https://www.valueresearchonline.com/funds/40514/
JM Overnight Dir,debt,Overnight,Direct,INF192K01MB8,147837,5.19,6.1,5.55,Debt: Overnight,5.31,6.17,5.59,5.36,0,Cash,0,1,10,10,10,31,Good,0,https://www.valueresearchonline.com/funds/40475/
JioBlackRock Overnight Dir,debt,Overnight,Direct,INF22M001036,153650,,,,Debt: Overnight,,,,5.4,0,GOI/Cash,0,1,10,10,10,31,Good,4,https://www.valueresearchonline.com/funds/45293/
Kotak Overnight Dir,debt,Overnight,Direct,INF174KA1BF9,146141,5.36,6.2,5.62,Debt: Overnight,5.31,6.17,5.59,5.4,0,Cash,0,1,10,10,10,31,Good,2,https://www.valueresearchonline.com/funds/38846/
LIC MF Overnight Dir,debt,Overnight,Direct,INF767K01QI3,147515,5.35,6.2,5.62,Debt: Overnight,5.31,6.17,5.59,5.39,0,GOI/Cash,0,1,10,10,10,31,Good,5,https://www.valueresearchonline.com/funds/40147/
Mahindra Manulife Overnight Dir,debt,Overnight,Direct,INF174V01838,147564,5.33,6.19,5.62,Debt: Overnight,5.31,6.17,5.59,5.39,0.01,GOI/Cash,0.01,1,10,10,10,31,Good,2,https://www.valueresearchonline.com/funds/40204/
Mirae Asset Overnight Dir,debt,Overnight,Direct,INF769K01FG6,147736,5.36,6.21,5.63,Debt: Overnight,5.31,6.17,5.59,5.37,0,CASH,0,1,10,10,10,31,Good,1,https://www.valueresearchonline.com/funds/40366/
NJ Overnight Dir,debt,Overnight,Direct,INF0J8L01081,150369,5.27,6.12,,Debt: Overnight,5.31,6.17,,5.32,0,Cash,0,1,10,10,10,31,Good,0,https://www.valueresearchonline.com/funds/42425/
Nippon India Overnight Dir,debt,Overnight,Direct,INF204KB1R31,145810,5.36,6.21,5.63,Debt: Overnight,5.31,6.17,5.59,5.39,0,AAA,0,1,10,10,9,30,Good,4,https://www.valueresearchonline.com/funds/38543/
PGIM India Overnight Dir,debt,Overnight,Direct,INF663L01T01,147606,5.23,6.15,5.59,Debt: Overnight,5.31,6.17,5.59,5.43,0,Cash,0,1,10,10,10,31,Good,1,https://www.valueresearchonline.com/funds/40236/
Quant Overnight Dir,debt,Overnight,Direct,INF966L01AZ7,151190,5.17,6.31,,Debt: Overnight,5.31,6.17,,5.13,0.01,Cash,0.01,1,10,10,10,31,Good,0,https://www.valueresearchonline.com/funds/42932/
SBI Overnight Dir,debt,Overnight,Direct,INF200K01TK5,119833,5.31,6.16,5.58,Debt: Overnight,5.31,6.17,5.59,5.24,0,GOI/Cash,0,1,10,10,10,31,Good,5,https://www.valueresearchonline.com/funds/17189/
Samco Overnight Dir,debt,Overnight,Direct,INF0K1H01040,150631,5.07,5.98,,Debt: Overnight,5.31,6.17,,5.5,0,Cash,0,1,10,10,10,31,Good,0,https://www.valueresearchonline.com/funds/42551/
Shriram Overnight Dir,debt,Overnight,Direct,INF680P01497,154394,5.32,6.13,,Debt: Overnight,5.31,6.17,,5.43,0,Cash,0,1,10,10,10,31,Good,0,https://www.valueresearchonline.com/funds/42470/
Sundaram Overnight Dir,debt,Overnight,Direct,INF903JA1HG5,146963,5.3,6.18,5.59,Debt: Overnight,5.31,6.17,5.59,5.35,,GOI/Cash,,1,10,10,10,31,Good,4,https://www.valueresearchonline.com/funds/39565/
TRUSTMF Overnight Dir,debt,Overnight,Direct,INF0GCD01453,149797,5.23,6.14,,Debt: Overnight,5.31,6.17,,5.41,0,GOI/Cash,0,1,10,10,10,31,Good,1,https://www.valueresearchonline.com/funds/42046/
Tata Overnight Dir,debt,Overnight,Direct,INF277K018T5,146980,5.38,6.23,5.62,Debt: Overnight,5.31,6.17,5.59,5.41,0.01,GOI/Cash,0.01,1,10,10,10,31,Good,4,https://www.valueresearchonline.com/funds/39638/
UTI Overnight Dir,debt,Overnight,Direct,INF789FB1S71,120785,5.35,6.2,5.61,Debt: Overnight,5.31,6.17,5.59,5.35,0.01,GOI/Cash,0.01,1,10,10,10,31,Good,7,https://www.valueresearchonline.com/funds/17630/
Union Overnight Dir,debt,Overnight,Direct,INF582M01FA2,147003,5.34,6.19,5.61,Debt: Overnight,5.31,6.17,5.59,5.37,0.01,GOI/Cash,0.01,1,10,10,10,31,Good,6,https://www.valueresearchonline.com/funds/39665/
Zerodha Overnight Dir,debt,Overnight,Direct,INF0R8F01075,153436,5.21,,,Debt: Overnight,5.31,,,,,Cash,,,,,,,N/A,1,https://www.valueresearchonline.com/funds/45081/
ABSL Retirement 50s + Debt Dir,debt,Short Duration,Direct,INF209KB1K03,146943,3.82,6.05,5.23,Debt: Short Duration,5.34,7.43,6.75,6.47,3.21,GOI/Cash,5.9,3,5,5,10,23,Average,6,https://www.valueresearchonline.com/funds/39193/
ABSL Short Term Dir,debt,Short Duration,Direct,INF209K01XK8,119498,5.71,7.71,6.91,Debt: Short Duration,5.34,7.43,6.75,7.8,2.26,AAA,2.68,8,6,7,9,30,Good,25,https://www.valueresearchonline.com/funds/15930/
Axis Short Duration Dir,debt,Short Duration,Direct,INF846K01EI1,120510,5.92,7.78,6.81,Debt: Short Duration,5.34,7.43,6.75,7.92,2.45,AAA,3.23,8,6,6,9,29,Good,25,https://www.valueresearchonline.com/funds/15752/
Bandhan Short Duration Dir,debt,Short Duration,Direct,INF194K01U07,118407,5.76,7.65,6.47,Debt: Short Duration,5.34,7.43,6.75,7.73,2.32,AAA,2.99,7,6,6,9,28,Good,25,https://www.valueresearchonline.com/funds/17074/
Bank of India Short Term Income Dir,debt,Short Duration,Direct,INF761K01736,119382,5.32,7.56,10.68,Debt: Short Duration,5.34,7.43,6.75,7.26,2.49,AAA,3.04,6,6,6,9,27,Average,25,https://www.valueresearchonline.com/funds/16977/
Baroda BNP Paribas Short Duration Dir,debt,Short Duration,Direct,INF955L01BD5,119400,5.16,7.48,6.52,Debt: Short Duration,5.34,7.43,6.75,7.81,1.97,AAA,2.35,8,7,7,9,31,Good,25,https://www.valueresearchonline.com/funds/15785/
Canara Robeco Short Duration Dir,debt,Short Duration,Direct,INF760K01DX5,118320,5.18,7.03,6,Debt: Short Duration,5.34,7.43,6.75,7.4,1.37,AAA,1.5,7,8,8,9,32,Good,16,https://www.valueresearchonline.com/funds/15780/
DSP Short Term Dir,debt,Short Duration,Direct,INF740K01NJ5,119226,5.18,7.35,6.3,Debt: Short Duration,5.34,7.43,6.75,7.63,2.69,AAA,3.29,8,6,6,9,29,Good,25,https://www.valueresearchonline.com/funds/16429/
Edelweiss CRISIL IBX 50:50 Gilt Plus SDL SD Index Dir,debt,Short Duration,Direct,INF754K01PW4,150850,5.23,7.37,,Debt: Short Duration,5.34,7.43,,6.69,2.4,GOI/Cash,2.61,4,6,7,10,27,Average,13,https://www.valueresearchonline.com/funds/43109/
Franklin Ind ST Incm Seg Port 3 Direct,debt,Short Duration,Direct,INF090I01XB5,152737,,,,,,,,,,,,,,,,,N/A,0,https://www.valueresearchonline.com/funds/40847/
Groww Short Term Dir,debt,Short Duration,Direct,INF666M01AC0,123704,5.25,7.35,6.15,Debt: Short Duration,5.34,7.43,6.75,6.92,2.37,AAA,4.29,6,6,6,9,27,Average,15,https://www.valueresearchonline.com/funds/20851/
HDFC Short Term Debt Dir,debt,Short Duration,Direct,INF179K01YM7,119016,5.6,7.64,6.66,Debt: Short Duration,5.34,7.43,6.75,8.01,2.56,AAA,3.15,9,6,6,9,30,Good,25,https://www.valueresearchonline.com/funds/16151/
HSBC Short Duration Dir,debt,Short Duration,Direct,INF917K01IQ4,151067,5.22,7.34,6.17,Debt: Short Duration,5.34,7.43,6.75,7.83,2.24,AAA,2.54,7,6,7,9,29,Good,25,https://www.valueresearchonline.com/funds/16299/
ICICI Pru Short Term Dir,debt,Short Duration,Direct,INF109K013N3,120754,6.23,7.96,7.18,Debt: Short Duration,5.34,7.43,6.75,8.14,2.86,AAA,4.48,8,6,6,9,29,Good,25,https://www.valueresearchonline.com/funds/15866/
Invesco India Short Duration Dir,debt,Short Duration,Direct,INF205K01UH8,120560,5.29,7.38,6.25,Debt: Short Duration,5.34,7.43,6.75,7.84,2.37,AAA,2.74,8,6,6,9,29,Good,25,https://www.valueresearchonline.com/funds/16839/
JM Short Duration Dir,debt,Short Duration,Direct,INF192K01MP8,150545,5.17,7.17,,Debt: Short Duration,5.34,7.43,,7.56,1.81,AAA,1.98,7,7,7,9,30,Good,19,https://www.valueresearchonline.com/funds/42463/
JioBlackRock Short Duration Dir,debt,Short Duration,Direct,INF22M001143,154079,,,,Debt: Short Duration,,,,6.85,1.2,AAA,1.4,6,8,8,9,31,Good,9,https://www.valueresearchonline.com/funds/45726/
Kotak Bond Short Term Dir,debt,Short Duration,Direct,INF174K01JI7,119739,5.18,7.53,6.53,Debt: Short Duration,5.34,7.43,6.75,7.94,2.19,AAA,2.95,8,6,7,9,30,Good,25,https://www.valueresearchonline.com/funds/16339/
LIC MF Short Duration Dir,debt,Short Duration,Direct,INF767K01PW6,145954,5.56,7.59,6.41,Debt: Short Duration,5.34,7.43,6.75,7.66,2.39,AAA,2.61,6,6,6,9,27,Average,16,https://www.valueresearchonline.com/funds/38779/
Mahindra Manulife Short Duration Dir,debt,Short Duration,Direct,INF174V01AM5,148729,6.1,7.82,6.69,Debt: Short Duration,5.34,7.43,6.75,7.92,2.53,AAA,3.09,8,6,6,9,29,Good,23,https://www.valueresearchonline.com/funds/41315/
Mirae Asset Short Duration Dir,debt,Short Duration,Direct,INF769K01DX6,142641,5.14,7.44,6.46,Debt: Short Duration,5.34,7.43,6.75,7.89,2.85,AAA,5.15,8,6,5,9,28,Good,25,https://www.valueresearchonline.com/funds/35431/
Nippon India Short Duration Dir,debt,Short Duration,Direct,INF204K01B32,118796,5.72,7.77,6.78,Debt: Short Duration,5.34,7.43,6.75,8.03,2.43,AAA,2.73,9,6,7,9,31,Good,25,https://www.valueresearchonline.com/funds/16180/
SBI Short Term Debt Dir,debt,Short Duration,Direct,INF200K01VE4,119816,5.34,7.43,6.44,Debt: Short Duration,5.34,7.43,6.75,7.94,2.12,AAA,2.56,8,6,7,9,30,Good,25,https://www.valueresearchonline.com/funds/16906/
Sundaram Short Duration Dir,debt,Short Duration,Direct,INF173K01GP0,149587,5.41,7.47,7.97,Debt: Short Duration,5.34,7.43,6.75,7.64,1.68,AAA,1.87,7,7,8,9,31,Good,25,https://www.valueresearchonline.com/funds/16590/
TRUSTMF Short Duration Dir,debt,Short Duration,Direct,INF0GCD01370,149076,5.05,7.14,,Debt: Short Duration,5.34,7.43,,7.57,1.55,AAA,1.63,5,8,8,9,30,Good,10,https://www.valueresearchonline.com/funds/41606/
Tata Short Term Bond Dir,debt,Short Duration,Direct,INF277K01QR4,119949,5.03,7.23,6.34,Debt: Short Duration,5.34,7.43,6.75,7.81,1.95,AAA,2.23,8,7,7,9,31,Good,25,https://www.valueresearchonline.com/funds/16736/
UTI Short Duration Dir,debt,Short Duration,Direct,INF789F01XY0,120718,5.26,7.45,7.57,Debt: Short Duration,5.34,7.43,6.75,7.92,2.14,AAA,2.72,8,6,6,9,29,Good,25,https://www.valueresearchonline.com/funds/17052/
Union Short Duration Dir,debt,Short Duration,Direct,INF582M01KO3,153242,5.15,,,Debt: Short Duration,5.34,,,7.32,2.25,AAA,2.54,7,6,7,9,29,Good,12,https://www.valueresearchonline.com/funds/44890/
Zerodha Nifty Short Duration G-Sec Index Dir,debt,Short Duration,Direct,INF0R8F01182,154109,,,,Debt: Short Duration,,,,,,GOI/Cash,,,,,,,N/A,3,https://www.valueresearchonline.com/funds/45752/
ABSL CRISIL IBX 50:50 Gilt+SDL Apr 2028 Index Dir,debt,Target Maturity,Direct,INF209KB14N1,150702,5.15,7.38,,Debt: Target Maturity,5.18,7.36,,6.78,1.59,GOI/Cash,1.68,5,7,8,10,30,Good,24,https://www.valueresearchonline.com/funds/42601/
ABSL CRISIL IBX 60:40 SDL+ AAA PSU Apr 2026 Index Dir,debt,Target Maturity,Direct,INF209KB10P4,150938,,,,,,,,,,Cash,,,,,,,N/A,0,https://www.valueresearchonline.com/funds/42832/
ABSL CRISIL IBX 60:40 SDL+AAA PSU-Apr 2027 Dir,debt,Target Maturity,Direct,INF209KB19H2,150353,5.84,7.28,,Debt: Target Maturity,5.18,7.36,,6.88,0.62,AAA,0.63,5,9,9,9,32,Good,25,https://www.valueresearchonline.com/funds/42264/
ABSL CRISIL IBX Gilt Apr 2028 Index Dir,debt,Target Maturity,Direct,INF209KB11U2,151577,5.2,6.99,,Debt: Target Maturity,5.18,7.36,,6.26,1.45,GOI/Cash,1.54,3,8,8,10,29,Good,3,https://www.valueresearchonline.com/funds/43266/
ABSL CRISIL IBX Gilt April 2033 Index Dir,debt,Target Maturity,Direct,INF209KB19Y7,152267,4.33,,,Debt: Target Maturity,5.18,,,7.08,5.13,GOI/Cash,6.48,6,3,5,10,24,Average,1,https://www.valueresearchonline.com/funds/43983/
ABSL CRISIL IBX Gilt June 2027 Index Dir,debt,Target Maturity,Direct,INF209KC1076,152659,5.49,,,Debt: Target Maturity,5.18,,,6.12,0.96,GOI/Cash,1.01,,,,,,N/A,1,https://www.valueresearchonline.com/funds/44343/
ABSL CRISIL IBX Gilt-Apr 2029 Index Dir,debt,Target Maturity,Direct,INF209KB12O3,150778,5.18,7.6,,Debt: Target Maturity,5.18,7.36,,6.61,2.58,GOI/Cash,2.8,4,6,7,10,27,Average,8,https://www.valueresearchonline.com/funds/42685/
ABSL CRISIL IBX Gilt-April 2026 Index Dir,debt,Target Maturity,Direct,INF209KB10N9,150698,,,,,,,,,,Cash,,,,,,,N/A,0,https://www.valueresearchonline.com/funds/42597/
ABSL CRISIL IBX SDL Jun 2032 Index Dir,debt,Target Maturity,Direct,INF209KB14S0,151427,4.15,7.39,,Debt: Target Maturity,5.18,7.36,,7.57,4.55,GOI/Cash,5.59,8,4,5,10,27,Average,11,https://www.valueresearchonline.com/funds/43138/
ABSL CRISIL-IBX AAA Fin Srvices Index-Sep 2027 Dir,debt,Target Maturity,Direct,INF209KC1290,153030,6.2,,,Debt: Target Maturity,5.18,,,7.99,1.03,AAA,1.08,8,8,8,9,33,Good,12,https://www.valueresearchonline.com/funds/44685/
ABSL CRISIL-IBX AAA NBFC-HFC Index-Sep 2026 Dir,debt,Target Maturity,Direct,INF209KC1217,152947,6.87,,,Debt: Target Maturity,5.18,,,7.31,0.12,AAA,0.13,7,10,10,9,36,Good,9,https://www.valueresearchonline.com/funds/44616/
ABSL Nifty SDL Apr 2027 Dir,debt,Target Maturity,Direct,INF209KB11F3,149794,5.71,7.32,,Debt: Target Maturity,5.18,7.36,,6.1,0.54,GOI/Cash,0.55,2,9,9,10,30,Good,25,https://www.valueresearchonline.com/funds/42027/
ABSL Nifty SDL Sep 2027 Index Dir,debt,Target Maturity,Direct,INF209KB16T3,151562,5.52,7.44,,Debt: Target Maturity,5.18,7.36,,6.69,1.15,GOI/Cash,1.19,4,8,8,10,30,Good,10,https://www.valueresearchonline.com/funds/43270/
ABSL SDL + PSU Bond Sep 2026 60:40 Dir,debt,Target Maturity,Direct,INF209KB18B7,149199,5.9,7.19,,Debt: Target Maturity,5.18,7.36,,6.44,0.19,AAA,0.19,3,10,10,9,32,Good,25,https://www.valueresearchonline.com/funds/41726/
Axis CRISIL IBX 50:50 Gilt Plus SDL Jun 2028 Index Dir,debt,Target Maturity,Direct,INF846K010N7,151300,5.16,7.4,,Debt: Target Maturity,5.18,7.36,,6.93,1.73,GOI/Cash,1.85,4,7,8,10,29,Good,9,https://www.valueresearchonline.com/funds/43027/
Axis CRISIL IBX 50:50 Gilt Plus SDL September 2027 Index Dir,debt,Target Maturity,Direct,INF846K012O1,151435,5.52,7.33,,Debt: Target Maturity,5.18,7.36,,6.42,1.02,GOI/Cash,1.07,3,8,8,10,29,Good,8,https://www.valueresearchonline.com/funds/43146/
Axis CRISIL IBX SDL May 2027 Dir,debt,Target Maturity,Direct,INF846K017G6,149873,5.73,7.49,,Debt: Target Maturity,5.18,7.36,,6.48,0.88,GOI/Cash,0.9,3,9,9,10,31,Good,25,https://www.valueresearchonline.com/funds/42096/
Axis CRISIL-IBX AAA Bond Fin Srvices-Sep 2027 Index Dir,debt,Target Maturity,Direct,INF846K015Y3,153051,5.85,,,Debt: Target Maturity,5.18,,,7.84,1.05,AAA,1.12,7,8,8,9,32,Good,13,https://www.valueresearchonline.com/funds/44720/
Axis CRISIL-IBX AAA Bond NBFC-HFC-Jun 2027 Index Dir,debt,Target Maturity,Direct,INF846KA1028,153172,6.24,,,Debt: Target Maturity,5.18,,,7.36,0.67,AAA,0.69,8,9,8,9,34,Good,11,https://www.valueresearchonline.com/funds/44816/
Axis CRISIL-IBX AAA Bond NBFC-Jun 2027 Index Dir,debt,Target Maturity,Direct,INF846K017X1,152887,6.33,,,Debt: Target Maturity,5.18,,,7.97,0.9,AAA,0.93,8,9,8,9,34,Good,21,https://www.valueresearchonline.com/funds/44562/
Axis Nifty AAA Bond + SDL Apr 2026 50:50 ETF,debt,Target Maturity,Direct,INF846K01Z04,148926,,,,,,,,,,Cash,,,,,,,N/A,0,https://www.valueresearchonline.com/funds/41480/
Axis Nifty AAA Bond + SDL Apr 2026 50:50 ETF FoF Dir,debt,Target Maturity,Direct,INF846K017C5,149243,,,,,,,,,,Cash,,,,,,,N/A,0,https://www.valueresearchonline.com/funds/41766/
Axis Nifty SDL September 2026 Debt Index Dir,debt,Target Maturity,Direct,INF846K018K6,150854,5.72,7.24,,Debt: Target Maturity,5.18,7.36,,5.86,0.25,GOI/Cash,0.25,1,10,10,10,31,Good,9,https://www.valueresearchonline.com/funds/42739/
BHARAT Bond ETF FOF-April 2032 Dir*,debt,Target Maturity,Direct,INF754K01NY5,149401,4,7.25,,Debt: Target Maturity,5.18,7.36,,7.68,4.73,AAA,5.71,8,4,5,9,26,Average,1,https://www.valueresearchonline.com/funds/41900/
BHARAT Bond ETF FOF-April 2033 Dir*,debt,Target Maturity,Direct,INF754K01RC2,150989,3.54,7.19,,Debt: Target Maturity,5.18,7.36,,7.63,5.26,AAA,6.57,8,3,5,9,25,Average,1,https://www.valueresearchonline.com/funds/42896/
BHARAT Bond ETF-April 2030,debt,Target Maturity,Direct,INF754K01KO2,147849,5.14,7.58,6.69,Debt: Target Maturity,4.96,7.18,6.36,7.65,3.13,AAA,3.51,7,5,6,9,27,Average,25,https://www.valueresearchonline.com/funds/40483/
BHARAT Bond ETF-April 2031,debt,Target Maturity,Direct,INF754K01LE1,148445,4.83,7.59,6.55,Debt: Target Maturity,4.96,7.18,6.36,7.66,4,AAA,4.65,8,4,6,9,27,Average,25,https://www.valueresearchonline.com/funds/41060/
BHARAT Bond ETF-April 2032,debt,Target Maturity,Direct,INF754K01OB1,149398,4.47,7.55,,Debt: Target Maturity,4.96,7.18,,7.69,4.74,AAA,5.72,8,4,5,9,26,Average,25,https://www.valueresearchonline.com/funds/41897/
BHARAT Bond ETF-April 2033,debt,Target Maturity,Direct,INF754K01QX0,150987,4.08,7.52,,Debt: Target Maturity,4.96,7.18,,7.66,5.31,AAA,6.63,8,3,5,9,25,Average,24,https://www.valueresearchonline.com/funds/42893/
BHARAT Bond FOF-April 2030 Dir*,debt,Target Maturity,Direct,INF754K01KY1,147857,4.84,7.31,6.56,Debt: Target Maturity,5.18,7.36,6.36,7.64,3.12,AAA,3.51,7,5,6,9,27,Average,1,https://www.valueresearchonline.com/funds/40490/
BHARAT Bond FOF-April 2031 Dir*,debt,Target Maturity,Direct,INF754K01LO0,148450,4.53,7.36,6.43,Debt: Target Maturity,5.18,7.36,6.36,7.65,3.99,AAA,4.64,8,4,6,9,27,Average,1,https://www.valueresearchonline.com/funds/41067/
Bandhan CRISIL IBX 90:10 SDL+Gilt-April 2032 Index Dir,debt,Target Maturity,Direct,INF194KB1EN2,150871,4.2,7.48,,Debt: Target Maturity,5.18,7.36,,5.91,0.34,GOI/Cash,0.34,7,4,5,10,26,Average,25,https://www.valueresearchonline.com/funds/42791/
Bandhan CRISIL IBX 90:10 SDL+Gilt-November 2026 Index Dir,debt,Target Maturity,Direct,INF194KB1ET9,150868,5.77,7.3,,Debt: Target Maturity,5.18,7.36,,7.58,,GOI/Cash,,1,10,10,10,31,Good,17,https://www.valueresearchonline.com/funds/42787/
Bandhan CRISIL IBX 90:10 SDL+Gilt-September 2027 Index Dir,debt,Target Maturity,Direct,INF194KB1FA6,150889,5.56,7.48,,Debt: Target Maturity,5.18,7.36,,6.79,1.12,GOI/Cash,1.18,3,8,8,10,29,Good,12,https://www.valueresearchonline.com/funds/42820/
Bandhan CRISIL IBX Gilt April 2028 Index Dir,debt,Target Maturity,Direct,INF194KB1BV1,148792,5.5,7.35,6.3,Debt: Target Maturity,5.18,7.36,6.36,6.21,1.39,GOI/Cash,1.48,2,7,8,10,27,Average,4,https://www.valueresearchonline.com/funds/41372/
Bandhan CRISIL IBX Gilt June 2027 Index Dir,debt,Target Maturity,Direct,INF194KB1BP3,148789,5.61,7.22,6.16,Debt: Target Maturity,5.18,7.36,6.36,6.12,0.93,GOI/Cash,0.97,1,8,8,10,27,Average,4,https://www.valueresearchonline.com/funds/41376/
Bandhan CRISIL-IBX 10:90 Gilt + SDL Index-Dec 2029 Dir,debt,Target Maturity,Direct,INF194KB1JL5,153389,4.28,,,Debt: Target Maturity,5.18,,,6.73,3.08,GOI/Cash,3.51,3,5,6,10,24,Average,1,https://www.valueresearchonline.com/funds/45034/
Bandhan Crisil IBX Gilt April 2026 Index Dir,debt,Target Maturity,Direct,INF194KB1EH4,150746,,,,,,,,5.15,0.01,CASH,0.01,,,,,,N/A,0,https://www.valueresearchonline.com/funds/42669/
Bandhan Crisil IBX Gilt April 2032 Index Dir,debt,Target Maturity,Direct,INF194KB1FF5,151408,4.57,7.7,,Debt: Target Maturity,5.18,7.36,,6.96,4.59,GOI/Cash,5.51,5,4,5,10,24,Average,2,https://www.valueresearchonline.com/funds/43150/
Baroda BNP Paribas NIFTY SDL December 2028 Index Dir,debt,Target Maturity,Direct,INF251K01RR7,151574,4.56,7.41,,Debt: Target Maturity,5.18,7.36,,7.12,2.2,GOI/Cash,2.46,5,6,7,10,28,Good,4,https://www.valueresearchonline.com/funds/43305/
Baroda BNP Paribas Nifty SDL December 2026 Index Dir,debt,Target Maturity,Direct,INF251K01RL0,151283,5.66,7.33,,Debt: Target Maturity,5.18,7.36,,5.93,0.51,GOI/Cash,0.53,1,9,9,10,29,Good,5,https://www.valueresearchonline.com/funds/43046/
DSP CRISIL-IBX 50:50 Gilt Plus SDL-April 2033 Index Dir,debt,Target Maturity,Direct,INF740KA1SB7,151329,3.73,7.38,,Debt: Target Maturity,5.18,7.36,,7.34,5.1,GOI/Cash,6.42,7,3,5,10,25,Average,11,https://www.valueresearchonline.com/funds/43070/
DSP Nifty SDL + G-Sec Jun 2028 30:70 Dir,debt,Target Maturity,Direct,INF740KA1QV9,149970,5.36,7.39,,Debt: Target Maturity,5.18,7.36,,6.42,1.63,GOI/Cash,1.75,3,7,8,10,28,Good,25,https://www.valueresearchonline.com/funds/42187/
DSP Nifty SDL Plus G-Sec Sep 2027 50:50 Index Dir,debt,Target Maturity,Direct,INF740KA1SH4,151373,5.54,7.36,,Debt: Target Maturity,5.18,7.36,,6.28,1.17,GOI/Cash,1.23,3,8,8,10,29,Good,10,https://www.valueresearchonline.com/funds/43113/
Edelweiss CRISIL IBX 50:50 Gilt Plus SDL April 2037 Dir,debt,Target Maturity,Direct,INF754K01PF9,150671,2.56,7.18,,Debt: Target Maturity,5.18,7.36,,7.55,7.46,GOI/Cash,10.38,8,2,3,10,23,Average,14,https://www.valueresearchonline.com/funds/42589/
Edelweiss CRISIL IBX 50:50 Gilt Plus SDL June 2027 Dir,debt,Target Maturity,Direct,INF754K01PN3,150727,5.64,7.31,,Debt: Target Maturity,5.18,7.36,,6.25,0.9,GOI/Cash,0.91,2,9,8,10,29,Good,7,https://www.valueresearchonline.com/funds/42637/
Edelweiss CRISIL IBX 50:50 Gilt Plus SDL Sep 2028 Index Dir,debt,Target Maturity,Direct,INF754K01PV6,150807,5.09,7.44,,Debt: Target Maturity,5.18,7.36,,6.84,1.76,GOI/Cash,1.84,4,7,8,10,29,Good,6,https://www.valueresearchonline.com/funds/42709/
Edelweiss CRISIL IBX AAA Fin Srvices Bond-Jan 2028 Index Dir,debt,Target Maturity,Direct,INF754K01TP0,153115,6.09,,,Debt: Target Maturity,5.18,,,7.93,1.32,AAA,1.39,8,8,8,9,33,Good,14,https://www.valueresearchonline.com/funds/44748/
Edelweiss CRISIL-IBX AAA Bond NBFC-HFC-Jun 2027 Index Dir,debt,Target Maturity,Direct,INF754K01UG7,153335,6.44,,,Debt: Target Maturity,5.18,,,8.08,0.93,AAA,0.96,8,9,8,9,34,Good,14,https://www.valueresearchonline.com/funds/44976/
Edelweiss NIFTY PSU Bond Plus SDL Apr 2026 50:50 Index Dir,debt,Target Maturity,Direct,INF754K01MD1,148795,,,,,,,,,,Cash,,,,,,,N/A,0,https://www.valueresearchonline.com/funds/41380/
Edelweiss NIFTY PSU Bond Plus SDL Apr 2027 50:50 Index Dir,debt,Target Maturity,Direct,INF754K01MT7,149247,5.65,7.29,,Debt: Target Maturity,5.18,7.36,,7.12,0.77,AAA,0.77,4,9,9,9,31,Good,25,https://www.valueresearchonline.com/funds/41770/
HDFC NIFTY G-Sec Jun 2036 Index Dir,debt,Target Maturity,Direct,INF179KC1FS6,151489,3.63,7.61,,Debt: Target Maturity,5.18,7.36,,7.14,7.14,GOI/Cash,9.86,6,2,4,10,22,Average,2,https://www.valueresearchonline.com/funds/43251/
HDFC NIFTY SDL Plus G-Sec Jun 2027 40:60 Index Dir,debt,Target Maturity,Direct,INF179KC1GA2,151570,5.67,7.3,,Debt: Target Maturity,5.18,7.36,,6.25,0.89,GOI/Cash,0.93,3,9,9,10,31,Good,10,https://www.valueresearchonline.com/funds/43338/
HDFC Nifty G-Sec Apr 2029 Index Dir,debt,Target Maturity,Direct,INF179KC1FQ0,151495,5.16,7.58,,Debt: Target Maturity,5.18,7.36,,6.63,2.61,GOI/Cash,2.86,4,6,7,10,27,Average,2,https://www.valueresearchonline.com/funds/43249/
HDFC Nifty G-Sec July 2031 Index Dir,debt,Target Maturity,Direct,INF179KC1EH2,150847,4.7,7.67,,Debt: Target Maturity,5.18,7.36,,6.97,4.26,GOI/Cash,5.01,5,4,5,10,24,Average,6,https://www.valueresearchonline.com/funds/42764/
HDFC Nifty G-Sec Jun 2027 Index Dir,debt,Target Maturity,Direct,INF179KC1EJ8,151181,5.61,7.22,,Debt: Target Maturity,5.18,7.36,,6.16,0.98,GOI/Cash,1.03,2,9,8,10,29,Good,2,https://www.valueresearchonline.com/funds/42927/
HDFC Nifty G-Sec Sep 2032 Index Dir,debt,Target Maturity,Direct,INF179KC1EL4,151183,4.29,7.63,,Debt: Target Maturity,5.18,7.36,,7.1,5,GOI/Cash,6.19,6,3,5,10,24,Average,4,https://www.valueresearchonline.com/funds/42929/
HDFC Nifty G-sec Dec 2026 Index Dir,debt,Target Maturity,Direct,INF179KC1EE9,150845,5.57,7.03,,Debt: Target Maturity,5.18,7.36,,5.77,0.42,GOI/Cash,0.42,1,10,10,10,31,Good,4,https://www.valueresearchonline.com/funds/42762/
HDFC Nifty SDL Oct 2026 Index Dir,debt,Target Maturity,Direct,INF179KC1FI7,151456,5.68,7.19,,Debt: Target Maturity,5.18,7.36,,5.71,0.22,GOI/Cash,0.22,1,10,10,10,31,Good,25,https://www.valueresearchonline.com/funds/43194/
HSBC CRISIL IBX 50:50 Gilt+SDL Apr 2028 Dir,debt,Target Maturity,Direct,INF336L01QH7,149966,5.24,7.37,,Debt: Target Maturity,5.18,7.36,,6.79,1.61,GOI/Cash,1.71,4,7,8,10,29,Good,25,https://www.valueresearchonline.com/funds/42191/
HSBC CRISIL IBX Gilt June 2027 Index Dir,debt,Target Maturity,Direct,INF336L01QT2,151479,5.62,7.24,,Debt: Target Maturity,5.18,7.36,,6.12,0.94,GOI/Cash,0.99,2,8,8,10,28,Good,4,https://www.valueresearchonline.com/funds/43207/
ICICI Pru Nifty G-Sec Dec 2030 Index Dir,debt,Target Maturity,Direct,INF109KC18K8,150733,4.74,7.59,,Debt: Target Maturity,5.18,7.36,,6.84,3.66,GOI/Cash,4.43,5,5,6,10,26,Average,7,https://www.valueresearchonline.com/funds/42651/
ICICI Pru Nifty PSU Bond + SDL Sep 2027 40:60 Index Dir,debt,Target Maturity,Direct,INF109KC1S88,149210,5.43,7.35,,Debt: Target Maturity,5.18,7.36,,7.24,1.12,AAA,1.18,5,8,8,9,30,Good,25,https://www.valueresearchonline.com/funds/41730/
ICICI Pru Nifty SDL Dec 2028 Index Dir,debt,Target Maturity,Direct,INF109KC14L5,150729,4.63,7.48,,Debt: Target Maturity,5.18,7.36,,7.38,2.21,GOI/Cash,2.46,6,6,7,10,29,Good,25,https://www.valueresearchonline.com/funds/42647/
ICICI Pru Nifty SDL Sep 2026 Index Dir,debt,Target Maturity,Direct,INF109KC13P8,151211,5.65,7.18,,Debt: Target Maturity,5.18,7.36,,5.76,0.23,GOI/Cash,0.24,1,10,10,10,31,Good,19,https://www.valueresearchonline.com/funds/42954/
ICICI Pru Nifty SDL Sep 2027 Index Dir,debt,Target Maturity,Direct,INF109KC14B6,149999,5.49,7.47,,Debt: Target Maturity,5.18,7.36,,6.86,1.13,GOI/Cash,1.18,4,8,8,10,30,Good,25,https://www.valueresearchonline.com/funds/42229/
Invesco India Nifty G-sec Jul 2027 Index Dir,debt,Target Maturity,Direct,INF205KA1775,151593,5.65,7.26,,Debt: Target Maturity,5.18,7.36,,6.14,0.95,GOI/Cash,1,2,8,8,10,28,Good,3,https://www.valueresearchonline.com/funds/43345/
Invesco India Nifty G-sec Sep 2032 Index Dir,debt,Target Maturity,Direct,INF205KA1817,151597,4.46,7.69,,Debt: Target Maturity,5.18,7.36,,7.01,4.7,GOI/Cash,5.74,6,4,5,10,25,Average,3,https://www.valueresearchonline.com/funds/43349/
Kotak CRISIL IBX AAA Financial Services Index-Sep 2027 Dir,debt,Target Maturity,Direct,INF174KA1TF1,152869,6.08,,,Debt: Target Maturity,5.18,,,8.02,1.14,AAA,1.22,9,8,8,9,34,Good,17,https://www.valueresearchonline.com/funds/44551/
Kotak CRISIL-IBX AAA Bond Fin Srvices Index-Dec 2026 Dir,debt,Target Maturity,Direct,INF174KA1UX2,153313,6.36,,,Debt: Target Maturity,5.18,,,7.87,0.4,AAA,0.4,8,10,10,9,37,Good,17,https://www.valueresearchonline.com/funds/44942/
Kotak Nifty AAA Bond Financial Services Mar 2028 Index Dir,debt,Target Maturity,Direct,INF174KA1WY6,153680,,,,Debt: Target Maturity,,,,7.97,1.47,AAA,1.55,8,8,8,9,33,Good,12,https://www.valueresearchonline.com/funds/45291/
Kotak Nifty G-Sec July 2033 Index Dir,debt,Target Maturity,Direct,INF174KA1PJ1,152098,4.22,,,Debt: Target Maturity,5.18,,,7.08,5.09,GOI/Cash,6.39,6,3,5,10,24,Average,2,https://www.valueresearchonline.com/funds/43810/
Kotak Nifty SDL Apr 2027 Top 12 Equal Weight Dir,debt,Target Maturity,Direct,INF174KA1IL2,149855,5.81,7.44,,Debt: Target Maturity,5.18,7.36,,6.35,0.74,GOI/Cash,0.76,3,9,9,10,31,Good,25,https://www.valueresearchonline.com/funds/42084/
Kotak Nifty SDL Apr 2032 Top 12 Equal Weight Dir,debt,Target Maturity,Direct,INF174KA1IR9,149865,4.01,7.33,,Debt: Target Maturity,5.18,7.36,,7.7,4.56,GOI/Cash,5.61,8,4,5,10,27,Average,25,https://www.valueresearchonline.com/funds/42088/
Kotak Nifty SDL Jul 2026 Index Dir,debt,Target Maturity,Direct,INF174KA1LC5,151218,5.63,7.11,,Debt: Target Maturity,5.18,7.36,,5.61,0.11,GOI/Cash,0.11,1,10,10,10,31,Good,6,https://www.valueresearchonline.com/funds/42958/
Kotak Nifty SDL Jul 2033 Index Dir,debt,Target Maturity,Direct,INF174KA1MJ8,151420,3.04,7.09,,Debt: Target Maturity,5.18,7.36,,7.73,5.12,GOI/Cash,6.53,8,3,5,10,26,Average,12,https://www.valueresearchonline.com/funds/43166/
Kotak Nifty SDL Plus AAA PSU Bond Jul 2028 60:40 Index Dir,debt,Target Maturity,Direct,INF174KA1JT3,150725,5.11,7.37,,Debt: Target Maturity,5.18,7.36,,7.45,1.72,AAA,1.83,7,7,8,9,31,Good,25,https://www.valueresearchonline.com/funds/42643/
Mirae Asset CRISIL IBX Gilt Index-April 2033 Index Dir,debt,Target Maturity,Direct,INF769K01IX5,150792,3.99,7.44,,Debt: Target Maturity,5.18,7.36,,7.06,5.2,GOI/Cash,6.25,6,3,5,10,24,Average,6,https://www.valueresearchonline.com/funds/42697/
Mirae Asset Nifty AAA PSU Bond Plus SDL Apr 2026 50:50 Index Dir,debt,Target Maturity,Direct,INF769K01JC7,150787,,,,,,,,5.14,0.01,Cash,0.01,,,,,,N/A,0,https://www.valueresearchonline.com/funds/42701/
Mirae Asset Nifty SDL Jun 2027 Index Dir,debt,Target Maturity,Direct,INF769K01IH8,150358,5.67,7.48,,Debt: Target Maturity,5.18,7.36,,6.56,0.94,GOI/Cash,0.94,4,9,9,10,32,Good,25,https://www.valueresearchonline.com/funds/42238/
Mirae Asset Nifty SDL June 2028 Index Dir,debt,Target Maturity,Direct,INF769K01JZ8,151691,5.1,7.53,,Debt: Target Maturity,5.18,7.36,,7.26,1.82,GOI/Cash,1.9,7,7,8,10,32,Good,16,https://www.valueresearchonline.com/funds/43395/
Nippon India CRISIL IBX AAA Fin Srvices-Dec 2026 Index Dir,debt,Target Maturity,Direct,INF204KC1DM3,152992,6.56,,,Debt: Target Maturity,5.18,,,7.92,0.37,AAA,0.38,8,10,10,9,37,Good,18,https://www.valueresearchonline.com/funds/44654/
Nippon India CRISIL IBX AAA Fin Srvices-Jan 2028 Index Dir,debt,Target Maturity,Direct,INF204KC1DS0,152996,5.94,,,Debt: Target Maturity,5.18,,,7.98,1.39,AAA,1.46,8,8,8,9,33,Good,16,https://www.valueresearchonline.com/funds/44658/
Nippon India ETF Nifty SDL Apr 2026 Top 20 Equal Wght,debt,Target Maturity,Direct,INF204KC1022,148798,,,,,,,,5.24,0.01,CASH,0.01,,,,,,N/A,0,https://www.valueresearchonline.com/funds/41392/
Nippon India Nifty AAA CPSE Bond + SDL-Apr 2027 Mtrty 60:40 Dir,debt,Target Maturity,Direct,INF204KC1527,150012,5.89,7.3,,Debt: Target Maturity,5.18,7.36,,7.16,0.61,AAA,0.62,6,9,9,9,33,Good,25,https://www.valueresearchonline.com/funds/42221/
Nippon India Nifty AAA PSU Bond+SDL-Sep 2026 Mtrty 50:50 Index Dir,debt,Target Maturity,Direct,INF204KC1683,150754,5.97,7.16,,Debt: Target Maturity,5.18,7.36,,6.53,0.18,AAA,0.18,4,10,10,9,33,Good,25,https://www.valueresearchonline.com/funds/42663/
Nippon India Nifty G-Sec Jun 2036 Mtrty Index Dir,debt,Target Maturity,Direct,INF204KC1AC0,150920,3.5,7.58,,Debt: Target Maturity,5.18,7.36,,7.13,7.09,GOI/Cash,9.74,6,2,4,10,22,Average,4,https://www.valueresearchonline.com/funds/42828/
Nippon India Nifty G-Sec Oct 2028 Mtrty Index Dir,debt,Target Maturity,Direct,INF204KC1AO5,151440,5.19,7.39,,Debt: Target Maturity,5.18,7.36,,6.44,2.02,GOI/Cash,2.17,3,6,7,10,26,Average,4,https://www.valueresearchonline.com/funds/43175/
Nippon India Nifty G-Sec Sep 2027 Mtrty Index Dir,debt,Target Maturity,Direct,INF204KC1881,150906,5.58,7.23,,Debt: Target Maturity,5.18,7.36,,6.17,1.03,GOI/Cash,1.09,2,8,8,10,28,Good,3,https://www.valueresearchonline.com/funds/42816/
Nippon India Nifty SDL Plus G-Sec-Jun 2028 Mtrty 70:30 Index Dir,debt,Target Maturity,Direct,INF204KC1741,150824,5.22,7.44,,Debt: Target Maturity,5.18,7.36,,6.98,1.61,GOI/Cash,1.73,5,7,8,10,30,Good,25,https://www.valueresearchonline.com/funds/42735/
Nippon India Nifty SDL Plus G-Sec-Jun 2029 Mtrty 70:30 Index Dir,debt,Target Maturity,Direct,INF204KC1AI7,151390,4.99,7.6,,Debt: Target Maturity,5.18,7.36,,7.19,2.51,GOI/Cash,2.79,6,6,7,10,29,Good,25,https://www.valueresearchonline.com/funds/43171/
PGIM India CRISIL IBX Gilt Index-Apr 2028 Dir,debt,Target Maturity,Direct,INF663L01X21,151407,5.22,7.14,,Debt: Target Maturity,5.18,7.36,,6.24,1.39,GOI/Cash,1.45,2,8,8,10,28,Good,3,https://www.valueresearchonline.com/funds/43158/
SBI CPSE Bond + SDL Sep 2026 50:50 Dir,debt,Target Maturity,Direct,INF200KA13D5,149474,5.92,7.17,,Debt: Target Maturity,5.18,7.36,,6.6,0.18,AAA,0.19,2,10,10,9,31,Good,25,https://www.valueresearchonline.com/funds/41950/
SBI CRISIL IBX Gilt Index-April 2029 Dir,debt,Target Maturity,Direct,INF200KA18Q6,150706,5.16,7.57,,Debt: Target Maturity,5.18,7.36,,6.6,2.58,GOI/Cash,2.82,4,6,7,10,27,Average,1,https://www.valueresearchonline.com/funds/42613/
SBI CRISIL IBX Gilt Index-June 2036 Dir,debt,Target Maturity,Direct,INF200KA12Q9,150681,3.61,7.53,,Debt: Target Maturity,5.18,7.36,,7.15,7.19,GOI/Cash,9.93,7,2,3,10,22,Average,1,https://www.valueresearchonline.com/funds/42593/
SBI CRISIL IBX SDL Index-September 2027 Dir,debt,Target Maturity,Direct,INF200KA14R3,150711,5.48,7.43,,Debt: Target Maturity,5.18,7.36,,6.85,1.14,GOI/Cash,1.19,4,8,8,10,30,Good,19,https://www.valueresearchonline.com/funds/42617/
Tata Nifty G-Sec Dec 2026 Index Dir,debt,Target Maturity,Direct,INF277KA1794,151301,5.61,7.08,,Debt: Target Maturity,5.18,7.36,,5.79,0.45,GOI/Cash,0.45,1,10,10,10,31,Good,2,https://www.valueresearchonline.com/funds/43058/
Tata Nifty G-Sec Dec 2029 Index Dir,debt,Target Maturity,Direct,INF277KA1737,151273,5.06,7.62,,Debt: Target Maturity,5.18,7.36,,6.69,2.83,GOI/Cash,3.16,4,6,6,10,26,Average,2,https://www.valueresearchonline.com/funds/43011/
Tata Nifty SDL+AAA PSU Bond Dec 27 60:40 Dir,debt,Target Maturity,Direct,INF277KA1372,150326,5.18,7.3,,Debt: Target Maturity,5.18,7.36,,7.26,1.36,AAA,1.45,7,8,8,9,32,Good,25,https://www.valueresearchonline.com/funds/42260/
UTI CRISIL SDL Maturity April 2033 Index Dir,debt,Target Maturity,Direct,INF789F1AWX3,151185,3.09,7.11,,Debt: Target Maturity,5.18,7.36,,7.5,4.82,GOI/Cash,6.13,8,4,5,10,27,Average,25,https://www.valueresearchonline.com/funds/42945/
UTI CRISIL SDL Maturity June 2027 Index Dir,debt,Target Maturity,Direct,INF789F1AWZ8,151239,5.73,7.46,,Debt: Target Maturity,5.18,7.36,,6.28,0.93,GOI/Cash,0.97,3,9,9,10,31,Good,15,https://www.valueresearchonline.com/funds/42991/
UTI Nifty SDL Plus AAA PSU Bond Apr 2026 75:25 Index Dir,debt,Target Maturity,Direct,INF789F1AXL6,151364,,,,,,,,5.27,0,Cash,0,,,,,,N/A,0,https://www.valueresearchonline.com/funds/43131/
UTI Nifty SDL Plus AAA PSU Bond Apr 2028 75:25 Index Dir,debt,Target Maturity,Direct,INF789F1AXR3,151487,5.15,7.39,,Debt: Target Maturity,5.18,7.36,,7.13,1.78,AAA,1.89,6,7,8,9,30,Good,16,https://www.valueresearchonline.com/funds/43246/
ABSL CRISIL-IBX Fin Srvices 3 to 6 Months Debt Index Dir,debt,Ultra Short Duration,Direct,INF209KC1456,153179,6.71,,,Debt: Ultra Short Duration,6.44,,,7.61,0.21,AAA,0.21,8,10,10,9,37,Good,25,https://www.valueresearchonline.com/funds/44829/
ABSL Savings Dir,debt,Ultra Short Duration,Direct,INF209K01UR9,119501,6.48,7.47,6.61,Debt: Ultra Short Duration,6.44,7.21,6.43,7.98,0.49,AAA,0.57,8,10,9,9,36,Good,25,https://www.valueresearchonline.com/funds/15922/
Axis CRISIL-IBX Fin Srvices 3-6 Months Debt Index Dir,debt,Ultra Short Duration,Direct,INF846KA1226,153879,,,,Debt: Ultra Short Duration,,,,7.26,0.2,AAA,0.21,4,10,10,9,33,Good,15,https://www.valueresearchonline.com/funds/45519/
Axis Ultra Short Duration Dir,debt,Ultra Short Duration,Direct,INF846K01F40,144754,6.55,7.41,6.6,Debt: Ultra Short Duration,6.44,7.21,6.43,7.68,0.48,AAA,0.49,6,10,10,9,35,Good,25,https://www.valueresearchonline.com/funds/37533/
Bandhan CRISIL-IBX Financial Services 3-6 Months Debt Index Dir,debt,Ultra Short Duration,Direct,INF194KB1JR2,153407,6.67,,,Debt: Ultra Short Duration,6.44,,,7.46,0.23,AAA,0.23,5,10,10,9,34,Good,14,https://www.valueresearchonline.com/funds/45045/
Bandhan Ultra Short Duration Dir,debt,Ultra Short Duration,Direct,INF194KA16R3,144173,6.27,7.14,6.28,Debt: Ultra Short Duration,6.44,7.21,6.43,7.51,0.45,AAA,0.52,5,10,9,9,33,Good,25,https://www.valueresearchonline.com/funds/36956/
Bank of India Ultra Short Duration Dir,debt,Ultra Short Duration,Direct,INF761K01892,119379,6.28,6.86,6.05,Debt: Ultra Short Duration,6.44,7.21,6.43,7.29,0.38,AAA,0.38,4,10,10,9,33,Good,17,https://www.valueresearchonline.com/funds/16978/
Baroda BNP Paribas Ultra Short Duration Dir,debt,Ultra Short Duration,Direct,INF955L01HA8,143508,6.34,7.23,6.48,Debt: Ultra Short Duration,6.44,7.21,6.43,7.33,0.39,AAA,0.42,5,10,9,9,33,Good,25,https://www.valueresearchonline.com/funds/36295/
Canara Robeco Ultra Short Term Dir,debt,Ultra Short Duration,Direct,INF760K01GM1,118317,6.27,7.02,6.11,Debt: Ultra Short Duration,6.44,7.21,6.43,7.32,0.35,AAA,0.41,7,10,10,9,36,Good,23,https://www.valueresearchonline.com/funds/16684/
DSP Ultra Short Dir,debt,Ultra Short Duration,Direct,INF740K01ON5,119205,6.44,7.39,6.48,Debt: Ultra Short Duration,6.44,7.21,6.43,7.06,0.49,AAA,0.67,6,10,9,9,34,Good,25,https://www.valueresearchonline.com/funds/16415/
Franklin India Ultra Short Duration Dir,debt,Ultra Short Duration,Direct,INF090I01XL4,152825,6.47,,,Debt: Ultra Short Duration,6.44,,,7.53,0.25,AAA,0.56,5,10,9,9,33,Good,18,https://www.valueresearchonline.com/funds/44497/
HDFC CRISIL-IBX Fin Srvices 3-6 Months Debt Index Dir,debt,Ultra Short Duration,Direct,INF179KC1JK5,153517,6.98,,,Debt: Ultra Short Duration,6.44,,,7.63,0.21,AAA,0.22,8,10,10,9,37,Good,25,https://www.valueresearchonline.com/funds/45140/
HDFC Ultra Short Term Dir,debt,Ultra Short Duration,Direct,INF179KB15Q6,145034,6.2,7.21,6.39,Debt: Ultra Short Duration,6.44,7.21,6.43,7.61,0.47,AAA,0.75,8,10,9,9,36,Good,25,https://www.valueresearchonline.com/funds/37806/
HSBC Ultra Short Duration Dir,debt,Ultra Short Duration,Direct,INF336L01OR1,147908,6.31,7.21,6.37,Debt: Ultra Short Duration,6.44,7.21,6.43,7.41,0.48,AAA,0.49,5,10,10,9,34,Good,25,https://www.valueresearchonline.com/funds/40543/
ICICI Pru CRISIL-IBX Financial Services 3-6 Months Debt Index Dir,debt,Ultra Short Duration,Direct,INF109K1A062,153411,6.74,,,Debt: Ultra Short Duration,6.44,,,7.6,0.2,AAA,0.2,5,10,10,9,34,Good,22,https://www.valueresearchonline.com/funds/45048/
ICICI Pru Ultra Short Term Dir,debt,Ultra Short Duration,Direct,INF109K01T04,120676,6.53,7.4,6.63,Debt: Ultra Short Duration,6.44,7.21,6.43,7.79,0.48,AAA,0.53,6,10,9,9,34,Good,25,https://www.valueresearchonline.com/funds/17404/
ITI Ultra Short Duration Dir,debt,Ultra Short Duration,Direct,INF00XX01AE2,148913,6.27,7.09,6.23,Debt: Ultra Short Duration,6.44,7.21,6.43,6.83,0.3,AAA,0.3,3,10,10,9,32,Good,19,https://www.valueresearchonline.com/funds/41474/
Invesco India Ultra Short Duration Dir,debt,Ultra Short Duration,Direct,INF205K01TH0,120541,6.47,7.31,6.44,Debt: Ultra Short Duration,6.44,7.21,6.43,7.53,0.43,AAA,0.43,5,10,10,9,34,Good,25,https://www.valueresearchonline.com/funds/16797/
Kotak CRISIL-IBX Fin Srvices 3-6 Months Debt Index Dir,debt,Ultra Short Duration,Direct,INF174KA1VK7,153372,6.6,,,Debt: Ultra Short Duration,6.44,,,7.36,0.21,AAA,0.21,7,10,10,9,36,Good,18,https://www.valueresearchonline.com/funds/44996/
Kotak Savings Dir,debt,Ultra Short Duration,Direct,INF174K01JP2,119750,6.33,7.22,6.41,Debt: Ultra Short Duration,6.44,7.21,6.43,7.9,0.41,AAA,0.51,8,10,9,9,36,Good,25,https://www.valueresearchonline.com/funds/16346/
LIC MF Ultra Short Duration Direct,debt,Ultra Short Duration,Direct,INF767K01QU8,147772,6.45,7.12,6.32,Debt: Ultra Short Duration,6.44,7.21,6.43,7.66,0.46,AAA,0.46,4,10,10,9,33,Good,23,https://www.valueresearchonline.com/funds/40411/
Mahindra Manulife Ultra Short Duration Dir,debt,Ultra Short Duration,Direct,INF174V01887,147731,6.44,7.3,6.44,Debt: Ultra Short Duration,6.44,7.21,6.43,7.7,0.48,AAA,0.49,8,10,10,9,37,Good,25,https://www.valueresearchonline.com/funds/40343/
Mirae Asset Ultra Short Duration Dir,debt,Ultra Short Duration,Direct,INF769K01GK6,148529,6.55,7.42,6.52,Debt: Ultra Short Duration,6.44,7.21,6.43,7.64,0.48,AAA,0.6,8,10,9,9,36,Good,25,https://www.valueresearchonline.com/funds/41139/
Motilal Oswal Ultra Short Term Dir,debt,Ultra Short Duration,Direct,INF247L01247,124234,6.05,6.46,5.62,Debt: Ultra Short Duration,6.44,7.21,6.43,6.15,0.31,AAA,0.31,2,10,10,9,31,Good,14,https://www.valueresearchonline.com/funds/21385/
Nippon India CRISIL-IBX Financial Services 3-6 Months Debt Index Dir,debt,Ultra Short Duration,Direct,INF204KC1GX3,154271,,,,Debt: Ultra Short Duration,,,,7.28,0.2,AAA,0.2,7,10,10,9,36,Good,23,https://www.valueresearchonline.com/funds/45885/
Nippon India Ultra Short Duration Dir,debt,Ultra Short Duration,Direct,INF204K01YH3,143494,6.78,7.57,7.37,Debt: Ultra Short Duration,6.44,7.21,6.43,7.83,0.45,AAA,0.59,8,10,9,9,36,Good,25,https://www.valueresearchonline.com/funds/16091/
Nippon India Ultra Short Duration Seg Port 1 Direct,debt,Ultra Short Duration,Direct,INF204K01YH3,147675,,,,,,,,10.75,,BBB,0.07,,,,,,N/A,1,https://www.valueresearchonline.com/funds/40332/
PGIM India Ultra Short Duration Dir,debt,Ultra Short Duration,Direct,INF223J01QO7,138358,6.11,7.06,6.3,Debt: Ultra Short Duration,6.44,7.21,6.43,7.13,0.32,AAA,0.33,3,10,10,9,32,Good,19,https://www.valueresearchonline.com/funds/16397/
SBI Ultra Short Duration Dir,debt,Ultra Short Duration,Direct,INF200K01TF5,119828,6.25,7.16,6.3,Debt: Ultra Short Duration,6.44,7.21,6.43,7.77,0.46,AAA,0.71,6,10,9,9,34,Good,25,https://www.valueresearchonline.com/funds/16890/
Sundaram Ultra Short Duration Dir,debt,Ultra Short Duration,Direct,INF173K01HI3,149539,6.31,7.25,6.44,Debt: Ultra Short Duration,6.44,7.21,6.43,7.45,0.38,AAA,0.44,6,9,9,9,33,Good,25,https://www.valueresearchonline.com/funds/16635/
Tata Ultra Short Term Dir,debt,Ultra Short Duration,Direct,INF277K011T0,146075,6.74,7.47,6.59,Debt: Ultra Short Duration,6.44,7.21,6.43,7.91,0.48,AAA,0.57,8,10,9,9,36,Good,25,https://www.valueresearchonline.com/funds/38830/
UTI Ultra Short Duration Dir,debt,Ultra Short Duration,Direct,INF789F01TI1,120746,6.42,7.3,7.01,Debt: Ultra Short Duration,6.44,7.21,6.43,7.61,0.42,AAA,0.46,5,10,9,9,33,Good,25,https://www.valueresearchonline.com/funds/15737/
WhiteOak Capital Ultra Short Duration Dir,debt,Ultra Short Duration,Direct,INF03VN01209,147311,6.14,7,6.26,Debt: Ultra Short Duration,6.44,7.21,6.43,6.87,0.43,AAA,0.44,5,10,10,9,34,Good,21,https://www.valueresearchonline.com/funds/39938/
ABSL Banking & PSU Debt Reg,debt,Banking and PSU,Regular,INF209K01LV0,108273,4.4,6.82,5.97,Debt: Banking and PSU,4.62,6.8,5.9,7.73,2.73,AAA,3.8,8,6,6,9,29,Good,25,https://www.valueresearchonline.com/funds/7701/
ABSL Banking & PSU Debt Ret,debt,Banking and PSU,Regular,,120533,4.4,6.82,5.97,Debt: Banking and PSU,4.62,6.8,5.9,7.73,2.73,AAA,3.8,8,6,6,9,29,Good,25,https://www.valueresearchonline.com/funds/1302/
Axis Banking & PSU Debt Reg,debt,Banking and PSU,Regular,INF846K01CB0,117446,4.85,6.82,5.9,Debt: Banking and PSU,4.62,6.8,5.9,7.68,2.19,AAA,2.73,7,6,7,9,29,Good,25,https://www.valueresearchonline.com/funds/14890/
Bajaj Finserv Banking and PSU Reg,debt,Banking and PSU,Regular,INF0QA701557,152165,4.08,,,Debt: Banking and PSU,4.62,,,7.76,2.55,AAA,2.93,7,6,7,9,29,Good,20,https://www.valueresearchonline.com/funds/43848/
Bandhan Banking and PSU Reg,debt,Banking and PSU,Regular,INF194K01SN6,121280,5.2,6.84,5.93,Debt: Banking and PSU,4.62,6.8,5.9,7.57,2.32,AAA,2.53,7,6,6,9,28,Good,25,https://www.valueresearchonline.com/funds/18446/
Canara Robeco Banking and PSU Debt Reg,debt,Banking and PSU,Regular,INF760K01KF7,150503,4.55,6.42,,Debt: Banking and PSU,4.62,6.8,,7.48,2.7,AAA,3.18,7,6,6,9,28,Good,18,https://www.valueresearchonline.com/funds/42430/
DSP Banking & PSU Debt Reg,debt,Banking and PSU,Regular,INF740K01ZP6,124172,4.03,6.75,5.8,Debt: Banking and PSU,4.62,6.8,5.9,7.52,4.28,AAA,7.11,8,4,4,9,25,Average,25,https://www.valueresearchonline.com/funds/21198/
Edelweiss Banking and PSU Debt Reg,debt,Banking and PSU,Regular,INF843K01FK1,140283,3.85,6.57,5.83,Debt: Banking and PSU,4.62,6.8,5.9,7.57,1.38,AAA,1.46,7,6,7,9,29,Good,25,https://www.valueresearchonline.com/funds/21014/
Franklin India Banking & PSU Debt Reg,debt,Banking and PSU,Regular,INF090I01KO5,129006,5.69,7.08,6.01,Debt: Banking and PSU,4.62,6.8,5.9,7.5,1.28,AAA,2.62,7,7,6,9,29,Good,25,https://www.valueresearchonline.com/funds/26027/
HDFC Banking and PSU Debt Reg,debt,Banking and PSU,Regular,INF179KA1JC4,128628,4.64,6.9,5.93,Debt: Banking and PSU,4.62,6.8,5.9,7.78,3.21,AAA,4.09,8,5,6,9,28,Good,25,https://www.valueresearchonline.com/funds/25437/
HSBC Banking & PSU Debt Reg,debt,Banking and PSU,Regular,INF677K01AE7,151104,4.78,6.66,5.34,Debt: Banking and PSU,4.62,6.8,5.9,7.69,2.49,AAA,2.86,7,6,7,9,29,Good,25,https://www.valueresearchonline.com/funds/5860/
ICICI Pru Banking & PSU Debt,debt,Banking and PSU,Regular,INF109K01RT3,112342,5.19,7.14,6.37,Debt: Banking and PSU,4.62,6.8,5.9,7.9,3.38,AAA,5.83,8,5,5,9,27,Average,25,https://www.valueresearchonline.com/funds/10832/
ITI Banking & PSU Debt Reg,debt,Banking and PSU,Regular,INF00XX01838,148535,4.38,6.54,5.81,Debt: Banking and PSU,4.62,6.8,5.9,7.11,0.75,AAA,0.78,5,8,8,9,30,Good,13,https://www.valueresearchonline.com/funds/41133/
Invesco India Banking and PSU Reg,debt,Banking and PSU,Regular,INF205K01JV2,118232,4.35,6.85,5.32,Debt: Banking and PSU,4.62,6.8,5.9,7.46,3.08,AAA,3.98,7,5,6,9,27,Average,16,https://www.valueresearchonline.com/funds/15453/
Kotak Banking & PSU Debt Reg,debt,Banking and PSU,Regular,INF174K01FO3,123690,4.96,7.1,6.16,Debt: Banking and PSU,4.62,6.8,5.9,7.77,3.01,AAA,3.55,8,5,6,9,28,Good,25,https://www.valueresearchonline.com/funds/575/
LIC MF Banking & PSU Reg,debt,Banking and PSU,Regular,INF767K01535,105823,4.47,6.79,5.71,Debt: Banking and PSU,4.62,6.8,5.9,7.58,2.28,AAA,3.26,7,6,6,9,28,Good,25,https://www.valueresearchonline.com/funds/5184/
Mirae Asset Banking and PSU Reg,debt,Banking and PSU,Regular,INF769K01FV5,148416,3.98,6.46,5.5,Debt: Banking and PSU,4.62,6.8,5.9,7.41,2.7,AAA,3.71,7,6,6,9,28,Good,25,https://www.valueresearchonline.com/funds/41028/
Nippon India Banking and PSU Reg,debt,Banking and PSU,Regular,INF204KA1T56,134545,4.43,6.83,5.91,Debt: Banking and PSU,4.62,6.8,5.9,7.76,2.96,AAA,3.47,8,6,6,9,29,Good,25,https://www.valueresearchonline.com/funds/30187/
SBI Banking and PSU Reg,debt,Banking and PSU,Regular,INF200K01U41,125498,4.46,6.72,5.64,Debt: Banking and PSU,4.62,6.8,5.9,7.73,2.17,AAA,3.86,7,6,6,9,28,Good,25,https://www.valueresearchonline.com/funds/10704/
Sundaram Banking & PSU Reg,debt,Banking and PSU,Regular,INF903J016H9,134356,4.74,6.96,5.78,Debt: Banking and PSU,4.62,6.8,5.9,7.47,2.11,AAA,2.46,7,6,7,9,29,Good,25,https://www.valueresearchonline.com/funds/2569/
UTI Banking & PSU Reg,debt,Banking and PSU,Regular,INF789F014Z9,126939,5.3,6.92,7.29,Debt: Banking and PSU,4.62,6.8,5.9,7.69,0.82,AAA,0.84,6,9,9,9,33,Good,25,https://www.valueresearchonline.com/funds/23932/
ABSL Corporate Bond Reg,debt,Corporate Bond,Regular,INF209K01785,103178,4.39,7.14,6.27,Debt: Corporate Bond,4.68,6.96,5.93,7.72,4.16,AAA,6.58,8,4,5,9,26,Average,25,https://www.valueresearchonline.com/funds/420/
Axis Corporate Bond Reg,debt,Corporate Bond,Regular,INF846K01ZU1,141593,4.89,7.17,6.14,Debt: Corporate Bond,4.68,6.96,5.93,7.79,2.65,AAA,3.35,8,6,6,9,29,Good,25,https://www.valueresearchonline.com/funds/34376/
Bandhan Corporate Bond Reg,debt,Corporate Bond,Regular,INF194KA1L81,135914,5.19,7.11,5.86,Debt: Corporate Bond,4.68,6.96,5.93,7.58,2.47,AAA,2.8,7,6,6,9,28,Good,25,https://www.valueresearchonline.com/funds/31519/
Baroda BNP Paribas Corporate Bond,debt,Corporate Bond,Regular,INF251K01GP4,150237,5.29,7.35,5.83,Debt: Corporate Bond,4.68,6.96,5.93,7.73,2.51,AAA,3.21,7,6,7,9,29,Good,25,https://www.valueresearchonline.com/funds/9735/
Baroda BNP Paribas Corporate Bond Reg,debt,Corporate Bond,Regular,INF251K01EP9,150235,5.29,7.35,5.89,Debt: Corporate Bond,4.68,6.96,5.93,7.73,2.51,AAA,3.21,7,6,7,9,29,Good,25,https://www.valueresearchonline.com/funds/9730/
Canara Robeco Corporate Bond Reg,debt,Corporate Bond,Regular,INF760K01GY6,126687,4,6.12,5.22,Debt: Corporate Bond,4.68,6.96,5.93,7.59,1.91,AAA,2.22,8,7,7,9,31,Good,18,https://www.valueresearchonline.com/funds/23478/
DSP Corporate Bond Reg,debt,Corporate Bond,Regular,INF740KA1JX0,144644,5.41,6.91,5.63,Debt: Corporate Bond,4.68,6.96,5.93,7.19,0.84,AAA,0.87,6,9,9,9,33,Good,25,https://www.valueresearchonline.com/funds/37501/
Franklin India Corporate Debt Reg,debt,Corporate Bond,Regular,INF090I01DG6,100528,5.48,7.38,6.13,Debt: Corporate Bond,4.68,6.96,5.93,7.91,1.49,AAA,2.77,8,7,6,9,30,Good,25,https://www.valueresearchonline.com/funds/418/
HDFC Corporate Bond Reg,debt,Corporate Bond,Regular,INF179K01DC2,113070,4.27,7.08,6.12,Debt: Corporate Bond,4.68,6.96,5.93,7.79,4.29,AAA,6.95,8,4,5,9,26,Average,25,https://www.valueresearchonline.com/funds/11341/
HSBC Corporate Bond Reg,debt,Corporate Bond,Regular,INF917K01AH0,150992,5.01,6.96,5.92,Debt: Corporate Bond,4.68,6.96,5.93,7.71,2.17,AAA,2.36,7,6,7,9,29,Good,25,https://www.valueresearchonline.com/funds/408/
ICICI Pru Corporate Bond,debt,Corporate Bond,Regular,INF109K01CQ1,111987,5.6,7.44,6.56,Debt: Corporate Bond,4.68,6.96,5.93,7.91,3.53,AAA,5.73,8,5,5,9,27,Average,25,https://www.valueresearchonline.com/funds/10505/
Invesco India Corporate Bond Reg,debt,Corporate Bond,Regular,INF205K01RM4,106177,4.44,6.96,5.82,Debt: Corporate Bond,4.68,6.96,5.93,7.75,3.49,AAA,4.39,8,5,6,9,28,Good,25,https://www.valueresearchonline.com/funds/5536/
Kotak Corporate Bond Reg,debt,Corporate Bond,Regular,INF178L01BO1,133782,4.75,7.17,6.19,Debt: Corporate Bond,4.68,6.96,5.93,7.99,2.73,AAA,4,8,6,6,9,29,Good,25,https://www.valueresearchonline.com/funds/5896/
Mirae Asset Corporate Bond Reg,debt,Corporate Bond,Regular,INF769K01HA5,148757,4.31,6.63,5.62,Debt: Corporate Bond,4.68,6.96,5.93,7.71,3.03,AAA,4.23,8,5,6,9,28,Good,25,https://www.valueresearchonline.com/funds/41341/
Nippon India Corporate Bond Reg,debt,Corporate Bond,Regular,INF204K01EF9,100856,4.7,7.24,6.49,Debt: Corporate Bond,4.68,6.96,5.93,7.9,2.47,AAA,2.87,8,6,7,9,30,Good,25,https://www.valueresearchonline.com/funds/846/
PGIM India Corporate Bond Reg,debt,Corporate Bond,Regular,INF223J01DB2,138318,4.12,6.52,5.65,Debt: Corporate Bond,4.68,6.96,5.93,7.36,2.38,AAA,2.72,7,5,6,9,27,Average,22,https://www.valueresearchonline.com/funds/1523/
SBI Corporate Bond Reg,debt,Corporate Bond,Regular,INF200KA1YM5,146207,4.42,6.88,5.85,Debt: Corporate Bond,4.68,6.96,5.93,7.98,2.39,AAA,4.09,8,6,6,9,29,Good,25,https://www.valueresearchonline.com/funds/38934/
Sundaram Corporate Bond Reg,debt,Corporate Bond,Regular,INF903J01HW6,100789,4.49,6.87,5.85,Debt: Corporate Bond,4.68,6.96,5.93,7.56,2.21,AAA,2.82,7,6,7,9,29,Good,25,https://www.valueresearchonline.com/funds/2573/
TRUSTMF Corporate Bond Reg,debt,Corporate Bond,Regular,INF0GCD01537,151322,4.3,6.5,,Debt: Corporate Bond,4.68,6.96,,7.48,1.78,AAA,1.92,7,7,7,9,30,Good,17,https://www.valueresearchonline.com/funds/43064/
Tata Corporate Bond Reg,debt,Corporate Bond,Regular,INF277KA1299,149351,4.38,6.84,,Debt: Corporate Bond,4.68,6.96,,7.98,3.03,AAA,4.38,8,5,6,9,28,Good,25,https://www.valueresearchonline.com/funds/41866/
Tata Corporate Bond Seg Port1 Reg,debt,Corporate Bond,Regular,,147392,,,,,,,,,,AA,,,,,,,N/A,1,https://www.valueresearchonline.com/funds/40076/
UTI Corporate Bond Reg,debt,Corporate Bond,Regular,INF789F1A447,144345,4.78,7.07,6.04,Debt: Corporate Bond,4.68,6.96,5.93,7.76,2.51,AAA,3.53,7,6,6,9,28,Good,25,https://www.valueresearchonline.com/funds/37138/
Union Corporate Bond Reg,debt,Corporate Bond,Regular,INF582M01DY7,143239,4.11,6.8,5.58,Debt: Corporate Bond,4.68,6.96,5.93,7.6,3.49,AAA,4.93,8,5,6,9,28,Good,25,https://www.valueresearchonline.com/funds/36078/
ABSL Credit Risk Reg,debt,Credit Risk,Regular,INF209KA1K47,134383,11.84,11.92,9.83,Debt: Credit Risk,7.72,8.86,9.27,8.4,1.99,AA,2.5,9,7,7,7,30,Good,25,https://www.valueresearchonline.com/funds/29944/
ABSL Credit Risk Seg Port1 Reg,debt,Credit Risk,Regular,,147801,,,,,,,,,,Cash,,,,,,,N/A,0,https://www.valueresearchonline.com/funds/40439/
Axis Credit Risk Reg,debt,Credit Risk,Regular,INF846K01PO5,130309,7.42,7.85,6.79,Debt: Credit Risk,7.72,8.86,9.27,8.91,2.29,AA,2.6,10,6,7,7,30,Good,25,https://www.valueresearchonline.com/funds/27226/
Bandhan Credit Risk Reg,debt,Credit Risk,Regular,INF194KA1W39,140609,4.43,6.18,5.37,Debt: Credit Risk,7.72,8.86,9.27,7.96,1.99,AAA,2.5,8,6,7,9,30,Good,17,https://www.valueresearchonline.com/funds/33486/
Bank of India Credit Risk Reg,debt,Credit Risk,Regular,INF090I01ET7,116153,16.89,9.58,27.36,Debt: Credit Risk,7.72,8.86,9.27,7.31,0.64,AAA,0.7,1,9,9,9,28,Good,11,https://www.valueresearchonline.com/funds/29479/
Baroda BNP Paribas Credit Risk Reg,debt,Credit Risk,Regular,INF955L01FP0,133486,6.15,7.53,8.42,Debt: Credit Risk,7.72,8.86,9.27,8.2,1.58,AAA,1.93,8,8,8,9,33,Good,25,https://www.valueresearchonline.com/funds/29235/
Baroda BNP Paribas Credit Risk Seg Port1 Reg,debt,Credit Risk,Regular,INF955L01IO7,148330,,,,,,,,,,,,,,,,,N/A,0,https://www.valueresearchonline.com/funds/40934/
DSP Credit Risk Reg,debt,Credit Risk,Regular,INF740K01599,101837,9.12,15.69,12.13,Debt: Credit Risk,7.72,8.86,9.27,7.75,2.4,AA,2.98,8,6,7,7,28,Good,22,https://www.valueresearchonline.com/funds/1723/
Franklin Ind Credit Risk Seg Port 2 Reg,debt,Credit Risk,Regular,INF761K01DH6,133867,,,,,,,,,,B,,,,,,,N/A,1,https://www.valueresearchonline.com/funds/40582/
Franklin Ind Credit Risk Seg Port 3 Reg,debt,Credit Risk,Regular,INF761K01DH6,133867,,,,,,,,,,,,,,,,,N/A,0,https://www.valueresearchonline.com/funds/40822/
HDFC Credit Risk Debt Reg,debt,Credit Risk,Regular,INF179KA1GC0,128053,6.48,7.46,6.53,Debt: Credit Risk,7.72,8.86,9.27,8.8,2.35,AA,3.48,10,6,6,7,29,Good,25,https://www.valueresearchonline.com/funds/25074/
HSBC Credit Risk Reg,debt,Credit Risk,Regular,INF917K01130,151043,5.43,10.92,8.57,Debt: Credit Risk,7.72,8.86,9.27,8.31,1.68,AAA,2.07,8,7,7,9,31,Good,25,https://www.valueresearchonline.com/funds/10700/
ICICI Pru Credit Risk,debt,Credit Risk,Regular,INF109K01GU4,114239,7.47,8.26,7.24,Debt: Credit Risk,7.72,8.86,9.27,8.93,2.15,AA,3.11,9,6,6,7,28,Good,25,https://www.valueresearchonline.com/funds/11783/
Invesco India Credit Risk Reg,debt,Credit Risk,Regular,INF205K01I34,130721,6.42,8.34,7.12,Debt: Credit Risk,7.72,8.86,9.27,7.96,2.75,AAA,3.61,7,7,7,9,30,Good,16,https://www.valueresearchonline.com/funds/27550/
Kotak Credit Risk Reg,debt,Credit Risk,Regular,INF174K01DY7,117716,6.55,7.45,5.69,Debt: Credit Risk,7.72,8.86,9.27,8.95,2.05,AA,2.93,10,6,7,7,30,Good,25,https://www.valueresearchonline.com/funds/11156/
Nippon India Credit Risk Inst,debt,Credit Risk,Regular,INF204K01FT7,112939,8.2,8.48,8.67,Debt: Credit Risk,7.72,8.86,9.27,9.12,2.11,AA,2.43,10,6,7,7,30,Good,25,https://www.valueresearchonline.com/funds/10579/
Nippon India Credit Risk Reg,debt,Credit Risk,Regular,,138905,7.37,8.15,8.42,Debt: Credit Risk,7.72,8.86,9.27,9.12,2.11,AA,2.43,10,6,7,7,30,Good,25,https://www.valueresearchonline.com/funds/2789/
Nippon India Credit Risk Seg Port 1 Inst,debt,Credit Risk,Regular,INF204KB13Q7,148263,,,,,,,,8.79,2.04,B,2.34,,,,,,N/A,1,https://www.valueresearchonline.com/funds/40700/
Nippon India Credit Risk Seg Port 1 Reg,debt,Credit Risk,Regular,,148217,,,,,,,,8.79,2.04,B,2.34,,,,,,N/A,1,https://www.valueresearchonline.com/funds/40694/
Nippon India Credit Risk Seg Port 2 Inst,debt,Credit Risk,Regular,INF204KB13Q7,148094,,,,,,,,,,,,,,,,,N/A,0,https://www.valueresearchonline.com/funds/40842/
Nippon India Credit Risk Seg Port 2 Reg,debt,Credit Risk,Regular,,148217,,,,,,,,,,,,,,,,,N/A,0,https://www.valueresearchonline.com/funds/40836/
SBI Credit Risk Reg,debt,Credit Risk,Regular,INF200K01685,102505,6.81,7.64,6.94,Debt: Credit Risk,7.72,8.86,9.27,8.7,2.18,AA,2.73,10,6,7,7,30,Good,25,https://www.valueresearchonline.com/funds/2298/
UTI Credit Risk Reg,debt,Credit Risk,Regular,INF789F01QZ1,117981,5.69,7,9.38,Debt: Credit Risk,7.72,8.86,9.27,8.32,2.14,AAA,2.69,9,6,7,9,31,Good,23,https://www.valueresearchonline.com/funds/15382/
UTI Credit Risk Seg Port 2 Reg,debt,Credit Risk,Regular,INF789F01QZ1,117981,,,,,,,,,,Cash,0,,,,,,N/A,0,https://www.valueresearchonline.com/funds/40755/
UTI Credit Risk Seg Port 3 Reg,debt,Credit Risk,Regular,INF789F01QZ1,117981,,,,,,,,,,Cash,,,,,,,N/A,1,https://www.valueresearchonline.com/funds/40900/
UTI Credit Risk Seg Port Reg,debt,Credit Risk,Regular,INF789F01QZ1,117981,,,,,,,,,,Cash,0,,,,,,N/A,0,https://www.valueresearchonline.com/funds/40284/
360 ONE Dynamic Bond Reg,debt,Dynamic Bond,Regular,INF579M01183,122612,5.08,7.76,6.75,Debt: Dynamic Bond,3.1,6.22,5.62,7.82,4.52,AAA,6.01,8,4,5,9,26,Average,25,https://www.valueresearchonline.com/funds/19779/
ABSL Dyn Bond Seg Port1 Reg,debt,Dynamic Bond,Regular,,147804,,,,,,,,,,Cash,,,,,,,N/A,0,https://www.valueresearchonline.com/funds/40454/
ABSL Dynamic Bond Reg,debt,Dynamic Bond,Regular,INF209K01793,102767,4.31,7.07,6.69,Debt: Dynamic Bond,3.1,6.22,5.62,8.58,4.8,AAA,8.22,10,4,4,9,27,Average,25,https://www.valueresearchonline.com/funds/2458/
Axis Dynamic Bond Reg,debt,Dynamic Bond,Regular,INF846K01917,115068,4.85,7.01,5.88,Debt: Dynamic Bond,3.1,6.22,5.62,7.26,5.22,AAA,10.79,7,3,3,9,22,Average,25,https://www.valueresearchonline.com/funds/12599/
Bandhan Dynamic Bond Reg,debt,Dynamic Bond,Regular,INF194K01QG4,111524,5.23,6.52,5.31,Debt: Dynamic Bond,3.1,6.22,5.62,7.71,8.33,AAA,21.29,7,2,3,9,21,Average,15,https://www.valueresearchonline.com/funds/10016/
Baroda BNP Paribas Dynamic Bond Reg,debt,Dynamic Bond,Regular,INF251K01DW7,150173,0.99,5.3,4.99,Debt: Dynamic Bond,3.1,6.22,5.62,7.47,3.75,AAA,5.62,6,5,5,9,25,Average,18,https://www.valueresearchonline.com/funds/2348/
Baroda BNP Paribas Dynamic Bond Reg A,debt,Dynamic Bond,Regular,INF251K01DW7,150173,0.99,5.29,5.13,Debt: Dynamic Bond,3.1,6.22,5.62,7.47,3.75,AAA,5.62,6,5,5,9,25,Average,18,https://www.valueresearchonline.com/funds/10230/
Canara Robeco Dynamic Bond Reg,debt,Dynamic Bond,Regular,INF760K01449,111962,1.03,4.73,4.29,Debt: Dynamic Bond,3.1,6.22,5.62,6.97,2.76,AAA,4.54,5,6,6,9,26,Average,9,https://www.valueresearchonline.com/funds/10448/
DSP Strategic Bond Reg,debt,Dynamic Bond,Regular,INF740K01GK7,105669,1.58,5.85,5.32,Debt: Dynamic Bond,3.1,6.22,5.62,7.57,8.17,AAA,18.9,8,2,2,9,21,Average,15,https://www.valueresearchonline.com/funds/5013/
Franklin Ind Dyn Accrual Seg Port 2 Reg,debt,Dynamic Bond,Regular,INF090I01BB1,100538,,,,,,,,4.17,0.01,B,0.01,,,,,,N/A,1,https://www.valueresearchonline.com/funds/40598/
Franklin Ind Dyn Accrual Seg Port 3 Reg,debt,Dynamic Bond,Regular,INF090I01BB1,100538,,,,,,,,,,,,,,,,,N/A,0,https://www.valueresearchonline.com/funds/40826/
Groww Dynamic Term Reg,debt,Dynamic Bond,Regular,INF666M01ES8,145590,1.59,4.68,4.39,Debt: Dynamic Bond,3.1,6.22,5.62,7.24,4.35,AAA,8.42,5,6,6,9,26,Average,11,https://www.valueresearchonline.com/funds/38295/
HDFC Dynamic Debt Reg,debt,Dynamic Bond,Regular,INF179K01848,101872,2.68,6.02,6.06,Debt: Dynamic Bond,3.1,6.22,5.62,7.53,7.69,AAA,19.74,8,2,2,9,21,Average,25,https://www.valueresearchonline.com/funds/395/
HSBC Dynamic Bond Reg,debt,Dynamic Bond,Regular,INF677K01916,151084,2.81,6.31,5.3,Debt: Dynamic Bond,3.1,6.22,5.62,7.4,3.98,AAA,7.15,7,4,4,9,24,Average,18,https://www.valueresearchonline.com/funds/3611/
ICICI Pru All Seasons Bond,debt,Dynamic Bond,Regular,INF109K01GN9,112096,4.53,7.06,6.37,Debt: Dynamic Bond,3.1,6.22,5.62,8.22,6.21,AAA,13.66,9,3,3,9,24,Average,25,https://www.valueresearchonline.com/funds/10444/
ICICI Pru All Seasons Bond Ret,debt,Dynamic Bond,Regular,INF109K01605,101127,4.53,7.06,6.37,Debt: Dynamic Bond,3.1,6.22,5.62,8.22,6.21,AAA,13.66,9,3,3,9,24,Average,25,https://www.valueresearchonline.com/funds/1277/
ICICI Pru Retirement Pure Debt,debt,Dynamic Bond,Regular,INF109KC1UC4,146726,3.3,5.91,5.04,Debt: Dynamic Bond,3.1,6.22,5.62,7.77,4.25,AAA,10,8,4,4,9,25,Average,18,https://www.valueresearchonline.com/funds/39071/
ITI Dynamic Bond Reg,debt,Dynamic Bond,Regular,INF00XX01AT0,149021,1.17,5.56,,Debt: Dynamic Bond,3.1,6.22,,5.45,0.04,GOI/Cash,0.04,2,6,6,10,24,Average,3,https://www.valueresearchonline.com/funds/41558/
JM Dynamic Bond Reg,debt,Dynamic Bond,Regular,INF192K01700,101806,2.69,6.25,5.62,Debt: Dynamic Bond,3.1,6.22,5.62,7.17,2.23,AAA,2.63,5,6,7,9,27,Average,15,https://www.valueresearchonline.com/funds/1765/
Kotak Dynamic Bond Reg,debt,Dynamic Bond,Regular,INF174K01FA2,108511,4.11,6.85,5.75,Debt: Dynamic Bond,3.1,6.22,5.62,7.82,5.41,AAA,12.45,8,3,3,9,23,Average,25,https://www.valueresearchonline.com/funds/7857/
Mahindra Manulife Dynamic Bond Reg,debt,Dynamic Bond,Regular,INF174V01531,144401,3.59,6.22,4.82,Debt: Dynamic Bond,3.1,6.22,5.62,7.67,5.83,AAA,13.5,8,3,3,9,23,Average,14,https://www.valueresearchonline.com/funds/37124/
Mirae Asset Dynamic Bond Reg,debt,Dynamic Bond,Regular,INF769K01DO5,140771,4.8,6.32,4.98,Debt: Dynamic Bond,3.1,6.22,5.62,7,0.7,AAA,0.72,6,9,9,9,33,Good,14,https://www.valueresearchonline.com/funds/33704/
Nippon India Dynamic Bond Reg,debt,Dynamic Bond,Regular,INF204K01FI0,102849,4.06,7.03,5.92,Debt: Dynamic Bond,3.1,6.22,5.62,7.49,3.56,AAA,4.1,7,5,6,9,27,Average,25,https://www.valueresearchonline.com/funds/2513/
PGIM India Dynamic Bond Reg,debt,Dynamic Bond,Regular,INF663L01484,116485,2.15,5.94,5.04,Debt: Dynamic Bond,3.1,6.22,5.62,6.92,4.02,AAA,5.48,6,4,4,9,23,Average,19,https://www.valueresearchonline.com/funds/13899/
Quantum Dynamic Bond Reg,debt,Dynamic Bond,Regular,INF082J01218,141061,2.94,6.73,6.12,Debt: Dynamic Bond,3.1,6.22,5.62,6.91,3.89,AAA,5.94,5,5,5,9,24,Average,15,https://www.valueresearchonline.com/funds/33960/
SBI Dynamic Bond Reg,debt,Dynamic Bond,Regular,INF200K01958,102205,3.91,6.49,5.93,Debt: Dynamic Bond,3.1,6.22,5.62,7.82,3.78,AAA,5.4,7,6,6,9,28,Good,24,https://www.valueresearchonline.com/funds/2025/
UTI Dyn Bond Seg Port Reg,debt,Dynamic Bond,Regular,INF789F01JQ5,113077,,,,,,,,,,B,0.07,,,,,,N/A,1,https://www.valueresearchonline.com/funds/40745/
UTI Dynamic Bond Reg,debt,Dynamic Bond,Regular,INF789F01JQ5,113077,3.5,6.51,8.7,Debt: Dynamic Bond,3.1,6.22,5.62,7.46,2.34,AAA,4.29,6,6,6,9,27,Average,20,https://www.valueresearchonline.com/funds/11306/
Union Dynamic Bond Reg,debt,Dynamic Bond,Regular,INF582M01336,116555,0.27,5.01,4.25,Debt: Dynamic Bond,3.1,6.22,5.62,7.53,9.69,AAA,25.31,8,2,1,9,20,Average,7,https://www.valueresearchonline.com/funds/14015/
ABSL Floating Rate Reg,debt,Floater,Regular,INF209K01MG9,122644,5.89,7.33,6.47,Debt: Floater,5.62,7.43,6.35,7.66,0.94,AAA,1.6,8,9,8,9,34,Good,25,https://www.valueresearchonline.com/funds/10344/
ABSL Floating Rate Ret,debt,Floater,Regular,INF209K01MG9,122644,5.89,7.33,6.47,Debt: Floater,5.62,7.43,6.35,7.66,0.94,AAA,1.6,8,9,8,9,34,Good,25,https://www.valueresearchonline.com/funds/1747/
Axis Floater Reg,debt,Floater,Regular,INF846K012B8,149048,5.53,7.83,,Debt: Floater,5.62,7.43,,7.96,5.26,AAA,12.69,7,4,4,9,24,Average,23,https://www.valueresearchonline.com/funds/41583/
Bandhan Floater Reg,debt,Floater,Regular,INF194KB1AP5,148705,5.56,7.26,6.13,Debt: Floater,5.62,7.43,6.35,7.96,2.38,AAA,3.19,8,6,6,9,29,Good,16,https://www.valueresearchonline.com/funds/41297/
DSP Floater Reg,debt,Floater,Regular,INF740KA1PS7,148768,5.31,7.75,6.42,Debt: Floater,5.62,7.43,6.35,6.58,2.66,AAA,4.62,4,6,6,9,25,Average,14,https://www.valueresearchonline.com/funds/41354/
Franklin India Floating Rate Reg,debt,Floater,Regular,INF090I01LM7,101048,5.3,7.5,6.36,Debt: Floater,5.62,7.43,6.35,7.9,1.13,AAA,2.98,8,8,6,9,31,Good,15,https://www.valueresearchonline.com/funds/1415/
HDFC Floating Rate Debt Reg,debt,Floater,Regular,INF179K01707,106841,5.92,7.64,6.64,Debt: Floater,5.62,7.43,6.35,7.64,1.85,AAA,3.7,8,7,6,9,30,Good,25,https://www.valueresearchonline.com/funds/6098/
ICICI Pru Floating Interest,debt,Floater,Regular,INF109K01AX1,101802,6.15,7.58,6.51,Debt: Floater,5.62,7.43,6.35,7.87,1.98,AAA,2.9,8,7,7,9,31,Good,25,https://www.valueresearchonline.com/funds/3023/
Kotak Floating Rate Reg,debt,Floater,Regular,INF174KA1DY6,147266,5.73,7.54,6.38,Debt: Floater,5.62,7.43,6.35,8.09,1.93,AAA,2.27,9,7,7,9,32,Good,25,https://www.valueresearchonline.com/funds/39901/
Nippon India Floater Reg,debt,Floater,Regular,INF204K01CG1,102673,5.33,7.37,6.29,Debt: Floater,5.62,7.43,6.35,7.9,2.29,AAA,2.67,8,6,7,9,30,Good,25,https://www.valueresearchonline.com/funds/2412/
SBI Floating Rate Debt Reg,debt,Floater,Regular,INF200KA1R15,148543,5.86,7.56,6.5,Debt: Floater,5.62,7.43,6.35,7.35,2.48,AAA,6.8,6,6,4,9,25,Average,14,https://www.valueresearchonline.com/funds/41151/
Tata Floating Rate Reg,debt,Floater,Regular,INF277KA1091,149003,5.47,7.14,,Debt: Floater,5.62,7.43,,7.79,1.17,AAA,1.73,8,8,8,9,33,Good,16,https://www.valueresearchonline.com/funds/41540/
UTI Floater Reg,debt,Floater,Regular,INF789F1ACO4,145287,5.43,6.69,5.79,Debt: Floater,5.62,7.43,6.35,7.77,0.93,AAA,1.17,4,9,8,9,30,Good,25,https://www.valueresearchonline.com/funds/38027/
ABSL Government Securities Reg,debt,Gilt,Regular,INF209K01AC3,100058,0.62,5.17,4.76,Debt: Gilt,2.21,5.99,5.19,7.73,11.25,GOI/Cash,,8,1,1,10,20,Average,15,https://www.valueresearchonline.com/funds/677/
Axis Gilt Reg,debt,Gilt,Regular,INF846K01AX8,116471,3.13,6.83,5.73,Debt: Gilt,2.21,5.99,5.19,7.35,8.72,GOI/Cash,19.2,7,2,2,10,21,Average,21,https://www.valueresearchonline.com/funds/13908/
Bajaj Finserv Gilt Reg,debt,Gilt,Regular,INF0QA701AM6,153211,1.24,,,Debt: Gilt,2.21,,,7.15,8.67,GOI/Cash,23.78,4,3,3,10,20,Average,4,https://www.valueresearchonline.com/funds/44860/
Bandhan Gilt Reg,debt,Gilt,Regular,INF194K01DZ2,111525,6.02,7.13,5.82,Debt: Gilt,2.21,5.99,5.19,7.14,7.32,GOI/Cash,10.48,8,1,1,10,20,Average,2,https://www.valueresearchonline.com/funds/10020/
Baroda BNP Paribas Gilt Reg,debt,Gilt,Regular,INF955L01450,101187,1.54,6.24,5.4,Debt: Gilt,2.21,5.99,5.19,7.23,7.53,GOI/Cash,15.62,6,2,2,10,20,Average,15,https://www.valueresearchonline.com/funds/1232/
Canara Robeco Gilt Reg,debt,Gilt,Regular,INF760K01AE1,100597,1.19,5.31,4.77,Debt: Gilt,2.21,5.99,5.19,6.76,3.82,GOI/Cash,6.32,5,5,5,10,25,Average,7,https://www.valueresearchonline.com/funds/729/
DSP Gilt Reg,debt,Gilt,Regular,INF740K01615,100084,2.06,6.12,5.53,Debt: Gilt,2.21,5.99,5.19,7.8,11.44,GOI/Cash,27.34,8,1,1,10,20,Average,7,https://www.valueresearchonline.com/funds/663/
Edelweiss Government Securities Reg,debt,Gilt,Regular,INF843K01HC4,140297,0.83,5.51,5.08,Debt: Gilt,2.21,5.99,5.19,7.61,10.23,GOI/Cash,23.21,7,2,1,10,20,Average,8,https://www.valueresearchonline.com/funds/24222/
Franklin India Government Securities Reg,debt,Gilt,Regular,INF090I01CU9,100493,3.52,5.66,4.9,Debt: Gilt,2.21,5.99,5.19,6.78,2.59,GOI/Cash,8.59,6,4,3,10,23,Average,12,https://www.valueresearchonline.com/funds/1133/
Groww Gilt Reg,debt,Gilt,Regular,INF666M01KN6,153503,0.01,,,Debt: Gilt,2.21,,,6.78,7.4,GOI/Cash,20.76,7,1,1,10,19,Average,6,https://www.valueresearchonline.com/funds/45119/
HDFC Gilt Reg,debt,Gilt,Regular,INF179K01756,101083,2.23,6.11,5.26,Debt: Gilt,2.21,5.99,5.19,7.52,8.93,GOI/Cash,21.22,8,2,1,10,21,Average,25,https://www.valueresearchonline.com/funds/1022/
HSBC Gilt Reg,debt,Gilt,Regular,INF917K01BP1,151013,0.38,4.73,4.18,Debt: Gilt,2.21,5.99,5.19,7.11,6.74,GOI/Cash,15.55,6,2,2,10,20,Average,9,https://www.valueresearchonline.com/funds/806/
ICICI Pru Gilt,debt,Gilt,Regular,INF109K01JR4,100369,3.45,6.93,6.27,Debt: Gilt,2.21,5.99,5.19,7.71,9.72,GOI/Cash,21.6,8,2,1,10,21,Average,25,https://www.valueresearchonline.com/funds/643/
Invesco India Gilt Reg,debt,Gilt,Regular,INF205K01SR1,107477,1.49,5.85,4.99,Debt: Gilt,2.21,5.99,5.19,7.58,10.84,GOI/Cash,27.46,8,1,1,10,20,Average,3,https://www.valueresearchonline.com/funds/6790/
Kotak Gilt Investment PF & Trust,debt,Gilt,Regular,INF174K01FL9,100281,0.52,4.86,4.67,Debt: Gilt,2.21,5.99,5.19,7.37,6.97,GOI/Cash,13.11,7,3,3,10,23,Average,25,https://www.valueresearchonline.com/funds/1918/
Kotak Gilt Investment Reg,debt,Gilt,Regular,INF174K01FI5,100265,0.52,4.86,4.67,Debt: Gilt,2.21,5.99,5.19,7.37,6.97,GOI/Cash,13.11,7,3,3,10,23,Average,25,https://www.valueresearchonline.com/funds/576/
LIC MF Gilt,debt,Gilt,Regular,INF767K01709,100317,0.46,4.72,4.18,Debt: Gilt,2.21,5.99,5.19,7.42,10.23,GOI/Cash,25.16,8,1,1,10,20,Average,6,https://www.valueresearchonline.com/funds/713/
LIC MF Gilt,debt,Gilt,Regular,INF767K01733,100319,0.46,4.72,4.18,Debt: Gilt,2.21,5.99,5.19,7.42,10.23,GOI/Cash,25.16,8,1,1,10,20,Average,6,https://www.valueresearchonline.com/funds/1988/
Mirae Asset Nifty 8-13 yr G-Sec ETF,debt,Gilt,Regular,INF769K01QJ7,154218,2.93,7.08,,Debt: Gilt,2.21,5.99,,7.03,6.83,GOI/Cash,8.68,6,3,4,10,23,Average,3,https://www.valueresearchonline.com/funds/43473/
Motilal Oswal 5 Year G-Sec FoF Reg,debt,Gilt,Regular,INF247L01AR9,149241,4.62,7.1,,Debt: Gilt,2.21,5.99,,,,GOI/Cash,,,,,,,N/A,1,https://www.valueresearchonline.com/funds/41758/
Nippon India Gilt,debt,Gilt,Regular,INF204K01BU4,109720,1.7,5.53,4.92,Debt: Gilt,2.21,5.99,5.19,7.45,8.99,GOI/Cash,21.29,7,2,1,10,20,Average,25,https://www.valueresearchonline.com/funds/1775/
Nippon India Gilt Inst,debt,Gilt,Regular,INF204K01BU4,109720,2.04,5.64,5.05,Debt: Gilt,2.21,5.99,5.19,7.45,8.99,GOI/Cash,21.29,7,2,1,10,20,Average,25,https://www.valueresearchonline.com/funds/1773/
Nippon India Gilt PF,debt,Gilt,Regular,INF204K01BU4,109720,1.7,5.53,4.93,Debt: Gilt,2.21,5.99,5.19,7.45,8.99,GOI/Cash,21.29,7,2,1,10,20,Average,25,https://www.valueresearchonline.com/funds/19468/
PGIM India Gilt Reg,debt,Gilt,Regular,INF223J01AQ6,138470,0.72,5.43,4.73,Debt: Gilt,2.21,5.99,5.19,7,7.42,GOI/Cash,15.42,6,2,2,10,20,Average,17,https://www.valueresearchonline.com/funds/9603/
Quant Gilt Reg,debt,Gilt,Regular,INF966L01BI1,151230,1.58,5.07,,Debt: Gilt,2.21,5.99,,7.13,6.1,GOI/Cash,10.81,5,3,3,10,21,Average,13,https://www.valueresearchonline.com/funds/42966/
SBI Gilt Reg,debt,Gilt,Regular,INF200K01982,101001,2.48,6.11,5.86,Debt: Gilt,2.21,5.99,5.19,6.89,6.13,GOI/Cash,10.14,2,6,5,10,23,Average,18,https://www.valueresearchonline.com/funds/901/
SBI Magnum Gilt PF,debt,Gilt,Regular,INF200K01982,102061,2.51,6.12,5.86,Debt: Gilt,2.21,5.99,5.19,6.89,6.13,GOI/Cash,10.14,2,6,5,10,23,Average,18,https://www.valueresearchonline.com/funds/1940/
SBI Magnum Gilt PF Fixed 1Y,debt,Gilt,Regular,,102061,2.48,6.11,5.86,Debt: Gilt,2.21,5.99,5.19,6.89,6.13,GOI/Cash,10.14,2,6,5,10,23,Average,18,https://www.valueresearchonline.com/funds/1943/
SBI Magnum Gilt PF Fixed 2Y,debt,Gilt,Regular,,102061,2.48,6.11,5.86,Debt: Gilt,2.21,5.99,5.19,6.89,6.13,GOI/Cash,10.14,2,6,5,10,23,Average,18,https://www.valueresearchonline.com/funds/1945/
SBI Magnum Gilt PF Fixed 3Y,debt,Gilt,Regular,,102061,2.48,6.11,5.86,Debt: Gilt,2.21,5.99,5.19,6.89,6.13,GOI/Cash,10.14,2,6,5,10,23,Average,18,https://www.valueresearchonline.com/funds/1946/
Tata GSF Reg,debt,Gilt,Regular,INF277K010Y2,147760,0.73,5.33,5,Debt: Gilt,2.21,5.99,5.19,7.69,10.84,GOI/Cash,27.29,8,1,1,10,20,Average,10,https://www.valueresearchonline.com/funds/652/
UTI Gilt Discontinued Provident,debt,Gilt,Regular,INF789F01PR0,102511,3.94,6.58,5.66,Debt: Gilt,2.21,5.99,5.19,6.4,3.32,GOI/Cash,7.97,2,5,4,10,21,Average,10,https://www.valueresearchonline.com/funds/1865/
UTI Gilt Reg,debt,Gilt,Regular,INF789F01661,102510,3.94,6.58,5.66,Debt: Gilt,2.21,5.99,5.19,6.4,3.32,GOI/Cash,7.97,2,5,4,10,21,Average,10,https://www.valueresearchonline.com/funds/1167/
Union Gilt Reg,debt,Gilt,Regular,INF582M01ID0,150405,-0.22,4.77,,Debt: Gilt,2.21,5.99,,7.62,11.71,GOI/Cash,32.16,8,1,1,10,20,Average,2,https://www.valueresearchonline.com/funds/42323/
Bandhan Gilt Fund with 10 year Constant Duration Reg,debt,Gilt with 10 year,Regular,INF194K01FA0,108753,4.04,7.37,5.87,Debt: Gilt with 10 year Constant Duration,2.29,6.7,5.41,7.6,11.38,GOI/Cash,,6,2,3,10,21,Average,5,https://www.valueresearchonline.com/funds/1243/
DSP 10Y G-Sec Reg,debt,Gilt with 10 year,Regular,INF740K012I0,131297,1.39,6.19,4.57,Debt: Gilt with 10 year Constant Duration,2.29,6.7,5.41,7.1,6.98,GOI/Cash,9.26,6,3,4,10,23,Average,1,https://www.valueresearchonline.com/funds/28171/
ICICI Pru Constant Maturity Gilt,debt,Gilt with 10 year,Regular,INF109KA1N46,131051,3.41,7.13,5.97,Debt: Gilt with 10 year Constant Duration,2.29,6.7,5.41,7.18,7.14,GOI/Cash,10.1,6,2,3,10,21,Average,8,https://www.valueresearchonline.com/funds/27952/
SBI Constant Maturity 10-Year Gilt Reg,debt,Gilt with 10 year,Regular,INF200K01AN9,101002,2.75,6.64,5.71,Debt: Gilt with 10 year Constant Duration,2.29,6.7,5.41,7.23,7.03,GOI/Cash,9.53,7,2,4,10,23,Average,4,https://www.valueresearchonline.com/funds/899/
UTI Gilt Fund with 10 year Constant Duration Reg,debt,Gilt with 10 year,Regular,INF789F1AVI6,150409,2.5,6.49,,Debt: Gilt with 10 year Constant Duration,2.29,6.7,,7.1,6.88,GOI/Cash,9.45,6,2,4,10,22,Average,6,https://www.valueresearchonline.com/funds/42369/
360 ONE Liquid Reg,debt,Liquid,Regular,INF579M01506,125259,5.99,6.71,5.94,Debt: Liquid,5.8,6.7,5.95,6.58,0.12,AAA,0.12,4,10,10,9,33,Good,24,https://www.valueresearchonline.com/funds/22351/
ABSL Liquid Inst,debt,Liquid,Regular,INF209K01RT1,100043,6.25,6.9,6.12,Debt: Liquid,5.8,6.7,5.95,7.01,0.13,AAA,0.14,6,10,10,9,35,Good,25,https://www.valueresearchonline.com/funds/1685/
ABSL Liquid Reg,debt,Liquid,Regular,INF209KA1LI1,103885,6.25,6.9,6.12,Debt: Liquid,5.8,6.7,5.95,7.01,0.13,AAA,0.14,6,10,10,9,35,Good,25,https://www.valueresearchonline.com/funds/2174/
ABSL Liquid Ret,debt,Liquid,Regular,INF209K01ME4,100042,6.25,6.9,6.12,Debt: Liquid,5.8,6.7,5.95,7.01,0.13,AAA,0.14,6,10,10,9,35,Good,25,https://www.valueresearchonline.com/funds/422/
Abakkus Liquid Reg,debt,Liquid,Regular,INF2JJD01078,154047,,,,Debt: Liquid,,,,6.4,0.1,AAA,0.1,1,10,10,9,30,Good,25,https://www.valueresearchonline.com/funds/45685/
Axis Liquid Reg,debt,Liquid,Regular,INF846K01412,112210,6.29,6.94,6.15,Debt: Liquid,5.8,6.7,5.95,6.64,0.1,AAA,0.1,3,10,10,9,32,Good,25,https://www.valueresearchonline.com/funds/10734/
Axis Liquid Ret,debt,Liquid,Regular,INF846K01354,112713,5.77,6.41,5.62,Debt: Liquid,5.8,6.7,5.95,6.64,0.1,AAA,0.1,,,,,,N/A,25,https://www.valueresearchonline.com/funds/10980/
Bajaj Finserv Liquid Reg,debt,Liquid,Regular,INF0QA701094,151837,6.12,,,Debt: Liquid,5.8,,,6.48,0.09,AAA,0.09,2,10,10,9,31,Good,25,https://www.valueresearchonline.com/funds/43588/
Bandhan Liquid Reg,debt,Liquid,Regular,INF194K01VX9,108690,6.16,6.83,6.06,Debt: Liquid,5.8,6.7,5.95,6.43,0.11,AAA,0.11,3,10,10,9,32,Good,25,https://www.valueresearchonline.com/funds/2198/
Bank of India Liquid Reg,debt,Liquid,Regular,INF761K01306,109254,6.28,6.96,6.16,Debt: Liquid,5.8,6.7,5.95,6.43,0.11,AAA,0.11,2,10,10,9,31,Good,25,https://www.valueresearchonline.com/funds/8383/
Baroda BNP Paribas Liquid,debt,Liquid,Regular,,139344,6.16,6.83,6.09,Debt: Liquid,5.8,6.7,5.95,6.59,0.1,AAA,0.1,2,10,10,9,31,Good,25,https://www.valueresearchonline.com/funds/10235/
Baroda BNP Paribas Liquid Reg,debt,Liquid,Regular,INF955L01484,111704,6.16,6.84,6.1,Debt: Liquid,5.8,6.7,5.95,6.59,0.1,AAA,0.1,2,10,10,9,31,Good,25,https://www.valueresearchonline.com/funds/1234/
Canara Robeco Liquid Reg,debt,Liquid,Regular,INF760K01CW9,109353,6.22,6.91,6.12,Debt: Liquid,5.8,6.7,5.95,6.33,0.07,AAA,0.07,3,10,10,9,32,Good,25,https://www.valueresearchonline.com/funds/8325/
Canara Robeco Liquid Unclaimed,debt,Liquid,Regular,INF760K01IC8,139235,,,,,,,,6.33,0.07,AAA,0.07,3,10,10,9,32,Good,25,https://www.valueresearchonline.com/funds/32305/
Capitalmind Liquid Reg,debt,Liquid,Regular,INF226401042,154010,,,,Debt: Liquid,,,,6.54,0.07,AAA,0.07,2,10,10,9,31,Good,15,https://www.valueresearchonline.com/funds/45637/
DSP Liquidity Reg,debt,Liquid,Regular,INF740K01FK9,103347,6.27,6.91,6.1,Debt: Liquid,5.8,6.7,5.95,6.31,0.12,AAA,0.12,3,10,10,9,32,Good,25,https://www.valueresearchonline.com/funds/3039/
Edelweiss Liquid Reg,debt,Liquid,Regular,INF754K01GZ6,140182,6.28,6.88,6.04,Debt: Liquid,5.8,6.7,5.95,6.51,0.11,AAA,0.1,2,10,10,9,31,Good,25,https://www.valueresearchonline.com/funds/5902/
Edelweiss Liquid Retail,debt,Liquid,Regular,INF754K01HE9,140176,6.28,6.88,6.04,Debt: Liquid,5.8,6.7,5.95,6.51,0.11,AAA,0.1,2,10,10,9,31,Good,25,https://www.valueresearchonline.com/funds/9276/
Franklin Inda Liquid Reg,debt,Liquid,Regular,INF090I01BB1,100538,5.58,6.23,5.43,Debt: Liquid,5.8,6.7,5.95,6.81,0.11,AAA,0.11,2,10,10,9,31,Good,25,https://www.valueresearchonline.com/funds/522/
Franklin India Liquid Inst,debt,Liquid,Regular,,102441,5.86,6.52,5.71,Debt: Liquid,5.8,6.7,5.95,6.81,0.11,AAA,0.11,2,10,10,9,31,Good,25,https://www.valueresearchonline.com/funds/2276/
Franklin India Liquid SIP,debt,Liquid,Regular,,100544,6.28,6.94,6.13,Debt: Liquid,5.8,6.7,5.95,6.81,0.11,AAA,0.11,2,10,10,9,31,Good,25,https://www.valueresearchonline.com/funds/2869/
Franklin India Liquid Unclaimed,debt,Liquid,Regular,INF090I01LO3,139889,,,,,,,,6.81,0.11,AAA,0.11,2,10,10,9,31,Good,25,https://www.valueresearchonline.com/funds/32949/
Groww Liquid Reg,debt,Liquid,Regular,INF666M01014,115991,6.22,6.9,5.98,Debt: Liquid,5.8,6.7,5.95,6.41,0.07,AAA,0.07,2,10,10,9,31,Good,15,https://www.valueresearchonline.com/funds/13490/
HDFC Liquid Reg,debt,Liquid,Regular,INF179KB1HK0,100868,6.22,6.87,6.07,Debt: Liquid,5.8,6.7,5.95,6.61,0.09,AAA,0.1,4,10,10,9,33,Good,25,https://www.valueresearchonline.com/funds/887/
HDFC NIFTY 1D RATE LIQUID ETF-Growth,debt,Liquid,Regular,INF179KC1JG3,153403,4.89,,,Debt: Liquid,5.8,,,5.35,0,Cash,0,1,10,10,10,31,Good,0,https://www.valueresearchonline.com/funds/43738/
HSBC Liquid,debt,Liquid,Regular,INF336L01BL1,118907,6.2,6.89,5.87,Debt: Liquid,5.8,6.7,5.95,6.55,0.09,AAA,0.09,3,10,10,9,32,Good,25,https://www.valueresearchonline.com/funds/1487/
HSBC Liquid Inst,debt,Liquid,Regular,INF336L01BL1,107214,6.05,6.84,6.03,Debt: Liquid,5.8,6.7,5.95,6.55,0.09,AAA,0.09,3,10,10,9,32,Good,25,https://www.valueresearchonline.com/funds/1845/
HSBC Liquid Reg,debt,Liquid,Regular,INF336L01BN7,118902,6.2,6.89,6.1,Debt: Liquid,5.8,6.7,5.95,6.55,0.09,AAA,0.09,3,10,10,9,32,Good,25,https://www.valueresearchonline.com/funds/2251/
ICICI Pru Liquid,debt,Liquid,Regular,INF109K01VF4,101751,6.18,6.87,6.07,Debt: Liquid,5.8,6.7,5.95,6.46,0.1,AAA,0.1,2,10,10,9,31,Good,25,https://www.valueresearchonline.com/funds/3026/
ITI Liquid Reg,debt,Liquid,Regular,INF00XX01192,147153,5.99,6.59,5.81,Debt: Liquid,5.8,6.7,5.95,5.78,0.02,AAA,0.02,1,10,10,9,30,Good,7,https://www.valueresearchonline.com/funds/39833/
Invesco India Liquid Reg,debt,Liquid,Regular,INF205K01HG7,104488,6.24,6.91,6.11,Debt: Liquid,5.8,6.7,5.95,6.56,0.08,AAA,0.08,2,10,10,9,31,Good,25,https://www.valueresearchonline.com/funds/3892/
Invesco India Liquid Ret,debt,Liquid,Regular,INF205K01HG7,104488,5.7,6.35,5.55,Debt: Liquid,5.8,6.7,5.95,6.56,0.08,AAA,0.08,2,10,10,9,31,Good,25,https://www.valueresearchonline.com/funds/3886/
Invesco India Liquid Uncl,debt,Liquid,Regular,INF205K01HM5,104486,,,,,,,,6.56,0.08,AAA,0.08,2,10,10,9,31,Good,25,https://www.valueresearchonline.com/funds/32460/
JM Liquid Reg,debt,Liquid,Regular,INF192K01833,101078,6.11,6.8,6.04,Debt: Liquid,5.8,6.7,5.95,6.43,0.07,AAA,0.07,3,10,10,9,32,Good,25,https://www.valueresearchonline.com/funds/489/
JM Liquid Super Inst,debt,Liquid,Regular,INF192K01981,100247,6.12,6.81,6.04,Debt: Liquid,5.8,6.7,5.95,6.43,0.07,AAA,0.07,3,10,10,9,32,Good,25,https://www.valueresearchonline.com/funds/2231/
Kotak Liquid Reg,debt,Liquid,Regular,INF174K01NI9,100835,6.19,6.85,6.06,Debt: Liquid,5.8,6.7,5.95,6.69,0.1,AAA,0.1,4,10,10,9,33,Good,25,https://www.valueresearchonline.com/funds/1910/
LIC MF Liquid Reg,debt,Liquid,Regular,INF767K01IS9,101185,6.19,6.86,6.06,Debt: Liquid,5.8,6.7,5.95,6.65,0.11,AAA,0.11,2,10,10,9,31,Good,25,https://www.valueresearchonline.com/funds/1259/
Mahindra Manulife Liquid Reg,debt,Liquid,Regular,INF174V01010,139537,6.21,6.9,6.12,Debt: Liquid,5.8,6.7,5.95,6.85,0.13,AAA,0.13,5,10,10,9,34,Good,25,https://www.valueresearchonline.com/funds/32621/
Mirae Asset Liquid Reg,debt,Liquid,Regular,INF769K01788,111646,6.15,6.87,6.09,Debt: Liquid,5.8,6.7,5.95,6.76,0.12,AAA,0.12,5,10,10,9,34,Good,25,https://www.valueresearchonline.com/funds/10158/
Mirae Asset Nifty 1D Rate Liquid ETF-Growth,debt,Liquid,Regular,INF769K01MY5,153045,5.11,,,Debt: Liquid,5.8,,,,,Cash,,,,,,,N/A,0,https://www.valueresearchonline.com/funds/44705/
Motilal Oswal Liquid Reg,debt,Liquid,Regular,INF247L01726,145946,5.77,6.42,5.65,Debt: Liquid,5.8,6.7,5.95,5.88,0.09,AAA,0.09,1,10,10,9,30,Good,15,https://www.valueresearchonline.com/funds/38514/
Motilal Oswal Liquid Uncl,debt,Liquid,Regular,INF247L01726,145946,,,,,,,,5.88,0.09,AAA,0.09,1,10,10,9,30,Good,15,https://www.valueresearchonline.com/funds/40050/
Navi Liquid Reg,debt,Liquid,Regular,INF959L01GL9,112636,5.73,6.45,5.9,Debt: Liquid,5.8,6.7,5.95,5.73,0.07,AAA,0.07,1,10,10,9,30,Good,13,https://www.valueresearchonline.com/funds/10918/
Navi Liquid Unclaimed,debt,Liquid,Regular,,148510,,,,,,,,5.73,0.07,AAA,0.07,,,,,,N/A,13,https://www.valueresearchonline.com/funds/33272/
Nippon India Liquid Reg,debt,Liquid,Regular,INF205K01HG7,104488,6.21,6.87,6.07,Debt: Liquid,5.8,6.7,5.95,6.98,0.13,AAA,0.13,5,10,10,9,34,Good,25,https://www.valueresearchonline.com/funds/1972/
Nippon India Liquid Ret,debt,Liquid,Regular,INF204K01UN9,100851,6.26,6.48,5.58,Debt: Liquid,5.8,6.7,5.95,6.98,0.13,AAA,0.13,5,10,10,9,34,Good,25,https://www.valueresearchonline.com/funds/519/
PGIM India Liquid,debt,Liquid,Regular,INF223J01BJ9,138281,6.25,6.89,6.1,Debt: Liquid,5.8,6.7,5.95,6.57,0.11,AAA,0.11,2,10,10,9,31,Good,24,https://www.valueresearchonline.com/funds/5801/
Parag Parikh Liquid Reg,debt,Liquid,Regular,INF879O01035,143260,6.13,6.61,5.81,Debt: Liquid,5.8,6.7,5.95,6.41,0.11,AAA,0.11,2,10,10,9,31,Good,25,https://www.valueresearchonline.com/funds/36009/
Quant Liquid Reg,debt,Liquid,Regular,INF966L01317,103225,5.73,6.54,5.89,Debt: Liquid,5.8,6.7,5.95,6.74,0.15,AAA,0.15,1,10,10,9,30,Good,15,https://www.valueresearchonline.com/funds/2939/
Quantum Liquid Fund Uncl,debt,Liquid,Regular,INF082J01309,141066,,,,,,,,5.77,0.12,AAA,0.12,1,10,10,9,30,Good,18,https://www.valueresearchonline.com/funds/44010/
Quantum Liquid Reg,debt,Liquid,Regular,INF082J01309,141066,5.67,6.48,5.76,Debt: Liquid,5.8,6.7,5.95,5.77,0.12,AAA,0.12,1,10,10,9,30,Good,18,https://www.valueresearchonline.com/funds/33965/
SBI Liquid Inst,debt,Liquid,Regular,INF200K01LU1,105274,6.18,6.83,6.05,Debt: Liquid,5.8,6.7,5.95,6.5,0.08,AAA,0.08,3,10,10,9,32,Good,25,https://www.valueresearchonline.com/funds/1922/
SBI Liquid Reg,debt,Liquid,Regular,INF200K01MA1,105280,6.18,6.83,6.05,Debt: Liquid,5.8,6.7,5.95,6.5,0.08,AAA,0.08,3,10,10,9,32,Good,25,https://www.valueresearchonline.com/funds/4664/
Shriram Liquid Reg,debt,Liquid,Regular,INF680P01448,153036,6,,,Debt: Liquid,5.8,,,6.57,0.1,AAA,0.1,2,10,10,9,31,Good,14,https://www.valueresearchonline.com/funds/44699/
Sundaram Liquid Reg,debt,Liquid,Regular,INF173K01DA9,149661,6.1,6.82,6.06,Debt: Liquid,5.8,6.7,5.95,6.53,0.08,AAA,0.08,2,10,10,9,31,Good,25,https://www.valueresearchonline.com/funds/2431/
TRUSTMF Liquid Reg,debt,Liquid,Regular,INF0GCD01198,148833,6.08,6.76,5.98,Debt: Liquid,5.8,6.7,5.95,6.65,0.11,AAA,0.11,3,10,10,9,32,Good,25,https://www.valueresearchonline.com/funds/41409/
Tata Liquid Reg,debt,Liquid,Regular,INF277K01YD8,102672,6.21,6.88,6.07,Debt: Liquid,5.8,6.7,5.95,6.59,0.1,AAA,0.1,4,10,10,9,33,Good,25,https://www.valueresearchonline.com/funds/2442/
The Wealth Company Liquid Reg,debt,Liquid,Regular,INF2F0001149,153888,,,,Debt: Liquid,,,,6.67,0.13,AAA,0.13,2,10,10,9,31,Good,25,https://www.valueresearchonline.com/funds/45505/
UTI Liquid Discontinued Reg,debt,Liquid,Regular,INF789F01BB4,102009,6.25,6.65,5.74,Debt: Liquid,5.8,6.7,5.95,6.62,0.1,AAA,0.1,3,10,10,9,32,Good,25,https://www.valueresearchonline.com/funds/1761/
UTI Liquid Reg,debt,Liquid,Regular,INF789F01PH1,102012,6.25,6.9,6.12,Debt: Liquid,5.8,6.7,5.95,6.62,0.1,AAA,0.1,3,10,10,9,32,Good,25,https://www.valueresearchonline.com/funds/1968/
Unifi Liquid Reg,debt,Liquid,Regular,INF1MIY01064,153571,5.96,,,Debt: Liquid,5.8,,,5.45,0,CASH,0,1,10,10,10,31,Good,2,https://www.valueresearchonline.com/funds/45228/
Union Liquid Reg,debt,Liquid,Regular,INF582M01013,115398,6.24,6.9,6.12,Debt: Liquid,5.8,6.7,5.95,6.15,0.11,AAA,0.11,2,10,10,9,31,Good,25,https://www.valueresearchonline.com/funds/12929/
WhiteOak Capital Liquid Reg,debt,Liquid,Regular,INF03VN01126,145968,6.09,6.77,5.89,Debt: Liquid,5.8,6.7,5.95,6.1,0.1,AAA,0.1,2,10,10,9,31,Good,22,https://www.valueresearchonline.com/funds/38641/
ABSL Long Duration Reg,debt,Long Duration,Regular,INF209KB14J9,150482,1.26,5.95,,Debt: Long Duration,1.29,5.66,,7.8,10.33,AAA,27.64,8,1,1,9,19,Average,25,https://www.valueresearchonline.com/funds/42336/
Axis Long Duration Reg,debt,Long Duration,Regular,INF846K015L0,151178,1.2,5.61,,Debt: Long Duration,1.29,5.66,,7.72,11.72,AAA,,8,1,1,9,19,Average,7,https://www.valueresearchonline.com/funds/42910/
Bandhan Long Duration Reg,debt,Long Duration,Regular,INF194KB1HV8,152518,2.4,,,Debt: Long Duration,1.29,,,7.55,10.82,AAA,26.3,7,1,1,9,18,Average,4,https://www.valueresearchonline.com/funds/44182/
Franklin India Long Duration Fund Reg,debt,Long Duration,Regular,INF090I01XV3,153104,3.04,,,Debt: Long Duration,1.29,,,6.66,4.38,GOI/Cash,8.95,8,2,2,10,22,Average,5,https://www.valueresearchonline.com/funds/44762/
HDFC Long Duration Debt Reg,debt,Long Duration,Regular,INF179KC1EW1,151314,1.19,5.77,,Debt: Long Duration,1.29,5.66,,7.74,11.7,AAA,28.91,8,1,1,9,19,Average,12,https://www.valueresearchonline.com/funds/43048/
ICICI Pru Long Term Bond,debt,Long Duration,Regular,INF109K01407,101643,1.33,6.01,4.98,Debt: Long Duration,1.29,5.66,5.27,7.89,11.41,AAA,29.18,8,1,1,9,19,Average,20,https://www.valueresearchonline.com/funds/537/
Kotak Long Duration Reg,debt,Long Duration,Regular,INF174KA1RC2,152489,0.32,,,Debt: Long Duration,1.29,,,7.65,12.95,AAA,13.24,8,1,3,9,21,Average,16,https://www.valueresearchonline.com/funds/44190/
Mirae Asset Long Duration Reg,debt,Long Duration,Regular,INF769K01MZ2,153107,1.01,,,Debt: Long Duration,1.29,,,7.53,11.11,AAA,25.67,8,1,1,9,19,Average,5,https://www.valueresearchonline.com/funds/44750/
Nippon India Nivesh Lakshya Long Duration Reg,debt,Long Duration,Regular,INF204KB1ZB0,143702,0.57,5.7,5.56,Debt: Long Duration,1.29,5.66,5.27,7.67,10.61,AAA,21.61,8,1,1,9,19,Average,15,https://www.valueresearchonline.com/funds/36516/
SBI Long Duration Reg,debt,Long Duration,Regular,INF200KA13T1,151212,1.44,5.82,,Debt: Long Duration,1.29,5.66,,7.54,10.83,GOI/Cash,,8,1,1,10,20,Average,4,https://www.valueresearchonline.com/funds/42948/
UTI Long Duration Reg,debt,Long Duration,Regular,INF789F1AXS1,151527,0.42,4.73,,Debt: Long Duration,1.29,5.66,,7.33,8.15,GOI/Cash,19.69,7,2,2,10,21,Average,8,https://www.valueresearchonline.com/funds/43274/
ABSL CRISIL-IBX Fin Srvices 9-12 Months Debt Index Reg,debt,Low Duration,Regular,INF209KC1514,153445,5.87,,,Debt: Low Duration,5.66,,,7.93,0.74,AAA,0.75,8,9,9,9,35,Good,25,https://www.valueresearchonline.com/funds/45077/
ABSL Low Duration Inst,debt,Low Duration,Regular,INF209K01KE8,103195,5.36,6.59,5.83,Debt: Low Duration,5.66,6.87,6.1,7.7,0.91,AAA,0.99,8,9,9,9,35,Good,25,https://www.valueresearchonline.com/funds/1678/
ABSL Low Duration Reg,debt,Low Duration,Regular,INF209K01LQ0,103192,5.36,6.59,5.83,Debt: Low Duration,5.66,6.87,6.1,7.7,0.91,AAA,0.99,8,9,9,9,35,Good,25,https://www.valueresearchonline.com/funds/526/
Axis Treasury Advantage Reg,debt,Low Duration,Regular,INF846K01537,112214,5.93,7.1,6.22,Debt: Low Duration,5.66,6.87,6.1,7.67,0.9,AAA,1,7,9,8,9,33,Good,25,https://www.valueresearchonline.com/funds/10738/
Axis Treasury Advantage Ret,debt,Low Duration,Regular,INF846K01537,112214,5.93,7.1,6.22,Debt: Low Duration,5.66,6.87,6.1,7.67,0.9,AAA,1,7,9,8,9,33,Good,25,https://www.valueresearchonline.com/funds/10988/
Bajaj Finserv Low Duration Reg,debt,Low Duration,Regular,INF0QA701CC3,154203,,,,Debt: Low Duration,,,,7.62,0.89,AAA,0.92,6,9,9,9,33,Good,17,https://www.valueresearchonline.com/funds/45822/
Bandhan Low Duration Reg,debt,Low Duration,Regular,INF194K01FU8,108632,5.69,6.86,5.98,Debt: Low Duration,5.66,6.87,6.1,7.53,0.95,AAA,0.99,6,9,8,9,32,Good,25,https://www.valueresearchonline.com/funds/3128/
Baroda BNP Paribas Low Duration,debt,Low Duration,Regular,INF251K01GJ7,150169,5.45,6.59,5.68,Debt: Low Duration,5.66,6.87,6.1,7.71,0.8,AAA,0.86,7,9,9,9,34,Good,25,https://www.valueresearchonline.com/funds/2979/
Baroda BNP Paribas Low Duration Reg,debt,Low Duration,Regular,INF251K01DQ9,150165,5.45,6.62,5.8,Debt: Low Duration,5.66,6.87,6.1,7.71,0.8,AAA,0.86,7,9,9,9,34,Good,25,https://www.valueresearchonline.com/funds/2976/
Baroda BNP Paribas Medium Duration-Seg Port 1,debt,Low Duration,Regular,,150294,,,,,,,,,,,,,,,,,N/A,0,https://www.valueresearchonline.com/funds/40953/
Baroda BNP Paribas Medium Duration-Seg Port 1 Reg,debt,Low Duration,Regular,,150291,,,,,,,,,,,,,,,,,N/A,0,https://www.valueresearchonline.com/funds/40942/
Canara Robeco Savings Reg,debt,Low Duration,Regular,INF760K01795,102913,5.8,6.93,5.99,Debt: Low Duration,5.66,6.87,6.1,7.54,0.85,AAA,1.17,8,9,8,9,34,Good,25,https://www.valueresearchonline.com/funds/2648/
DSP Low Duration Reg,debt,Low Duration,Regular,INF740K018P2,133926,5.6,6.84,6,Debt: Low Duration,5.66,6.87,6.1,7.12,0.98,AAA,1.15,6,9,8,9,32,Good,25,https://www.valueresearchonline.com/funds/29611/
Edelweiss Low Duration Reg,debt,Low Duration,Regular,INF754K01UT0,153419,5.35,,,Debt: Low Duration,5.66,,,7.71,0.9,AAA,0.93,6,9,9,9,33,Good,25,https://www.valueresearchonline.com/funds/45055/
Franklin Ind Low Duration Seg Port 2 Reg,debt,Low Duration,Regular,INF178L01202,149810,,,,,,,,4.17,0.01,B,0.01,,,,,,N/A,1,https://www.valueresearchonline.com/funds/40608/
Franklin India Low Duration Reg,debt,Low Duration,Regular,INF090I01BU1,113135,6.05,,,Debt: Low Duration,5.66,,,7.81,0.58,AAA,1.16,,,,,,N/A,22,https://www.valueresearchonline.com/funds/45008/
HDFC CRISIL-IBX Financial Services 9-12 Months Debt Index Reg,debt,Low Duration,Regular,INF179KC1KH9,154309,,,,Debt: Low Duration,,,,7.91,0.77,AAA,0.78,8,9,9,9,35,Good,23,https://www.valueresearchonline.com/funds/45933/
HDFC Low Duration Reg,debt,Low Duration,Regular,INF179K01442,102452,5.6,6.9,6.03,Debt: Low Duration,5.66,6.87,6.1,7.82,0.95,AAA,1.93,8,9,8,9,34,Good,25,https://www.valueresearchonline.com/funds/696/
HSBC Low Duration Reg,debt,Low Duration,Regular,INF677K01452,151114,5.84,7.48,6.3,Debt: Low Duration,5.66,6.87,6.1,7.9,0.92,AAA,0.04,7,9,8,9,33,Good,25,https://www.valueresearchonline.com/funds/11809/
ICICI Pru Savings,debt,Low Duration,Regular,INF109K01AB7,101797,6.16,7.45,6.52,Debt: Low Duration,5.66,6.87,6.1,7.95,1.01,AAA,1.33,7,8,8,9,32,Good,25,https://www.valueresearchonline.com/funds/1458/
Invesco India Low Duration Reg,debt,Low Duration,Regular,INF205K01HT0,104728,5.69,6.93,5.98,Debt: Low Duration,5.66,6.87,6.1,7.59,0.81,AAA,0.84,6,9,9,9,33,Good,25,https://www.valueresearchonline.com/funds/4166/
Invesco India Low Duration Ret,debt,Low Duration,Regular,INF205K01HY0,104726,5.05,6.27,5.33,Debt: Low Duration,5.66,6.87,6.1,7.59,0.81,AAA,0.84,6,9,9,9,33,Good,25,https://www.valueresearchonline.com/funds/4162/
JM Low Duration Reg,debt,Low Duration,Regular,INF192K01AY5,143607,5.62,6.8,5.88,Debt: Low Duration,5.66,6.87,6.1,7.66,0.83,AAA,0.86,7,9,9,9,34,Good,25,https://www.valueresearchonline.com/funds/3711/
Kotak CRISIL-IBX Fin Srvices 9 To 12 Months Debt Index Reg,debt,Low Duration,Regular,INF174KA1XP2,153877,,,,Debt: Low Duration,,,,7.9,0.72,AAA,0.72,8,9,9,9,35,Good,21,https://www.valueresearchonline.com/funds/45501/
Kotak Low Duration Reg,debt,Low Duration,Regular,INF178L01202,133805,5.43,6.72,5.84,Debt: Low Duration,5.66,6.87,6.1,8.13,0.99,AAA,1.19,9,9,8,9,35,Good,25,https://www.valueresearchonline.com/funds/7017/
LIC MF Low Duration Reg,debt,Low Duration,Regular,INF767K01AO5,101830,5.6,6.61,5.73,Debt: Low Duration,5.66,6.87,6.1,7.6,0.87,AAA,0.89,6,9,9,9,33,Good,25,https://www.valueresearchonline.com/funds/1745/
Mahindra Manulife Low Duration Reg,debt,Low Duration,Regular,INF174V01218,140620,5.6,6.69,5.71,Debt: Low Duration,5.66,6.87,6.1,7.96,0.97,AAA,1.02,8,9,8,9,34,Good,25,https://www.valueresearchonline.com/funds/33496/
Mirae Asset CRISIL-IBX Financial Services 9-12 Months Debt Index Reg,debt,Low Duration,Regular,INF769K01OP9,153636,,,,Debt: Low Duration,,,,7.88,0.7,AAA,0.7,8,9,9,9,35,Good,14,https://www.valueresearchonline.com/funds/45251/
Mirae Asset Low Duration Reg,debt,Low Duration,Regular,INF769K01937,107705,5.57,6.78,5.82,Debt: Low Duration,5.66,6.87,6.1,7.66,0.95,AAA,0.98,8,9,9,9,35,Good,25,https://www.valueresearchonline.com/funds/7136/
Nippon India CRISIL-IBX Fin Srvices 9-12 Months Debt Index Reg,debt,Low Duration,Regular,INF204KC1GO2,154255,,,,Debt: Low Duration,,,,7.97,0.72,AAA,0.72,8,9,9,9,35,Good,22,https://www.valueresearchonline.com/funds/45879/
Nippon India Low Duration Reg,debt,Low Duration,Regular,,149810,5.72,6.86,6.01,Debt: Low Duration,5.66,6.87,6.1,7.88,,AAA,,8,1,1,9,19,Average,25,https://www.valueresearchonline.com/funds/4547/
Nippon India Low Duration Ret,debt,Low Duration,Regular,INF204K01EV6,111753,6.04,6.85,5.97,Debt: Low Duration,5.66,6.87,6.1,7.88,,AAA,,8,1,1,9,19,Average,25,https://www.valueresearchonline.com/funds/4541/
PGIM India Money Market-Seg Port 1 Reg,debt,Low Duration,Regular,INF663L01U24,148159,,,,,,,,,,,,,,,,,N/A,0,https://www.valueresearchonline.com/funds/43746/
SBI Low Duration Reg,debt,Low Duration,Regular,INF200K01MO2,106212,5.35,6.7,5.83,Debt: Low Duration,5.66,6.87,6.1,7.7,0.89,AAA,1.05,6,9,8,9,32,Good,25,https://www.valueresearchonline.com/funds/5493/
SBI Magnum Low Duration Inst,debt,Low Duration,Regular,INF200K01VM7,119812,5.35,6.7,5.83,Debt: Low Duration,5.66,6.87,6.1,7.7,0.89,AAA,1.05,6,9,8,9,32,Good,25,https://www.valueresearchonline.com/funds/5498/
Sundaram Low Duration Reg,debt,Low Duration,Regular,INF173K01DG6,149519,5.16,6.53,7.25,Debt: Low Duration,5.66,6.87,6.1,7.44,0.75,AAA,0.79,7,9,9,9,34,Good,25,https://www.valueresearchonline.com/funds/2403/
Tata Treasury Advantage Reg,debt,Low Duration,Regular,INF277K01MA9,103159,5.81,6.92,6.04,Debt: Low Duration,5.66,6.87,6.1,7.74,0.96,AAA,1.05,8,9,8,9,34,Good,25,https://www.valueresearchonline.com/funds/2909/
Tata Treasury Advtg Seg Port1 Reg,debt,Low Duration,Regular,INF277K01MA9,147399,,,,,,,,,,AA,,,,,,,N/A,1,https://www.valueresearchonline.com/funds/40084/
UTI Low Duration Discontinued,debt,Low Duration,Regular,INF789F01331,102540,5.97,6.94,7,Debt: Low Duration,5.66,6.87,6.1,7.77,0.81,AAA,0.88,7,9,9,9,34,Good,25,https://www.valueresearchonline.com/funds/625/
UTI Low Duration Reg,debt,Low Duration,Regular,INF789F01OT9,102544,5.97,7.16,7.33,Debt: Low Duration,5.66,6.87,6.1,7.77,0.81,AAA,0.88,7,9,9,9,34,Good,25,https://www.valueresearchonline.com/funds/1578/
Union Low Duration Reg,debt,Low Duration,Regular,INF582M01LU8,153652,,,,Debt: Low Duration,,,,7.12,1.13,AAA,1.2,6,8,8,9,31,Good,21,https://www.valueresearchonline.com/funds/45260/
ABSL Medium Term Reg,debt,Medium Duration,Regular,INF209K01603,111803,8.11,9.69,11.89,Debt: Medium Duration,5.34,7.16,6.71,8.49,3.01,AAA,3.86,9,5,6,9,29,Good,25,https://www.valueresearchonline.com/funds/10317/
ABSL Medium Term Seg Port1 Reg,debt,Medium Duration,Regular,INF209K01611,111812,,,,,,,,,,Cash,,,,,,,N/A,0,https://www.valueresearchonline.com/funds/40445/
Axis Strategic Bond Reg,debt,Medium Duration,Regular,INF846K01BP2,116894,5.92,7.61,6.71,Debt: Medium Duration,5.34,7.16,6.71,8.61,3.28,AA,4.7,9,5,6,7,27,Average,25,https://www.valueresearchonline.com/funds/14331/
Bandhan Medium Duration Reg,debt,Medium Duration,Regular,INF194K01JU0,108728,4.48,6.51,5.27,Debt: Medium Duration,5.34,7.16,6.71,7.69,3.25,AAA,4.52,7,5,5,9,26,Average,25,https://www.valueresearchonline.com/funds/1755/
DSP Bond Reg,debt,Medium Duration,Regular,INF740K01557,100078,4.48,6.98,5.93,Debt: Medium Duration,5.34,7.16,6.71,7.43,3.32,AAA,3.85,7,5,6,9,27,Average,10,https://www.valueresearchonline.com/funds/386/
Franklin Ind Incm Opp Seg Port 2 Reg,debt,Medium Duration,Regular,INF090I01BB1,100538,,,,,,,,4.17,0.01,B,0.01,,,,,,N/A,1,https://www.valueresearchonline.com/funds/40590/
HDFC Medium Term Debt Reg,debt,Medium Duration,Regular,INF179K01913,101989,5.53,7.1,6.12,Debt: Medium Duration,5.34,7.16,6.71,8.59,3.1,AAA,4.38,10,5,6,9,30,Good,25,https://www.valueresearchonline.com/funds/1204/
HSBC Medium Duration Reg,debt,Medium Duration,Regular,INF917K01TH0,151149,5.03,7.17,6.09,Debt: Medium Duration,5.34,7.16,6.71,8.22,2.9,AAA,4.04,9,6,7,9,31,Good,25,https://www.valueresearchonline.com/funds/29309/
ICICI Pru Medium Term Bond,debt,Medium Duration,Regular,INF109K01AH4,102741,6.52,7.63,6.68,Debt: Medium Duration,5.34,7.16,6.71,8.57,3.39,AAA,6.18,9,5,5,9,28,Good,25,https://www.valueresearchonline.com/funds/2385/
Invesco India Medium Duration Reg,debt,Medium Duration,Regular,INF205KA1379,149012,3.67,6.35,,Debt: Medium Duration,5.34,7.16,,7.44,3.12,AAA,3.94,7,5,6,9,27,Average,22,https://www.valueresearchonline.com/funds/41548/
Kotak Medium Term Reg,debt,Medium Duration,Regular,INF174K01VL6,128009,6,7.77,6.43,Debt: Medium Duration,5.34,7.16,6.71,8.72,2.84,AA,4.17,10,6,6,7,29,Good,25,https://www.valueresearchonline.com/funds/25268/
Nippon India Medium Duration Reg,debt,Medium Duration,Regular,INF204KA1PZ1,130037,7.72,7.75,9.02,Debt: Medium Duration,5.34,7.16,6.71,8.08,3.23,AAA,4.54,9,5,6,9,29,Good,25,https://www.valueresearchonline.com/funds/26990/
Nippon India Medium Duration Seg Port 2 Reg,debt,Medium Duration,Regular,INF205KA1379,149012,,,,,,,,,,,,,,,,,N/A,0,https://www.valueresearchonline.com/funds/40876/
Nippon India Medium Duration Seg Port1 Reg,debt,Medium Duration,Regular,INF205KA1379,149012,,,,,,,,2.81,,B,0.07,,,,,,N/A,1,https://www.valueresearchonline.com/funds/40707/
SBI Medium Duration Reg,debt,Medium Duration,Regular,INF200K01719,102053,5.3,7.1,6.23,Debt: Medium Duration,5.34,7.16,6.71,8.5,3.05,AAA,4.21,9,5,6,9,29,Good,25,https://www.valueresearchonline.com/funds/1884/
Sundaram Medium Duration Reg,debt,Medium Duration,Regular,INF903J01FX8,100604,2.77,5.1,4.08,Debt: Medium Duration,5.34,7.16,6.71,7.39,3.02,AAA,3.72,7,5,6,9,27,Average,14,https://www.valueresearchonline.com/funds/570/
Tata Medium Term Seg Port1 Reg,debt,Medium Duration,Regular,INF277K01717,101703,,,,,,,,,,AA,,,,,,,N/A,1,https://www.valueresearchonline.com/funds/40072/
UTI Medium Duration Reg,debt,Medium Duration,Regular,INF789FB1JU4,134499,3.96,6.3,6.07,Debt: Medium Duration,5.34,7.16,6.71,7.55,3.31,AAA,4.18,7,5,6,9,27,Average,15,https://www.valueresearchonline.com/funds/29988/
UTI Medium Duration Seg Port 2 Reg,debt,Medium Duration,Regular,INF789FB1JU4,134499,,,,,,,,,,Cash,,,,,,,N/A,2,https://www.valueresearchonline.com/funds/40912/
UTI Medium Duration Seg Port 3 Reg,debt,Medium Duration,Regular,INF789FB1JU4,134499,,,,,,,,,,,,,,,,,N/A,0,https://www.valueresearchonline.com/funds/41044/
UTI Medium Duration Seg Port Reg,debt,Medium Duration,Regular,INF789FB1JU4,134499,,,,,,,,,,B,0.07,,,,,,N/A,1,https://www.valueresearchonline.com/funds/40733/
ABSL Income Reg,debt,Medium to Long Duration,Regular,INF209K01579,100038,2.53,5.81,5.31,Debt: Medium to Long Duration,3.14,6.08,5.46,7.74,6.74,AAA,15.14,8,3,2,9,22,Average,25,https://www.valueresearchonline.com/funds/29/
Bandhan Medium to Long Duration Reg,debt,Medium to Long Duration,Regular,INF194K01IL1,108765,4.55,5.68,4.65,Debt: Medium to Long Duration,3.14,6.08,5.46,7.7,6.48,AAA,15.88,8,3,3,9,23,Average,17,https://www.valueresearchonline.com/funds/835/
Canara Robeco Income Reg,debt,Medium to Long Duration,Regular,INF760K01324,101588,2.28,5.15,4.35,Debt: Medium to Long Duration,3.14,6.08,5.46,6.99,4.16,AAA,8.42,5,4,4,9,22,Average,15,https://www.valueresearchonline.com/funds/1404/
Franklin India Medium to Long Duration Reg,debt,Medium to Long Duration,Regular,INF090I01XD1,152853,3.59,,,Debt: Medium to Long Duration,3.14,,,7.76,4.23,AAA,7.13,8,4,4,9,25,Average,13,https://www.valueresearchonline.com/funds/44532/
HDFC Income Reg,debt,Medium to Long Duration,Regular,INF179K01962,100124,2.65,6.14,4.94,Debt: Medium to Long Duration,3.14,6.08,5.46,7.34,6.7,AAA,13.16,7,3,3,9,22,Average,25,https://www.valueresearchonline.com/funds/845/
HSBC Medium to Long Duration Reg,debt,Medium to Long Duration,Regular,INF336L01776,101685,2.73,5.6,4.54,Debt: Medium to Long Duration,3.14,6.08,5.46,7.29,3.9,AAA,7.15,7,4,4,9,24,Average,15,https://www.valueresearchonline.com/funds/1485/
ICICI Pru Bond,debt,Medium to Long Duration,Regular,INF109K01BQ3,109742,3.66,6.88,5.96,Debt: Medium to Long Duration,3.14,6.08,5.46,7.85,6.74,AAA,15.21,8,3,3,9,23,Average,25,https://www.valueresearchonline.com/funds/8811/
ICICI Pru Diversified Debt Strategy Active FoF,debt,Medium to Long Duration,Regular,INF109K01878,102141,5.08,7.21,6.29,Debt: Medium to Long Duration,3.14,6.08,5.46,,,AAA,,,,,,,N/A,4,https://www.valueresearchonline.com/funds/1926/
JM Medium to Long Duration Reg,debt,Medium to Long Duration,Regular,INF192K01AB3,100223,2.56,6.17,5.08,Debt: Medium to Long Duration,3.14,6.08,5.46,7.2,4.08,AAA,4.99,6,4,6,9,25,Average,8,https://www.valueresearchonline.com/funds/110/
Kotak Bond Reg,debt,Medium to Long Duration,Regular,INF174K01EM0,100299,2.85,6.1,5.26,Debt: Medium to Long Duration,3.14,6.08,5.46,7.59,4.83,AAA,8.18,8,4,4,9,25,Average,25,https://www.valueresearchonline.com/funds/711/
LIC MF Medium to Long Duration Reg,debt,Medium to Long Duration,Regular,INF767K01923,100315,2.86,6.3,5.46,Debt: Medium to Long Duration,3.14,6.08,5.46,7.49,5.51,AAA,10.68,6,3,3,9,21,Average,15,https://www.valueresearchonline.com/funds/616/
Nippon India Medium to Long Duration Reg,debt,Medium to Long Duration,Regular,INF204K01CL1,100387,2.89,5.83,5.28,Debt: Medium to Long Duration,3.14,6.08,5.46,7.41,6.69,AAA,14.02,7,3,3,9,22,Average,17,https://www.valueresearchonline.com/funds/479/
SBI Medium to Long Duration Reg,debt,Medium to Long Duration,Regular,INF200K01594,100639,3.24,6.23,5.63,Debt: Medium to Long Duration,3.14,6.08,5.46,7.92,4.33,AAA,8.25,8,4,4,9,25,Average,25,https://www.valueresearchonline.com/funds/567/
UTI Medium to Long Duration Reg,debt,Medium to Long Duration,Regular,INF789F01406,100741,2.52,5.86,8.16,Debt: Medium to Long Duration,3.14,6.08,5.46,8.09,4.71,AAA,7.84,8,3,4,9,24,Average,24,https://www.valueresearchonline.com/funds/541/
UTI Medium to Long Duration Seg Port Reg,debt,Medium to Long Duration,Regular,INF789F01406,100741,,,,,,,,,,B,0.07,,,,,,N/A,1,https://www.valueresearchonline.com/funds/40715/
ABSL Money Manager Reg,debt,Money Market,Regular,,146204,6.07,7.23,6.43,Debt: Money Market,5.93,6.98,6.18,7.94,0.67,AAA,0.67,8,9,9,9,35,Good,25,https://www.valueresearchonline.com/funds/2952/
ABSL Money Manager Ret,debt,Money Market,Regular,INF209K01RV7,101976,6.07,7.23,6.44,Debt: Money Market,5.93,6.98,6.18,7.94,0.67,AAA,0.67,8,9,9,9,35,Good,25,https://www.valueresearchonline.com/funds/1749/
Axis Money Market Reg,debt,Money Market,Regular,INF846K01R46,147568,6.11,7.23,6.41,Debt: Money Market,5.93,6.98,6.18,7.75,0.58,AAA,0.58,6,9,9,9,33,Good,25,https://www.valueresearchonline.com/funds/40192/
Bajaj Finserv Money Market Reg,debt,Money Market,Regular,INF0QA701441,151893,5.55,,,Debt: Money Market,5.93,,,7.51,0.59,AAA,0.59,5,9,9,9,32,Good,25,https://www.valueresearchonline.com/funds/43658/
Bandhan Money Market Reg,debt,Money Market,Regular,INF194K01LJ9,108756,6.06,6.89,5.9,Debt: Money Market,5.93,6.98,6.18,7.75,0.64,AAA,0.64,5,9,9,9,32,Good,25,https://www.valueresearchonline.com/funds/1548/
Bank of India Money Market Reg,debt,Money Market,Regular,INF761K01GS6,153293,5.83,,,Debt: Money Market,5.93,,,7.68,0.56,AAA,0.55,6,9,9,9,33,Good,25,https://www.valueresearchonline.com/funds/44944/
Baroda BNP Paribas Money Market Reg,debt,Money Market,Regular,INF955L01HY8,147382,6.03,6.97,6.02,Debt: Money Market,5.93,6.98,6.18,7.52,0.49,AAA,0.49,7,9,9,9,34,Good,25,https://www.valueresearchonline.com/funds/40012/
DSP Savings Reg,debt,Money Market,Regular,INF740K01714,100087,6.02,6.93,6.04,Debt: Money Market,5.93,6.98,6.18,7.18,0.73,AAA,0.73,6,9,9,9,33,Good,25,https://www.valueresearchonline.com/funds/662/
Edelweiss Money Market Inst,debt,Money Market,Regular,INF843K01377,140230,5.54,6.55,5.55,Debt: Money Market,5.93,6.98,6.18,7.68,0.62,AAA,0.58,6,9,9,9,33,Good,25,https://www.valueresearchonline.com/funds/7964/
Edelweiss Money Market Reg,debt,Money Market,Regular,INF843K01344,140229,5.54,6.55,5.55,Debt: Money Market,5.93,6.98,6.18,7.68,0.62,AAA,0.58,6,9,9,9,33,Good,25,https://www.valueresearchonline.com/funds/7962/
Franklin India Money Market Reg,debt,Money Market,Regular,INF090I01BX5,101358,6.04,7.19,6.29,Debt: Money Market,5.93,6.98,6.18,7.76,0.45,AAA,0.57,6,9,9,9,33,Good,25,https://www.valueresearchonline.com/funds/1184/
Groww Money Market Reg,debt,Money Market,Regular,INF666M01MZ6,153992,,,,Debt: Money Market,,,,6.98,0.33,AAA,0.34,4,10,10,9,33,Good,13,https://www.valueresearchonline.com/funds/45612/
HDFC Money Market Reg,debt,Money Market,Regular,INF179KB1HR5,101993,6.03,7.17,6.35,Debt: Money Market,5.93,6.98,6.18,7.71,0.59,AAA,0.59,8,9,9,9,35,Good,25,https://www.valueresearchonline.com/funds/695/
HSBC Money Market Reg,debt,Money Market,Regular,INF917K01BC9,151048,5.96,7.01,6.01,Debt: Money Market,5.93,6.98,6.18,7.63,0.58,AAA,0.58,6,9,9,9,33,Good,25,https://www.valueresearchonline.com/funds/2840/
ICICI Pru Money Market,debt,Money Market,Regular,INF109K01TX1,103633,6.04,7.22,6.38,Debt: Money Market,5.93,6.98,6.18,7.7,0.62,AAA,0.63,6,9,9,9,33,Good,25,https://www.valueresearchonline.com/funds/3261/
Invesco India Money Market,debt,Money Market,Regular,INF205K01SD1,112123,5.87,6.95,6,Debt: Money Market,5.93,6.98,6.18,7.58,0.59,AAA,0.59,6,9,9,9,33,Good,25,https://www.valueresearchonline.com/funds/10627/
Invesco India Money Market Reg,debt,Money Market,Regular,INF205K01SG4,112120,5.05,6.14,5.23,Debt: Money Market,5.93,6.98,6.18,7.58,0.59,AAA,0.59,6,9,9,9,33,Good,25,https://www.valueresearchonline.com/funds/10625/
Kotak Money Market Reg,debt,Money Market,Regular,INF174K01NA6,101893,6.06,7.2,6.4,Debt: Money Market,5.93,6.98,6.18,7.71,0.6,AAA,0.6,8,9,9,9,35,Good,25,https://www.valueresearchonline.com/funds/1781/
LIC MF Money Market Reg,debt,Money Market,Regular,INF767K01RB6,150393,6.05,6.33,,Debt: Money Market,5.93,6.98,,7.56,0.52,AAA,0.52,5,9,9,9,32,Good,25,https://www.valueresearchonline.com/funds/42407/
Mirae Asset Money Market Reg,debt,Money Market,Regular,INF769K01HK4,149115,5.82,7,,Debt: Money Market,5.93,6.98,,7.52,0.58,AAA,0.58,8,9,9,9,35,Good,25,https://www.valueresearchonline.com/funds/41641/
Nippon India Money Market Reg,debt,Money Market,Regular,INF204K01VA4,103048,6.04,7.23,6.45,Debt: Money Market,5.93,6.98,6.18,7.7,0.58,AAA,0.61,8,9,9,9,35,Good,25,https://www.valueresearchonline.com/funds/2792/
PGIM India Money Market Reg,debt,Money Market,Regular,INF663L01U24,152122,5.81,6.84,6,Debt: Money Market,5.93,6.98,6.18,7.37,0.5,AAA,0.5,6,9,9,9,33,Good,14,https://www.valueresearchonline.com/funds/40771/
SBI Savings Reg,debt,Money Market,Regular,INF200K01636,102503,5.67,6.79,5.96,Debt: Money Market,5.93,6.98,6.18,7.48,0.57,AAA,0.63,5,9,9,9,32,Good,25,https://www.valueresearchonline.com/funds/2300/
Shriram Money Market Reg,debt,Money Market,Regular,INF680P01489,154143,,,,Debt: Money Market,,,,7.65,0.62,AAA,0.62,6,9,9,9,33,Good,10,https://www.valueresearchonline.com/funds/45777/
Sundaram Money Market Reg,debt,Money Market,Regular,INF903JA1FJ3,145042,6.01,7.07,6.2,Debt: Money Market,5.93,6.98,6.18,7.67,0.56,AAA,0.56,6,9,9,9,33,Good,25,https://www.valueresearchonline.com/funds/37720/
TRUSTMF Money Market Reg,debt,Money Market,Regular,INF0GCD01479,150511,5.82,6.87,,Debt: Money Market,5.93,6.98,,7.32,0.55,AAA,0.55,5,9,9,9,32,Good,18,https://www.valueresearchonline.com/funds/42420/
Tata Money Market Reg,debt,Money Market,Regular,INF277K01LQ7,101847,6.1,7.23,6.42,Debt: Money Market,5.93,6.98,6.18,7.79,0.59,AAA,0.59,8,9,9,9,35,Good,25,https://www.valueresearchonline.com/funds/1731/
UTI Money Market Discontinued,debt,Money Market,Regular,INF789FA1N03,134973,6.11,7.02,6.11,Debt: Money Market,5.93,6.98,6.18,7.58,0.56,AAA,0.56,6,9,9,9,33,Good,25,https://www.valueresearchonline.com/funds/389/
UTI Money Market Reg,debt,Money Market,Regular,INF192K01AU3,143598,6.11,7.26,6.46,Debt: Money Market,5.93,6.98,6.18,7.58,0.56,AAA,0.56,6,9,9,9,33,Good,25,https://www.valueresearchonline.com/funds/10556/
Union Money Market Reg,debt,Money Market,Regular,INF582M01HO9,149116,5.66,6.38,,Debt: Money Market,5.93,6.98,,6.68,0.45,AAA,0.45,4,10,10,9,33,Good,25,https://www.valueresearchonline.com/funds/41645/
ABSL US Treasury 1-3 Year Bonds ETFs Passive FoF Reg*,debt,Others,Regular,INF209KB13W4,152142,12.47,,,,,,,4.04,,D,1.92,1,1,8,1,11,Poor,1,https://www.valueresearchonline.com/funds/43822/
ABSL US Treasury 3-10 Year Bonds ETFs Passive FoF Reg*,debt,Others,Regular,INF209KB10X8,152149,12.39,,,,,,,4.22,,D,5.61,1,1,5,1,8,Poor,2,https://www.valueresearchonline.com/funds/43818/
Axis US Specific Treasury Dynamic Debt Passive FoF Reg*,debt,Others,Regular,INF846K013T8,152239,12.9,,,,,,,,,D,,,,,,,N/A,1,https://www.valueresearchonline.com/funds/43976/
Bandhan US Treasury Bond 0-1 year Specific Debt Passive FoF Reg,debt,Others,Regular,INF194KB1FT6,151546,13.2,9.39,,,,,,,,D,,,,,,,N/A,1,https://www.valueresearchonline.com/funds/43351/
DSP US Specific Debt Passive FoF Reg*,debt,Others,Regular,INF740KA1UG2,152527,13,,,,,,,,,D,,,,,,,N/A,2,https://www.valueresearchonline.com/funds/44194/
360 ONE Overnight Reg,debt,Overnight,Regular,INF579M01BD1,153700,,,,Debt: Overnight,,,,5.41,0,AAA,0,1,10,10,9,30,Good,11,https://www.valueresearchonline.com/funds/45314/
ABSL Overnight Reg,debt,Overnight,Regular,INF209KB1ZC3,145481,5.22,6.08,5.5,Debt: Overnight,5.22,6.08,5.51,5.5,,GOI/Cash,,1,1,1,10,13,Poor,3,https://www.valueresearchonline.com/funds/38131/
Axis Overnight Reg,debt,Overnight,Regular,INF846K01O23,146678,5.33,6.19,5.59,Debt: Overnight,5.22,6.08,5.51,5.38,0,GOI/Cash,0,1,10,10,10,31,Good,2,https://www.valueresearchonline.com/funds/39290/
Bajaj Finserv Overnight Reg,debt,Overnight,Regular,INF0QA701250,151851,5.34,,,Debt: Overnight,5.22,,,5.41,0,GOI/Cash,0,1,10,10,10,31,Good,4,https://www.valueresearchonline.com/funds/43598/
Bandhan Overnight Reg,debt,Overnight,Regular,INF194KB1314,146187,5.24,6.09,5.5,Debt: Overnight,5.22,6.08,5.51,5.36,0.01,GOI/Cash,0.01,1,10,10,10,31,Good,2,https://www.valueresearchonline.com/funds/38833/
Bank of India Overnight Reg,debt,Overnight,Regular,INF761K01EZ6,147936,5.56,6.31,5.7,Debt: Overnight,5.22,6.08,5.51,5.35,0,Cash,0,1,10,10,10,31,Good,1,https://www.valueresearchonline.com/funds/40570/
Baroda BNP Paribas Overnight Reg,debt,Overnight,Regular,INF955L01HS0,147193,5.28,6.12,5.54,Debt: Overnight,5.22,6.08,5.51,5.38,0,Cash,0,1,10,10,10,31,Good,2,https://www.valueresearchonline.com/funds/39815/
Baroda BNP Paribas Overnight Unclaimed,debt,Overnight,Regular,INF955L01HS0,149991,,,,,,,,5.38,0,Cash,0,1,10,10,10,31,Good,2,https://www.valueresearchonline.com/funds/42288/
Canara Robeco Overnight Reg,debt,Overnight,Regular,INF760K01JO1,147534,5.27,6.1,5.53,Debt: Overnight,5.22,6.08,5.51,5.33,0.01,GOI/Cash,0.01,1,10,10,10,31,Good,3,https://www.valueresearchonline.com/funds/40151/
DSP Overnight Reg,debt,Overnight,Regular,INF740KA1MB0,146061,5.27,6.12,5.54,Debt: Overnight,5.22,6.08,5.51,5.1,,AAA,0.01,1,1,10,9,21,Average,12,https://www.valueresearchonline.com/funds/38745/
DSP Overnight Uncl,debt,Overnight,Regular,INF740KA1MB0,146061,,,,,,,,5.1,,AAA,0.01,1,1,10,9,21,Average,12,https://www.valueresearchonline.com/funds/41887/
Edelweiss Overnight Reg,debt,Overnight,Regular,INF754K01KE3,147569,5.25,6.09,5.5,Debt: Overnight,5.22,6.08,5.51,5.38,0,GOI/Cash,0,1,10,10,10,31,Good,4,https://www.valueresearchonline.com/funds/40169/
Franklin India Overnight Reg,debt,Overnight,Regular,INF090I01SO8,147213,5.36,6.14,5.53,Debt: Overnight,5.22,6.08,5.51,5.36,0.01,GOI/Cash,0.01,1,10,10,10,31,Good,3,https://www.valueresearchonline.com/funds/39881/
Groww Overnight Reg,debt,Overnight,Regular,INF666M01GT1,147454,5.14,6.02,5.38,Debt: Overnight,5.22,6.08,5.51,5.36,0,Cash,0,1,10,10,10,31,Good,0,https://www.valueresearchonline.com/funds/40032/
HDFC Overnight Reg,debt,Overnight,Regular,INF179KB1HS3,101996,5.21,6.06,5.47,Debt: Overnight,5.22,6.08,5.51,5.37,0,GOI/Cash,0,1,10,10,10,31,Good,9,https://www.valueresearchonline.com/funds/1202/
HSBC Overnight Reg,debt,Overnight,Regular,INF336L01OL4,147290,5.28,6.11,5.51,Debt: Overnight,5.22,6.08,5.51,5.33,0,GOI/Cash,0,1,10,10,10,31,Good,2,https://www.valueresearchonline.com/funds/39917/
Helios Overnight Reg,debt,Overnight,Regular,INF0R8701095,152153,5.13,,,Debt: Overnight,5.22,,,5.35,0,Cash,0,1,10,10,10,31,Good,0,https://www.valueresearchonline.com/funds/43833/
ICICI Pru Overnight,debt,Overnight,Regular,INF109KC17E3,145535,5.27,6.12,5.52,Debt: Overnight,5.22,6.08,5.51,5.39,0,GOI/Cash,0,1,10,10,10,31,Good,5,https://www.valueresearchonline.com/funds/38253/
ITI Overnight Reg,debt,Overnight,Regular,INF00XX01473,147714,5.02,5.87,5.32,Debt: Overnight,5.22,6.08,5.51,5.37,0,Cash,0,1,10,10,10,31,Good,0,https://www.valueresearchonline.com/funds/40350/
Invesco India Overnight Reg,debt,Overnight,Regular,INF205KA1114,147878,5.28,6.14,5.54,Debt: Overnight,5.22,6.08,5.51,5.39,0,GOI/Cash,0.01,1,10,10,10,31,Good,3,https://www.valueresearchonline.com/funds/40510/
JM Overnight Reg,debt,Overnight,Regular,INF192K01LX4,147836,5.12,6.02,5.47,Debt: Overnight,5.22,6.08,5.51,5.36,0,Cash,0,1,10,10,10,31,Good,0,https://www.valueresearchonline.com/funds/40472/
JioBlackRock Overnight Uncl,debt,Overnight,Regular,INF22M001036,153650,,,,,,,,5.4,0,GOI/Cash,0,1,10,10,10,31,Good,4,https://www.valueresearchonline.com/funds/45699/
Kotak Overnight Reg,debt,Overnight,Regular,INF174KA1BC6,146142,5.27,6.11,5.51,Debt: Overnight,5.22,6.08,5.51,5.4,0,Cash,0,1,10,10,10,31,Good,2,https://www.valueresearchonline.com/funds/38843/
LIC MF Overnight Reg,debt,Overnight,Regular,INF767K01QD4,147519,5.27,6.08,5.49,Debt: Overnight,5.22,6.08,5.51,5.39,0,GOI/Cash,0,1,10,10,10,31,Good,5,https://www.valueresearchonline.com/funds/40143/
Mahindra Manulife Overnight Reg,debt,Overnight,Regular,INF174V01812,147565,5.23,6.08,5.51,Debt: Overnight,5.22,6.08,5.51,5.39,0.01,GOI/Cash,0.01,1,10,10,10,31,Good,2,https://www.valueresearchonline.com/funds/40202/
Mirae Asset Overnight Reg,debt,Overnight,Regular,INF769K01FE1,147739,5.27,6.12,5.54,Debt: Overnight,5.22,6.08,5.51,5.37,0,CASH,0,1,10,10,10,31,Good,1,https://www.valueresearchonline.com/funds/40362/
NJ Overnight Reg,debt,Overnight,Regular,INF0J8L01073,150368,5.16,6.02,,Debt: Overnight,5.22,6.08,,5.32,0,Cash,0,1,10,10,10,31,Good,0,https://www.valueresearchonline.com/funds/42424/
Nippon India Overnight Reg,debt,Overnight,Regular,INF204KB1Q65,145811,5.27,6.13,5.54,Debt: Overnight,5.22,6.08,5.51,5.39,0,AAA,0,1,10,10,9,30,Good,4,https://www.valueresearchonline.com/funds/38538/
PGIM India Overnight Reg,debt,Overnight,Regular,INF663L01T43,147600,5.2,6.11,5.53,Debt: Overnight,5.22,6.08,5.51,5.43,0,Cash,0,1,10,10,10,31,Good,1,https://www.valueresearchonline.com/funds/40233/
Quant Overnight Fund Uncl,debt,Overnight,Regular,INF966L01BD2,151191,,,,,,,,5.13,0.01,Cash,0.01,1,10,10,10,31,Good,0,https://www.valueresearchonline.com/funds/45712/
Quant Overnight Reg,debt,Overnight,Regular,INF966L01BC4,151195,5.08,6.22,,Debt: Overnight,5.22,6.08,,5.13,0.01,Cash,0.01,1,10,10,10,31,Good,0,https://www.valueresearchonline.com/funds/42930/
SBI Overnight Reg,debt,Overnight,Regular,INF200K01LQ9,101206,5.25,6.08,5.5,Debt: Overnight,5.22,6.08,5.51,5.24,0,GOI/Cash,0,1,10,10,10,31,Good,5,https://www.valueresearchonline.com/funds/1443/
Samco Overnight Reg,debt,Overnight,Regular,INF0K1H01032,150632,4.87,5.77,,Debt: Overnight,5.22,6.08,,5.5,0,Cash,0,1,10,10,10,31,Good,0,https://www.valueresearchonline.com/funds/42550/
Shriram Overnight Reg,debt,Overnight,Regular,INF680P01505,154399,5.25,6.05,,Debt: Overnight,5.22,6.08,,5.43,0,Cash,0,1,10,10,10,31,Good,0,https://www.valueresearchonline.com/funds/42465/
Sundaram Overnight Reg,debt,Overnight,Regular,INF903JA1GZ7,146959,5.2,6.07,5.49,Debt: Overnight,5.22,6.08,5.51,5.35,,GOI/Cash,,1,10,10,10,31,Good,4,https://www.valueresearchonline.com/funds/39560/
TRUSTMF Overnight Reg,debt,Overnight,Regular,INF0GCD01446,149798,5.18,6.08,,Debt: Overnight,5.22,6.08,,5.41,0,GOI/Cash,0,1,10,10,10,31,Good,1,https://www.valueresearchonline.com/funds/42044/
Tata Overnight Reg,debt,Overnight,Regular,INF277K016T9,146977,5.25,6.1,5.5,Debt: Overnight,5.22,6.08,5.51,5.41,0.01,GOI/Cash,0.01,1,10,10,10,31,Good,4,https://www.valueresearchonline.com/funds/39636/
UTI Overnight Reg,debt,Overnight,Regular,INF789F01604,100814,5.29,6.15,5.55,Debt: Overnight,5.22,6.08,5.51,5.35,0.01,GOI/Cash,0.01,1,10,10,10,31,Good,7,https://www.valueresearchonline.com/funds/1976/
Union Overnight Reg,debt,Overnight,Regular,INF582M01FJ3,146997,5.24,6.09,5.5,Debt: Overnight,5.22,6.08,5.51,5.37,0.01,GOI/Cash,0.01,1,10,10,10,31,Good,6,https://www.valueresearchonline.com/funds/39660/
ABSL Retirement 50s + Debt Reg,debt,Short Duration,Regular,INF209KB1J71,146941,2.83,4.88,4,Debt: Short Duration,4.7,6.74,6.02,6.47,3.21,GOI/Cash,5.9,3,5,5,10,23,Average,6,https://www.valueresearchonline.com/funds/39191/
ABSL Short Term Reg,debt,Short Duration,Regular,INF209K01942,101844,5.06,7.04,6.2,Debt: Short Duration,4.7,6.74,6.02,7.8,2.26,AAA,2.68,8,6,7,9,30,Good,25,https://www.valueresearchonline.com/funds/1682/
Axis Short Duration Reg,debt,Short Duration,Regular,INF846K01644,112354,5.36,7.21,6.19,Debt: Short Duration,4.7,6.74,6.02,7.92,2.45,AAA,3.23,,,,,,N/A,25,https://www.valueresearchonline.com/funds/10857/
Axis Short Duration Ret,debt,Short Duration,Regular,INF846K01594,112721,5.36,7.2,6.18,Debt: Short Duration,4.7,6.74,6.02,7.92,2.45,AAA,3.23,,,,,,N/A,25,https://www.valueresearchonline.com/funds/10996/
Bandhan Short Duration Reg,debt,Short Duration,Regular,INF194K01HF5,108768,5.25,7.14,5.97,Debt: Short Duration,4.7,6.74,6.02,7.73,2.32,AAA,2.99,7,6,6,9,28,Good,25,https://www.valueresearchonline.com/funds/903/
Bank of India Short Term Income Reg,debt,Short Duration,Regular,INF761K01579,111585,4.72,6.98,10.16,Debt: Short Duration,4.7,6.74,6.02,7.26,2.49,AAA,3.04,6,6,6,9,27,Average,25,https://www.valueresearchonline.com/funds/10053/
Baroda BNP Paribas Short Duration Reg,debt,Short Duration,Regular,INF955L01153,113036,4.5,6.78,5.81,Debt: Short Duration,4.7,6.74,6.02,7.81,1.97,AAA,2.35,8,7,7,9,31,Good,25,https://www.valueresearchonline.com/funds/11291/
Canara Robeco Short Duration Reg,debt,Short Duration,Regular,INF760K01BM2,115077,4.5,6.37,5.36,Debt: Short Duration,4.7,6.74,6.02,7.4,1.37,AAA,1.5,7,8,8,9,32,Good,16,https://www.valueresearchonline.com/funds/12602/
DSP Short Term Reg,debt,Short Duration,Regular,INF740K01656,101304,4.53,6.69,5.65,Debt: Short Duration,4.7,6.74,6.02,7.63,2.69,AAA,3.29,8,6,6,9,29,Good,25,https://www.valueresearchonline.com/funds/1437/
Edelweiss CRISIL IBX 50:50 Gilt Plus SDL SD Index Reg,debt,Short Duration,Regular,INF754K01PS2,150849,4.82,6.92,,Debt: Short Duration,4.7,6.74,,6.69,2.4,GOI/Cash,2.61,4,6,7,10,27,Average,13,https://www.valueresearchonline.com/funds/43107/
Franklin Ind ST Incm Ret Seg Port 3 Inst,debt,Short Duration,Regular,,,,,,,,,,,,,,,,,,,N/A,0,https://www.valueresearchonline.com/funds/40851/
Franklin Ind ST Incm Ret Seg Port 3 Reg,debt,Short Duration,Regular,INF090I01BL0,100537,,,,,,,,,,,,,,,,,N/A,0,https://www.valueresearchonline.com/funds/40843/
Groww Short Term Reg,debt,Short Duration,Regular,INF666M01AJ5,123708,4.49,6.32,5.02,Debt: Short Duration,4.7,6.74,6.02,6.92,2.37,AAA,4.29,6,6,6,9,27,Average,15,https://www.valueresearchonline.com/funds/20847/
HDFC Short Term Debt Reg,debt,Short Duration,Regular,INF179K01CU6,113047,5.26,7.31,6.28,Debt: Short Duration,4.7,6.74,6.02,8.01,2.56,AAA,3.15,9,6,6,9,30,Good,25,https://www.valueresearchonline.com/funds/11308/
HSBC Short Duration Reg,debt,Short Duration,Regular,INF917K01CL8,151065,4.89,6.89,5.69,Debt: Short Duration,4.7,6.74,6.02,7.83,2.24,AAA,2.54,7,6,7,9,29,Good,25,https://www.valueresearchonline.com/funds/13736/
ICICI Pru Short Term,debt,Short Duration,Regular,INF109K01696,101231,5.59,7.32,6.48,Debt: Short Duration,4.7,6.74,6.02,8.14,2.86,AAA,4.48,8,6,6,9,29,Good,25,https://www.valueresearchonline.com/funds/1110/
Invesco India Short Duration Plan B,debt,Short Duration,Regular,INF205K01UR7,105189,4.42,6.67,5.47,Debt: Short Duration,4.7,6.74,6.02,7.84,2.37,AAA,2.74,8,6,6,9,29,Good,25,https://www.valueresearchonline.com/funds/4671/
Invesco India Short Duration Reg,debt,Short Duration,Regular,INF205K01UN6,105185,4.58,6.78,5.53,Debt: Short Duration,4.7,6.74,6.02,7.84,2.37,AAA,2.74,8,6,6,9,29,Good,25,https://www.valueresearchonline.com/funds/4668/
JM Short Duration Reg,debt,Short Duration,Regular,INF192K01MM5,150542,4.42,6.35,,Debt: Short Duration,4.7,6.74,,7.56,1.81,AAA,1.98,7,7,7,9,30,Good,19,https://www.valueresearchonline.com/funds/42461/
Kotak Bond Short Term Reg,debt,Short Duration,Regular,INF174K01ES7,101373,4.41,6.72,5.71,Debt: Short Duration,4.7,6.74,6.02,7.94,2.19,AAA,2.95,8,6,7,9,30,Good,25,https://www.valueresearchonline.com/funds/1313/
LIC MF Short Duration Reg,debt,Short Duration,Regular,INF767K01PT2,145952,4.62,6.57,5.39,Debt: Short Duration,4.7,6.74,6.02,7.66,2.39,AAA,2.61,6,6,6,9,27,Average,16,https://www.valueresearchonline.com/funds/38777/
Mahindra Manulife Short Duration Reg,debt,Short Duration,Regular,INF174V01AJ1,148727,5.11,6.79,5.66,Debt: Short Duration,4.7,6.74,6.02,7.92,2.53,AAA,3.09,8,6,6,9,29,Good,23,https://www.valueresearchonline.com/funds/41313/
Mirae Asset Short Duration Reg,debt,Short Duration,Regular,INF769K01DU2,142642,4.25,6.54,5.57,Debt: Short Duration,4.7,6.74,6.02,7.89,2.85,AAA,5.15,8,6,5,9,28,Good,25,https://www.valueresearchonline.com/funds/35429/
Nippon India Short Duration Reg,debt,Short Duration,Regular,INF204K01FL4,101665,5.12,7.16,6.08,Debt: Short Duration,4.7,6.74,6.02,8.03,2.43,AAA,2.73,9,6,7,9,31,Good,25,https://www.valueresearchonline.com/funds/1499/
SBI Short Horizon Debt ST Ret,debt,Short Duration,Regular,INF200K01MG8,106217,4.87,6.92,5.93,Debt: Short Duration,4.7,6.74,6.02,7.94,2.12,AAA,2.56,8,6,7,9,30,Good,25,https://www.valueresearchonline.com/funds/5485/
SBI Short Term Debt Reg,debt,Short Duration,Regular,INF200K01HZ8,106231,4.87,6.92,5.93,Debt: Short Duration,4.7,6.74,6.02,7.94,2.12,AAA,2.56,8,6,7,9,30,Good,25,https://www.valueresearchonline.com/funds/5489/
Sundaram Short Duration Reg,debt,Short Duration,Regular,INF173K01BA3,149585,4.86,6.87,7.35,Debt: Short Duration,4.7,6.74,6.02,7.64,1.68,AAA,1.87,7,7,8,9,31,Good,25,https://www.valueresearchonline.com/funds/1717/
TRUSTMF Short Duration Reg,debt,Short Duration,Regular,INF0GCD01313,149073,4.52,6.61,,Debt: Short Duration,4.7,6.74,,7.57,1.55,AAA,1.63,5,8,8,9,30,Good,10,https://www.valueresearchonline.com/funds/41602/
Tata Short Term Bond Reg,debt,Short Duration,Regular,INF277K01972,101548,4.16,6.36,5.45,Debt: Short Duration,4.7,6.74,6.02,7.81,1.95,AAA,2.23,8,7,7,9,31,Good,25,https://www.valueresearchonline.com/funds/1398/
UTI Short Duration Discontinued Reg,debt,Short Duration,Regular,INF789F01AJ9,106384,4.79,6.75,6.76,Debt: Short Duration,4.7,6.74,6.02,7.92,2.14,AAA,2.72,8,6,6,9,29,Good,25,https://www.valueresearchonline.com/funds/1763/
UTI Short Duration Reg,debt,Short Duration,Regular,INF789F01QA4,106624,4.79,6.93,7,Debt: Short Duration,4.7,6.74,6.02,7.92,2.14,AAA,2.72,8,6,6,9,29,Good,25,https://www.valueresearchonline.com/funds/5923/
Union Short Duration Reg,debt,Short Duration,Regular,INF582M01KK1,153240,4.77,,,Debt: Short Duration,4.7,,,7.32,2.25,AAA,2.54,7,6,7,9,29,Good,12,https://www.valueresearchonline.com/funds/44888/
ABSL CRISIL IBX 50:50 Gilt+SDL Apr 2028 Index Reg,debt,Target Maturity,Regular,INF209KB12N5,150703,4.99,7.22,,Debt: Target Maturity,4.96,7.18,,6.78,1.59,GOI/Cash,1.68,5,7,8,10,30,Good,24,https://www.valueresearchonline.com/funds/42599/
ABSL CRISIL IBX 60:40 SDL+ AAA PSU Apr 2026 Index Reg,debt,Target Maturity,Regular,INF209KB18O0,150936,,,,,,,,,,Cash,,,,,,,N/A,0,https://www.valueresearchonline.com/funds/42830/
ABSL CRISIL IBX 60:40 SDL+AAA PSU-Apr 2027 Reg,debt,Target Maturity,Regular,INF209KB17H6,150351,5.72,7.11,,Debt: Target Maturity,4.96,7.18,,6.88,0.62,AAA,0.63,5,9,9,9,32,Good,25,https://www.valueresearchonline.com/funds/42262/
ABSL CRISIL IBX Gilt Apr 2028 Index Reg,debt,Target Maturity,Regular,INF209KB19T7,151583,5,6.72,,Debt: Target Maturity,4.96,7.18,,6.26,1.45,GOI/Cash,1.54,3,8,8,10,29,Good,3,https://www.valueresearchonline.com/funds/43264/
ABSL CRISIL IBX Gilt April 2033 Index Reg,debt,Target Maturity,Regular,INF209KB17Y1,152268,4.1,,,Debt: Target Maturity,4.96,,,7.08,5.13,GOI/Cash,6.48,6,3,5,10,24,Average,1,https://www.valueresearchonline.com/funds/43981/
ABSL CRISIL IBX Gilt June 2027 Index Reg,debt,Target Maturity,Regular,INF209KC1050,152660,5.26,,,Debt: Target Maturity,4.96,,,6.12,0.96,GOI/Cash,1.01,2,9,8,10,29,Good,1,https://www.valueresearchonline.com/funds/44341/
ABSL CRISIL IBX Gilt-Apr 2029 Index Reg,debt,Target Maturity,Regular,INF209KB10O7,150777,5,7.42,,Debt: Target Maturity,4.96,7.18,,6.61,2.58,GOI/Cash,2.8,4,6,7,10,27,Average,8,https://www.valueresearchonline.com/funds/42683/
ABSL CRISIL IBX Gilt-April 2026 Index Reg,debt,Target Maturity,Regular,INF209KB18M4,150701,,,,,,,,,,Cash,,,,,,,N/A,0,https://www.valueresearchonline.com/funds/42595/
ABSL CRISIL IBX SDL Jun 2032 Index Reg,debt,Target Maturity,Regular,INF209KB12S4,151428,3.74,7,,Debt: Target Maturity,4.96,7.18,,7.57,4.55,GOI/Cash,5.59,8,4,5,10,27,Average,11,https://www.valueresearchonline.com/funds/43136/
ABSL CRISIL-IBX AAA Fin Srvices Index-Sep 2027 Reg,debt,Target Maturity,Regular,INF209KC1316,153033,6.04,,,Debt: Target Maturity,4.96,,,7.99,1.03,AAA,1.08,8,8,8,9,33,Good,12,https://www.valueresearchonline.com/funds/44683/
ABSL CRISIL-IBX AAA NBFC-HFC Index-Sep 2026 Reg,debt,Target Maturity,Regular,INF209KC1233,152945,6.59,,,Debt: Target Maturity,4.96,,,7.31,0.12,AAA,0.13,7,10,10,9,36,Good,9,https://www.valueresearchonline.com/funds/44614/
ABSL Nifty SDL Apr 2027 Reg,debt,Target Maturity,Regular,INF209KB19E9,149792,5.41,7,,Debt: Target Maturity,4.96,7.18,,6.1,0.54,GOI/Cash,0.55,2,9,9,10,30,Good,25,https://www.valueresearchonline.com/funds/42025/
ABSL Nifty SDL Sep 2027 Index Reg,debt,Target Maturity,Regular,INF209KB14T8,151560,5.39,7.2,,Debt: Target Maturity,4.96,7.18,,6.69,1.15,GOI/Cash,1.19,4,8,8,10,30,Good,10,https://www.valueresearchonline.com/funds/43268/
ABSL SDL + PSU Bond Sep 2026 60:40 Reg,debt,Target Maturity,Regular,INF209KB16B1,149198,5.74,7.03,,Debt: Target Maturity,4.96,7.18,,6.44,0.19,AAA,0.19,3,10,10,9,32,Good,25,https://www.valueresearchonline.com/funds/41724/
Axis CRISIL IBX 50:50 Gilt Plus SDL Jun 2028 Index Reg,debt,Target Maturity,Regular,INF846K013N1,151297,4.98,7.2,,Debt: Target Maturity,4.96,7.18,,6.93,1.73,GOI/Cash,1.85,4,7,8,10,29,Good,9,https://www.valueresearchonline.com/funds/43025/
Axis CRISIL IBX 50:50 Gilt Plus SDL September 2027 Index Reg,debt,Target Maturity,Regular,INF846K015O4,151433,5.34,7.13,,Debt: Target Maturity,4.96,7.18,,6.42,1.02,GOI/Cash,1.07,3,8,8,10,29,Good,8,https://www.valueresearchonline.com/funds/43144/
Axis CRISIL IBX SDL May 2027 Reg,debt,Target Maturity,Regular,INF846K010H9,149872,5.6,7.35,,Debt: Target Maturity,4.96,7.18,,6.48,0.88,GOI/Cash,0.9,3,9,9,10,31,Good,25,https://www.valueresearchonline.com/funds/42094/
Axis CRISIL-IBX AAA Bond Fin Srvices-Sep 2027 Index Reg,debt,Target Maturity,Regular,INF846K014Y6,153050,5.75,,,Debt: Target Maturity,4.96,,,7.84,1.05,AAA,1.12,7,8,8,9,32,Good,13,https://www.valueresearchonline.com/funds/44718/
Axis CRISIL-IBX AAA Bond NBFC-HFC-Jun 2027 Index Reg,debt,Target Maturity,Regular,INF846K016Z8,153174,6.12,,,Debt: Target Maturity,4.96,,,7.36,0.67,AAA,0.69,8,9,8,9,34,Good,11,https://www.valueresearchonline.com/funds/44814/
Axis CRISIL-IBX AAA Bond NBFC-Jun 2027 Index Reg,debt,Target Maturity,Regular,INF846K016X3,152886,5.99,,,Debt: Target Maturity,4.96,,,7.97,0.9,AAA,0.93,8,9,8,9,34,Good,21,https://www.valueresearchonline.com/funds/44560/
Axis Nifty AAA Bond + SDL Apr 2026 50:50 ETF FoF Reg,debt,Target Maturity,Regular,INF846K011D6,149245,,,,,,,,,,Cash,,,,,,,N/A,0,https://www.valueresearchonline.com/funds/41764/
Axis Nifty SDL September 2026 Debt Index Reg,debt,Target Maturity,Regular,INF846K011L9,150851,5.6,7.12,,Debt: Target Maturity,4.96,7.18,,5.86,0.25,GOI/Cash,0.25,1,10,10,10,31,Good,9,https://www.valueresearchonline.com/funds/42737/
BHARAT Bond ETF FOF-April 2032 Reg*,debt,Target Maturity,Regular,INF754K01NV1,149399,4,7.25,,Debt: Target Maturity,4.96,7.18,,7.68,4.73,AAA,5.71,8,4,5,9,26,Average,1,https://www.valueresearchonline.com/funds/41898/
BHARAT Bond ETF FOF-April 2033 Reg*,debt,Target Maturity,Regular,INF754K01QY8,150991,3.54,7.19,,Debt: Target Maturity,4.96,7.18,,7.63,5.26,AAA,6.57,8,3,5,9,25,Average,1,https://www.valueresearchonline.com/funds/42894/
BHARAT Bond FOF-April 2030 Reg*,debt,Target Maturity,Regular,INF754K01KV7,147854,4.84,7.31,6.56,Debt: Target Maturity,4.96,7.18,6.36,7.64,3.12,AAA,3.51,7,5,6,9,27,Average,1,https://www.valueresearchonline.com/funds/40488/
BHARAT Bond FOF-April 2031 Reg*,debt,Target Maturity,Regular,INF754K01LL6,148452,4.53,7.36,6.43,Debt: Target Maturity,4.96,7.18,6.36,7.65,3.99,AAA,4.64,8,4,6,9,27,Average,1,https://www.valueresearchonline.com/funds/41065/
Bandhan CRISIL IBX 90:10 SDL+Gilt-April 2032 Index Reg,debt,Target Maturity,Regular,INF194KB1EQ5,150873,4,7.29,,Debt: Target Maturity,4.96,7.18,,5.91,0.34,GOI/Cash,0.34,7,4,5,10,26,Average,25,https://www.valueresearchonline.com/funds/42789/
Bandhan CRISIL IBX 90:10 SDL+Gilt-November 2026 Index Reg,debt,Target Maturity,Regular,INF194KB1EW3,150869,5.51,7.03,,Debt: Target Maturity,4.96,7.18,,7.58,,GOI/Cash,,1,10,10,10,31,Good,17,https://www.valueresearchonline.com/funds/42785/
Bandhan CRISIL IBX 90:10 SDL+Gilt-September 2027 Index Reg,debt,Target Maturity,Regular,INF194KB1FC2,150890,5.3,7.21,,Debt: Target Maturity,4.96,7.18,,6.79,1.12,GOI/Cash,1.18,3,8,8,10,29,Good,12,https://www.valueresearchonline.com/funds/42818/
Bandhan CRISIL IBX Gilt April 2028 Index Reg,debt,Target Maturity,Regular,INF194KB1BS7,148790,5.24,7.08,6.04,Debt: Target Maturity,4.96,7.18,6.36,6.21,1.39,GOI/Cash,1.48,2,7,8,10,27,Average,4,https://www.valueresearchonline.com/funds/41370/
Bandhan CRISIL IBX Gilt June 2027 Index Reg,debt,Target Maturity,Regular,INF194KB1BL2,148786,5.35,6.95,5.9,Debt: Target Maturity,4.96,7.18,6.36,6.12,0.93,GOI/Cash,0.97,1,8,8,10,27,Average,4,https://www.valueresearchonline.com/funds/41374/
Bandhan CRISIL-IBX 10:90 Gilt + SDL Index-Dec 2029 Reg,debt,Target Maturity,Regular,INF194KB1JO9,153391,3.99,,,Debt: Target Maturity,4.96,,,6.73,3.08,GOI/Cash,3.51,3,5,6,10,24,Average,1,https://www.valueresearchonline.com/funds/45032/
Bandhan Crisil IBX Gilt April 2026 Index Reg,debt,Target Maturity,Regular,INF194KB1EK8,150744,,,,,,,,5.15,0.01,CASH,0.01,,,,,,N/A,0,https://www.valueresearchonline.com/funds/42667/
Bandhan Crisil IBX Gilt April 2032 Index Reg,debt,Target Maturity,Regular,INF194KB1FI9,151409,4.3,7.42,,Debt: Target Maturity,4.96,7.18,,6.96,4.59,GOI/Cash,5.51,5,4,5,10,24,Average,2,https://www.valueresearchonline.com/funds/43148/
Baroda BNP Paribas NIFTY SDL December 2028 Index Reg,debt,Target Maturity,Regular,INF251K01RO4,151576,4.25,7.09,,Debt: Target Maturity,4.96,7.18,,7.12,2.2,GOI/Cash,2.46,5,6,7,10,28,Good,4,https://www.valueresearchonline.com/funds/43303/
Baroda BNP Paribas Nifty SDL December 2026 Index Reg,debt,Target Maturity,Regular,INF251K01RI6,151279,5.35,7.02,,Debt: Target Maturity,4.96,7.18,,5.93,0.51,GOI/Cash,0.53,1,9,9,10,29,Good,5,https://www.valueresearchonline.com/funds/43044/
DSP CRISIL-IBX 50:50 Gilt Plus SDL-April 2033 Index Reg,debt,Target Maturity,Regular,INF740KA1RY1,151327,3.47,7.11,,Debt: Target Maturity,4.96,7.18,,7.34,5.1,GOI/Cash,6.42,7,3,5,10,25,Average,11,https://www.valueresearchonline.com/funds/43068/
DSP Nifty SDL + G-Sec Jun 2028 30:70 Reg,debt,Target Maturity,Regular,INF740KA1QS5,149968,5.21,7.23,,Debt: Target Maturity,4.96,7.18,,6.42,1.63,GOI/Cash,1.75,3,7,8,10,28,Good,25,https://www.valueresearchonline.com/funds/42185/
DSP Nifty SDL Plus G-Sec Sep 2027 50:50 Index Reg,debt,Target Maturity,Regular,INF740KA1SE1,151370,5.37,7.18,,Debt: Target Maturity,4.96,7.18,,6.28,1.17,GOI/Cash,1.23,3,8,8,10,29,Good,10,https://www.valueresearchonline.com/funds/43111/
Edelweiss CRISIL IBX 50:50 Gilt Plus SDL April 2037 Reg,debt,Target Maturity,Regular,INF754K01PB8,150720,2.26,6.88,,Debt: Target Maturity,4.96,7.18,,7.55,7.46,GOI/Cash,10.38,8,2,3,10,23,Average,14,https://www.valueresearchonline.com/funds/42587/
Edelweiss CRISIL IBX 50:50 Gilt Plus SDL June 2027 Reg,debt,Target Maturity,Regular,INF754K01PJ1,150771,5.38,7.05,,Debt: Target Maturity,4.96,7.18,,6.25,0.9,GOI/Cash,0.91,2,9,8,10,29,Good,7,https://www.valueresearchonline.com/funds/42635/
Edelweiss CRISIL IBX 50:50 Gilt Plus SDL Sep 2028 Index Reg,debt,Target Maturity,Regular,INF754K01PR4,150848,4.82,7.16,,Debt: Target Maturity,4.96,7.18,,6.84,1.76,GOI/Cash,1.84,4,7,8,10,29,Good,6,https://www.valueresearchonline.com/funds/42707/
Edelweiss CRISIL IBX AAA Fin Srvices Bond-Jan 2028 Index Reg,debt,Target Maturity,Regular,INF754K01TT2,153130,5.88,,,Debt: Target Maturity,4.96,,,7.93,1.32,AAA,1.39,8,8,8,9,33,Good,14,https://www.valueresearchonline.com/funds/44746/
Edelweiss CRISIL-IBX AAA Bond NBFC-HFC-Jun 2027 Index Reg,debt,Target Maturity,Regular,INF754K01UK9,153334,6.23,,,Debt: Target Maturity,4.96,,,8.08,0.93,AAA,0.96,8,9,8,9,34,Good,14,https://www.valueresearchonline.com/funds/44974/
Edelweiss NIFTY PSU Bond Plus SDL Apr 2026 50:50 Index Reg,debt,Target Maturity,Regular,INF754K01LZ6,148797,,,,,,,,,,Cash,,,,,,,N/A,0,https://www.valueresearchonline.com/funds/41378/
Edelweiss NIFTY PSU Bond Plus SDL Apr 2027 50:50 Index Reg,debt,Target Maturity,Regular,INF754K01MP5,149249,5.45,7.07,,Debt: Target Maturity,4.96,7.18,,7.12,0.77,AAA,0.77,4,9,9,9,31,Good,25,https://www.valueresearchonline.com/funds/41768/
HDFC NIFTY G-Sec Jun 2036 Index Reg,debt,Target Maturity,Regular,INF179KC1FT4,151490,3.45,7.42,,Debt: Target Maturity,4.96,7.18,,7.14,7.14,GOI/Cash,9.86,6,2,4,10,22,Average,2,https://www.valueresearchonline.com/funds/43250/
HDFC NIFTY SDL Plus G-Sec Jun 2027 40:60 Index Reg,debt,Target Maturity,Regular,INF179KC1GB0,151571,5.52,7.15,,Debt: Target Maturity,4.96,7.18,,6.25,0.89,GOI/Cash,0.93,3,9,9,10,31,Good,10,https://www.valueresearchonline.com/funds/43337/
HDFC Nifty G-Sec Apr 2029 Index Reg,debt,Target Maturity,Regular,INF179KC1FR8,151496,5,7.4,,Debt: Target Maturity,4.96,7.18,,6.63,2.61,GOI/Cash,2.86,4,6,7,10,27,Average,2,https://www.valueresearchonline.com/funds/43248/
HDFC Nifty G-Sec July 2031 Index Reg,debt,Target Maturity,Regular,INF179KC1EI0,150846,4.54,7.5,,Debt: Target Maturity,4.96,7.18,,6.97,4.26,GOI/Cash,5.01,5,4,5,10,24,Average,6,https://www.valueresearchonline.com/funds/42763/
HDFC Nifty G-Sec Jun 2027 Index Reg,debt,Target Maturity,Regular,INF179KC1EK6,151180,5.45,7.06,,Debt: Target Maturity,4.96,7.18,,6.16,0.98,GOI/Cash,1.03,2,9,8,10,29,Good,2,https://www.valueresearchonline.com/funds/42926/
HDFC Nifty G-Sec Sep 2032 Index Reg,debt,Target Maturity,Regular,INF179KC1EM2,151182,4.12,7.44,,Debt: Target Maturity,4.96,7.18,,7.1,5,GOI/Cash,6.19,6,3,5,10,24,Average,4,https://www.valueresearchonline.com/funds/42928/
HDFC Nifty G-sec Dec 2026 Index Reg,debt,Target Maturity,Regular,INF179KC1EG4,150844,5.41,6.87,,Debt: Target Maturity,4.96,7.18,,5.77,0.42,GOI/Cash,0.42,1,10,10,10,31,Good,4,https://www.valueresearchonline.com/funds/42761/
HDFC Nifty SDL Oct 2026 Index Reg,debt,Target Maturity,Regular,INF179KC1FJ5,151455,5.52,7.03,,Debt: Target Maturity,4.96,7.18,,5.71,0.22,GOI/Cash,0.22,1,10,10,10,31,Good,25,https://www.valueresearchonline.com/funds/43193/
HSBC CRISIL IBX 50:50 Gilt+SDL Apr 2028 Reg,debt,Target Maturity,Regular,INF336L01QK1,149963,5.11,7.18,,Debt: Target Maturity,4.96,7.18,,6.79,1.61,GOI/Cash,1.71,4,7,8,10,29,Good,25,https://www.valueresearchonline.com/funds/42189/
HSBC CRISIL IBX Gilt June 2027 Index Reg,debt,Target Maturity,Regular,INF336L01QW6,151480,5.41,6.97,,Debt: Target Maturity,4.96,7.18,,6.12,0.94,GOI/Cash,0.99,2,8,8,10,28,Good,4,https://www.valueresearchonline.com/funds/43205/
ICICI Pru Nifty G-Sec Dec 2030 Index,debt,Target Maturity,Regular,INF109KC15K4,150732,4.56,7.39,,Debt: Target Maturity,4.96,7.18,,6.84,3.66,GOI/Cash,4.43,5,5,6,10,26,Average,7,https://www.valueresearchonline.com/funds/42649/
ICICI Pru Nifty PSU Bond + SDL Sep 2027 40:60 Index,debt,Target Maturity,Regular,INF109KC1S13,149208,5.24,7.15,,Debt: Target Maturity,4.96,7.18,,7.24,1.12,AAA,1.18,5,8,8,9,30,Good,25,https://www.valueresearchonline.com/funds/41728/
ICICI Pru Nifty SDL Dec 2028 Index,debt,Target Maturity,Regular,INF109KC11L1,150728,4.46,7.3,,Debt: Target Maturity,4.96,7.18,,7.38,2.21,GOI/Cash,2.46,6,6,7,10,29,Good,25,https://www.valueresearchonline.com/funds/42645/
ICICI Pru Nifty SDL Sep 2026 Index,debt,Target Maturity,Regular,INF109KC10P4,151208,5.44,6.97,,Debt: Target Maturity,4.96,7.18,,5.76,0.23,GOI/Cash,0.24,1,10,10,10,31,Good,19,https://www.valueresearchonline.com/funds/42952/
ICICI Pru Nifty SDL Sep 2027 Index,debt,Target Maturity,Regular,INF109KC11B2,149998,5.35,7.31,,Debt: Target Maturity,4.96,7.18,,6.86,1.13,GOI/Cash,1.18,4,8,8,10,30,Good,25,https://www.valueresearchonline.com/funds/42227/
Invesco India Nifty G-sec Jul 2027 Index Reg,debt,Target Maturity,Regular,INF205KA1759,151590,5.5,7.1,,Debt: Target Maturity,4.96,7.18,,6.14,0.95,GOI/Cash,1,2,8,8,10,28,Good,3,https://www.valueresearchonline.com/funds/43343/
Invesco India Nifty G-sec Sep 2032 Index Reg,debt,Target Maturity,Regular,INF205KA1791,151594,4.31,7.53,,Debt: Target Maturity,4.96,7.18,,7.01,4.7,GOI/Cash,5.74,6,4,5,10,25,Average,3,https://www.valueresearchonline.com/funds/43347/
Kotak CRISIL IBX AAA Financial Services Index-Sep 2027 Reg,debt,Target Maturity,Regular,INF174KA1SW8,152866,5.85,,,Debt: Target Maturity,4.96,,,8.02,1.14,AAA,1.22,9,8,8,9,34,Good,17,https://www.valueresearchonline.com/funds/44549/
Kotak CRISIL-IBX AAA Bond Fin Srvices Index-Dec 2026 Reg,debt,Target Maturity,Regular,INF174KA1VA8,153311,6.15,,,Debt: Target Maturity,4.96,,,7.87,0.4,AAA,0.4,8,10,10,9,37,Good,17,https://www.valueresearchonline.com/funds/44940/
Kotak Nifty AAA Bond Financial Services Mar 2028 Index Reg,debt,Target Maturity,Regular,INF174KA1WV2,153683,,,,Debt: Target Maturity,,,,7.97,1.47,AAA,1.55,8,8,8,9,33,Good,12,https://www.valueresearchonline.com/funds/45289/
Kotak Nifty G-Sec July 2033 Index Reg,debt,Target Maturity,Regular,INF174KA1PG7,152100,3.96,,,Debt: Target Maturity,4.96,,,7.08,5.09,GOI/Cash,6.39,6,3,5,10,24,Average,2,https://www.valueresearchonline.com/funds/43808/
Kotak Nifty SDL Apr 2027 Top 12 Equal Weight Reg,debt,Target Maturity,Regular,INF174KA1II8,149852,5.65,7.28,,Debt: Target Maturity,4.96,7.18,,6.35,0.74,GOI/Cash,0.76,3,9,9,10,31,Good,25,https://www.valueresearchonline.com/funds/42082/
Kotak Nifty SDL Apr 2032 Top 12 Equal Weight Reg,debt,Target Maturity,Regular,INF174KA1IO6,149862,3.84,7.15,,Debt: Target Maturity,4.96,7.18,,7.7,4.56,GOI/Cash,5.61,8,4,5,10,27,Average,25,https://www.valueresearchonline.com/funds/42086/
Kotak Nifty SDL Jul 2026 Index Reg,debt,Target Maturity,Regular,INF174KA1KZ8,151216,5.41,6.88,,Debt: Target Maturity,4.96,7.18,,5.61,0.11,GOI/Cash,0.11,1,10,10,10,31,Good,6,https://www.valueresearchonline.com/funds/42956/
Kotak Nifty SDL Jul 2033 Index Reg,debt,Target Maturity,Regular,INF174KA1MG4,151417,2.82,6.84,,Debt: Target Maturity,4.96,7.18,,7.73,5.12,GOI/Cash,6.53,8,3,5,10,26,Average,12,https://www.valueresearchonline.com/funds/43164/
Kotak Nifty SDL Plus AAA PSU Bond Jul 2028 60:40 Index Reg,debt,Target Maturity,Regular,INF174KA1JQ9,150723,4.91,7.16,,Debt: Target Maturity,4.96,7.18,,7.45,1.72,AAA,1.83,7,7,8,9,31,Good,25,https://www.valueresearchonline.com/funds/42641/
Mirae Asset CRISIL IBX Gilt Index-April 2033 Index Reg,debt,Target Maturity,Regular,INF769K01IU1,150790,3.7,7.15,,Debt: Target Maturity,4.96,7.18,,7.06,5.2,GOI/Cash,6.25,6,3,5,10,24,Average,6,https://www.valueresearchonline.com/funds/42695/
Mirae Asset Nifty AAA PSU Bond Plus SDL Apr 2026 50:50 Index Reg,debt,Target Maturity,Regular,INF769K01JA1,150786,,,,,,,,5.14,0.01,Cash,0.01,,,,,,N/A,0,https://www.valueresearchonline.com/funds/42699/
Mirae Asset Nifty SDL Jun 2027 Index Reg,debt,Target Maturity,Regular,INF769K01IE5,150360,5.5,7.31,,Debt: Target Maturity,4.96,7.18,,6.56,0.94,GOI/Cash,0.94,4,9,9,10,32,Good,25,https://www.valueresearchonline.com/funds/42236/
Mirae Asset Nifty SDL June 2028 Index Reg,debt,Target Maturity,Regular,INF769K01JW5,151694,4.71,7.13,,Debt: Target Maturity,4.96,7.18,,7.26,1.82,GOI/Cash,1.9,7,7,8,10,32,Good,16,https://www.valueresearchonline.com/funds/43393/
Nippon India CRISIL IBX AAA Fin Srvices-Dec 2026 Index Reg,debt,Target Maturity,Regular,INF204KC1DJ9,152994,6.36,,,Debt: Target Maturity,4.96,,,7.92,0.37,AAA,0.38,8,10,10,9,37,Good,18,https://www.valueresearchonline.com/funds/44652/
Nippon India CRISIL IBX AAA Fin Srvices-Jan 2028 Index Reg,debt,Target Maturity,Regular,INF204KC1DP6,152998,5.7,,,Debt: Target Maturity,4.96,,,7.98,1.39,AAA,1.46,8,8,8,9,33,Good,16,https://www.valueresearchonline.com/funds/44656/
Nippon India Nifty AAA CPSE Bond + SDL-Apr 2027 Mtrty 60:40 Reg,debt,Target Maturity,Regular,INF204KC1493,150011,5.72,7.13,,Debt: Target Maturity,4.96,7.18,,7.16,0.61,AAA,0.62,6,9,9,9,33,Good,25,https://www.valueresearchonline.com/funds/42219/
Nippon India Nifty AAA PSU Bond+SDL-Sep 2026 Mtrty 50:50 Index Reg,debt,Target Maturity,Regular,INF204KC1659,150752,5.77,6.97,,Debt: Target Maturity,4.96,7.18,,6.53,0.18,AAA,0.18,4,10,10,9,33,Good,25,https://www.valueresearchonline.com/funds/42661/
Nippon India Nifty G-Sec Jun 2036 Mtrty Index Reg,debt,Target Maturity,Regular,INF204KC1998,150923,3.27,7.34,,Debt: Target Maturity,4.96,7.18,,7.13,7.09,GOI/Cash,9.74,6,2,4,10,22,Average,4,https://www.valueresearchonline.com/funds/42826/
Nippon India Nifty G-Sec Oct 2028 Mtrty Index Reg,debt,Target Maturity,Regular,INF204KC1AL1,151439,5,7.21,,Debt: Target Maturity,4.96,7.18,,6.44,2.02,GOI/Cash,2.17,3,6,7,10,26,Average,4,https://www.valueresearchonline.com/funds/43173/
Nippon India Nifty G-Sec Sep 2027 Mtrty Index Reg,debt,Target Maturity,Regular,INF204KC1857,150904,5.37,7.01,,Debt: Target Maturity,4.96,7.18,,6.17,1.03,GOI/Cash,1.09,2,8,8,10,28,Good,3,https://www.valueresearchonline.com/funds/42814/
Nippon India Nifty SDL Plus G-Sec-Jun 2028 Mtrty 70:30 Index Reg,debt,Target Maturity,Regular,INF204KC1717,150825,5.01,7.23,,Debt: Target Maturity,4.96,7.18,,6.98,1.61,GOI/Cash,1.73,5,7,8,10,30,Good,25,https://www.valueresearchonline.com/funds/42733/
Nippon India Nifty SDL Plus G-Sec-Jun 2029 Mtrty 70:30 Index Reg,debt,Target Maturity,Regular,INF204KC1AF3,151392,4.79,7.39,,Debt: Target Maturity,4.96,7.18,,7.19,2.51,GOI/Cash,2.79,6,6,7,10,29,Good,25,https://www.valueresearchonline.com/funds/43169/
PGIM India CRISIL IBX Gilt Index-Apr 2028 Reg,debt,Target Maturity,Regular,INF663L01X54,151404,5.07,6.98,,Debt: Target Maturity,4.96,7.18,,6.24,1.39,GOI/Cash,1.45,2,8,8,10,28,Good,3,https://www.valueresearchonline.com/funds/43156/
SBI CPSE Bond + SDL Sep 2026 50:50 Reg,debt,Target Maturity,Regular,INF200KA10D1,149472,5.79,7.02,,Debt: Target Maturity,4.96,7.18,,6.6,0.18,AAA,0.19,2,10,10,9,31,Good,25,https://www.valueresearchonline.com/funds/41948/
SBI CRISIL IBX Gilt Index-April 2029 Reg,debt,Target Maturity,Regular,INF200KA15Q2,150707,4.93,7.33,,Debt: Target Maturity,4.96,7.18,,6.6,2.58,GOI/Cash,2.82,4,6,7,10,27,Average,1,https://www.valueresearchonline.com/funds/42611/
SBI CRISIL IBX Gilt Index-June 2036 Reg,debt,Target Maturity,Regular,INF200KA19P6,150683,3.38,7.27,,Debt: Target Maturity,4.96,7.18,,7.15,7.19,GOI/Cash,9.93,7,2,3,10,22,Average,1,https://www.valueresearchonline.com/funds/42591/
SBI CRISIL IBX SDL Index-September 2027 Reg,debt,Target Maturity,Regular,INF200KA11R9,150712,5.32,7.25,,Debt: Target Maturity,4.96,7.18,,6.85,1.14,GOI/Cash,1.19,4,8,8,10,30,Good,19,https://www.valueresearchonline.com/funds/42615/
Tata Nifty G-Sec Dec 2026 Index Reg,debt,Target Maturity,Regular,INF277KA1828,151306,5.29,6.76,,Debt: Target Maturity,4.96,7.18,,5.79,0.45,GOI/Cash,0.45,1,10,10,10,31,Good,2,https://www.valueresearchonline.com/funds/43056/
Tata Nifty G-Sec Dec 2029 Index Reg,debt,Target Maturity,Regular,INF277KA1760,151275,4.74,7.28,,Debt: Target Maturity,4.96,7.18,,6.69,2.83,GOI/Cash,3.16,4,6,6,10,26,Average,2,https://www.valueresearchonline.com/funds/43009/
Tata Nifty SDL+AAA PSU Bond Dec 27 60:40 Reg,debt,Target Maturity,Regular,INF277KA1406,150330,4.93,7.04,,Debt: Target Maturity,4.96,7.18,,7.26,1.36,AAA,1.45,7,8,8,9,32,Good,25,https://www.valueresearchonline.com/funds/42258/
UTI CRISIL SDL Maturity April 2033 Index Reg,debt,Target Maturity,Regular,INF789F1AWW5,151184,2.84,6.85,,Debt: Target Maturity,4.96,7.18,,7.5,4.82,GOI/Cash,6.13,8,4,5,10,27,Average,25,https://www.valueresearchonline.com/funds/42944/
UTI CRISIL SDL Maturity June 2027 Index Reg,debt,Target Maturity,Regular,INF789F1AWY1,151238,5.47,7.2,,Debt: Target Maturity,4.96,7.18,,6.28,0.93,GOI/Cash,0.97,3,9,9,10,31,Good,15,https://www.valueresearchonline.com/funds/42990/
UTI Nifty SDL Plus AAA PSU Bond Apr 2026 75:25 Index Reg,debt,Target Maturity,Regular,INF789F1AXK8,151363,,,,,,,,5.27,0,Cash,0,,,,,,N/A,0,https://www.valueresearchonline.com/funds/43130/
UTI Nifty SDL Plus AAA PSU Bond Apr 2028 75:25 Index Reg,debt,Target Maturity,Regular,INF789F1AXQ5,151488,4.93,7.16,,Debt: Target Maturity,4.96,7.18,,7.13,1.78,AAA,1.89,6,7,8,9,30,Good,16,https://www.valueresearchonline.com/funds/43245/
ABSL CRISIL-IBX Fin Srvices 3 to 6 Months Debt Index Reg,debt,Ultra Short Duration,Regular,INF209KC1472,153177,6.48,,,Debt: Ultra Short Duration,5.91,,,7.61,0.21,AAA,0.21,8,10,10,9,37,Good,25,https://www.valueresearchonline.com/funds/44827/
ABSL Savings Reg,debt,Ultra Short Duration,Regular,INF209K01LZ1,101317,6.21,7.23,6.39,Debt: Ultra Short Duration,5.91,6.64,5.88,7.98,0.49,AAA,0.57,8,10,9,9,36,Good,25,https://www.valueresearchonline.com/funds/1684/
ABSL Savings Ret,debt,Ultra Short Duration,Regular,INF209K01LZ1,101317,6.21,7.23,6.39,Debt: Ultra Short Duration,5.91,6.64,5.88,7.98,0.49,AAA,0.57,8,10,9,9,36,Good,25,https://www.valueresearchonline.com/funds/1129/
Axis CRISIL-IBX Fin Srvices 3-6 Months Debt Index Reg,debt,Ultra Short Duration,Regular,INF846KA1218,153880,,,,Debt: Ultra Short Duration,,,,7.26,0.2,AAA,0.21,4,10,10,9,33,Good,15,https://www.valueresearchonline.com/funds/45517/
Axis Ultra Short Duration Reg,debt,Ultra Short Duration,Regular,INF846K01G23,144759,5.67,6.53,5.7,Debt: Ultra Short Duration,5.91,6.64,5.88,7.68,0.48,AAA,0.49,6,10,10,9,35,Good,25,https://www.valueresearchonline.com/funds/37531/
Bandhan CRISIL-IBX Financial Services 3-6 Months Debt Index Reg,debt,Ultra Short Duration,Regular,INF194KB1JS0,153408,5.87,,,Debt: Ultra Short Duration,5.91,,,7.46,0.23,AAA,0.23,5,10,10,9,34,Good,14,https://www.valueresearchonline.com/funds/45044/
Bandhan Ultra Short Duration Reg,debt,Ultra Short Duration,Regular,INF194KA10Q8,144171,6.07,6.94,6.08,Debt: Ultra Short Duration,5.91,6.64,5.88,7.51,0.45,AAA,0.52,5,10,9,9,33,Good,25,https://www.valueresearchonline.com/funds/36950/
Bank of India Ultra Short Duration Reg,debt,Ultra Short Duration,Regular,INF761K01298,109269,5.75,6.35,5.64,Debt: Ultra Short Duration,5.91,6.64,5.88,7.29,0.38,AAA,0.38,4,10,10,9,33,Good,17,https://www.valueresearchonline.com/funds/8389/
Baroda BNP Paribas Ultra Short Duration Reg,debt,Ultra Short Duration,Regular,INF955L01GX2,143464,6.15,7.03,6.29,Debt: Ultra Short Duration,5.91,6.64,5.88,7.33,0.39,AAA,0.42,5,10,9,9,33,Good,25,https://www.valueresearchonline.com/funds/36292/
Canara Robeco Ultra Short Term Reg,debt,Ultra Short Duration,Regular,INF760K01DC9,109371,5.63,6.42,5.53,Debt: Ultra Short Duration,5.91,6.64,5.88,7.32,0.35,AAA,0.41,7,10,10,9,36,Good,23,https://www.valueresearchonline.com/funds/8320/
DSP Ultra Short Reg,debt,Ultra Short Duration,Regular,INF740K01QQ3,104138,5.67,6.62,5.72,Debt: Ultra Short Duration,5.91,6.64,5.88,7.06,0.49,AAA,0.67,6,10,9,9,34,Good,25,https://www.valueresearchonline.com/funds/3574/
Franklin India Ultra Short Duration Reg,debt,Ultra Short Duration,Regular,INF090I01XJ8,152828,6,,,Debt: Ultra Short Duration,5.91,,,7.53,0.25,AAA,0.56,5,10,9,9,33,Good,18,https://www.valueresearchonline.com/funds/44495/
HDFC CRISIL-IBX Fin Srvices 3-6 Months Debt Index Reg,debt,Ultra Short Duration,Regular,INF179KC1JJ7,153518,6.78,,,Debt: Ultra Short Duration,5.91,,,7.63,0.21,AAA,0.22,8,10,10,9,37,Good,25,https://www.valueresearchonline.com/funds/45139/
HDFC Ultra Short Term Reg,debt,Ultra Short Duration,Regular,INF179KB11R3,145040,5.85,6.86,6.05,Debt: Ultra Short Duration,5.91,6.64,5.88,7.61,0.47,AAA,0.75,8,10,9,9,36,Good,25,https://www.valueresearchonline.com/funds/37802/
HSBC Ultra Short Duration Reg,debt,Ultra Short Duration,Regular,INF336L01OW1,147907,6.19,6.99,6.14,Debt: Ultra Short Duration,5.91,6.64,5.88,7.41,0.48,AAA,0.49,5,10,10,9,34,Good,25,https://www.valueresearchonline.com/funds/40539/
ICICI Pru CRISIL-IBX Financial Services 3-6 Months Debt Index,debt,Ultra Short Duration,Regular,INF109K1A039,153409,6.62,,,Debt: Ultra Short Duration,5.91,,,7.6,0.2,AAA,0.2,5,10,10,9,34,Good,22,https://www.valueresearchonline.com/funds/45046/
ICICI Pru Ultra Short Term,debt,Ultra Short Duration,Regular,INF109K01TP7,115092,6.11,6.97,6.17,Debt: Ultra Short Duration,5.91,6.64,5.88,7.79,0.48,AAA,0.53,6,10,9,9,34,Good,25,https://www.valueresearchonline.com/funds/12627/
ITI Ultra Short Duration Reg,debt,Ultra Short Duration,Regular,INF00XX01952,148906,5.49,6.24,5.37,Debt: Ultra Short Duration,5.91,6.64,5.88,6.83,0.3,AAA,0.3,3,10,10,9,32,Good,19,https://www.valueresearchonline.com/funds/41468/
Invesco India Ultra Short Duration Reg,debt,Ultra Short Duration,Regular,INF205K01TM0,114359,5.9,6.84,5.88,Debt: Ultra Short Duration,5.91,6.64,5.88,7.53,0.43,AAA,0.43,5,10,10,9,34,Good,25,https://www.valueresearchonline.com/funds/11881/
Kotak CRISIL-IBX Fin Srvices 3-6 Months Debt Index Reg,debt,Ultra Short Duration,Regular,INF174KA1VN1,153375,6.35,,,Debt: Ultra Short Duration,5.91,,,7.36,0.21,AAA,0.21,7,10,10,9,36,Good,18,https://www.valueresearchonline.com/funds/44994/
Kotak Savings Reg,debt,Ultra Short Duration,Regular,INF174K01FD6,102591,5.84,6.74,5.94,Debt: Ultra Short Duration,5.91,6.64,5.88,7.9,0.41,AAA,0.51,8,10,9,9,36,Good,25,https://www.valueresearchonline.com/funds/2328/
LIC MF Ultra Short Duration Reg,debt,Ultra Short Duration,Regular,INF767K01QO1,147770,5.62,6.38,5.79,Debt: Ultra Short Duration,5.91,6.64,5.88,7.66,0.46,AAA,0.46,4,10,10,9,33,Good,23,https://www.valueresearchonline.com/funds/40407/
Mahindra Manulife Ultra Short Duration Reg,debt,Ultra Short Duration,Regular,INF174V01853,147734,6,6.85,5.99,Debt: Ultra Short Duration,5.91,6.64,5.88,7.7,0.48,AAA,0.49,8,10,10,9,37,Good,25,https://www.valueresearchonline.com/funds/40340/
Mirae Asset Ultra Short Duration Reg,debt,Ultra Short Duration,Regular,INF769K01GH2,148530,6.29,7.15,6.28,Debt: Ultra Short Duration,5.91,6.64,5.88,7.64,0.48,AAA,0.6,8,10,9,9,36,Good,25,https://www.valueresearchonline.com/funds/41137/
Motilal Oswal Ultra Short Term Reg,debt,Ultra Short Duration,Regular,INF247L01213,124233,5.06,5.68,4.92,Debt: Ultra Short Duration,5.91,6.64,5.88,6.15,0.31,AAA,0.31,2,10,10,9,31,Good,14,https://www.valueresearchonline.com/funds/21380/
Nippon India CRISIL-IBX Financial Services 3-6 Months Debt Index Reg,debt,Ultra Short Duration,Regular,INF204KC1GU9,154274,,,,Debt: Ultra Short Duration,,,,7.28,0.2,AAA,0.2,7,10,10,9,36,Good,23,https://www.valueresearchonline.com/funds/45883/
Nippon India Ultra Short Duration Reg,debt,Ultra Short Duration,Regular,INF204K01UE8,143493,6.01,6.77,6.55,Debt: Ultra Short Duration,5.91,6.64,5.88,7.83,0.45,AAA,0.59,8,10,9,9,36,Good,25,https://www.valueresearchonline.com/funds/1141/
Nippon India Ultra Short Duration Seg Port1 Reg,debt,Ultra Short Duration,Regular,INF205K01TM0,114359,,,,,,,,10.75,,BBB,0.07,,,,,,N/A,1,https://www.valueresearchonline.com/funds/40327/
PGIM India Ultra Short Duration,debt,Ultra Short Duration,Regular,INF223J01FK8,138343,5.45,6.38,5.65,Debt: Ultra Short Duration,5.91,6.64,5.88,7.13,0.32,AAA,0.33,3,10,10,9,32,Good,19,https://www.valueresearchonline.com/funds/8285/
SBI Ultra Short Duration Reg,debt,Ultra Short Duration,Regular,INF200K01LJ4,100641,6.03,6.93,6.08,Debt: Ultra Short Duration,5.91,6.64,5.88,7.77,0.46,AAA,0.71,6,10,9,9,34,Good,25,https://www.valueresearchonline.com/funds/609/
Sundaram Ultra Short Duration Reg,debt,Ultra Short Duration,Regular,INF173K01CU9,149535,5.03,5.94,5.14,Debt: Ultra Short Duration,5.91,6.64,5.88,7.45,0.38,AAA,0.44,6,9,9,9,33,Good,25,https://www.valueresearchonline.com/funds/6609/
Tata Ultra Short Term Reg,debt,Ultra Short Duration,Regular,INF277K016S1,146070,5.83,6.57,5.72,Debt: Ultra Short Duration,5.91,6.64,5.88,7.91,0.48,AAA,0.57,8,10,9,9,36,Good,25,https://www.valueresearchonline.com/funds/38827/
UTI Ultra Short Duration Discontinued Inst,debt,Ultra Short Duration,Regular,INF789F01PM1,112083,5.75,6.76,6.53,Debt: Ultra Short Duration,5.91,6.64,5.88,7.61,0.42,AAA,0.46,5,10,9,9,33,Good,25,https://www.valueresearchonline.com/funds/10583/
UTI Ultra Short Duration Reg,debt,Ultra Short Duration,Regular,INF789F01570,102532,5.75,6.67,6.4,Debt: Ultra Short Duration,5.91,6.64,5.88,7.61,0.42,AAA,0.46,5,10,9,9,33,Good,25,https://www.valueresearchonline.com/funds/1828/
WhiteOak Capital Ultra Short Duration Reg,debt,Ultra Short Duration,Regular,INF03VN01282,147307,5.58,6.41,5.64,Debt: Ultra Short Duration,5.91,6.64,5.88,6.87,0.43,AAA,0.44,5,10,10,9,34,Good,21,https://www.valueresearchonline.com/funds/39933/
