Fund Name,Category,Subcategory,Plan,1Y Return (%),3Y Return (%),5Y Return (%),Benchmark Name,Benchmark 1Y (%),Benchmark 3Y (%),Benchmark 5Y (%),Alpha,Beta,Sharpe Ratio,Std Dev,Mean Return (%),Sortino (%),ISIN,Scheme Code,Top Holdings Count,Fund URL,Alpha Score (12),Sharpe Score (12),StdDev Score (6),Beta Score (6),Sortino Score (4),Total Score (40),Risk Category,Fund Rating
360 ONE ELSS Tax Saver Nifty 50 Index Dir,equity,equity,Direct,-1.7,9.53,,BSE 500 TRI,1.14,13.21,,-3.02,0.86,0.28,13.72,9.76,1.1,INF579M01AN2,151165,25,https://www.valueresearchonline.com/funds/42908/,2,4,4,4,2,16,Moderately High Risk,Average
ABSL ELSS Tax Saver Dir,equity,equity,Direct,3.47,14.07,9.81,BSE 500 TRI,1.14,13.21,12.36,1.02,0.94,0.58,14.66,14.4,1.32,INF209K01UN8,119544,25,https://www.valueresearchonline.com/funds/15889/,8,6,3,4,2,23,Moderate Risk,Average
Axis ELSS Tax Saver Dir,equity,equity,Direct,0.68,10.78,8.39,BSE 500 TRI,1.14,13.21,12.36,-1.23,0.9,0.41,14.64,11.84,1.43,INF846K01EW2,120503,25,https://www.valueresearchonline.com/funds/15688/,4,4,3,4,2,17,Moderately High Risk,Average
Bajaj Finserv ELSS Tax Saver Dir,equity,equity,Direct,5.35,,,BSE 500 TRI,1.14,,,,,,,,,INF0QA701AK0,153201,25,https://www.valueresearchonline.com/funds/44856/,1,1,1,1,1,5,High Risk,Poor
Bandhan ELSS Tax Saver Dir,equity,equity,Direct,3.26,12.98,14.13,BSE 500 TRI,1.14,13.21,12.36,0.24,0.9,0.53,13.98,13.26,1.32,INF194K01Y29,118473,25,https://www.valueresearchonline.com/funds/16493/,8,6,4,4,2,24,Moderate Risk,Average
Bank of Ind Midcap Tax 2 Dir,equity,equity,Direct,4.25,15.2,13.26,BSE 500 TRI,1.14,13.21,12.36,1.55,1.13,0.57,18.58,16.45,1.01,INF761K01EL6,144315,25,https://www.valueresearchonline.com/funds/36922/,8,6,1,3,2,20,Moderate Risk,Average
Bank of India ELSS Tax Saver Fund Dir,equity,equity,Direct,5.67,16.75,14.89,BSE 500 TRI,1.14,13.21,12.36,2.6,1.08,0.63,17.96,17.1,1.13,INF761K01884,119351,25,https://www.valueresearchonline.com/funds/16803/,10,6,2,3,2,23,Moderate Risk,Average
Bank of India Midcap Tax Sr 1 Dir,equity,equity,Direct,9.57,16.55,14.68,BSE 500 TRI,1.14,13.21,12.36,2.61,1.15,0.61,19.23,17.67,0.99,INF761K01DS3,141950,25,https://www.valueresearchonline.com/funds/34774/,10,6,1,3,1,21,Moderate Risk,Average
Baroda BNP Paribas ELSS Tax Saver Dir,equity,equity,Direct,6.02,17.45,14.45,BSE 500 TRI,1.14,13.21,12.36,4.14,0.96,0.77,15.4,17.69,1.48,INF251K01HF3,150159,25,https://www.valueresearchonline.com/funds/15732/,12,8,3,4,2,29,Low Risk,Good
Canara Robeco ELSS Tax Saver Dir,equity,equity,Direct,3.22,13.85,12.87,BSE 500 TRI,1.14,13.21,12.36,0.61,0.94,0.56,14.65,14,1.24,INF760K01EL8,118285,25,https://www.valueresearchonline.com/funds/16594/,8,6,3,4,2,23,Moderate Risk,Average
DSP ELSS Tax Saver Dir,equity,equity,Direct,1.22,17.38,14.91,BSE 500 TRI,1.14,13.21,12.36,3.33,0.99,0.72,15.71,17.14,1.86,INF740K01OK1,119242,25,https://www.valueresearchonline.com/funds/16454/,10,6,3,4,3,26,Moderate Risk,Average
Edelweiss ELSS Tax Saver Dir,equity,equity,Direct,5.95,15.72,14.54,BSE 500 TRI,1.14,13.21,12.36,2.37,0.99,0.67,15.48,16.16,1.3,INF754K01CA8,118620,25,https://www.valueresearchonline.com/funds/17762/,10,6,3,4,2,25,Moderate Risk,Average
Franklin India ELSS Tax Saver Dir,equity,equity,Direct,-2.84,14.85,13.96,BSE 500 TRI,1.14,13.21,12.36,1.69,0.93,0.62,14.59,14.98,1.5,INF090I01JS8,118540,25,https://www.valueresearchonline.com/funds/16014/,8,6,3,4,3,24,Moderate Risk,Average
Groww ELSS Tax Saver Dir,equity,equity,Direct,-2.61,11.73,10.85,BSE 500 TRI,1.14,13.21,12.36,-1.33,0.97,0.41,15.65,12.3,0.97,INF0J8L01115,151611,25,https://www.valueresearchonline.com/funds/34683/,4,4,3,4,1,16,Moderately High Risk,Average
HDFC ELSS Tax Saver Dir,equity,equity,Direct,-1.9,16.29,17.15,BSE 500 TRI,1.14,13.21,12.36,3.57,0.86,0.76,13.76,16.34,2.21,INF179K01YS4,119060,25,https://www.valueresearchonline.com/funds/16160/,10,8,4,4,4,30,Low Risk,Good
HSBC ELSS Tax Saver Dir,equity,equity,Direct,5.65,17.83,14.91,BSE 500 TRI,1.14,13.21,12.36,3.76,1.01,0.72,16.45,17.73,1.23,INF917K01GP0,151078,25,https://www.valueresearchonline.com/funds/16200/,10,6,2,3,2,23,Moderate Risk,Average
ICICI Pru ELSS Tax Saver Dir,equity,equity,Direct,1.49,13.59,13.04,BSE 500 TRI,1.14,13.21,12.36,0.77,0.88,0.56,14.01,13.67,1.47,INF109K01Y31,120592,25,https://www.valueresearchonline.com/funds/15862/,8,6,3,4,2,23,Moderate Risk,Average
ICICI Pru Long Term Wealth Enhancement Dir,equity,equity,Direct,1.4,15.26,15.29,BSE 500 TRI,1.14,13.21,12.36,2.18,0.87,0.64,14.19,14.96,1.46,INF109KC1101,142133,25,https://www.valueresearchonline.com/funds/34952/,10,6,3,4,2,25,Moderate Risk,Average
ITI ELSS Tax Saver Dir,equity,equity,Direct,3.86,19.19,13.86,BSE 500 TRI,1.14,13.21,12.36,3.71,1.22,0.68,19.96,19.35,1.19,INF00XX01390,147541,25,https://www.valueresearchonline.com/funds/40137/,10,6,1,2,2,21,Moderate Risk,Average
Invesco India ELSS Tax Saver Dir,equity,equity,Direct,-2.22,13.72,11.71,BSE 500 TRI,1.14,13.21,12.36,0.26,1.03,0.52,16.53,14.39,1.06,INF205K01NT8,120416,25,https://www.valueresearchonline.com/funds/16849/,8,6,2,3,2,21,Moderate Risk,Average
JM ELSS Tax Saver Dir,equity,equity,Direct,5.91,17.15,16.1,BSE 500 TRI,1.14,13.21,12.36,3.5,1.04,0.7,16.98,17.7,1.35,INF192K01CE3,120494,25,https://www.valueresearchonline.com/funds/16552/,10,6,2,3,2,23,Moderate Risk,Average
Kotak ELSS Tax Saver Dir,equity,equity,Direct,1.86,13.54,13.83,BSE 500 TRI,1.14,13.21,12.36,0.1,0.97,0.51,15.39,13.68,1.11,INF174K01LI3,119773,25,https://www.valueresearchonline.com/funds/16380/,8,6,3,4,2,23,Moderate Risk,Average
LIC MF ELSS Tax Saver Dir,equity,equity,Direct,-3.68,11.44,12.02,BSE 500 TRI,1.14,13.21,12.36,-1.5,0.92,0.4,14.92,11.76,1.19,INF767K01EM1,120270,25,https://www.valueresearchonline.com/funds/16868/,4,4,3,4,2,17,Moderately High Risk,Average
Mahindra Manulife ELSS Tax Saver Dir,equity,equity,Direct,-2.31,11.22,12.44,BSE 500 TRI,1.14,13.21,12.36,-1.23,0.91,0.42,14.23,11.9,1.26,INF174V01093,139781,25,https://www.valueresearchonline.com/funds/32895/,4,4,3,4,2,17,Moderately High Risk,Average
Mirae Asset ELSS Tax Saver Dir,equity,equity,Direct,4.67,15.58,13.6,BSE 500 TRI,1.14,13.21,12.36,1.75,1,0.63,15.59,15.63,1.38,INF769K01DM9,135781,25,https://www.valueresearchonline.com/funds/31318/,8,6,3,4,2,23,Moderate Risk,Average
Motilal Oswal ELSS Tax Saver Dir,equity,equity,Direct,8.61,23.57,19.53,BSE 500 TRI,1.14,13.21,12.36,8.8,1.16,0.84,21.38,23.93,0.98,INF247L01569,133386,25,https://www.valueresearchonline.com/funds/29162/,12,8,1,2,1,24,Moderate Risk,Average
NJ ELSS Tax Saver Dir,equity,equity,Direct,-1.62,,,BSE 500 TRI,1.14,,,,,,,,,INF0J8L01115,151611,25,https://www.valueresearchonline.com/funds/43365/,1,1,1,1,1,5,High Risk,Poor
Navi ELSS Tax Saver Dir,equity,equity,Direct,,,,,,,,,,,,,1.02,INF959L01CD5,135654,0,https://www.valueresearchonline.com/funds/31265/,1,1,1,1,2,6,High Risk,Poor
Navi ELSS Tax Saver Nifty 50 Index Dir,equity,equity,Direct,-1.78,9.57,,BSE 500 TRI,1.14,13.21,,-3.02,0.87,0.29,13.79,9.8,,INF959L01GR6,151471,25,https://www.valueresearchonline.com/funds/43191/,2,4,4,4,1,15,Moderately High Risk,Average
Nippon India ELSS Tax Saver Dir,equity,equity,Direct,4.53,16.37,15.21,BSE 500 TRI,1.14,13.21,12.36,3.2,0.98,0.72,15.29,16.88,1.43,INF204K01L55,118803,25,https://www.valueresearchonline.com/funds/16186/,10,6,3,4,2,25,Moderate Risk,Average
PGIM India ELSS Tax Saver Dir,equity,equity,Direct,-0.1,10.37,11.95,BSE 500 TRI,1.14,13.21,12.36,-3.01,0.92,0.3,14.79,10.24,0.9,INF663L01FN5,135601,25,https://www.valueresearchonline.com/funds/31167/,2,4,3,4,1,14,Moderately High Risk,Average
Parag Parikh ELSS Tax Saver Dir,equity,equity,Direct,-6.49,12.67,14.47,BSE 500 TRI,1.14,13.21,12.36,0.74,0.7,0.56,11.44,12.22,1.66,INF879O01100,147481,25,https://www.valueresearchonline.com/funds/40105/,8,6,5,6,3,28,Low Risk,Good
Quant ELSS Tax Saver Dir,equity,equity,Direct,13.49,18.35,17.61,BSE 500 TRI,1.14,13.21,12.36,4.88,1.12,0.74,18.53,19.66,1.38,INF966L01986,120847,25,https://www.valueresearchonline.com/funds/17381/,12,6,1,3,2,24,Moderate Risk,Average
Quantum ELSS Tax Saver Dir,equity,equity,Direct,-3.39,14.09,11.82,BSE 500 TRI,1.14,13.21,12.36,1.28,0.85,0.6,13.6,13.97,1.67,INF082J01069,111549,25,https://www.valueresearchonline.com/funds/10080/,8,6,4,5,3,26,Moderate Risk,Average
SBI ELSS Tax Saver Dir,equity,equity,Direct,1.04,18.88,17.63,BSE 500 TRI,1.14,13.21,12.36,5.56,0.98,0.86,15.66,19.29,2.07,INF200K01UM9,119723,25,https://www.valueresearchonline.com/funds/16244/,12,8,3,4,4,31,Low Risk,Good
SBI Long Term Advantage Sr IV Dir,equity,equity,Direct,3.33,11.68,15.01,BSE 500 TRI,1.14,13.21,12.36,-0.04,0.91,0.45,15.98,13.1,1.45,INF200KA1LS9,140487,25,https://www.valueresearchonline.com/funds/33323/,4,4,3,4,2,17,Moderately High Risk,Average
SBI Long Term Advantage Sr V Dir,equity,equity,Direct,2.55,21.03,17.48,BSE 500 TRI,1.14,13.21,12.36,5.87,0.97,0.83,16.3,19.47,1.93,INF200KA1RW8,142138,25,https://www.valueresearchonline.com/funds/34960/,12,8,2,4,3,29,Low Risk,Good
SBI Long Term Advantage Sr VI Dir,equity,equity,Direct,1.12,14.77,14.71,BSE 500 TRI,1.14,13.21,12.36,0.62,1.1,0.52,18.04,15.25,1.16,INF200KA1TO1,143178,25,https://www.valueresearchonline.com/funds/35971/,8,6,1,3,2,20,Moderate Risk,Average
Samco ELSS Tax Saver Dir,equity,equity,Direct,-4.21,7.09,,BSE 500 TRI,1.14,13.21,,-5.86,1.09,0.15,19.57,8.71,0.26,INF0K1H01065,150838,25,https://www.valueresearchonline.com/funds/42760/,2,4,1,3,1,11,High Risk,Poor
Shriram ELSS Tax Saver Dir,equity,equity,Direct,1.69,10.15,10.09,BSE 500 TRI,1.14,13.21,12.36,-2.88,1,0.3,16.87,10.99,0.62,INF680P01158,145819,25,https://www.valueresearchonline.com/funds/38439/,2,4,2,4,1,13,Moderately High Risk,Average
Sundaram ELSS Tax Saver Dir,equity,equity,Direct,-0.89,11.76,12.05,BSE 500 TRI,1.14,13.21,12.36,-0.76,0.92,0.45,14.45,12.43,1.32,INF173K01HZ7,149570,25,https://www.valueresearchonline.com/funds/16650/,4,4,3,4,2,17,Moderately High Risk,Average
Sundaram Long Term Micro Cap Tax Advantage III Dir,equity,equity,Direct,10,16.65,19.91,BSE 500 TRI,1.14,13.21,12.36,2.66,1.08,0.58,19.59,17.19,1.1,INF903JA1443,139711,25,https://www.valueresearchonline.com/funds/32783/,10,6,1,3,2,22,Moderate Risk,Average
Sundaram Long Term Micro Cap Tax Advantage IV Dir,equity,equity,Direct,10.06,16.8,20.18,BSE 500 TRI,1.14,13.21,12.36,2.84,1.07,0.59,19.37,17.28,1.16,INF903JA1526,139990,25,https://www.valueresearchonline.com/funds/33066/,10,6,1,3,2,22,Moderate Risk,Average
Sundaram Long Term Micro Cap Tax Advantage V Dir,equity,equity,Direct,10.27,17.4,19.64,BSE 500 TRI,1.14,13.21,12.36,3.43,1.08,0.62,19.46,17.93,1.17,INF903JA1955,141141,25,https://www.valueresearchonline.com/funds/34226/,10,6,1,3,2,22,Moderate Risk,Average
Sundaram Long Term Micro Cap Tax Advantage VI Dir,equity,equity,Direct,8.9,16.82,20.07,BSE 500 TRI,1.14,13.21,12.36,2.92,1.07,0.59,19.38,17.36,1.16,INF903JA1AZ0,141564,25,https://www.valueresearchonline.com/funds/34431/,10,6,1,3,2,22,Moderate Risk,Average
Sundaram Long Term Tax Advantage III Dir,equity,equity,Direct,12.79,17.61,20.76,BSE 500 TRI,1.14,13.21,12.36,3.67,1.05,0.64,18.77,17.94,1.26,INF903J011W9,135682,25,https://www.valueresearchonline.com/funds/35008/,10,6,1,3,2,22,Moderate Risk,Average
Sundaram Long Term Tax Advantage IV Dir,equity,equity,Direct,13.52,17.93,20.87,BSE 500 TRI,1.14,13.21,12.36,3.92,1.04,0.66,18.54,18.11,1.32,INF903JA1CZ6,143079,25,https://www.valueresearchonline.com/funds/35873/,10,6,1,3,2,22,Moderate Risk,Average
Tata ELSS Dir,equity,equity,Direct,6.85,15.59,14.8,BSE 500 TRI,1.14,13.21,12.36,2.17,1,0.64,15.83,16.07,1.33,INF277K01I86,132756,25,https://www.valueresearchonline.com/funds/16739/,10,6,3,4,2,25,Moderate Risk,Average
Taurus ELSS Tax Saver Dir,equity,equity,Direct,-4.38,11.97,11.78,BSE 500 TRI,1.14,13.21,12.36,-0.34,0.88,0.46,14.49,12.58,1.19,INF044D01CG6,118866,25,https://www.valueresearchonline.com/funds/16713/,4,4,3,4,2,17,Moderately High Risk,Average
UTI ELSS Tax Saver Dir,equity,equity,Direct,-0.96,11.31,10.69,BSE 500 TRI,1.14,13.21,12.36,-1.72,0.96,0.39,15.04,11.78,1.07,INF789F01TF7,120715,25,https://www.valueresearchonline.com/funds/15723/,4,4,3,4,2,17,Moderately High Risk,Average
Union ELSS Tax Saver Dir,equity,equity,Direct,2.86,13.11,13.23,BSE 500 TRI,1.14,13.21,12.36,0.21,0.93,0.52,14.63,13.49,1.18,INF582M01765,119307,25,https://www.valueresearchonline.com/funds/16436/,8,6,3,4,2,23,Moderate Risk,Average
WhiteOak Capital ELSS Tax Saver Dir,equity,equity,Direct,2.79,18.49,,BSE 500 TRI,1.14,13.21,,4.9,0.94,0.82,15.04,18.25,1.67,INF03VN01621,150587,25,https://www.valueresearchonline.com/funds/42487/,12,8,3,4,3,30,Low Risk,Good
Zerodha ELSS Tax Saver Nifty Large Midcap 250 Index Dir,equity,equity,Direct,4.4,,,BSE 500 TRI,1.14,,,,,,,,,INF0R8F01026,152157,25,https://www.valueresearchonline.com/funds/43847/,1,1,1,1,1,5,High Risk,Poor
360 ONE Flexicap Dir,equity,equity,Direct,6.5,,,BSE 500 TRI,1.14,,,,,,,,,INF579M01AS1,151796,25,https://www.valueresearchonline.com/funds/43547/,1,1,1,1,1,5,High Risk,Poor
360 ONE Focused Dir,equity,equity,Direct,4.01,13.71,13.99,BSE 500 TRI,1.14,13.21,12.36,0.8,0.92,0.56,14.61,14,1.35,INF579M01902,131580,25,https://www.valueresearchonline.com/funds/28458/,8,6,3,4,2,23,Moderate Risk,Average
ABSL BSE 500 Momentum 50 Index Fund Dir,equity,equity,Direct,,,,BSE 500 TRI,,,,,,,,,,INF209KC1589,153736,25,https://www.valueresearchonline.com/funds/45377/,1,1,1,1,1,5,High Risk,Poor
ABSL BSE 500 Quality 50 Index Dir,equity,equity,Direct,,,,BSE 500 TRI,,,,,,,,,,INF209KC1613,153740,25,https://www.valueresearchonline.com/funds/45381/,1,1,1,1,1,5,High Risk,Poor
ABSL Bal Bhavishya Yojna Dir,equity,equity,Direct,5.27,13.57,10.89,BSE 500 TRI,1.14,13.21,12.36,0.92,0.97,0.56,15.43,14.57,1.1,INF209KB1E84,146407,25,https://www.valueresearchonline.com/funds/38821/,8,6,3,4,2,23,Moderate Risk,Average
ABSL Flexi Cap Dir,equity,equity,Direct,7.23,17.05,13.62,BSE 500 TRI,1.14,13.21,12.36,3.66,0.95,0.76,14.78,17.13,,INF209K01XX1,120564,25,https://www.valueresearchonline.com/funds/15741/,10,8,3,4,1,26,Moderate Risk,Average
ABSL Focused Dir,equity,equity,Direct,3.19,15.25,13.1,BSE 500 TRI,1.14,13.21,12.36,2.15,0.9,0.66,14.15,15.2,1.77,INF209K01WE3,119564,25,https://www.valueresearchonline.com/funds/15883/,10,6,3,4,3,26,Moderate Risk,Average
ABSL Retirement 30s Dir,equity,equity,Direct,12.96,18.1,13.07,BSE 500 TRI,1.14,13.21,12.36,4.33,1,0.77,15.97,18.15,1.29,INF209KB1I23,146575,25,https://www.valueresearchonline.com/funds/39181/,12,8,3,4,2,29,Low Risk,Good
Abakkus Flexi Cap Dir,equity,equity,Direct,,,,BSE 500 TRI,,,,,,,,,,INF2JJD01136,154043,25,https://www.valueresearchonline.com/funds/45683/,1,1,1,1,1,5,High Risk,Poor
Angel One Nifty Total Market ETF,equity,equity,Direct,2.06,,,BSE 500 TRI,1.14,,,,,,,,,INF1J2R01015,153332,25,https://www.valueresearchonline.com/funds/44964/,1,1,1,1,1,5,High Risk,Poor
Angel One Nifty Total Market Index Dir,equity,equity,Direct,2.01,,,BSE 500 TRI,1.14,,,,,,,,,INF1J2R01023,153330,25,https://www.valueresearchonline.com/funds/44963/,1,1,1,1,1,5,High Risk,Poor
Angel One Nifty Total Market Momentum Quality 50 ETF,equity,equity,Direct,,,,BSE 500 TRI,,,,,,,,,,INF1J2R01148,153957,25,https://www.valueresearchonline.com/funds/45605/,1,1,1,1,1,5,High Risk,Poor
Angel One Nifty Total Market Momentum Quality 50 Index Dir,equity,equity,Direct,,,,BSE 500 TRI,,,,,,,,,,INF1J2R01122,153956,25,https://www.valueresearchonline.com/funds/45607/,1,1,1,1,1,5,High Risk,Poor
Axis Flexi Cap Dir,equity,equity,Direct,3.99,14.04,11.25,BSE 500 TRI,1.14,13.21,12.36,0.51,0.96,0.53,15.39,14.09,1.09,INF846K01B28,141925,25,https://www.valueresearchonline.com/funds/34711/,8,6,3,4,2,23,Moderate Risk,Average
Axis Focused Dir,equity,equity,Direct,-1.21,9.15,6.44,BSE 500 TRI,1.14,13.21,12.36,-3.31,0.91,0.27,14.86,9.82,0.97,INF846K01CQ8,120468,25,https://www.valueresearchonline.com/funds/15684/,2,4,3,4,1,14,Moderately High Risk,Average
Axis Nifty 500 Index Dir,equity,equity,Direct,1.84,,,BSE 500 TRI,1.14,,,,,,,,,INF846K019W9,152731,25,https://www.valueresearchonline.com/funds/44413/,1,1,1,1,1,5,High Risk,Poor
Axis Nifty500 Momentum 50 Index Dir,equity,equity,Direct,0.35,,,BSE 500 TRI,1.14,,,,,,,,,INF846KA1044,153244,25,https://www.valueresearchonline.com/funds/44905/,1,1,1,1,1,5,High Risk,Poor
Axis Nifty500 Quality 50 Index Dir,equity,equity,Direct,,,,BSE 500 TRI,,,,,,,,,,INF846KA1200,153829,25,https://www.valueresearchonline.com/funds/45468/,1,1,1,1,1,5,High Risk,Poor
Bajaj Finserv Flexi Cap Dir,equity,equity,Direct,6.8,,,BSE 500 TRI,1.14,,,,,,,,,INF0QA701342,151895,25,https://www.valueresearchonline.com/funds/43653/,1,1,1,1,1,5,High Risk,Poor
Bandhan Flexi Cap Dir,equity,equity,Direct,2.25,13.96,12.39,BSE 500 TRI,1.14,13.21,12.36,1.36,0.88,0.61,13.88,14.27,1.35,INF194K01W62,118424,25,https://www.valueresearchonline.com/funds/16501/,8,6,4,4,2,24,Moderate Risk,Average
Bandhan Focused Dir,equity,equity,Direct,3.57,16.36,13.9,BSE 500 TRI,1.14,13.21,12.36,3.36,0.98,0.67,16.72,17.06,1.41,INF194K01W21,118421,25,https://www.valueresearchonline.com/funds/16507/,10,6,2,4,2,24,Moderate Risk,Average
Bandhan Nifty 500 Momentum 50 Index Dir,equity,equity,Direct,0.06,,,BSE 500 TRI,1.14,,,,,,,,,INF194KB1IY0,153003,25,https://www.valueresearchonline.com/funds/44630/,1,1,1,1,1,5,High Risk,Poor
Bandhan Nifty Alpha 50 Index Dir,equity,equity,Direct,2.97,,,BSE 500 TRI,1.14,,,,,,,,,INF194KB1HA2,152177,25,https://www.valueresearchonline.com/funds/43864/,1,1,1,1,1,5,High Risk,Poor
Bandhan Nifty Total Mkt Index Dir,equity,equity,Direct,1.78,,,BSE 500 TRI,1.14,,,,,,,,,INF194KB1IK9,152716,25,https://www.valueresearchonline.com/funds/44403/,1,1,1,1,1,5,High Risk,Poor
Bank of India Flexi Cap Dir,equity,equity,Direct,11.05,22.61,18.63,BSE 500 TRI,1.14,13.21,12.36,7.64,1.12,0.87,19.06,22.48,1.47,INF761K01FF5,148404,25,https://www.valueresearchonline.com/funds/41018/,12,8,1,3,2,26,Moderate Risk,Average
Baroda BNP Paribas Children's Dir,equity,equity,Direct,7.77,,,BSE 500 TRI,1.14,,,,,,,,,INF251K01UE9,153171,25,https://www.valueresearchonline.com/funds/44780/,1,1,1,1,1,5,High Risk,Poor
Baroda BNP Paribas Flexi Cap Dir,equity,equity,Direct,3.59,15.17,,BSE 500 TRI,1.14,13.21,,2.21,1,0.64,15.9,16.06,1.1,INF251K01QZ2,150387,25,https://www.valueresearchonline.com/funds/42312/,10,6,3,4,2,25,Moderate Risk,Average
Baroda BNP Paribas Focused Dir,equity,equity,Direct,-1.71,11.67,11.97,BSE 500 TRI,1.14,13.21,12.36,-1.38,1.08,0.42,17.32,13.11,0.85,INF251K01PN0,150264,25,https://www.valueresearchonline.com/funds/34653/,4,4,2,3,1,14,Moderately High Risk,Average
Canara Robeco Flexi Cap Dir,equity,equity,Direct,1.8,13.38,12.43,BSE 500 TRI,1.14,13.21,12.36,0.21,0.93,0.53,14.53,13.53,1.27,INF760K01EF0,118275,25,https://www.valueresearchonline.com/funds/16588/,8,6,3,4,2,23,Moderate Risk,Average
Canara Robeco Focused Dir,equity,equity,Direct,-0.14,14.67,14.55,BSE 500 TRI,1.14,13.21,12.36,1.51,0.92,0.61,14.62,14.73,1.5,INF760K01JQ6,148883,25,https://www.valueresearchonline.com/funds/41458/,8,6,3,4,3,24,Moderate Risk,Average
Capitalmind Flexi Cap Dir,equity,equity,Direct,,,,BSE 500 TRI,,,,,,,,,,INF226401018,153738,25,https://www.valueresearchonline.com/funds/45313/,1,1,1,1,1,5,High Risk,Poor
DSP Flexi Cap Dir,equity,equity,Direct,1.02,14.26,12.26,BSE 500 TRI,1.14,13.21,12.36,1.09,0.97,0.58,15.43,14.74,1.52,INF740K01PI2,119076,25,https://www.valueresearchonline.com/funds/16386/,8,6,3,4,3,24,Moderate Risk,Average
DSP Focused Dir,equity,equity,Direct,1.59,16.22,12.38,BSE 500 TRI,1.14,13.21,12.36,2.53,0.96,0.66,15.53,16.05,1.78,INF740K01OB0,119096,25,https://www.valueresearchonline.com/funds/16388/,10,6,3,4,3,26,Moderate Risk,Average
DSP Nifty 500 Index Dir,equity,equity,Direct,,,,BSE 500 TRI,,,,,,,,,,INF740KA1XY9,154088,25,https://www.valueresearchonline.com/funds/45719/,1,1,1,1,1,5,High Risk,Poor
DSP Nifty500 Flexicap Quality 30 ETF,equity,equity,Direct,,,,BSE 500 TRI,,,,,,,,,,INF740KA1WU9,153874,25,https://www.valueresearchonline.com/funds/45521/,1,1,1,1,1,5,High Risk,Poor
DSP Nifty500 Flexicap Quality 30 Index Dir,equity,equity,Direct,,,,BSE 500 TRI,,,,,,,,,,INF740KA1WR5,153801,25,https://www.valueresearchonline.com/funds/45446/,1,1,1,1,1,5,High Risk,Poor
Edelweiss Flexi Cap Dir,equity,equity,Direct,3.78,16.81,15.45,BSE 500 TRI,1.14,13.21,12.36,3.34,0.99,0.73,15.48,17.1,1.46,INF843K01KK1,140353,25,https://www.valueresearchonline.com/funds/29263/,10,6,3,4,2,25,Moderate Risk,Average
Edelweiss Focused Dir,equity,equity,Direct,3.13,15.35,,BSE 500 TRI,1.14,13.21,,1.88,0.98,0.63,15.56,15.61,1.43,INF754K01OP1,150376,25,https://www.valueresearchonline.com/funds/42298/,8,6,3,4,2,23,Moderate Risk,Average
Franklin India Flexi Cap Dir,equity,equity,Direct,-1.5,15.31,14.73,BSE 500 TRI,1.14,13.21,12.36,2.14,0.92,0.66,14.47,15.37,1.56,INF090I01FK3,118535,25,https://www.valueresearchonline.com/funds/16008/,10,6,3,4,3,26,Moderate Risk,Average
Franklin India Focused Equity Dir,equity,equity,Direct,-3.73,11.61,12.61,BSE 500 TRI,1.14,13.21,12.36,-0.71,0.88,0.45,14.11,12.17,1.24,INF090I01IW2,118564,25,https://www.valueresearchonline.com/funds/15990/,4,4,3,4,2,17,Moderately High Risk,Average
Groww Nifty 500 Low Volatility 50 ETF,equity,equity,Direct,2.88,,,BSE 500 TRI,1.14,,,,,,,,,INF666M01LB9,153583,25,https://www.valueresearchonline.com/funds/45217/,1,1,1,1,1,5,High Risk,Poor
Groww Nifty 500 Momentum 50 ETF,equity,equity,Direct,-0.05,,,BSE 500 TRI,1.14,,,,,,,,,INF666M01KJ4,153452,25,https://www.valueresearchonline.com/funds/45094/,1,1,1,1,1,5,High Risk,Poor
Groww Nifty 500 Momentum 50 ETF FoF Dir,equity,equity,Direct,0.31,,,BSE 500 TRI,1.14,,,,,,,,,INF666M01JX7,153453,1,https://www.valueresearchonline.com/funds/45097/,1,1,1,1,1,5,High Risk,Poor
Groww Nifty Total Market Index Dir,equity,equity,Direct,1.83,,,BSE 500 TRI,1.14,,,,,,,,,INF666M01HM4,152092,25,https://www.valueresearchonline.com/funds/43806/,1,1,1,1,1,5,High Risk,Poor
HDFC BSE 500 ETF,equity,equity,Direct,1.53,12.99,,BSE 500 TRI,1.14,13.21,,-0.33,1,0.5,15.4,13.53,1.18,INF179KC1EZ4,151376,25,https://www.valueresearchonline.com/funds/43117/,4,6,3,4,2,19,Moderately High Risk,Average
HDFC BSE 500 Index Dir,equity,equity,Direct,1.45,12.72,,BSE 500 TRI,1.14,13.21,,-0.57,1,0.48,15.35,13.26,,INF179KC1GG9,151728,25,https://www.valueresearchonline.com/funds/43477/,4,4,3,4,1,16,Moderately High Risk,Average
HDFC Diversified Equity All Cap Active FoF Dir,equity,equity,Direct,,,,BSE 500 TRI,,,,,,,,,,INF179KC1JU4,153860,5,https://www.valueresearchonline.com/funds/45485/,1,1,1,1,1,5,High Risk,Poor
HDFC Flexi Cap Dir,equity,equity,Direct,3.13,18.14,18.64,BSE 500 TRI,1.14,13.21,12.36,5.28,0.82,0.9,13.11,17.73,2.5,INF179K01UT0,118955,25,https://www.valueresearchonline.com/funds/16026/,12,8,4,5,4,33,Low Risk,Good
HDFC Focused Dir,equity,equity,Direct,2.09,18.01,20.33,BSE 500 TRI,1.14,13.21,12.36,5.14,0.8,0.9,12.83,17.37,2.53,INF179K01VK7,118950,25,https://www.valueresearchonline.com/funds/16021/,12,8,4,5,4,33,Low Risk,Good
HDFC Retirement Savings Equity Dir,equity,equity,Direct,-2.16,12.69,14.91,BSE 500 TRI,1.14,13.21,12.36,0.17,0.86,0.52,13.56,12.94,1.57,INF179KB1MF0,136094,25,https://www.valueresearchonline.com/funds/31780/,8,6,4,4,3,25,Moderate Risk,Average
HSBC Flexi Cap Dir,equity,equity,Direct,5.38,18.24,15.4,BSE 500 TRI,1.14,13.21,12.36,4.18,1.09,0.74,17.32,18.73,1.2,INF336L01DH5,120046,25,https://www.valueresearchonline.com/funds/16320/,12,6,2,3,2,25,Moderate Risk,Average
HSBC Focused Dir,equity,equity,Direct,7.51,16.33,12.78,BSE 500 TRI,1.14,13.21,12.36,2.4,1.03,0.63,16.87,16.48,1.14,INF336L01PB2,148411,25,https://www.valueresearchonline.com/funds/41022/,10,6,2,3,2,23,Moderate Risk,Average
Helios Flexi Cap Dir,equity,equity,Direct,10.28,,,BSE 500 TRI,1.14,,,,,,,,,INF0R8701046,152135,25,https://www.valueresearchonline.com/funds/43839/,1,1,1,1,1,5,High Risk,Poor
ICICI Pru BSE 500 ETF,equity,equity,Direct,1.5,12.99,12.16,BSE 500 TRI,1.14,13.21,12.36,-0.33,1,0.5,15.4,13.52,1.18,INF109KC1V59,143247,25,https://www.valueresearchonline.com/funds/36037/,4,6,3,4,2,19,Moderately High Risk,Average
ICICI Pru BSE 500 ETF FOF Dir,equity,equity,Direct,1.09,12.7,,BSE 500 TRI,1.14,13.21,,-0.5,0.99,0.49,15.3,13.29,1.15,INF109KC1V91,149331,1,https://www.valueresearchonline.com/funds/41852/,4,4,3,4,2,17,Moderately High Risk,Average
ICICI Pru Diversified Equity All Cap Active FoF Dir,equity,equity,Direct,,,,BSE 500 TRI,,,,,,,,,,INF109K1A468,154266,5,https://www.valueresearchonline.com/funds/45888/,1,1,1,1,1,5,High Risk,Poor
ICICI Pru Diversified Equity All Cap Omni FoF Dir,equity,equity,Direct,2.32,18.26,16.68,BSE 500 TRI*,1.14,13.21,12.36,4.77,0.92,0.84,14.38,17.98,1.91,INF109KC1I49,148035,10,https://www.valueresearchonline.com/funds/40662/,12,8,3,4,3,30,Low Risk,Good
ICICI Pru Flexicap Dir,equity,equity,Direct,7.95,16.84,,BSE 500 TRI,1.14,13.21,,3.31,0.96,0.71,15.4,16.84,1.46,INF109KC1R14,148990,25,https://www.valueresearchonline.com/funds/41525/,10,6,3,4,2,25,Moderate Risk,Average
ICICI Pru Focused Equity Dir,equity,equity,Direct,4.3,19.69,18.24,BSE 500 TRI,1.14,13.21,12.36,5.71,0.96,0.87,15.3,19.23,2.11,INF109K018N2,120722,25,https://www.valueresearchonline.com/funds/17412/,12,8,3,4,4,31,Low Risk,Good
ICICI Pru Nifty 500 Index Dir,equity,equity,Direct,1.57,,,BSE 500 TRI,1.14,,,,,,,,,INF109KC16Y3,153161,25,https://www.valueresearchonline.com/funds/44820/,1,1,1,1,1,5,High Risk,Poor
ICICI Pru Retirement Pure Equity Dir,equity,equity,Direct,11.13,23.96,23.05,BSE 500 TRI,1.14,13.21,12.36,9.68,1.03,1.08,16.55,23.82,2.04,INF109KC1TS2,146349,25,https://www.valueresearchonline.com/funds/39055/,12,10,2,3,4,31,Low Risk,Good
ITI Flexi Cap Dir,equity,equity,Direct,9.51,20.27,,BSE 500 TRI,1.14,13.21,,5.43,1.07,0.81,17.27,19.85,1.48,INF00XX01CO7,151379,25,https://www.valueresearchonline.com/funds/43120/,12,8,2,3,2,27,Low Risk,Good
ITI Focused Dir,equity,equity,Direct,10.54,,,BSE 500 TRI,1.14,,,,,,,,,INF00XX01CS8,151777,25,https://www.valueresearchonline.com/funds/43534/,1,1,1,1,1,5,High Risk,Poor
Invesco India Flexi Cap Dir,equity,equity,Direct,2.71,19.77,,BSE 500 TRI,1.14,13.21,,4.84,1.05,0.77,17.21,19.07,1.24,INF205KA1494,149763,25,https://www.valueresearchonline.com/funds/42014/,12,8,2,3,2,27,Low Risk,Good
Invesco India Focused Dir,equity,equity,Direct,-0.66,22.19,17.33,BSE 500 TRI,1.14,13.21,12.36,7.6,1.02,0.9,17.52,21.64,1.64,INF205KA1213,148481,24,https://www.valueresearchonline.com/funds/41096/,12,8,2,3,3,28,Low Risk,Good
JM Flexicap Dir,equity,equity,Direct,1.39,17.68,17.96,BSE 500 TRI,1.14,13.21,12.36,4.21,1.05,0.72,17.44,18.51,1.38,INF192K01CC7,120492,25,https://www.valueresearchonline.com/funds/16547/,12,6,2,3,2,25,Moderate Risk,Average
JM Focused Dir,equity,equity,Direct,3.62,15.59,15,BSE 500 TRI,1.14,13.21,12.36,1.92,1.04,0.6,17.13,16.13,1.26,INF192K01BW7,120488,25,https://www.valueresearchonline.com/funds/16539/,8,6,2,3,2,21,Moderate Risk,Average
JioBlackRock Flexi Cap Dir,equity,equity,Direct,,,,BSE 500 TRI,,,,,,,,,,INF22M001093,153859,25,https://www.valueresearchonline.com/funds/45482/,1,1,1,1,1,5,High Risk,Poor
Kotak Flexicap Dir,equity,equity,Direct,1.75,14.65,13.16,BSE 500 TRI,1.14,13.21,12.36,1.48,0.94,0.6,14.96,14.89,1.43,INF174K01LS2,120166,25,https://www.valueresearchonline.com/funds/17140/,8,6,3,4,2,23,Moderate Risk,Average
Kotak Focused Dir,equity,equity,Direct,10.65,17.1,14.82,BSE 500 TRI,1.14,13.21,12.36,3.31,0.93,0.74,14.55,16.61,1.51,INF174KA1EN7,147473,25,https://www.valueresearchonline.com/funds/40098/,10,6,3,4,3,26,Moderate Risk,Average
Kotak Nifty Alpha 50 ETF,equity,equity,Direct,3.17,19.87,,BSE 500 TRI,1.14,13.21,,5.49,1.34,0.7,23.22,22.11,1.17,INF174KA1IA5,149397,25,https://www.valueresearchonline.com/funds/41896/,12,6,1,1,2,22,Moderate Risk,Average
Kotak Nifty Alpha 50 Index Dir,equity,equity,Direct,,,,BSE 500 TRI,,,,,,,,,,INF174KA1XG1,153781,25,https://www.valueresearchonline.com/funds/45402/,1,1,1,1,1,5,High Risk,Poor
Kotak Nifty500 Momentum 50 Index Dir,equity,equity,Direct,,,,BSE 500 TRI,,,,,,,,,,INF174KA1YC8,154032,25,https://www.valueresearchonline.com/funds/45646/,1,1,1,1,1,5,High Risk,Poor
LIC MF Children's Dir,equity,equity,Direct,3.88,10.54,9.23,BSE 500 TRI,1.14,13.21,12.36,-2.15,0.9,0.34,14.96,10.89,0.53,INF767K01FB1,120285,25,https://www.valueresearchonline.com/funds/17648/,2,4,3,4,1,14,Moderately High Risk,Average
LIC MF Flexi Cap Dir,equity,equity,Direct,7.45,12.59,11.95,BSE 500 TRI,1.14,13.21,12.36,-0.77,0.97,0.44,15.99,12.89,0.81,INF767K01EG3,120264,25,https://www.valueresearchonline.com/funds/16756/,4,4,3,4,1,16,Moderately High Risk,Average
LIC MF Focused Dir,equity,equity,Direct,-1.25,10.5,10.81,BSE 500 TRI,1.14,13.21,12.36,-2.5,0.94,0.32,15.54,10.89,0.64,INF397L01KA7,152010,25,https://www.valueresearchonline.com/funds/34738/,2,4,3,4,1,14,Moderately High Risk,Average
Mahindra Manulife Flexi Cap Dir,equity,equity,Direct,0.03,13.28,,BSE 500 TRI,1.14,13.21,,0.54,0.94,0.55,14.67,13.91,1.4,INF174V01AS2,149104,25,https://www.valueresearchonline.com/funds/41633/,8,6,3,4,2,23,Moderate Risk,Average
Mahindra Manulife Focused Dir,equity,equity,Direct,4.3,18.77,17.35,BSE 500 TRI,1.14,13.21,12.36,5.16,0.91,0.85,14.64,18.31,1.71,INF174V01AG7,148567,25,https://www.valueresearchonline.com/funds/41169/,12,8,3,4,3,30,Low Risk,Good
Mirae Asset Flexi Cap Dir,equity,equity,Direct,4.57,15.16,,BSE 500 TRI,1.14,13.21,,1.83,0.93,0.64,14.57,15.17,1.35,INF769K01JJ2,151412,25,https://www.valueresearchonline.com/funds/43134/,8,6,3,4,2,23,Moderate Risk,Average
Mirae Asset Focused Dir,equity,equity,Direct,-5.17,8.24,8.45,BSE 500 TRI,1.14,13.21,12.36,-4.51,0.94,0.2,15.51,8.89,0.62,INF769K01EU0,147206,25,https://www.valueresearchonline.com/funds/39823/,2,4,3,4,1,14,Moderately High Risk,Average
Mirae Asset Nifty Total Market Index Dir,equity,equity,Direct,2.02,,,BSE 500 TRI,1.14,,,,,,,,,INF769K01MD9,152968,25,https://www.valueresearchonline.com/funds/44601/,1,1,1,1,1,5,High Risk,Poor
Motilal Oswal BSE 1000 Index Dir,equity,equity,Direct,,,,BSE 500 TRI,,,,,,,,,,INF247L01FM9,153596,25,https://www.valueresearchonline.com/funds/45219/,1,1,1,1,1,5,High Risk,Poor
Motilal Oswal Diversified Equity Flexicap Passive FoF Dir,equity,equity,Direct,,,,BSE 500 TRI,,,,,,,,,,INF247L01GL9,154112,3,https://www.valueresearchonline.com/funds/45729/,1,1,1,1,1,5,High Risk,Poor
Motilal Oswal Flexi Cap Dir,equity,equity,Direct,-2.74,19.11,13.11,BSE 500 TRI,1.14,13.21,12.36,5.7,0.95,0.77,17.35,19.19,1.32,INF247L01502,129046,25,https://www.valueresearchonline.com/funds/26125/,12,8,2,4,2,28,Low Risk,Good
Motilal Oswal Focused Dir,equity,equity,Direct,13.74,11.72,10.19,BSE 500 TRI,1.14,13.21,12.36,-1.34,1.06,0.37,19.18,13.01,0.51,INF247L01189,122389,25,https://www.valueresearchonline.com/funds/19514/,4,4,1,3,1,13,Moderately High Risk,Average
Motilal Oswal Nifty 500 ETF,equity,equity,Direct,1.99,,,BSE 500 TRI,1.14,,,,,,,,,INF247L01BU1,152106,25,https://www.valueresearchonline.com/funds/43812/,1,1,1,1,1,5,High Risk,Poor
Motilal Oswal Nifty 500 Index Dir,equity,equity,Direct,2.07,13.47,12.35,BSE 500 TRI,1.14,13.21,12.36,0.11,1,0.53,15.44,13.99,1.22,INF247L01957,147625,25,https://www.valueresearchonline.com/funds/40240/,8,6,3,4,2,23,Moderate Risk,Average
Motilal Oswal Nifty 500 Momentum 50 ETF,equity,equity,Direct,-0.12,,,BSE 500 TRI,1.14,,,,,,,,,INF247L01DK8,152874,25,https://www.valueresearchonline.com/funds/44555/,1,1,1,1,1,5,High Risk,Poor
Motilal Oswal Nifty 500 Momentum 50 Index Dir,equity,equity,Direct,0.13,,,BSE 500 TRI,1.14,,,,,,,,,INF247L01DL6,152875,25,https://www.valueresearchonline.com/funds/44554/,1,1,1,1,1,5,High Risk,Poor
Motilal Oswal Nifty Alpha 50 ETF,equity,equity,Direct,,,,BSE 500 TRI,,,,,,,,,,INF247L01EJ8,153258,25,https://www.valueresearchonline.com/funds/45363/,1,1,1,1,1,5,High Risk,Poor
NJ Flexi Cap Dir,equity,equity,Direct,-2.49,,,BSE 500 TRI,1.14,,,,,,,,,INF0J8L01156,151917,25,https://www.valueresearchonline.com/funds/43714/,1,1,1,1,1,5,High Risk,Poor
Navi Flexi Cap Dir,equity,equity,Direct,11.74,13.92,13.71,BSE 500 TRI,1.14,13.21,12.36,0.37,0.98,0.52,15.72,14.09,1.08,INF959L01DT9,143793,25,https://www.valueresearchonline.com/funds/36686/,8,6,3,4,2,23,Moderate Risk,Average
Nippon India Diversified Equity Flexicap Passive FoF Dir,equity,equity,Direct,0.77,12.89,11.99,BSE 500 TRI,1.14,13.21,12.36,-0.35,1,0.49,15.41,13.48,1.25,INF204KB16X6,148642,3,https://www.valueresearchonline.com/funds/41241/,4,4,3,4,2,17,Moderately High Risk,Average
Nippon India Flexi Cap Dir,equity,equity,Direct,2.04,14.38,,BSE 500 TRI,1.14,13.21,,0.95,1,0.57,15.77,14.82,1.22,INF204KC1121,149094,25,https://www.valueresearchonline.com/funds/41616/,8,6,3,4,2,23,Moderate Risk,Average
Nippon India Focused Dir,equity,equity,Direct,3.26,13.63,13.23,BSE 500 TRI,1.14,13.21,12.36,0.53,0.94,0.53,15.05,13.9,1.54,INF204K01F95,118692,25,https://www.valueresearchonline.com/funds/16129/,8,6,3,4,3,24,Moderate Risk,Average
Nippon India Nifty 500 Low Volatility 50 Index Dir,equity,equity,Direct,2.72,,,BSE 500 TRI,1.14,,,,,,,,,INF204KC1EQ2,153474,25,https://www.valueresearchonline.com/funds/45109/,1,1,1,1,1,5,High Risk,Poor
Nippon India Nifty 500 Momentum 50 Index Dir,equity,equity,Direct,0.23,,,BSE 500 TRI,1.14,,,,,,,,,INF204KC1DG5,152881,25,https://www.valueresearchonline.com/funds/44558/,1,1,1,1,1,5,High Risk,Poor
Nippon India Nifty 500 Quality 50 Index Dir,equity,equity,Direct,1.61,,,BSE 500 TRI,1.14,,,,,,,,,INF204KC1EW0,153470,25,https://www.valueresearchonline.com/funds/45105/,1,1,1,1,1,5,High Risk,Poor
Nippon India Retirement Wealth Creation Dir,equity,equity,Direct,2.34,14.79,13.98,BSE 500 TRI,1.14,13.21,12.36,1.88,0.97,0.63,15.28,15.51,1.35,INF204KA1B72,133568,25,https://www.valueresearchonline.com/funds/29291/,8,6,3,4,2,23,Moderate Risk,Average
Old Bridge Flexi Cap Dir,equity,equity,Direct,,,,BSE 500 TRI,,,,,,,,,,INF0S5R01133,154225,25,https://www.valueresearchonline.com/funds/45846/,1,1,1,1,1,5,High Risk,Poor
Old Bridge Focused Dir,equity,equity,Direct,10.22,,,BSE 500 TRI,1.14,,,,,,,,,INF0S5R01042,152358,24,https://www.valueresearchonline.com/funds/44038/,1,1,1,1,1,5,High Risk,Poor
PGIM India Flexi Cap Dir,equity,equity,Direct,2.54,11.5,11.07,BSE 500 TRI,1.14,13.21,12.36,-1.4,0.91,0.41,14.49,11.74,1.03,INF663L01FF1,133839,25,https://www.valueresearchonline.com/funds/29473/,4,4,3,4,2,17,Moderately High Risk,Average
Parag Parikh Flexi Cap Dir,equity,equity,Direct,-0.82,15.21,15.27,BSE 500 TRI*,1.14,13.21,12.36,4.38,0.6,0.93,9.91,15.04,,INF879O01027,122639,25,https://www.valueresearchonline.com/funds/19701/,12,8,6,6,1,33,Low Risk,Good
Quant Flexi Cap Dir,equity,equity,Direct,14.58,19.82,17.91,BSE 500 TRI,1.14,13.21,12.36,5.74,1.16,0.77,19.55,20.88,1.27,INF966L01911,120843,25,https://www.valueresearchonline.com/funds/17377/,12,8,1,2,2,25,Moderate Risk,Average
Quantum Diversified Equity All Cap Active FoF Dir,equity,equity,Direct,0.83,13.2,11.83,BSE 500 TRI*,1.14,13.21,12.36,0.32,0.92,0.54,14.32,13.56,1.28,INF082J01093,112039,7,https://www.valueresearchonline.com/funds/10550/,8,6,3,4,2,23,Moderate Risk,Average
SBI Flexicap Dir,equity,equity,Direct,0.65,10.17,10.36,BSE 500 TRI*,1.14,13.21,12.36,-1.97,0.87,0.36,13.63,10.84,1.08,INF200K01UG1,119718,25,https://www.valueresearchonline.com/funds/17514/,4,4,4,4,2,18,Moderately High Risk,Average
SBI Focused Dir,equity,equity,Direct,11.02,17.22,13.97,BSE 500 TRI*,1.14,13.21,12.36,5.32,0.83,0.85,14.02,17.78,2.06,INF200K01RJ1,119727,24,https://www.valueresearchonline.com/funds/16324/,12,8,3,5,4,32,Low Risk,Good
SBI Nifty 500 Index Dir,equity,equity,Direct,1.81,,,BSE 500 TRI,1.14,,,,,,,,,INF200KB1381,152908,25,https://www.valueresearchonline.com/funds/44567/,1,1,1,1,1,5,High Risk,Poor
SBI Retirement Benefit Aggressive Dir,equity,equity,Direct,1.13,10.62,13.81,BSE 500 TRI,1.14,13.21,12.36,-2.29,0.94,0.35,14.81,11.1,0.98,INF200KA1S55,148683,25,https://www.valueresearchonline.com/funds/41271/,2,4,3,4,1,14,Moderately High Risk,Average
Samco Flexi Cap Dir,equity,equity,Direct,-6.09,1.31,,BSE 500 TRI,1.14,13.21,,-11,1.07,-0.12,19.42,3.44,-0.01,INF0K1H01024,149450,25,https://www.valueresearchonline.com/funds/41935/,2,1,1,3,1,8,High Risk,Poor
Shriram Flexi Cap Dir,equity,equity,Direct,1.3,10.25,10.37,BSE 500 TRI,1.14,13.21,12.36,-2.55,1,0.32,16.98,11.33,0.61,INF680P01109,144905,25,https://www.valueresearchonline.com/funds/37581/,2,4,2,4,1,13,Moderately High Risk,Average
Sundaram Flexi Cap Dir,equity,equity,Direct,-0.07,11.99,,BSE 500 TRI,1.14,13.21,,-0.61,0.92,0.46,14.53,12.59,1.37,INF903JA1LE2,150571,25,https://www.valueresearchonline.com/funds/42504/,4,4,3,4,2,17,Moderately High Risk,Average
Sundaram Focused Dir,equity,equity,Direct,2.53,11.77,11.46,BSE 500 TRI,1.14,13.21,12.36,-0.38,0.82,0.47,13.1,12.03,1.22,,119578,25,https://www.valueresearchonline.com/funds/16614/,4,4,4,5,2,19,Moderately High Risk,Average
TRUST MF Flexi Cap Dir,equity,equity,Direct,3.89,,,BSE 500 TRI,1.14,,,,,,,,,INF0GCD01743,152584,25,https://www.valueresearchonline.com/funds/44271/,1,1,1,1,1,5,High Risk,Poor
Tata Children's Dir,equity,equity,Direct,-7.16,8.16,9.57,BSE 500 TRI,1.14,13.21,12.36,-4.52,0.97,0.21,15.37,9.14,0.85,INF0QA701607,152162,25,https://www.valueresearchonline.com/funds/16957/,2,4,3,4,1,14,Moderately High Risk,Average
Tata Flexi Cap Dir,equity,equity,Direct,-1.1,13.35,11.78,BSE 500 TRI,1.14,13.21,12.36,1.55,0.86,0.61,13.73,14.31,1.83,INF277K015K0,144546,25,https://www.valueresearchonline.com/funds/37437/,8,6,4,4,3,25,Moderate Risk,Average
Tata Focused Dir,equity,equity,Direct,1.93,13.63,13.29,BSE 500 TRI,1.14,13.21,12.36,1.17,0.92,0.58,14.68,14.35,1.23,INF277K017X9,147757,25,https://www.valueresearchonline.com/funds/40405/,8,6,3,4,2,23,Moderate Risk,Average
Tata Retirement Savings Progressive Dir,equity,equity,Direct,3.68,15.71,12.81,BSE 500 TRI,1.14,13.21,12.36,2.58,1,0.65,16.35,16.43,1.06,INF277K01QO1,119251,25,https://www.valueresearchonline.com/funds/17020/,10,6,2,4,2,24,Moderate Risk,Average
Taurus Flexi Cap Dir,equity,equity,Direct,-0.41,12.4,10.46,BSE 500 TRI,1.14,13.21,12.36,-0.98,1.01,0.44,16.11,12.94,1.02,INF044D01BU9,118883,25,https://www.valueresearchonline.com/funds/16705/,4,4,2,3,2,15,Moderately High Risk,Average
The Wealth Company Flexi Cap Dir,equity,equity,Direct,,,,BSE 500 TRI,,,,,,,,,,INF2F0001040,153872,25,https://www.valueresearchonline.com/funds/45499/,1,1,1,1,1,5,High Risk,Poor
UTI Children's Equity Dir,equity,equity,Direct,-3.04,10.3,9.91,BSE 500 TRI,1.14,13.21,12.36,-2.33,0.94,0.35,14.83,11.05,1.02,INF789F1AZV0,120724,25,https://www.valueresearchonline.com/funds/15867/,2,4,3,4,2,15,Moderately High Risk,Average
UTI Flexi Cap Dir,equity,equity,Direct,-3.84,8.27,6.88,BSE 500 TRI,1.14,13.21,12.36,-4.15,0.86,0.19,14.31,8.62,0.64,INF789F01TC4,120662,25,https://www.valueresearchonline.com/funds/15714/,2,4,3,4,1,14,Moderately High Risk,Average
UTI Focused Dir,equity,equity,Direct,-1.02,11.89,,BSE 500 TRI,1.14,13.21,,-0.73,0.94,0.45,14.94,12.64,1.18,INF789F1AVA3,149091,25,https://www.valueresearchonline.com/funds/41629/,4,4,3,4,2,17,Moderately High Risk,Average
UTI Nifty500 Shariah Index Dir,equity,equity,Direct,,,,BSE 500 TRI,,,,,,,,,,INF789F1AD04,154197,25,https://www.valueresearchonline.com/funds/45821/,1,1,1,1,1,5,High Risk,Poor
Unifi Flexi Cap Dir,equity,equity,Direct,4.78,,,BSE 500 TRI,1.14,,,,,,,,,INF1MIY01031,153543,25,https://www.valueresearchonline.com/funds/45189/,1,1,1,1,1,5,High Risk,Poor
Union Children's Dir,equity,equity,Direct,4.66,,,BSE 500 TRI,1.14,,,,,,,,,INF582M01JK3,152219,25,https://www.valueresearchonline.com/funds/43924/,1,1,1,1,1,5,High Risk,Poor
Union Diversified Equity All Cap Active FoF Dir,equity,equity,Direct,,,,BSE 500 TRI,,,,,,,,,,INF582M01LZ7,153824,5,https://www.valueresearchonline.com/funds/45473/,1,1,1,1,1,5,High Risk,Poor
Union Flexi Cap Dir,equity,equity,Direct,2.08,13.4,12.84,BSE 500 TRI,1.14,13.21,12.36,0.48,0.94,0.54,14.93,13.9,1.13,INF582M01633,119292,25,https://www.valueresearchonline.com/funds/16412/,8,6,3,4,2,23,Moderate Risk,Average
Union Focused Dir,equity,equity,Direct,10.17,13.8,12.57,BSE 500 TRI,1.14,13.21,12.36,1.27,0.87,0.57,14.37,14.06,0.92,INF582M01FS4,147492,25,https://www.valueresearchonline.com/funds/40108/,8,6,3,4,1,22,Moderate Risk,Average
Union Retirement Dir,equity,equity,Direct,7.37,16.44,,BSE 500 TRI,1.14,13.21,,3.35,0.91,0.74,14.29,16.48,1.41,INF582M01IK5,150554,25,https://www.valueresearchonline.com/funds/42492/,10,6,3,4,2,25,Moderate Risk,Average
WhiteOak Capital Flexi Cap Dir,equity,equity,Direct,3.96,17.22,,BSE 500 TRI,1.14,13.21,,3.97,0.91,0.78,14.51,17.13,1.62,INF03VN01555,150349,25,https://www.valueresearchonline.com/funds/42320/,10,8,3,4,3,28,Low Risk,Good
ABSL Global Emerging Opportunities Dir**,equity,equity,Direct,29.7,20.54,12.04,BSE 500 TRI*,1.14,13.21,12.36,,,1,15.92,21.76,1.16,INF084M01EB0,132140,1,https://www.valueresearchonline.com/funds/17094/,1,10,3,1,2,17,Moderately High Risk,Average
ABSL Global Excellence Equity FoF Dir**,equity,equity,Direct,30.37,21.62,14.9,BSE 500 TRI*,1.14,13.21,12.36,,,1.17,13.71,21.84,1.7,INF084M01EH7,132009,1,https://www.valueresearchonline.com/funds/17099/,1,10,4,1,3,19,Moderately High Risk,Average
ABSL International Equity Dir,equity,equity,Direct,30.67,19.29,12.28,BSE 500 TRI*,1.14,13.21,12.36,,,1.06,13.7,20.44,1.43,INF209K01WS3,119517,25,https://www.valueresearchonline.com/funds/15903/,1,10,4,1,2,18,Moderately High Risk,Average
ABSL US Equity Passive FoF Dir,equity,equity,Direct,50.74,31.64,,BSE 500 TRI*,1.14,13.21,,,,1.37,18.87,31.76,2.19,INF209KB18C5,149291,1,https://www.valueresearchonline.com/funds/41797/,1,10,1,1,4,17,Moderately High Risk,Average
Axis Global Equity Alpha FoF Dir,equity,equity,Direct,26.97,21.85,15.09,BSE 500 TRI*,1.14,13.21,12.36,,,1.25,13.48,22.68,1.94,INF846K01X06,148485,1,https://www.valueresearchonline.com/funds/41100/,1,10,4,1,3,19,Moderately High Risk,Average
Axis Global Innovation FoF Dir,equity,equity,Direct,34.46,23.25,14.34,BSE 500 TRI*,1.14,13.21,12.36,,,1.07,18.14,25.27,1.51,INF846K01Z20,148954,1,https://www.valueresearchonline.com/funds/41496/,1,10,1,1,3,16,Moderately High Risk,Average
Axis Greater China Equity FoF Dir**,equity,equity,Direct,47.44,18.06,5.73,BSE 500 TRI*,1.14,13.21,12.36,,,0.85,20.14,23.05,1.04,INF846K01Y39,148699,1,https://www.valueresearchonline.com/funds/41287/,1,8,1,1,2,13,Moderately High Risk,Average
Axis NASDAQ 100 US Specific Equity Passive FoF Dir,equity,equity,Direct,50.18,31.22,,BSE 500 TRI*,1.14,13.21,,,,1.41,18.15,31.46,2.19,INF846K012K9,150751,1,https://www.valueresearchonline.com/funds/42633/,1,10,1,1,4,17,Moderately High Risk,Average
Bandhan US specific Equity Active FoF Dir**,equity,equity,Direct,29.02,25.79,,BSE 500 TRI,1.14,13.21,,,,1.25,17.15,27.22,1.85,INF194KB1CF2,149098,1,https://www.valueresearchonline.com/funds/41620/,1,10,2,1,3,17,Moderately High Risk,Average
Baroda BNP Paribas Aqua FoF Dir,equity,equity,Direct,19.21,13.44,10.12,BSE 500 TRI*,1.14,13.21,12.36,,,0.61,16.11,15.76,1.13,INF251K01QT5,150285,1,https://www.valueresearchonline.com/funds/41454/,1,6,2,1,2,12,High Risk,Poor
DSP Global Clean Energy Overseas Equity Omni FoF Dir,equity,equity,Direct,63.95,18.63,13.64,BSE 500 TRI*,1.14,13.21,12.36,,,0.81,19.32,21.47,1,INF740K01PC5,119275,1,https://www.valueresearchonline.com/funds/17012/,1,8,1,1,2,13,Moderately High Risk,Average
DSP Global Innovation Overseas Equity Omni FoF Dir**,equity,equity,Direct,38.98,27.03,,BSE 500 TRI*,1.14,13.21,,,,1.29,16.75,27.45,2.53,INF740KA1QP1,149816,6,https://www.valueresearchonline.com/funds/42054/,1,10,2,1,4,18,Moderately High Risk,Average
DSP US Specific Equity Omni FoF Dir,equity,equity,Direct,52.88,28.45,19.6,BSE 500 TRI*,1.14,13.21,12.36,,,1.32,17.44,28.95,1.63,INF740K01OH7,119252,1,https://www.valueresearchonline.com/funds/17006/,1,10,2,1,3,17,Moderately High Risk,Average
DSP World Gold Mining Overseas Equity Omni FoF Dir,equity,equity,Direct,80.75,49.14,25.9,BSE 500 TRI*,1.14,13.21,12.36,,,1.28,31.66,46.32,3.32,INF740K01OZ9,119277,2,https://www.valueresearchonline.com/funds/17016/,1,10,1,1,4,17,Moderately High Risk,Average
DSP World Mining Overseas Equity Omni FoF Dir,equity,equity,Direct,92.58,27.17,19.51,BSE 500 TRI*,1.14,13.21,12.36,,,1.06,23.43,30.68,1.78,INF740K01PF8,119279,1,https://www.valueresearchonline.com/funds/17021/,1,10,1,1,3,16,Moderately High Risk,Average
Edelweiss ASEAN Equity Offshore Dir,equity,equity,Direct,25.6,14.71,10.12,BSE 500 TRI*,1.14,13.21,12.36,,,0.77,11.37,14.63,1.25,INF843K01AW7,140256,1,https://www.valueresearchonline.com/funds/17131/,1,8,5,1,2,17,Moderately High Risk,Average
Edelweiss Emerging Markets Opportunities Equity Offshr Dir,equity,equity,Direct,74.86,28.17,11.28,BSE 500 TRI*,1.14,13.21,12.36,,,1.31,17.27,28.51,2.19,INF843K01IZ3,140327,1,https://www.valueresearchonline.com/funds/27119/,1,10,2,1,4,18,Moderately High Risk,Average
Edelweiss Europe Dynamic Equity Offshr Dir,equity,equity,Direct,29.73,23.97,15.44,BSE 500 TRI*,1.14,13.21,12.36,,,1.36,13.17,23.72,2.19,INF843K01GI3,140296,1,https://www.valueresearchonline.com/funds/23435/,1,10,4,1,4,20,Moderate Risk,Average
Edelweiss Greater China Equity Offshore Dir,equity,equity,Direct,59.15,21.19,4.69,BSE 500 TRI*,1.14,13.21,12.36,,,0.9,21.18,24.98,0.96,INF843K01AU1,140243,1,https://www.valueresearchonline.com/funds/17132/,1,8,1,1,1,12,High Risk,Poor
Edelweiss US Technology Equity FoF Dir,equity,equity,Direct,43.76,31.45,17.8,BSE 500 TRI*,1.14,13.21,12.36,,,1.05,26.47,33.75,1.5,INF754K01LB7,148063,1,https://www.valueresearchonline.com/funds/40665/,1,10,1,1,3,16,Moderately High Risk,Average
Edelweiss US Value Equity Offshore Dir,equity,equity,Direct,35.46,19.59,14.62,BSE 500 TRI*,1.14,13.21,12.36,,,1.07,12.81,19.6,1.06,INF843K01EC1,140274,1,https://www.valueresearchonline.com/funds/20060/,1,10,4,1,2,18,Moderately High Risk,Average
Franklin Asian Equity Dir,equity,equity,Direct,54.13,21.33,8.65,BSE 500 TRI,1.14,13.21,12.36,,,0.93,17.91,22.47,1.51,INF090I01IZ5,118559,25,https://www.valueresearchonline.com/funds/15977/,1,8,2,1,3,15,Moderately High Risk,Average
Franklin U.S. Opportunities Equity Active FoF Dir,equity,equity,Direct,25.48,23.28,11.74,BSE 500 TRI*,1.14,13.21,12.36,,,1.06,17.68,24.58,1.48,INF090I01JR0,118551,1,https://www.valueresearchonline.com/funds/16027/,1,10,2,1,2,16,Moderately High Risk,Average
HDFC Developed World Overseas Equity Passive FoF Dir*,equity,equity,Direct,36.9,25.09,,BSE 500 TRI*,1.14,13.21,,,,1.52,12.34,24.65,2.02,INF179KC1BO4,149180,5,https://www.valueresearchonline.com/funds/41714/,1,12,4,1,4,22,Moderate Risk,Average
HSBC Asia Pacific (Ex Japan) Dividend Yield Dir**,equity,equity,Direct,54.88,26.74,14.4,BSE 500 TRI*,1.14,13.21,12.36,,,1.44,14.4,26.68,2.45,INF336L01HF0,127071,1,https://www.valueresearchonline.com/funds/23946/,1,10,3,1,4,19,Moderately High Risk,Average
HSBC Brazil Dir,equity,equity,Direct,35.67,11.81,4.66,BSE 500 TRI*,1.14,13.21,12.36,,,0.53,24.6,18.79,1.46,INF336L01BY4,120035,1,https://www.valueresearchonline.com/funds/17042/,1,6,1,1,2,11,High Risk,Poor
HSBC Global Emerging Markets Dir**,equity,equity,Direct,74.9,28.87,12.93,BSE 500 TRI*,1.14,13.21,12.36,,,1.27,18.81,29.68,2,INF336L01CJ3,120043,1,https://www.valueresearchonline.com/funds/17037/,1,10,1,1,4,17,Moderately High Risk,Average
ICICI Pru Global Advantage (FOF) Dir,equity,equity,Direct,31.25,17.93,9.6,BSE 500 TRI*,1.14,13.21,12.36,,,1,14.44,20.35,1.63,INF109KC1F34,147648,6,https://www.valueresearchonline.com/funds/40282/,1,10,3,1,3,18,Moderately High Risk,Average
ICICI Pru Global Stable Equity (FOF) Dir,equity,equity,Direct,15.7,11.78,9.85,BSE 500 TRI*,1.14,13.21,12.36,,,0.78,9.48,13.24,1.4,INF109KA1CE0,123654,1,https://www.valueresearchonline.com/funds/20857/,1,8,6,1,2,18,Moderately High Risk,Average
ICICI Pru NASDAQ 100 Index Dir,equity,equity,Direct,49.48,31.42,,BSE 500 TRI*,1.14,13.21,,,,1.5,17.3,31.81,2.25,INF109KC1U50,149219,25,https://www.valueresearchonline.com/funds/41744/,1,12,2,1,4,20,Moderate Risk,Average
ICICI Pru Strategic Metal and Energy Equity FoF Dir,equity,equity,Direct,52.52,30.01,,BSE 500 TRI*,1.14,13.21,,,,1.28,19.55,30.9,2.53,INF109KC1Z55,149455,1,https://www.valueresearchonline.com/funds/42035/,1,10,1,1,4,17,Moderately High Risk,Average
ICICI Pru US Bluechip Equity Dir,equity,equity,Direct,18.48,12.32,11.1,BSE 500 TRI*,1.14,13.21,12.36,,,0.73,13.89,16,1.4,INF109K01Z71,120186,25,https://www.valueresearchonline.com/funds/17160/,1,6,4,1,2,14,Moderately High Risk,Average
Invesco India Global Equity Income FoF Dir,equity,equity,Direct,24.52,21.49,16.8,BSE 500 TRI,1.14,13.21,12.36,,,1.23,14.29,23.42,2.1,INF205K01B49,129188,1,https://www.valueresearchonline.com/funds/26149/,1,10,3,1,4,19,Moderately High Risk,Average
Invesco India Pan European Equity FoF Dir,equity,equity,Direct,36.08,19.02,14.67,BSE 500 TRI,1.14,13.21,12.36,,,0.99,14.92,20.61,1.58,INF205K01A24,126353,1,https://www.valueresearchonline.com/funds/23314/,1,8,3,1,3,16,Moderately High Risk,Average
Invesco India-Invesco EQQQ NASDAQ-100 ETF FoF Dir,equity,equity,Direct,51.2,31.89,,BSE 500 TRI,1.14,13.21,,,,1.39,18.66,31.87,2.23,INF205KA1585,149961,1,https://www.valueresearchonline.com/funds/42218/,1,10,1,1,4,17,Moderately High Risk,Average
Invesco India-Invesco Global Consumer Trends FoF Dir,equity,equity,Direct,41.16,27.31,6.3,BSE 500 TRI,1.14,13.21,12.36,,,0.91,27.18,30.49,0.99,INF205KA1270,148614,1,https://www.valueresearchonline.com/funds/41229/,1,8,1,1,1,12,High Risk,Poor
Kotak Global Emerging Market Overseas Equity Omni FoF Dir,equity,equity,Direct,68.67,27.72,12.61,BSE 500 TRI*,1.14,13.21,12.36,,,1.31,17.3,28.49,3.05,INF174K01LW4,119779,1,https://www.valueresearchonline.com/funds/17439/,1,10,2,1,4,18,Moderately High Risk,Average
Kotak Global Innovation Overseas Equity Omni FoF Dir**,equity,equity,Direct,39.74,22.84,,BSE 500 TRI*,1.14,13.21,,,,1.12,16.34,24.12,1.37,INF174KA1HG4,149059,2,https://www.valueresearchonline.com/funds/41595/,1,10,2,1,2,16,Moderately High Risk,Average
Kotak International REIT Overseas Equity Omni FoF Dir**,equity,equity,Direct,15.1,9.61,4.17,BSE 500 TRI*,1.14,13.21,12.36,,,0.38,15.82,11.85,0.33,INF174KA1FO2,148646,1,https://www.valueresearchonline.com/funds/41237/,1,4,3,1,1,10,High Risk,Poor
Kotak Quality Overseas Equity Omni FoF Dir,equity,equity,Direct,,,,BSE 500 TRI*,,,,,,,,,,INF178L01BY0,133791,1,https://www.valueresearchonline.com/funds/45906/,1,1,1,1,1,5,High Risk,Poor
Kotak US Specific Equity Passive FoF Dir,equity,equity,Direct,51.06,31.75,22.19,BSE 500 TRI*,1.14,13.21,12.36,,,1.41,18.53,32.02,2.14,INF174KA1FQ7,148662,1,https://www.valueresearchonline.com/funds/41260/,1,10,1,1,4,17,Moderately High Risk,Average
Mahindra Manulife Asia Pacific REITs FoF Dir,equity,equity,Direct,16.99,7.46,,BSE 500 TRI,1.14,13.21,,,,0.29,15.74,10.47,0.22,INF174V01AY0,149230,1,https://www.valueresearchonline.com/funds/41762/,1,4,3,1,1,10,High Risk,Poor
Mirae Asset Global Electric & Autonomous Vehicles Eqt Passive FoF Dir,equity,equity,Direct,93.92,19.95,,BSE 500 TRI*,1.14,13.21,,,,0.81,25.51,26.6,,INF769K01IQ9,150595,3,https://www.valueresearchonline.com/funds/42460/,1,8,1,1,1,12,High Risk,Poor
Mirae Asset Global X Artificial Intelligence & Tech ETF FoF Dir,equity,equity,Direct,67.86,37.63,,BSE 500 TRI*,1.14,13.21,,,,1.44,23.1,39.22,2.38,INF769K01IS5,150597,1,https://www.valueresearchonline.com/funds/42458/,1,10,1,1,4,17,Moderately High Risk,Average
Mirae Asset Hang Seng TECH ETF FoF Dir**,equity,equity,Direct,2.63,15.84,,BSE 500 TRI,1.14,13.21,,,,0.59,32.61,25.03,1.45,INF769K01HU3,149381,1,https://www.valueresearchonline.com/funds/41878/,1,6,1,1,2,11,High Risk,Poor
Mirae Asset Hang Seng TECH ETF**,equity,equity,Direct,-3.33,8.04,,BSE 500 TRI,1.14,13.21,,,,0.42,33.8,20.1,0.73,INF769K01HS7,149379,25,https://www.valueresearchonline.com/funds/41876/,1,4,1,1,1,8,High Risk,Poor
Mirae Asset NYSE FANG+ ETF,equity,equity,Direct,31.15,35.82,25.51,BSE 500 TRI*,1.14,13.21,12.36,,,1.49,21.97,38.54,2.48,INF769K01HF4,148927,10,https://www.valueresearchonline.com/funds/41429/,1,10,1,1,4,17,Moderately High Risk,Average
Mirae Asset NYSE FANG+ ETF FoF Dir,equity,equity,Direct,46.95,44.83,31.48,BSE 500 TRI*,1.14,13.21,12.36,,,1.6,23.58,43.69,3.69,INF769K01HH0,148928,1,https://www.valueresearchonline.com/funds/41431/,1,12,1,1,4,19,Moderately High Risk,Average
Mirae Asset S&P 500 Top 50 ETF,equity,equity,Direct,33.65,26.62,,BSE 500 TRI*,1.14,13.21,,,,1.53,14.69,28.34,2,INF769K01HP3,149169,25,https://www.valueresearchonline.com/funds/41698/,1,12,3,1,4,21,Moderate Risk,Average
Mirae Asset S&P 500 Top 50 ETF FoF Dir,equity,equity,Direct,45.25,35.26,,BSE 500 TRI*,1.14,13.21,,,,1.54,18.74,34.65,2.37,INF769K01HR9,149170,1,https://www.valueresearchonline.com/funds/41704/,1,12,1,1,4,19,Moderately High Risk,Average
Motilal Oswal Developed Mkt Ex US ETFs Ovrses Eqt Pass FoF Dir,equity,equity,Direct,36.59,,,BSE 500 TRI*,1.14,,,,,,,,,INF247L01BT3,152090,2,https://www.valueresearchonline.com/funds/43802/,1,1,1,1,1,5,High Risk,Poor
Motilal Oswal NASDAQ 100 ETF,equity,equity,Direct,49.62,30.87,22.25,BSE 500 TRI*,1.14,13.21,12.36,,,1.45,17.64,31.36,2.22,INF247L01AP3,114984,25,https://www.valueresearchonline.com/funds/12498/,1,10,2,1,4,18,Moderately High Risk,Average
Motilal Oswal Nasdaq 100 FOF Dir,equity,equity,Direct,81.34,39.34,25.64,BSE 500 TRI,1.14,13.21,12.36,,,1.26,26.41,39.03,2.06,INF247L01718,145552,1,https://www.valueresearchonline.com/funds/38228/,1,10,1,1,4,17,Moderately High Risk,Average
Motilal Oswal Nasdaq Q50 ETF,equity,equity,Direct,64.05,28.91,,BSE 500 TRI*,1.14,13.21,,,,1.24,19.56,30.05,1.43,INF247L01AU3,149438,25,https://www.valueresearchonline.com/funds/41923/,1,10,1,1,2,15,Moderately High Risk,Average
Motilal Oswal S&P 500 Index Dir,equity,equity,Direct,36.25,24.87,17.93,BSE 500 TRI*,1.14,13.21,12.36,,,1.45,13.61,25.62,1.85,INF247L01AG2,148381,25,https://www.valueresearchonline.com/funds/40997/,1,10,4,1,3,19,Moderately High Risk,Average
Navi Nasdaq100 US Specific Equity Passive FoF Dir,equity,equity,Direct,49.83,31.58,,BSE 500 TRI*,1.14,13.21,,,,1.39,18.74,31.93,2.24,INF959L01FZ1,149910,1,https://www.valueresearchonline.com/funds/42135/,1,10,1,1,4,17,Moderately High Risk,Average
Navi Total Stock Market US Specific Equity Passive FoF Dir,equity,equity,Direct,37.01,25.25,,BSE 500 TRI*,1.14,13.21,,,,1.35,15.06,26.24,1.75,INF959L01FV0,149830,1,https://www.valueresearchonline.com/funds/42069/,1,10,3,1,3,18,Moderately High Risk,Average
Nippon India ETF Hang Seng BeES,equity,equity,Direct,12.3,14.26,3.67,BSE 500 TRI,1.14,13.21,12.36,,,0.71,20.31,20.19,1.2,INF204KA1U61,134552,25,https://www.valueresearchonline.com/funds/10905/,1,6,1,1,2,11,High Risk,Poor
Nippon India Japan Equity Dir,equity,equity,Direct,37.62,19.48,11.62,BSE 500 TRI,1.14,13.21,12.36,,,1.07,14.3,21.11,1.97,INF204KA1SI1,130860,25,https://www.valueresearchonline.com/funds/27691/,1,10,3,1,3,18,Moderately High Risk,Average
Nippon India Taiwan Equity Dir,equity,equity,Direct,202.92,63.94,,BSE 500 TRI,1.14,13.21,,,,,,,,INF204KC1303,149329,25,https://www.valueresearchonline.com/funds/41838/,1,1,1,1,1,5,High Risk,Poor
Nippon India US Equity Opportunities Dir,equity,equity,Direct,14.38,17.82,11.04,BSE 500 TRI*,1.14,13.21,12.36,,,0.98,14.26,19.87,1.46,INF204KA15G5,134923,25,https://www.valueresearchonline.com/funds/30567/,1,8,3,1,2,15,Moderately High Risk,Average
PGIM India Emerging Markets Equity FoF Dir,equity,equity,Direct,55.34,29.95,6.45,BSE 500 TRI*,1.14,13.21,12.36,,,1.33,18.67,30.63,2.52,INF223J01NL0,138456,1,https://www.valueresearchonline.com/funds/17349/,1,10,1,1,4,17,Moderately High Risk,Average
PGIM India Global Equity Opportunities FoF Dir,equity,equity,Direct,27.82,19.92,10.21,BSE 500 TRI*,1.14,13.21,12.36,,,0.83,18.6,21.26,1.06,INF223J01NF2,138528,1,https://www.valueresearchonline.com/funds/17348/,1,8,1,1,2,13,Moderately High Risk,Average
PGIM India Global Select Real Estate Sec FoF Dir,equity,equity,Direct,21.58,14.46,,BSE 500 TRI*,1.14,13.21,,,,0.7,14.84,16.32,1.02,INF663L01W63,149298,1,https://www.valueresearchonline.com/funds/41818/,1,6,3,1,2,13,Moderately High Risk,Average
SBI US Specific Equity Active FoF FoF Dir,equity,equity,Direct,38.74,27.22,17.83,BSE 500 TRI*,1.14,13.21,12.36,,,1.49,15.11,28.37,2.16,INF200KA1U28,148760,1,https://www.valueresearchonline.com/funds/41352/,1,10,3,1,4,19,Moderately High Risk,Average
Sundaram Global Brand Theme-Equity Active FoF Dir*,equity,equity,Direct,26.23,17.36,12.2,BSE 500 TRI*,1.14,13.21,12.36,,,1.06,13.33,19.98,1.55,INF903J01OB6,119602,1,https://www.valueresearchonline.com/funds/17200/,1,10,4,1,3,19,Moderately High Risk,Average
ABSL Large & Mid Cap Dir,equity,equity,Direct,4.74,13.7,10.37,BSE Large Mid Cap TRI,0.86,12.58,11.89,0.79,1.05,0.52,16.12,14.27,1.08,INF209K01VH8,119436,25,https://www.valueresearchonline.com/funds/15697/,8,6,2,3,2,21,Moderate Risk,Average
ABSL Nifty 200 Momentum 30 ETF,equity,equity,Direct,0.04,14,,BSE Large Mid Cap TRI,0.86,12.58,,0.74,1.24,0.49,20.01,15.63,1.12,INF209KB14K7,150498,25,https://www.valueresearchonline.com/funds/42334/,8,4,1,2,2,17,Moderately High Risk,Average
ABSL Nifty 200 Quality 30 ETF,equity,equity,Direct,-0.93,10.8,,BSE Large Mid Cap TRI,0.86,12.58,,-1.41,1,0.37,16,11.74,0.71,INF209KB15K4,150497,25,https://www.valueresearchonline.com/funds/42335/,4,4,2,4,1,15,Moderately High Risk,Average
Aditya Birla SL MSCI India ETF,equity,equity,Direct,,,,BSE Large Mid Cap TRI,,,,,,,,,,INF209KC1662,154220,25,https://www.valueresearchonline.com/funds/45843/,1,1,1,1,1,5,High Risk,Poor
Axis Large & Mid Cap Dir,equity,equity,Direct,6.8,15.78,14.81,BSE Large Mid Cap TRI*,0.86,12.58,11.89,4.22,0.91,0.76,14.24,16.69,1.58,INF846K01J46,145110,25,https://www.valueresearchonline.com/funds/37839/,12,8,3,4,3,30,Low Risk,Good
Bajaj Finserv Large and Mid Cap Dir,equity,equity,Direct,2.06,,,BSE Large Mid Cap TRI,0.86,,,,,,,,,INF0QA701763,152408,25,https://www.valueresearchonline.com/funds/44118/,1,1,1,1,1,5,High Risk,Poor
Bandhan Large & Mid Cap Dir,equity,equity,Direct,7.21,22.2,18.75,BSE Large Mid Cap TRI,0.86,12.58,11.89,8.87,1.04,1.02,16.07,22.28,1.8,INF194K01V89,118419,25,https://www.valueresearchonline.com/funds/16474/,12,10,2,3,3,30,Low Risk,Good
Bandhan Nifty 200 Quality 30 Index Dir,equity,equity,Direct,-1.15,,,BSE Large Mid Cap TRI,0.86,,,,,,,,,INF194KB1JA8,153114,25,https://www.valueresearchonline.com/funds/44741/,1,1,1,1,1,5,High Risk,Poor
Bandhan Nifty Alpha Low Volatility 30 Index Dir,equity,equity,Direct,-0.84,,,BSE Large Mid Cap TRI,0.86,,,,,,,,,INF194KB1JC4,153213,25,https://www.valueresearchonline.com/funds/44859/,1,1,1,1,1,5,High Risk,Poor
Bandhan Nifty200 Momentum 30 Index Dir,equity,equity,Direct,-0.16,13.48,,BSE Large Mid Cap TRI,0.86,12.58,,0.3,1.23,0.47,19.95,15.16,1.08,INF194KB1DP9,150591,25,https://www.valueresearchonline.com/funds/42496/,8,4,1,2,2,17,Moderately High Risk,Average
Bank of India Large & Mid Cap Dir,equity,equity,Direct,6.71,16.56,14.46,BSE Large Mid Cap TRI,0.86,12.58,11.89,3.45,1.02,0.69,15.91,16.78,1.23,INF761K01652,119350,25,https://www.valueresearchonline.com/funds/16267/,10,6,3,3,2,24,Moderate Risk,Average
Baroda BNP Paribas Large & Mid Cap Dir,equity,equity,Direct,2.81,16.47,16.27,BSE Large Mid Cap TRI,0.86,12.58,11.89,3.91,1.04,0.7,16.39,17.32,1.21,INF955L01JV0,148475,25,https://www.valueresearchonline.com/funds/41088/,10,6,2,3,2,23,Moderate Risk,Average
Baroda BNP Paribas Nifty200 Momentum 30 Index Dir,equity,equity,Direct,-0.68,,,BSE Large Mid Cap TRI,0.86,,,,,,,,,INF251K01TY9,152931,25,https://www.valueresearchonline.com/funds/44582/,1,1,1,1,1,5,High Risk,Poor
Canara Robeco Large and Mid Cap Dir,equity,equity,Direct,-0.87,14.25,13.2,BSE Large Mid Cap TRI,0.86,12.58,11.89,1.24,1.02,0.54,15.96,14.54,1.11,INF760K01EI4,118278,25,https://www.valueresearchonline.com/funds/16581/,8,6,3,3,2,22,Moderate Risk,Average
DSP Large & Mid Cap Dir,equity,equity,Direct,2.35,18.14,14.8,BSE Large Mid Cap TRI,0.86,12.58,11.89,4.63,1.02,0.76,15.75,17.91,1.75,INF740K01PL6,119218,25,https://www.valueresearchonline.com/funds/16425/,12,8,3,3,3,29,Low Risk,Good
DSP MSCI India ETF,equity,equity,Direct,,,,BSE Large Mid Cap TRI,,,,,,,,,,INF740KA1WV7,153975,25,https://www.valueresearchonline.com/funds/45616/,1,1,1,1,1,5,High Risk,Poor
Edelweiss Large & Mid Cap Dir,equity,equity,Direct,5.01,17.05,15.64,BSE Large Mid Cap TRI,0.86,12.58,11.89,4.19,1.01,0.74,15.63,17.4,1.37,INF843K01AL0,140175,25,https://www.valueresearchonline.com/funds/16569/,12,6,3,3,2,26,Moderate Risk,Average
Edelweiss NIFTY Large Mid Cap 250 Index Dir,equity,equity,Direct,3.75,15.8,,BSE Large Mid Cap TRI,0.86,12.58,,2.89,1.06,0.66,16.03,16.49,1.34,INF754K01NR9,149343,25,https://www.valueresearchonline.com/funds/41844/,10,6,2,3,2,23,Moderate Risk,Average
Edelweiss Nifty Alpha Low Volatility 30 Index Dir,equity,equity,Direct,-0.77,,,BSE Large Mid Cap TRI,0.86,,,,,,,,,INF754K01SS6,152616,25,https://www.valueresearchonline.com/funds/44309/,1,1,1,1,1,5,High Risk,Poor
Edelweiss Nifty LargeMidcap 250 ETF,equity,equity,Direct,,,,BSE Large Mid Cap TRI,,,,,,,,,,INF846K017C5,149243,25,https://www.valueresearchonline.com/funds/45481/,1,1,1,1,1,5,High Risk,Poor
Franklin India Large & Mid Cap Dir,equity,equity,Direct,-0.64,14.22,12.04,BSE Large Mid Cap TRI,0.86,12.58,11.89,1.79,0.97,0.59,15.04,14.69,1.24,INF090I01IN1,118510,25,https://www.valueresearchonline.com/funds/15986/,8,6,3,4,2,23,Moderate Risk,Average
Groww Nifty 200 ETF,equity,equity,Direct,1.44,,,BSE Large Mid Cap TRI,0.86,,,,,,,,,INF666M01JV1,153329,25,https://www.valueresearchonline.com/funds/44969/,1,1,1,1,1,5,High Risk,Poor
Groww Nifty 200 ETF FoF Dir,equity,equity,Direct,1.3,,,BSE Large Mid Cap TRI,0.86,,,,,,,,,INF666M01JQ1,153328,1,https://www.valueresearchonline.com/funds/44967/,1,1,1,1,1,5,High Risk,Poor
HDFC Large and Mid Cap Dir,equity,equity,Direct,2.51,16.96,17.02,BSE Large Mid Cap TRI,0.86,12.58,11.89,3.87,1.08,0.71,16.53,17.62,1.54,INF179KA1RQ7,130498,25,https://www.valueresearchonline.com/funds/16626/,10,6,2,3,3,24,Moderate Risk,Average
HDFC NIFTY200 Momentum 30 ETF,equity,equity,Direct,0.18,13.91,,BSE Large Mid Cap TRI,0.86,12.58,,0.66,1.24,0.48,19.99,15.55,1.11,INF179K01VS0,119116,25,https://www.valueresearchonline.com/funds/42569/,8,4,1,2,2,17,Moderately High Risk,Average
HDFC NIFTY200 Momentum 30 Index Dir,equity,equity,Direct,-0.06,,,BSE Large Mid Cap TRI,0.86,,,,,,,,,INF179KC1IC4,152430,25,https://www.valueresearchonline.com/funds/44153/,1,1,1,1,1,5,High Risk,Poor
HDFC Nifty LargeMidcap 250 Index Dir,equity,equity,Direct,3.78,,,BSE Large Mid Cap TRI,0.86,,,,,,,,,INF179KC1IQ4,152889,25,https://www.valueresearchonline.com/funds/44570/,1,1,1,1,1,5,High Risk,Poor
HSBC Large and Mid Cap Dir,equity,equity,Direct,13.97,20.36,17.63,BSE Large Mid Cap TRI,0.86,12.58,11.89,7.23,1.05,0.82,18.21,20.75,1.02,INF336L01NW3,146770,25,https://www.valueresearchonline.com/funds/39456/,12,8,1,3,2,26,Moderate Risk,Average
Helios Large & Mid Cap Dir,equity,equity,Direct,10.6,,,BSE Large Mid Cap TRI,0.86,,,,,,,,,INF0R8701269,152941,25,https://www.valueresearchonline.com/funds/44610/,1,1,1,1,1,5,High Risk,Poor
ICICI Pru Large & Mid Cap Dir,equity,equity,Direct,3.7,18.86,18.87,BSE Large Mid Cap TRI,0.86,12.58,11.89,5.8,0.93,0.87,14.4,18.46,1.8,INF109K011O5,120596,25,https://www.valueresearchonline.com/funds/15868/,12,8,3,4,3,30,Low Risk,Good
ICICI Pru Nifty 200 Momentum 30 ETF,equity,equity,Direct,0.12,13.86,,BSE Large Mid Cap TRI,0.86,12.58,,0.61,1.24,0.48,20.02,15.5,1.11,INF109KC17C7,150455,25,https://www.valueresearchonline.com/funds/42387/,8,4,1,2,2,17,Moderately High Risk,Average
ICICI Pru Nifty 200 Momentum 30 Index Dir,equity,equity,Direct,0.03,13.65,,BSE Large Mid Cap TRI,0.86,12.58,,0.42,1.24,0.47,19.95,15.3,1.09,INF109KC11D8,150452,25,https://www.valueresearchonline.com/funds/42381/,8,4,1,2,2,17,Moderately High Risk,Average
ICICI Pru Nifty 200 Quality 30 ETF,equity,equity,Direct,-1.03,,,BSE Large Mid Cap TRI,0.86,,,,,,,,,INF109KC18V5,151907,25,https://www.valueresearchonline.com/funds/43676/,1,1,1,1,1,5,High Risk,Poor
ICICI Pru Nifty Alpha Low-Volatility 30 ETF,equity,equity,Direct,-0.79,12.2,11.59,BSE Large Mid Cap TRI,0.86,12.58,11.89,-0.22,1.05,0.44,16.73,13.3,1.13,INF109KC17V7,148456,25,https://www.valueresearchonline.com/funds/41071/,4,4,2,3,2,15,Moderately High Risk,Average
ICICI Pru Nifty Alpha Low-Volatility 30 ETF FOF Dir,equity,equity,Direct,-0.83,12.1,,BSE Large Mid Cap TRI,0.86,12.58,,-0.37,1.05,0.43,16.94,13.13,1.05,INF109KC1R89,149158,1,https://www.valueresearchonline.com/funds/41688/,4,4,2,3,2,15,Moderately High Risk,Average
ICICI Pru Nifty LargeMidcap 250 Index Dir,equity,equity,Direct,3.8,,,BSE Large Mid Cap TRI,0.86,,,,,,,,,INF109KC12U0,152482,25,https://www.valueresearchonline.com/funds/44180/,1,1,1,1,1,5,High Risk,Poor
ICICI Pru Nifty200 Quality 30 Index Dir,equity,equity,Direct,-1.16,,,BSE Large Mid Cap TRI,0.86,,,,,,,,,INF109K1A252,153546,25,https://www.valueresearchonline.com/funds/45193/,1,1,1,1,1,5,High Risk,Poor
ITI Large & Mid Cap Dir,equity,equity,Direct,1.06,,,BSE Large Mid Cap TRI,0.86,,,,,,,,,INF00XX01DA4,152821,25,https://www.valueresearchonline.com/funds/44501/,1,1,1,1,1,5,High Risk,Poor
Invesco India Large & Mid Cap Dir,equity,equity,Direct,9.74,24.49,19.31,BSE Large Mid Cap TRI,0.86,12.58,11.89,8.9,1.12,0.94,18.09,22.91,1.51,INF205K01MA0,120357,25,https://www.valueresearchonline.com/funds/16770/,12,8,1,3,3,27,Low Risk,Good
JM Large & Mid Cap Dir,equity,equity,Direct,,,,BSE Large Mid Cap TRI,,,,,,,,,,INF192K01NK7,153629,25,https://www.valueresearchonline.com/funds/45304/,1,1,1,1,1,5,High Risk,Poor
Kotak Large & Midcap Dir,equity,equity,Direct,5.45,16.81,16.13,BSE Large Mid Cap TRI,0.86,12.58,11.89,3.64,0.99,0.7,15.49,16.73,1.47,INF174K01LF9,120158,25,https://www.valueresearchonline.com/funds/16378/,10,6,3,4,2,25,Moderate Risk,Average
Kotak MSCI India ETF,equity,equity,Direct,1.27,,,BSE Large Mid Cap TRI,0.86,,,,,,,,,INF174KA1VD2,153314,25,https://www.valueresearchonline.com/funds/44952/,1,1,1,1,1,5,High Risk,Poor
Kotak Nifty 200 Momentum 30 ETF,equity,equity,Direct,,,,BSE Large Mid Cap TRI,,,,,,,,,,INF174KA1XS6,153904,25,https://www.valueresearchonline.com/funds/45531/,1,1,1,1,1,5,High Risk,Poor
Kotak Nifty 200 Momentum 30 Index Dir,equity,equity,Direct,0.25,,,BSE Large Mid Cap TRI,0.86,,,,,,,,,INF174KA1OB1,151781,25,https://www.valueresearchonline.com/funds/43538/,1,1,1,1,1,5,High Risk,Poor
Kotak Nifty 200 Quality 30 Index Dir,equity,equity,Direct,,,,BSE Large Mid Cap TRI,,,,,,,,,,INF174KA1WN9,153660,25,https://www.valueresearchonline.com/funds/45258/,1,1,1,1,1,5,High Risk,Poor
Kotak Nifty200 Quality 30 ETF,equity,equity,Direct,,,,BSE Large Mid Cap TRI,,,,,,,,,,INF174KA1WT6,153657,25,https://www.valueresearchonline.com/funds/45255/,1,1,1,1,1,5,High Risk,Poor
LIC MF Large & Mid Cap Dir,equity,equity,Direct,0.17,16.61,14.28,BSE Large Mid Cap TRI,0.86,12.58,11.89,3.34,1.05,0.65,16.78,16.86,1.29,INF767K01NE9,133710,25,https://www.valueresearchonline.com/funds/29416/,10,6,2,3,2,23,Moderate Risk,Average
Mahindra Manulife Large & Mid Cap Dir,equity,equity,Direct,2.47,15.1,15.17,BSE Large Mid Cap TRI,0.86,12.58,11.89,3.05,0.98,0.65,15.62,16.06,1.37,INF174V01960,147841,25,https://www.valueresearchonline.com/funds/40397/,10,6,3,4,2,25,Moderate Risk,Average
Mirae Asset BSE 200 Equal Weight ETF,equity,equity,Direct,6.09,,,BSE Large Mid Cap TRI,0.86,,,,,,,,,INF769K01OA1,153379,25,https://www.valueresearchonline.com/funds/45027/,1,1,1,1,1,5,High Risk,Poor
Mirae Asset BSE 200 Equal Weight ETF FoF Dir,equity,equity,Direct,5.26,,,BSE Large Mid Cap TRI,0.86,,,,,,,,,INF769K01OE3,153380,1,https://www.valueresearchonline.com/funds/45030/,1,1,1,1,1,5,High Risk,Poor
Mirae Asset Large & Midcap Dir,equity,equity,Direct,5.31,15.72,13.42,BSE Large Mid Cap TRI,0.86,12.58,11.89,2.59,1.06,0.64,16.17,16.21,1.26,INF769K01BI1,118834,25,https://www.valueresearchonline.com/funds/16563/,10,6,2,3,2,23,Moderate Risk,Average
Mirae Asset Nifty 200 Alpha 30 ETF,equity,equity,Direct,5.32,,,BSE Large Mid Cap TRI,0.86,,,,,,,,,INF769K01KU7,152134,25,https://www.valueresearchonline.com/funds/43817/,1,1,1,1,1,5,High Risk,Poor
Mirae Asset Nifty 200 Alpha 30 ETF FoF Dir,equity,equity,Direct,5.23,,,BSE Large Mid Cap TRI,0.86,,,,,,,,,INF769K01LU5,152718,1,https://www.valueresearchonline.com/funds/44400/,1,1,1,1,1,5,High Risk,Poor
Mirae Asset Nifty LargeMidcap 250 Index Dir,equity,equity,Direct,3.75,,,BSE Large Mid Cap TRI,0.86,,,,,,,,,INF769K01MJ6,152976,25,https://www.valueresearchonline.com/funds/44624/,1,1,1,1,1,5,High Risk,Poor
Motilal Oswal BSE Low Volatility ETF,equity,equity,Direct,-1.58,11.07,,BSE Large Mid Cap TRI,0.86,12.58,,-0.39,0.9,0.44,14.15,12.03,1.17,INF090I01UD7,147989,25,https://www.valueresearchonline.com/funds/42147/,4,4,3,4,2,17,Moderately High Risk,Average
Motilal Oswal BSE Low Volatility Index Dir,equity,equity,Direct,-1.56,10.75,,BSE Large Mid Cap TRI,0.86,12.58,,-0.68,0.9,0.41,14.12,11.72,1.15,INF247L01AY5,149919,25,https://www.valueresearchonline.com/funds/42155/,4,4,3,4,2,17,Moderately High Risk,Average
Motilal Oswal BSE Quality ETF,equity,equity,Direct,5.43,16.05,,BSE Large Mid Cap TRI,0.86,12.58,,3.28,1.08,0.62,17.9,17.03,1.12,INF247L01BH8,150520,25,https://www.valueresearchonline.com/funds/42438/,10,6,2,3,2,23,Moderate Risk,Average
Motilal Oswal BSE Quality Index Dir,equity,equity,Direct,5.36,15.92,,BSE Large Mid Cap TRI,0.86,12.58,,3.19,1.08,0.62,17.83,16.9,1.13,INF247L01BI6,150521,25,https://www.valueresearchonline.com/funds/42440/,10,6,2,3,2,23,Moderate Risk,Average
Motilal Oswal Large and Midcap Dir,equity,equity,Direct,9.09,24.79,21.57,BSE Large Mid Cap TRI,0.86,12.58,11.89,10.49,1.19,0.9,21.37,25.02,1.14,INF247L01999,147704,25,https://www.valueresearchonline.com/funds/40338/,12,8,1,2,2,25,Moderate Risk,Average
Motilal Oswal Nifty 200 Momentum 30 ETF,equity,equity,Direct,-0.2,13.86,,BSE Large Mid Cap TRI,0.86,12.58,,0.61,1.24,0.48,20.02,15.51,1.11,INF247L01BK2,149801,25,https://www.valueresearchonline.com/funds/42039/,8,4,1,2,2,17,Moderately High Risk,Average
Motilal Oswal Nifty 200 Momentum 30 Index Dir,equity,equity,Direct,-0.28,13.84,,BSE Large Mid Cap TRI,0.86,12.58,,0.59,1.24,0.48,20,15.48,1.11,INF247L01AV1,149800,25,https://www.valueresearchonline.com/funds/42041/,8,4,1,2,2,17,Moderately High Risk,Average
Navi Large & Midcap Dir,equity,equity,Direct,5.38,12.69,13.92,BSE Large Mid Cap TRI,0.86,12.58,11.89,-0.26,1.08,0.44,17.05,13.45,1.02,INF959L01CH6,135677,25,https://www.valueresearchonline.com/funds/31278/,4,4,2,3,2,15,Moderately High Risk,Average
Nippon India Nifty Alpha Low Volatility 30 Index Dir,equity,equity,Direct,-0.88,12.11,,BSE Large Mid Cap TRI,0.86,12.58,,-0.28,1.05,0.44,16.68,13.21,1.12,INF204KC1584,150487,25,https://www.valueresearchonline.com/funds/42413/,4,4,2,3,2,15,Moderately High Risk,Average
Nippon India Vision Large & Mid Cap Dir,equity,equity,Direct,4.61,18.25,16.35,BSE Large Mid Cap TRI,0.86,12.58,11.89,4.99,1.03,0.8,15.6,18.34,1.49,INF204K01F20,118678,25,https://www.valueresearchonline.com/funds/16194/,12,8,3,3,2,28,Low Risk,Good
PGIM India Large and Mid Cap Dir,equity,equity,Direct,1.74,,,BSE Large Mid Cap TRI,0.86,,,,,,,,,INF663L01Y12,152382,25,https://www.valueresearchonline.com/funds/44085/,1,1,1,1,1,5,High Risk,Poor
Quant Large & Mid Cap Dir,equity,equity,Direct,8.37,19.26,18.18,BSE Large Mid Cap TRI,0.86,12.58,11.89,6.24,1.19,0.75,19.86,20.77,0.98,INF966L01648,120826,18,https://www.valueresearchonline.com/funds/17363/,12,8,1,2,1,24,Moderate Risk,Average
SBI Large & Midcap Dir,equity,equity,Direct,6.02,15.32,15.51,BSE Large Mid Cap TRI*,0.86,12.58,11.89,3.54,0.88,0.74,13.57,15.85,1.89,INF200K01UJ5,119721,25,https://www.valueresearchonline.com/funds/16240/,10,6,4,4,3,27,Low Risk,Good
SBI Nifty 200 Quality 30 ETF,equity,equity,Direct,-1.04,10.58,9.91,BSE Large Mid Cap TRI,0.86,12.58,11.89,-1.63,1,0.35,16.02,11.54,0.7,INF200KA1WX6,145648,25,https://www.valueresearchonline.com/funds/38348/,4,4,2,4,1,15,Moderately High Risk,Average
SBI Nifty200 Momentum 30 Index Dir,equity,equity,Direct,,,,BSE Large Mid Cap TRI,,,,,,,,,,INF200KB1878,153662,25,https://www.valueresearchonline.com/funds/45267/,1,1,1,1,1,5,High Risk,Poor
SBI Nifty200 Quality 30 Index Dir,equity,equity,Direct,-1.1,,,BSE Large Mid Cap TRI,0.86,,,,,,,,,INF200KB1811,153555,25,https://www.valueresearchonline.com/funds/45182/,1,1,1,1,1,5,High Risk,Poor
Samco Large & Mid Cap Dir,equity,equity,Direct,,,,BSE Large Mid Cap TRI,,,,,,,,,,INF0K1H01271,153534,25,https://www.valueresearchonline.com/funds/45201/,1,1,1,1,1,5,High Risk,Poor
Sundaram Large & Midcap Dir,equity,equity,Direct,7.29,15.61,14.29,BSE Large Mid Cap TRI,0.86,12.58,11.89,2.15,1.03,0.61,15.9,15.52,1.18,INF903J01PR9,119566,25,https://www.valueresearchonline.com/funds/16086/,10,6,3,3,2,24,Moderate Risk,Average
Tata BSE Quality Index Dir,equity,equity,Direct,5.15,,,BSE Large Mid Cap TRI,0.86,,,,,,,,,INF277KA1DK1,153420,25,https://www.valueresearchonline.com/funds/45062/,1,1,1,1,1,5,High Risk,Poor
Tata Large & Midcap Dir,equity,equity,Direct,-4.22,9.79,11.84,BSE Large Mid Cap TRI,0.86,12.58,11.89,-2.82,1.06,0.3,16.2,10.73,0.96,INF277K01MK8,119202,25,https://www.valueresearchonline.com/funds/16679/,2,4,2,3,1,12,High Risk,Poor
Tata Nifty200 Alpha 30 Index Dir,equity,equity,Direct,5.09,,,BSE Large Mid Cap TRI,0.86,,,,,,,,,INF277KA1CI7,152836,25,https://www.valueresearchonline.com/funds/44509/,1,1,1,1,1,5,High Risk,Poor
UTI BSE Low Volatility Index Dir,equity,equity,Direct,-1.57,10.83,,BSE Large Mid Cap TRI,0.86,12.58,,-0.6,0.9,0.42,14.12,11.8,1.16,INF789F1AVF2,149881,25,https://www.valueresearchonline.com/funds/42111/,4,4,3,4,2,17,Moderately High Risk,Average
UTI Large & Mid Cap Dir,equity,equity,Direct,4.13,19.34,16.62,BSE Large Mid Cap TRI,0.86,12.58,11.89,6.2,1.01,0.87,15.5,19.39,1.77,INF789F01UG3,120665,25,https://www.valueresearchonline.com/funds/15845/,12,8,3,3,3,29,Low Risk,Good
UTI Nifty Alpha Low-Volatility 30 Index Dir,equity,equity,Direct,-0.89,,,BSE Large Mid Cap TRI,0.86,,,,,,,,,INF789F1AZM9,153086,25,https://www.valueresearchonline.com/funds/44727/,1,1,1,1,1,5,High Risk,Poor
UTI Nifty200 Momentum 30 Index Dir,equity,equity,Direct,0.1,14.23,12.75,BSE Large Mid Cap TRI,0.86,12.58,11.89,0.92,1.24,0.5,20.02,15.83,1.14,INF789F1AUT5,148703,25,https://www.valueresearchonline.com/funds/41312/,8,6,1,2,2,19,Moderately High Risk,Average
UTI Nifty200 Quality 30 Index Dir,equity,equity,Direct,-1.19,,,BSE Large Mid Cap TRI,0.86,,,,,,,,,INF789F1AZH9,152859,25,https://www.valueresearchonline.com/funds/44548/,1,1,1,1,1,5,High Risk,Poor
Union Large & Midcap Dir,equity,equity,Direct,5.86,15.12,14.46,BSE Large Mid Cap TRI,0.86,12.58,11.89,2.49,0.96,0.62,15.32,15.37,1.11,INF582M01GA0,147750,25,https://www.valueresearchonline.com/funds/40385/,10,6,3,4,2,25,Moderate Risk,Average
WhiteOak Capital Large & Mid Cap Dir,equity,equity,Direct,6.42,,,BSE Large Mid Cap TRI,0.86,,,,,,,,,INF03VN01845,152226,25,https://www.valueresearchonline.com/funds/43932/,1,1,1,1,1,5,High Risk,Poor
Zerodha Nifty Large Midcap 250 Index Dir,equity,equity,Direct,4.31,,,BSE Large Mid Cap TRI,0.86,,,,,,,,,INF0R8F01018,152156,25,https://www.valueresearchonline.com/funds/43846/,1,1,1,1,1,5,High Risk,Poor
ABSL BSE Sensex ETF,equity,equity,Direct,-4.02,8,9.32,BSE 100 TRI,-0.54,11.26,11.3,-3.33,0.93,0.15,13.66,7.94,0.94,INF209KB10E8,139581,25,https://www.valueresearchonline.com/funds/32649/,2,4,4,4,1,15,Moderately High Risk,Average
ABSL Large Cap Dir,equity,equity,Direct,-1.35,11.96,11.87,BSE 100 TRI,-0.54,11.26,11.3,0.91,0.98,0.46,14.24,12.44,1.32,INF209K01YY7,119528,25,https://www.valueresearchonline.com/funds/15831/,8,4,3,4,2,21,Moderate Risk,Average
ABSL Nifty 50 ETF,equity,equity,Direct,-1.56,9.82,10.23,BSE 100 TRI,-0.54,11.26,11.3,-1.32,0.95,0.3,13.8,10.04,1.15,INF209KB19D1,115512,25,https://www.valueresearchonline.com/funds/13012/,4,4,4,4,2,18,Moderately High Risk,Average
ABSL Nifty 50 Equal Weight Index Dir,equity,equity,Direct,5.95,14.58,13.99,BSE 100 TRI,-0.54,11.26,11.3,3.76,0.98,0.65,14.62,15.32,1.39,INF209KB1Z71,148962,25,https://www.valueresearchonline.com/funds/41505/,10,6,3,4,2,25,Moderate Risk,Average
ABSL Nifty 50 Index Dir,equity,equity,Direct,-1.74,9.62,9.96,BSE 100 TRI,-0.54,11.26,11.3,-1.51,0.95,0.29,13.78,9.84,1.12,INF209K01VY3,119648,25,https://www.valueresearchonline.com/funds/15769/,4,4,4,4,2,18,Moderately High Risk,Average
ABSL Nifty Next 50 ETF,equity,equity,Direct,9.65,19.09,14.46,BSE 100 TRI,-0.54,11.26,11.3,7.03,1.29,0.72,20.17,20.33,1.35,INF209KB16D7,145881,25,https://www.valueresearchonline.com/funds/38491/,12,6,1,2,2,23,Moderate Risk,Average
ABSL Nifty Next 50 Index Dir,equity,equity,Direct,9.4,18.58,,BSE 100 TRI,-0.54,11.26,,6.6,1.28,0.7,20.18,19.89,1.31,INF209KB10G3,149838,25,https://www.valueresearchonline.com/funds/42072/,12,6,1,2,2,23,Moderate Risk,Average
Angel One Nifty 50 ETF,equity,equity,Direct,-1.63,,,BSE 100 TRI,-0.54,,,,,,,,,INF1J2R01064,153531,25,https://www.valueresearchonline.com/funds/45159/,1,1,1,1,1,5,High Risk,Poor
Angel One Nifty 50 Index Dir,equity,equity,Direct,-1.82,,,BSE 100 TRI,-0.54,,,,,,,,,INF1J2R01072,153529,25,https://www.valueresearchonline.com/funds/45161/,1,1,1,1,1,5,High Risk,Poor
Axis BSE Sensex ETF,equity,equity,Direct,-4.05,7.95,,BSE 100 TRI,-0.54,11.26,,-3.38,0.93,0.15,13.64,7.89,,INF846K010Q0,151585,25,https://www.valueresearchonline.com/funds/43285/,2,4,4,4,1,15,Moderately High Risk,Average
Axis BSE Sensex Index Dir,equity,equity,Direct,-3.96,,,BSE 100 TRI,-0.54,,,,,,,,,INF846K012V6,152422,25,https://www.valueresearchonline.com/funds/44150/,1,1,1,1,1,5,High Risk,Poor
Axis Large Cap Dir,equity,equity,Direct,-0.39,10.13,8.17,BSE 100 TRI,-0.54,11.26,11.3,-0.83,0.91,0.33,13.5,10.31,1.04,INF846K01DP8,120465,25,https://www.valueresearchonline.com/funds/15682/,4,4,4,4,2,18,Moderately High Risk,Average
Axis Nifty 100 Index Dir,equity,equity,Direct,0.15,11.15,10.59,BSE 100 TRI,-0.54,11.26,11.3,-0.18,1.01,0.39,14.58,11.51,1.13,INF846K01S29,147666,25,https://www.valueresearchonline.com/funds/40298/,4,4,3,3,2,16,Moderately High Risk,Average
Axis Nifty 50 ETF,equity,equity,Direct,-1.61,9.81,10.21,BSE 100 TRI,-0.54,11.26,11.3,-1.33,0.95,0.3,13.79,10.02,1.15,INF846K01W98,141545,25,https://www.valueresearchonline.com/funds/34322/,4,4,4,4,2,18,Moderately High Risk,Average
Axis Nifty 50 Index Dir,equity,equity,Direct,-1.68,9.66,,BSE 100 TRI,-0.54,11.26,,-1.46,0.95,0.29,13.74,9.87,1.13,INF846K013D2,149373,25,https://www.valueresearchonline.com/funds/41860/,4,4,4,4,2,18,Moderately High Risk,Average
Axis Nifty Next 50 Index Dir,equity,equity,Direct,9.58,18.76,,BSE 100 TRI,-0.54,11.26,,6.77,1.28,0.71,20.09,20.03,1.33,INF846K019E7,149466,25,https://www.valueresearchonline.com/funds/41946/,12,6,1,2,2,23,Moderate Risk,Average
BHARAT 22 ETF,equity,equity,Direct,10.92,22.31,25.37,BSE 100 TRI,-0.54,11.26,11.3,10.91,1.11,0.92,18.83,23.21,2.02,INF109KB15Y7,141957,22,https://www.valueresearchonline.com/funds/34740/,12,8,1,3,4,28,Low Risk,Good
Bajaj Finserv Large Cap Dir,equity,equity,Direct,2.49,,,BSE 100 TRI,-0.54,,,,,,,,,INF0QA701896,152783,25,https://www.valueresearchonline.com/funds/44455/,1,1,1,1,1,5,High Risk,Poor
Bajaj Finserv Nifty 50 ETF,equity,equity,Direct,-1.61,,,BSE 100 TRI,-0.54,,,,,,,,,INF0QA701722,152356,25,https://www.valueresearchonline.com/funds/44066/,1,1,1,1,1,5,High Risk,Poor
Bajaj Finserv Nifty 50 Index Dir,equity,equity,Direct,-2.05,,,BSE 100 TRI,-0.54,,,,,,,,,INF0QA701BA9,153506,25,https://www.valueresearchonline.com/funds/45133/,1,1,1,1,1,5,High Risk,Poor
Bajaj Finserv Nifty Next 50 Index Dir,equity,equity,Direct,8.53,,,BSE 100 TRI,-0.54,,,,,,,,,INF0QA701BG6,153479,25,https://www.valueresearchonline.com/funds/45113/,1,1,1,1,1,5,High Risk,Poor
Bandhan BSE Sensex ETF,equity,equity,Direct,-4.38,7.63,8.92,BSE 100 TRI,-0.54,11.26,11.3,-3.68,0.93,0.13,13.64,7.58,0.89,INF194K015G8,121279,25,https://www.valueresearchonline.com/funds/32902/,2,4,4,4,1,15,Moderately High Risk,Average
Bandhan Large Cap Dir,equity,equity,Direct,3.12,14.57,13.11,BSE 100 TRI,-0.54,11.26,11.3,2.89,1.02,0.58,14.99,14.63,1.46,INF194K01Z44,118479,25,https://www.valueresearchonline.com/funds/16699/,10,6,3,3,2,24,Moderate Risk,Average
Bandhan Nifty 100 Index Dir,equity,equity,Direct,0.25,11.23,,BSE 100 TRI,-0.54,11.26,,-0.1,1.01,0.39,14.58,11.59,1.14,INF194KB1CR7,149832,25,https://www.valueresearchonline.com/funds/42076/,4,4,3,3,2,16,Moderately High Risk,Average
Bandhan Nifty 50 ETF,equity,equity,Direct,-1.67,9.75,10.13,BSE 100 TRI,-0.54,11.26,11.3,-1.39,0.95,0.3,13.79,9.97,1.14,INF194KA1U07,139839,25,https://www.valueresearchonline.com/funds/32903/,4,4,4,4,2,18,Moderately High Risk,Average
Bandhan Nifty 50 Index Dir,equity,equity,Direct,-1.71,9.64,10.07,BSE 100 TRI,-0.54,11.26,11.3,-1.49,0.95,0.29,13.8,9.87,1.12,INF194K012A8,118482,25,https://www.valueresearchonline.com/funds/16504/,4,4,4,4,2,18,Moderately High Risk,Average
Bandhan Nifty Next 50 Index Dir,equity,equity,Direct,9.45,,,BSE 100 TRI,-0.54,,,,,,,,,INF194KB1JK7,153350,25,https://www.valueresearchonline.com/funds/44984/,1,1,1,1,1,5,High Risk,Poor
Bandhan Nifty100 Low Volatility 30 Index Dir,equity,equity,Direct,1.25,11.83,,BSE 100 TRI,-0.54,11.26,,1.27,0.94,0.46,14.44,12.57,1.17,INF194KB1DV7,150636,25,https://www.valueresearchonline.com/funds/42544/,8,4,3,4,2,21,Moderate Risk,Average
Bank of India Large Cap Dir,equity,equity,Direct,8.19,15.82,,BSE 100 TRI,-0.54,11.26,,3.91,1.08,0.62,16.25,16,1.29,INF761K01FL3,148980,25,https://www.valueresearchonline.com/funds/41521/,10,6,2,3,2,23,Moderate Risk,Average
Baroda BNP Paribas Large Cap Dir,equity,equity,Direct,1.6,14.23,13.13,BSE 100 TRI,-0.54,11.26,11.3,3.01,1,0.6,14.74,14.66,1.32,INF251K01HN7,150187,25,https://www.valueresearchonline.com/funds/15719/,10,6,3,4,2,25,Moderate Risk,Average
Baroda BNP Paribas NIFTY 50 Index Dir,equity,equity,Direct,-1.89,,,BSE 100 TRI,-0.54,,,,,,,,,INF251K01SY1,152329,25,https://www.valueresearchonline.com/funds/43987/,1,1,1,1,1,5,High Risk,Poor
Canara Robeco Large Cap Dir,equity,equity,Direct,-1.11,12.39,11.55,BSE 100 TRI,-0.54,11.26,11.3,1.03,0.94,0.47,13.74,12.36,1.37,INF760K01FR2,118269,25,https://www.valueresearchonline.com/funds/15765/,8,4,4,4,2,22,Moderate Risk,Average
Choice Nifty 50 Index Dir,equity,equity,Direct,,,,BSE 100 TRI,,,,,,,,,,INF2KCX01020,154301,25,https://www.valueresearchonline.com/funds/45932/,1,1,1,1,1,5,High Risk,Poor
Choice Nifty Next 50 Index Dir,equity,equity,Direct,,,,BSE 100 TRI,,,,,,,,,,INF2KCX01046,154304,25,https://www.valueresearchonline.com/funds/45938/,1,1,1,1,1,5,High Risk,Poor
DSP BSE Sensex ETF,equity,equity,Direct,-4.04,,,BSE 100 TRI,-0.54,,,,,,,,,INF740KA1SZ6,151886,25,https://www.valueresearchonline.com/funds/43657/,1,1,1,1,1,5,High Risk,Poor
DSP BSE Sensex Next 30 ETF,equity,equity,Direct,11.15,,,BSE 100 TRI,-0.54,,,,,,,,,INF740KA1VE5,153228,25,https://www.valueresearchonline.com/funds/44874/,1,1,1,1,1,5,High Risk,Poor
DSP BSE Sensex Next 30 Index Dir,equity,equity,Direct,10.82,,,BSE 100 TRI,-0.54,,,,,,,,,INF740KA1VB1,153219,25,https://www.valueresearchonline.com/funds/44872/,1,1,1,1,1,5,High Risk,Poor
DSP Large Cap Dir,equity,equity,Direct,-1.74,14.42,11.92,BSE 100 TRI,-0.54,11.26,11.3,3.22,0.89,0.63,13.23,14.21,1.97,INF740K01PR3,119250,25,https://www.valueresearchonline.com/funds/16456/,10,6,4,4,3,27,Low Risk,Good
DSP NIFTY 50 Equal Weight ETF,equity,equity,Direct,6.19,14.83,,BSE 100 TRI,-0.54,11.26,,3.98,0.98,0.66,14.64,15.54,1.42,INF740KA1QK2,149286,25,https://www.valueresearchonline.com/funds/41801/,10,6,3,4,2,25,Moderate Risk,Average
DSP Nifty 50 ETF,equity,equity,Direct,-1.6,9.81,,BSE 100 TRI,-0.54,11.26,,-1.34,0.95,0.3,13.79,10.02,1.14,INF740KA1CL0,149392,25,https://www.valueresearchonline.com/funds/41895/,4,4,4,4,2,18,Moderately High Risk,Average
DSP Nifty 50 Equal Weight Index Dir,equity,equity,Direct,5.99,14.63,14.1,BSE 100 TRI,-0.54,11.26,11.3,3.8,0.98,0.65,14.63,15.36,1.4,INF740KA1CR7,141877,25,https://www.valueresearchonline.com/funds/34695/,10,6,3,4,2,25,Moderate Risk,Average
DSP Nifty 50 Index Dir,equity,equity,Direct,-1.71,9.64,10.02,BSE 100 TRI,-0.54,11.26,11.3,-1.49,0.95,0.29,13.79,9.87,1.12,INF740KA1MM7,146376,25,https://www.valueresearchonline.com/funds/39135/,4,4,4,4,2,18,Moderately High Risk,Average
DSP Nifty Next 50 ETF,equity,equity,Direct,,,,BSE 100 TRI,,,,,,,,,,INF740KA1XU7,154087,25,https://www.valueresearchonline.com/funds/45716/,1,1,1,1,1,5,High Risk,Poor
DSP Nifty Next 50 Index Dir,equity,equity,Direct,9.45,18.74,14.22,BSE 100 TRI,-0.54,11.26,11.3,6.75,1.29,0.7,20.17,20.05,1.33,INF740KA1MG9,146381,25,https://www.valueresearchonline.com/funds/39165/,12,6,1,2,2,23,Moderate Risk,Average
DSP Nifty Top 10 Equal Wght ETF,equity,equity,Direct,-9.62,,,BSE 100 TRI,-0.54,,,,,,,,,INF740K01NF3,119099,10,https://www.valueresearchonline.com/funds/44494/,1,1,1,1,1,5,High Risk,Poor
DSP Nifty Top 10 Equal Wght Index Dir,equity,equity,Direct,-9.77,,,BSE 100 TRI,-0.54,,,,,,,,,INF740KA1UQ1,152814,10,https://www.valueresearchonline.com/funds/44493/,1,1,1,1,1,5,High Risk,Poor
Edelweiss BSE Sensex ETF,equity,equity,Direct,,,,BSE 100 TRI,,,,,,,,,,INF754K01VY8,153947,25,https://www.valueresearchonline.com/funds/45582/,1,1,1,1,1,5,High Risk,Poor
Edelweiss Large Cap Dir,equity,equity,Direct,0.27,12.32,12.58,BSE 100 TRI,-0.54,11.26,11.3,1.38,0.97,0.49,14.11,12.85,1.31,INF843K01FC8,140286,25,https://www.valueresearchonline.com/funds/17352/,8,4,3,4,2,21,Moderate Risk,Average
Edelweiss Nifty 100 Quality 30 Index Dir,equity,equity,Direct,-0.04,10.36,,BSE 100 TRI,-0.54,11.26,,0.09,0.97,0.38,15.11,11.56,0.78,INF754K01NJ6,149254,25,https://www.valueresearchonline.com/funds/41778/,8,4,3,4,1,20,Moderate Risk,Average
Edelweiss Nifty 50 ETF,equity,equity,Direct,,,,BSE 100 TRI,,,,,,,,,,INF754K01VX0,153966,25,https://www.valueresearchonline.com/funds/45581/,1,1,1,1,1,5,High Risk,Poor
Edelweiss Nifty 50 Index Dir,equity,equity,Direct,-1.66,9.6,,BSE 100 TRI,-0.54,11.26,,-1.53,0.95,0.29,13.75,9.82,1.11,INF754K01NB3,149250,25,https://www.valueresearchonline.com/funds/41775/,4,4,4,4,2,18,Moderately High Risk,Average
Edelweiss Nifty Next 50 Index Dir,equity,equity,Direct,9.54,18.74,,BSE 100 TRI,-0.54,11.26,,6.76,1.28,0.7,20.12,20.05,1.32,INF754K01QL5,150899,25,https://www.valueresearchonline.com/funds/42804/,12,6,1,2,2,23,Moderate Risk,Average
Franklin India Large Cap Dir,equity,equity,Direct,-0.66,11.83,9.77,BSE 100 TRI*,-0.54,11.26,11.3,0.89,0.91,0.46,13.34,12,1.25,INF090I01FN7,118531,25,https://www.valueresearchonline.com/funds/15982/,8,4,4,4,2,22,Moderate Risk,Average
Franklin India NSE Nifty 50 Index Dir,equity,equity,Direct,-1.74,9.56,9.93,BSE 100 TRI,-0.54,11.26,11.3,-1.54,0.94,0.29,13.72,9.78,1.11,INF090I01GS4,118581,25,https://www.valueresearchonline.com/funds/15996/,4,4,4,4,2,18,Moderately High Risk,Average
Groww Large Cap Dir,equity,equity,Direct,2.87,12.91,11.86,BSE 100 TRI,-0.54,11.26,11.3,1.44,0.98,0.49,14.54,12.98,1.25,,134135,25,https://www.valueresearchonline.com/funds/15579/,8,4,3,4,2,21,Moderate Risk,Average
Groww Nifty 50 ETF,equity,equity,Direct,,,,BSE 100 TRI,,,,,,,,,,INF666M01LL8,153699,25,https://www.valueresearchonline.com/funds/45330/,1,1,1,1,1,5,High Risk,Poor
Groww Nifty 50 Index Dir,equity,equity,Direct,,,,BSE 100 TRI,,,,,,,,,,INF666M01KT3,153704,25,https://www.valueresearchonline.com/funds/45328/,1,1,1,1,1,5,High Risk,Poor
Groww Nifty Next 50 ETF,equity,equity,Direct,,,,BSE 100 TRI,,,,,,,,,,INF666M01LZ8,153785,25,https://www.valueresearchonline.com/funds/45428/,1,1,1,1,1,5,High Risk,Poor
Groww Nifty Next 50 Index Dir,equity,equity,Direct,,,,BSE 100 TRI,,,,,,,,,,INF666M01LT1,153786,25,https://www.valueresearchonline.com/funds/45431/,1,1,1,1,1,5,High Risk,Poor
HDFC BSE Sensex ETF,equity,equity,Direct,-4.07,8,9.33,BSE 100 TRI,-0.54,11.26,11.3,-3.33,0.94,0.15,13.67,7.94,0.94,INF179KC1HX2,135854,25,https://www.valueresearchonline.com/funds/31377/,2,4,4,4,1,15,Moderately High Risk,Average
HDFC BSE Sensex Index Dir,equity,equity,Direct,-4.27,7.78,9.11,BSE 100 TRI,-0.54,11.26,11.3,-3.54,0.94,0.14,13.67,7.74,0.91,INF179K01WN9,119065,25,https://www.valueresearchonline.com/funds/16071/,2,4,4,4,1,15,Moderately High Risk,Average
HDFC Large Cap Dir,equity,equity,Direct,0.15,12.14,13.07,BSE 100 TRI,-0.54,11.26,11.3,0.8,0.95,0.45,14.02,12.17,1.35,INF179K01YV8,119018,25,https://www.valueresearchonline.com/funds/16164/,8,4,3,4,2,21,Moderate Risk,Average
HDFC NIFTY 100 ETF,equity,equity,Direct,0.08,11.08,,BSE 100 TRI,-0.54,11.26,,-0.25,1.01,0.38,14.6,11.45,1.12,INF179KC1HR4,150476,25,https://www.valueresearchonline.com/funds/42416/,4,4,3,3,2,16,Moderately High Risk,Average
HDFC NIFTY 100 Equal Wght Index Dir,equity,equity,Direct,7.78,16.61,,BSE 100 TRI,-0.54,11.26,,5.13,1.13,0.69,16.97,17.55,1.45,INF179KC1CA1,149870,25,https://www.valueresearchonline.com/funds/42093/,12,6,2,3,2,25,Moderate Risk,Average
HDFC NIFTY 100 Index Dir,equity,equity,Direct,0.04,11,,BSE 100 TRI,-0.54,11.26,,-0.31,1.01,0.38,14.57,11.37,1.11,INF179KC1BY3,149868,25,https://www.valueresearchonline.com/funds/42091/,4,4,3,3,2,16,Moderately High Risk,Average
HDFC NIFTY 50 ETF,equity,equity,Direct,-1.61,9.8,10.2,BSE 100 TRI,-0.54,11.26,11.3,-1.35,0.95,0.3,13.8,10.02,1.14,INF179KC1965,135853,25,https://www.valueresearchonline.com/funds/31376/,4,4,4,4,2,18,Moderately High Risk,Average
HDFC NIFTY 50 Index Dir,equity,equity,Direct,-1.8,9.58,9.98,BSE 100 TRI,-0.54,11.26,11.3,-1.55,0.95,0.29,13.8,9.81,1.12,INF179K01WM1,119063,25,https://www.valueresearchonline.com/funds/16069/,4,4,4,4,2,18,Moderately High Risk,Average
HDFC NIFTY Next 50 ETF,equity,equity,Direct,9.5,18.9,,BSE 100 TRI,-0.54,11.26,,6.86,1.29,0.71,20.17,20.16,1.33,INF179KC1HS2,150477,25,https://www.valueresearchonline.com/funds/42417/,12,6,1,2,2,23,Moderate Risk,Average
HDFC NIFTY Next 50 Index Dir,equity,equity,Direct,9.33,18.51,,BSE 100 TRI,-0.54,11.26,,6.53,1.29,0.69,20.18,19.83,1.31,INF179KC1BQ9,149288,25,https://www.valueresearchonline.com/funds/41800/,12,6,1,2,2,23,Moderate Risk,Average
HDFC NIFTY100 Low Volatility 30 ETF,equity,equity,Direct,1.38,12.3,,BSE 100 TRI,-0.54,11.26,,1.69,0.94,0.49,14.47,13.01,1.22,INF179KC1HU8,150658,25,https://www.valueresearchonline.com/funds/42568/,8,4,3,4,2,21,Moderate Risk,Average
HDFC NIFTY100 Low Volatility 30 Index Dir,equity,equity,Direct,1.21,,,BSE 100 TRI,-0.54,,,,,,,,,INF179KC1IM3,152713,25,https://www.valueresearchonline.com/funds/44405/,1,1,1,1,1,5,High Risk,Poor
HDFC NIFTY100 Quality 30 ETF,equity,equity,Direct,0.04,10.39,,BSE 100 TRI,-0.54,11.26,,0.11,0.97,0.38,15.12,11.58,0.78,INF179KC1DL6,150620,25,https://www.valueresearchonline.com/funds/42536/,8,4,3,4,1,20,Moderate Risk,Average
HDFC NIFTY50 Equal Weight Index Dir,equity,equity,Direct,5.95,14.61,,BSE 100 TRI,-0.54,11.26,,3.78,0.98,0.65,14.64,15.34,1.4,INF179KC1BM8,149107,25,https://www.valueresearchonline.com/funds/41636/,10,6,3,4,2,25,Moderate Risk,Average
HDFC Nifty Top 20 Equal Weight Index Dir,equity,equity,Direct,-3.96,,,BSE 100 TRI,-0.54,,,,,,,,,INF179KC1JI9,153405,20,https://www.valueresearchonline.com/funds/45043/,1,1,1,1,1,5,High Risk,Poor
HDFC Nifty100 Quality 30 Index Dir,equity,equity,Direct,-0.11,,,BSE 100 TRI,-0.54,,,,,,,,,INF179KC1JF5,153264,25,https://www.valueresearchonline.com/funds/44915/,1,1,1,1,1,5,High Risk,Poor
HSBC Large Cap Dir,equity,equity,Direct,2.31,12.41,11.41,BSE 100 TRI,-0.54,11.26,11.3,1.03,0.95,0.46,14.19,12.39,1.25,INF336L01CM7,120030,25,https://www.valueresearchonline.com/funds/16289/,8,4,3,4,2,21,Moderate Risk,Average
HSBC Nifty 50 Index Dir,equity,equity,Direct,-1.77,9.6,10.01,BSE 100 TRI,-0.54,11.26,11.3,-1.51,0.95,0.29,13.77,9.84,1.12,INF917K01D12,151157,25,https://www.valueresearchonline.com/funds/40972/,4,4,4,4,2,18,Moderately High Risk,Average
HSBC Nifty Next 50 Index Dir,equity,equity,Direct,9.25,18.46,13.89,BSE 100 TRI,-0.54,11.26,11.3,6.42,1.28,0.69,20.07,19.68,1.31,INF917K01D79,151160,25,https://www.valueresearchonline.com/funds/40976/,12,6,1,2,2,23,Moderate Risk,Average
ICICI Pru BSE Sensex ETF,equity,equity,Direct,-4.05,8.04,9.36,BSE 100 TRI,-0.54,11.26,11.3,-3.3,0.94,0.15,13.67,7.97,0.94,INF346A01034,101705,25,https://www.valueresearchonline.com/funds/1512/,2,4,4,4,1,15,Moderately High Risk,Average
ICICI Pru BSE Sensex Index Dir,equity,equity,Direct,-4.24,7.81,9.1,BSE 100 TRI,-0.54,11.26,11.3,-3.51,0.93,0.14,13.66,7.76,0.91,INF109KB12X6,141842,25,https://www.valueresearchonline.com/funds/34649/,2,4,4,4,1,15,Moderately High Risk,Average
ICICI Pru Bharat 22 FOF Dir,equity,equity,Direct,10.81,22.09,25.13,BSE 100 TRI,-0.54,11.26,11.3,10.79,1.1,0.91,18.77,23.02,2.01,INF109KC1FX1,143903,1,https://www.valueresearchonline.com/funds/36693/,12,8,1,3,4,28,Low Risk,Good
ICICI Pru Large Cap Dir,equity,equity,Direct,0.06,14.5,14.22,BSE 100 TRI,-0.54,11.26,11.3,3.33,0.92,0.64,13.51,14.51,1.7,INF109K011O5,120596,25,https://www.valueresearchonline.com/funds/15841/,10,6,4,4,3,27,Low Risk,Good
ICICI Pru Nifty 100 ETF,equity,equity,Direct,-0.09,10.89,10.3,BSE 100 TRI,-0.54,11.26,11.3,-0.41,1.01,0.37,14.6,11.28,1.1,INF109KC16V9,123004,25,https://www.valueresearchonline.com/funds/20933/,4,4,3,3,2,16,Moderately High Risk,Average
ICICI Pru Nifty 100 Low Volatility 30 ETF,equity,equity,Direct,1.29,12.19,11.06,BSE 100 TRI,-0.54,11.26,11.3,1.59,0.94,0.49,14.48,12.91,1.21,INF109KC19U5,141596,25,https://www.valueresearchonline.com/funds/34396/,8,4,3,4,2,21,Moderate Risk,Average
ICICI Pru Nifty 100 Low Volatility 30 ETF FOF Dir,equity,equity,Direct,0.79,12,10.69,BSE 100 TRI,-0.54,11.26,11.3,1.57,0.9,0.49,13.97,12.64,1.22,INF109KC1P81,148822,1,https://www.valueresearchonline.com/funds/41399/,8,4,4,4,2,22,Moderate Risk,Average
ICICI Pru Nifty 50 ETF,equity,equity,Direct,-1.58,9.83,10.23,BSE 100 TRI,-0.54,11.26,11.3,-1.32,0.95,0.3,13.8,10.04,1.15,INF109K012R6,121366,25,https://www.valueresearchonline.com/funds/18653/,4,4,4,4,2,18,Moderately High Risk,Average
ICICI Pru Nifty 50 Index Dir,equity,equity,Direct,-1.77,9.58,9.99,BSE 100 TRI,-0.54,11.26,11.3,-1.55,0.95,0.29,13.78,9.81,1.12,INF109KB1NL1,135391,25,https://www.valueresearchonline.com/funds/15959/,4,4,4,4,2,18,Moderately High Risk,Average
ICICI Pru Nifty Next 50 ETF,equity,equity,Direct,9.68,19.06,14.45,BSE 100 TRI,-0.54,11.26,11.3,7.01,1.29,0.72,20.17,20.31,1.35,INF109KC1NS5,144587,25,https://www.valueresearchonline.com/funds/37322/,12,6,1,2,2,23,Moderate Risk,Average
ICICI Pru Nifty Next 50 Index Dir,equity,equity,Direct,9.31,18.61,14.06,BSE 100 TRI,-0.54,11.26,11.3,6.62,1.29,0.7,20.18,19.92,1.31,INF109K01Y80,120684,25,https://www.valueresearchonline.com/funds/15856/,12,6,1,2,2,23,Moderate Risk,Average
ICICI Pru Nifty Top 15 Equal Weight ETF,equity,equity,Direct,,,,BSE 100 TRI,,,,,,,,,,INF109K1A344,153617,15,https://www.valueresearchonline.com/funds/45235/,1,1,1,1,1,5,High Risk,Poor
ICICI Pru Nifty Top 15 Equal Weight Index Dir,equity,equity,Direct,,,,BSE 100 TRI,,,,,,,,,,INF109K1A310,153614,15,https://www.valueresearchonline.com/funds/45238/,1,1,1,1,1,5,High Risk,Poor
ICICI Pru Nifty50 Equal Weight Index Dir,equity,equity,Direct,5.93,14.54,,BSE 100 TRI,-0.54,11.26,,3.73,0.98,0.64,14.63,15.28,1.39,INF109KC10J7,150639,25,https://www.valueresearchonline.com/funds/42548/,10,6,3,4,2,25,Moderate Risk,Average
ITI Large Cap Dir,equity,equity,Direct,-0.28,12.33,10.88,BSE 100 TRI,-0.54,11.26,11.3,0.66,1.06,0.43,15.82,12.65,1.13,INF00XX01804,148353,25,https://www.valueresearchonline.com/funds/41210/,8,4,3,3,2,20,Moderate Risk,Average
Invesco India Largecap Dir,equity,equity,Direct,4.22,15.72,14.48,BSE 100 TRI,-0.54,11.26,11.3,3.76,1.06,0.63,15.72,15.76,1.34,INF205K01LB0,120392,25,https://www.valueresearchonline.com/funds/16712/,10,6,3,3,2,24,Moderate Risk,Average
Invesco India Nifty 50 ETF,equity,equity,Direct,-1.65,9.74,10.15,BSE 100 TRI,-0.54,11.26,11.3,-1.4,0.95,0.3,13.79,9.96,1.14,INF205K01KT4,120444,25,https://www.valueresearchonline.com/funds/12761/,4,4,4,4,2,18,Moderately High Risk,Average
JM Large Cap Dir,equity,equity,Direct,1.82,13.39,12.92,BSE 100 TRI,-0.54,11.26,11.3,2.27,1.02,0.53,15.42,14.05,1.27,INF192K01BZ0,120490,25,https://www.valueresearchonline.com/funds/16541/,10,6,3,3,2,24,Moderate Risk,Average
JioBlackRock Large Cap Dir,equity,equity,Direct,,,,BSE 100 TRI,,,,,,,,,,INF22M001176,154307,25,https://www.valueresearchonline.com/funds/45936/,1,1,1,1,1,5,High Risk,Poor
JioBlackRock Nifty 50 Index Dir,equity,equity,Direct,,,,BSE 100 TRI,,,,,,,,,,INF22M001044,153787,25,https://www.valueresearchonline.com/funds/45423/,1,1,1,1,1,5,High Risk,Poor
JioBlackRock Nifty Next 50 Index Dir,equity,equity,Direct,,,,BSE 100 TRI,,,,,,,,,,INF22M001085,153789,25,https://www.valueresearchonline.com/funds/45425/,1,1,1,1,1,5,High Risk,Poor
Kotak BSE Sensex ETF,equity,equity,Direct,-4.17,7.81,9.12,BSE 100 TRI,-0.54,11.26,11.3,-3.51,0.93,0.14,13.66,7.76,0.91,INF174KA1JD7,109010,25,https://www.valueresearchonline.com/funds/7780/,2,4,4,4,1,15,Moderately High Risk,Average
Kotak BSE Sensex Index Dir,equity,equity,Direct,-4.35,,,BSE 100 TRI,-0.54,,,,,,,,,INF174KA1UV6,153286,25,https://www.valueresearchonline.com/funds/44908/,1,1,1,1,1,5,High Risk,Poor
Kotak Large Cap Dir,equity,equity,Direct,0.54,12.99,12.04,BSE 100 TRI,-0.54,11.26,11.3,1.44,0.97,0.5,14.19,12.94,1.28,INF174K01KW6,120152,25,https://www.valueresearchonline.com/funds/16337/,8,6,3,4,2,23,Moderate Risk,Average
Kotak Nifty 100 Equal Weight ETF,equity,equity,Direct,8.02,,,BSE 100 TRI,-0.54,,,,,,,,,INF174KA1UW4,153315,25,https://www.valueresearchonline.com/funds/44953/,1,1,1,1,1,5,High Risk,Poor
Kotak Nifty 100 Equal Weight Index Dir,equity,equity,Direct,7.85,,,BSE 100 TRI,-0.54,,,,,,,,,INF174KA1TY2,153146,25,https://www.valueresearchonline.com/funds/44796/,1,1,1,1,1,5,High Risk,Poor
Kotak Nifty 100 Low Volatility 30 ETF,equity,equity,Direct,1.64,12.55,,BSE 100 TRI,-0.54,11.26,,1.89,0.94,0.51,14.47,13.21,1.24,INF174KA1IY5,150000,25,https://www.valueresearchonline.com/funds/42184/,8,6,3,4,2,23,Moderate Risk,Average
Kotak Nifty 100 Low Volatility 30 Index Dir,equity,equity,Direct,1.27,,,BSE 100 TRI,-0.54,,,,,,,,,INF174KA1RZ3,152663,25,https://www.valueresearchonline.com/funds/44351/,1,1,1,1,1,5,High Risk,Poor
Kotak Nifty 50 ETF,equity,equity,Direct,-1.57,9.78,10.16,BSE 100 TRI,-0.54,11.26,11.3,-1.36,0.95,0.3,13.8,10,1.14,INF174K014P6,112351,25,https://www.valueresearchonline.com/funds/10843/,4,4,4,4,2,18,Moderately High Risk,Average
Kotak Nifty 50 Equal Weight Index Dir,equity,equity,Direct,5.81,,,BSE 100 TRI,-0.54,,,,,,,,,INF174KA1UE2,153150,25,https://www.valueresearchonline.com/funds/44800/,1,1,1,1,1,5,High Risk,Poor
Kotak Nifty 50 Index Dir,equity,equity,Direct,-1.68,9.52,,BSE 100 TRI,-0.54,11.26,,-1.61,0.95,0.28,13.78,9.75,1.11,INF174KA1HB5,148976,25,https://www.valueresearchonline.com/funds/41517/,4,4,4,4,2,18,Moderately High Risk,Average
Kotak Nifty Next 50 ETF,equity,equity,Direct,,,,BSE 100 TRI,,,,,,,,,,INF174KA1YO3,154101,25,https://www.valueresearchonline.com/funds/45721/,1,1,1,1,1,5,High Risk,Poor
Kotak Nifty Next 50 Index Dir,equity,equity,Direct,9.47,18.81,14.35,BSE 100 TRI,-0.54,11.26,11.3,6.81,1.28,0.71,20.1,20.08,1.33,INF174KA1GA9,148745,25,https://www.valueresearchonline.com/funds/41327/,12,6,1,2,2,23,Moderate Risk,Average
Kotak Nifty Top 10 Equal Weight Index Dir,equity,equity,Direct,-9.81,,,BSE 100 TRI,-0.54,,,,,,,,,INF174KA1WD0,153461,10,https://www.valueresearchonline.com/funds/45101/,1,1,1,1,1,5,High Risk,Poor
LIC MF BSE Sensex ETF,equity,equity,Direct,-4.14,7.92,9.25,BSE 100 TRI,-0.54,11.26,11.3,-3.41,0.93,0.15,13.67,7.86,0.93,INF767K01GI4,120338,25,https://www.valueresearchonline.com/funds/31256/,2,4,4,4,1,15,Moderately High Risk,Average
LIC MF BSE Sensex Index Dir,equity,equity,Direct,-4.64,7.52,8.91,BSE 100 TRI,-0.54,11.26,11.3,-3.76,0.93,0.12,13.62,7.49,0.87,INF767K01FJ4,120308,25,https://www.valueresearchonline.com/funds/16798/,2,4,4,4,1,15,Moderately High Risk,Average
LIC MF Large Cap Dir,equity,equity,Direct,-3.53,9.61,9.54,BSE 100 TRI,-0.54,11.26,11.3,-1.94,1.02,0.27,14.98,9.85,0.86,INF767K01EJ7,120267,25,https://www.valueresearchonline.com/funds/16781/,4,4,3,3,1,15,Moderately High Risk,Average
LIC MF Nifty 100 ETF,equity,equity,Direct,0.2,11.09,10.54,BSE 100 TRI,-0.54,11.26,11.3,-0.26,1.01,0.38,14.58,11.43,1.12,INF767K01PC8,136473,25,https://www.valueresearchonline.com/funds/32018/,4,4,3,3,2,16,Moderately High Risk,Average
LIC MF Nifty 50 ETF,equity,equity,Direct,-1.65,9.72,10.15,BSE 100 TRI,-0.54,11.26,11.3,-1.42,0.95,0.3,13.79,9.94,1.13,INF767K01OS7,135607,25,https://www.valueresearchonline.com/funds/31217/,4,4,4,4,2,18,Moderately High Risk,Average
LIC MF Nifty 50 Index Dir,equity,equity,Direct,-2.15,9.43,9.88,BSE 100 TRI,-0.54,11.26,11.3,-1.68,0.95,0.28,13.79,9.68,1.1,INF767K01FF2,120307,25,https://www.valueresearchonline.com/funds/16763/,4,4,4,4,2,18,Moderately High Risk,Average
LIC MF Nifty Next 50 Index Dir,equity,equity,Direct,10.13,18.87,14.29,BSE 100 TRI,-0.54,11.26,11.3,6.67,1.28,0.7,20.09,19.94,1.32,INF397L01AW2,151937,25,https://www.valueresearchonline.com/funds/16528/,12,6,1,2,2,23,Moderate Risk,Average
Mahindra Manulife Large Cap Dir,equity,equity,Direct,-2.33,11.75,11.2,BSE 100 TRI,-0.54,11.26,11.3,0.71,0.97,0.44,14.23,12.15,1.38,INF174V01747,146550,25,https://www.valueresearchonline.com/funds/39224/,8,4,3,4,2,21,Moderate Risk,Average
Mirae Asset BSE Sensex ETF,equity,equity,Direct,-4.09,,,BSE 100 TRI,-0.54,,,,,,,,,INF769K01GK6,148529,25,https://www.valueresearchonline.com/funds/43803/,1,1,1,1,1,5,High Risk,Poor
Mirae Asset Diversified Equity Allocator Passive FoF Dir,equity,equity,Direct,1.94,12.86,12.02,BSE 100 TRI,-0.54,11.26,11.3,1.59,1.04,0.5,15.08,13.45,1.21,INF769K01GE9,148500,3,https://www.valueresearchonline.com/funds/41121/,8,6,3,3,2,22,Moderate Risk,Average
Mirae Asset Large Cap Dir,equity,equity,Direct,1.08,11.13,10.68,BSE 100 TRI,-0.54,11.26,11.3,-0.2,0.97,0.38,14.15,11.26,1.12,INF769K01AX2,118825,25,https://www.valueresearchonline.com/funds/16575/,4,4,3,4,2,17,Moderately High Risk,Average
Mirae Asset Nifty 100 Low Volatility 30 ETF,equity,equity,Direct,1.33,12.33,,BSE 100 TRI,-0.54,11.26,,1.71,0.94,0.49,14.47,13.03,,INF769K01CM1,118859,25,https://www.valueresearchonline.com/funds/43284/,8,4,3,4,1,20,Moderate Risk,Average
Mirae Asset Nifty 50 ETF,equity,equity,Direct,-1.6,9.8,10.21,BSE 100 TRI,-0.54,11.26,11.3,-1.34,0.95,0.3,13.8,10.02,1.14,INF769K01EG9,145633,25,https://www.valueresearchonline.com/funds/38323/,4,4,4,4,2,18,Moderately High Risk,Average
Mirae Asset Nifty 50 Index Dir,equity,equity,Direct,-1.77,,,BSE 100 TRI,-0.54,,,,,,,,,INF769K01MQ1,152972,25,https://www.valueresearchonline.com/funds/44620/,1,1,1,1,1,5,High Risk,Poor
Mirae Asset Nifty Next 50 ETF,equity,equity,Direct,9.67,19.02,14.39,BSE 100 TRI,-0.54,11.26,11.3,6.97,1.29,0.71,20.17,20.27,1.34,INF769K01FN2,147906,25,https://www.valueresearchonline.com/funds/40538/,12,6,1,2,2,23,Moderate Risk,Average
Mirae Asset Nifty Top 20 Equal Wght ETF,equity,equity,Direct,,,,BSE 100 TRI,,,,,,,,,,INF179K01XW8,119131,20,https://www.valueresearchonline.com/funds/45679/,1,1,1,1,1,5,High Risk,Poor
Mirae Asset Nifty50 Equal Wght ETF,equity,equity,Direct,5.99,,,BSE 100 TRI,-0.54,,,,,,,,,INF769K01OO2,153519,25,https://www.valueresearchonline.com/funds/45149/,1,1,1,1,1,5,High Risk,Poor
Motilal Oswal Large Cap Dir,equity,equity,Direct,0.37,,,BSE 100 TRI,-0.54,,,,,,,,,INF247L01CE3,152354,25,https://www.valueresearchonline.com/funds/44064/,1,1,1,1,1,5,High Risk,Poor
Motilal Oswal Nifty 100 ETF,equity,equity,Direct,,,,BSE 100 TRI,,,,,,,,,,INF247L01GG9,153928,25,https://www.valueresearchonline.com/funds/45555/,1,1,1,1,1,5,High Risk,Poor
Motilal Oswal Nifty 50 ETF,equity,equity,Direct,-1.59,9.81,10.21,BSE 100 TRI,-0.54,11.26,11.3,-1.34,0.95,0.3,13.8,10.02,1.14,INF247L01536,113069,25,https://www.valueresearchonline.com/funds/11348/,4,4,4,4,2,18,Moderately High Risk,Average
Motilal Oswal Nifty 50 Equal Weight ETF,equity,equity,Direct,6.25,,,BSE 100 TRI,-0.54,,,,,,,,,INF247L01FC0,153532,25,https://www.valueresearchonline.com/funds/45170/,1,1,1,1,1,5,High Risk,Poor
Motilal Oswal Nifty 50 Index Dir,equity,equity,Direct,-1.69,9.68,10.04,BSE 100 TRI,-0.54,11.26,11.3,-1.46,0.95,0.29,13.8,9.9,1.13,INF247L01AE7,147794,25,https://www.valueresearchonline.com/funds/40471/,4,4,4,4,2,18,Moderately High Risk,Average
Motilal Oswal Nifty Next 50 ETF,equity,equity,Direct,9.24,,,BSE 100 TRI,-0.54,,,,,,,,,INF247L01FD8,153535,25,https://www.valueresearchonline.com/funds/45175/,1,1,1,1,1,5,High Risk,Poor
Motilal Oswal Nifty Next 50 Index Dir,equity,equity,Direct,9.47,18.78,14.19,BSE 100 TRI,-0.54,11.26,11.3,6.76,1.28,0.7,20.15,20.06,1.33,INF247L01AC1,147796,25,https://www.valueresearchonline.com/funds/40469/,12,6,1,2,2,23,Moderate Risk,Average
Navi BSE Sensex Index Dir,equity,equity,Direct,-4.32,,,BSE 100 TRI,-0.54,,,,,,,,,INF959L01HK9,152062,25,https://www.valueresearchonline.com/funds/43745/,1,1,1,1,1,5,High Risk,Poor
Navi Nifty 50 Index Dir,equity,equity,Direct,-1.67,9.66,,BSE 100 TRI,-0.54,11.26,,-1.47,0.95,0.29,13.8,9.89,1.13,INF959L01FP2,149039,25,https://www.valueresearchonline.com/funds/41574/,4,4,4,4,2,18,Moderately High Risk,Average
Navi Nifty Next 50 Index Dir,equity,equity,Direct,9.36,18.68,,BSE 100 TRI,-0.54,11.26,,6.69,1.28,0.7,20.14,19.98,1.32,INF959L01FR8,149447,25,https://www.valueresearchonline.com/funds/41937/,12,6,1,2,2,23,Moderate Risk,Average
Nippon India BSE Sensex Next 30 ETF,equity,equity,Direct,11.17,,,BSE 100 TRI,-0.54,,,,,,,,,INF204KC1EZ3,153569,25,https://www.valueresearchonline.com/funds/45190/,1,1,1,1,1,5,High Risk,Poor
Nippon India BSE Sensex Next 30 Index Dir,equity,equity,Direct,10.94,,,BSE 100 TRI,-0.54,,,,,,,,,INF204KC1FD7,153567,25,https://www.valueresearchonline.com/funds/45197/,1,1,1,1,1,5,High Risk,Poor
Nippon India ETF BSE Sensex,equity,equity,Direct,-4.07,8.03,9.33,BSE 100 TRI,-0.54,11.26,11.3,-3.31,0.93,0.15,13.66,7.97,0.94,INF204KA1UN7,131331,25,https://www.valueresearchonline.com/funds/28136/,2,4,4,4,1,15,Moderately High Risk,Average
Nippon India ETF BSE Sensex Next 50,equity,equity,Direct,5.91,18.42,16.07,BSE 100 TRI,-0.54,11.26,11.3,6.35,1.19,0.74,17.87,19.09,1.5,INF204KB15D0,147579,25,https://www.valueresearchonline.com/funds/40191/,12,6,2,2,3,25,Moderate Risk,Average
Nippon India ETF Nifty 100,equity,equity,Direct,-0.12,10.85,10.26,BSE 100 TRI,-0.54,11.26,11.3,-0.45,1.01,0.37,14.58,11.24,1.1,INF090I01KR8,129008,25,https://www.valueresearchonline.com/funds/18234/,4,4,3,3,2,16,Moderately High Risk,Average
Nippon India ETF Nifty 50 BeES,equity,equity,Direct,-1.59,9.82,10.22,BSE 100 TRI,-0.54,11.26,11.3,-1.33,0.95,0.3,13.8,10.03,1.15,INF204KB14I2,140084,25,https://www.valueresearchonline.com/funds/1171/,4,4,4,4,2,18,Moderately High Risk,Average
Nippon India ETF Nifty 50 Shariah BeES,equity,equity,Direct,-9.65,3.51,2.65,BSE 100 TRI,-0.54,11.26,11.3,-5.65,0.91,-0.02,16.03,5.49,0.12,INF090I01VZ8,148304,17,https://www.valueresearchonline.com/funds/10218/,2,1,2,4,1,10,High Risk,Poor
Nippon India ETF Nifty Next 50 Junior BeES,equity,equity,Direct,9.6,18.97,14.36,BSE 100 TRI,-0.54,11.26,11.3,6.93,1.29,0.71,20.16,20.23,1.34,INF732E01045,140085,25,https://www.valueresearchonline.com/funds/1545/,12,6,1,2,2,23,Moderate Risk,Average
Nippon India Index BSE Sensex Plan Dir,equity,equity,Direct,-4.23,7.81,9.15,BSE 100 TRI,-0.54,11.26,11.3,-3.51,0.93,0.14,13.65,7.76,0.91,INF204K01K80,118791,25,https://www.valueresearchonline.com/funds/16859/,2,4,4,4,1,15,Moderately High Risk,Average
Nippon India Index-Nifty 50 Plan Dir,equity,equity,Direct,-1.66,9.66,10.03,BSE 100 TRI,-0.54,11.26,11.3,-1.48,0.95,0.29,13.78,9.87,1.12,INF204K01H36,118741,25,https://www.valueresearchonline.com/funds/16856/,4,4,4,4,2,18,Moderately High Risk,Average
Nippon India Large Cap Dir,equity,equity,Direct,1.25,14.95,16.42,BSE 100 TRI,-0.54,11.26,11.3,3.66,0.96,0.65,14.16,15.08,1.73,INF204K01XI3,118632,25,https://www.valueresearchonline.com/funds/16192/,10,6,3,4,3,26,Moderate Risk,Average
Nippon India Nifty Next 50 Junior BeES FoF Dir,equity,equity,Direct,9.38,18.9,14.18,BSE 100 TRI,-0.54,11.26,11.3,6.98,1.27,0.72,19.94,20.18,1.34,INF204KB1X25,146513,1,https://www.valueresearchonline.com/funds/39157/,12,6,1,2,2,23,Moderate Risk,Average
PGIM India Large Cap Dir,equity,equity,Direct,-0.54,9.42,8.99,BSE 100 TRI,-0.54,11.26,11.3,-1.76,0.96,0.27,14.13,9.68,0.88,INF663L01GR4,138312,25,https://www.valueresearchonline.com/funds/15574/,4,4,3,4,1,16,Moderately High Risk,Average
Parag Parikh Large Cap Dir,equity,equity,Direct,,,,BSE 100 TRI,,,,,,,,,,INF879O01332,154155,25,https://www.valueresearchonline.com/funds/45775/,1,1,1,1,1,5,High Risk,Poor
Quant Focused Dir,equity,equity,Direct,9.72,17.15,15.01,BSE 100 TRI,-0.54,11.26,11.3,6.1,1.22,0.66,19.78,19.02,1.17,INF966L01853,120834,11,https://www.valueresearchonline.com/funds/17373/,12,6,1,2,2,23,Moderate Risk,Average
Quant Large Cap Dir,equity,equity,Direct,8.68,16.88,,BSE 100 TRI,-0.54,11.26,,5.97,1.15,0.69,18.23,18.48,1.42,INF966L01AT0,150440,13,https://www.valueresearchonline.com/funds/42367/,12,6,1,3,2,24,Moderate Risk,Average
Quantum Nifty 50 ETF,equity,equity,Direct,-1.65,9.75,10.17,BSE 100 TRI,-0.54,11.26,11.3,-1.39,0.95,0.3,13.8,9.97,1.14,INF082J01499,108479,25,https://www.valueresearchonline.com/funds/7834/,4,4,4,4,2,18,Moderately High Risk,Average
Quantum Nifty 50 ETF FoF-Dir,equity,equity,Direct,-2.39,9.56,,BSE 100 TRI*,-0.54,11.26,,-1.3,0.94,0.3,13.59,9.98,1.12,INF082J01416,150390,1,https://www.valueresearchonline.com/funds/42346/,4,4,4,4,2,18,Moderately High Risk,Average
SBI BSE 100 ETF,equity,equity,Direct,-0.1,11.22,11.24,BSE 100 TRI,-0.54,11.26,11.3,-0.15,1,0.39,14.45,11.5,1.16,INF200KA1572,134014,25,https://www.valueresearchonline.com/funds/29714/,4,4,3,4,2,17,Moderately High Risk,Average
SBI BSE Sensex ETF,equity,equity,Direct,-4.07,7.99,9.31,BSE 100 TRI,-0.54,11.26,11.3,-3.34,0.94,0.15,13.67,7.93,0.94,INF200K01VT2,121109,25,https://www.valueresearchonline.com/funds/18077/,2,4,4,4,1,15,Moderately High Risk,Average
SBI BSE Sensex Index Dir,equity,equity,Direct,-4.35,7.74,,BSE 100 TRI,-0.54,11.26,,-3.58,0.93,0.13,13.65,7.69,,INF200KA16Y4,151769,25,https://www.valueresearchonline.com/funds/43526/,2,4,4,4,1,15,Moderately High Risk,Average
SBI BSE Sensex Next 50 ETF,equity,equity,Direct,6.03,18.57,16.27,BSE 100 TRI,-0.54,11.26,11.3,6.47,1.19,0.75,17.91,19.23,1.51,INF200KA1VQ2,144916,25,https://www.valueresearchonline.com/funds/37639/,12,8,2,2,3,27,Low Risk,Good
SBI Large Cap Dir,equity,equity,Direct,3.68,11.73,12.33,BSE 100 TRI,-0.54,11.26,11.3,0.61,0.94,0.44,13.78,11.89,1.36,INF200K01QX4,119598,25,https://www.valueresearchonline.com/funds/16198/,8,4,4,4,2,22,Moderate Risk,Average
SBI Nifty 50 ETF,equity,equity,Direct,-1.6,9.8,10.2,BSE 100 TRI,-0.54,11.26,11.3,-1.34,0.95,0.3,13.8,10.02,1.14,INF200KA1FS1,135106,25,https://www.valueresearchonline.com/funds/30710/,4,4,4,4,2,18,Moderately High Risk,Average
SBI Nifty 50 Equal Weight ETF,equity,equity,Direct,6.12,,,BSE 100 TRI,-0.54,,,,,,,,,INF200K01SH3,119707,25,https://www.valueresearchonline.com/funds/44433/,1,1,1,1,1,5,High Risk,Poor
SBI Nifty Index Dir,equity,equity,Direct,-1.81,9.59,9.99,BSE 100 TRI,-0.54,11.26,11.3,-1.54,0.95,0.29,13.81,9.82,1.12,INF200K01TE8,119827,25,https://www.valueresearchonline.com/funds/16233/,4,4,4,4,2,18,Moderately High Risk,Average
SBI Nifty Next 50 ETF,equity,equity,Direct,9.73,19.04,14.41,BSE 100 TRI,-0.54,11.26,11.3,6.97,1.29,0.71,20.18,20.27,1.34,INF200K01SV4,119798,25,https://www.valueresearchonline.com/funds/29715/,12,6,1,2,2,23,Moderate Risk,Average
SBI Nifty Next 50 Index Dir,equity,equity,Direct,9.39,18.75,14.18,BSE 100 TRI,-0.54,11.26,11.3,6.74,1.29,0.7,20.17,20.04,1.32,INF200KA1W00,148945,25,https://www.valueresearchonline.com/funds/41492/,12,6,1,2,2,23,Moderate Risk,Average
SBI Nifty100 Low Volatility 30 Index Dir,equity,equity,Direct,,,,BSE 100 TRI,,,,,,,,,,INF200KB1936,153718,25,https://www.valueresearchonline.com/funds/45361/,1,1,1,1,1,5,High Risk,Poor
SBI Nifty50 Equal Weight Index Dir,equity,equity,Direct,5.93,,,BSE 100 TRI,-0.54,,,,,,,,,INF200KB1027,152370,25,https://www.valueresearchonline.com/funds/44075/,1,1,1,1,1,5,High Risk,Poor
Samco Large Cap Dir,equity,equity,Direct,-4.78,,,BSE 100 TRI,-0.54,,,,,,,,,INF0K1H01255,153239,25,https://www.valueresearchonline.com/funds/45017/,1,1,1,1,1,5,High Risk,Poor
Sundaram Large Cap Dir,equity,equity,Direct,-0.11,10.46,10.81,BSE 100 TRI,-0.54,11.26,11.3,-0.66,0.88,0.34,12.92,10.3,1.18,INF0K1H01255,153239,25,https://www.valueresearchonline.com/funds/41104/,4,4,4,4,2,18,Moderately High Risk,Average
Sundaram Nifty 100 Equal Weight Dir,equity,equity,Direct,7.85,16.42,13.53,BSE 100 TRI,-0.54,11.26,11.3,5.05,1.11,0.69,16.62,17.32,1.45,,140453,25,https://www.valueresearchonline.com/funds/16608/,12,6,2,3,2,25,Moderate Risk,Average
Tata BSE Sensex Index Dir,equity,equity,Direct,-4.35,7.68,8.95,BSE 100 TRI,-0.54,11.26,11.3,-3.63,0.93,0.13,13.66,7.64,0.89,INF277K01PK1,119287,25,https://www.valueresearchonline.com/funds/16955/,2,4,4,4,1,15,Moderately High Risk,Average
Tata Large Cap Dir,equity,equity,Direct,3.09,12.85,12.42,BSE 100 TRI,-0.54,11.26,11.3,1.69,1.01,0.51,14.82,13.41,1.3,INF277K01QZ7,119160,25,https://www.valueresearchonline.com/funds/16729/,8,6,3,3,2,22,Moderate Risk,Average
Tata Nifty 50 ETF,equity,equity,Direct,-1.64,9.74,10.16,BSE 100 TRI,-0.54,11.26,11.3,-1.4,0.95,0.3,13.8,9.96,1.13,INF277KA1224,149361,25,https://www.valueresearchonline.com/funds/38578/,4,4,4,4,2,18,Moderately High Risk,Average
Tata Nifty 50 Index Dir,equity,equity,Direct,-1.85,9.51,9.96,BSE 100 TRI,-0.54,11.26,11.3,-1.62,0.95,0.28,13.8,9.74,1.1,INF277K01PJ3,119288,25,https://www.valueresearchonline.com/funds/16954/,4,4,4,4,2,18,Moderately High Risk,Average
Tata Nifty Next 50 Index Dir,equity,equity,Direct,,,,BSE 100 TRI,,,,,,,,,,INF277KA1EJ1,153858,25,https://www.valueresearchonline.com/funds/45494/,1,1,1,1,1,5,High Risk,Poor
Taurus Large Cap Dir,equity,equity,Direct,1.25,12.99,10.74,BSE 100 TRI,-0.54,11.26,11.3,1.36,0.95,0.47,14.54,12.74,1.27,INF044D01BX3,118870,25,https://www.valueresearchonline.com/funds/17027/,8,4,3,4,2,21,Moderate Risk,Average
Taurus Nifty 50 Index Dir,equity,equity,Direct,-2.43,8.74,9.2,BSE 100 TRI,-0.54,11.26,11.3,-2.28,0.94,0.23,13.66,9.02,1.01,INF044D01CQ5,118881,25,https://www.valueresearchonline.com/funds/17039/,2,4,4,4,2,16,Moderately High Risk,Average
UTI BSE Sensex ETF,equity,equity,Direct,-4.05,8,9.32,BSE 100 TRI,-0.54,11.26,11.3,-3.34,0.94,0.15,13.67,7.94,0.94,INF789FB1X58,135321,25,https://www.valueresearchonline.com/funds/30885/,2,4,4,4,1,15,Moderately High Risk,Average
UTI BSE Sensex Index Dir,equity,equity,Direct,-4.22,7.8,,BSE 100 TRI,-0.54,11.26,,-3.52,0.93,0.14,13.66,7.75,0.91,INF789F1AVD7,149803,25,https://www.valueresearchonline.com/funds/42038/,2,4,4,4,1,15,Moderately High Risk,Average
UTI BSE Sensex Next 50 ETF,equity,equity,Direct,6.07,18.61,16.28,BSE 100 TRI,-0.54,11.26,11.3,6.52,1.19,0.75,17.9,19.27,1.52,INF200KA1VQ2,144916,25,https://www.valueresearchonline.com/funds/39221/,12,8,2,2,3,27,Low Risk,Good
UTI Large Cap Dir,equity,equity,Direct,-2.78,9.85,9.53,BSE 100 TRI,-0.54,11.26,11.3,-0.97,0.93,0.32,13.67,10.29,1.03,INF789F01US8,120656,25,https://www.valueresearchonline.com/funds/15789/,4,4,4,4,2,18,Moderately High Risk,Average
UTI NIFTY50 Equal Wght Index Dir,equity,equity,Direct,6.05,14.44,,BSE 100 TRI,-0.54,11.26,,,,,,,,INF789F1AYP5,151762,25,https://www.valueresearchonline.com/funds/43523/,1,1,1,1,1,5,High Risk,Poor
UTI Nifty 50 ETF,equity,equity,Direct,-1.57,9.81,10.21,BSE 100 TRI,-0.54,11.26,11.3,-1.33,0.95,0.3,13.8,10.03,1.15,INF789F1AZC0,135320,25,https://www.valueresearchonline.com/funds/30886/,4,4,4,4,2,18,Moderately High Risk,Average
UTI Nifty 50 Index Dir,equity,equity,Direct,-1.74,9.63,10.02,BSE 100 TRI,-0.54,11.26,11.3,-1.51,0.95,0.29,13.8,9.85,1.12,INF789F01XA0,120716,25,https://www.valueresearchonline.com/funds/15830/,4,4,4,4,2,18,Moderately High Risk,Average
UTI Nifty Next 50 ETF,equity,equity,Direct,9.81,19.11,14.48,BSE 100 TRI,-0.54,11.26,11.3,7.02,1.29,0.72,20.17,20.32,1.35,INF200KA1598,134013,25,https://www.valueresearchonline.com/funds/34503/,12,6,1,2,2,23,Moderate Risk,Average
UTI Nifty Next 50 Index Dir,equity,equity,Direct,9.44,18.79,14.18,BSE 100 TRI,-0.54,11.26,11.3,6.78,1.28,0.7,20.16,20.08,1.33,INF789FC12T1,143341,25,https://www.valueresearchonline.com/funds/36491/,12,6,1,2,2,23,Moderate Risk,Average
Union Largecap Dir,equity,equity,Direct,0.69,10.64,10.34,BSE 100 TRI,-0.54,11.26,11.3,-0.29,0.93,0.37,13.79,10.97,1.1,INF582M01CU7,141248,25,https://www.valueresearchonline.com/funds/34082/,4,4,4,4,2,18,Moderately High Risk,Average
WhiteOak Capital Large Cap Dir,equity,equity,Direct,2,15.05,,BSE 100 TRI,-0.54,11.26,,3.8,0.93,0.67,13.59,15.02,1.67,INF03VN01696,150797,25,https://www.valueresearchonline.com/funds/42713/,10,6,4,4,3,27,Low Risk,Good
Zerodha BSE SENSEX Index Dir,equity,equity,Direct,,,,BSE 100 TRI,,,,,,,,,,INF174KA1UQ6,153287,25,https://www.valueresearchonline.com/funds/45565/,1,1,1,1,1,5,High Risk,Poor
Zerodha Nifty 100 ETF,equity,equity,Direct,0.3,,,BSE 100 TRI,-0.54,,,,,,,,,INF0R8F01067,152667,25,https://www.valueresearchonline.com/funds/44358/,1,1,1,1,1,5,High Risk,Poor
Zerodha Nifty 50 ETF,equity,equity,Direct,,,,BSE 100 TRI,,,,,,,,,,INF0R8F01166,153905,25,https://www.valueresearchonline.com/funds/45534/,1,1,1,1,1,5,High Risk,Poor
Zerodha Nifty 50 Index Dir,equity,equity,Direct,,,,BSE 100 TRI,,,,,,,,,,INF0R8F01158,153906,25,https://www.valueresearchonline.com/funds/45533/,1,1,1,1,1,5,High Risk,Poor
ABSL Mid Cap Dir,equity,equity,Direct,7.02,19.23,17.28,BSE 150 MidCap TRI,4.99,19.78,17.6,-0.89,0.97,0.76,18.17,19.64,1.47,INF209K01Q30,119620,25,https://www.valueresearchonline.com/funds/15870/,4,8,1,4,2,19,Moderately High Risk,Average
ABSL Nifty Midcap 150 Index Dir,equity,equity,Direct,7.43,20.46,18.44,BSE 150 MidCap TRI,4.99,19.78,17.6,0.42,1,0.85,18.37,21.48,1.47,INF209KB1W74,148807,25,https://www.valueresearchonline.com/funds/41385/,8,8,1,4,2,23,Moderate Risk,Average
Axis Midcap Dir,equity,equity,Direct,7.59,18.26,16.02,BSE 150 MidCap TRI,4.99,19.78,17.6,0.07,0.84,0.79,16.26,18.68,1.35,INF846K01EH3,120505,25,https://www.valueresearchonline.com/funds/15690/,8,8,2,5,2,25,Moderate Risk,Average
Axis Nifty Midcap 50 Index Dir,equity,equity,Direct,8.43,21.47,,BSE 150 MidCap TRI,4.99,19.78,,0.96,1.01,0.87,18.81,22.15,1.51,INF846K019H0,149936,25,https://www.valueresearchonline.com/funds/42158/,8,8,1,3,3,23,Moderate Risk,Average
Bandhan Midcap Dir,equity,equity,Direct,10.04,20.83,,BSE 150 MidCap TRI,4.99,19.78,,0.44,0.97,0.81,18.68,21.03,1.18,INF194KB1DJ2,150404,25,https://www.valueresearchonline.com/funds/42342/,8,8,1,4,2,23,Moderate Risk,Average
Bandhan Nifty Midcap 150 Index Dir,equity,equity,Direct,7.43,,,BSE 150 MidCap TRI,4.99,,,,,,,,,INF194KB1IT0,152855,25,https://www.valueresearchonline.com/funds/44531/,1,1,1,1,1,5,High Risk,Poor
Bank of India Mid Cap Dir,equity,equity,Direct,,,,BSE 150 MidCap TRI,,,,,,,,,,INF761K01GY4,153728,25,https://www.valueresearchonline.com/funds/45385/,1,1,1,1,1,5,High Risk,Poor
Baroda BNP Paribas Midcap Dir,equity,equity,Direct,12.09,21.3,18.34,BSE 150 MidCap TRI,4.99,19.78,17.6,2.97,0.85,1.01,15.74,21.72,1.5,INF251K01HQ0,150212,25,https://www.valueresearchonline.com/funds/15726/,10,10,3,5,3,31,Low Risk,Good
Baroda BNP Paribas Nifty Midcap 150 Index Dir,equity,equity,Direct,7.14,,,BSE 150 MidCap TRI,4.99,,,,,,,,,INF251K01UA7,153000,25,https://www.valueresearchonline.com/funds/44651/,1,1,1,1,1,5,High Risk,Poor
Canara Robeco Mid Cap Dir,equity,equity,Direct,7.58,19.56,,BSE 150 MidCap TRI,4.99,19.78,,0.5,0.92,0.83,17.36,20.32,1.4,INF760K01KI1,150817,25,https://www.valueresearchonline.com/funds/42705/,8,8,2,4,2,24,Moderate Risk,Average
DSP Midcap Dir,equity,equity,Direct,6.99,18.89,13.61,BSE 150 MidCap TRI,4.99,19.78,17.6,-0.84,0.97,0.75,18.25,19.62,1.37,INF740K01PX1,119071,25,https://www.valueresearchonline.com/funds/16438/,4,8,1,4,2,19,Moderately High Risk,Average
DSP Nifty Midcap 150 ETF,equity,equity,Direct,,,,BSE 150 MidCap TRI,,,,,,,,,,INF740KA1WW5,154025,25,https://www.valueresearchonline.com/funds/45652/,1,1,1,1,1,5,High Risk,Poor
DSP Nifty Midcap 150 Index Dir,equity,equity,Direct,,,,BSE 150 MidCap TRI,,,,,,,,,,INF740KA1XB7,154014,25,https://www.valueresearchonline.com/funds/45650/,1,1,1,1,1,5,High Risk,Poor
DSP Nifty Midcap 150 Quality 50 ETF,equity,equity,Direct,0.01,13.01,,BSE 150 MidCap TRI,4.99,19.78,,-5.96,0.92,0.46,17.25,13.76,0.88,INF740KA1QL0,149403,25,https://www.valueresearchonline.com/funds/41902/,2,4,2,4,1,13,Moderately High Risk,Average
DSP Nifty Midcap 150 Quality 50 Index Dir,equity,equity,Direct,0,13.01,,BSE 150 MidCap TRI,4.99,19.78,,-5.96,0.92,0.46,17.25,13.75,0.89,INF740KA1RB9,150428,25,https://www.valueresearchonline.com/funds/42316/,2,4,2,4,1,13,Moderately High Risk,Average
Edelweiss Mid Cap Dir,equity,equity,Direct,7.95,24,21.22,BSE 150 MidCap TRI,4.99,19.78,17.6,4.07,0.95,1.03,17.78,24.23,1.67,INF843K01AO4,140228,25,https://www.valueresearchonline.com/funds/16586/,12,10,2,4,3,31,Low Risk,Good
Edelweiss Nifty Midcap150 Momentum 50 Index Dir,equity,equity,Direct,3.07,20.83,,BSE 150 MidCap TRI,4.99,19.78,,0.01,1.06,0.8,20.14,21.9,1.29,INF754K01QD2,150902,25,https://www.valueresearchonline.com/funds/42812/,8,8,1,3,2,22,Moderate Risk,Average
Franklin India Mid Cap Dir,equity,equity,Direct,1.93,18.68,16.12,BSE 150 MidCap TRI,4.99,19.78,17.6,-0.62,0.93,0.78,17.28,19.28,1.46,INF090I01FH9,118533,25,https://www.valueresearchonline.com/funds/16003/,4,8,2,4,2,20,Moderate Risk,Average
Groww Nifty Midcap 150 ETF,equity,equity,Direct,,,,BSE 150 MidCap TRI,,,,,,,,,,INF666M01MV5,153940,25,https://www.valueresearchonline.com/funds/45580/,1,1,1,1,1,5,High Risk,Poor
Groww Nifty Midcap 150 Index Dir,equity,equity,Direct,,,,BSE 150 MidCap TRI,,,,,,,,,,INF666M01MP7,153939,25,https://www.valueresearchonline.com/funds/45578/,1,1,1,1,1,5,High Risk,Poor
HDFC Mid Cap Dir,equity,equity,Direct,7.43,20.99,21.05,BSE 150 MidCap TRI,4.99,19.78,17.6,3.13,0.85,1.01,15.93,21.88,1.91,INF179K01XQ0,118989,25,https://www.valueresearchonline.com/funds/16114/,10,10,3,5,3,31,Low Risk,Good
HDFC NIFTY Midcap 150 ETF,equity,equity,Direct,7.62,20.55,,BSE 150 MidCap TRI,4.99,19.78,,0.52,1,0.85,18.34,21.54,1.47,INF179KC1HT0,151374,25,https://www.valueresearchonline.com/funds/43115/,8,8,1,4,2,23,Moderate Risk,Average
HDFC NIFTY Midcap 150 Index Dir,equity,equity,Direct,7.4,20.15,,BSE 150 MidCap TRI,4.99,19.78,,0.19,1,0.84,18.27,21.17,,INF179KC1GC8,151724,25,https://www.valueresearchonline.com/funds/43475/,8,8,1,4,1,22,Moderate Risk,Average
HSBC Midcap Dir,equity,equity,Direct,20.87,27.51,20.61,BSE 150 MidCap TRI,4.99,19.78,17.6,5.79,1.03,1.07,19.98,27.28,1.21,INF917K01FZ1,151036,25,https://www.valueresearchonline.com/funds/16280/,12,10,1,3,2,28,Low Risk,Good
Helios Mid Cap Dir,equity,equity,Direct,17.02,,,BSE 150 MidCap TRI,4.99,,,,,,,,,INF0R8701327,153326,25,https://www.valueresearchonline.com/funds/44987/,1,1,1,1,1,5,High Risk,Poor
ICICI Pru BSE Midcap Select ETF,equity,equity,Direct,8.81,20.13,15.68,BSE 150 MidCap TRI,4.99,19.78,17.6,-0.67,1.02,0.77,19.29,20.66,1.3,INF109K016L0,120586,25,https://www.valueresearchonline.com/funds/32594/,4,8,1,3,2,18,Moderately High Risk,Average
ICICI Pru Midcap Dir,equity,equity,Direct,16.92,25.47,20.21,BSE 150 MidCap TRI,4.99,19.78,17.6,4.85,0.99,1.06,18.66,25.72,1.72,INF109K011N7,120381,25,https://www.valueresearchonline.com/funds/15960/,12,10,1,4,3,30,Low Risk,Good
ICICI Pru Nifty Midcap 150 ETF,equity,equity,Direct,7.78,20.67,18.59,BSE 150 MidCap TRI,4.99,19.78,17.6,0.61,1,0.86,18.34,21.64,1.48,INF109KC11W8,147921,25,https://www.valueresearchonline.com/funds/40555/,8,8,1,4,2,23,Moderate Risk,Average
ICICI Pru Nifty Midcap 150 Index Dir,equity,equity,Direct,7.52,20.27,,BSE 150 MidCap TRI,4.99,19.78,,0.29,1,0.84,18.31,21.29,1.45,INF109KC1W58,149389,25,https://www.valueresearchonline.com/funds/41893/,8,8,1,4,2,23,Moderate Risk,Average
ITI Mid Cap Dir,equity,equity,Direct,9.86,23.84,17.6,BSE 150 MidCap TRI,4.99,19.78,17.6,2.83,1.02,0.96,19.1,24.19,1.56,INF00XX01929,148733,25,https://www.valueresearchonline.com/funds/41319/,10,8,1,3,3,25,Moderate Risk,Average
Invesco India Mid cap Dir,equity,equity,Direct,11.68,26,22.3,BSE 150 MidCap TRI,4.99,19.78,17.6,3.81,1.01,0.98,19.46,25.01,1.55,INF205K01MV6,120403,25,https://www.valueresearchonline.com/funds/16807/,10,8,1,3,3,25,Moderate Risk,Average
JM Midcap Dir,equity,equity,Direct,11.89,24.2,,BSE 150 MidCap TRI,4.99,19.78,,2.82,1.02,0.94,19.41,24.09,1.6,INF192K01MV6,150815,25,https://www.valueresearchonline.com/funds/42731/,10,8,1,3,3,25,Moderate Risk,Average
JioBlackRock Nifty Midcap 150 Index Dir,equity,equity,Direct,,,,BSE 150 MidCap TRI,,,,,,,,,,INF22M001077,153788,25,https://www.valueresearchonline.com/funds/45427/,1,1,1,1,1,5,High Risk,Poor
Kotak Midcap Dir,equity,equity,Direct,9.86,21.27,19.23,BSE 150 MidCap TRI,4.99,19.78,17.6,1.14,0.94,0.85,17.93,21.16,1.32,INF174K01LT0,119775,25,https://www.valueresearchonline.com/funds/17134/,8,8,2,4,2,24,Moderate Risk,Average
Kotak Nifty Midcap 150 ETF,equity,equity,Direct,7.69,,,BSE 150 MidCap TRI,4.99,,,,,,,,,INF174K01KM7,119757,25,https://www.valueresearchonline.com/funds/45037/,1,1,1,1,1,5,High Risk,Poor
Kotak Nifty Midcap 150 Index Dir,equity,equity,Direct,7.31,,,BSE 150 MidCap TRI,4.99,,,,,,,,,INF174KA1VQ4,153401,25,https://www.valueresearchonline.com/funds/45040/,1,1,1,1,1,5,High Risk,Poor
Kotak Nifty Midcap 150 Momentum 50 Index Dir,equity,equity,Direct,3.28,,,BSE 150 MidCap TRI,4.99,,,,,,,,,INF174KA1TM7,152916,25,https://www.valueresearchonline.com/funds/44573/,1,1,1,1,1,5,High Risk,Poor
Kotak Nifty Midcap 50 ETF,equity,equity,Direct,8.69,21.93,,BSE 150 MidCap TRI,4.99,19.78,,1.32,1.02,0.88,18.87,22.56,1.54,INF174KA1ZC5,149757,25,https://www.valueresearchonline.com/funds/41983/,8,8,1,3,3,23,Moderate Risk,Average
Kotak Nifty Midcap 50 Index Dir,equity,equity,Direct,8.35,,,BSE 150 MidCap TRI,4.99,,,,,,,,,INF174KA1SR8,152767,25,https://www.valueresearchonline.com/funds/44446/,1,1,1,1,1,5,High Risk,Poor
LIC MF Midcap Dir,equity,equity,Direct,4.03,19.29,15.49,BSE 150 MidCap TRI,4.99,19.78,17.6,-1.19,1.02,0.75,19.09,20.09,1.3,INF192K01MW4,150814,25,https://www.valueresearchonline.com/funds/33333/,4,8,1,3,2,18,Moderately High Risk,Average
LIC MF Nifty Midcap 100 ETF,equity,equity,Direct,7.74,,,BSE 150 MidCap TRI,4.99,,,,,,,,,INF767K01EW0,120279,25,https://www.valueresearchonline.com/funds/44166/,1,1,1,1,1,5,High Risk,Poor
Mahindra Manulife Mid Cap Dir,equity,equity,Direct,13.4,23.91,20.86,BSE 150 MidCap TRI,4.99,19.78,17.6,3.68,0.96,1.03,17.59,23.99,1.69,INF174V01507,142110,25,https://www.valueresearchonline.com/funds/34956/,10,10,2,4,3,29,Low Risk,Good
Mirae Asset Midcap Dir,equity,equity,Direct,9.93,20.01,17.72,BSE 150 MidCap TRI,4.99,19.78,17.6,0.09,1,0.82,18.54,21.14,1.31,INF769K01FA9,147445,25,https://www.valueresearchonline.com/funds/40048/,8,8,1,4,2,23,Moderate Risk,Average
Mirae Asset Nifty MidSmallcap400 Mom Qlty 100 ETF FoF Dir,equity,equity,Direct,3.15,,,BSE 150 MidCap TRI,4.99,,,,,,,,,INF769K01LO8,152646,1,https://www.valueresearchonline.com/funds/44305/,1,1,1,1,1,5,High Risk,Poor
Mirae Asset Nifty MidSmallcap400 Momentum Quality 100 ETF,equity,equity,Direct,3.12,,,BSE 150 MidCap TRI,4.99,,,,,,,,,INF769K01LN0,152645,25,https://www.valueresearchonline.com/funds/44302/,1,1,1,1,1,5,High Risk,Poor
Mirae Asset Nifty Midcap 150 ETF,equity,equity,Direct,7.82,20.73,,BSE 150 MidCap TRI,4.99,19.78,,0.66,1,0.86,18.35,21.7,1.48,INF769K01IC9,149918,25,https://www.valueresearchonline.com/funds/42146/,8,8,1,4,2,23,Moderate Risk,Average
Motilal Oswal Midcap Dir,equity,equity,Direct,-5.6,18.99,23.33,BSE 150 MidCap TRI,4.99,19.78,17.6,-0.44,0.95,0.69,20.33,19.82,1.09,INF247L01445,127042,25,https://www.valueresearchonline.com/funds/24080/,4,6,1,4,2,17,Moderately High Risk,Average
Motilal Oswal Nifty Midcap 100 ETF,equity,equity,Direct,7.88,21.66,19.36,BSE 150 MidCap TRI,4.99,19.78,17.6,1.12,1.03,0.88,18.95,22.58,1.53,INF247L01023,114456,25,https://www.valueresearchonline.com/funds/12012/,8,8,1,3,3,23,Moderate Risk,Average
Motilal Oswal Nifty Midcap 150 Dir,equity,equity,Direct,7.67,20.6,18.53,BSE 150 MidCap TRI,4.99,19.78,17.6,0.55,1,0.86,18.34,21.59,1.47,INF247L01916,147622,25,https://www.valueresearchonline.com/funds/40242/,8,8,1,4,2,23,Moderate Risk,Average
Motilal Oswal Nifty Midcap150 Momentum 50 ETF,equity,equity,Direct,,,,BSE 150 MidCap TRI,,,,,,,,,,INF247L01734,145834,25,https://www.valueresearchonline.com/funds/45331/,1,1,1,1,1,5,High Risk,Poor
Navi Nifty MidSmallcap 400 Index Dir,equity,equity,Direct,,,,BSE 150 MidCap TRI,,,,,,,,,,INF959L01HR4,154027,25,https://www.valueresearchonline.com/funds/45654/,1,1,1,1,1,5,High Risk,Poor
Navi Nifty Midcap 150 Index Dir,equity,equity,Direct,7.36,20.24,,BSE 150 MidCap TRI,4.99,19.78,,0.29,1,0.84,18.29,21.27,1.45,INF959L01FX6,149892,25,https://www.valueresearchonline.com/funds/42121/,8,8,1,4,2,23,Moderate Risk,Average
Nippon India ETF Nifty Midcap 150,equity,equity,Direct,7.64,20.55,18.53,BSE 150 MidCap TRI,4.99,19.78,17.6,0.54,1,0.86,18.32,21.55,1.47,INF204KB1V68,146271,25,https://www.valueresearchonline.com/funds/38950/,8,8,1,4,2,23,Moderate Risk,Average
Nippon India Growth Mid Cap Dir,equity,equity,Direct,10.65,23.72,22.02,BSE 150 MidCap TRI,4.99,19.78,17.6,3.31,0.97,0.99,18.11,23.87,1.87,INF204K01E54,118668,25,https://www.valueresearchonline.com/funds/16083/,10,8,1,4,3,26,Moderate Risk,Average
Nippon India Nifty Midcap150 Dir,equity,equity,Direct,7.52,20.34,18.3,BSE 150 MidCap TRI,4.99,19.78,17.6,0.36,1,0.85,18.31,21.37,,INF204KB18Z7,148726,25,https://www.valueresearchonline.com/funds/41295/,8,8,1,4,1,22,Moderate Risk,Average
PGIM India Midcap Dir,equity,equity,Direct,2.52,13.43,14.16,BSE 150 MidCap TRI,4.99,19.78,17.6,-4.67,0.85,0.5,16.26,13.98,0.9,INF663L01DV3,125307,25,https://www.valueresearchonline.com/funds/22367/,2,6,2,5,1,16,Moderately High Risk,Average
Quant Mid Cap Dir,equity,equity,Direct,2.96,17.14,18.23,BSE 150 MidCap TRI,4.99,19.78,17.6,-0.88,0.93,0.7,18.84,19.08,0.86,INF966L01887,120841,22,https://www.valueresearchonline.com/funds/17375/,4,6,1,4,1,16,Moderately High Risk,Average
SBI Midcap Dir,equity,equity,Direct,3.25,13.5,16.35,BSE 150 MidCap TRI,4.99,19.78,17.6,-3.56,0.85,0.58,16.11,15.14,1.15,INF200K01TP4,119716,25,https://www.valueresearchonline.com/funds/16235/,2,6,2,5,2,17,Moderately High Risk,Average
SBI Nifty Midcap 150 ETF,equity,equity,Direct,,,,BSE 150 MidCap TRI,,,,,,,,,,INF200KB1AK8,154305,25,https://www.valueresearchonline.com/funds/45920/,1,1,1,1,1,5,High Risk,Poor
SBI Nifty Midcap 150 Index Dir,equity,equity,Direct,7.48,20.33,,BSE 150 MidCap TRI,4.99,19.78,,0.33,1,0.84,18.33,21.35,1.45,INF200KA10P5,150673,25,https://www.valueresearchonline.com/funds/42585/,8,8,1,4,2,23,Moderate Risk,Average
SBI Nifty Midcap 150 Momentum 50 ETF,equity,equity,Direct,,,,BSE 150 MidCap TRI,,,,,,,,,,INF200KB1AJ0,154237,25,https://www.valueresearchonline.com/funds/45872/,1,1,1,1,1,5,High Risk,Poor
Samco Mid Cap Dir,equity,equity,Direct,,,,BSE 150 MidCap TRI,,,,,,,,,,INF0K1H01313,154114,25,https://www.valueresearchonline.com/funds/45740/,1,1,1,1,1,5,High Risk,Poor
Sundaram Midcap Dir,equity,equity,Direct,9.51,23.04,19.99,BSE 150 MidCap TRI,4.99,19.78,17.6,3.02,0.94,0.99,17.49,23.17,1.55,INF903J01MJ3,119581,25,https://www.valueresearchonline.com/funds/16125/,10,8,2,4,3,27,Low Risk,Good
TRUSTMF Mid Cap Dir,equity,equity,Direct,,,,BSE 150 MidCap TRI,,,,,,,,,,INF0GCD01875,154210,25,https://www.valueresearchonline.com/funds/45814/,1,1,1,1,1,5,High Risk,Poor
Tata Mid Cap Dir,equity,equity,Direct,8.53,19.2,17.77,BSE 150 MidCap TRI,4.99,19.78,17.6,0.4,0.9,0.84,16.71,19.93,1.54,INF277K01PY2,119178,25,https://www.valueresearchonline.com/funds/16717/,8,8,2,4,3,25,Moderate Risk,Average
Tata Nifty Midcap 150 Index Dir,equity,equity,Direct,,,,BSE 150 MidCap TRI,,,,,,,,,,INF277KA1DZ9,153581,25,https://www.valueresearchonline.com/funds/45222/,1,1,1,1,1,5,High Risk,Poor
Tata Nifty Midcap 150 Momentum 50 Index Dir,equity,equity,Direct,3.07,20.44,,BSE 150 MidCap TRI,4.99,19.78,,-0.26,1.06,0.78,20.1,21.57,1.27,INF277KA1612,150738,25,https://www.valueresearchonline.com/funds/42655/,4,8,1,3,2,18,Moderately High Risk,Average
Taurus Mid Cap Dir,equity,equity,Direct,-1.18,12,12.37,BSE 150 MidCap TRI,4.99,19.78,17.6,-6.83,0.99,0.44,18.58,13.97,1.1,INF044D01CA9,118872,25,https://www.valueresearchonline.com/funds/16656/,2,4,1,4,2,13,Moderately High Risk,Average
UTI Midcap Dir,equity,equity,Direct,3.15,15.21,14.85,BSE 150 MidCap TRI,4.99,19.78,17.6,-3.8,0.95,0.6,17.67,16.45,1.08,INF789F1AUR9,148619,25,https://www.valueresearchonline.com/funds/15920/,2,6,2,4,2,16,Moderately High Risk,Average
UTI Nifty Midcap 150 ETF,equity,equity,Direct,7.65,,,BSE 150 MidCap TRI,4.99,,,,,,,,,INF789F1APF4,148086,25,https://www.valueresearchonline.com/funds/43743/,1,1,1,1,1,5,High Risk,Poor
UTI Nifty Midcap 150 Index Dir,equity,equity,Direct,7.3,,,BSE 150 MidCap TRI,4.99,,,,,,,,,INF789F1AZO5,153089,25,https://www.valueresearchonline.com/funds/44725/,1,1,1,1,1,5,High Risk,Poor
UTI Nifty Midcap 150 Quality 50 Index Dir,equity,equity,Direct,-0.23,12.83,,BSE 150 MidCap TRI,4.99,19.78,,-6.13,0.92,0.45,17.26,13.6,0.87,INF789F1AVH8,150313,25,https://www.valueresearchonline.com/funds/42253/,2,4,2,4,1,13,Moderately High Risk,Average
UTI Nifty Midsmallcap 400 Momentum Quality 100 Index Dir,equity,equity,Direct,3.17,,,BSE 150 MidCap TRI,4.99,,,,,,,,,INF789F1AB22,153272,25,https://www.valueresearchonline.com/funds/44913/,1,1,1,1,1,5,High Risk,Poor
Union Midcap Dir,equity,equity,Direct,10.27,19.75,18.28,BSE 150 MidCap TRI,4.99,19.78,17.6,0.57,0.92,0.83,17.26,20.28,1.3,INF582M01GI3,148073,25,https://www.valueresearchonline.com/funds/40769/,8,8,2,4,2,24,Moderate Risk,Average
WhiteOak Capital Mid Cap Fund Dir,equity,equity,Direct,13,24.9,,BSE 150 MidCap TRI,4.99,19.78,,5.17,0.91,1.1,17.21,24.85,1.75,INF03VN01597,150584,25,https://www.valueresearchonline.com/funds/42483/,12,10,2,4,3,31,Low Risk,Good
Zerodha Nifty MidSmallcap400 50:50 Index Dir,equity,equity,Direct,,,,BSE 150 MidCap TRI,,,,,,,,,,INF0R8F01190,154306,25,https://www.valueresearchonline.com/funds/45935/,1,1,1,1,1,5,High Risk,Poor
Zerodha Nifty Midcap 150 ETF,equity,equity,Direct,8.37,,,BSE 150 MidCap TRI,4.99,,,,,,,,,INF0R8F01059,152668,25,https://www.valueresearchonline.com/funds/44359/,1,1,1,1,1,5,High Risk,Poor
ABSL Multi-Cap Dir,equity,equity,Direct,6.49,15.91,15.23,VR Multicap TRI,-0.16,14.45,13.85,1.12,0.95,0.66,16.08,16.55,1.16,INF209KB1Y49,148921,25,https://www.valueresearchonline.com/funds/41466/,8,6,2,4,2,22,Moderate Risk,Average
Axis Multicap Dir,equity,equity,Direct,6.6,20.65,,VR Multicap TRI,-0.16,14.45,,5.4,0.93,0.93,15.86,20.61,,INF846K013E0,149383,25,https://www.valueresearchonline.com/funds/41885/,12,8,3,4,1,28,Low Risk,Good
Bajaj Finserv Multi Cap Dir,equity,equity,Direct,8.45,,,VR Multicap TRI,-0.16,,,,,,,,,INF0QA701AV7,153309,25,https://www.valueresearchonline.com/funds/44918/,1,1,1,1,1,5,High Risk,Poor
Bandhan Multi Cap Dir,equity,equity,Direct,3.86,16.2,,VR Multicap TRI,-0.16,14.45,,1.14,0.94,0.67,15.73,16.47,1.39,INF194KB1CL0,149303,25,https://www.valueresearchonline.com/funds/41822/,8,6,3,4,2,23,Moderate Risk,Average
Bank of India Multi Cap Dir,equity,equity,Direct,11.89,21.07,,VR Multicap TRI,-0.16,14.45,,5.24,0.97,0.91,16.53,20.89,,INF761K01FR0,151443,25,https://www.valueresearchonline.com/funds/43162/,12,8,2,4,1,27,Low Risk,Good
Baroda BNP Paribas Multi Cap Dir,equity,equity,Direct,4.7,16.99,16.12,VR Multicap TRI,-0.16,14.45,13.85,2.51,0.91,0.74,15.85,17.6,1.14,INF955L01AG0,119354,25,https://www.valueresearchonline.com/funds/15707/,10,6,3,4,2,25,Moderate Risk,Average
Canara Robeco Multi Cap Dir,equity,equity,Direct,3.26,,,VR Multicap TRI,-0.16,,,,,,,,,INF760K01KO9,151824,25,https://www.valueresearchonline.com/funds/43571/,1,1,1,1,1,5,High Risk,Poor
DSP Multicap Dir,equity,equity,Direct,2.48,,,VR Multicap TRI,-0.16,,,,,,,,,INF740KA1UC1,152310,25,https://www.valueresearchonline.com/funds/43999/,1,1,1,1,1,5,High Risk,Poor
Edelweiss Multi Cap Dir,equity,equity,Direct,5.85,,,VR Multicap TRI,-0.16,,,,,,,,,INF754K01SD8,152094,25,https://www.valueresearchonline.com/funds/43782/,1,1,1,1,1,5,High Risk,Poor
Edelweiss Nifty500 Multicap Momentum Quality 50 ETF,equity,equity,Direct,-0.04,,,VR Multicap TRI,-0.16,,,,,,,,,INF754K01TF1,152981,25,https://www.valueresearchonline.com/funds/44626/,1,1,1,1,1,5,High Risk,Poor
Edelweiss Nifty500 Multicap Momentum Quality 50 Index Dir,equity,equity,Direct,-0.12,,,VR Multicap TRI,-0.16,,,,,,,,,INF754K01TN5,152985,25,https://www.valueresearchonline.com/funds/44648/,1,1,1,1,1,5,High Risk,Poor
Franklin India Multi Cap Dir,equity,equity,Direct,7.78,,,VR Multicap TRI,-0.16,,,,,,,,,INF090I01XA7,152739,25,https://www.valueresearchonline.com/funds/44410/,1,1,1,1,1,5,High Risk,Poor
Groww Multicap Dir,equity,equity,Direct,17.09,,,VR Multicap TRI,-0.16,,,,,,,,,INF666M01JD9,153034,25,https://www.valueresearchonline.com/funds/44697/,1,1,1,1,1,5,High Risk,Poor
HDFC Multi Cap Dir,equity,equity,Direct,0.29,16.02,,VR Multicap TRI,-0.16,14.45,,0.67,0.98,0.64,16.46,16.42,1.42,INF179KC1BS5,149368,25,https://www.valueresearchonline.com/funds/41864/,8,6,2,4,2,22,Moderate Risk,Average
HDFC Nifty500 Multicap 50:25:25 Index Dir,equity,equity,Direct,2.69,,,VR Multicap TRI,-0.16,,,,,,,,,INF179K01XD8,118987,25,https://www.valueresearchonline.com/funds/44463/,1,1,1,1,1,5,High Risk,Poor
HSBC Multi Cap Dir,equity,equity,Direct,8.96,21.93,,VR Multicap TRI,-0.16,14.45,,5.51,1.03,0.9,17.61,21.74,1.55,INF336L01QN5,151290,25,https://www.valueresearchonline.com/funds/43023/,12,8,2,3,3,28,Low Risk,Good
ICICI Pru Multicap Dir,equity,equity,Direct,9.46,19.73,17.73,VR Multicap TRI,-0.16,14.45,13.85,4.85,0.93,0.89,16,20.12,1.83,INF109K014O9,120599,25,https://www.valueresearchonline.com/funds/15874/,12,8,2,4,3,29,Low Risk,Good
ITI Multi Cap Dir,equity,equity,Direct,10.4,20.38,14.61,VR Multicap TRI,-0.16,14.45,13.85,4.22,1.03,0.83,17.54,20.45,1.27,INF00XX01168,147183,25,https://www.valueresearchonline.com/funds/39831/,12,8,2,3,2,27,Low Risk,Good
Invesco India Multicap Dir,equity,equity,Direct,-1.1,15.77,14.09,VR Multicap TRI,-0.16,14.45,13.85,-0.11,1.01,0.58,17.4,15.98,1.01,INF205K01MS2,120413,25,https://www.valueresearchonline.com/funds/16811/,4,6,2,3,2,17,Moderately High Risk,Average
Kotak Multicap Dir,equity,equity,Direct,8.29,21.85,,VR Multicap TRI,-0.16,14.45,,5.28,1.05,0.89,17.87,21.74,1.51,INF174KA1HV3,149185,25,https://www.valueresearchonline.com/funds/41707/,12,8,2,3,3,28,Low Risk,Good
LIC MF Multi Cap Dir,equity,equity,Direct,7.55,20.36,,VR Multicap TRI,-0.16,14.45,,4.01,1.02,0.81,17.76,20.19,1.34,INF767K01RK7,150659,25,https://www.valueresearchonline.com/funds/42629/,12,8,2,3,2,27,Low Risk,Good
Mahindra Manulife Multi Cap Dir,equity,equity,Direct,9.69,20.34,18.29,VR Multicap TRI,-0.16,14.45,13.85,4.73,0.97,0.87,16.74,20.41,1.55,INF174V01366,141223,25,https://www.valueresearchonline.com/funds/33986/,12,8,2,4,3,29,Low Risk,Good
Mirae Asset Multicap Dir,equity,equity,Direct,3.85,,,VR Multicap TRI,-0.16,,,,,,,,,INF769K01KK8,151810,25,https://www.valueresearchonline.com/funds/43578/,1,1,1,1,1,5,High Risk,Poor
Mirae Asset Nifty500 Multicap 50:25:25 ETF,equity,equity,Direct,2.92,,,VR Multicap TRI,-0.16,,,,,,,,,INF769K01LX9,152811,25,https://www.valueresearchonline.com/funds/44491/,1,1,1,1,1,5,High Risk,Poor
Motilal Oswal Multi Cap Dir,equity,equity,Direct,-0.52,,,VR Multicap TRI,-0.16,,,,,,,,,INF247L01CL8,152651,25,https://www.valueresearchonline.com/funds/44339/,1,1,1,1,1,5,High Risk,Poor
Navi Nifty 500 Multicap 50:25:25 Index Dir,equity,equity,Direct,2.77,,,VR Multicap TRI,-0.16,,,,,,,,,INF179KC1IO9,152778,25,https://www.valueresearchonline.com/funds/44439/,1,1,1,1,1,5,High Risk,Poor
Nippon India Multi Cap Dir,equity,equity,Direct,3.26,18.43,20.84,VR Multicap TRI,-0.16,14.45,13.85,3.77,0.91,0.82,15.83,18.86,1.75,INF204K01XF9,118650,25,https://www.valueresearchonline.com/funds/16068/,10,8,3,4,3,28,Low Risk,Good
Nippon India Nifty 500 Equal Weight Index Dir,equity,equity,Direct,3.93,,,VR Multicap TRI,-0.16,,,,,,,,,INF204KC1DA8,152842,25,https://www.valueresearchonline.com/funds/44515/,1,1,1,1,1,5,High Risk,Poor
PGIM India Multi Cap Dir,equity,equity,Direct,8.68,,,VR Multicap TRI,-0.16,,,,,,,,,INF663L01Z03,152815,25,https://www.valueresearchonline.com/funds/44505/,1,1,1,1,1,5,High Risk,Poor
PGIM India Retirement Dir,equity,equity,Direct,2.55,,,VR Multicap TRI,-0.16,,,,,,,,,INF663L01Y61,152537,25,https://www.valueresearchonline.com/funds/44253/,1,1,1,1,1,5,High Risk,Poor
Quant Multi Cap Dir,equity,equity,Direct,5.82,13.45,14.48,VR Multicap TRI,-0.16,14.45,13.85,-1.38,1.05,0.5,18.47,15.04,0.72,INF966L01614,120823,25,https://www.valueresearchonline.com/funds/17361/,4,6,1,3,1,15,Moderately High Risk,Average
SBI Multicap Dir,equity,equity,Direct,1.76,15.37,,VR Multicap TRI,-0.16,14.45,,1.4,0.82,0.68,14.18,15.57,1.48,INF200KA18E2,149882,25,https://www.valueresearchonline.com/funds/42108/,8,6,3,5,2,24,Moderate Risk,Average
Samco Multi Cap Dir,equity,equity,Direct,-8.88,,,VR Multicap TRI,-0.16,,,,,,,,,INF0K1H01198,152847,25,https://www.valueresearchonline.com/funds/44527/,1,1,1,1,1,5,High Risk,Poor
Sundaram Multi Cap Dir,equity,equity,Direct,3.23,15.73,14.41,VR Multicap TRI,-0.16,14.45,13.85,0.48,0.94,0.63,15.93,15.84,1.31,,143828,25,https://www.valueresearchonline.com/funds/16580/,8,6,3,4,2,23,Moderate Risk,Average
TRUSTMF Multi Cap Dir,equity,equity,Direct,,,,VR Multicap TRI,,,,,,,,,,INF0GCD01834,153644,25,https://www.valueresearchonline.com/funds/45282/,1,1,1,1,1,5,High Risk,Poor
Tata Multicap Dir,equity,equity,Direct,10.95,14.01,,VR Multicap TRI,-0.16,14.45,,-0.79,0.93,0.54,15.83,14.43,0.9,INF277KA1679,151232,25,https://www.valueresearchonline.com/funds/43038/,4,6,3,4,1,18,Moderately High Risk,Average
UTI Multi Cap Dir,equity,equity,Direct,3.24,,,VR Multicap TRI,-0.16,,,,,,,,,INF789F1AB89,153515,25,https://www.valueresearchonline.com/funds/45143/,1,1,1,1,1,5,High Risk,Poor
Union Multicap Dir,equity,equity,Direct,10.13,17.65,,VR Multicap TRI,-0.16,14.45,,2.6,0.91,0.76,15.65,17.69,1.33,INF582M01IO7,150858,25,https://www.valueresearchonline.com/funds/42779/,10,8,3,4,2,27,Low Risk,Good
WhiteOak Capital Multi Cap Dir,equity,equity,Direct,7.42,,,VR Multicap TRI,-0.16,,,,,,,,,INF03VN01803,152071,25,https://www.valueresearchonline.com/funds/43759/,1,1,1,1,1,5,High Risk,Poor
ABSL Banking & Financial Services Dir,equity,equity,Direct,4.77,13.78,13.06,BSE Bankex TRI,3.87,10.11,11.39,4.78,0.93,0.46,16.21,13.38,2.21,INF209K014W1,125597,25,https://www.valueresearchonline.com/funds/22526/,12,4,2,4,4,26,Moderate Risk,Average
ABSL Nifty Bank ETF,equity,equity,Direct,4.45,10.21,11.51,BSE Bankex TRI,3.87,10.11,11.39,0,1,0.18,16.41,8.8,1.42,INF209KB17D5,147735,14,https://www.valueresearchonline.com/funds/40378/,8,4,2,4,2,20,Moderate Risk,Average
Aditya Birla SL BSE Top 10 Banks ETF,equity,equity,Direct,,,,BSE Bankex TRI,,,,,,,,,,INF209KC1670,154224,10,https://www.valueresearchonline.com/funds/45861/,1,1,1,1,1,5,High Risk,Poor
Axis Nifty Bank ETF,equity,equity,Direct,4.36,10.17,11.48,BSE Bankex TRI,3.87,10.11,11.39,-0.04,1,0.18,16.4,8.76,1.41,INF846K01X63,148559,14,https://www.valueresearchonline.com/funds/41162/,4,4,2,4,2,16,Moderately High Risk,Average
Axis Nifty Bank Index Dir,equity,equity,Direct,4.39,,,BSE Bankex TRI,3.87,,,,,,,,,INF846K015W7,152629,14,https://www.valueresearchonline.com/funds/44321/,1,1,1,1,1,5,High Risk,Poor
Bajaj Finserv Banking And Financial Services Dir,equity,equity,Direct,,,,BSE Bankex TRI,,,,,,,,,,INF0QA701BZ6,153937,25,https://www.valueresearchonline.com/funds/45563/,1,1,1,1,1,5,High Risk,Poor
Bajaj Finserv Nifty Bank ETF,equity,equity,Direct,4.46,,,BSE Bankex TRI,3.87,,,,,,,,,INF0QA701714,152357,14,https://www.valueresearchonline.com/funds/44067/,1,1,1,1,1,5,High Risk,Poor
Bandhan Financial Services Dir,equity,equity,Direct,2.37,,,BSE Bankex TRI,3.87,,,,,,,,,INF194KB1GB2,151816,25,https://www.valueresearchonline.com/funds/43567/,1,1,1,1,1,5,High Risk,Poor
Bandhan Nifty Bank Index Dir,equity,equity,Direct,4.29,,,BSE Bankex TRI,3.87,,,,,,,,,INF194KB1IO1,152793,14,https://www.valueresearchonline.com/funds/44477/,1,1,1,1,1,5,High Risk,Poor
Bank of India Banking & Financial Services Dir,equity,equity,Direct,,,,BSE Bankex TRI,,,,,,,,,,INF761K01HE4,154093,25,https://www.valueresearchonline.com/funds/45745/,1,1,1,1,1,5,High Risk,Poor
Baroda BNP Paribas Banking & Fin Srvcs Dir,equity,equity,Direct,3.87,15.91,13.49,BSE Bankex TRI,3.87,10.11,11.39,6.48,0.93,0.58,15.82,15.06,2.47,INF200K01V08,125503,25,https://www.valueresearchonline.com/funds/15698/,12,6,3,4,4,29,Low Risk,Good
Baroda BNP Paribas Nifty Bank ETF,equity,equity,Direct,4.4,,,BSE Bankex TRI,3.87,,,,,,,,,INF955L01JF3,152898,14,https://www.valueresearchonline.com/funds/44357/,1,1,1,1,1,5,High Risk,Poor
Canara Robeco Banking And Financial Services Dir,equity,equity,Direct,,,,BSE Bankex TRI,,,,,,,,,,INF760K01LN9,154250,25,https://www.valueresearchonline.com/funds/45866/,1,1,1,1,1,5,High Risk,Poor
DSP BSE Top 10 Banks ETF,equity,equity,Direct,,,,BSE Bankex TRI,,,,,,,,,,INF194K01P38,118387,10,https://www.valueresearchonline.com/funds/45893/,1,1,1,1,1,5,High Risk,Poor
DSP Banking & Financial Services Dir,equity,equity,Direct,11.43,,,BSE Bankex TRI,3.87,,,,,,,,,INF740KA1TQ3,152206,25,https://www.valueresearchonline.com/funds/43892/,1,1,1,1,1,5,High Risk,Poor
DSP Nifty Bank ETF,equity,equity,Direct,4.43,10.21,,BSE Bankex TRI,3.87,10.11,,0,1,0.18,16.4,8.81,1.42,INF740KA1RX3,151262,14,https://www.valueresearchonline.com/funds/42992/,8,4,2,4,2,20,Moderate Risk,Average
DSP Nifty Bank Index Dir,equity,equity,Direct,4.34,,,BSE Bankex TRI,3.87,,,,,,,,,INF740KA1UO6,152654,14,https://www.valueresearchonline.com/funds/44336/,1,1,1,1,1,5,High Risk,Poor
DSP Nifty PSU Bank ETF,equity,equity,Direct,28.25,,,BSE Bankex TRI,3.87,,,,,,,,,INF740KA1SY9,151888,12,https://www.valueresearchonline.com/funds/43656/,1,1,1,1,1,5,High Risk,Poor
DSP Nifty Private Bank ETF,equity,equity,Direct,1.33,,,BSE Bankex TRI,3.87,,,,,,,,,INF740KA1TA7,151887,10,https://www.valueresearchonline.com/funds/43655/,1,1,1,1,1,5,High Risk,Poor
DSP Nifty Private Bank Index Dir,equity,equity,Direct,0.94,,,BSE Bankex TRI,3.87,,,,,,,,,INF740KA1VN6,153348,10,https://www.valueresearchonline.com/funds/44972/,1,1,1,1,1,5,High Risk,Poor
Edelweiss Financial Services Dir,equity,equity,Direct,,,,BSE Bankex TRI,,,,,,,,,,INF754K01WH1,154108,25,https://www.valueresearchonline.com/funds/45749/,1,1,1,1,1,5,High Risk,Poor
Edelweiss Nifty Bank ETF,equity,equity,Direct,4.36,,,BSE Bankex TRI,3.87,,,,,,,,,INF754K01TE4,152857,14,https://www.valueresearchonline.com/funds/44536/,1,1,1,1,1,5,High Risk,Poor
Groww Banking & Financial Services Dir,equity,equity,Direct,10.44,,,BSE Bankex TRI,3.87,,,,,,,,,INF666M01HS1,152254,25,https://www.valueresearchonline.com/funds/43974/,1,1,1,1,1,5,High Risk,Poor
Groww Nifty PSU Bank ETF,equity,equity,Direct,,,,BSE Bankex TRI,,,,,,,,,,INF666M01OG2,154277,12,https://www.valueresearchonline.com/funds/45912/,1,1,1,1,1,5,High Risk,Poor
Groww Nifty PSU Bank Index Dir,equity,equity,Direct,,,,BSE Bankex TRI,,,,,,,,,,INF666M01OH0,154278,12,https://www.valueresearchonline.com/funds/45910/,1,1,1,1,1,5,High Risk,Poor
HDFC Banking & Financial Services Dir,equity,equity,Direct,6.64,15.14,,BSE Bankex TRI,3.87,10.11,,5.79,0.94,0.53,16.24,14.42,2.2,INF179KC1BG0,148986,25,https://www.valueresearchonline.com/funds/41533/,12,6,2,4,4,28,Low Risk,Good
HDFC NIFTY Bank ETF,equity,equity,Direct,4.42,10.19,11.48,BSE Bankex TRI,3.87,10.11,11.39,-0.02,1,0.18,16.41,8.78,1.41,INF179KC1HY0,148461,14,https://www.valueresearchonline.com/funds/41076/,4,4,2,4,2,16,Moderately High Risk,Average
HDFC NIFTY PSU BANK ETF,equity,equity,Direct,27.89,,,BSE Bankex TRI,3.87,,,,,,,,,INF179KC1HW4,152350,12,https://www.valueresearchonline.com/funds/44059/,1,1,1,1,1,5,High Risk,Poor
HDFC NIFTY Private Bank ETF,equity,equity,Direct,1.33,7.99,,BSE Bankex TRI,3.87,10.11,,-1.68,0.94,0.07,15.83,6.96,0.95,INF179KC1HZ7,150802,10,https://www.valueresearchonline.com/funds/42715/,4,4,3,4,1,16,Moderately High Risk,Average
HSBC Financial Services Dir,equity,equity,Direct,10.68,,,BSE Bankex TRI,3.87,,,,,,,,,INF336L01RU8,153266,25,https://www.valueresearchonline.com/funds/44926/,1,1,1,1,1,5,High Risk,Poor
Helios Financial Services Dir,equity,equity,Direct,2.35,,,BSE Bankex TRI,3.87,,,,,,,,,INF0R8701202,152679,24,https://www.valueresearchonline.com/funds/44374/,1,1,1,1,1,5,High Risk,Poor
ICICI Pru Banking & Financial Services Dir,equity,equity,Direct,-0.35,12.06,11.61,BSE Bankex TRI,3.87,10.11,11.39,3.26,0.84,0.4,14.46,11.6,2.15,INF109K013J1,120244,25,https://www.valueresearchonline.com/funds/15936/,10,4,3,5,4,26,Moderate Risk,Average
ICICI Pru Nifty Bank ETF,equity,equity,Direct,4.43,10.23,11.53,BSE Bankex TRI,3.87,10.11,11.39,0.01,1,0.18,16.41,8.82,1.42,INF109KC15I8,147483,14,https://www.valueresearchonline.com/funds/40130/,8,4,2,4,2,20,Moderate Risk,Average
ICICI Pru Nifty Bank Index Dir,equity,equity,Direct,4.42,10.09,,BSE Bankex TRI,3.87,10.11,,-0.11,1,0.17,16.39,8.69,1.4,INF109KC11A4,149858,14,https://www.valueresearchonline.com/funds/42104/,4,4,2,4,2,16,Moderately High Risk,Average
ICICI Pru Nifty Financial Services Ex-Bank ETF,equity,equity,Direct,7.42,20.74,,BSE Bankex TRI,3.87,10.11,,12.67,0.87,0.84,18.04,21.09,2.23,INF109KC17L8,150879,25,https://www.valueresearchonline.com/funds/42801/,12,8,1,4,4,29,Low Risk,Good
ICICI Pru Nifty PSU Bank ETF,equity,equity,Direct,27.82,29.81,,BSE Bankex TRI,3.87,10.11,,18.31,1.11,0.82,26.2,27.45,,INF109KC10S8,151572,12,https://www.valueresearchonline.com/funds/43296/,12,8,1,3,1,25,Moderate Risk,Average
ICICI Pru Nifty Private Bank ETF,equity,equity,Direct,1.34,8,9.48,BSE Bankex TRI,3.87,10.11,11.39,-1.67,0.94,0.07,15.83,6.96,0.95,INF109KC18U7,147530,10,https://www.valueresearchonline.com/funds/40210/,4,4,3,4,1,16,Moderately High Risk,Average
ICICI Pru Nifty Private Bank Index Dir,equity,equity,Direct,,,,BSE Bankex TRI,,,,,,,,,,INF109K1A369,153679,10,https://www.valueresearchonline.com/funds/45300/,1,1,1,1,1,5,High Risk,Poor
ITI Banking and Financial Services Dir,equity,equity,Direct,9.18,14.34,,BSE Bankex TRI,3.87,10.11,,5.01,0.94,0.48,16.06,13.64,1.9,INF00XX01BU6,149321,25,https://www.valueresearchonline.com/funds/41834/,12,4,2,4,3,25,Moderate Risk,Average
Invesco India Financial Services Dir,equity,equity,Direct,9.21,20.21,16.91,BSE Bankex TRI,3.87,10.11,11.39,10.71,0.84,0.86,15.31,19.03,2.26,INF205K01KY4,120385,25,https://www.valueresearchonline.com/funds/16702/,12,8,3,5,4,32,Low Risk,Good
Kotak Banking & Financial Services Dir,equity,equity,Direct,7.94,15.25,,BSE Bankex TRI,3.87,10.11,,5.26,0.95,0.5,16.01,13.93,,INF174KA1MD1,151384,25,https://www.valueresearchonline.com/funds/43128/,12,6,2,4,1,25,Moderate Risk,Average
Kotak Nifty Bank ETF,equity,equity,Direct,4.44,10.19,11.46,BSE Bankex TRI,3.87,10.11,11.39,-0.03,1,0.18,16.41,8.78,1.41,INF174KA1ZB7,133122,14,https://www.valueresearchonline.com/funds/28873/,4,4,2,4,2,16,Moderately High Risk,Average
Kotak Nifty Financial Services Ex-Bank Index Dir,equity,equity,Direct,6.9,,,BSE Bankex TRI,3.87,,,,,,,,,INF174KA1OR7,151911,25,https://www.valueresearchonline.com/funds/43674/,1,1,1,1,1,5,High Risk,Poor
Kotak Nifty PSU Bank ETF,equity,equity,Direct,27.69,29.62,30.37,BSE Bankex TRI,3.87,10.11,11.39,18.16,1.11,0.82,26.18,27.28,2.63,INF373I01023,106929,12,https://www.valueresearchonline.com/funds/6157/,12,8,1,3,4,28,Low Risk,Good
LIC MF Banking & Financial Services Dir,equity,equity,Direct,4.01,9.98,10.93,BSE Bankex TRI,3.87,10.11,11.39,1.37,0.92,0.26,15.87,9.94,1.72,INF767K01NK6,134017,25,https://www.valueresearchonline.com/funds/29707/,8,4,3,4,3,22,Moderate Risk,Average
Mahindra Manulife Banking & Financial Services Dir,equity,equity,Direct,,,,BSE Bankex TRI,,,,,,,,,,INF174V01CO7,153674,25,https://www.valueresearchonline.com/funds/45279/,1,1,1,1,1,5,High Risk,Poor
Mirae Asset Banking and Fin Srvcs Dir,equity,equity,Direct,6.08,15.86,14.87,BSE Bankex TRI,3.87,10.11,11.39,6.32,0.92,0.57,15.77,14.88,2.61,INF769K01GX9,148623,25,https://www.valueresearchonline.com/funds/41190/,12,6,3,4,4,29,Low Risk,Good
Mirae Asset Nifty Bank ETF,equity,equity,Direct,4.49,,,BSE Bankex TRI,3.87,,,,,,,,,INF769K01KR3,151857,14,https://www.valueresearchonline.com/funds/43616/,1,1,1,1,1,5,High Risk,Poor
Mirae Asset Nifty Financial Services ETF,equity,equity,Direct,1.5,11.71,,BSE Bankex TRI,3.87,10.11,,2.19,0.93,0.32,15.48,10.79,1.7,INF769K01HI8,149105,20,https://www.valueresearchonline.com/funds/41622/,10,4,3,4,3,24,Moderate Risk,Average
Mirae Asset Nifty PSU Bank ETF,equity,equity,Direct,28.1,,,BSE Bankex TRI,3.87,,,,,,,,,INF769K01LZ4,152929,12,https://www.valueresearchonline.com/funds/44589/,1,1,1,1,1,5,High Risk,Poor
Motilal Oswal BSE Fins ex Bank 30 Index Dir,equity,equity,Direct,2.38,16.84,,BSE Bankex TRI,3.87,10.11,,9.24,0.82,0.67,17.35,17.51,2.16,INF247L01BC9,150443,25,https://www.valueresearchonline.com/funds/42352/,12,6,2,5,4,29,Low Risk,Good
Motilal Oswal BSE Top 10 Banks ETF,equity,equity,Direct,,,,BSE Bankex TRI,,,,,,,,,,INF247L01GV8,154322,10,https://www.valueresearchonline.com/funds/45948/,1,1,1,1,1,5,High Risk,Poor
Motilal Oswal Financial Services Dir,equity,equity,Direct,,,,BSE Bankex TRI,,,,,,,,,,INF247L01GN5,154142,25,https://www.valueresearchonline.com/funds/45767/,1,1,1,1,1,5,High Risk,Poor
Motilal Oswal Nifty Bank Index Dir,equity,equity,Direct,4.39,10.1,11.41,BSE Bankex TRI,3.87,10.11,11.39,-0.1,1,0.17,16.38,8.7,1.41,INF247L01890,147620,14,https://www.valueresearchonline.com/funds/40246/,4,4,2,4,2,16,Moderately High Risk,Average
Motilal Oswal Nifty MidSmall Financial Services Index Dir,equity,equity,Direct,21.27,,,BSE Bankex TRI,3.87,,,,,,,,,INF247L01DW3,153027,25,https://www.valueresearchonline.com/funds/44678/,1,1,1,1,1,5,High Risk,Poor
Navi Nifty Bank Index Dir,equity,equity,Direct,4.32,10.07,,BSE Bankex TRI,3.87,10.11,,-0.14,1,0.17,16.44,8.67,1.4,INF959L01FT4,149804,14,https://www.valueresearchonline.com/funds/42043/,4,4,2,4,2,16,Moderately High Risk,Average
Nippon India Banking & Financial Srvices Dir,equity,equity,Direct,3.17,14.99,15.55,BSE Bankex TRI,3.87,10.11,11.39,5.96,0.89,0.56,15.31,14.46,2.31,INF204K01XO1,118589,25,https://www.valueresearchonline.com/funds/16048/,12,6,3,4,4,29,Low Risk,Good
Nippon India ETF Nifty Bank BeES,equity,equity,Direct,4.38,10.17,11.48,BSE Bankex TRI,3.87,10.11,11.39,-0.03,1,0.18,16.4,8.77,1.42,INF204KB15I9,140087,14,https://www.valueresearchonline.com/funds/2255/,4,4,2,4,2,16,Moderately High Risk,Average
Nippon India ETF Nifty PSU Bank BeES,equity,equity,Direct,27.69,29.61,30.39,BSE Bankex TRI,3.87,10.11,11.39,18.14,1.11,0.82,26.17,27.27,2.63,INF204KB16I7,140089,12,https://www.valueresearchonline.com/funds/6175/,12,8,1,3,4,28,Low Risk,Good
Nippon India Nifty Bank Index Dir,equity,equity,Direct,4.32,,,BSE Bankex TRI,3.87,,,,,,,,,INF204KC1BY2,152389,14,https://www.valueresearchonline.com/funds/44106/,1,1,1,1,1,5,High Risk,Poor
Quant BFSI Dir,equity,equity,Direct,21.77,,,BSE Bankex TRI,3.87,,,,,,,,,INF966L01BX0,151791,13,https://www.valueresearchonline.com/funds/43555/,1,1,1,1,1,5,High Risk,Poor
SBI BSE PSU Bank ETF,equity,equity,Direct,27.14,,,BSE Bankex TRI,3.87,,,,,,,,,INF200KB1712,153435,11,https://www.valueresearchonline.com/funds/45068/,1,1,1,1,1,5,High Risk,Poor
SBI BSE PSU Bank Index Dir,equity,equity,Direct,26.81,,,BSE Bankex TRI,3.87,,,,,,,,,INF200KB1688,153432,11,https://www.valueresearchonline.com/funds/45071/,1,1,1,1,1,5,High Risk,Poor
SBI Banking & Financial Services Dir,equity,equity,Direct,6.09,18.55,14.73,BSE Bankex TRI,3.87,10.11,11.39,8.77,0.84,0.77,14.6,17.12,2.94,INF200KA1507,133859,25,https://www.valueresearchonline.com/funds/29463/,12,8,3,5,4,32,Low Risk,Good
SBI Nifty Bank ETF,equity,equity,Direct,4.39,10.19,11.49,BSE Bankex TRI,3.87,10.11,11.39,-0.02,1,0.18,16.41,8.78,1.42,INF200KA1580,134008,14,https://www.valueresearchonline.com/funds/29709/,4,4,2,4,2,16,Moderately High Risk,Average
SBI Nifty Bank Index Dir,equity,equity,Direct,4.5,,,BSE Bankex TRI,3.87,,,,,,,,,INF200KB1563,153250,14,https://www.valueresearchonline.com/funds/44894/,1,1,1,1,1,5,High Risk,Poor
SBI Nifty Private Bank ETF,equity,equity,Direct,1.33,7.98,9.42,BSE Bankex TRI,3.87,10.11,11.39,-1.69,0.94,0.07,15.83,6.95,0.95,INF200KA1S22,148541,10,https://www.valueresearchonline.com/funds/41149/,4,4,3,4,1,16,Moderately High Risk,Average
Sundaram Financial Services Opportunities Dir,equity,equity,Direct,5.37,16.44,16.03,BSE Bankex TRI,3.87,10.11,11.39,7.07,0.96,0.59,16.7,15.76,2.19,INF903J01NB8,119597,25,https://www.valueresearchonline.com/funds/16148/,12,6,2,4,4,28,Low Risk,Good
Tata Banking & Financial Services Dir,equity,equity,Direct,3.17,14.7,14.19,BSE Bankex TRI,3.87,10.11,11.39,5.89,0.91,0.54,15.84,14.43,2.61,INF277K01Z10,135793,25,https://www.valueresearchonline.com/funds/31356/,12,6,3,4,4,29,Low Risk,Good
Tata Nifty Financial Services Index Dir,equity,equity,Direct,1.06,,,BSE Bankex TRI,3.87,,,,,,,,,INF277KA1BA6,152577,20,https://www.valueresearchonline.com/funds/44257/,1,1,1,1,1,5,High Risk,Poor
Tata Nifty Private Bank ETF,equity,equity,Direct,1.45,8.05,9.49,BSE Bankex TRI,3.87,10.11,11.39,-1.62,0.94,0.07,15.84,7.02,0.95,INF200KA1S22,148541,10,https://www.valueresearchonline.com/funds/40257/,4,4,3,4,1,16,Moderately High Risk,Average
Taurus Banking & Financial Services Dir,equity,equity,Direct,1,10.83,11.69,BSE Bankex TRI,3.87,10.11,11.39,1.61,0.87,0.28,14.83,10.03,1.55,INF044D01CN2,118868,25,https://www.valueresearchonline.com/funds/17023/,8,4,3,4,3,22,Moderate Risk,Average
UTI Banking and Financial Services Dir,equity,equity,Direct,4.14,14.74,13.57,BSE Bankex TRI,3.87,10.11,11.39,5.31,0.89,0.51,15.58,13.79,2.2,INF789F01SN3,120733,25,https://www.valueresearchonline.com/funds/15967/,12,6,3,4,4,29,Low Risk,Good
UTI Nifty Bank ETF,equity,equity,Direct,4.43,10.25,11.57,BSE Bankex TRI,3.87,10.11,11.39,0.03,1,0.18,16.41,8.84,1.43,INF789F015Z6,126940,14,https://www.valueresearchonline.com/funds/41106/,8,4,2,4,2,20,Moderate Risk,Average
UTI Nifty Private Bank Index Dir,equity,equity,Direct,0.87,,,BSE Bankex TRI,3.87,,,,,,,,,INF789F1AZJ5,152864,10,https://www.valueresearchonline.com/funds/44546/,1,1,1,1,1,5,High Risk,Poor
WhiteOak Capital Banking & Financial Services Dir,equity,equity,Direct,5.74,,,BSE Bankex TRI,3.87,,,,,,,,,INF03VN01860,152321,25,https://www.valueresearchonline.com/funds/44045/,1,1,1,1,1,5,High Risk,Poor
ABSL Nifty Healthcare ETF,equity,equity,Direct,11.2,22.28,,BSE Healthcare TRI,10.7,24.4,,-1.52,0.99,1.01,17.18,23.16,1.89,INF209KB10C2,149262,20,https://www.valueresearchonline.com/funds/41780/,4,10,2,4,3,23,Moderate Risk,Average
ABSL Pharma & Healthcare Dir,equity,equity,Direct,13.88,23.88,14.51,BSE Healthcare TRI,10.7,24.4,14.6,0.75,0.92,1.13,16.17,24.14,2.01,INF209KB1O25,147409,25,https://www.valueresearchonline.com/funds/40007/,8,10,2,4,4,28,Low Risk,Good
Axis NIFTY Healthcare ETF,equity,equity,Direct,11.02,21.87,13.22,BSE Healthcare TRI,10.7,24.4,14.6,-1.79,0.98,0.99,17.1,22.81,1.86,INF846K01Z12,148934,20,https://www.valueresearchonline.com/funds/41481/,4,8,2,4,3,21,Moderate Risk,Average
Bajaj Finserv Healthcare Dir,equity,equity,Direct,12.88,,,BSE Healthcare TRI,10.7,,,,,,,,,INF0QA701AB9,153157,25,https://www.valueresearchonline.com/funds/44774/,1,1,1,1,1,5,High Risk,Poor
Bandhan BSE Healthcare Index Dir,equity,equity,Direct,10.32,,,BSE Healthcare TRI,10.7,,,,,,,,,INF194KB1IS2,152844,25,https://www.valueresearchonline.com/funds/44512/,1,1,1,1,1,5,High Risk,Poor
Bandhan Healthcare Dir,equity,equity,Direct,,,,BSE Healthcare TRI,,,,,,,,,,INF194KB1KF5,153972,25,https://www.valueresearchonline.com/funds/45548/,1,1,1,1,1,5,High Risk,Poor
Baroda BNP Paribas Health and Wellness Dir,equity,equity,Direct,,,,BSE Healthcare TRI,,,,,,,,,,INF251K01VA5,153604,25,https://www.valueresearchonline.com/funds/45233/,1,1,1,1,1,5,High Risk,Poor
DSP Healthcare Dir,equity,equity,Direct,8.92,22.4,15.63,BSE Healthcare TRI*,10.7,24.4,14.6,0.83,0.86,1.1,15.58,23.03,1.86,INF740KA1LG1,145454,25,https://www.valueresearchonline.com/funds/38201/,8,10,3,4,3,28,Low Risk,Good
DSP Nifty Healthcare ETF,equity,equity,Direct,11.17,,,BSE Healthcare TRI,10.7,,,,,,,,,INF740KA1UF4,152306,20,https://www.valueresearchonline.com/funds/44001/,1,1,1,1,1,5,High Risk,Poor
DSP Nifty Healthcare Index Dir,equity,equity,Direct,,,,BSE Healthcare TRI,,,,,,,,,,INF740KA1WF0,153594,20,https://www.valueresearchonline.com/funds/45212/,1,1,1,1,1,5,High Risk,Poor
Edelweiss MSCI India Domestic & World Healthcare 45 Index Dir,equity,equity,Direct,14.01,19.07,12.8,BSE Healthcare TRI*,10.7,24.4,14.6,1.58,0.66,1.14,12.54,20.11,2.57,INF754K01LV5,148555,25,https://www.valueresearchonline.com/funds/41147/,8,10,4,6,4,32,Low Risk,Good
Groww BSE Hospitals ETF,equity,equity,Direct,,,,BSE Healthcare TRI,,,,,,,,,,INF666M01OD9,154199,16,https://www.valueresearchonline.com/funds/45815/,1,1,1,1,1,5,High Risk,Poor
Groww BSE Hospitals ETF FoF Dir,equity,equity,Direct,,,,BSE Healthcare TRI,,,,,,,,,,INF666M01NX9,154200,1,https://www.valueresearchonline.com/funds/45818/,1,1,1,1,1,5,High Risk,Poor
HDFC Pharma And Healthcare Dir,equity,equity,Direct,21.66,,,BSE Healthcare TRI,10.7,,,,,,,,,INF179KC1HO1,152082,25,https://www.valueresearchonline.com/funds/43786/,1,1,1,1,1,5,High Risk,Poor
ICICI Pru Nifty Healthcare ETF,equity,equity,Direct,11.29,22.13,13.44,BSE Healthcare TRI,10.7,24.4,14.6,-1.6,0.98,1,17.12,23.02,1.87,INF109KC1Q72,148957,20,https://www.valueresearchonline.com/funds/41502/,4,10,2,4,3,23,Moderate Risk,Average
ICICI Pru Nifty Pharma Index Dir,equity,equity,Direct,12.81,22.32,,BSE Healthcare TRI,10.7,24.4,,-0.75,0.95,1.03,16.84,23.26,1.86,INF109KC11M9,150930,20,https://www.valueresearchonline.com/funds/42840/,4,10,2,4,3,23,Moderate Risk,Average
ICICI Pru Pharma Healthcare and Diagnostics Dir,equity,equity,Direct,8.45,26.59,16.74,BSE Healthcare TRI,10.7,24.4,14.6,2.44,0.96,1.23,16.87,26.65,1.81,INF109KC1GJ8,143876,25,https://www.valueresearchonline.com/funds/36530/,10,10,2,4,3,29,Low Risk,Good
ITI Pharma and Healthcare Dir,equity,equity,Direct,6.05,20.72,,BSE Healthcare TRI,10.7,24.4,,-2.82,0.97,0.93,16.79,21.5,1.38,INF00XX01BO9,149268,25,https://www.valueresearchonline.com/funds/41793/,2,8,2,4,2,18,Moderately High Risk,Average
Kotak Healthcare Dir,equity,equity,Direct,19.46,,,BSE Healthcare TRI,10.7,,,,,,,,,INF174KA1PZ7,152214,25,https://www.valueresearchonline.com/funds/43896/,1,1,1,1,1,5,High Risk,Poor
LIC MF Healthcare Dir,equity,equity,Direct,9.68,22.36,12.15,BSE Healthcare TRI,10.7,24.4,14.6,-0.38,0.93,1.06,16.35,23.21,1.62,INF397L01LK4,152024,23,https://www.valueresearchonline.com/funds/39051/,4,10,2,4,3,23,Moderate Risk,Average
Mirae Asset Healthcare Dir,equity,equity,Direct,14.38,25.23,16.07,BSE Healthcare TRI,10.7,24.4,14.6,1,0.97,1.16,16.89,25.41,1.89,INF769K01ED6,143783,25,https://www.valueresearchonline.com/funds/36382/,8,10,2,4,3,27,Low Risk,Good
Mirae Asset Nifty 500 Healthcare ETF,equity,equity,Direct,,,,BSE Healthcare TRI,,,,,,,,,,INF769K01QA6,154169,25,https://www.valueresearchonline.com/funds/45788/,1,1,1,1,1,5,High Risk,Poor
Motilal Oswal BSE Healthcare ETF,equity,equity,Direct,10.42,24.05,,BSE Healthcare TRI,10.7,24.4,,-0.25,1,1.1,17.01,24.63,1.76,INF247L01BB1,150445,25,https://www.valueresearchonline.com/funds/42344/,4,10,2,4,3,23,Moderate Risk,Average
Motilal Oswal Nifty MidSmall Helthcr Index Dir,equity,equity,Direct,14.08,,,BSE Healthcare TRI,10.7,,,,,,,,,INF247L01EA7,153023,25,https://www.valueresearchonline.com/funds/44676/,1,1,1,1,1,5,High Risk,Poor
Nippon India Nifty Pharma ETF,equity,equity,Direct,13.15,22.94,,BSE Healthcare TRI,10.7,24.4,,-0.27,0.95,1.06,16.88,23.79,1.9,INF204KA1U53,134547,20,https://www.valueresearchonline.com/funds/41539/,4,10,2,4,3,23,Moderate Risk,Average
Nippon India Pharma Dir,equity,equity,Direct,7.51,21.81,13.99,BSE Healthcare TRI,10.7,24.4,14.6,-0.43,0.9,1.06,15.79,22.62,1.73,INF204K01I50,118759,25,https://www.valueresearchonline.com/funds/16150/,4,10,3,4,3,24,Moderate Risk,Average
PGIM India Healthcare Dir,equity,equity,Direct,15.75,,,BSE Healthcare TRI,10.7,,,,,,,,,INF663L01Z45,153039,25,https://www.valueresearchonline.com/funds/44693/,1,1,1,1,1,5,High Risk,Poor
Quant Healthcare Dir,equity,equity,Direct,9.28,,,BSE Healthcare TRI,10.7,,,,,,,,,INF966L01CD0,151853,11,https://www.valueresearchonline.com/funds/43610/,1,1,1,1,1,5,High Risk,Poor
SBI Healthcare Opportunities Dir,equity,equity,Direct,12.19,24.74,17.06,BSE Healthcare TRI*,10.7,24.4,14.6,2.3,0.85,1.25,14.81,24.42,2.13,INF200K01UP2,119783,25,https://www.valueresearchonline.com/funds/16327/,10,10,3,5,4,32,Low Risk,Good
Tata India Pharma & Healthcare Dir,equity,equity,Direct,8.67,23,15.39,BSE Healthcare TRI,10.7,24.4,14.6,-1.3,0.99,1.03,17.12,23.47,1.74,INF277K019A3,135810,25,https://www.valueresearchonline.com/funds/31352/,4,10,2,4,3,23,Moderate Risk,Average
Tata Nifty MidSmall Healthcare Index Dir,equity,equity,Direct,14.14,,,BSE Healthcare TRI,10.7,,,,,,,,,INF277KA1BG3,152564,25,https://www.valueresearchonline.com/funds/44275/,1,1,1,1,1,5,High Risk,Poor
UTI Healthcare Dir,equity,equity,Direct,13.16,26.47,15.78,BSE Healthcare TRI,10.7,24.4,14.6,1.94,0.96,1.21,16.65,26.06,1.9,INF789F01TO9,120782,25,https://www.valueresearchonline.com/funds/15932/,8,10,2,4,3,27,Low Risk,Good
WhiteOak Capital Pharma and Healthcare Dir,equity,equity,Direct,18.1,,,BSE Healthcare TRI,10.7,,,,,,,,,INF03VN01886,152349,25,https://www.valueresearchonline.com/funds/44061/,1,1,1,1,1,5,High Risk,Poor
ABSL Digital India Dir,equity,equity,Direct,-15.37,6.68,6.72,BSE IT TRI*,-25.79,1.05,1.19,5.1,0.86,0.14,19.35,8.67,0.24,INF209K01VF2,120539,25,https://www.valueresearchonline.com/funds/15878/,12,4,1,4,1,22,Moderate Risk,Average
ABSL Nifty IT ETF,equity,equity,Direct,-25.02,1.95,,BSE IT TRI,-25.79,1.05,,1.3,1.02,-0.06,22.23,4.46,-0.03,INF209KB11D8,149293,10,https://www.valueresearchonline.com/funds/41807/,8,1,1,3,1,14,Moderately High Risk,Average
Axis NIFTY IT ETF,equity,equity,Direct,-25.59,1.71,1.86,BSE IT TRI,-25.79,1.05,1.19,1.05,1.01,-0.07,22.19,4.22,-0.04,INF846K01W98,141545,10,https://www.valueresearchonline.com/funds/41382/,8,1,1,3,1,14,Moderately High Risk,Average
Axis Nifty IT Index Dir,equity,equity,Direct,-25.69,,,BSE IT TRI,-25.79,,,,,,,,,INF846K017R3,151785,10,https://www.valueresearchonline.com/funds/43614/,1,1,1,1,1,5,High Risk,Poor
Bandhan Nifty IT Index Dir,equity,equity,Direct,-25.83,,,BSE IT TRI,-25.79,,,,,,,,,INF194KB1GK3,152041,10,https://www.valueresearchonline.com/funds/43728/,1,1,1,1,1,5,High Risk,Poor
DSP Nifty IT ETF,equity,equity,Direct,-25.47,,,BSE IT TRI,-25.79,,,,,,,,,INF740K01ZW2,124175,10,https://www.valueresearchonline.com/funds/43573/,1,1,1,1,1,5,High Risk,Poor
DSP Nifty IT Index Dir,equity,equity,Direct,,,,BSE IT TRI,,,,,,,,,,INF740KA1WL8,153590,10,https://www.valueresearchonline.com/funds/45208/,1,1,1,1,1,5,High Risk,Poor
Edelweiss Technology Dir,equity,equity,Direct,3.38,,,BSE IT TRI*,-25.79,,,,,,,,,INF754K01SK3,152437,25,https://www.valueresearchonline.com/funds/44122/,1,1,1,1,1,5,High Risk,Poor
Franklin India Technology Dir,equity,equity,Direct,-12.81,12.85,9.45,BSE IT TRI*,-25.79,1.05,1.19,11.07,0.75,0.5,18.22,14.94,0.93,INF090I01FE6,118537,22,https://www.valueresearchonline.com/funds/16018/,12,6,1,5,1,25,Moderate Risk,Average
HDFC NIFTY IT ETF,equity,equity,Direct,-25.54,1.75,,BSE IT TRI,-25.79,1.05,,1.1,1.01,-0.07,22.22,4.26,-0.04,INF179KA1IZ7,128629,10,https://www.valueresearchonline.com/funds/42716/,8,1,1,3,1,14,Moderately High Risk,Average
HDFC Nifty India Digital Index Dir,equity,equity,Direct,-12.15,,,BSE IT TRI,-25.79,,,,,,,,,INF179KC1JB4,153097,25,https://www.valueresearchonline.com/funds/44757/,1,1,1,1,1,5,High Risk,Poor
HDFC Technology Dir,equity,equity,Direct,-20.27,,,BSE IT TRI,-25.79,,,,,,,,,INF179KC1HI3,152059,25,https://www.valueresearchonline.com/funds/43756/,1,1,1,1,1,5,High Risk,Poor
ICICI Pru Nifty IT ETF,equity,equity,Direct,-25.52,1.8,1.9,BSE IT TRI,-25.79,1.05,1.19,1.14,1.01,-0.07,22.23,4.31,-0.03,INF109KC16I6,148466,10,https://www.valueresearchonline.com/funds/41081/,8,1,1,3,1,14,Moderately High Risk,Average
ICICI Pru Nifty IT Index Dir,equity,equity,Direct,-25.7,1.56,,BSE IT TRI,-25.79,1.05,,0.91,1.01,-0.08,22.2,4.08,-0.04,INF109KC13E2,150468,10,https://www.valueresearchonline.com/funds/42405/,8,1,1,3,1,14,Moderately High Risk,Average
ICICI Pru Technology Dir,equity,equity,Direct,-15.39,8.89,7.38,BSE IT TRI*,-25.79,1.05,1.19,6.51,0.84,0.23,18.85,10.13,0.35,INF109K01Z48,120594,25,https://www.valueresearchonline.com/funds/15864/,12,4,1,5,1,23,Moderate Risk,Average
Invesco India Tech Dir,equity,equity,Direct,-2.87,,,BSE IT TRI,-25.79,,,,,,,,,INF205KA1965,152863,25,https://www.valueresearchonline.com/funds/44543/,1,1,1,1,1,5,High Risk,Poor
Kotak Nifty IT ETF,equity,equity,Direct,-25.3,1.94,2.02,BSE IT TRI,-25.79,1.05,1.19,1.25,1.01,-0.07,22.22,4.42,-0.03,INF174K01KH7,123693,10,https://www.valueresearchonline.com/funds/41345/,8,1,1,3,1,14,Moderately High Risk,Average
Kotak Technology Dir,equity,equity,Direct,-16.4,,,BSE IT TRI*,-25.79,,,,,,,,,INF174KA1QZ5,152462,24,https://www.valueresearchonline.com/funds/44164/,1,1,1,1,1,5,High Risk,Poor
LIC MF Technology Dir,equity,equity,Direct,,,,BSE IT TRI,,,,,,,,,,INF767K01SJ7,154244,25,https://www.valueresearchonline.com/funds/45855/,1,1,1,1,1,5,High Risk,Poor
Mirae Asset Nifty IT ETF,equity,equity,Direct,-25.51,,,BSE IT TRI,-25.79,,,,,,,,,INF769K01KV5,152155,10,https://www.valueresearchonline.com/funds/43832/,1,1,1,1,1,5,High Risk,Poor
Motilal Oswal Digital India Dir,equity,equity,Direct,-9.42,,,BSE IT TRI,-25.79,,,,,,,,,INF247L01DN2,152964,25,https://www.valueresearchonline.com/funds/44642/,1,1,1,1,1,5,High Risk,Poor
Navi Nifty IT Index Dir,equity,equity,Direct,-25.65,,,BSE IT TRI,-25.79,,,,,,,,,INF959L01HM5,152535,10,https://www.valueresearchonline.com/funds/44234/,1,1,1,1,1,5,High Risk,Poor
Nippon India ETF Nifty IT,equity,equity,Direct,-25.6,1.73,1.84,BSE IT TRI,-25.79,1.05,1.19,1.08,1.01,-0.07,22.22,4.25,-0.04,INF204KB15V2,148408,10,https://www.valueresearchonline.com/funds/41024/,8,1,1,3,1,14,Moderately High Risk,Average
Nippon India Nifty IT Index Dir,equity,equity,Direct,-25.66,,,BSE IT TRI,-25.79,,,,,,,,,INF204KC1CE2,152392,10,https://www.valueresearchonline.com/funds/44110/,1,1,1,1,1,5,High Risk,Poor
Quant Teck Dir,equity,equity,Direct,-13.53,,,BSE IT TRI,-25.79,,,,,,,,,INF966L01CT6,152067,12,https://www.valueresearchonline.com/funds/43762/,1,1,1,1,1,5,High Risk,Poor
SBI Nifty IT ETF,equity,equity,Direct,-25.6,1.73,1.84,BSE IT TRI,-25.79,1.05,1.19,1.08,1.02,-0.07,22.23,4.25,-0.04,INF200KA1S14,148542,10,https://www.valueresearchonline.com/funds/41150/,8,1,1,3,1,14,Moderately High Risk,Average
SBI Nifty IT Index Dir,equity,equity,Direct,-25.71,,,BSE IT TRI,-25.79,,,,,,,,,INF200KB1621,153320,10,https://www.valueresearchonline.com/funds/44960/,1,1,1,1,1,5,High Risk,Poor
SBI Technology Opportunities Dir,equity,equity,Direct,-14.06,9.91,9.87,BSE IT TRI*,-25.79,1.05,1.19,7.3,0.77,0.3,17.44,11.13,0.5,INF200K01RV6,120578,25,https://www.valueresearchonline.com/funds/17526/,12,4,2,5,1,24,Moderate Risk,Average
Tata Digital India Dir,equity,equity,Direct,-18.46,7.65,7.39,BSE IT TRI,-25.79,1.05,1.19,5.83,0.89,0.17,19.81,9.32,0.31,INF277K01Z77,135800,25,https://www.valueresearchonline.com/funds/31368/,12,4,1,4,1,22,Moderate Risk,Average
Tata Nifty India Digital ETF,equity,equity,Direct,-11.93,11.36,,BSE IT TRI,-25.79,1.05,,10.17,0.78,0.43,18.94,13.95,,INF277KA1448,150340,25,https://www.valueresearchonline.com/funds/42165/,12,4,1,5,1,23,Moderate Risk,Average
Tata Nifty India Digital ETF FoF Dir,equity,equity,Direct,-11.63,10.88,,BSE IT TRI,-25.79,1.05,,9.47,0.75,0.4,18.6,13.35,0.66,INF277KA1430,150344,1,https://www.valueresearchonline.com/funds/42256/,12,4,1,5,1,23,Moderate Risk,Average
UTI Nifty IT ETF,equity,equity,Direct,-25.47,,,BSE IT TRI,-25.79,,,,,,,,,INF789F1AZD8,152355,10,https://www.valueresearchonline.com/funds/44072/,1,1,1,1,1,5,High Risk,Poor
WhiteOak Capital Digital Bharat Dir,equity,equity,Direct,-7.63,,,BSE IT TRI,-25.79,,,,,,,,,INF03VN01936,152915,25,https://www.valueresearchonline.com/funds/44576/,1,1,1,1,1,5,High Risk,Poor
ABSL Nifty Smallcap 50 Index Dir,equity,equity,Direct,4.4,23.62,13.98,BSE 250 SmallCap TRI,2.14,17.76,16.31,4.55,1.02,0.81,22.99,24.43,1.52,INF209KB1W17,148815,25,https://www.valueresearchonline.com/funds/41389/,12,8,1,3,3,27,Low Risk,Good
ABSL Small Cap Dir,equity,equity,Direct,11.14,18.18,15.24,BSE 250 SmallCap TRI,2.14,17.76,16.31,0.97,0.89,0.66,20.25,19.16,1.17,INF209K01WN4,119556,25,https://www.valueresearchonline.com/funds/15935/,8,6,1,4,2,21,Moderate Risk,Average
Abakkus Small Cap Dir,equity,equity,Direct,,,,BSE 250 SmallCap TRI,,,,,,,,,,INF2JJD01177,154215,25,https://www.valueresearchonline.com/funds/45863/,1,1,1,1,1,5,High Risk,Poor
Axis Nifty Smallcap 50 Index Dir,equity,equity,Direct,4.53,23.69,,BSE 250 SmallCap TRI,2.14,17.76,,4.64,1.01,0.81,22.85,24.43,1.52,INF846K013H3,149894,25,https://www.valueresearchonline.com/funds/42118/,12,8,1,3,3,27,Low Risk,Good
Axis Small Cap Dir,equity,equity,Direct,6,16.8,18.68,BSE 250 SmallCap TRI,2.14,17.76,16.31,1.3,0.74,0.68,16.86,17.41,1.17,INF846K01K35,125354,25,https://www.valueresearchonline.com/funds/22335/,8,6,2,5,2,23,Moderate Risk,Average
Bajaj Finserv Small Cap Dir,equity,equity,Direct,,,,BSE 250 SmallCap TRI,,,,,,,,,,INF0QA701BN2,153612,25,https://www.valueresearchonline.com/funds/45271/,1,1,1,1,1,5,High Risk,Poor
Bandhan Nifty Smallcap 250 Index Dir,equity,equity,Direct,2.92,,,BSE 250 SmallCap TRI,2.14,,,,,,,,,INF194KB1HG9,152264,25,https://www.valueresearchonline.com/funds/43958/,1,1,1,1,1,5,High Risk,Poor
Bandhan Small Cap Dir,equity,equity,Direct,7.96,29.17,22.26,BSE 250 SmallCap TRI,2.14,17.76,16.31,10.31,0.92,1.1,20.89,28.9,1.99,INF194KB1AL4,147946,25,https://www.valueresearchonline.com/funds/40564/,12,10,1,4,3,30,Low Risk,Good
Bank of India Small Cap Dir,equity,equity,Direct,18.11,23.36,21.59,BSE 250 SmallCap TRI,2.14,17.76,16.31,4.77,0.94,0.81,21.88,23.61,1.06,INF761K01EP7,145678,25,https://www.valueresearchonline.com/funds/38283/,12,8,1,4,2,27,Low Risk,Good
Baroda BNP Paribas Small Cap Dir,equity,equity,Direct,5.13,,,BSE 250 SmallCap TRI,2.14,,,,,,,,,INF251K01SR5,152128,25,https://www.valueresearchonline.com/funds/43795/,1,1,1,1,1,5,High Risk,Poor
Canara Robeco Small Cap Dir,equity,equity,Direct,3.45,15.07,18.29,BSE 250 SmallCap TRI,2.14,17.76,16.31,-0.66,0.8,0.57,18.12,16.24,0.98,INF760K01JC6,146130,25,https://www.valueresearchonline.com/funds/38817/,4,6,1,5,1,17,Moderately High Risk,Average
DSP Nifty Smallcap 250 ETF,equity,equity,Direct,,,,BSE 250 SmallCap TRI,,,,,,,,,,INF740KA1WX3,154024,25,https://www.valueresearchonline.com/funds/45659/,1,1,1,1,1,5,High Risk,Poor
DSP Nifty Smallcap 250 Index Dir,equity,equity,Direct,,,,BSE 250 SmallCap TRI,,,,,,,,,,INF740KA1XH4,154018,25,https://www.valueresearchonline.com/funds/45657/,1,1,1,1,1,5,High Risk,Poor
DSP Nifty Smallcap250 Quality 50 Index Dir,equity,equity,Direct,-6.89,,,BSE 250 SmallCap TRI,2.14,,,,,,,,,INF740KA1TW1,152243,25,https://www.valueresearchonline.com/funds/43941/,1,1,1,1,1,5,High Risk,Poor
DSP Small Cap Dir,equity,equity,Direct,9.16,19.48,19.37,BSE 250 SmallCap TRI,2.14,17.76,16.31,2.3,0.93,0.7,21.51,20.95,1.28,INF740K01QD1,119212,25,https://www.valueresearchonline.com/funds/16411/,10,6,1,4,2,23,Moderate Risk,Average
Edelweiss Nifty Smallcap 250 Index Dir,equity,equity,Direct,3.13,19.22,,BSE 250 SmallCap TRI,2.14,17.76,,1.04,1,0.67,22.2,20.68,1.15,INF754K01QT8,150892,25,https://www.valueresearchonline.com/funds/42808/,8,6,1,4,2,21,Moderate Risk,Average
Edelweiss Small Cap Dir,equity,equity,Direct,6.69,18.86,19.43,BSE 250 SmallCap TRI,2.14,17.76,16.31,2.47,0.81,0.74,18.35,19.51,1.31,INF754K01JN6,146196,25,https://www.valueresearchonline.com/funds/38851/,10,6,1,5,2,24,Moderate Risk,Average
Franklin India Small Cap Dir,equity,equity,Direct,2.79,17.38,19.3,BSE 250 SmallCap TRI,2.14,17.76,16.31,0.33,0.89,0.62,20.37,18.53,1.11,INF090I01IQ4,118525,25,https://www.valueresearchonline.com/funds/16010/,8,6,1,4,2,21,Moderate Risk,Average
Groww Nifty Smallcap 250 ETF,equity,equity,Direct,,,,BSE 250 SmallCap TRI,,,,,,,,,,INF200KB1AY9,154353,25,https://www.valueresearchonline.com/funds/45552/,1,1,1,1,1,5,High Risk,Poor
Groww Nifty Smallcap 250 Index Dir,equity,equity,Direct,2.99,,,BSE 250 SmallCap TRI,2.14,,,,,,,,,INF666M01HY9,152431,25,https://www.valueresearchonline.com/funds/44156/,1,1,1,1,1,5,High Risk,Poor
Groww Small Cap Fund Dir,equity,equity,Direct,,,,BSE 250 SmallCap TRI,,,,,,,,,,INF666M01NJ8,154063,25,https://www.valueresearchonline.com/funds/45697/,1,1,1,1,1,5,High Risk,Poor
HDFC Nifty Smallcap 250 ETF,equity,equity,Direct,2.97,19.19,,BSE 250 SmallCap TRI,2.14,17.76,,1.01,1,0.67,22.28,20.69,1.16,INF179KC1FB2,151375,25,https://www.valueresearchonline.com/funds/43116/,8,6,1,4,2,21,Moderate Risk,Average
HDFC Nifty Smallcap 250 Index Dir,equity,equity,Direct,2.84,18.88,,BSE 250 SmallCap TRI,2.14,17.76,,0.7,1,0.65,22.23,20.35,,INF179KC1GE4,151727,25,https://www.valueresearchonline.com/funds/43484/,8,6,1,4,1,20,Moderate Risk,Average
HDFC Small Cap Dir,equity,equity,Direct,1.2,14.87,17.61,BSE 250 SmallCap TRI,2.14,17.76,16.31,-0.89,0.79,0.55,18,15.83,1.32,INF179KA1RW5,130503,25,https://www.valueresearchonline.com/funds/16617/,4,6,1,5,2,18,Moderately High Risk,Average
HSBC Small Cap Dir,equity,equity,Direct,6.37,17.75,20.11,BSE 250 SmallCap TRI,2.14,17.76,16.31,-0.3,0.97,0.6,21.91,18.9,0.86,INF917K01QA1,151130,25,https://www.valueresearchonline.com/funds/26133/,4,6,1,4,1,16,Moderately High Risk,Average
Helios Small Cap Dir,equity,equity,Direct,,,,BSE 250 SmallCap TRI,,,,,,,,,,INF0R8701384,153912,25,https://www.valueresearchonline.com/funds/45559/,1,1,1,1,1,5,High Risk,Poor
ICICI Pru Nifty Smallcap 250 Index Dir,equity,equity,Direct,2.83,18.88,,BSE 250 SmallCap TRI,2.14,17.76,,0.75,1,0.65,22.21,20.39,1.14,INF109KC1V18,149283,25,https://www.valueresearchonline.com/funds/41789/,8,6,1,4,2,21,Moderate Risk,Average
ICICI Pru Smallcap Dir,equity,equity,Direct,4.18,14.51,17.1,BSE 250 SmallCap TRI,2.14,17.76,16.31,-1.01,0.79,0.55,18.1,15.74,1.16,INF109K015M0,120591,25,https://www.valueresearchonline.com/funds/17116/,4,6,1,5,2,18,Moderately High Risk,Average
ITI Small Cap Dir,equity,equity,Direct,12.29,25.86,18.29,BSE 250 SmallCap TRI,2.14,17.76,16.31,7.67,0.86,0.99,19.77,25.42,1.41,INF00XX01747,147919,25,https://www.valueresearchonline.com/funds/40532/,12,8,1,4,2,27,Low Risk,Good
Invesco India Smallcap Dir,equity,equity,Direct,11.9,24.68,22.36,BSE 250 SmallCap TRI,2.14,17.76,16.31,6.23,0.84,0.91,19.41,23.62,1.33,INF205K013T3,145137,25,https://www.valueresearchonline.com/funds/37843/,12,8,1,5,2,28,Low Risk,Good
JM Small Cap Dir,equity,equity,Direct,11.27,,,BSE 250 SmallCap TRI,2.14,,,,,,,,,INF192K01NH3,152614,25,https://www.valueresearchonline.com/funds/44313/,1,1,1,1,1,5,High Risk,Poor
JioBlackRock Nifty Smallcap 250 Index Dir,equity,equity,Direct,,,,BSE 250 SmallCap TRI,,,,,,,,,,INF22M001051,153790,25,https://www.valueresearchonline.com/funds/45424/,1,1,1,1,1,5,High Risk,Poor
Kotak Nifty Smallcap 250 Index Dir,equity,equity,Direct,2.93,,,BSE 250 SmallCap TRI,2.14,,,,,,,,,INF174KA1UK9,153223,25,https://www.valueresearchonline.com/funds/44868/,1,1,1,1,1,5,High Risk,Poor
Kotak Nifty Smallcap 50 Index Dir,equity,equity,Direct,4.23,23.72,,BSE 250 SmallCap TRI,2.14,17.76,,4.57,1.02,0.81,23,24.45,,INF174KA1NB3,151649,25,https://www.valueresearchonline.com/funds/43357/,12,8,1,3,1,25,Moderate Risk,Average
Kotak Small Cap Dir,equity,equity,Direct,1.73,14.35,15.17,BSE 250 SmallCap TRI,2.14,17.76,16.31,-1.6,0.85,0.52,19.68,16.04,0.9,INF174K01KT2,120164,25,https://www.valueresearchonline.com/funds/16382/,4,6,1,5,1,17,Moderately High Risk,Average
LIC MF Small Cap Dir,equity,equity,Direct,11.81,18.67,19.67,BSE 250 SmallCap TRI,2.14,17.76,16.31,1.48,0.93,0.66,21.54,20.12,0.78,INF397L01JS1,152004,25,https://www.valueresearchonline.com/funds/34272/,8,6,1,4,1,20,Moderate Risk,Average
Mahindra Manulife Small Cap Dir,equity,equity,Direct,12.18,23.91,,BSE 250 SmallCap TRI,2.14,17.76,,5.78,0.88,0.9,19.98,23.79,1.42,INF174V01BK7,150915,25,https://www.valueresearchonline.com/funds/42799/,12,8,1,4,2,27,Low Risk,Good
Mirae Asset Nifty Smallcap 250 ETF,equity,equity,Direct,,,,BSE 250 SmallCap TRI,,,,,,,,,,INF769K01PQ4,153946,25,https://www.valueresearchonline.com/funds/45590/,1,1,1,1,1,5,High Risk,Poor
Mirae Asset Nifty Smallcap 250 Momentum Quality 100 ETF,equity,equity,Direct,-1.77,,,BSE 250 SmallCap TRI,2.14,,,,,,,,,INF769K01LC3,152455,25,https://www.valueresearchonline.com/funds/44091/,1,1,1,1,1,5,High Risk,Poor
Mirae Asset Nifty Smallcap 250 Momentum Quality 100 ETF FoF Dir,equity,equity,Direct,-2.09,,,BSE 250 SmallCap TRI,2.14,,,,,,,,,INF769K01LG4,152459,1,https://www.valueresearchonline.com/funds/44094/,1,1,1,1,1,5,High Risk,Poor
Mirae Asset Small Cap Dir,equity,equity,Direct,8.67,,,BSE 250 SmallCap TRI,2.14,,,,,,,,,INF769K01NJ4,153196,25,https://www.valueresearchonline.com/funds/44824/,1,1,1,1,1,5,High Risk,Poor
Motilal Oswal Nifty Microcap 250 Index Dir,equity,equity,Direct,4.83,,,BSE 250 SmallCap TRI,2.14,,,,,,,,,INF247L01BQ9,151814,25,https://www.valueresearchonline.com/funds/43575/,1,1,1,1,1,5,High Risk,Poor
Motilal Oswal Nifty Smallcap 250 ETF,equity,equity,Direct,3.03,,,BSE 250 SmallCap TRI,2.14,,,,,,,,,INF247L01635,139872,25,https://www.valueresearchonline.com/funds/44249/,1,1,1,1,1,5,High Risk,Poor
Motilal Oswal Nifty Smallcap 250 Index Dir,equity,equity,Direct,2.95,19.17,16.56,BSE 250 SmallCap TRI,2.14,17.76,16.31,0.99,1,0.66,22.29,20.68,1.15,INF247L01932,147623,25,https://www.valueresearchonline.com/funds/40244/,8,6,1,4,2,21,Moderate Risk,Average
Motilal Oswal Small Cap Dir,equity,equity,Direct,14.81,,,BSE 250 SmallCap TRI,2.14,,,,,,,,,INF247L01BY3,152237,25,https://www.valueresearchonline.com/funds/43945/,1,1,1,1,1,5,High Risk,Poor
Navi Nifty Smallcap250 Momentum Quality 100 Index Dir,equity,equity,Direct,-1.9,,,BSE 250 SmallCap TRI,2.14,,,,,,,,,INF959L01HQ6,153362,25,https://www.valueresearchonline.com/funds/45019/,1,1,1,1,1,5,High Risk,Poor
Nippon India Nifty Smallcap 250 Index Dir,equity,equity,Direct,2.89,18.7,16.33,BSE 250 SmallCap TRI,2.14,17.76,16.31,0.62,1,0.65,22.18,20.25,1.12,INF204KB15W0,148519,25,https://www.valueresearchonline.com/funds/41131/,8,6,1,4,2,21,Moderate Risk,Average
Nippon India Small Cap Dir,equity,equity,Direct,7.64,19.56,21.78,BSE 250 SmallCap TRI,2.14,17.76,16.31,2.5,0.87,0.74,19.56,20.37,1.3,INF204K01K15,118778,25,https://www.valueresearchonline.com/funds/16182/,10,6,1,4,2,23,Moderate Risk,Average
PGIM India Small Cap Dir,equity,equity,Direct,11.27,17.32,,BSE 250 SmallCap TRI,2.14,17.76,,0.88,0.75,0.65,17.4,17.14,0.98,INF663L01W06,149019,25,https://www.valueresearchonline.com/funds/41577/,8,6,2,5,1,22,Moderate Risk,Average
Quant Small Cap Dir,equity,equity,Direct,11.07,21.15,21.73,BSE 250 SmallCap TRI,2.14,17.76,16.31,3.69,0.89,0.78,20.55,21.84,1.25,INF966L01689,120828,25,https://www.valueresearchonline.com/funds/17366/,10,8,1,4,2,25,Moderate Risk,Average
Quantum Small Cap Dir,equity,equity,Direct,8.36,,,BSE 250 SmallCap TRI,2.14,,,,,,,,,INF082J01432,152107,25,https://www.valueresearchonline.com/funds/43814/,1,1,1,1,1,5,High Risk,Poor
SBI Nifty Smallcap 250 Index Dir,equity,equity,Direct,2.81,18.94,,BSE 250 SmallCap TRI,2.14,17.76,,0.79,1,0.66,22.27,20.47,1.14,INF200KA16P2,150677,25,https://www.valueresearchonline.com/funds/42581/,8,6,1,4,2,21,Moderate Risk,Average
SBI Small Cap Dir,equity,equity,Direct,3.19,13.51,15.33,BSE 250 SmallCap TRI,2.14,17.76,16.31,-2.1,0.76,0.49,17.11,14.19,0.82,INF200K01T51,125497,25,https://www.valueresearchonline.com/funds/15787/,2,4,2,5,1,14,Moderately High Risk,Average
Samco Small Cap Dir,equity,equity,Direct,,,,BSE 250 SmallCap TRI,,,,,,,,,,INF0K1H01297,153868,25,https://www.valueresearchonline.com/funds/45540/,1,1,1,1,1,5,High Risk,Poor
Sundaram Small Cap Dir,equity,equity,Direct,13.7,20.56,19.87,BSE 250 SmallCap TRI,2.14,17.76,16.31,3.07,0.86,0.76,19.67,20.82,1.27,INF903J01NK9,119589,25,https://www.valueresearchonline.com/funds/16112/,10,8,1,4,2,25,Moderate Risk,Average
TRUST MF Small Cap Dir,equity,equity,Direct,24.59,,,BSE 250 SmallCap TRI,2.14,,,,,,,,,INF0GCD01800,152939,25,https://www.valueresearchonline.com/funds/44593/,1,1,1,1,1,5,High Risk,Poor
Tata Small Cap Dir,equity,equity,Direct,-4.88,13.49,16.83,BSE 250 SmallCap TRI,2.14,17.76,16.31,-3.46,0.86,0.42,19.93,14.25,0.83,INF277K011O1,145206,25,https://www.valueresearchonline.com/funds/37991/,2,4,1,4,1,12,High Risk,Poor
The Wealth Company Small Cap Dir,equity,equity,Direct,,,,BSE 250 SmallCap TRI,,,,,,,,,,INF2F0001545,154270,25,https://www.valueresearchonline.com/funds/45896/,1,1,1,1,1,5,High Risk,Poor
UTI Small Cap Dir,equity,equity,Direct,4.79,17.33,17.86,BSE 250 SmallCap TRI,2.14,17.76,16.31,0.44,0.86,0.63,19.78,18.23,1.06,INF789F1AUQ1,148618,25,https://www.valueresearchonline.com/funds/41233/,8,6,1,4,2,21,Moderate Risk,Average
Union Small Cap Dir,equity,equity,Direct,19.33,20.53,19.33,BSE 250 SmallCap TRI,2.14,17.76,16.31,3.78,0.84,0.78,19.8,21.26,1.09,INF582M01BU9,129649,25,https://www.valueresearchonline.com/funds/26860/,10,8,1,5,2,26,Moderate Risk,Average
Zerodha Nifty Smallcap 100 ETF,equity,equity,Direct,,,,BSE 250 SmallCap TRI,,,,,,,,,,INF0R8F01141,153837,25,https://www.valueresearchonline.com/funds/45480/,1,1,1,1,1,5,High Risk,Poor
ABSL Conglomerate Dir,equity,equity,Direct,4.04,,,BSE 500 TRI,1.14,,,,,,,,,INF209KC1373,153124,25,https://www.valueresearchonline.com/funds/44788/,1,1,1,1,1,5,High Risk,Poor
ABSL Nifty India Defence Index Dir,equity,equity,Direct,7.48,,,BSE 500 TRI,1.14,,,,,,,,,INF209KC1183,152798,19,https://www.valueresearchonline.com/funds/44489/,1,1,1,1,1,5,High Risk,Poor
ABSL Special Opportunities Dir,equity,equity,Direct,16.74,21.76,16.68,BSE 500 TRI,1.14,13.21,12.36,7.06,0.97,0.97,15.34,20.68,1.87,INF209KB1T79,148539,25,https://www.valueresearchonline.com/funds/41143/,12,8,3,4,3,30,Low Risk,Good
Axis BSE India Sector Leaders Index Dir,equity,equity,Direct,,,,BSE 500 TRI,,,,,,,,,,INF846KA1424,154171,25,https://www.valueresearchonline.com/funds/45782/,1,1,1,1,1,5,High Risk,Poor
Axis Momentum Dir,equity,equity,Direct,-2.07,,,BSE 500 TRI,1.14,,,,,,,,,INF846K011Z9,153083,25,https://www.valueresearchonline.com/funds/44768/,1,1,1,1,1,5,High Risk,Poor
Axis Multi Factor Passive FoF Dir,equity,equity,Direct,5.14,11.86,,BSE 500 TRI,1.14,13.21,,-0.93,0.95,0.45,14.92,12.55,0.97,INF846K011G9,149847,4,https://www.valueresearchonline.com/funds/42080/,4,4,3,4,1,16,Moderately High Risk,Average
Axis Services Opportunities Dir,equity,equity,Direct,,,,BSE 500 TRI,,,,,,,,,,INF846KA1168,153624,25,https://www.valueresearchonline.com/funds/45324/,1,1,1,1,1,5,High Risk,Poor
Bandhan BSE India Sector Leaders Index Dir,equity,equity,Direct,,,,BSE 500 TRI,,,,,,,,,,INF194KB1KB4,153838,25,https://www.valueresearchonline.com/funds/45461/,1,1,1,1,1,5,High Risk,Poor
Bandhan Multi-Factor Dir,equity,equity,Direct,,,,BSE 500 TRI,,,,,,,,,,INF194KB1JX0,153722,25,https://www.valueresearchonline.com/funds/45334/,1,1,1,1,1,5,High Risk,Poor
Baroda BNP Paribas Business Conglomerates Dir,equity,equity,Direct,,,,BSE 500 TRI,,,,,,,,,,INF251K01VJ6,153847,25,https://www.valueresearchonline.com/funds/45458/,1,1,1,1,1,5,High Risk,Poor
Edelweiss BSE Capital Mkts & Insurance ETF,equity,equity,Direct,7.78,,,BSE 500 TRI,1.14,,,,,,,,,INF754K01TX4,153180,24,https://www.valueresearchonline.com/funds/44826/,1,1,1,1,1,5,High Risk,Poor
Edelweiss BSE Internet Economy Index Dir,equity,equity,Direct,1.75,,,BSE 500 TRI,1.14,,,,,,,,,INF754K01UX2,153497,20,https://www.valueresearchonline.com/funds/45129/,1,1,1,1,1,5,High Risk,Poor
Edelweiss Recently Listed IPO Dir,equity,equity,Direct,21.52,19.94,14.61,BSE 500 TRI,1.14,13.21,12.36,5.68,1.07,0.69,20.61,20.12,0.81,INF754K01ML4,142388,25,https://www.valueresearchonline.com/funds/35234/,12,6,1,3,1,23,Moderate Risk,Average
Franklin India Multi-Factor Dir,equity,equity,Direct,,,,BSE 500 TRI,,,,,,,,,,INF090I01YQ1,153942,25,https://www.valueresearchonline.com/funds/45585/,1,1,1,1,1,5,High Risk,Poor
Franklin India Opportunities Dir,equity,equity,Direct,4.07,24.07,20,BSE 500 TRI*,1.14,13.21,12.36,10.01,1.06,1.04,17.69,24.32,2.04,INF090I01GC8,118539,25,https://www.valueresearchonline.com/funds/15999/,12,10,2,3,4,31,Low Risk,Good
Groww BSE Power ETF,equity,equity,Direct,,,,BSE 500 TRI,,,,,,,,,,INF666M01LM6,153744,18,https://www.valueresearchonline.com/funds/45370/,1,1,1,1,1,5,High Risk,Poor
Groww BSE Power ETF FOF Dir,equity,equity,Direct,,,,BSE 500 TRI,,,,,,,,,,INF666M01LN4,153745,1,https://www.valueresearchonline.com/funds/45373/,1,1,1,1,1,5,High Risk,Poor
Groww Nifty Capital Markets ETF,equity,equity,Direct,,,,BSE 500 TRI,,,,,,,,,,INF666M01MM4,153907,17,https://www.valueresearchonline.com/funds/45632/,1,1,1,1,1,5,High Risk,Poor
Groww Nifty Capital Markets ETF FoF Dir,equity,equity,Direct,,,,BSE 500 TRI,,,,,,,,,,INF666M01MG6,153908,1,https://www.valueresearchonline.com/funds/45628/,1,1,1,1,1,5,High Risk,Poor
Groww Nifty Chemicals ETF,equity,equity,Direct,,,,BSE 500 TRI,,,,,,,,,,INF666M01EK5,145589,20,https://www.valueresearchonline.com/funds/45751/,1,1,1,1,1,5,High Risk,Poor
Groww Nifty India Defence ETF,equity,equity,Direct,7.51,,,BSE 500 TRI,1.14,,,,,,,,,INF666M01IO8,152845,19,https://www.valueresearchonline.com/funds/44590/,1,1,1,1,1,5,High Risk,Poor
Groww Nifty India Defence ETF FoF Dir,equity,equity,Direct,6.96,,,BSE 500 TRI,1.14,,,,,,,,,INF666M01IQ3,152925,1,https://www.valueresearchonline.com/funds/44597/,1,1,1,1,1,5,High Risk,Poor
Groww Nifty India Internet ETF,equity,equity,Direct,,,,BSE 500 TRI,,,,,,,,,,INF666M01LI4,153625,25,https://www.valueresearchonline.com/funds/45241/,1,1,1,1,1,5,High Risk,Poor
Groww Nifty India Internet ETF FoF Dir,equity,equity,Direct,,,,BSE 500 TRI,,,,,,,,,,INF666M01LC7,153626,1,https://www.valueresearchonline.com/funds/45244/,1,1,1,1,1,5,High Risk,Poor
Groww Nifty Metal ETF,equity,equity,Direct,,,,BSE 500 TRI,,,,,,,,,,INF666M01NI0,154034,19,https://www.valueresearchonline.com/funds/45677/,1,1,1,1,1,5,High Risk,Poor
Groww Nifty Realty ETF,equity,equity,Direct,,,,BSE 500 TRI,,,,,,,,,,INF666M01MN2,153899,10,https://www.valueresearchonline.com/funds/45522/,1,1,1,1,1,5,High Risk,Poor
HDFC BSE India Sector Leaders Index Dir,equity,equity,Direct,,,,BSE 500 TRI,,,,,,,,,,INF179KC1JY6,153959,25,https://www.valueresearchonline.com/funds/45589/,1,1,1,1,1,5,High Risk,Poor
HDFC Defence Dir,equity,equity,Direct,16.07,43.97,,BSE 500 TRI,1.84,13.36,,,,,,,,INF179KC1GI5,151750,23,https://www.valueresearchonline.com/funds/43512/,1,1,1,1,1,5,High Risk,Poor
HDFC Housing Opportunities Dir,equity,equity,Direct,-0.82,15.12,14.86,BSE 500 TRI,1.84,13.36,12.53,1.81,1.14,0.59,18.49,16.75,1.43,INF179KC1AU3,141924,25,https://www.valueresearchonline.com/funds/34770/,8,6,1,3,2,20,Moderate Risk,Average
HDFC NIFTY Growth Sectors 15 ETF,equity,equity,Direct,-3.19,6.1,,BSE 500 TRI,1.84,13.36,,-5.07,0.78,0.08,15.06,7.05,0.53,INF179KB15Q6,145034,15,https://www.valueresearchonline.com/funds/42537/,2,4,3,5,1,15,Moderately High Risk,Average
HDFC NIFTY Realty Index Dir,equity,equity,Direct,-18.76,,,BSE 500 TRI,1.84,,,,,,,,,INF179KC1IE0,152521,10,https://www.valueresearchonline.com/funds/44211/,1,1,1,1,1,5,High Risk,Poor
HSBC India Export Opportunities Dir,equity,equity,Direct,13.52,,,BSE 500 TRI,1.84,,,,,,,,,INF336L01RO1,152829,25,https://www.valueresearchonline.com/funds/44524/,1,1,1,1,1,5,High Risk,Poor
ICICI Pru Active Momentum Dir,equity,equity,Direct,,,,BSE 500 TRI,,,,,,,,,,INF109K1A385,153684,25,https://www.valueresearchonline.com/funds/45357/,1,1,1,1,1,5,High Risk,Poor
ICICI Pru Commodities Dir,equity,equity,Direct,18.77,19.2,18.19,BSE 500 TRI,1.84,13.36,12.53,7.64,0.97,0.91,16.84,21.26,1.69,INF109KC1F91,147662,25,https://www.valueresearchonline.com/funds/40306/,12,8,2,4,3,29,Low Risk,Good
ICICI Pru Conglomerate Dir,equity,equity,Direct,,,,BSE 500 TRI,,,,,,,,,,INF109K1A427,153867,25,https://www.valueresearchonline.com/funds/45489/,1,1,1,1,1,5,High Risk,Poor
ICICI Pru Eqt Minimum Variance Fund Dir,equity,equity,Direct,2.28,,,BSE 500 TRI,1.84,,,,,,,,,INF109KC10Y6,153070,25,https://www.valueresearchonline.com/funds/44744/,1,1,1,1,1,5,High Risk,Poor
ICICI Pru Exports & Services Dir,equity,equity,Direct,3.23,18.46,16.89,BSE 500 TRI,1.84,13.36,12.53,5.01,0.85,0.88,13.46,17.67,2.24,INF109K01W25,120688,25,https://www.valueresearchonline.com/funds/15859/,12,8,4,5,4,33,Low Risk,Good
ICICI Pru FMCG Dir,equity,equity,Direct,-10.26,-0.41,8.25,BSE 500 TRI,1.84,13.36,12.53,-11.37,0.86,-0.29,15.41,1.35,-0.01,INF109K01Z14,120587,25,https://www.valueresearchonline.com/funds/15836/,2,1,3,4,1,11,High Risk,Poor
ICICI Pru Housing Opportunities Dir,equity,equity,Direct,3.61,15.99,,BSE 500 TRI,1.84,13.36,,2.93,0.95,0.69,15.28,16.44,1.68,INF109KC10C2,150310,25,https://www.valueresearchonline.com/funds/42250/,10,6,3,4,3,26,Moderate Risk,Average
ICICI Pru India Opportunities Dir,equity,equity,Direct,3.69,19.71,20.75,BSE 500 TRI,1.84,13.36,12.53,7,0.82,1.02,13.34,19.45,2.48,INF109KC1RJ5,145898,25,https://www.valueresearchonline.com/funds/38585/,12,10,4,5,4,35,Very Low Risk,Good
ICICI Pru Multi Sector Passive FoF Dir,equity,equity,Direct,4.67,15.24,13.9,BSE 500 TRI,1.84,13.36,12.53,2.1,0.9,0.66,14.07,15.14,1.65,INF109K01W58,120242,10,https://www.valueresearchonline.com/funds/15812/,10,6,3,4,3,26,Moderate Risk,Average
ICICI Pru Nifty Commodities ETF,equity,equity,Direct,18.06,19.01,,BSE 500 TRI,1.84,13.36,,7.16,1.02,0.86,17.8,21.15,1.58,INF109KC19O8,151207,25,https://www.valueresearchonline.com/funds/42947/,12,8,2,3,3,28,Low Risk,Good
ICICI Pru Nifty FMCG ETF,equity,equity,Direct,-8.19,-0.5,,BSE 500 TRI,1.84,13.36,,-11.82,0.95,-0.25,17.15,1.64,0.06,INF109KC19V3,149072,15,https://www.valueresearchonline.com/funds/41601/,2,1,2,4,1,10,High Risk,Poor
ICICI Pru Nifty Metal ETF,equity,equity,Direct,43.18,,,BSE 500 TRI,1.84,,,,,,,,,INF109KA1O37,131061,19,https://www.valueresearchonline.com/funds/44461/,1,1,1,1,1,5,High Risk,Poor
ICICI Pru Nifty Oil & Gas ETF,equity,equity,Direct,-0.43,,,BSE 500 TRI,1.84,,,,,,,,,INF109KC18W3,152748,15,https://www.valueresearchonline.com/funds/44432/,1,1,1,1,1,5,High Risk,Poor
ICICI Pru Quality Dir,equity,equity,Direct,3.44,,,BSE 500 TRI,1.84,,,,,,,,,INF109K1A187,153458,25,https://www.valueresearchonline.com/funds/45164/,1,1,1,1,1,5,High Risk,Poor
ICICI Pru Rural Opportunities Dir,equity,equity,Direct,1.75,,,BSE 500 TRI,1.84,,,,,,,,,INF109KC12Z9,153184,25,https://www.valueresearchonline.com/funds/44846/,1,1,1,1,1,5,High Risk,Poor
JioBlackRock Sector Rotation Dir,equity,equity,Direct,,,,BSE 500 TRI,,,,,,,,,,INF22M001168,154082,25,https://www.valueresearchonline.com/funds/45730/,1,1,1,1,1,5,High Risk,Poor
Kotak Active Momentum Dir,equity,equity,Direct,,,,BSE 500 TRI,,,,,,,,,,INF174KA1XA4,153753,25,https://www.valueresearchonline.com/funds/45389/,1,1,1,1,1,5,High Risk,Poor
Kotak BSE Housing Index Dir,equity,equity,Direct,-3.91,,,BSE 500 TRI,1.84,,,,,,,,,INF174KA1OX5,152039,25,https://www.valueresearchonline.com/funds/43706/,1,1,1,1,1,5,High Risk,Poor
Kotak Multi Factor Passive FoF Dir,equity,equity,Direct,,,,BSE 500 TRI,,,,,,,,,,INF174KA1ZG6,154275,2,https://www.valueresearchonline.com/funds/45899/,1,1,1,1,1,5,High Risk,Poor
Kotak Nifty Chemicals ETF,equity,equity,Direct,,,,BSE 500 TRI,,,,,,,,,,INF174KA1XV0,153934,20,https://www.valueresearchonline.com/funds/45570/,1,1,1,1,1,5,High Risk,Poor
Kotak Nifty Commodities Index Dir,equity,equity,Direct,17.21,,,BSE 500 TRI,1.84,,,,,,,,,INF174KA1VE0,153353,25,https://www.valueresearchonline.com/funds/44991/,1,1,1,1,1,5,High Risk,Poor
Kotak Nifty India Tourism Index Dir,equity,equity,Direct,-12.33,,,BSE 500 TRI,1.84,,,,,,,,,INF174KA1SZ1,152870,15,https://www.valueresearchonline.com/funds/44539/,1,1,1,1,1,5,High Risk,Poor
Kotak Rural Opportunities Dir,equity,equity,Direct,,,,BSE 500 TRI,,,,,,,,,,INF174KA1XW8,153970,25,https://www.valueresearchonline.com/funds/45597/,1,1,1,1,1,5,High Risk,Poor
Kotak Services Dir,equity,equity,Direct,,,,BSE 500 TRI,,,,,,,,,,INF174KA1YV8,154149,25,https://www.valueresearchonline.com/funds/45797/,1,1,1,1,1,5,High Risk,Poor
Kotak Special Opportunities Dir,equity,equity,Direct,12.34,,,BSE 500 TRI,1.84,,,,,,,,,INF174KA1SF3,152702,25,https://www.valueresearchonline.com/funds/44382/,1,1,1,1,1,5,High Risk,Poor
Mirae Asset BSE India Defence ETF,equity,equity,Direct,,,,BSE 500 TRI,,,,,,,,,,INF769K01QC2,154182,25,https://www.valueresearchonline.com/funds/45790/,1,1,1,1,1,5,High Risk,Poor
Mirae Asset BSE India Defence ETF FoF Dir,equity,equity,Direct,,,,BSE 500 TRI,,,,,,,,,,INF769K01QG3,154187,1,https://www.valueresearchonline.com/funds/45811/,1,1,1,1,1,5,High Risk,Poor
Mirae Asset BSE Select IPO ETF,equity,equity,Direct,-6.52,,,BSE 500 TRI,1.84,,,,,,,,,INF769K01ON4,153384,25,https://www.valueresearchonline.com/funds/45020/,1,1,1,1,1,5,High Risk,Poor
Mirae Asset BSE Select IPO ETF FoF Dir,equity,equity,Direct,-6.39,,,BSE 500 TRI,1.84,,,,,,,,,INF769K01OK0,153385,1,https://www.valueresearchonline.com/funds/45023/,1,1,1,1,1,5,High Risk,Poor
Mirae Asset Multi Factor Passive FoF Dir,equity,equity,Direct,,,,BSE 500 TRI,,,,,,,,,,INF769K01PH3,153816,8,https://www.valueresearchonline.com/funds/45436/,1,1,1,1,1,5,High Risk,Poor
Mirae Asset Nifty India Internet ETF,equity,equity,Direct,,,,BSE 500 TRI,,,,,,,,,,INF769K01PB6,153642,25,https://www.valueresearchonline.com/funds/45250/,1,1,1,1,1,5,High Risk,Poor
Mirae Asset Nifty Metal ETF,equity,equity,Direct,43.16,,,BSE 500 TRI,1.84,,,,,,,,,INF769K01LY7,152924,19,https://www.valueresearchonline.com/funds/44588/,1,1,1,1,1,5,High Risk,Poor
Mirae Asset Nifty Metal ETF FoF Dir,equity,equity,Direct,,,,BSE 500 TRI,,,,,,,,,,INF769K01QM1,154216,1,https://www.valueresearchonline.com/funds/45833/,1,1,1,1,1,5,High Risk,Poor
Motilal Oswal Active Momentum Dir,equity,equity,Direct,26.63,,,BSE 500 TRI,1.84,,,,,,,,,INF247L01EP5,153364,25,https://www.valueresearchonline.com/funds/45002/,1,1,1,1,1,5,High Risk,Poor
Motilal Oswal BSE Select IPO ETF,equity,equity,Direct,,,,BSE 500 TRI,,,,,,,,,,INF247L01GI5,154003,25,https://www.valueresearchonline.com/funds/45639/,1,1,1,1,1,5,High Risk,Poor
Motilal Oswal Multi Factor Passive FoF Dir,equity,equity,Direct,,,,BSE 500 TRI,,,,,,,,,,INF247L01GT2,154239,4,https://www.valueresearchonline.com/funds/45874/,1,1,1,1,1,5,High Risk,Poor
Motilal Oswal Nifty Capital Market ETF,equity,equity,Direct,25.31,,,BSE 500 TRI,1.84,,,,,,,,,INF247L01EV3,153406,17,https://www.valueresearchonline.com/funds/45051/,1,1,1,1,1,5,High Risk,Poor
Motilal Oswal Nifty Capital Market Index Dir,equity,equity,Direct,25.33,,,BSE 500 TRI,1.84,,,,,,,,,INF247L01EB5,153138,17,https://www.valueresearchonline.com/funds/44755/,1,1,1,1,1,5,High Risk,Poor
Motilal Oswal Nifty India Defence ETF,equity,equity,Direct,7.61,,,BSE 500 TRI,1.84,,,,,,,,,INF247L01DJ0,152846,19,https://www.valueresearchonline.com/funds/44517/,1,1,1,1,1,5,High Risk,Poor
Motilal Oswal Nifty India Defence Index Dir,equity,equity,Direct,7.57,,,BSE 500 TRI,1.84,,,,,,,,,INF247L01CW5,152712,19,https://www.valueresearchonline.com/funds/44397/,1,1,1,1,1,5,High Risk,Poor
Motilal Oswal Nifty India Tourism ETF,equity,equity,Direct,-12.62,,,BSE 500 TRI,1.84,,,,,,,,,INF247L01FP2,153618,15,https://www.valueresearchonline.com/funds/45240/,1,1,1,1,1,5,High Risk,Poor
Motilal Oswal Nifty MidSmall IT and Telecom Index Dir,equity,equity,Direct,-7.48,,,BSE 500 TRI,1.84,,,,,,,,,INF247L01DY9,153029,20,https://www.valueresearchonline.com/funds/44682/,1,1,1,1,1,5,High Risk,Poor
Motilal Oswal Nifty Realty ETF,equity,equity,Direct,-18.74,,,BSE 500 TRI,1.84,,,,,,,,,INF247L01CI4,152541,10,https://www.valueresearchonline.com/funds/44250/,1,1,1,1,1,5,High Risk,Poor
Motilal Oswal Nifty Services Sector ETF,equity,equity,Direct,,,,BSE 500 TRI,,,,,,,,,,INF247L01GJ3,154033,25,https://www.valueresearchonline.com/funds/45660/,1,1,1,1,1,5,High Risk,Poor
Motilal Oswal Services Dir,equity,equity,Direct,10.56,,,BSE 500 TRI,1.84,,,,,,,,,INF247L01FE6,153558,25,https://www.valueresearchonline.com/funds/45186/,1,1,1,1,1,5,High Risk,Poor
Motilal Oswal Special Opportunities Dir,equity,equity,Direct,,,,BSE 500 TRI,,,,,,,,,,INF247L01FS6,153749,24,https://www.valueresearchonline.com/funds/45393/,1,1,1,1,1,5,High Risk,Poor
Nippon India Active Momentum Dir,equity,equity,Direct,10.68,,,BSE 500 TRI,1.84,,,,,,,,,INF204KC1EK5,153274,25,https://www.valueresearchonline.com/funds/44938/,1,1,1,1,1,5,High Risk,Poor
Nippon India Nifty Realty Index Dir,equity,equity,Direct,-18.77,,,BSE 500 TRI,1.84,,,,,,,,,INF204KC1DY8,153060,10,https://www.valueresearchonline.com/funds/44712/,1,1,1,1,1,5,High Risk,Poor
Quant Commodities Dir,equity,equity,Direct,17.18,,,BSE 500 TRI,1.84,,,,,,,,,INF966L01DF3,152255,14,https://www.valueresearchonline.com/funds/43966/,1,1,1,1,1,5,High Risk,Poor
Quant Momentum Dir,equity,equity,Direct,9.03,,,BSE 500 TRI,1.84,,,,,,,,,INF966L01CZ3,152189,15,https://www.valueresearchonline.com/funds/43882/,1,1,1,1,1,5,High Risk,Poor
Quantum Ethical Dir,equity,equity,Direct,-1.31,,,BSE 500 TRI,1.84,,,,,,,,,INF082J01473,153094,25,https://www.valueresearchonline.com/funds/44771/,1,1,1,1,1,5,High Risk,Poor
SBI Comma Dir,equity,equity,Direct,15.73,19.74,13.37,BSE 500 TRI,1.84,13.36,12.53,7.53,0.99,0.92,16.8,21.28,1.63,INF200K01SB6,119705,25,https://www.valueresearchonline.com/funds/17523/,12,8,2,4,3,29,Low Risk,Good
SBI Equity Minimum Variance Dir,equity,equity,Direct,1.38,9.99,10.78,BSE 500 TRI,1.84,13.36,12.53,-1.36,0.89,0.39,14.72,11.65,0.88,INF200KA1A71,146643,25,https://www.valueresearchonline.com/funds/39364/,4,4,3,4,1,16,Moderately High Risk,Average
SBI Quality Dir,equity,equity,Direct,,,,BSE 500 TRI,,,,,,,,,,INF200KB1AG6,154177,25,https://www.valueresearchonline.com/funds/45793/,1,1,1,1,1,5,High Risk,Poor
Samco Active Momentum Dir,equity,equity,Direct,3.18,,,BSE 500 TRI,1.84,,,,,,,,,INF0K1H01081,151753,25,https://www.valueresearchonline.com/funds/43515/,1,1,1,1,1,5,High Risk,Poor
Samco Special Opportunities Dir,equity,equity,Direct,4.18,,,BSE 500 TRI,1.84,,,,,,,,,INF0K1H01180,152586,25,https://www.valueresearchonline.com/funds/44280/,1,1,1,1,1,5,High Risk,Poor
Shriram Multi Sector Rotation Dir,equity,equity,Direct,4.15,,,BSE 500 TRI,1.84,,,,,,,,,INF680P01455,153076,25,https://www.valueresearchonline.com/funds/44669/,1,1,1,1,1,5,High Risk,Poor
Sundaram Multi-Factor Dir,equity,equity,Direct,,,,BSE 500 TRI,,,,,,,,,,INF903JA1LV6,153669,25,https://www.valueresearchonline.com/funds/45285/,1,1,1,1,1,5,High Risk,Poor
Sundaram Services Dir,equity,equity,Direct,2.43,16.26,16.43,BSE 500 TRI,1.84,13.36,12.53,2.7,0.92,0.67,15.06,15.93,1.64,INF903JA1FA2,144835,25,https://www.valueresearchonline.com/funds/37577/,10,6,3,4,3,26,Moderate Risk,Average
Tata BSE Select Business Groups Index Dir,equity,equity,Direct,6.69,,,BSE 500 TRI,1.84,,,,,,,,,INF277KA1DA2,153132,25,https://www.valueresearchonline.com/funds/44792/,1,1,1,1,1,5,High Risk,Poor
Tata Ethical Dir,equity,equity,Direct,-4.46,6.96,9.21,BSE 500 TRI,1.84,13.36,12.53,-3.99,0.89,0.22,14.51,9,0.62,INF277K01NG4,119172,25,https://www.valueresearchonline.com/funds/16683/,2,4,3,4,1,14,Moderately High Risk,Average
Tata Housing Opportunities Dir,equity,equity,Direct,-0.81,11.11,,BSE 500 TRI,1.84,13.36,,-2.41,1.16,0.36,18.95,12.69,0.96,INF277KA1497,150532,25,https://www.valueresearchonline.com/funds/42447/,2,4,1,2,1,10,High Risk,Poor
Tata Nifty Capital Markets Index Fund Dir,equity,equity,Direct,24.91,,,BSE 500 TRI,1.84,,,,,,,,,INF277KA1CO5,152951,17,https://www.valueresearchonline.com/funds/44638/,1,1,1,1,1,5,High Risk,Poor
Tata Nifty India Tourism Index Dir,equity,equity,Direct,-12.36,,,BSE 500 TRI,1.84,,,,,,,,,INF277KA1CC0,152742,15,https://www.valueresearchonline.com/funds/44426/,1,1,1,1,1,5,High Risk,Poor
Tata Nifty Realty Index Dir,equity,equity,Direct,-18.8,,,BSE 500 TRI,1.84,,,,,,,,,INF277KA1AO9,152570,10,https://www.valueresearchonline.com/funds/44261/,1,1,1,1,1,5,High Risk,Poor
Taurus Ethical Dir,equity,equity,Direct,0.95,14.21,11.39,BSE 500 TRI,1.84,13.36,12.53,1.97,0.95,0.61,15.66,15.43,1.09,INF044D01CJ0,118876,25,https://www.valueresearchonline.com/funds/16658/,8,6,3,4,2,23,Moderate Risk,Average
The Wealth Company Ethical Dir,equity,equity,Direct,,,,BSE 500 TRI,,,,,,,,,,INF2F0001214,153895,25,https://www.valueresearchonline.com/funds/45525/,1,1,1,1,1,5,High Risk,Poor
UTI BSE Housing Index Dir,equity,equity,Direct,-4,11.1,,BSE 500 TRI,1.84,13.36,,,,,,,,INF789F1AYR1,151764,25,https://www.valueresearchonline.com/funds/43521/,1,1,1,1,1,5,High Risk,Poor
Union Active Momentum Dir,equity,equity,Direct,11.7,,,BSE 500 TRI,1.84,,,,,,,,,INF582M01KG9,153109,25,https://www.valueresearchonline.com/funds/44784/,1,1,1,1,1,5,High Risk,Poor
WhiteOak Capital Quality Equity Dir,equity,equity,Direct,-2.81,,,BSE 500 TRI,1.84,,,,,,,,,INF03VN01977,153189,25,https://www.valueresearchonline.com/funds/44853/,1,1,1,1,1,5,High Risk,Poor
WhiteOak Capital Special Opportunities Dir,equity,equity,Direct,10.1,,,BSE 500 TRI,1.84,,,,,,,,,INF03VN01902,152644,25,https://www.valueresearchonline.com/funds/44333/,1,1,1,1,1,5,High Risk,Poor
ABSL MNC Dir,equity,equity,Direct,-3.65,10.22,7.05,BSE 500 TRI,1.84,13.36,12.53,-1.44,0.96,0.38,16.36,12.14,0.88,INF209K01VT3,119646,25,https://www.valueresearchonline.com/funds/15872/,4,4,2,4,1,15,Moderately High Risk,Average
HDFC MNC Dir,equity,equity,Direct,5.55,8.03,,BSE 500 TRI,1.84,13.36,,-3.7,0.99,0.26,16.33,10.06,,INF179KC1FC0,151458,25,https://www.valueresearchonline.com/funds/43179/,2,4,2,4,1,13,Moderately High Risk,Average
ICICI Pru MNC Dir,equity,equity,Direct,8.98,14.25,14,BSE 500 TRI,1.84,13.36,12.53,2.76,0.84,0.68,13.88,15.34,1.06,INF109KC1D93,147346,25,https://www.valueresearchonline.com/funds/39977/,10,6,4,5,2,27,Low Risk,Good
Kotak MNC Dir,equity,equity,Direct,25.88,,,BSE 500 TRI,1.84,,,,,,,,,INF174KA1TG9,152910,25,https://www.valueresearchonline.com/funds/44579/,1,1,1,1,1,5,High Risk,Poor
Kotak Nifty MNC ETF,equity,equity,Direct,16.62,15.24,,BSE 500 TRI,1.84,13.36,,3.28,0.99,0.66,17.07,17.07,1.09,INF174KA1JF2,150531,25,https://www.valueresearchonline.com/funds/42418/,10,6,2,4,2,24,Moderate Risk,Average
Motilal Oswal Nifty MNC ETF,equity,equity,Direct,,,,BSE 500 TRI,,,,,,,,,,INF247L01GK1,154062,25,https://www.valueresearchonline.com/funds/45678/,1,1,1,1,1,5,High Risk,Poor
Nippon India MNC Dir,equity,equity,Direct,,,,BSE 500 TRI,,,,,,,,,,INF204KC1FR7,153693,25,https://www.valueresearchonline.com/funds/45296/,1,1,1,1,1,5,High Risk,Poor
SBI MNC Dir,equity,equity,Direct,7.39,7.93,9.7,BSE 500 TRI,1.84,13.36,12.53,-3.02,0.76,0.23,13.52,8.95,0.48,INF200K01SN1,119711,25,https://www.valueresearchonline.com/funds/16224/,2,4,4,5,1,16,Moderately High Risk,Average
UTI MNC Dir,equity,equity,Direct,2.99,10.82,10.75,BSE 500 TRI,1.84,13.36,12.53,-0.9,0.9,0.43,14.77,12.2,0.85,INF789F01UD0,120682,25,https://www.valueresearchonline.com/funds/15820/,4,4,3,4,1,16,Moderately High Risk,Average
Baroda BNP Paribas Energy Opportunities Dir,equity,equity,Direct,9.42,,,BSE Energy TRI,2.48,,,,,,,,,INF251K01UJ8,153225,25,https://www.valueresearchonline.com/funds/44850/,1,1,1,1,1,5,High Risk,Poor
DSP Natural Resources and New Energy Dir,equity,equity,Direct,24.83,23.59,17.92,BSE Energy TRI,2.48,16.6,13.49,10.93,0.63,1.17,15.84,24.34,2.02,INF740K01QA7,119028,24,https://www.valueresearchonline.com/funds/16988/,12,10,3,6,4,35,Very Low Risk,Good
ICICI Pru Energy Opportunities Dir,equity,equity,Direct,18.01,,,BSE Energy TRI,2.48,,,,,,,,,INF109KC12W6,152728,25,https://www.valueresearchonline.com/funds/44418/,1,1,1,1,1,5,High Risk,Poor
Kotak Energy Opportunities Dir,equity,equity,Direct,9.12,,,BSE Energy TRI,2.48,,,,,,,,,INF174KA1VX0,153447,25,https://www.valueresearchonline.com/funds/45066/,1,1,1,1,1,5,High Risk,Poor
Mirae Asset Nifty Energy ETF,equity,equity,Direct,,,,BSE Energy TRI,,,,,,,,,,INF769K01PR2,153945,25,https://www.valueresearchonline.com/funds/45587/,1,1,1,1,1,5,High Risk,Poor
Motilal Oswal Nifty Energy ETF,equity,equity,Direct,,,,BSE Energy TRI,,,,,,,,,,INF247L01GH7,153931,25,https://www.valueresearchonline.com/funds/45556/,1,1,1,1,1,5,High Risk,Poor
SBI Energy Opportunities Dir,equity,equity,Direct,10.46,,,BSE Energy TRI,2.48,,,,,,,,,INF200KB1126,152417,25,https://www.valueresearchonline.com/funds/44146/,1,1,1,1,1,5,High Risk,Poor
Tata Resources & Energy Dir,equity,equity,Direct,13.45,18.83,15.76,BSE Energy TRI,2.48,16.6,13.49,6.33,0.7,0.84,17.48,20.57,1.57,INF277K015B9,135813,25,https://www.valueresearchonline.com/funds/31364/,12,8,2,6,3,31,Low Risk,Good
ABSL ESG Integration Strategy Dir,equity,equity,Direct,0.9,13.01,10.8,BSE 100 TRI,0.05,11.38,11.41,1.71,0.99,0.5,14.97,13.31,1.23,INF209KB1U76,148637,25,https://www.valueresearchonline.com/funds/41221/,8,6,3,4,2,23,Moderate Risk,Average
Axis ESG Integration Strategy Dir,equity,equity,Direct,-0.18,10.19,8.5,BSE 100 TRI,0.05,11.38,11.41,-0.01,0.9,0.38,13.55,11.08,0.91,INF846K01W23,147928,25,https://www.valueresearchonline.com/funds/40536/,4,4,4,4,1,17,Moderately High Risk,Average
Baroda BNP Paribas ESG Best-in-class strategy Dir,equity,equity,Direct,,,,BSE 100 TRI,,,,,,,,,,INF251K01VP3,154195,25,https://www.valueresearchonline.com/funds/45837/,1,1,1,1,1,5,High Risk,Poor
ICICI Pru ESG Exclusionary Strategy Dir,equity,equity,Direct,-4.06,15.15,12.05,BSE 100 TRI,0.05,11.38,11.41,3.74,0.97,0.63,14.78,15.21,1.62,INF109KC1O09,148516,25,https://www.valueresearchonline.com/funds/41127/,10,6,3,4,3,26,Moderate Risk,Average
Invesco India ESG Integration Strategy Dir,equity,equity,Direct,-5.61,11.09,10.15,BSE 100 TRI,0.05,11.38,11.41,-0.5,1,0.34,15.41,11.15,0.86,INF205KA1338,148751,25,https://www.valueresearchonline.com/funds/41339/,4,4,3,4,1,16,Moderately High Risk,Average
Kotak ESG Exclusionary Strategy Dir,equity,equity,Direct,-0.02,11.94,9.78,BSE 100 TRI,0.05,11.38,11.41,0.76,0.94,0.45,13.89,12.06,1.25,INF174KA1FI4,148606,25,https://www.valueresearchonline.com/funds/41202/,8,4,4,4,2,22,Moderate Risk,Average
Mirae Asset Nifty 100 ESG Sector Leaders ETF,equity,equity,Direct,-1.65,10.53,9.04,BSE 100 TRI,0.05,11.38,11.41,-0.57,0.96,0.36,13.92,10.82,1.09,INF769K01GS9,148572,25,https://www.valueresearchonline.com/funds/41157/,4,4,4,4,2,18,Moderately High Risk,Average
Mirae Asset Nifty 100 ESG Sector Leaders FoF Dir,equity,equity,Direct,-1.69,10.42,8.84,BSE 100 TRI,0.05,11.38,11.41,-0.66,0.96,0.35,13.93,10.73,1.07,INF769K01GQ3,148574,1,https://www.valueresearchonline.com/funds/41160/,4,4,4,4,2,18,Moderately High Risk,Average
Quant ESG Integration Strategy Dir,equity,equity,Direct,17.56,21.52,21.7,BSE 100 TRI,0.05,11.38,11.41,9.32,1.2,0.78,20.95,22.12,1.12,INF966L01AD4,148564,12,https://www.valueresearchonline.com/funds/41165/,12,8,1,2,2,25,Moderate Risk,Average
Quantum ESG Best In Class Strategy Dir,equity,equity,Direct,-3.18,10.09,9.2,BSE 100 TRI,0.05,11.38,11.41,-0.99,1.02,0.32,15.26,10.75,0.9,INF082J01382,147372,25,https://www.valueresearchonline.com/funds/40010/,4,4,3,3,1,15,Moderately High Risk,Average
SBI ESG Exclusionary Strategy Dir,equity,equity,Direct,0.37,11.31,10.95,BSE 100 TRI,0.05,11.38,11.41,0.08,0.98,0.4,14.58,11.63,1.15,INF200K01SE0,119709,25,https://www.valueresearchonline.com/funds/16219/,8,4,3,4,2,21,Moderate Risk,Average
WhiteOak Capital ESG Best-In-Class Strategy Dir,equity,equity,Direct,-3.27,,,BSE 100 TRI,0.05,,,,,,,,,INF03VN01951,152962,25,https://www.valueresearchonline.com/funds/44645/,1,1,1,1,1,5,High Risk,Poor
ABSL Nifty PSE ETF,equity,equity,Direct,5.31,,,BSE PSU TRI,12.13,,,,,,,,,INF209K01YN0,119550,20,https://www.valueresearchonline.com/funds/44301/,1,1,1,1,1,5,High Risk,Poor
ABSL PSU Equity Dir,equity,equity,Direct,13.77,28.02,25.54,BSE PSU TRI,12.13,29.4,26.93,-0.54,0.96,0.93,23.63,27.89,2.09,INF209KB1O82,147844,25,https://www.valueresearchonline.com/funds/40480/,4,8,1,4,4,21,Moderate Risk,Average
CPSE ETF,equity,equity,Direct,6.86,31.35,31.08,BSE PSU TRI,12.13,29.4,26.93,6.14,0.86,1.19,22.07,32.09,2.14,,128751,11,https://www.valueresearchonline.com/funds/25711/,12,10,1,4,4,31,Low Risk,Good
Groww Nifty India Railways PSU ETF,equity,equity,Direct,-20.28,,,BSE PSU TRI,12.13,,,,,,,,,INF666M01JJ6,153229,17,https://www.valueresearchonline.com/funds/44875/,1,1,1,1,1,5,High Risk,Poor
Groww Nifty India Railways PSU Index Dir,equity,equity,Direct,-20.44,,,BSE PSU TRI,12.13,,,,,,,,,INF666M01JK4,153230,17,https://www.valueresearchonline.com/funds/44878/,1,1,1,1,1,5,High Risk,Poor
Groww Nifty PSE ETF,equity,equity,Direct,,,,BSE PSU TRI,,,,,,,,,,INF666M01NQ3,154163,20,https://www.valueresearchonline.com/funds/45783/,1,1,1,1,1,5,High Risk,Poor
Groww Nifty PSE ETF FOF Dir,equity,equity,Direct,,,,BSE PSU TRI,,,,,,,,,,INF666M01NR1,154164,1,https://www.valueresearchonline.com/funds/45786/,1,1,1,1,1,5,High Risk,Poor
ICICI Pru PSU Equity Dir,equity,equity,Direct,9.99,26.44,,BSE PSU TRI,12.13,29.4,,0.59,0.83,0.99,20.46,26.03,2.21,INF109KC12I5,150539,25,https://www.valueresearchonline.com/funds/42451/,8,8,1,5,4,26,Moderate Risk,Average
Invesco India PSU Equity Dir,equity,equity,Direct,5.64,26.13,24.15,BSE PSU TRI,12.13,29.4,26.93,-0.82,0.96,0.9,24.22,27.68,1.88,INF205K01NG5,120395,24,https://www.valueresearchonline.com/funds/16831/,4,8,1,4,3,20,Moderate Risk,Average
Kotak BSE PSU Index Dir,equity,equity,Direct,11.57,,,BSE PSU TRI,12.13,,,,,,,,,INF174KA1SL1,152755,25,https://www.valueresearchonline.com/funds/44430/,1,1,1,1,1,5,High Risk,Poor
Motilal Oswal Nifty PSE ETF,equity,equity,Direct,4.94,,,BSE PSU TRI,12.13,,,,,,,,,INF247L01FO5,153608,20,https://www.valueresearchonline.com/funds/45230/,1,1,1,1,1,5,High Risk,Poor
Quant PSU Dir,equity,equity,Direct,6.12,,,BSE PSU TRI,12.13,,,,,,,,,INF966L01DT4,152415,11,https://www.valueresearchonline.com/funds/44142/,1,1,1,1,1,5,High Risk,Poor
SBI PSU Dir,equity,equity,Direct,13.06,30.08,25.35,BSE PSU TRI,12.13,29.4,26.93,2.36,0.93,1.05,23.07,30.07,2.31,INF200K01UY4,119732,20,https://www.valueresearchonline.com/funds/16311/,10,10,1,4,4,29,Low Risk,Good
ABSL Consumption Dir,equity,equity,Direct,-3.2,10.65,12.32,BSE 500 TRI,1.84,13.36,12.53,-2,0.96,0.36,15.67,11.55,1.02,INF209K01WC7,119591,25,https://www.valueresearchonline.com/funds/15834/,4,4,3,4,2,17,Moderately High Risk,Average
Axis Consumption Dir,equity,equity,Direct,0,,,BSE 500 TRI,1.84,,,,,,,,,INF846K013X0,152805,25,https://www.valueresearchonline.com/funds/44466/,1,1,1,1,1,5,High Risk,Poor
Axis NIFTY India Consumption ETF,equity,equity,Direct,1.85,12.51,,BSE 500 TRI,1.84,13.36,,-0.32,0.98,0.46,16.42,13.38,0.99,INF846K016C7,149156,25,https://www.valueresearchonline.com/funds/41685/,4,4,2,4,1,15,Moderately High Risk,Average
Bajaj Finserv Consumption Dir,equity,equity,Direct,-3.79,,,BSE 500 TRI,1.84,,,,,,,,,INF0QA701946,153075,25,https://www.valueresearchonline.com/funds/44689/,1,1,1,1,1,5,High Risk,Poor
Bank of India Consumption Dir,equity,equity,Direct,2.94,,,BSE 500 TRI,1.84,,,,,,,,,INF761K01GI7,153139,25,https://www.valueresearchonline.com/funds/44808/,1,1,1,1,1,5,High Risk,Poor
Baroda BNP Paribas India Consumption Dir,equity,equity,Direct,-1.63,11.44,12.84,BSE 500 TRI,1.84,13.36,12.53,-0.87,0.92,0.42,15.63,12.38,0.97,INF251K01PT7,150266,25,https://www.valueresearchonline.com/funds/37339/,4,4,3,4,1,16,Moderately High Risk,Average
Canara Robeco Consumer Trends Dir,equity,equity,Direct,-2,12.03,13.52,BSE 500 TRI,1.84,13.36,12.53,-0.93,1,0.44,16.09,12.9,1.2,INF760K01DU1,118273,25,https://www.valueresearchonline.com/funds/16600/,4,4,2,4,2,16,Moderately High Risk,Average
Edelweiss Consumption Dir,equity,equity,Direct,2.09,,,BSE 500 TRI,1.84,,,,,,,,,INF754K01TY2,153214,25,https://www.valueresearchonline.com/funds/44882/,1,1,1,1,1,5,High Risk,Poor
Groww Nifty Non-Cyclical Consumer Index Dir,equity,equity,Direct,-3.26,,,BSE 500 TRI,1.84,,,,,,,,,INF666M01IE9,152637,25,https://www.valueresearchonline.com/funds/44325/,1,1,1,1,1,5,High Risk,Poor
HDFC Consumption Dir,equity,equity,Direct,-1.06,,,BSE 500 TRI,1.84,,,,,,,,,INF179KC1GO3,151804,25,https://www.valueresearchonline.com/funds/43559/,1,1,1,1,1,5,High Risk,Poor
HDFC Nifty India Consumption Index Dir,equity,equity,Direct,,,,BSE 500 TRI,,,,,,,,,,INF179KC1KA4,154179,25,https://www.valueresearchonline.com/funds/45800/,1,1,1,1,1,5,High Risk,Poor
HSBC Consumption Dir,equity,equity,Direct,2.43,,,BSE 500 TRI,1.84,,,,,,,,,INF336L01QZ9,152032,25,https://www.valueresearchonline.com/funds/43710/,1,1,1,1,1,5,High Risk,Poor
ICICI Pru Bharat Consumption Dir,equity,equity,Direct,0.23,13.1,14.91,BSE 500 TRI,1.84,13.36,12.53,0.19,0.93,0.5,15.44,13.53,0.99,INF109KC1YD4,146951,25,https://www.valueresearchonline.com/funds/39672/,8,6,3,4,1,22,Moderate Risk,Average
ICICI Pru Nifty India Consumption ETF,equity,equity,Direct,2.02,12.72,,BSE 500 TRI,1.84,13.36,,-0.13,0.98,0.47,16.44,13.57,1,INF109KC1V42,149285,25,https://www.valueresearchonline.com/funds/41802/,4,4,2,4,2,16,Moderately High Risk,Average
ITI Bharat Consumption Dir,equity,equity,Direct,4.14,,,BSE 500 TRI,1.84,,,,,,,,,INF00XX01DG1,153260,25,https://www.valueresearchonline.com/funds/44922/,1,1,1,1,1,5,High Risk,Poor
Invesco India Consumption Dir,equity,equity,Direct,,,,BSE 500 TRI,,,,,,,,,,INF205KA1BI6,153900,25,https://www.valueresearchonline.com/funds/45529/,1,1,1,1,1,5,High Risk,Poor
Kotak Consumption Dir,equity,equity,Direct,4.94,,,BSE 500 TRI,1.84,,,,,,,,,INF174KA1PP8,152169,25,https://www.valueresearchonline.com/funds/43860/,1,1,1,1,1,5,High Risk,Poor
Kotak NIFTY India Consumption ETF,equity,equity,Direct,2.1,12.82,,BSE 500 TRI,1.84,13.36,,-0.04,0.98,0.47,16.44,13.66,1.01,INF174KA1ZF8,150492,25,https://www.valueresearchonline.com/funds/42398/,4,4,2,4,2,16,Moderately High Risk,Average
LIC MF Consumption Dir,equity,equity,Direct,,,,BSE 500 TRI,,,,,,,,,,INF767K01SD0,153948,25,https://www.valueresearchonline.com/funds/45568/,1,1,1,1,1,5,High Risk,Poor
Mahindra Manulife Consumption Dir,equity,equity,Direct,0.2,11.6,12.75,BSE 500 TRI,1.84,13.36,12.53,-1.2,0.94,0.4,15.75,12.22,0.92,INF174V01663,145356,25,https://www.valueresearchonline.com/funds/37847/,4,4,3,4,1,16,Moderately High Risk,Average
Mirae Asset Great Consumer Dir,equity,equity,Direct,1.7,12.46,14.89,BSE 500 TRI,1.84,13.36,12.53,-0.57,1.01,0.44,17.09,13.41,0.95,INF769K01BL5,118837,25,https://www.valueresearchonline.com/funds/16584/,4,4,2,3,1,14,Moderately High Risk,Average
Mirae Asset Nifty India New Age Consumption ETF,equity,equity,Direct,-0.08,,,BSE 500 TRI,1.84,,,,,,,,,INF769K01NS5,153191,25,https://www.valueresearchonline.com/funds/44832/,1,1,1,1,1,5,High Risk,Poor
Mirae Asset Nifty India New Age Consumption ETF FoF Dir,equity,equity,Direct,-0.65,,,BSE 500 TRI,1.84,,,,,,,,,INF769K01NP1,153192,1,https://www.valueresearchonline.com/funds/44835/,1,1,1,1,1,5,High Risk,Poor
Motilal Oswal Consumption Dir,equity,equity,Direct,,,,BSE 500 TRI,,,,,,,,,,INF247L01GA2,153913,25,https://www.valueresearchonline.com/funds/45543/,1,1,1,1,1,5,High Risk,Poor
Motilal Oswal Nifty MidSmall India Consumption Index Dir,equity,equity,Direct,-5.53,,,BSE 500 TRI,1.84,,,,,,,,,INF247L01DU7,153025,25,https://www.valueresearchonline.com/funds/44680/,1,1,1,1,1,5,High Risk,Poor
Nippon India Consumption Dir,equity,equity,Direct,-3.31,11.86,14.99,BSE 500 TRI,1.84,13.36,12.53,-1.01,0.97,0.41,16.33,12.58,0.85,INF204K01G52,118724,25,https://www.valueresearchonline.com/funds/16131/,4,4,2,4,1,15,Moderately High Risk,Average
Nippon India ETF Nifty India Consumption,equity,equity,Direct,1.91,12.59,13.57,BSE 500 TRI,1.84,13.36,12.53,-0.25,0.98,0.46,16.43,13.45,0.99,INF204KA1LD7,128331,25,https://www.valueresearchonline.com/funds/25700/,4,4,2,4,1,15,Moderately High Risk,Average
Quant Consumption Dir,equity,equity,Direct,0.06,,,BSE 500 TRI,1.84,,,,,,,,,INF966L01DN7,152336,12,https://www.valueresearchonline.com/funds/44053/,1,1,1,1,1,5,High Risk,Poor
SBI Consumption Opportunities Dir,equity,equity,Direct,-5.35,8.87,14.44,BSE 500 TRI,1.84,13.36,12.53,-3.49,0.99,0.27,16.75,10.32,0.76,INF200K01RM5,120575,25,https://www.valueresearchonline.com/funds/17525/,2,4,2,4,1,13,Moderately High Risk,Average
SBI Nifty Consumption ETF,equity,equity,Direct,1.96,12.64,,BSE 500 TRI,1.84,13.36,,-0.21,0.98,0.46,16.44,13.5,1,INF200K01SK7,120137,25,https://www.valueresearchonline.com/funds/41572/,4,4,2,4,2,16,Moderately High Risk,Average
SBI Nifty India Consmpn Index Dir,equity,equity,Direct,1.82,,,BSE 500 TRI,1.84,,,,,,,,,INF200KB1449,153015,25,https://www.valueresearchonline.com/funds/44672/,1,1,1,1,1,5,High Risk,Poor
Sundaram Consumption Dir,equity,equity,Direct,-5.12,10.89,12.07,BSE 500 TRI,1.84,13.36,12.53,-1.25,0.95,0.38,16.52,12.2,0.87,INF903J017I5,134363,25,https://www.valueresearchonline.com/funds/16163/,4,4,2,4,1,15,Moderately High Risk,Average
Tata BSE Multicap Consmpn 50:30:20 Index Dir,equity,equity,Direct,,,,BSE 500 TRI,,,,,,,,,,INF277KA1EP8,154066,25,https://www.valueresearchonline.com/funds/45705/,1,1,1,1,1,5,High Risk,Poor
Tata India Consumer Dir,equity,equity,Direct,7.01,15.39,15.5,BSE 500 TRI,1.84,13.36,12.53,2.53,0.97,0.61,16.9,16.16,1.04,INF277K013A6,135805,25,https://www.valueresearchonline.com/funds/31360/,10,6,2,4,2,24,Moderate Risk,Average
UTI India Consumer Dir,equity,equity,Direct,0.69,11.16,11.19,BSE 500 TRI,1.84,13.36,12.53,-1.75,0.98,0.37,16.49,11.94,0.85,INF789F01VF3,120780,25,https://www.valueresearchonline.com/funds/15894/,4,4,2,4,1,15,Moderately High Risk,Average
Union Consumption Dir,equity,equity,Direct,,,,BSE 500 TRI,,,,,,,,,,INF582M01MH3,154020,25,https://www.valueresearchonline.com/funds/45669/,1,1,1,1,1,5,High Risk,Poor
WhiteOak Capital Consumption Opportunities Dir,equity,equity,Direct,,,,BSE 500 TRI,,,,,,,,,,INF03VN01AD3,154161,25,https://www.valueresearchonline.com/funds/45780/,1,1,1,1,1,5,High Risk,Poor
360 ONE Silver ETF,equity,equity,Direct,116.42,,,Domestic Prices of Silver,128.63,,,,,,,,,INF579M01266,122715,1,https://www.valueresearchonline.com/funds/45054/,1,1,1,1,1,5,High Risk,Poor
ABSL Silver ETF,equity,equity,Direct,117.3,47.25,,Domestic Prices of Silver,128.63,50.65,,-1.37,0.99,1.06,41.97,50.33,2.54,INF209KB19F6,149779,1,https://www.valueresearchonline.com/funds/42016/,4,10,1,4,4,23,Moderate Risk,Average
ABSL Silver ETF FoF Dir,equity,equity,Direct,114.23,46.85,,Domestic Prices of Silver,128.63,50.65,,3.43,0.84,1.17,36.27,48.31,3.17,INF209KB16F2,149780,1,https://www.valueresearchonline.com/funds/42019/,10,10,1,5,4,30,Low Risk,Good
Angel One Silver ETF,equity,equity,Direct,,,,Domestic Prices of Silver,,,,,,,,,,INF1J2R01171,154205,1,https://www.valueresearchonline.com/funds/45828/,1,1,1,1,1,5,High Risk,Poor
Angel One Silver ETF FoF Dir,equity,equity,Direct,,,,Domestic Prices of Silver,,,,,,,,,,INF1J2R01155,154206,1,https://www.valueresearchonline.com/funds/45827/,1,1,1,1,1,5,High Risk,Poor
Axis Silver ETF,equity,equity,Direct,116.76,47.56,,Domestic Prices of Silver,128.63,50.65,,-0.7,0.98,1.07,41.81,50.72,2.54,INF846K011K1,150610,1,https://www.valueresearchonline.com/funds/42522/,4,10,1,4,4,23,Moderate Risk,Average
Axis Silver FoF Dir,equity,equity,Direct,114.73,46.94,,Domestic Prices of Silver,128.63,50.65,,4.04,0.83,1.19,35.89,48.5,3.26,INF846K01CR6,120438,1,https://www.valueresearchonline.com/funds/42525/,12,10,1,5,4,32,Low Risk,Good
Bandhan Silver ETF,equity,equity,Direct,,,,Domestic Prices of Silver,,,,,,,,,,INF194KB1KI9,153929,1,https://www.valueresearchonline.com/funds/45671/,1,1,1,1,1,5,High Risk,Poor
Bandhan Silver ETF FoF Dir,equity,equity,Direct,,,,Domestic Prices of Silver,,,,,,,,,,INF194KB1KN9,154136,1,https://www.valueresearchonline.com/funds/45734/,1,1,1,1,1,5,High Risk,Poor
DSP Silver ETF,equity,equity,Direct,117.44,47.51,,Domestic Prices of Silver,128.63,50.65,,-0.86,0.99,1.07,41.94,50.81,2.6,INF740KA1RE3,150523,1,https://www.valueresearchonline.com/funds/42419/,4,10,1,4,4,23,Moderate Risk,Average
DSP Silver ETF FoF Dir,equity,equity,Direct,115.32,,,Domestic Prices of Silver,128.63,,,,,,,,,INF740KA1VZ0,153487,1,https://www.valueresearchonline.com/funds/45137/,1,1,1,1,1,5,High Risk,Poor
Edelweiss Silver ETF,equity,equity,Direct,116.53,,,Domestic Prices of Silver,128.63,,,,,,,,,INF754K01SF3,152212,1,https://www.valueresearchonline.com/funds/43921/,1,1,1,1,1,5,High Risk,Poor
Edelweiss Silver ETF FoF Dir,equity,equity,Direct,,,,Domestic Prices of Silver,,,,,,,,,,INF754K01VZ5,154072,1,https://www.valueresearchonline.com/funds/45702/,1,1,1,1,1,5,High Risk,Poor
Groww Silver ETF,equity,equity,Direct,115.66,,,Domestic Prices of Silver,128.63,,,,,,,,,INF666M01OF4,153524,1,https://www.valueresearchonline.com/funds/45150/,1,1,1,1,1,5,High Risk,Poor
Groww Silver ETF FoF Dir,equity,equity,Direct,109.5,,,Domestic Prices of Silver,128.63,,,,,,,,,INF666M01KQ9,153525,1,https://www.valueresearchonline.com/funds/45153/,1,1,1,1,1,5,High Risk,Poor
HDFC Silver ETF,equity,equity,Direct,116.37,47.28,,Domestic Prices of Silver,128.63,50.65,,-0.7,0.99,1.07,42.53,51.36,2.6,INF179KC1DI2,150556,1,https://www.valueresearchonline.com/funds/42489/,4,10,1,4,4,23,Moderate Risk,Average
HDFC Silver ETF FoF Dir,equity,equity,Direct,114.22,46.89,,Domestic Prices of Silver,128.63,50.65,,1.71,0.89,1.13,38.13,49.05,2.94,INF179KC1DU7,150737,1,https://www.valueresearchonline.com/funds/42666/,8,10,1,4,4,27,Low Risk,Good
ICICI Pru Silver ETF,equity,equity,Direct,117.55,47.66,,Domestic Prices of Silver,128.63,50.65,,-0.53,0.98,1.08,41.65,50.78,2.61,INF109KC1Y56,149464,1,https://www.valueresearchonline.com/funds/41982/,4,10,1,4,4,23,Moderate Risk,Average
ICICI Pru Silver ETF FoF Dir,equity,equity,Direct,114.63,47.11,,Domestic Prices of Silver,128.63,50.65,,4.48,0.82,1.2,35.41,48.2,3.35,INF109KC1Y98,149775,1,https://www.valueresearchonline.com/funds/42023/,12,10,1,5,4,32,Low Risk,Good
Kotak Silver ETF,equity,equity,Direct,117.15,47.53,,Domestic Prices of Silver,128.63,50.65,,-0.6,0.98,1.08,41.58,50.65,2.57,INF174KA1ZD3,150948,1,https://www.valueresearchonline.com/funds/42858/,4,10,1,4,4,23,Moderate Risk,Average
Kotak Silver ETF FoF Dir,equity,equity,Direct,115.83,46.96,,Domestic Prices of Silver,128.63,50.65,,4.37,0.82,1.19,35.47,48.16,,INF174KA1MQ3,151603,1,https://www.valueresearchonline.com/funds/43295/,12,10,1,5,1,29,Low Risk,Good
Mirae Asset Silver ETF,equity,equity,Direct,116.78,47.45,,Domestic Prices of Silver,128.63,50.65,,,,,,,,INF769K01FY9,148419,1,https://www.valueresearchonline.com/funds/43544/,1,1,1,1,1,5,High Risk,Poor
Mirae Asset Silver ETF FoF Dir,equity,equity,Direct,,,,Domestic Prices of Silver,,,,,,,,,,INF769K01QS8,154279,1,https://www.valueresearchonline.com/funds/45902/,1,1,1,1,1,5,High Risk,Poor
Motilal Oswal Silver ETF,equity,equity,Direct,,,,Domestic Prices of Silver,,,,,,,,,,INF247L01247,124234,1,https://www.valueresearchonline.com/funds/45453/,1,1,1,1,1,5,High Risk,Poor
Nippon India Silver ETF,equity,equity,Direct,116.69,47.24,,Domestic Prices of Silver,128.63,50.65,,-0.72,0.98,1.07,41.5,50.43,2.6,INF204KC1402,149758,1,https://www.valueresearchonline.com/funds/41984/,4,10,1,4,4,23,Moderate Risk,Average
Nippon India Silver ETF FoF Dir,equity,equity,Direct,114.19,46.66,,Domestic Prices of Silver,128.63,50.65,,-1.41,0.98,1.06,41.68,49.89,2.51,INF204KC1378,149760,1,https://www.valueresearchonline.com/funds/41987/,4,10,1,4,4,23,Moderate Risk,Average
SBI Silver ETF,equity,equity,Direct,116.82,,,Domestic Prices of Silver,128.63,,,,,,,,,INF200KB1217,152725,1,https://www.valueresearchonline.com/funds/44407/,1,1,1,1,1,5,High Risk,Poor
SBI Silver ETF FoF Dir,equity,equity,Direct,117.09,,,Domestic Prices of Silver,128.63,,,,,,,,,INF200KB1233,152735,1,https://www.valueresearchonline.com/funds/44422/,1,1,1,1,1,5,High Risk,Poor
Tata Silver ETF,equity,equity,Direct,117.11,,,Domestic Prices of Silver,128.63,,,,,,,,,INF174KA1ZD3,150948,1,https://www.valueresearchonline.com/funds/44020/,1,1,1,1,1,5,High Risk,Poor
Tata Silver ETF FoF Dir,equity,equity,Direct,110.34,,,Domestic Prices of Silver,128.63,,,,,,,,,INF277KA1943,152293,1,https://www.valueresearchonline.com/funds/44026/,1,1,1,1,1,5,High Risk,Poor
UTI Silver ETF,equity,equity,Direct,114.89,46.62,,Domestic Prices of Silver,128.63,50.65,,-0.94,0.97,1.07,41.32,49.99,,INF200KB1217,152725,1,https://www.valueresearchonline.com/funds/43485/,4,10,1,4,1,20,Moderate Risk,Average
UTI Silver ETF FoF Dir,equity,equity,Direct,114.44,47,,Domestic Prices of Silver,128.63,50.65,,4,0.83,1.18,35.88,48.31,,INF789F1AYL4,151731,1,https://www.valueresearchonline.com/funds/43487/,12,10,1,5,1,29,Low Risk,Good
Zerodha Silver ETF,equity,equity,Direct,116.7,,,Domestic Prices of Silver,128.63,,,,,,,,,INF0R8F01091,153413,1,https://www.valueresearchonline.com/funds/45052/,1,1,1,1,1,5,High Risk,Poor
Zerodha Silver ETF FoF Dir,equity,equity,Direct,,,,Domestic Prices of Silver,,,,,,,,,,INF0R8F01109,153656,1,https://www.valueresearchonline.com/funds/45264/,1,1,1,1,1,5,High Risk,Poor
ABSL Value Dir,equity,equity,Direct,8.79,19.01,16.31,BSE 500 TRI,1.84,13.36,12.53,4.89,1.11,0.76,18.21,19.66,1.39,INF209K01WQ7,119659,25,https://www.valueresearchonline.com/funds/15879/,12,8,1,3,2,26,Moderate Risk,Average
Axis Nifty500 Value 50 ETF,equity,equity,Direct,21.24,,,BSE 500 TRI,1.84,,,,,,,,,INF846KA1119,153414,25,https://www.valueresearchonline.com/funds/45050/,1,1,1,1,1,5,High Risk,Poor
Axis Nifty500 Value 50 Index Dir,equity,equity,Direct,21.11,,,BSE 500 TRI,1.84,,,,,,,,,INF846K013Y8,152949,25,https://www.valueresearchonline.com/funds/44613/,1,1,1,1,1,5,High Risk,Poor
Axis Value Dir,equity,equity,Direct,7.76,20.41,,BSE 500 TRI,1.84,13.36,,6.75,0.97,0.94,15.38,20.39,1.88,INF846K010C0,149166,25,https://www.valueresearchonline.com/funds/41696/,12,8,3,4,3,30,Low Risk,Good
Bandhan Nifty 500 Value 50 Index Dir,equity,equity,Direct,20.66,,,BSE 500 TRI,1.84,,,,,,,,,INF194KB1IW4,152990,25,https://www.valueresearchonline.com/funds/44628/,1,1,1,1,1,5,High Risk,Poor
Bandhan Value Dir,equity,equity,Direct,1.37,14.03,15.82,BSE 500 TRI,1.84,13.36,12.53,1.03,0.92,0.58,14.46,14.26,1.43,INF194K01Z85,118481,25,https://www.valueresearchonline.com/funds/16498/,8,6,3,4,2,23,Moderate Risk,Average
Baroda BNP Paribas Value Dir,equity,equity,Direct,1.78,12.66,,BSE 500 TRI,1.84,13.36,,,,,,,,INF251K01SD5,151755,25,https://www.valueresearchonline.com/funds/43508/,1,1,1,1,1,5,High Risk,Poor
Canara Robeco Value Dir,equity,equity,Direct,0.31,14.44,,BSE 500 TRI,1.84,13.36,,1.05,0.98,0.58,15.22,14.72,1.33,INF760K01JW4,149085,25,https://www.valueresearchonline.com/funds/41625/,8,6,3,4,2,23,Moderate Risk,Average
DSP Value Fund Dir*,equity,equity,Direct,11.71,18.71,14.79,BSE 500 TRI*,1.84,13.36,12.53,7.7,0.65,1.15,11.19,18.76,2.33,INF740KA1PP3,148595,25,https://www.valueresearchonline.com/funds/41194/,12,10,5,6,4,37,Very Low Risk,Good
Groww Value Dir,equity,equity,Direct,3.16,16.44,13.75,BSE 500 TRI,1.84,13.36,12.53,2.65,0.95,0.68,15.09,16.14,1.8,INF192K01BR7,120485,25,https://www.valueresearchonline.com/funds/30921/,10,6,3,4,3,26,Moderate Risk,Average
HDFC NIFTY50 Value 20 ETF,equity,equity,Direct,-4.55,9.33,,BSE 500 TRI,1.84,13.36,,-2.54,0.84,0.3,14.17,10.05,0.86,INF179KC1DK8,150619,20,https://www.valueresearchonline.com/funds/42535/,2,4,3,5,1,15,Moderately High Risk,Average
HDFC Value Dir,equity,equity,Direct,5.42,18.22,16.27,BSE 500 TRI,1.84,13.36,12.53,3.82,1,0.76,15.59,17.69,1.75,INF179K01VC4,118935,25,https://www.valueresearchonline.com/funds/15989/,10,8,3,4,3,28,Low Risk,Good
HSBC Value Dir,equity,equity,Direct,5.79,21.08,19.19,BSE 500 TRI,1.84,13.36,12.53,6.78,1.03,0.91,16.59,20.89,1.65,INF917K01HD4,151113,25,https://www.valueresearchonline.com/funds/16269/,12,8,2,3,3,28,Low Risk,Good
ICICI Pru Nifty200 Value 30 ETF,equity,equity,Direct,22.9,,,BSE 500 TRI,1.84,,,,,,,,,INF109KC16X5,152932,25,https://www.valueresearchonline.com/funds/44607/,1,1,1,1,1,5,High Risk,Poor
ICICI Pru Nifty200 Value 30 Index Dir,equity,equity,Direct,22.92,,,BSE 500 TRI,1.84,,,,,,,,,INF109KC13X2,152936,25,https://www.valueresearchonline.com/funds/44605/,1,1,1,1,1,5,High Risk,Poor
ICICI Pru Nifty50 Value 20 ETF,equity,equity,Direct,-4.6,9.24,10.58,BSE 500 TRI,1.84,13.36,12.53,-2.63,0.84,0.29,14.16,9.96,0.84,INF109KC11V0,139455,20,https://www.valueresearchonline.com/funds/32540/,2,4,3,5,1,15,Moderately High Risk,Average
ICICI Pru Nifty50 Value 20 Index Dir,equity,equity,Direct,-4.65,,,BSE 500 TRI,1.84,,,,,,,,,INF109KC16T3,152365,20,https://www.valueresearchonline.com/funds/44070/,1,1,1,1,1,5,High Risk,Poor
ICICI Pru Value Dir,equity,equity,Direct,0.37,16.74,17.48,BSE 500 TRI,1.84,13.36,12.53,4.3,0.81,0.82,13.15,16.61,2.16,INF109K010A6,120256,25,https://www.valueresearchonline.com/funds/15822/,12,8,4,5,4,33,Low Risk,Good
ITI Value Dir,equity,equity,Direct,6.5,17.05,13.53,BSE 500 TRI,1.84,13.36,12.53,2.78,1.15,0.65,18.25,17.8,1.29,INF00XX01AQ6,148972,25,https://www.valueresearchonline.com/funds/41509/,10,6,1,3,2,22,Moderate Risk,Average
Invesco India Contra Dir,equity,equity,Direct,0.3,17.44,15.38,BSE 500 TRI,1.84,13.36,12.53,3.36,1.01,0.71,16.03,17.33,1.48,INF205K01LE4,120348,25,https://www.valueresearchonline.com/funds/16719/,10,6,2,3,2,23,Moderate Risk,Average
JM Value Dir,equity,equity,Direct,-1.88,16.84,16.98,BSE 500 TRI,1.84,13.36,12.53,2.7,1.16,0.61,19.56,17.88,1.37,INF192K01BT3,120486,25,https://www.valueresearchonline.com/funds/16530/,10,6,1,2,2,21,Moderate Risk,Average
Kotak Contra Dir,equity,equity,Direct,4.18,18.58,16.78,BSE 500 TRI,1.84,13.36,12.53,4.52,1.01,0.79,15.82,18.44,1.69,INF174K01KZ9,119769,25,https://www.valueresearchonline.com/funds/16341/,12,8,3,3,3,29,Low Risk,Good
Kotak Nifty 50 Value 20 ETF,equity,equity,Direct,-4.37,9.44,10.72,BSE 500 TRI,1.84,13.36,12.53,-2.44,0.84,0.3,14.18,10.15,0.87,INF179KC1DK8,150619,20,https://www.valueresearchonline.com/funds/31271/,2,4,3,5,1,15,Moderately High Risk,Average
Kotak Nifty200 Value 30 Index Dir,equity,equity,Direct,,,,BSE 500 TRI,,,,,,,,,,INF174KA1YP0,154145,25,https://www.valueresearchonline.com/funds/45763/,1,1,1,1,1,5,High Risk,Poor
LIC MF Value Dir,equity,equity,Direct,16.72,18.32,,BSE 500 TRI,1.84,13.36,,3.66,1.09,0.67,18.57,18.22,0.82,INF397L01KU5,152018,25,https://www.valueresearchonline.com/funds/37212/,10,6,1,3,1,21,Moderate Risk,Average
Mahindra Manulife Value Dir,equity,equity,Direct,13.14,,,BSE 500 TRI,1.84,,,,,,,,,INF174V01CI9,153303,25,https://www.valueresearchonline.com/funds/44934/,1,1,1,1,1,5,High Risk,Poor
Mirae Asset Nifty 500 Value 50 ETF,equity,equity,Direct,,,,BSE 500 TRI,,,,,,,,,,INF769K01QV2,154299,25,https://www.valueresearchonline.com/funds/45914/,1,1,1,1,1,5,High Risk,Poor
Motilal Oswal BSE Enhanced Value ETF,equity,equity,Direct,16.12,30.5,,BSE 500 TRI,1.84,13.36,,14.3,1.27,1.09,22.41,30.34,2.7,INF247L01BE5,150517,25,https://www.valueresearchonline.com/funds/42441/,12,10,1,2,4,29,Low Risk,Good
Motilal Oswal BSE Enhanced Value Index Dir,equity,equity,Direct,15.92,29.97,,BSE 500 TRI,1.84,13.36,,13.89,1.27,1.08,22.33,29.9,2.67,INF247L01BF2,150518,25,https://www.valueresearchonline.com/funds/42443/,12,10,1,2,4,29,Low Risk,Good
Nippon India ETF Nifty 50 Value 20,equity,equity,Direct,-4.59,9.2,10.47,BSE 500 TRI,1.84,13.36,12.53,-2.65,0.84,0.29,14.15,9.93,0.84,INF204KB18I3,134782,20,https://www.valueresearchonline.com/funds/30446/,2,4,3,5,1,15,Moderately High Risk,Average
Nippon India Nifty 50 Value 20 Index Dir,equity,equity,Direct,-4.69,9.16,10.45,BSE 500 TRI,1.84,13.36,12.53,-2.69,0.84,0.28,14.16,9.89,0.84,INF204KB12Z0,148721,20,https://www.valueresearchonline.com/funds/41291/,2,4,3,5,1,15,Moderately High Risk,Average
Nippon India Value Dir,equity,equity,Direct,1.79,18.91,17.08,BSE 500 TRI,1.84,13.36,12.53,4.96,1.03,0.81,16.21,19.03,1.97,INF204K01K49,118784,25,https://www.valueresearchonline.com/funds/16175/,12,8,2,3,3,28,Low Risk,Good
Quant Value Dir,equity,equity,Direct,21.29,25.67,,BSE 500 TRI,1.84,13.36,,10.59,1.23,0.94,21.64,26.29,1.63,INF966L01AN3,149335,23,https://www.valueresearchonline.com/funds/41848/,12,8,1,2,3,26,Moderate Risk,Average
Quantum Value Dir,equity,equity,Direct,-3.72,14.01,11.69,BSE 500 TRI,1.84,13.36,12.53,1.19,0.86,0.59,13.69,13.92,1.65,INF082J01036,103490,25,https://www.valueresearchonline.com/funds/3181/,8,6,4,4,3,25,Moderate Risk,Average
SBI Contra Dir,equity,equity,Direct,-0.1,15.17,18.09,BSE 500 TRI,1.84,13.36,12.53,2.89,0.92,0.7,14.49,16.08,1.78,INF200K01RA0,119835,25,https://www.valueresearchonline.com/funds/16322/,10,6,3,4,3,26,Moderate Risk,Average
Sundaram Value Dir,equity,equity,Direct,-1.89,9.75,10.8,BSE 500 TRI,1.84,13.36,12.53,-2.82,0.92,0.31,14.56,10.41,1.08,INF903J01NN3,119549,25,https://www.valueresearchonline.com/funds/16169/,2,4,3,4,2,15,Moderately High Risk,Average
Tata Value Dir,equity,equity,Direct,2.04,16.1,15.8,BSE 500 TRI,1.84,13.36,12.53,2.65,0.99,0.67,15.73,16.43,1.45,INF277K01ND1,119231,25,https://www.valueresearchonline.com/funds/16952/,10,6,3,4,2,25,Moderate Risk,Average
Templeton India Value Dir,equity,equity,Direct,0.18,14.28,16.28,BSE 500 TRI,1.84,13.36,12.53,1.5,0.93,0.6,14.8,14.79,1.65,INF090I01GY2,118494,25,https://www.valueresearchonline.com/funds/16824/,8,6,3,4,3,24,Moderate Risk,Average
UTI Nifty 500 Value 50 Index Dir,equity,equity,Direct,20.64,30.1,,BSE 500 TRI,1.84,13.36,,14.91,1.17,1.17,20.73,30.1,,INF789F1AYN0,151739,25,https://www.valueresearchonline.com/funds/43495/,12,10,1,2,1,26,Moderate Risk,Average
UTI Value Dir,equity,equity,Direct,0.04,15.76,13.78,BSE 500 TRI,1.84,13.36,12.53,2.14,0.95,0.65,14.97,15.59,1.6,INF789F01VB2,120751,25,https://www.valueresearchonline.com/funds/15927/,10,6,3,4,3,26,Moderate Risk,Average
Union Value Dir,equity,equity,Direct,5.33,16.65,15.52,BSE 500 TRI,1.84,13.36,12.53,3.34,0.93,0.73,14.78,16.61,1.69,INF582M01EK4,145473,25,https://www.valueresearchonline.com/funds/38207/,10,6,3,4,3,26,Moderate Risk,Average
360 ONE ELSS Tax Saver Nifty 50 Index Reg,equity,equity,Regular,-1.94,9.26,,BSE 500 TRI,1.84,13.36,,-3.27,0.86,0.27,13.72,9.51,1.07,INF579M01AL6,151164,25,https://www.valueresearchonline.com/funds/42906/,2,4,4,4,2,16,Moderately High Risk,Average
ABSL ELSS Tax Saver Reg,equity,equity,Regular,2.76,13.25,8.98,BSE 500 TRI,1.84,13.36,12.53,0.29,0.94,0.53,14.65,13.66,1.23,INF209K01090,103164,25,https://www.valueresearchonline.com/funds/24/,8,6,3,4,2,23,Moderate Risk,Average
Axis ELSS Tax Saver Reg,equity,equity,Regular,-0.05,9.96,7.56,BSE 500 TRI,1.84,13.36,12.53,-1.97,0.9,0.36,14.63,11.09,1.33,INF846K01131,112323,25,https://www.valueresearchonline.com/funds/10826/,4,4,3,4,2,17,Moderately High Risk,Average
Bajaj Finserv ELSS Tax Saver Reg,equity,equity,Regular,3.53,,,BSE 500 TRI,1.84,,,,,,,,,INF0QA701AI4,153202,25,https://www.valueresearchonline.com/funds/44854/,1,1,1,1,1,5,High Risk,Poor
Bandhan ELSS Tax Saver Reg,equity,equity,Regular,2.13,11.73,12.84,BSE 500 TRI,1.84,13.36,12.53,-0.88,0.89,0.45,13.97,12.14,1.18,INF194K01292,111569,25,https://www.valueresearchonline.com/funds/10032/,4,4,4,4,2,18,Moderately High Risk,Average
Bank of Ind Midcap Tax 2 Reg,equity,equity,Regular,4.04,15.3,13,BSE 500 TRI,1.84,13.36,12.53,1.64,1.13,0.57,18.61,16.54,1.02,INF761K01EN2,144314,25,https://www.valueresearchonline.com/funds/36920/,8,6,1,3,2,20,Moderate Risk,Average
Bank of India ELSS Tax Saver Eco,equity,equity,Regular,4.67,15.73,13.91,BSE 500 TRI,1.84,13.36,12.53,1.73,1.08,0.58,17.95,16.22,1.06,INF761K01132,111711,25,https://www.valueresearchonline.com/funds/10099/,8,6,2,3,2,21,Moderate Risk,Average
Bank of India ELSS Tax Saver Reg,equity,equity,Regular,4.38,15.43,13.61,BSE 500 TRI,1.84,13.36,12.53,1.47,1.08,0.56,17.94,15.97,1.04,INF761K01181,111710,25,https://www.valueresearchonline.com/funds/10097/,8,6,2,3,2,21,Moderate Risk,Average
Bank of India Midcap Tax Sr 1 Reg,equity,equity,Regular,9.26,16.55,14.45,BSE 500 TRI,1.84,13.36,12.53,2.63,1.15,0.61,19.24,17.68,0.99,INF761K01DU9,141952,25,https://www.valueresearchonline.com/funds/34772/,10,6,1,3,1,21,Moderate Risk,Average
Baroda BNP Paribas ELSS Tax Saver  Reg,equity,equity,Regular,4.74,16.05,13.09,BSE 500 TRI,1.84,13.36,12.53,2.93,0.96,0.69,15.39,16.47,1.36,INF251K01985,150156,25,https://www.valueresearchonline.com/funds/3001/,10,6,3,4,2,25,Moderate Risk,Average
Canara Robeco ELSS Tax Saver Reg,equity,equity,Regular,2.06,12.55,11.51,BSE 500 TRI,1.84,13.36,12.53,-0.54,0.94,0.48,14.64,12.85,1.11,INF760K01100,111722,25,https://www.valueresearchonline.com/funds/59/,4,4,3,4,2,17,Moderately High Risk,Average
DSP ELSS Tax Saver Reg,equity,equity,Regular,0.27,16.3,13.84,BSE 500 TRI,1.84,13.36,12.53,2.4,0.99,0.66,15.7,16.2,1.74,INF740K01185,104772,25,https://www.valueresearchonline.com/funds/3985/,10,6,3,4,3,26,Moderate Risk,Average
Edelweiss ELSS Tax Saver Reg,equity,equity,Regular,4.22,13.84,12.65,BSE 500 TRI,1.84,13.36,12.53,0.72,0.99,0.56,15.47,14.51,1.13,INF754K01517,111638,25,https://www.valueresearchonline.com/funds/10125/,8,6,3,4,2,23,Moderate Risk,Average
Franklin India ELSS Tax Saver Reg,equity,equity,Regular,-3.59,13.95,13.04,BSE 500 TRI,1.84,13.36,12.53,0.89,0.93,0.57,14.58,14.17,1.4,INF761K01165,111708,25,https://www.valueresearchonline.com/funds/601/,8,6,3,4,2,23,Moderate Risk,Average
Groww ELSS Tax Saver Reg,equity,equity,Regular,-4.02,10,9.07,BSE 500 TRI,1.84,13.36,12.53,-2.87,0.97,0.31,15.68,10.77,0.81,INF0J8L01099,151609,25,https://www.valueresearchonline.com/funds/34681/,2,4,3,4,1,14,Moderately High Risk,Average
HDFC ELSS Tax Saver Reg,equity,equity,Regular,-2.51,15.58,16.44,BSE 500 TRI,1.84,13.36,12.53,2.96,0.86,0.72,13.75,15.72,2.12,INF677K01072,151077,25,https://www.valueresearchonline.com/funds/854/,10,6,4,4,4,28,Low Risk,Good
HSBC ELSS Tax Saver Reg,equity,equity,Regular,4.85,16.92,14.02,BSE 500 TRI,1.84,13.36,12.53,2.99,1.01,0.67,16.44,16.95,1.17,INF677K01064,151076,25,https://www.valueresearchonline.com/funds/3112/,10,6,2,3,2,23,Moderate Risk,Average
ICICI Pru ELSS Tax Saver,equity,equity,Regular,0.85,12.87,12.3,BSE 500 TRI,1.84,13.36,12.53,0.13,0.88,0.51,14,13.03,1.39,INF109K01464,100354,25,https://www.valueresearchonline.com/funds/640/,8,6,3,4,2,23,Moderate Risk,Average
ICICI Pru Long Term Wealth Enhancement,equity,equity,Regular,1.03,14.85,14.87,BSE 500 TRI,1.84,13.36,12.53,1.83,0.86,0.62,14.18,14.61,1.42,INF846K015L0,151178,25,https://www.valueresearchonline.com/funds/34950/,8,6,3,4,2,23,Moderate Risk,Average
ITI ELSS Tax Saver Reg,equity,equity,Regular,1.99,17.07,11.72,BSE 500 TRI,1.84,13.36,12.53,1.89,1.22,0.58,19.94,17.52,1.04,INF00XX01374,147544,25,https://www.valueresearchonline.com/funds/40135/,8,6,1,2,2,19,Moderately High Risk,Average
Invesco India ELSS Tax Saver Reg,equity,equity,Regular,-3.31,12.42,10.4,BSE 500 TRI,1.84,13.36,12.53,-0.9,1.03,0.45,16.51,13.23,0.95,INF205K01270,104636,25,https://www.valueresearchonline.com/funds/3913/,4,4,2,3,1,14,Moderately High Risk,Average
JM ELSS Tax Saver Reg,equity,equity,Regular,4.52,15.73,14.84,BSE 500 TRI,1.84,13.36,12.53,2.27,1.04,0.62,16.96,16.47,1.23,INF192K01650,107288,25,https://www.valueresearchonline.com/funds/6679/,10,6,2,3,2,23,Moderate Risk,Average
Kotak ELSS Tax Saver Reg,equity,equity,Regular,0.7,12.22,12.43,BSE 500 TRI,1.84,13.36,12.53,-1.08,0.96,0.43,15.38,12.49,0.99,INF789F01547,100821,25,https://www.valueresearchonline.com/funds/2937/,4,4,3,4,1,16,Moderately High Risk,Average
LIC MF ELSS Tax Saver Reg,equity,equity,Regular,-4.81,10.17,10.74,BSE 500 TRI,1.84,13.36,12.53,-2.67,0.92,0.32,14.91,10.59,1.05,INF767K01956,100865,25,https://www.valueresearchonline.com/funds/405/,2,4,3,4,2,15,Moderately High Risk,Average
Mahindra Manulife ELSS Tax Saver Reg,equity,equity,Regular,-3.78,9.5,10.63,BSE 500 TRI,1.84,13.36,12.53,-2.79,0.91,0.31,14.21,10.32,1.06,INF174V01077,139783,25,https://www.valueresearchonline.com/funds/32893/,2,4,3,4,2,15,Moderately High Risk,Average
Mirae Asset ELSS Tax Saver Reg,equity,equity,Regular,3.67,14.47,12.4,BSE 500 TRI,1.84,13.36,12.53,0.77,1,0.56,15.58,14.64,1.27,INF769K01DK3,135784,25,https://www.valueresearchonline.com/funds/31316/,8,6,3,4,2,23,Moderate Risk,Average
Motilal Oswal ELSS Tax Saver Reg,equity,equity,Regular,7.34,22.12,18.1,BSE 500 TRI,1.84,13.36,12.53,7.6,1.16,0.79,21.36,22.72,0.91,INF247L01544,133385,25,https://www.valueresearchonline.com/funds/29160/,12,8,1,2,1,24,Moderate Risk,Average
NJ ELSS Tax Saver Reg,equity,equity,Regular,-3.29,,,BSE 500 TRI,1.84,,,,,,,,,INF0J8L01099,151609,25,https://www.valueresearchonline.com/funds/43363/,1,1,1,1,1,5,High Risk,Poor
Navi ELSS Tax Saver Nifty 50 Index Reg,equity,equity,Regular,-2.56,8.53,,BSE 500 TRI,1.84,13.36,,-3.96,0.87,0.22,13.74,8.83,,INF959L01GS4,151472,25,https://www.valueresearchonline.com/funds/43189/,2,4,4,4,1,15,Moderately High Risk,Average
Navi ELSS Tax Saver Reg,equity,equity,Regular,,,,,,,,,,,,,0.8,INF959L01CF0,135655,0,https://www.valueresearchonline.com/funds/31263/,1,1,1,1,1,5,High Risk,Poor
Nippon India ELSS Tax Saver Reg,equity,equity,Regular,3.82,15.59,14.41,BSE 500 TRI,1.84,13.36,12.53,2.52,0.98,0.68,15.29,16.19,1.35,INF663L01FQ8,135598,25,https://www.valueresearchonline.com/funds/2816/,10,6,3,4,2,25,Moderate Risk,Average
PGIM India ELSS Tax Saver Reg,equity,equity,Regular,-1.6,8.73,10.34,BSE 500 TRI,1.84,13.36,12.53,-4.53,0.92,0.19,14.79,8.72,0.72,INF663L01FQ8,135598,25,https://www.valueresearchonline.com/funds/31165/,2,4,3,4,1,14,Moderately High Risk,Average
Parag Parikh ELSS Tax Saver Reg,equity,equity,Regular,-7.51,11.44,13.12,BSE 500 TRI,1.84,13.36,12.53,-0.36,0.7,0.46,11.43,11.11,1.47,INF879O01092,147482,25,https://www.valueresearchonline.com/funds/40104/,4,4,5,6,2,21,Moderate Risk,Average
Quant ELSS Tax Saver Reg,equity,equity,Regular,12.33,17.11,16.07,BSE 500 TRI,1.84,13.36,12.53,3.81,1.11,0.69,18.51,18.59,1.27,INF966L01135,100175,25,https://www.valueresearchonline.com/funds/818/,10,6,1,3,2,22,Moderate Risk,Average
Quantum ELSS Tax Saver Reg,equity,equity,Regular,-4.55,12.83,10.86,BSE 500 TRI,1.84,13.36,12.53,0.18,0.85,0.51,13.6,12.86,1.51,INF082J01366,141070,25,https://www.valueresearchonline.com/funds/33972/,8,6,4,5,3,26,Moderate Risk,Average
SBI ELSS Tax Saver Reg,equity,equity,Regular,0.39,18.1,16.87,BSE 500 TRI,1.84,13.36,12.53,4.88,0.98,0.81,15.65,18.61,1.99,INF200K01495,105628,25,https://www.valueresearchonline.com/funds/198/,12,8,3,4,3,30,Low Risk,Good
SBI Long Term Advantage Sr IV Reg,equity,equity,Regular,2.89,11.19,14.5,BSE 500 TRI,1.84,13.36,12.53,-0.48,0.91,0.43,15.97,12.66,1.39,INF200KA1LQ3,140488,25,https://www.valueresearchonline.com/funds/33321/,4,4,3,4,2,17,Moderately High Risk,Average
SBI Long Term Advantage Sr V Reg,equity,equity,Regular,2.18,20.59,17.04,BSE 500 TRI,1.84,13.36,12.53,5.51,0.97,0.81,16.29,19.1,1.89,INF200KA1RU2,142139,25,https://www.valueresearchonline.com/funds/34958/,12,8,2,4,3,29,Low Risk,Good
SBI Long Term Advantage Sr VI Reg,equity,equity,Regular,0.77,14.36,14.29,BSE 500 TRI,1.84,13.36,12.53,0.26,1.1,0.5,18.03,14.89,1.13,INF200KA1TM5,143176,25,https://www.valueresearchonline.com/funds/35969/,8,6,1,3,2,20,Moderate Risk,Average
Samco ELSS Tax Saver Reg,equity,equity,Regular,-5.55,5.57,,BSE 500 TRI,1.84,13.36,,-7.28,1.09,0.07,19.55,7.28,0.16,INF0K1H01057,150839,25,https://www.valueresearchonline.com/funds/42759/,2,4,1,3,1,11,High Risk,Poor
Shriram ELSS Tax Saver Reg,equity,equity,Regular,0.05,8.37,8.24,BSE 500 TRI,1.84,13.36,12.53,-4.51,1,0.21,16.85,9.35,0.49,INF680P01133,145820,25,https://www.valueresearchonline.com/funds/38437/,2,4,2,4,1,13,Moderately High Risk,Average
Sundaram  Long Term Tax Advantage IV Reg,equity,equity,Regular,13.29,17.68,20.61,BSE 500 TRI,1.84,13.36,12.53,3.71,1.04,0.65,18.54,17.89,1.3,INF903JA1CX1,143077,25,https://www.valueresearchonline.com/funds/35871/,10,6,1,3,2,22,Moderate Risk,Average
Sundaram ELSS Tax Saver Reg,equity,equity,Regular,-1.44,11.15,11.46,BSE 500 TRI,1.84,13.36,12.53,-1.31,0.92,0.42,14.45,11.88,1.25,INF173K01361,149569,25,https://www.valueresearchonline.com/funds/89/,4,4,3,4,2,17,Moderately High Risk,Average
Sundaram Long Term Micro Cap Tax Advantage III Reg,equity,equity,Regular,9.78,16.42,19.69,BSE 500 TRI,1.84,13.36,12.53,2.47,1.08,0.57,19.58,17,1.09,INF903JA1427,139709,25,https://www.valueresearchonline.com/funds/32781/,10,6,1,3,2,22,Moderate Risk,Average
Sundaram Long Term Micro Cap Tax Advantage IV Reg,equity,equity,Regular,9.93,16.66,20.04,BSE 500 TRI,1.84,13.36,12.53,2.73,1.07,0.58,19.36,17.16,1.15,INF903JA1500,139992,25,https://www.valueresearchonline.com/funds/33064/,10,6,1,3,2,22,Moderate Risk,Average
Sundaram Long Term Micro Cap Tax Advantage V Reg,equity,equity,Regular,10.02,17.14,19.38,BSE 500 TRI,1.84,13.36,12.53,3.2,1.08,0.61,19.46,17.7,1.15,INF903JA1930,141139,25,https://www.valueresearchonline.com/funds/34224/,10,6,1,3,2,22,Moderate Risk,Average
Sundaram Long Term Micro Cap Tax Advantage VI Reg,equity,equity,Regular,8.62,16.53,19.78,BSE 500 TRI,1.84,13.36,12.53,2.67,1.07,0.58,19.37,17.1,1.14,INF903JA1AX5,141565,25,https://www.valueresearchonline.com/funds/34429/,10,6,1,3,2,22,Moderate Risk,Average
Sundaram Long Term Tax Advantage III Reg,equity,equity,Regular,12.53,17.34,20.48,BSE 500 TRI,1.84,13.36,12.53,3.44,1.05,0.63,18.76,17.71,1.24,INF903J019V4,135684,25,https://www.valueresearchonline.com/funds/35006/,10,6,1,3,2,22,Moderate Risk,Average
Tata ELSS Reg,equity,equity,Regular,5.68,14.31,13.48,BSE 500 TRI,1.84,13.36,12.53,1.06,1,0.57,15.82,14.94,1.21,INF277K01I52,132757,25,https://www.valueresearchonline.com/funds/212/,8,6,3,4,2,23,Moderate Risk,Average
Taurus ELSS Tax Saver Reg,equity,equity,Regular,-5,11.27,11.05,BSE 500 TRI,1.84,13.36,12.53,-0.97,0.88,0.42,14.49,11.95,1.1,INF044D01AC9,100480,25,https://www.valueresearchonline.com/funds/83/,4,4,3,4,2,17,Moderately High Risk,Average
UTI ELSS Tax Saver Reg,equity,equity,Regular,-1.91,10.21,9.59,BSE 500 TRI,1.84,13.36,12.53,-2.72,0.95,0.33,15.03,10.78,0.95,INF789F01547,100821,25,https://www.valueresearchonline.com/funds/724/,2,4,3,4,1,14,Moderately High Risk,Average
UTI MEPUS Reg,equity,equity,Regular,-3.05,9.23,9.22,BSE 500 TRI,1.84,13.36,12.53,-3,0.86,0.28,13.64,9.73,0.92,INF789F1AUP3,148616,25,https://www.valueresearchonline.com/funds/1621/,2,4,4,4,1,15,Moderately High Risk,Average
Union ELSS Tax Saver Reg,equity,equity,Regular,1.92,12.09,12.26,BSE 500 TRI,1.84,13.36,12.53,-0.7,0.93,0.46,14.61,12.57,1.08,INF789F01547,100821,25,https://www.valueresearchonline.com/funds/13521/,4,4,3,4,2,17,Moderately High Risk,Average
WhiteOak Capital ELSS Tax Saver Reg,equity,equity,Regular,1.09,16.55,,BSE 500 TRI,1.84,13.36,,3.24,0.93,0.71,15.02,16.59,1.49,INF03VN01647,150589,25,https://www.valueresearchonline.com/funds/42485/,10,6,3,4,2,25,Moderate Risk,Average
360 ONE Flexicap Reg,equity,equity,Regular,4.92,,,BSE 500 TRI,1.84,,,,,,,,,INF579M01AP7,151799,25,https://www.valueresearchonline.com/funds/43545/,1,1,1,1,1,5,High Risk,Poor
360 ONE Focused Reg,equity,equity,Regular,3,12.61,12.85,BSE 500 TRI,1.84,13.36,12.53,-0.18,0.92,0.49,14.6,13.02,1.23,INF579M01878,131578,25,https://www.valueresearchonline.com/funds/28456/,4,4,3,4,2,17,Moderately High Risk,Average
ABSL BSE 500 Momentum 50 Index Reg,equity,equity,Regular,,,,BSE 500 TRI,,,,,,,,,,INF209KC1605,153735,25,https://www.valueresearchonline.com/funds/45375/,1,1,1,1,1,5,High Risk,Poor
ABSL BSE 500 Quality 50 Index Reg,equity,equity,Regular,,,,BSE 500 TRI,,,,,,,,,,INF209KC1639,153742,25,https://www.valueresearchonline.com/funds/45379/,1,1,1,1,1,5,High Risk,Poor
ABSL Bal Bhavishya Yojna Reg,equity,equity,Regular,4.03,12.04,9.24,BSE 500 TRI,1.84,13.36,12.53,-0.43,0.97,0.48,15.36,13.19,0.95,INF209KB1E76,146409,25,https://www.valueresearchonline.com/funds/38819/,4,4,3,4,1,16,Moderately High Risk,Average
ABSL Flexi Cap Reg,equity,equity,Regular,6.37,16.11,12.69,BSE 500 TRI,1.84,13.36,12.53,2.85,0.95,0.71,14.77,16.32,1.47,INF209K01AJ8,103166,25,https://www.valueresearchonline.com/funds/561/,10,6,3,4,2,25,Moderate Risk,Average
ABSL Focused Reg,equity,equity,Regular,2.24,14.17,12.04,BSE 500 TRI,1.84,13.36,12.53,1.21,0.9,0.59,14.14,14.26,1.63,INF209K01LV0,108273,25,https://www.valueresearchonline.com/funds/2865/,8,6,3,4,3,24,Moderate Risk,Average
ABSL Retirement 30s Reg,equity,equity,Regular,11.48,16.55,11.5,BSE 500 TRI,1.84,13.36,12.53,3,0.99,0.69,15.95,16.81,1.15,INF209KB1H99,146577,25,https://www.valueresearchonline.com/funds/39179/,10,6,3,4,2,25,Moderate Risk,Average
Abakkus Flexi Cap Reg,equity,equity,Regular,,,,BSE 500 TRI,,,,,,,,,,INF2JJD01169,154041,25,https://www.valueresearchonline.com/funds/45681/,1,1,1,1,1,5,High Risk,Poor
Angel One Nifty Total Market Index Reg,equity,equity,Regular,1.25,,,BSE 500 TRI,1.84,,,,,,,,,INF1J2R01031,153331,25,https://www.valueresearchonline.com/funds/44962/,1,1,1,1,1,5,High Risk,Poor
Angel One Nifty Total Market Momentum Quality 50 Index Reg,equity,equity,Regular,,,,BSE 500 TRI,,,,,,,,,,INF1J2R01130,153955,25,https://www.valueresearchonline.com/funds/45606/,1,1,1,1,1,5,High Risk,Poor
Axis Flexi Cap Reg,equity,equity,Regular,2.92,12.91,10.06,BSE 500 TRI,1.84,13.36,12.53,-0.51,0.96,0.47,15.38,13.07,0.99,INF846K01B51,141927,25,https://www.valueresearchonline.com/funds/34709/,4,4,3,4,1,16,Moderately High Risk,Average
Axis Focused Reg,equity,equity,Regular,-2.11,8.14,5.4,BSE 500 TRI,1.84,13.36,12.53,-4.23,0.91,0.2,14.86,8.9,0.85,INF846K01CH7,117560,25,https://www.valueresearchonline.com/funds/14951/,2,4,3,4,1,14,Moderately High Risk,Average
Axis Nifty 500 Index Reg,equity,equity,Regular,0.94,,,BSE 500 TRI,1.84,,,,,,,,,INF846K018W1,152730,25,https://www.valueresearchonline.com/funds/44412/,1,1,1,1,1,5,High Risk,Poor
Axis Nifty500 Momentum 50 Index Reg,equity,equity,Regular,-0.54,,,BSE 500 TRI,1.84,,,,,,,,,INF846KA1036,153245,25,https://www.valueresearchonline.com/funds/44904/,1,1,1,1,1,5,High Risk,Poor
Axis Nifty500 Quality 50 Index Reg,equity,equity,Regular,,,,BSE 500 TRI,,,,,,,,,,INF846KA1192,153830,25,https://www.valueresearchonline.com/funds/45467/,1,1,1,1,1,5,High Risk,Poor
Bajaj Finserv Flexi Cap Reg,equity,equity,Regular,5.42,,,BSE 500 TRI,1.84,,,,,,,,,INF0QA701383,151898,25,https://www.valueresearchonline.com/funds/43651/,1,1,1,1,1,5,High Risk,Poor
Bandhan Flexi Cap Reg,equity,equity,Regular,1.51,13.14,11.59,BSE 500 TRI,1.84,13.36,12.53,0.64,0.88,0.55,13.87,13.54,1.26,INF194K01391,108594,25,https://www.valueresearchonline.com/funds/2886/,8,6,4,4,2,24,Moderate Risk,Average
Bandhan Focused Reg,equity,equity,Regular,2.25,14.87,12.43,BSE 500 TRI,1.84,13.36,12.53,2.07,0.98,0.59,16.71,15.75,1.28,INF194K01466,108592,25,https://www.valueresearchonline.com/funds/3151/,10,6,2,4,2,24,Moderate Risk,Average
Bandhan Nifty 500 Momentum 50 Index Reg,equity,equity,Regular,-0.58,,,BSE 500 TRI,1.84,,,,,,,,,INF194KB1IX2,153002,25,https://www.valueresearchonline.com/funds/44629/,1,1,1,1,1,5,High Risk,Poor
Bandhan Nifty Alpha 50 Index Reg,equity,equity,Regular,2.28,,,BSE 500 TRI,1.84,,,,,,,,,INF194KB1GX6,152179,25,https://www.valueresearchonline.com/funds/43862/,1,1,1,1,1,5,High Risk,Poor
Bandhan Nifty Total Mkt Index Reg,equity,equity,Regular,1.12,,,BSE 500 TRI,1.84,,,,,,,,,INF194KB1IH5,152717,25,https://www.valueresearchonline.com/funds/44402/,1,1,1,1,1,5,High Risk,Poor
Bank of India Flexi Cap Reg,equity,equity,Regular,9.5,20.87,16.87,BSE 500 TRI,1.84,13.36,12.53,6.18,1.12,0.8,19.04,21.01,1.35,INF761K01FH1,148407,25,https://www.valueresearchonline.com/funds/41016/,12,8,1,3,2,26,Moderate Risk,Average
Baroda BNP Paribas Children's Reg,equity,equity,Regular,5.83,,,BSE 500 TRI,1.84,,,,,,,,,INF251K01UC3,153170,25,https://www.valueresearchonline.com/funds/44778/,1,1,1,1,1,5,High Risk,Poor
Baroda BNP Paribas Flexi Cap Reg,equity,equity,Regular,2.36,13.74,,BSE 500 TRI,1.84,13.36,,0.95,1,0.56,15.88,14.79,0.98,INF251K01QW9,150385,25,https://www.valueresearchonline.com/funds/42310/,8,6,3,4,1,22,Moderate Risk,Average
Baroda BNP Paribas Focused Reg,equity,equity,Regular,-3.47,9.66,10,BSE 500 TRI,1.84,13.36,12.53,-3.21,1.08,0.31,17.29,11.28,0.69,INF251K01PK6,150263,25,https://www.valueresearchonline.com/funds/34651/,2,4,2,3,1,12,High Risk,Poor
Canara Robeco Flexi Cap Reg,equity,equity,Regular,0.65,12.09,11.07,BSE 500 TRI,1.84,13.36,12.53,-0.94,0.93,0.45,14.52,12.37,1.13,INF760K01019,101922,25,https://www.valueresearchonline.com/funds/1839/,4,4,3,4,2,17,Moderately High Risk,Average
Canara Robeco Focused Reg,equity,equity,Regular,-1.58,13.01,12.8,BSE 500 TRI,1.84,13.36,12.53,0.03,0.92,0.5,14.62,13.24,1.34,INF760K01JT0,148884,25,https://www.valueresearchonline.com/funds/41456/,8,6,3,4,2,23,Moderate Risk,Average
Capitalmind Flexi Cap Reg,equity,equity,Regular,,,,BSE 500 TRI,,,,,,,,,,INF226401026,153739,25,https://www.valueresearchonline.com/funds/45312/,1,1,1,1,1,5,High Risk,Poor
DSP Flexi Cap Reg,equity,equity,Regular,-0.04,13.08,11.07,BSE 500 TRI,1.84,13.36,12.53,0.05,0.97,0.51,15.42,13.69,1.39,INF740K01037,105875,25,https://www.valueresearchonline.com/funds/393/,8,6,3,4,2,23,Moderate Risk,Average
DSP Focused Reg,equity,equity,Regular,0.5,14.99,11.19,BSE 500 TRI,1.84,13.36,12.53,1.46,0.96,0.59,15.52,14.98,1.64,INF740K01532,112901,25,https://www.valueresearchonline.com/funds/11183/,8,6,3,4,3,24,Moderate Risk,Average
DSP Nifty 500 Index Reg,equity,equity,Regular,,,,BSE 500 TRI,,,,,,,,,,INF740KA1XV5,154090,25,https://www.valueresearchonline.com/funds/45717/,1,1,1,1,1,5,High Risk,Poor
DSP Nifty500 Flexicap Quality 30 Index Reg,equity,equity,Regular,,,,BSE 500 TRI,,,,,,,,,,INF740KA1WO2,153802,25,https://www.valueresearchonline.com/funds/45444/,1,1,1,1,1,5,High Risk,Poor
Edelweiss Flexi Cap Reg,equity,equity,Regular,2.28,15.04,13.63,BSE 500 TRI,1.84,13.36,12.53,1.81,0.99,0.63,15.46,15.55,1.3,INF843K01KN5,140355,25,https://www.valueresearchonline.com/funds/29261/,8,6,3,4,2,23,Moderate Risk,Average
Edelweiss Focused Reg,equity,equity,Regular,1.56,13.55,,BSE 500 TRI,1.84,13.36,,0.29,0.98,0.52,15.54,14.01,1.26,INF754K01OL0,150382,25,https://www.valueresearchonline.com/funds/42296/,8,6,3,4,2,23,Moderate Risk,Average
Franklin India Flexi Cap Reg,equity,equity,Regular,-2.28,14.41,13.86,BSE 500 TRI,1.84,13.36,12.53,1.35,0.92,0.6,14.46,14.58,1.46,INF761K01FH1,148407,25,https://www.valueresearchonline.com/funds/116/,8,6,3,4,2,23,Moderate Risk,Average
Franklin India Focused Equity Reg,equity,equity,Regular,-4.49,10.71,11.71,BSE 500 TRI,1.84,13.36,12.53,-1.52,0.88,0.39,14.11,11.36,1.14,INF090I01BB1,100538,25,https://www.valueresearchonline.com/funds/5141/,4,4,3,4,2,17,Moderately High Risk,Average
Groww Nifty 500 Momentum 50 ETF FoF Reg,equity,equity,Regular,-0.14,,,BSE 500 TRI,1.84,,,,,,,,,INF666M01KC9,153456,1,https://www.valueresearchonline.com/funds/45095/,1,1,1,1,1,5,High Risk,Poor
Groww Nifty Total Market Index Reg,equity,equity,Regular,1.22,,,BSE 500 TRI,1.84,,,,,,,,,INF666M01HJ0,152127,25,https://www.valueresearchonline.com/funds/43804/,1,1,1,1,1,5,High Risk,Poor
HDFC BSE 500 Index Reg,equity,equity,Regular,0.95,12.09,,BSE 500 TRI,1.84,13.36,,-1.13,1,0.45,15.34,12.69,,INF179KC1GH7,151729,25,https://www.valueresearchonline.com/funds/43476/,4,4,3,4,1,16,Moderately High Risk,Average
HDFC Diversified Equity All Cap Active FoF Reg,equity,equity,Regular,,,,BSE 500 TRI,,,,,,,,,,INF179KC1JR0,153861,5,https://www.valueresearchonline.com/funds/45483/,1,1,1,1,1,5,High Risk,Poor
HDFC Flexi Cap Reg,equity,equity,Regular,2.45,17.37,17.87,BSE 500 TRI,1.84,13.36,12.53,4.62,0.82,0.85,13.11,17.06,2.39,INF740K01011,100080,25,https://www.valueresearchonline.com/funds/219/,12,8,4,5,4,33,Low Risk,Good
HDFC Focused Reg,equity,equity,Regular,1.08,16.72,18.9,BSE 500 TRI,1.84,13.36,12.53,4.03,0.79,0.81,12.81,16.25,2.35,,133527,25,https://www.valueresearchonline.com/funds/2372/,12,8,4,5,4,33,Low Risk,Good
HDFC Retirement Savings Equity Reg,equity,equity,Regular,-3.15,11.5,13.62,BSE 500 TRI,1.84,13.36,12.53,-0.9,0.86,0.44,13.54,11.87,1.43,INF277K01FH8,115943,25,https://www.valueresearchonline.com/funds/31779/,4,4,4,4,2,18,Moderately High Risk,Average
HSBC Flexi Cap Reg,equity,equity,Regular,4.59,17.35,14.5,BSE 500 TRI,1.84,13.36,12.53,3.42,1.08,0.7,17.31,17.96,1.13,INF336L01AF5,102252,25,https://www.valueresearchonline.com/funds/2072/,10,6,2,3,2,23,Moderate Risk,Average
HSBC Focused Reg,equity,equity,Regular,6.31,14.98,11.73,BSE 500 TRI,1.84,13.36,12.53,1.22,1.03,0.56,16.85,15.3,1.03,INF336L01PE6,148409,25,https://www.valueresearchonline.com/funds/41020/,8,6,2,3,2,21,Moderate Risk,Average
Helios Flexi Cap Reg,equity,equity,Regular,8.81,,,BSE 500 TRI,1.84,,,,,,,,,INF0R8701012,152136,25,https://www.valueresearchonline.com/funds/43837/,1,1,1,1,1,5,High Risk,Poor
ICICI Pru BSE 500 ETF FOF,equity,equity,Regular,0.63,12.19,,BSE 500 TRI,1.84,13.36,,-0.95,0.99,0.46,15.3,12.83,1.1,INF109KC1V75,149332,1,https://www.valueresearchonline.com/funds/41850/,4,4,3,4,2,17,Moderately High Risk,Average
ICICI Pru Diversified Equity All Cap Active FoF,equity,equity,Regular,,,,BSE 500 TRI,,,,,,,,,,INF109K1A450,154265,5,https://www.valueresearchonline.com/funds/45887/,1,1,1,1,1,5,High Risk,Poor
ICICI Pru Diversified Equity All Cap Omni FoF,equity,equity,Regular,1.72,17.6,15.91,BSE 500 TRI*,1.84,13.36,12.53,4.2,0.92,0.8,14.38,17.42,1.84,INF109KC1I31,148034,10,https://www.valueresearchonline.com/funds/40660/,12,8,3,4,3,30,Low Risk,Good
ICICI Pru Flexicap,equity,equity,Regular,6.96,15.72,,BSE 500 TRI,1.84,13.36,,2.36,0.96,0.65,15.38,15.88,1.35,INF109KC1Q98,148988,25,https://www.valueresearchonline.com/funds/41523/,10,6,3,4,2,25,Moderate Risk,Average
ICICI Pru Focused Equity,equity,equity,Regular,3.14,18.32,16.81,BSE 500 TRI,1.84,13.36,12.53,4.55,0.96,0.8,15.28,18.07,1.97,INF109K01FM3,111958,25,https://www.valueresearchonline.com/funds/10399/,12,8,3,4,3,30,Low Risk,Good
ICICI Pru Nifty 500 Index,equity,equity,Regular,1,,,BSE 500 TRI,1.84,,,,,,,,,INF109KC13Y0,153162,25,https://www.valueresearchonline.com/funds/44818/,1,1,1,1,1,5,High Risk,Poor
ICICI Pru Retirement Pure Equity,equity,equity,Regular,9.62,22.26,21.38,BSE 500 TRI,1.84,13.36,12.53,8.29,1.03,1,16.54,22.42,1.89,INF109KC1TR4,146347,25,https://www.valueresearchonline.com/funds/39053/,12,10,2,3,3,30,Low Risk,Good
ITI Flexi Cap Reg,equity,equity,Regular,7.88,18.27,,BSE 500 TRI,1.84,13.36,,3.74,1.07,0.71,17.24,18.14,1.33,INF00XX01CL3,151377,25,https://www.valueresearchonline.com/funds/43118/,10,6,2,3,2,23,Moderate Risk,Average
ITI Focused Reg,equity,equity,Regular,8.54,,,BSE 500 TRI,1.84,,,,,,,,,INF00XX01CV2,151778,25,https://www.valueresearchonline.com/funds/43532/,1,1,1,1,1,5,High Risk,Poor
Invesco India Flexi Cap Reg,equity,equity,Regular,1.4,18.11,,BSE 500 TRI,1.84,13.36,,3.44,1.04,0.69,17.17,17.64,1.12,INF205KA1460,149766,25,https://www.valueresearchonline.com/funds/42012/,10,6,2,3,2,23,Moderate Risk,Average
Invesco India Focused Reg,equity,equity,Regular,-1.92,20.58,15.65,BSE 500 TRI,1.84,13.36,12.53,6.27,1.02,0.83,17.49,20.3,1.51,INF205KA1189,148483,24,https://www.valueresearchonline.com/funds/41094/,12,8,2,3,3,28,Low Risk,Good
JM Flexicap Reg,equity,equity,Regular,0.15,16.12,16.64,BSE 500 TRI,1.84,13.36,12.53,2.87,1.05,0.65,17.41,17.16,1.26,INF192K01635,109522,25,https://www.valueresearchonline.com/funds/8653/,10,6,2,3,2,23,Moderate Risk,Average
JM Focused Reg,equity,equity,Regular,1.95,13.94,13.6,BSE 500 TRI,1.84,13.36,12.53,0.49,1.04,0.52,17.14,14.69,1.13,INF192K01577,107410,25,https://www.valueresearchonline.com/funds/6673/,8,6,2,3,2,21,Moderate Risk,Average
Kotak Flexicap Reg,equity,equity,Regular,0.89,13.68,12.16,BSE 500 TRI,1.84,13.36,12.53,0.62,0.94,0.55,14.95,14.03,1.33,,102868,25,https://www.valueresearchonline.com/funds/10594/,8,6,3,4,2,23,Moderate Risk,Average
Kotak Focused Reg,equity,equity,Regular,9.18,15.52,13.16,BSE 500 TRI,1.84,13.36,12.53,1.94,0.93,0.64,14.54,15.23,1.35,INF174KA1EK3,147477,25,https://www.valueresearchonline.com/funds/40096/,8,6,3,4,2,23,Moderate Risk,Average
Kotak Nifty Alpha 50 Index Reg,equity,equity,Regular,,,,BSE 500 TRI,,,,,,,,,,INF174KA1XJ5,153784,25,https://www.valueresearchonline.com/funds/45400/,1,1,1,1,1,5,High Risk,Poor
Kotak Nifty500 Momentum 50 Index Reg,equity,equity,Regular,,,,BSE 500 TRI,,,,,,,,,,INF174KA1YF1,154030,25,https://www.valueresearchonline.com/funds/45644/,1,1,1,1,1,5,High Risk,Poor
LIC MF Children's Reg,equity,equity,Regular,3.02,9.65,8.4,BSE 500 TRI,1.84,13.36,12.53,-2.95,0.9,0.28,14.95,10.08,0.47,INF767K01048,101271,25,https://www.valueresearchonline.com/funds/1135/,2,4,3,4,1,14,Moderately High Risk,Average
LIC MF Flexi Cap Reg,equity,equity,Regular,6.45,11.54,10.99,BSE 500 TRI,1.84,13.36,12.53,-1.7,0.97,0.38,15.97,11.95,0.73,INF767K01071,100313,25,https://www.valueresearchonline.com/funds/134/,4,4,3,4,1,16,Moderately High Risk,Average
LIC MF Focused Reg,equity,equity,Regular,-2.33,9.43,9.77,BSE 500 TRI,1.84,13.36,12.53,-3.48,0.94,0.26,15.54,9.9,0.55,INF397L01KE9,152009,25,https://www.valueresearchonline.com/funds/34736/,2,4,3,4,1,14,Moderately High Risk,Average
Mahindra Manulife Flexi Cap Reg,equity,equity,Regular,-1.56,11.42,,BSE 500 TRI,1.84,13.36,,-1.13,0.94,0.43,14.65,12.24,1.2,INF174V01AP8,149101,25,https://www.valueresearchonline.com/funds/41631/,4,4,3,4,2,17,Moderately High Risk,Average
Mahindra Manulife Focused Reg,equity,equity,Regular,2.69,16.87,15.26,BSE 500 TRI,1.84,13.36,12.53,3.54,0.91,0.74,14.62,16.67,1.52,INF174V01AD4,148571,25,https://www.valueresearchonline.com/funds/41167/,10,6,3,4,3,26,Moderate Risk,Average
Mirae Asset Flexi Cap Reg,equity,equity,Regular,3.09,13.5,,BSE 500 TRI,1.84,13.36,,0.37,0.93,0.54,14.55,13.7,1.18,INF769K01JG8,151414,25,https://www.valueresearchonline.com/funds/43132/,8,6,3,4,2,23,Moderate Risk,Average
Mirae Asset Focused Reg,equity,equity,Regular,-6.29,6.97,7.13,BSE 500 TRI,1.84,13.36,12.53,-5.69,0.94,0.12,15.49,7.71,0.48,INF769K01ES4,147203,25,https://www.valueresearchonline.com/funds/39821/,2,4,3,4,1,14,Moderately High Risk,Average
Mirae Asset Nifty Total Market Index Reg,equity,equity,Regular,1.34,,,BSE 500 TRI,1.84,,,,,,,,,INF769K01MA5,152970,25,https://www.valueresearchonline.com/funds/44599/,1,1,1,1,1,5,High Risk,Poor
Motilal Oswal BSE 1000 Index Reg,equity,equity,Regular,,,,BSE 500 TRI,,,,,,,,,,INF247L01FN7,153597,25,https://www.valueresearchonline.com/funds/45218/,1,1,1,1,1,5,High Risk,Poor
Motilal Oswal Diversified Equity Flexicap Passive FoF Reg,equity,equity,Regular,,,,BSE 500 TRI,,,,,,,,,,INF247L01GM7,154113,3,https://www.valueresearchonline.com/funds/45728/,1,1,1,1,1,5,High Risk,Poor
Motilal Oswal Flexi Cap Reg,equity,equity,Regular,-3.57,18.1,12.14,BSE 500 TRI,1.84,13.36,12.53,4.84,0.95,0.72,17.35,18.33,1.25,INF247L01494,129049,25,https://www.valueresearchonline.com/funds/26123/,12,6,2,4,2,26,Moderate Risk,Average
Motilal Oswal Focused Reg,equity,equity,Regular,12.46,10.46,8.93,BSE 500 TRI,1.84,13.36,12.53,-2.48,1.06,0.31,19.17,11.86,0.43,INF247L01155,122387,25,https://www.valueresearchonline.com/funds/19512/,2,4,1,3,1,11,High Risk,Poor
Motilal Oswal Nifty 500 Index Reg,equity,equity,Regular,1.3,12.67,11.58,BSE 500 TRI,1.84,13.36,12.53,-0.6,1,0.48,15.43,13.27,1.15,INF247L01940,147626,25,https://www.valueresearchonline.com/funds/40239/,4,4,3,4,2,17,Moderately High Risk,Average
Motilal Oswal Nifty 500 Momentum 50 Index Reg,equity,equity,Regular,-0.54,,,BSE 500 TRI,1.84,,,,,,,,,INF247L01DM4,152876,25,https://www.valueresearchonline.com/funds/44553/,1,1,1,1,1,5,High Risk,Poor
Motilal Oswal Nifty Alpha 50 ETF,equity,equity,Regular,,,,BSE 500 TRI,,,,,,,,,,INF247L01FR8,153724,25,https://www.valueresearchonline.com/funds/45363/,1,1,1,1,1,5,High Risk,Poor
NJ Flexi Cap Reg,equity,equity,Regular,-3.92,,,BSE 500 TRI,1.84,,,,,,,,,INF0J8L01131,151920,25,https://www.valueresearchonline.com/funds/43712/,1,1,1,1,1,5,High Risk,Poor
Navi Flexi Cap Reg,equity,equity,Regular,9.82,11.87,11.62,BSE 500 TRI,1.84,13.36,12.53,-1.45,0.98,0.41,15.7,12.26,0.88,INF959L01EE9,143787,25,https://www.valueresearchonline.com/funds/36680/,4,4,3,4,1,16,Moderately High Risk,Average
Nippon India Diversified Equity Flexicap Passive FoF Reg,equity,equity,Regular,0.39,12.47,11.48,BSE 500 TRI,1.84,13.36,12.53,-0.72,1,0.47,15.41,13.1,1.2,INF204KB13X3,148641,3,https://www.valueresearchonline.com/funds/41239/,4,4,3,4,2,17,Moderately High Risk,Average
Nippon India Flexi Cap Reg,equity,equity,Regular,0.75,12.91,,BSE 500 TRI,1.84,13.36,,-0.35,1,0.49,15.75,13.51,1.08,INF204KC1097,149089,25,https://www.valueresearchonline.com/funds/41614/,4,4,3,4,2,17,Moderately High Risk,Average
Nippon India Focused Reg,equity,equity,Regular,2.56,12.85,12.45,BSE 500 TRI,1.84,13.36,12.53,-0.17,0.94,0.49,15.05,13.21,1.44,INF204KC1FP1,153692,25,https://www.valueresearchonline.com/funds/3900/,4,4,3,4,2,17,Moderately High Risk,Average
Nippon India Nifty 500 Low Volatility 50 Index Reg,equity,equity,Regular,2.15,,,BSE 500 TRI,1.84,,,,,,,,,INF204KC1EN9,153475,25,https://www.valueresearchonline.com/funds/45107/,1,1,1,1,1,5,High Risk,Poor
Nippon India Nifty 500 Momentum 50 Index Reg,equity,equity,Regular,-0.4,,,BSE 500 TRI,1.84,,,,,,,,,INF204KC1DD2,152883,25,https://www.valueresearchonline.com/funds/44556/,1,1,1,1,1,5,High Risk,Poor
Nippon India Nifty 500 Quality 50 Index Reg,equity,equity,Regular,1.06,,,BSE 500 TRI,1.84,,,,,,,,,INF204KC1ET6,153472,25,https://www.valueresearchonline.com/funds/45103/,1,1,1,1,1,5,High Risk,Poor
Nippon India Retirement Wealth Creation Reg,equity,equity,Regular,1.38,13.7,12.88,BSE 500 TRI,1.84,13.36,12.53,0.92,0.97,0.57,15.27,14.54,1.25,INF204KC1BM7,152036,25,https://www.valueresearchonline.com/funds/29289/,8,6,3,4,2,23,Moderate Risk,Average
Old Bridge Flexi Cap Reg,equity,equity,Regular,,,,BSE 500 TRI,,,,,,,,,,INF0S5R01166,154226,25,https://www.valueresearchonline.com/funds/45844/,1,1,1,1,1,5,High Risk,Poor
Old Bridge Focused Reg,equity,equity,Regular,9.01,,,BSE 500 TRI,1.84,,,,,,,,,INF0S5R01034,152361,24,https://www.valueresearchonline.com/funds/44036/,1,1,1,1,1,5,High Risk,Poor
PGIM India Flexi Cap Reg,equity,equity,Regular,1.21,10.01,9.44,BSE 500 TRI,1.84,13.36,12.53,-2.74,0.91,0.31,14.46,10.39,0.87,INF663L01FJ3,133836,25,https://www.valueresearchonline.com/funds/29471/,2,4,3,4,1,14,Moderately High Risk,Average
Parag Parikh Flexi Cap Reg,equity,equity,Regular,-1.15,14.5,14.38,BSE 500 TRI,1.84,13.36,12.53,3.68,0.6,0.86,9.9,14.34,2.32,INF879O01019,122640,25,https://www.valueresearchonline.com/funds/19699/,10,8,6,6,4,34,Very Low Risk,Good
Quant Flexi Cap Reg,equity,equity,Regular,13.28,18.42,16.65,BSE 500 TRI,1.84,13.36,12.53,4.56,1.16,0.71,19.53,19.68,1.16,INF966L01457,109830,25,https://www.valueresearchonline.com/funds/8827/,12,6,1,2,2,23,Moderate Risk,Average
Quantum Diversified Equity All Cap Active FoF Reg,equity,equity,Regular,1.2,13.08,11.71,BSE 500 TRI,1.84,13.36,12.53,0.05,0.92,0.52,14.32,13.29,1.26,INF082J01275,141063,7,https://www.valueresearchonline.com/funds/33962/,8,6,3,4,2,23,Moderate Risk,Average
SBI Flexicap Reg,equity,equity,Regular,0.37,9.4,9.57,BSE 500 TRI,1.84,13.36,12.53,-2.81,0.87,0.3,13.62,9.99,0.98,INF200K01222,103215,25,https://www.valueresearchonline.com/funds/2859/,2,4,4,4,1,15,Moderately High Risk,Average
SBI Focused Reg,equity,equity,Regular,11.23,16.47,13.09,BSE 500 TRI,1.84,13.36,12.53,4.49,0.82,0.79,14.01,16.95,1.93,INF200K01370,102756,24,https://www.valueresearchonline.com/funds/2415/,12,8,3,5,3,31,Low Risk,Good
SBI Nifty 500 Index Reg,equity,equity,Regular,1.32,,,BSE 500 TRI,1.84,,,,,,,,,INF200KB1357,152906,25,https://www.valueresearchonline.com/funds/44565/,1,1,1,1,1,5,High Risk,Poor
SBI Retirement Benefit Aggressive Reg,equity,equity,Regular,0.09,9.4,12.43,BSE 500 TRI,1.84,13.36,12.53,-3.4,0.94,0.28,14.79,9.98,0.85,INF200KA1S30,148698,25,https://www.valueresearchonline.com/funds/41269/,2,4,3,4,1,14,Moderately High Risk,Average
Samco Flexi Cap Reg,equity,equity,Regular,-7.41,-0.07,,BSE 500 TRI,1.84,13.36,,-12.42,1.07,-0.2,19.38,2,-0.1,INF0K1H01016,149449,25,https://www.valueresearchonline.com/funds/41934/,2,1,1,3,1,8,High Risk,Poor
Shriram Flexi Cap Reg,equity,equity,Regular,-0.34,8.43,8.48,BSE 500 TRI,1.84,13.36,12.53,-4.22,1,0.22,16.95,9.65,0.48,INF680P01075,144902,25,https://www.valueresearchonline.com/funds/37579/,2,4,2,4,1,13,Moderately High Risk,Average
Sundaram Flexi Cap Reg,equity,equity,Regular,-1.41,10.39,,BSE 500 TRI,1.84,13.36,,-2.06,0.92,0.36,14.51,11.13,1.21,INF903JA1LB8,150568,25,https://www.valueresearchonline.com/funds/42502/,2,4,3,4,2,15,Moderately High Risk,Average
Sundaram Focused Reg,equity,equity,Regular,1.52,10.65,10.33,BSE 500 TRI,1.84,13.36,12.53,-1.38,0.82,0.39,13.1,11.01,1.08,INF277K010Y2,147760,25,https://www.valueresearchonline.com/funds/2916/,4,4,4,5,2,19,Moderately High Risk,Average
TRUST MF Flexi Cap Reg,equity,equity,Regular,2.12,,,BSE 500 TRI,1.84,,,,,,,,,INF0GCD01719,152582,25,https://www.valueresearchonline.com/funds/44269/,1,1,1,1,1,5,High Risk,Poor
Tata Children's Reg,equity,equity,Regular,-7.66,7.6,8.93,BSE 500 TRI,1.84,13.36,12.53,-5.04,0.97,0.18,15.37,8.62,0.78,INF277K01AJ5,101491,25,https://www.valueresearchonline.com/funds/210/,2,4,3,4,1,14,Moderately High Risk,Average
Tata Flexi Cap Reg,equity,equity,Regular,-2.35,11.92,10.33,BSE 500 TRI,1.84,13.36,12.53,0.28,0.86,0.52,13.72,13.02,1.63,INF277K019K2,144548,25,https://www.valueresearchonline.com/funds/37435/,8,6,4,4,3,25,Moderate Risk,Average
Tata Focused Reg,equity,equity,Regular,0.52,12.02,11.57,BSE 500 TRI,1.84,13.36,12.53,-0.27,0.91,0.48,14.66,12.9,1.07,INF277K010Y2,147760,25,https://www.valueresearchonline.com/funds/40403/,4,4,3,4,2,17,Moderately High Risk,Average
Tata Retirement Savings Progressive Reg,equity,equity,Regular,2.2,14.04,11.14,BSE 500 TRI,1.84,13.36,12.53,1.11,1,0.56,16.34,14.96,0.92,INF277K01FG0,115942,25,https://www.valueresearchonline.com/funds/13413/,8,6,2,4,1,21,Moderate Risk,Average
Taurus Flexi Cap Reg,equity,equity,Regular,-0.48,12.33,10.4,BSE 500 TRI,1.84,13.36,12.53,-1.05,1.01,0.44,16.11,12.88,1.02,INF044D01989,100476,25,https://www.valueresearchonline.com/funds/214/,4,4,2,3,2,15,Moderately High Risk,Average
The Wealth Company Flexi Cap Reg,equity,equity,Regular,,,,BSE 500 TRI,,,,,,,,,,INF2F0001016,153870,25,https://www.valueresearchonline.com/funds/45497/,1,1,1,1,1,5,High Risk,Poor
UTI Children's Equity Reg,equity,equity,Regular,-4.03,9.14,8.74,BSE 500 TRI,1.84,13.36,12.53,-3.39,0.94,0.28,14.81,9.98,0.89,INF789F1AZT4,102267,25,https://www.valueresearchonline.com/funds/2090/,2,4,3,4,1,14,Moderately High Risk,Average
UTI Flexi Cap Reg,equity,equity,Regular,-4.45,7.54,6.1,BSE 500 TRI,1.84,13.36,12.53,-4.83,0.86,0.14,14.3,7.94,,INF189A01053,100668,25,https://www.valueresearchonline.com/funds/247/,2,4,3,4,1,14,Moderately High Risk,Average
UTI Focused Reg,equity,equity,Regular,-2.3,10.39,,BSE 500 TRI,1.84,13.36,,-2.08,0.94,0.36,14.93,11.28,1.03,INF789F1AUY5,149090,25,https://www.valueresearchonline.com/funds/41627/,2,4,3,4,2,15,Moderately High Risk,Average
UTI Nifty500 Shariah Index Reg,equity,equity,Regular,,,,BSE 500 TRI,,,,,,,,,,INF789F1AC96,154198,25,https://www.valueresearchonline.com/funds/45820/,1,1,1,1,1,5,High Risk,Poor
Unifi Flexi Cap Reg,equity,equity,Regular,3.43,,,BSE 500 TRI,1.84,,,,,,,,,INF1MIY01049,153542,25,https://www.valueresearchonline.com/funds/45188/,1,1,1,1,1,5,High Risk,Poor
Union Children's Reg,equity,equity,Regular,3.45,,,BSE 500 TRI,1.84,,,,,,,,,INF582M01JI7,152217,25,https://www.valueresearchonline.com/funds/43922/,1,1,1,1,1,5,High Risk,Poor
Union Diversified Equity All Cap Active FoF Reg,equity,equity,Regular,,,,BSE 500 TRI,,,,,,,,,,INF582M01LV6,153822,5,https://www.valueresearchonline.com/funds/45471/,1,1,1,1,1,5,High Risk,Poor
Union Flexi Cap Reg,equity,equity,Regular,0.97,12.12,11.59,BSE 500 TRI,1.84,13.36,12.53,-0.64,0.94,0.46,14.91,12.76,1.01,INF1MIY01049,153542,25,https://www.valueresearchonline.com/funds/12817/,4,4,3,4,2,17,Moderately High Risk,Average
Union Focused Reg,equity,equity,Regular,9.02,12.65,11.48,BSE 500 TRI,1.84,13.36,12.53,0.27,0.86,0.5,14.34,13.05,0.81,INF582M01FW6,147490,25,https://www.valueresearchonline.com/funds/40106/,8,6,3,4,1,22,Moderate Risk,Average
Union Retirement Reg,equity,equity,Regular,6.04,14.92,,BSE 500 TRI,1.84,13.36,,2.01,0.91,0.65,14.25,15.12,1.26,INF582M01IM1,150552,25,https://www.valueresearchonline.com/funds/42490/,10,6,3,4,2,25,Moderate Risk,Average
WhiteOak Capital Flexi Cap Reg,equity,equity,Regular,2.63,15.6,,BSE 500 TRI,1.84,13.36,,2.56,0.91,0.68,14.48,15.71,1.46,INF03VN01522,150348,25,https://www.valueresearchonline.com/funds/42318/,10,6,3,4,2,25,Moderate Risk,Average
ABSL Global Emerging Opportunities Reg**,equity,equity,Regular,29.01,19.87,11.45,BSE 500 TRI*,1.84,13.36,12.53,,,0.96,15.92,21.19,1.1,INF084M01AT0,132138,1,https://www.valueresearchonline.com/funds/8751/,1,8,3,1,2,15,Moderately High Risk,Average
ABSL Global Excellence Equity FoF Reg**,equity,equity,Regular,29.62,20.89,14.24,BSE 500 TRI*,1.84,13.36,12.53,,,1.12,13.7,21.23,1.64,INF084M01AZ7,132005,1,https://www.valueresearchonline.com/funds/6275/,1,10,4,1,3,19,Moderately High Risk,Average
ABSL International Equity Reg,equity,equity,Regular,31.15,18.91,11.82,BSE 500 TRI,1.84,13.36,12.53,,,1.02,13.69,19.87,1.35,INF209K01520,106873,25,https://www.valueresearchonline.com/funds/5802/,1,10,4,1,2,18,Moderately High Risk,Average
ABSL US Equity Passive FoF Reg,equity,equity,Regular,50.47,31.26,,BSE 500 TRI,1.84,13.36,,,,1.35,18.87,31.4,2.16,INF209KB15C1,149290,1,https://www.valueresearchonline.com/funds/41795/,1,10,1,1,4,17,Moderately High Risk,Average
Axis Global Equity Alpha FoF Reg,equity,equity,Regular,25.1,20.53,13.84,BSE 500 TRI,1.84,13.36,12.53,,,1.19,13.47,21.87,1.83,INF846K01X30,148486,1,https://www.valueresearchonline.com/funds/41098/,1,10,4,1,3,19,Moderately High Risk,Average
Axis Global Innovation FoF Reg,equity,equity,Regular,33.38,22.18,12.94,BSE 500 TRI,1.84,13.36,12.53,,,1.02,18.1,24.39,1.41,INF846K01Z53,148953,1,https://www.valueresearchonline.com/funds/41494/,1,10,1,1,2,15,Moderately High Risk,Average
Axis Greater China Equity FoF Reg**,equity,equity,Regular,46.61,16.88,4.46,BSE 500 TRI,1.84,13.36,12.53,,,0.8,20.13,22.03,0.92,INF846K01Y62,148701,1,https://www.valueresearchonline.com/funds/41285/,1,8,1,1,1,12,High Risk,Poor
Axis NASDAQ 100 US Specific Equity Passive FoF Reg,equity,equity,Regular,50.1,30.88,,BSE 500 TRI,1.84,13.36,,,,1.39,18.14,31.09,2.21,INF846K015K2,150750,1,https://www.valueresearchonline.com/funds/42631/,1,10,1,1,4,17,Moderately High Risk,Average
Bandhan US specific Equity Active FoF Reg**,equity,equity,Regular,27.77,24.54,,BSE 500 TRI,1.84,13.36,,,,1.19,17.13,26.2,1.75,INF194KB1CC9,149100,1,https://www.valueresearchonline.com/funds/41618/,1,10,2,1,3,17,Moderately High Risk,Average
Baroda BNP Paribas Aqua FoF Reg,equity,equity,Regular,19.08,12.56,9.41,BSE 500 TRI,1.84,13.36,12.53,,,0.55,16.1,14.73,1,INF251K01QQ1,150284,1,https://www.valueresearchonline.com/funds/41452/,1,6,2,1,2,12,High Risk,Poor
DSP Global Clean Energy Overseas Equity Omni FoF Reg,equity,equity,Regular,63.15,17.77,13.36,BSE 500 TRI,1.84,13.36,12.53,,,0.78,19.31,20.86,0.94,INF740K01284,112126,1,https://www.valueresearchonline.com/funds/10559/,1,8,1,1,1,12,High Risk,Poor
DSP Global Innovation Overseas Equity Omni FoF Reg**,equity,equity,Regular,37.76,25.91,,BSE 500 TRI*,1.84,13.36,,,,1.24,16.73,26.55,2.42,INF740KA1QM8,149817,6,https://www.valueresearchonline.com/funds/42052/,1,10,2,1,4,18,Moderately High Risk,Average
DSP US Specific Equity Omni FoF Reg,equity,equity,Regular,51.45,27.36,18.73,BSE 500 TRI,1.84,13.36,12.53,,,1.28,17.43,28.09,1.55,INF740K01LP6,117691,1,https://www.valueresearchonline.com/funds/15152/,1,10,2,1,3,17,Moderately High Risk,Average
DSP World Gold Mining Overseas Equity Omni FoF Reg,equity,equity,Regular,74.27,46.55,24.56,BSE 500 TRI,1.84,13.36,12.53,,,1.26,31.64,45.64,3.28,INF740K01250,106597,2,https://www.valueresearchonline.com/funds/5623/,1,10,1,1,4,17,Moderately High Risk,Average
DSP World Mining Overseas Equity Omni FoF Reg,equity,equity,Regular,85.97,25.01,18.28,BSE 500 TRI,1.84,13.36,12.53,,,1.03,23.42,30.01,1.72,INF740K01730,112293,1,https://www.valueresearchonline.com/funds/10799/,1,10,1,1,3,16,Moderately High Risk,Average
Edelweiss ASEAN Equity Offshore Reg,equity,equity,Regular,24.94,13.75,9.24,BSE 500 TRI,1.84,13.36,12.53,,,0.71,11.37,13.91,1.13,INF843K01609,140255,1,https://www.valueresearchonline.com/funds/12762/,1,6,5,1,2,15,Moderately High Risk,Average
Edelweiss Emerging Markets Opportunities Equity Offshr Reg,equity,equity,Regular,74.37,27.18,10.26,BSE 500 TRI,1.84,13.36,12.53,,,1.26,17.26,27.62,2.07,INF843K01IY6,140328,1,https://www.valueresearchonline.com/funds/27118/,1,10,2,1,4,18,Moderately High Risk,Average
Edelweiss Europe Dynamic Equity Offshr Reg,equity,equity,Regular,28.27,22.5,14.59,BSE 500 TRI,1.84,13.36,12.53,,,1.29,13.16,22.87,2.07,INF843K01GJ1,140295,1,https://www.valueresearchonline.com/funds/23434/,1,10,4,1,4,20,Moderate Risk,Average
Edelweiss Greater China Equity Offshore Reg,equity,equity,Regular,58.62,20.12,3.46,BSE 500 TRI,1.84,13.36,12.53,,,0.86,21.17,24.06,0.87,INF843K01138,140242,1,https://www.valueresearchonline.com/funds/10567/,1,8,1,1,1,12,High Risk,Poor
Edelweiss US Technology Equity FoF Reg,equity,equity,Regular,43.46,30.4,16.46,BSE 500 TRI,1.84,13.36,12.53,,,1.02,26.45,32.83,1.44,INF754K01LC5,148064,1,https://www.valueresearchonline.com/funds/40664/,1,10,1,1,2,15,Moderately High Risk,Average
Edelweiss US Value Equity Offshore Reg,equity,equity,Regular,34.02,18.42,13.93,BSE 500 TRI,1.84,13.36,12.53,,,1,12.81,18.69,0.96,INF843K01ED9,140273,1,https://www.valueresearchonline.com/funds/20059/,1,10,4,1,1,17,Moderately High Risk,Average
Franklin Asian Equity Reg,equity,equity,Regular,52.83,20.26,7.71,BSE 500 TRI,1.84,13.36,12.53,,,0.88,17.91,21.56,1.39,,105583,25,https://www.valueresearchonline.com/funds/6383/,1,8,2,1,2,14,Moderately High Risk,Average
Franklin U.S. Opportunities Equity Active FoF Reg,equity,equity,Regular,26.52,22.75,11.14,BSE 500 TRI,1.84,13.36,12.53,,,1,17.67,23.62,1.4,INF194KB1CD7,149097,1,https://www.valueresearchonline.com/funds/14017/,1,10,2,1,2,16,Moderately High Risk,Average
HDFC Developed World Overseas Equity Passive FoF Reg*,equity,equity,Regular,36.37,24.57,,BSE 500 TRI*,1.84,13.36,,,,1.49,12.34,24.22,1.96,INF740K01730,112293,5,https://www.valueresearchonline.com/funds/41713/,1,10,4,1,3,19,Moderately High Risk,Average
HSBC Asia Pacific (Ex Japan) Dividend Yield Reg**,equity,equity,Regular,54.76,26.16,13.74,BSE 500 TRI,1.84,13.36,12.53,,,1.41,14.4,26.24,2.39,INF336L01HC7,127073,1,https://www.valueresearchonline.com/funds/23944/,1,10,3,1,4,19,Moderately High Risk,Average
HSBC Brazil Reg,equity,equity,Regular,29.69,9.95,3.43,BSE 500 TRI,1.84,13.36,12.53,,,0.5,24.59,18.23,1.4,INF677K01AE7,151104,1,https://www.valueresearchonline.com/funds/12632/,1,6,1,1,2,11,High Risk,Poor
HSBC Global Emerging Markets Reg**,equity,equity,Regular,74.36,28.11,12.2,BSE 500 TRI,1.84,13.36,12.53,,,1.23,18.8,29.01,1.93,INF336L01438,107989,1,https://www.valueresearchonline.com/funds/6774/,1,10,1,1,3,16,Moderately High Risk,Average
ICICI Pru Global Advantage (FOF),equity,equity,Regular,30.33,17.1,8.81,BSE 500 TRI*,1.84,13.36,12.53,,,0.95,14.44,19.64,1.54,INF209K01207,111349,6,https://www.valueresearchonline.com/funds/40280/,1,8,3,1,3,16,Moderately High Risk,Average
ICICI Pru Global Stable Equity (FOF),equity,equity,Regular,13.05,10.37,9.09,BSE 500 TRI,1.84,13.36,12.53,,,0.71,9.5,12.64,1.31,INF666M01FJ4,145605,1,https://www.valueresearchonline.com/funds/20855/,1,6,6,1,2,16,Moderately High Risk,Average
ICICI Pru NASDAQ 100 Index,equity,equity,Regular,51.91,31.81,,BSE 500 TRI,1.84,13.36,,,,1.47,17.29,31.35,2.2,INF109KC1U35,149220,25,https://www.valueresearchonline.com/funds/41742/,1,10,2,1,4,18,Moderately High Risk,Average
ICICI Pru Strategic Metal and Energy Equity FoF,equity,equity,Regular,48.83,27.87,,BSE 500 TRI,1.84,13.36,,,,1.23,19.55,29.99,2.44,INF194K01SN6,121280,1,https://www.valueresearchonline.com/funds/42033/,1,10,1,1,4,17,Moderately High Risk,Average
ICICI Pru US Bluechip Equity,equity,equity,Regular,17.94,11.49,10.28,BSE 500 TRI,1.84,13.36,12.53,,,0.67,13.88,15.15,1.29,INF109K01E43,117619,25,https://www.valueresearchonline.com/funds/14998/,1,6,4,1,2,14,Moderately High Risk,Average
Invesco India Global Equity Income FoF Reg,equity,equity,Regular,23.88,20.93,16.16,BSE 500 TRI,1.84,13.36,12.53,,,1.2,14.29,22.95,2.03,INF205K01B15,129187,1,https://www.valueresearchonline.com/funds/26147/,1,10,3,1,4,19,Moderately High Risk,Average
Invesco India Pan European Equity FoF Reg,equity,equity,Regular,35.57,18.57,14.24,BSE 500 TRI,1.84,13.36,12.53,,,0.96,14.91,20.22,1.53,INF205K01ZZ9,126351,1,https://www.valueresearchonline.com/funds/23312/,1,8,3,1,3,16,Moderately High Risk,Average
Invesco India-Invesco EQQQ NASDAQ-100 ETF FoF Reg,equity,equity,Regular,50.86,31.59,,BSE 500 TRI,1.84,13.36,,,,1.38,18.65,31.63,2.2,INF205KA1577,149960,1,https://www.valueresearchonline.com/funds/42217/,1,10,1,1,4,17,Moderately High Risk,Average
Invesco India-Invesco Global Consumer Trends FoF Reg,equity,equity,Regular,39.87,26.15,5.28,BSE 500 TRI,1.84,13.36,12.53,,,0.87,27.15,29.55,0.93,INF205KA1247,148613,1,https://www.valueresearchonline.com/funds/41227/,1,8,1,1,1,12,High Risk,Poor
Kotak Global Emerging Market Overseas Equity Omni FoF Reg,equity,equity,Regular,68.8,27.4,12.09,BSE 500 TRI,1.84,13.36,12.53,,,1.28,17.29,27.99,2.96,INF174KA1HE9,149058,1,https://www.valueresearchonline.com/funds/5560/,1,10,2,1,4,18,Moderately High Risk,Average
Kotak Global Innovation Overseas Equity Omni FoF Reg**,equity,equity,Regular,38.22,21.47,,BSE 500 TRI*,1.84,13.36,,,,1.05,16.33,22.97,1.27,INF174KA1HD1,149056,2,https://www.valueresearchonline.com/funds/41593/,1,10,2,1,2,16,Moderately High Risk,Average
Kotak International REIT Overseas Equity Omni FoF Reg**,equity,equity,Regular,12.53,8.03,2.66,BSE 500 TRI,1.84,13.36,12.53,,,0.32,15.81,10.98,0.22,INF174KA1FL8,148645,1,https://www.valueresearchonline.com/funds/41235/,1,4,3,1,1,10,High Risk,Poor
Kotak Quality Overseas Equity Omni FoF Reg,equity,equity,Regular,,,,BSE 500 TRI,,,,,,,,,,INF174KA1ZM4,154289,1,https://www.valueresearchonline.com/funds/45904/,1,1,1,1,1,5,High Risk,Poor
Kotak US Specific Equity Passive FoF Reg,equity,equity,Regular,50.95,31.41,21.93,BSE 500 TRI,1.84,13.36,12.53,,,1.39,18.52,31.64,2.1,INF174KA1FR5,148661,1,https://www.valueresearchonline.com/funds/41259/,1,10,1,1,4,17,Moderately High Risk,Average
Mahindra Manulife Asia Pacific REITs FoF Reg,equity,equity,Regular,15.96,6.48,,BSE 500 TRI,1.84,13.36,,,,0.23,15.73,9.55,0.12,INF174V01AV6,149228,1,https://www.valueresearchonline.com/funds/41760/,1,4,3,1,1,10,High Risk,Poor
Mirae Asset Global Electric & Autonomous Vehicles Eqt Passive FoF Reg,equity,equity,Regular,91.97,19.19,,BSE 500 TRI,1.84,13.36,,,,0.8,25.54,26.2,,INF769K01IP1,150594,3,https://www.valueresearchonline.com/funds/42459/,1,8,1,1,1,12,High Risk,Poor
Mirae Asset Global X Artificial Intelligence & Tech ETF FoF Reg,equity,equity,Regular,73.66,39.07,,BSE 500 TRI,1.84,13.36,,,,1.44,23.1,39.07,2.37,INF769K01IR7,150596,1,https://www.valueresearchonline.com/funds/42457/,1,10,1,1,4,17,Moderately High Risk,Average
Mirae Asset Hang Seng TECH ETF FoF Reg**,equity,equity,Regular,2.17,15.33,,BSE 500 TRI,1.84,13.36,,,,0.57,32.6,24.59,1.42,INF769K01HT5,149380,1,https://www.valueresearchonline.com/funds/41877/,1,6,1,1,2,11,High Risk,Poor
Mirae Asset NYSE FANG+ ETF FoF Reg,equity,equity,Regular,42.04,43.24,29.55,BSE 500 TRI,1.84,13.36,12.53,,,1.59,23.58,43.29,3.65,INF769K01HG2,148929,1,https://www.valueresearchonline.com/funds/41430/,1,12,1,1,4,19,Moderately High Risk,Average
Mirae Asset S&P 500 Top 50 ETF FoF Reg,equity,equity,Regular,44.17,34.49,,BSE 500 TRI,1.84,13.36,,,,1.51,18.73,34.24,2.33,INF769K01HQ1,149171,1,https://www.valueresearchonline.com/funds/41703/,1,12,1,1,4,19,Moderately High Risk,Average
Motilal Oswal Developed Mkt Ex US ETFs Ovrses Eqt Pass FoF Reg,equity,equity,Regular,35.72,,,BSE 500 TRI,1.84,,,,,,,,,INF247L01BS5,152091,2,https://www.valueresearchonline.com/funds/43801/,1,1,1,1,1,5,High Risk,Poor
Motilal Oswal Nasdaq 100 FOF Reg,equity,equity,Regular,80.66,38.83,25.16,BSE 500 TRI,1.84,13.36,12.53,,,1.24,26.4,38.65,2.03,INF247L01700,145551,1,https://www.valueresearchonline.com/funds/38227/,1,10,1,1,4,17,Moderately High Risk,Average
Motilal Oswal S&P 500 Index Reg,equity,equity,Regular,36.37,24.52,17.54,BSE 500 TRI,1.84,13.36,12.53,,,1.41,13.61,25.08,1.79,INF247L01AH0,148382,25,https://www.valueresearchonline.com/funds/40996/,1,10,4,1,3,19,Moderately High Risk,Average
Navi Nasdaq100 US Specific Equity Passive FoF Reg,equity,equity,Regular,52.38,32.27,,BSE 500 TRI,1.84,13.36,,,,1.38,18.73,31.77,2.22,INF959L01GA2,149911,1,https://www.valueresearchonline.com/funds/42134/,1,10,1,1,4,17,Moderately High Risk,Average
Navi Total Stock Market US Specific Equity Passive FoF Reg,equity,equity,Regular,37.99,25.64,,BSE 500 TRI,1.84,13.36,,,,1.35,15.06,26.27,1.74,INF959L01FW8,149831,1,https://www.valueresearchonline.com/funds/42068/,1,10,3,1,3,18,Moderately High Risk,Average
Nippon India ETF Hang Seng BeES,equity,equity,Regular,12.3,14.26,3.67,BSE 500 TRI,1.84,13.36,12.53,,,0.71,20.31,20.19,1.2,INF204KB19I1,140095,25,https://www.valueresearchonline.com/funds/10905/,1,6,1,1,2,11,High Risk,Poor
Nippon India Japan Equity Reg,equity,equity,Regular,36,18.07,10.24,BSE 500 TRI,1.84,13.36,12.53,,,0.98,14.29,19.9,1.81,INF204KC1287,149325,25,https://www.valueresearchonline.com/funds/27688/,1,8,3,1,3,16,Moderately High Risk,Average
Nippon India Taiwan Equity Reg,equity,equity,Regular,198.79,61.69,,BSE 500 TRI,1.84,13.36,,,,,,,,INF204KC1279,149328,25,https://www.valueresearchonline.com/funds/41836/,1,1,1,1,1,5,High Risk,Poor
Nippon India US Equity Opportunities Reg,equity,equity,Regular,14.82,16.89,10.13,BSE 500 TRI,1.84,13.36,12.53,,,0.9,14.24,18.73,1.34,INF204KC1287,149325,25,https://www.valueresearchonline.com/funds/30564/,1,8,3,1,2,15,Moderately High Risk,Average
PGIM India Emerging Markets Equity FoF Reg,equity,equity,Regular,55.49,29.12,5.18,BSE 500 TRI,1.84,13.36,12.53,,,1.27,18.63,29.59,2.48,INF955L01IY6,142421,1,https://www.valueresearchonline.com/funds/5558/,1,10,1,1,4,17,Moderately High Risk,Average
PGIM India Global Equity Opportunities FoF Reg,equity,equity,Regular,29.92,19.77,9.2,BSE 500 TRI,1.84,13.36,12.53,,,0.78,18.59,20.31,0.98,INF955L01IY6,142428,1,https://www.valueresearchonline.com/funds/11136/,1,8,1,1,1,12,High Risk,Poor
PGIM India Global Select Real Estate Sec FoF Reg,equity,equity,Regular,19.5,13.44,,BSE 500 TRI,1.84,13.36,,,,0.65,14.8,15.43,0.91,INF663L01W97,149299,1,https://www.valueresearchonline.com/funds/41816/,1,6,3,1,1,12,High Risk,Poor
SBI US Specific Equity Active FoF FoF Reg,equity,equity,Regular,38.81,26.75,17.38,BSE 500 TRI,1.84,13.36,12.53,,,1.44,15.1,27.67,2.09,INF200KA1T96,148762,1,https://www.valueresearchonline.com/funds/41350/,1,10,3,1,4,19,Moderately High Risk,Average
Sundaram Global Brand Theme-Equity Active FoF Reg*,equity,equity,Regular,25.06,16.25,11.07,BSE 500 TRI*,1.84,13.36,12.53,,,0.99,13.32,19.02,1.44,INF903J01EX1,106370,1,https://www.valueresearchonline.com/funds/5449/,1,8,4,1,2,16,Moderately High Risk,Average
ABSL Large & Mid Cap Reg,equity,equity,Regular,3.92,12.79,9.46,BSE Large Mid Cap TRI,1.54,12.72,12.04,-0.02,1.05,0.47,16.11,13.46,1,INF209K01165,100033,25,https://www.valueresearchonline.com/funds/27/,4,4,2,3,2,15,Moderately High Risk,Average
Axis Large & Mid Cap Reg,equity,equity,Regular,6.51,14.69,13.58,BSE Large Mid Cap TRI,1.54,12.72,12.04,3.11,0.9,0.68,14.21,15.56,1.46,INF846K01J79,145112,25,https://www.valueresearchonline.com/funds/37837/,10,6,3,4,2,25,Moderate Risk,Average
Bajaj Finserv Large and Mid Cap Reg,equity,equity,Regular,0.64,,,BSE Large Mid Cap TRI,1.54,,,,,,,,,INF0QA701730,152406,25,https://www.valueresearchonline.com/funds/44116/,1,1,1,1,1,5,High Risk,Poor
Bandhan Large & Mid Cap Reg,equity,equity,Regular,5.98,20.79,17.37,BSE Large Mid Cap TRI,1.54,12.72,12.04,7.7,1.03,0.95,16.05,21.1,1.68,INF194K01524,108596,25,https://www.valueresearchonline.com/funds/2797/,12,8,2,3,3,28,Low Risk,Good
Bandhan Nifty 200 Quality 30 Index Reg,equity,equity,Regular,-1.79,,,BSE Large Mid Cap TRI,1.54,,,,,,,,,INF194KB1IZ7,153113,25,https://www.valueresearchonline.com/funds/44740/,1,1,1,1,1,5,High Risk,Poor
Bandhan Nifty Alpha Low Volatility 30 Index Reg,equity,equity,Regular,-1.58,,,BSE Large Mid Cap TRI,1.54,,,,,,,,,INF194KB1JB6,153212,25,https://www.valueresearchonline.com/funds/44858/,1,1,1,1,1,5,High Risk,Poor
Bandhan Nifty200 Momentum 30 Index Reg,equity,equity,Regular,-0.8,12.77,,BSE Large Mid Cap TRI,1.54,12.72,,-0.33,1.23,0.43,19.94,14.52,1.03,INF194KB1DS3,150592,25,https://www.valueresearchonline.com/funds/42494/,4,4,1,2,2,13,Moderately High Risk,Average
Bank of India Large & Mid Cap Eco,equity,equity,Regular,6.03,16.02,13.88,BSE Large Mid Cap TRI,1.54,12.72,12.04,2.99,1.02,0.66,15.91,16.32,1.19,INF761K01041,110599,25,https://www.valueresearchonline.com/funds/8989/,10,6,3,3,2,24,Moderate Risk,Average
Bank of India Large & Mid Cap Reg,equity,equity,Regular,5.29,15.21,13.21,BSE Large Mid Cap TRI,1.54,12.72,12.04,2.29,1.02,0.61,15.9,15.61,1.13,INF761K01108,110603,25,https://www.valueresearchonline.com/funds/8985/,10,6,3,3,2,24,Moderate Risk,Average
Baroda BNP Paribas Large & Mid Cap Reg,equity,equity,Regular,1.53,15,14.7,BSE Large Mid Cap TRI,1.54,12.72,12.04,2.63,1.04,0.62,16.37,16.03,1.09,INF955L01JR8,148471,25,https://www.valueresearchonline.com/funds/41086/,10,6,2,3,2,23,Moderate Risk,Average
Baroda BNP Paribas Nifty200 Momentum 30 Index Reg,equity,equity,Regular,-1.32,,,BSE Large Mid Cap TRI,1.54,,,,,,,,,INF251K01TZ6,152930,25,https://www.valueresearchonline.com/funds/44581/,1,1,1,1,1,5,High Risk,Poor
Canara Robeco Large and Mid Cap Reg,equity,equity,Regular,-1.88,13.08,11.98,BSE Large Mid Cap TRI,1.54,12.72,12.04,0.2,1.02,0.48,15.94,13.5,1,INF760K01167,102920,25,https://www.valueresearchonline.com/funds/2645/,8,4,3,3,2,20,Moderate Risk,Average
DSP Large & Mid Cap Reg,equity,equity,Regular,1.27,16.94,13.67,BSE Large Mid Cap TRI,1.54,12.72,12.04,3.6,1.02,0.7,15.74,16.88,1.63,INF740K01094,103819,25,https://www.valueresearchonline.com/funds/776/,10,6,3,3,3,25,Moderate Risk,Average
Edelweiss Large & Mid Cap Reg,equity,equity,Regular,3.55,15.39,13.9,BSE Large Mid Cap TRI,1.54,12.72,12.04,2.74,1.01,0.65,15.61,15.95,1.23,INF843K01047,140172,25,https://www.valueresearchonline.com/funds/4871/,10,6,3,3,2,24,Moderate Risk,Average
Edelweiss NIFTY Large Mid Cap 250 Index Reg,equity,equity,Regular,3.07,15.04,,BSE Large Mid Cap TRI,1.54,12.72,,2.23,1.06,0.62,16.02,15.82,1.28,INF754K01NN8,149341,25,https://www.valueresearchonline.com/funds/41842/,10,6,2,3,2,23,Moderate Risk,Average
Edelweiss Nifty Alpha Low Volatility 30 Index Reg,equity,equity,Regular,-1.46,,,BSE Large Mid Cap TRI,1.54,,,,,,,,,INF754K01SO5,152617,25,https://www.valueresearchonline.com/funds/44307/,1,1,1,1,1,5,High Risk,Poor
Edelweiss Nifty LargeMidcap 250 ETF,equity,equity,Regular,,,,BSE Large Mid Cap TRI,,,,,,,,,,INF754K01VV4,153841,25,https://www.valueresearchonline.com/funds/45481/,1,1,1,1,1,5,High Risk,Poor
Franklin India Large & Mid Cap Reg,equity,equity,Regular,-1.32,13.4,11.23,BSE Large Mid Cap TRI,1.54,12.72,12.04,1.06,0.97,0.54,15.03,13.96,1.15,INF761K01108,110603,25,https://www.valueresearchonline.com/funds/2605/,8,6,3,4,2,23,Moderate Risk,Average
Groww Nifty 200 ETF FoF Reg,equity,equity,Regular,0.76,,,BSE Large Mid Cap TRI,1.54,,,,,,,,,INF666M01JT5,153342,1,https://www.valueresearchonline.com/funds/44965/,1,1,1,1,1,5,High Risk,Poor
HDFC Large and Mid Cap Reg,equity,equity,Regular,1.71,16.02,16.11,BSE Large Mid Cap TRI,1.54,12.72,12.04,3.07,1.08,0.66,16.52,16.81,1.45,INF760K01KF7,150503,25,https://www.valueresearchonline.com/funds/172/,10,6,2,3,2,23,Moderate Risk,Average
HDFC NIFTY200 Momentum 30 ETF,equity,equity,Regular,0.18,13.91,,BSE Large Mid Cap TRI,1.54,12.72,,0.66,1.24,0.48,19.99,15.55,1.11,INF179KC1HV6,150657,25,https://www.valueresearchonline.com/funds/42569/,8,4,1,2,2,17,Moderately High Risk,Average
HDFC NIFTY200 Momentum 30 Index Reg,equity,equity,Regular,-0.54,,,BSE Large Mid Cap TRI,1.54,,,,,,,,,INF179KC1IB6,152429,25,https://www.valueresearchonline.com/funds/44152/,1,1,1,1,1,5,High Risk,Poor
HDFC Nifty LargeMidcap 250 Index Reg,equity,equity,Regular,3.28,,,BSE Large Mid Cap TRI,1.54,,,,,,,,,INF754K01NN8,149341,25,https://www.valueresearchonline.com/funds/44569/,1,1,1,1,1,5,High Risk,Poor
HSBC Large and Mid Cap Reg,equity,equity,Regular,12.74,19.11,16.3,BSE Large Mid Cap TRI,1.54,12.72,12.04,6.17,1.05,0.76,18.19,19.69,0.96,INF336L01NY9,146771,25,https://www.valueresearchonline.com/funds/39454/,12,8,1,3,1,25,Moderate Risk,Average
Helios Large & Mid Cap Reg,equity,equity,Regular,8.86,,,BSE Large Mid Cap TRI,1.54,,,,,,,,,INF0R8701236,152943,25,https://www.valueresearchonline.com/funds/44608/,1,1,1,1,1,5,High Risk,Poor
ICICI Pru Large & Mid Cap,equity,equity,Regular,2.82,17.83,17.85,BSE Large Mid Cap TRI,1.54,12.72,12.04,4.92,0.93,0.81,14.39,17.58,1.7,INF109K01EQ7,100348,25,https://www.valueresearchonline.com/funds/534/,12,8,3,4,3,30,Low Risk,Good
ICICI Pru Nifty 200 Momentum 30 Index,equity,equity,Regular,-0.62,12.95,,BSE Large Mid Cap TRI,1.54,12.72,,-0.2,1.24,0.44,19.94,14.67,1.05,INF109KC18C5,150454,25,https://www.valueresearchonline.com/funds/42379/,4,4,1,2,2,13,Moderately High Risk,Average
ICICI Pru Nifty Alpha Low-Volatility 30 ETF FOF,equity,equity,Regular,-1.23,11.68,,BSE Large Mid Cap TRI,1.54,12.72,,-0.75,1.05,0.41,16.93,12.76,1.01,INF194K01FU8,108632,1,https://www.valueresearchonline.com/funds/41686/,4,4,2,3,2,15,Moderately High Risk,Average
ICICI Pru Nifty LargeMidcap 250 Index,equity,equity,Regular,3.29,,,BSE Large Mid Cap TRI,1.54,,,,,,,,,INF109KC15U3,152481,25,https://www.valueresearchonline.com/funds/44178/,1,1,1,1,1,5,High Risk,Poor
ICICI Pru Nifty200 Quality 30 Index,equity,equity,Regular,-1.63,,,BSE Large Mid Cap TRI,1.54,,,,,,,,,INF109K1A245,153545,25,https://www.valueresearchonline.com/funds/45191/,1,1,1,1,1,5,High Risk,Poor
ITI Large & Mid Cap Reg,equity,equity,Regular,-0.57,,,BSE Large Mid Cap TRI,1.54,,,,,,,,,INF00XX01CX8,152824,25,https://www.valueresearchonline.com/funds/44499/,1,1,1,1,1,5,High Risk,Poor
Invesco India Large & Mid Cap Reg,equity,equity,Regular,8.51,23.07,17.88,BSE Large Mid Cap TRI,1.54,12.72,12.04,7.73,1.12,0.88,18.07,21.74,1.41,INF205K01247,106144,25,https://www.valueresearchonline.com/funds/5346/,12,8,1,3,2,26,Moderate Risk,Average
JM Large & Mid Cap Reg,equity,equity,Regular,,,,BSE Large Mid Cap TRI,,,,,,,,,,INF192K01NM3,153627,25,https://www.valueresearchonline.com/funds/45302/,1,1,1,1,1,5,High Risk,Poor
Kotak Large & Midcap Reg,equity,equity,Regular,4.37,15.56,14.82,BSE Large Mid Cap TRI,1.54,12.72,12.04,2.55,0.99,0.63,15.47,15.64,1.36,INF174K01187,103234,25,https://www.valueresearchonline.com/funds/2360/,10,6,3,4,2,25,Moderate Risk,Average
Kotak Nifty 200 Momentum 30 Index Reg,equity,equity,Regular,-0.23,,,BSE Large Mid Cap TRI,1.54,,,,,,,,,INF174KA1NY5,151783,25,https://www.valueresearchonline.com/funds/43536/,1,1,1,1,1,5,High Risk,Poor
Kotak Nifty 200 Quality 30 Index Reg,equity,equity,Regular,,,,BSE Large Mid Cap TRI,,,,,,,,,,INF174KA1WQ2,153659,25,https://www.valueresearchonline.com/funds/45256/,1,1,1,1,1,5,High Risk,Poor
LIC MF Large & Mid Cap Reg,equity,equity,Regular,-1.11,15.11,12.74,BSE Large Mid Cap TRI,1.54,12.72,12.04,2.03,1.05,0.58,16.77,15.54,1.17,INF767K01NB5,133711,25,https://www.valueresearchonline.com/funds/29414/,10,6,2,3,2,23,Moderate Risk,Average
Mahindra Manulife Large & Mid Cap Reg,equity,equity,Regular,1,13.37,13.26,BSE Large Mid Cap TRI,1.54,12.72,12.04,1.52,0.98,0.55,15.59,14.52,1.2,INF174V01911,147843,25,https://www.valueresearchonline.com/funds/40395/,8,6,3,4,2,23,Moderate Risk,Average
Mirae Asset BSE 200 Equal Weight ETF FoF Reg,equity,equity,Regular,4.75,,,BSE Large Mid Cap TRI,1.54,,,,,,,,,INF769K01OB9,153382,1,https://www.valueresearchonline.com/funds/45028/,1,1,1,1,1,5,High Risk,Poor
Mirae Asset Large & Midcap Reg,equity,equity,Regular,4.34,14.65,12.34,BSE Large Mid Cap TRI,1.54,12.72,12.04,1.66,1.06,0.58,16.16,15.27,1.17,INF769K01101,112932,25,https://www.valueresearchonline.com/funds/11213/,8,6,2,3,2,21,Moderate Risk,Average
Mirae Asset Nifty 200 Alpha 30 ETF FoF Reg,equity,equity,Regular,4.67,,,BSE Large Mid Cap TRI,1.54,,,,,,,,,INF769K01LR1,152720,1,https://www.valueresearchonline.com/funds/44398/,1,1,1,1,1,5,High Risk,Poor
Mirae Asset Nifty LargeMidcap 250 Index Reg,equity,equity,Regular,3.11,,,BSE Large Mid Cap TRI,1.54,,,,,,,,,INF769K01MG2,152978,25,https://www.valueresearchonline.com/funds/44622/,1,1,1,1,1,5,High Risk,Poor
Motilal Oswal BSE Low Volatility ETF,equity,equity,Regular,-1.58,11.07,,BSE Large Mid Cap TRI,1.54,12.72,,-0.39,0.9,0.44,14.15,12.03,1.17,INF247L01BL0,149921,25,https://www.valueresearchonline.com/funds/42147/,4,4,3,4,2,17,Moderately High Risk,Average
Motilal Oswal BSE Low Volatility Index Reg,equity,equity,Regular,-2.3,10,,BSE Large Mid Cap TRI,1.54,12.72,,-1.36,0.9,0.37,14.12,11.05,1.07,INF247L01AZ2,149920,25,https://www.valueresearchonline.com/funds/42154/,4,4,3,4,2,17,Moderately High Risk,Average
Motilal Oswal BSE Quality Index Reg,equity,equity,Regular,4.63,15.12,,BSE Large Mid Cap TRI,1.54,12.72,,2.48,1.08,0.58,17.82,16.2,1.06,INF247L01BJ4,150522,25,https://www.valueresearchonline.com/funds/42439/,10,6,2,3,2,23,Moderate Risk,Average
Motilal Oswal Large and Midcap Reg,equity,equity,Regular,7.99,23.3,19.96,BSE Large Mid Cap TRI,1.54,12.72,12.04,9.28,1.19,0.84,21.34,23.79,1.06,INF247L01965,147701,25,https://www.valueresearchonline.com/funds/40336/,12,8,1,2,2,25,Moderate Risk,Average
Motilal Oswal Nifty 200 Momentum 30 Index Reg,equity,equity,Regular,-0.97,13.06,,BSE Large Mid Cap TRI,1.54,12.72,,-0.1,1.24,0.45,19.99,14.79,1.06,INF247L01AW9,149799,25,https://www.valueresearchonline.com/funds/42040/,4,4,1,2,2,13,Moderately High Risk,Average
Navi Large & Midcap Reg,equity,equity,Regular,3.51,10.62,11.78,BSE Large Mid Cap TRI,1.54,12.72,12.04,-2.12,1.07,0.34,17.02,11.57,0.82,INF959L01CK0,135678,25,https://www.valueresearchonline.com/funds/31276/,2,4,2,3,1,12,High Risk,Poor
Nippon India Nifty Alpha Low Volatility 30 Index Reg,equity,equity,Regular,-1.4,11.53,,BSE Large Mid Cap TRI,1.54,12.72,,-0.81,1.05,0.41,16.68,12.68,1.07,INF204KC1550,150490,25,https://www.valueresearchonline.com/funds/42411/,4,4,2,3,2,15,Moderately High Risk,Average
Nippon India Vision Large & Mid Cap Reg,equity,equity,Regular,3.91,17.58,15.73,BSE Large Mid Cap TRI,1.54,12.72,12.04,4.42,1.03,0.76,15.6,17.77,1.43,INF205K01247,106144,25,https://www.valueresearchonline.com/funds/182/,12,8,3,3,2,28,Low Risk,Good
PGIM India Large and Mid Cap Reg,equity,equity,Regular,-0.08,,,BSE Large Mid Cap TRI,1.54,,,,,,,,,INF663L01X88,152383,25,https://www.valueresearchonline.com/funds/44083/,1,1,1,1,1,5,High Risk,Poor
Quant Large & Mid Cap Reg,equity,equity,Regular,7.04,17.73,16.44,BSE Large Mid Cap TRI,1.54,12.72,12.04,4.93,1.19,0.68,19.83,19.45,0.87,INF966L01325,104514,18,https://www.valueresearchonline.com/funds/4111/,12,6,1,2,1,22,Moderate Risk,Average
SBI Large & Midcap Reg,equity,equity,Regular,6.06,14.56,14.76,BSE Large Mid Cap TRI,1.54,12.72,12.04,2.67,0.88,0.67,13.56,14.98,1.77,INF200K01305,103024,25,https://www.valueresearchonline.com/funds/197/,10,6,4,4,3,27,Low Risk,Good
SBI Nifty200 Momentum 30 Index Reg,equity,equity,Regular,,,,BSE Large Mid Cap TRI,,,,,,,,,,INF200KB1845,153663,25,https://www.valueresearchonline.com/funds/45265/,1,1,1,1,1,5,High Risk,Poor
SBI Nifty200 Quality 30 Index Reg,equity,equity,Regular,-1.48,,,BSE Large Mid Cap TRI,1.54,,,,,,,,,INF200KB1787,153554,25,https://www.valueresearchonline.com/funds/45180/,1,1,1,1,1,5,High Risk,Poor
Samco Large & Mid Cap Reg,equity,equity,Regular,,,,BSE Large Mid Cap TRI,,,,,,,,,,INF0K1H01289,153533,25,https://www.valueresearchonline.com/funds/45200/,1,1,1,1,1,5,High Risk,Poor
Sundaram Large & Midcap Reg,equity,equity,Regular,6.16,14.38,13.03,BSE Large Mid Cap TRI,1.54,12.72,12.04,1.08,1.03,0.54,15.89,14.44,1.08,INF903J01DT1,105001,25,https://www.valueresearchonline.com/funds/4152/,8,6,3,3,2,22,Moderate Risk,Average
Tata BSE Quality Index Reg,equity,equity,Regular,4.36,,,BSE Large Mid Cap TRI,1.54,,,,,,,,,INF277KA1DH7,153425,25,https://www.valueresearchonline.com/funds/45060/,1,1,1,1,1,5,High Risk,Poor
Tata Large & Midcap Reg,equity,equity,Regular,-5.26,8.59,10.62,BSE Large Mid Cap TRI,1.54,12.72,12.04,-3.92,1.05,0.23,16.19,9.63,0.83,INF277K01428,101824,25,https://www.valueresearchonline.com/funds/102/,2,4,2,3,1,12,High Risk,Poor
Tata Nifty200 Alpha 30 Index Reg,equity,equity,Regular,4.44,,,BSE Large Mid Cap TRI,1.54,,,,,,,,,INF277KA1CF3,152834,25,https://www.valueresearchonline.com/funds/44507/,1,1,1,1,1,5,High Risk,Poor
UTI BSE Low Volatility Index Reg,equity,equity,Regular,-2.03,10.32,,BSE Large Mid Cap TRI,1.54,12.72,,-1.07,0.9,0.39,14.11,11.33,1.1,INF789F1AVE5,149880,25,https://www.valueresearchonline.com/funds/42110/,4,4,3,4,2,17,Moderately High Risk,Average
UTI Large & Mid Cap Reg,equity,equity,Regular,3.18,18.31,15.72,BSE Large Mid Cap TRI,1.54,12.72,12.04,5.33,1.01,0.82,15.5,18.52,1.68,INF789F01869,100664,25,https://www.valueresearchonline.com/funds/258/,12,8,3,3,3,29,Low Risk,Good
UTI Nifty Alpha Low-Volatility 30 Index Reg,equity,equity,Regular,-1.29,,,BSE Large Mid Cap TRI,1.54,,,,,,,,,INF789F1AZL1,153087,25,https://www.valueresearchonline.com/funds/44726/,1,1,1,1,1,5,High Risk,Poor
UTI Nifty200 Momentum 30 Index Reg,equity,equity,Regular,-0.36,13.69,12.2,BSE Large Mid Cap TRI,1.54,12.72,12.04,0.44,1.24,0.47,20.01,15.35,1.1,INF789F1AUS7,148704,25,https://www.valueresearchonline.com/funds/41311/,8,4,1,2,2,17,Moderately High Risk,Average
UTI Nifty200 Quality 30 Index Reg,equity,equity,Regular,-1.63,,,BSE Large Mid Cap TRI,1.54,,,,,,,,,INF789F1AZG1,152858,25,https://www.valueresearchonline.com/funds/44547/,1,1,1,1,1,5,High Risk,Poor
Union Large & Midcap Reg,equity,equity,Regular,4.53,13.59,12.99,BSE Large Mid Cap TRI,1.54,12.72,12.04,1.13,0.96,0.53,15.32,14,0.98,INF582M01GD4,147748,25,https://www.valueresearchonline.com/funds/40383/,8,6,3,4,1,22,Moderate Risk,Average
WhiteOak Capital Large & Mid Cap Reg,equity,equity,Regular,4.86,,,BSE Large Mid Cap TRI,1.54,,,,,,,,,INF03VN01837,152225,25,https://www.valueresearchonline.com/funds/43931/,1,1,1,1,1,5,High Risk,Poor
ABSL Large Cap Reg,equity,equity,Regular,-2,11.23,11.12,BSE 100 TRI,0.05,11.38,11.41,0.24,0.98,0.42,14.23,11.78,1.23,INF209K01BO6,103173,25,https://www.valueresearchonline.com/funds/1400/,8,4,3,4,2,21,Moderate Risk,Average
ABSL Nifty 50 Equal Weight Index Reg,equity,equity,Regular,5.31,13.88,13.27,BSE 100 TRI,0.05,11.38,11.41,3.14,0.98,0.6,14.62,14.69,1.33,INF209KB1Z48,148965,25,https://www.valueresearchonline.com/funds/41503/,10,6,3,4,2,25,Moderate Risk,Average
ABSL Nifty 50 Index Reg,equity,equity,Regular,-2.03,9.3,9.64,BSE 100 TRI,0.05,11.38,11.41,-1.8,0.95,0.27,13.78,9.56,1.08,INF209K01LB2,101314,25,https://www.valueresearchonline.com/funds/1445/,4,4,4,4,2,18,Moderately High Risk,Average
ABSL Nifty Next 50 Index Reg,equity,equity,Regular,8.85,17.89,,BSE 100 TRI,0.05,11.38,,6,1.28,0.67,20.16,19.3,1.26,INF209KB12G9,149837,25,https://www.valueresearchonline.com/funds/42070/,12,6,1,2,2,23,Moderate Risk,Average
Angel One Nifty 50 Index Reg,equity,equity,Regular,-2.3,,,BSE 100 TRI,0.05,,,,,,,,,INF1J2R01080,153530,25,https://www.valueresearchonline.com/funds/45160/,1,1,1,1,1,5,High Risk,Poor
Axis BSE Sensex Index Reg,equity,equity,Regular,-4.53,,,BSE 100 TRI,0.05,,,,,,,,,INF846K014V2,152421,25,https://www.valueresearchonline.com/funds/44148/,1,1,1,1,1,5,High Risk,Poor
Axis Large Cap Reg,equity,equity,Regular,-1.26,9.16,7.13,BSE 100 TRI,0.05,11.38,11.41,-1.72,0.91,0.26,13.49,9.42,0.92,INF846K01164,112277,25,https://www.valueresearchonline.com/funds/10780/,4,4,4,4,1,17,Moderately High Risk,Average
Axis Nifty 100 Index Reg,equity,equity,Regular,-0.55,10.39,9.76,BSE 100 TRI,0.05,11.38,11.41,-0.86,1.01,0.34,14.58,10.82,1.04,INF846K01S52,147665,25,https://www.valueresearchonline.com/funds/40296/,4,4,3,3,2,16,Moderately High Risk,Average
Axis Nifty 50 Index Reg,equity,equity,Regular,-1.99,9.35,,BSE 100 TRI,0.05,11.38,,-1.75,0.95,0.27,13.74,9.59,1.09,INF846K016D5,149371,25,https://www.valueresearchonline.com/funds/41858/,4,4,4,4,2,18,Moderately High Risk,Average
Axis Nifty Next 50 Index Reg,equity,equity,Regular,8.63,17.9,,BSE 100 TRI,0.05,11.38,,6.04,1.28,0.67,20.08,19.3,1.27,INF846K012F9,149467,25,https://www.valueresearchonline.com/funds/41944/,12,6,1,2,2,23,Moderate Risk,Average
Bajaj Finserv Large Cap Reg,equity,equity,Regular,0.97,,,BSE 100 TRI,0.05,,,,,,,,,INF0QA701862,152780,25,https://www.valueresearchonline.com/funds/44453/,1,1,1,1,1,5,High Risk,Poor
Bajaj Finserv Nifty 50 Index Reg,equity,equity,Regular,-2.71,,,BSE 100 TRI,0.05,,,,,,,,,INF0QA701AY1,153508,25,https://www.valueresearchonline.com/funds/45131/,1,1,1,1,1,5,High Risk,Poor
Bajaj Finserv Nifty Next 50 Index Reg,equity,equity,Regular,7.82,,,BSE 100 TRI,0.05,,,,,,,,,INF0QA701BD3,153480,25,https://www.valueresearchonline.com/funds/45111/,1,1,1,1,1,5,High Risk,Poor
Bandhan BSE Sensex ETF,equity,equity,Regular,-4.38,7.63,8.92,BSE 100 TRI,0.05,11.38,11.41,-3.68,0.93,0.13,13.64,7.58,0.89,INF194KA1T91,139840,25,https://www.valueresearchonline.com/funds/32902/,2,4,4,4,1,15,Moderately High Risk,Average
Bandhan Large Cap Reg,equity,equity,Regular,1.93,13.24,11.76,BSE 100 TRI,0.05,11.38,11.41,1.71,1.02,0.51,14.98,13.45,1.32,INF194K01516,108799,25,https://www.valueresearchonline.com/funds/3400/,8,6,3,3,2,22,Moderate Risk,Average
Bandhan Nifty 100 Index Reg,equity,equity,Regular,-0.26,10.69,,BSE 100 TRI,0.05,11.38,,-0.59,1.01,0.36,14.58,11.09,1.08,INF194KB1CO4,149833,25,https://www.valueresearchonline.com/funds/42074/,4,4,3,3,2,16,Moderately High Risk,Average
Bandhan Nifty 50 Index Reg,equity,equity,Regular,-2.2,9.11,9.58,BSE 100 TRI,0.05,11.38,11.41,-1.98,0.95,0.25,13.79,9.38,1.05,INF194K01920,112877,25,https://www.valueresearchonline.com/funds/11154/,4,4,4,4,2,18,Moderately High Risk,Average
Bandhan Nifty Next 50 Index Reg,equity,equity,Regular,8.6,,,BSE 100 TRI,0.05,,,,,,,,,INF194KB1JJ9,153349,25,https://www.valueresearchonline.com/funds/44983/,1,1,1,1,1,5,High Risk,Poor
Bandhan Nifty100 Low Volatility 30 Index Reg,equity,equity,Regular,0.58,11.02,,BSE 100 TRI,0.05,11.38,,0.54,0.94,0.41,14.43,11.84,1.09,INF194KB1DY1,150633,25,https://www.valueresearchonline.com/funds/42542/,8,4,3,4,2,21,Moderate Risk,Average
Bank of India Large Cap Reg,equity,equity,Regular,6.56,14.32,,BSE 100 TRI,0.05,11.38,,2.61,1.08,0.54,16.29,14.71,1.17,INF761K01FO7,148982,25,https://www.valueresearchonline.com/funds/41519/,10,6,2,3,2,23,Moderate Risk,Average
Baroda BNP Paribas Large Cap Reg,equity,equity,Regular,0.4,12.89,11.78,BSE 100 TRI,0.05,11.38,11.41,1.82,1,0.52,14.73,13.46,1.18,INF251K01894,150185,25,https://www.valueresearchonline.com/funds/2338/,8,6,3,4,2,23,Moderate Risk,Average
Baroda BNP Paribas NIFTY 50 Index Reg,equity,equity,Regular,-2.26,,,BSE 100 TRI,0.05,,,,,,,,,INF251K01SV7,152331,25,https://www.valueresearchonline.com/funds/43985/,1,1,1,1,1,5,High Risk,Poor
Canara Robeco Large Cap Reg,equity,equity,Regular,-2.26,11.07,10.13,BSE 100 TRI,0.05,11.38,11.41,-0.16,0.94,0.39,13.74,11.17,1.22,INF760K01AR3,113221,25,https://www.valueresearchonline.com/funds/11333/,4,4,4,4,2,18,Moderately High Risk,Average
Choice Nifty 50 Index Reg,equity,equity,Regular,,,,BSE 100 TRI,,,,,,,,,,INF2KCX01038,154302,25,https://www.valueresearchonline.com/funds/45931/,1,1,1,1,1,5,High Risk,Poor
Choice Nifty Next 50 Index Reg,equity,equity,Regular,,,,BSE 100 TRI,,,,,,,,,,INF2KCX01053,154303,25,https://www.valueresearchonline.com/funds/45937/,1,1,1,1,1,5,High Risk,Poor
DSP BSE Sensex Next 30 Index Reg,equity,equity,Regular,10.13,,,BSE 100 TRI,0.05,,,,,,,,,INF740KA1UY5,153216,25,https://www.valueresearchonline.com/funds/44870/,1,1,1,1,1,5,High Risk,Poor
DSP Large Cap Reg,equity,equity,Regular,-2.68,13.43,10.99,BSE 100 TRI,0.05,11.38,11.41,2.34,0.89,0.56,13.23,13.34,1.83,INF740K01243,101635,25,https://www.valueresearchonline.com/funds/1540/,10,6,4,4,3,27,Low Risk,Good
DSP Nifty 50 Equal Weight Index Reg,equity,equity,Regular,5.42,14.01,13.52,BSE 100 TRI,0.05,11.38,11.41,3.26,0.98,0.61,14.62,14.81,1.34,INF740KA1CO4,141875,25,https://www.valueresearchonline.com/funds/34693/,10,6,3,4,2,25,Moderate Risk,Average
DSP Nifty 50 Index Reg,equity,equity,Regular,-1.91,9.41,9.8,BSE 100 TRI,0.05,11.38,11.41,-1.69,0.95,0.28,13.78,9.66,1.09,INF740KA1MJ3,146379,25,https://www.valueresearchonline.com/funds/39133/,4,4,4,4,2,18,Moderately High Risk,Average
DSP Nifty Next 50 Index Reg,equity,equity,Regular,9,18.3,13.83,BSE 100 TRI,0.05,11.38,11.41,6.38,1.29,0.68,20.16,19.68,1.3,INF740KA1MD6,146380,25,https://www.valueresearchonline.com/funds/39163/,12,6,1,2,2,23,Moderate Risk,Average
DSP Nifty Top 10 Equal Wght ETF,equity,equity,Regular,-9.62,,,BSE 100 TRI,0.05,,,,,,,,,INF740KA1UR9,152812,10,https://www.valueresearchonline.com/funds/44494/,1,1,1,1,1,5,High Risk,Poor
DSP Nifty Top 10 Equal Wght Index Reg,equity,equity,Regular,-10.39,,,BSE 100 TRI,0.05,,,,,,,,,INF740KA1UP3,152813,10,https://www.valueresearchonline.com/funds/44492/,1,1,1,1,1,5,High Risk,Poor
Edelweiss Large Cap B,equity,equity,Regular,-1.22,10.63,10.9,BSE 100 TRI,0.05,11.38,11.41,-0.14,0.97,0.39,14.1,11.32,1.13,INF754K01095,111939,25,https://www.valueresearchonline.com/funds/10434/,4,4,3,4,2,17,Moderately High Risk,Average
Edelweiss Large Cap C,equity,equity,Regular,-1.21,10.63,10.91,BSE 100 TRI,0.05,11.38,11.41,-0.14,0.97,0.39,14.1,11.32,1.13,INF754K01129,111937,25,https://www.valueresearchonline.com/funds/10436/,4,4,3,4,2,17,Moderately High Risk,Average
Edelweiss Large Cap Reg,equity,equity,Regular,-1.21,10.63,10.88,BSE 100 TRI,0.05,11.38,11.41,-0.14,0.97,0.39,14.1,11.32,1.13,INF754K01046,111940,25,https://www.valueresearchonline.com/funds/10432/,4,4,3,4,2,17,Moderately High Risk,Average
Edelweiss Nifty 100 Quality 30 Index Reg,equity,equity,Regular,-0.69,9.67,,BSE 100 TRI,0.05,11.38,,-0.54,0.97,0.33,15.1,10.92,0.72,INF754K01NF4,149256,25,https://www.valueresearchonline.com/funds/32428/,4,4,3,4,1,16,Moderately High Risk,Average
Edelweiss Nifty 50 Index,equity,equity,Regular,-2.06,9.1,,BSE 100 TRI,0.05,11.38,,-1.97,0.95,0.25,13.74,9.36,1.05,INF754K01MX9,149252,25,https://www.valueresearchonline.com/funds/30199/,4,4,4,4,2,18,Moderately High Risk,Average
Edelweiss Nifty Next 50 Index Reg,equity,equity,Regular,8.82,17.9,,BSE 100 TRI,0.05,11.38,,6.04,1.28,0.67,20.11,19.32,1.27,INF754K01QH3,150897,25,https://www.valueresearchonline.com/funds/42802/,12,6,1,2,2,23,Moderate Risk,Average
Franklin India Large Cap Reg,equity,equity,Regular,-0.85,11.07,9.09,BSE 100 TRI,0.05,11.38,11.41,0.09,0.91,0.4,13.33,11.2,1.14,INF761K01FN9,148983,25,https://www.valueresearchonline.com/funds/114/,8,4,4,4,2,22,Moderate Risk,Average
Franklin India NSE Nifty 50 Index Reg,equity,equity,Regular,-2.1,9.16,9.51,BSE 100 TRI,0.05,11.38,11.41,-1.92,0.94,0.26,13.71,9.41,1.06,INF204KC1CC6,152393,25,https://www.valueresearchonline.com/funds/834/,4,4,4,4,2,18,Moderately High Risk,Average
Groww Large Cap Reg,equity,equity,Regular,1.54,11.4,10.38,BSE 100 TRI,0.05,11.38,11.41,0.08,0.98,0.4,14.52,11.61,1.08,,134003,25,https://www.valueresearchonline.com/funds/14013/,8,4,3,4,2,21,Moderate Risk,Average
Groww Nifty 50 Index Reg,equity,equity,Regular,,,,BSE 100 TRI,,,,,,,,,,INF666M01KW7,153710,25,https://www.valueresearchonline.com/funds/45326/,1,1,1,1,1,5,High Risk,Poor
Groww Nifty Next 50 Index Reg,equity,equity,Regular,,,,BSE 100 TRI,,,,,,,,,,INF666M01LW5,153798,25,https://www.valueresearchonline.com/funds/45429/,1,1,1,1,1,5,High Risk,Poor
HDFC BSE Sensex Index Reg,equity,equity,Regular,-4.42,7.62,8.92,BSE 100 TRI,0.05,11.38,11.41,-3.69,0.94,0.13,13.67,7.58,0.89,INF789F1AVC9,149802,25,https://www.valueresearchonline.com/funds/1370/,2,4,4,4,1,15,Moderately High Risk,Average
HDFC Large Cap Reg,equity,equity,Regular,-0.44,11.48,12.4,BSE 100 TRI,0.05,11.38,11.41,0.2,0.95,0.41,14.01,11.58,1.27,INF179K01BE2,102000,25,https://www.valueresearchonline.com/funds/104/,8,4,3,4,2,21,Moderate Risk,Average
HDFC NIFTY 100 Equal Wght Index Reg,equity,equity,Regular,7.3,16.11,,BSE 100 TRI,0.05,11.38,,4.7,1.13,0.66,16.97,17.12,1.41,INF179KC1JH1,153404,25,https://www.valueresearchonline.com/funds/42092/,12,6,2,3,2,25,Moderate Risk,Average
HDFC NIFTY 100 Index Reg,equity,equity,Regular,-0.41,10.51,,BSE 100 TRI,0.05,11.38,,-0.75,1.01,0.35,14.56,10.93,1.06,INF740KA1XW3,154091,25,https://www.valueresearchonline.com/funds/42090/,4,4,3,3,2,16,Moderately High Risk,Average
HDFC NIFTY 50 Index Reg,equity,equity,Regular,-1.95,9.41,9.79,BSE 100 TRI,0.05,11.38,11.41,-1.7,0.95,0.27,13.79,9.65,1.09,INF740KA1XW3,154091,25,https://www.valueresearchonline.com/funds/1368/,4,4,4,4,2,18,Moderately High Risk,Average
HDFC NIFTY Next 50 Index Reg,equity,equity,Regular,8.94,18.09,,BSE 100 TRI,0.05,11.38,,6.17,1.28,0.67,20.18,19.47,1.28,INF917K01D87,151161,25,https://www.valueresearchonline.com/funds/41799/,12,6,1,2,2,23,Moderate Risk,Average
HDFC NIFTY100 Low Volatility 30 Index Reg,equity,equity,Regular,0.71,,,BSE 100 TRI,0.05,,,,,,,,,INF179KC1IL5,152714,25,https://www.valueresearchonline.com/funds/44404/,1,1,1,1,1,5,High Risk,Poor
HDFC NIFTY50 Equal Weight Index Reg,equity,equity,Regular,5.45,14.08,,BSE 100 TRI,0.05,11.38,,3.31,0.98,0.62,14.63,14.87,1.35,INF740KA1CP1,141876,25,https://www.valueresearchonline.com/funds/41635/,10,6,3,4,2,25,Moderate Risk,Average
HDFC Nifty Top 20 Equal Weight Index Reg,equity,equity,Regular,-4.47,,,BSE 100 TRI,0.05,,,,,,,,,INF179KC1JH1,153404,20,https://www.valueresearchonline.com/funds/45042/,1,1,1,1,1,5,High Risk,Poor
HDFC Nifty100 Quality 30 Index Reg,equity,equity,Regular,-0.58,,,BSE 100 TRI,0.05,,,,,,,,,INF179KC1JE8,153265,25,https://www.valueresearchonline.com/funds/44914/,1,1,1,1,1,5,High Risk,Poor
HSBC Large Cap Reg,equity,equity,Regular,1.43,11.4,10.4,BSE 100 TRI,0.05,11.38,11.41,0.12,0.95,0.4,14.18,11.48,1.14,INF336L01024,101593,25,https://www.valueresearchonline.com/funds/1481/,8,4,3,4,2,21,Moderate Risk,Average
HSBC Nifty 50 Index Reg,equity,equity,Regular,-1.9,9.37,9.72,BSE 100 TRI,0.05,11.38,11.41,-1.71,0.95,0.27,13.74,9.63,1.09,INF917K01D38,151158,25,https://www.valueresearchonline.com/funds/40970/,4,4,4,4,2,18,Moderately High Risk,Average
HSBC Nifty Next 50 Index Reg,equity,equity,Regular,8.84,17.96,13.4,BSE 100 TRI,0.05,11.38,11.41,5.99,1.28,0.67,20.07,19.25,1.27,INF917K01D95,151162,25,https://www.valueresearchonline.com/funds/40974/,12,6,1,2,2,23,Moderate Risk,Average
ICICI Pru BSE Sensex Index,equity,equity,Regular,-4.32,7.72,8.99,BSE 100 TRI,0.05,11.38,11.41,-3.6,0.93,0.13,13.66,7.68,0.9,INF109KB19W3,141840,25,https://www.valueresearchonline.com/funds/34647/,2,4,4,4,1,15,Moderately High Risk,Average
ICICI Pru Bharat 22 FOF,equity,equity,Regular,10.8,22.08,25.12,BSE 100 TRI,0.05,11.38,11.41,10.78,1.1,0.91,18.77,23.02,2.01,INF109KC1FW3,143904,1,https://www.valueresearchonline.com/funds/36692/,12,8,1,3,4,28,Low Risk,Good
ICICI Pru Large Cap,equity,equity,Regular,-0.49,13.86,13.56,BSE 100 TRI,0.05,11.38,11.41,2.77,0.92,0.6,13.51,13.94,1.62,INF109K01431,100349,25,https://www.valueresearchonline.com/funds/7517/,10,6,4,4,3,27,Low Risk,Good
ICICI Pru Nifty 100 Low Volatility 30 ETF FOF,equity,equity,Regular,0.36,11.6,10.21,BSE 100 TRI,0.05,11.38,11.41,1.2,0.9,0.46,13.97,12.28,1.18,INF109KC1P57,148821,1,https://www.valueresearchonline.com/funds/41397/,8,4,4,4,2,22,Moderate Risk,Average
ICICI Pru Nifty 50 Index,equity,equity,Regular,-1.95,9.39,9.78,BSE 100 TRI,0.05,11.38,11.41,-1.71,0.95,0.27,13.78,9.64,1.09,INF109KB1NN7,135390,25,https://www.valueresearchonline.com/funds/1236/,4,4,4,4,2,18,Moderately High Risk,Average
ICICI Pru Nifty Next 50 Index,equity,equity,Regular,8.9,18.2,13.64,BSE 100 TRI,0.05,11.38,11.41,6.27,1.29,0.68,20.17,19.57,1.29,INF109K01PR1,112958,25,https://www.valueresearchonline.com/funds/11236/,12,6,1,2,2,23,Moderate Risk,Average
ICICI Pru Nifty Top 15 Equal Weight Index,equity,equity,Regular,,,,BSE 100 TRI,,,,,,,,,,INF109K1A286,153613,15,https://www.valueresearchonline.com/funds/45236/,1,1,1,1,1,5,High Risk,Poor
ICICI Pru Nifty50 Equal Weight Index,equity,equity,Regular,5.25,13.86,,BSE 100 TRI,0.05,11.38,,3.13,0.98,0.6,14.62,14.68,1.32,INF209KB12N5,150703,25,https://www.valueresearchonline.com/funds/42546/,10,6,3,4,2,25,Moderate Risk,Average
ITI Large Cap Reg,equity,equity,Regular,-2.04,10.27,8.72,BSE 100 TRI,0.05,11.38,11.41,-1.2,1.06,0.31,15.79,10.77,0.92,INF00XX01770,148351,25,https://www.valueresearchonline.com/funds/41208/,4,4,3,3,1,15,Moderately High Risk,Average
Invesco India Largecap Reg,equity,equity,Regular,2.86,14.17,12.89,BSE 100 TRI,0.05,11.38,11.41,2.4,1.06,0.54,15.7,14.38,1.19,INF205K01304,112098,25,https://www.valueresearchonline.com/funds/10565/,10,6,3,3,2,24,Moderate Risk,Average
Invesco India Nifty 50 ETF,equity,equity,Regular,-1.65,9.74,10.15,BSE 100 TRI,0.05,11.38,11.41,-1.4,0.95,0.3,13.79,9.96,1.14,INF205K01DA9,115284,25,https://www.valueresearchonline.com/funds/12761/,4,4,4,4,2,18,Moderately High Risk,Average
JM Large Cap Reg,equity,equity,Regular,0.26,11.84,11.61,BSE 100 TRI,0.05,11.38,11.41,0.89,1.02,0.44,15.45,12.68,1.12,INF192K01601,100219,25,https://www.valueresearchonline.com/funds/108/,8,4,3,3,2,20,Moderate Risk,Average
Kotak BSE Sensex Index Reg,equity,equity,Regular,-4.51,,,BSE 100 TRI,0.05,,,,,,,,,INF174KA1US2,153284,25,https://www.valueresearchonline.com/funds/44906/,1,1,1,1,1,5,High Risk,Poor
Kotak Large Cap Reg,equity,equity,Regular,-0.58,11.71,10.71,BSE 100 TRI,0.05,11.38,11.41,0.29,0.97,0.42,14.18,11.79,1.14,INF174K01203,103233,25,https://www.valueresearchonline.com/funds/577/,8,4,3,4,2,21,Moderate Risk,Average
Kotak Nifty 100 Equal Weight Index Reg,equity,equity,Regular,7.3,,,BSE 100 TRI,0.05,,,,,,,,,INF174KA1UB8,153145,25,https://www.valueresearchonline.com/funds/44794/,1,1,1,1,1,5,High Risk,Poor
Kotak Nifty 100 Low Volatility 30 Index Reg,equity,equity,Regular,0.63,,,BSE 100 TRI,0.05,,,,,,,,,INF174KA1RW0,152664,25,https://www.valueresearchonline.com/funds/44349/,1,1,1,1,1,5,High Risk,Poor
Kotak Nifty 50 Equal Weight Index Reg,equity,equity,Regular,5.28,,,BSE 100 TRI,0.05,,,,,,,,,INF174KA1UH5,153148,25,https://www.valueresearchonline.com/funds/44798/,1,1,1,1,1,5,High Risk,Poor
Kotak Nifty 50 Index Reg,equity,equity,Regular,-1.94,9.2,,BSE 100 TRI,0.05,11.38,,-1.9,0.95,0.26,13.78,9.45,1.07,INF174KA1GY9,148979,25,https://www.valueresearchonline.com/funds/41515/,4,4,4,4,2,18,Moderately High Risk,Average
Kotak Nifty Next 50 Index Reg,equity,equity,Regular,9,18.24,13.78,BSE 100 TRI,0.05,11.38,11.41,6.32,1.28,0.68,20.1,19.6,1.29,INF174KA1FX3,148743,25,https://www.valueresearchonline.com/funds/41325/,12,6,1,2,2,23,Moderate Risk,Average
Kotak Nifty Top 10 Equal Weight Index Reg,equity,equity,Regular,-10.45,,,BSE 100 TRI,0.05,,,,,,,,,INF174KA1WG3,153463,10,https://www.valueresearchonline.com/funds/45099/,1,1,1,1,1,5,High Risk,Poor
LIC MF BSE Sensex ETF,equity,equity,Regular,-4.14,7.92,9.25,BSE 100 TRI,0.05,11.38,11.41,-3.41,0.93,0.15,13.67,7.86,0.93,INF767K01OT5,135672,25,https://www.valueresearchonline.com/funds/31256/,2,4,4,4,1,15,Moderately High Risk,Average
LIC MF BSE Sensex Index Reg,equity,equity,Regular,-5.01,6.88,8.22,BSE 100 TRI,0.05,11.38,11.41,-4.36,0.93,0.08,13.6,6.89,0.78,INF767K01139,101199,25,https://www.valueresearchonline.com/funds/1479/,2,4,4,4,1,15,Moderately High Risk,Average
LIC MF Large Cap Reg,equity,equity,Regular,-4.6,8.4,8.69,BSE 100 TRI,0.05,11.38,11.41,-3.03,1.02,0.19,14.98,8.76,0.75,INF767K01105,106871,25,https://www.valueresearchonline.com/funds/158/,2,4,3,3,1,13,Moderately High Risk,Average
LIC MF Nifty 50 Index Reg,equity,equity,Regular,-2.62,8.67,9.14,BSE 100 TRI,0.05,11.38,11.41,-2.37,0.95,0.23,13.78,8.98,1,INF767K01162,101201,25,https://www.valueresearchonline.com/funds/1478/,2,4,4,4,2,16,Moderately High Risk,Average
LIC MF Nifty Next 50 Index Reg,equity,equity,Regular,9.54,18.2,13.64,BSE 100 TRI,0.05,11.38,11.41,6.1,1.28,0.67,20.08,19.36,1.27,INF397L01174,151935,25,https://www.valueresearchonline.com/funds/11500/,12,6,1,2,2,23,Moderate Risk,Average
Mahindra Manulife Large Cap Reg,equity,equity,Regular,-3.91,9.92,9.28,BSE 100 TRI,0.05,11.38,11.41,-0.96,0.96,0.33,14.22,10.49,1.16,INF174V01697,146551,25,https://www.valueresearchonline.com/funds/39222/,4,4,3,4,2,17,Moderately High Risk,Average
Mirae Asset BSE Sensex ETF,equity,equity,Regular,-4.09,,,BSE 100 TRI,0.05,,,,,,,,,INF769K01KT9,152097,25,https://www.valueresearchonline.com/funds/43803/,1,1,1,1,1,5,High Risk,Poor
Mirae Asset Diversified Equity Allocator Passive FoF Reg,equity,equity,Regular,1.89,12.79,11.95,BSE 100 TRI,0.05,11.38,11.41,1.52,1.04,0.5,15.08,13.38,1.2,INF769K01GB5,148502,3,https://www.valueresearchonline.com/funds/41119/,8,6,3,3,2,22,Moderate Risk,Average
Mirae Asset Large Cap Reg,equity,equity,Regular,0.1,10.06,9.58,BSE 100 TRI,0.05,11.38,11.41,-1.17,0.97,0.31,14.14,10.28,0.99,INF769K01036,107579,25,https://www.valueresearchonline.com/funds/6762/,4,4,3,4,1,16,Moderately High Risk,Average
Mirae Asset Nifty 100 Low Volatility 30 ETF,equity,equity,Regular,1.33,12.33,,BSE 100 TRI,0.05,11.38,,1.71,0.94,0.49,14.47,13.03,,INF769K01JU9,151604,25,https://www.valueresearchonline.com/funds/43284/,8,4,3,4,1,20,Moderate Risk,Average
Mirae Asset Nifty 50 Index Reg,equity,equity,Regular,-2.38,,,BSE 100 TRI,0.05,,,,,,,,,INF769K01MO6,152974,25,https://www.valueresearchonline.com/funds/44618/,1,1,1,1,1,5,High Risk,Poor
Mirae Asset Nifty Top 20 Equal Wght ETF,equity,equity,Regular,,,,BSE 100 TRI,,,,,,,,,,INF769K01PZ5,154060,20,https://www.valueresearchonline.com/funds/45679/,1,1,1,1,1,5,High Risk,Poor
Motilal Oswal Large Cap Reg,equity,equity,Regular,-0.8,,,BSE 100 TRI,0.05,,,,,,,,,INF247L01CB9,152352,25,https://www.valueresearchonline.com/funds/44062/,1,1,1,1,1,5,High Risk,Poor
Motilal Oswal Nifty 50 Index Reg,equity,equity,Regular,-2.09,9.24,9.6,BSE 100 TRI,0.05,11.38,11.41,-1.86,0.95,0.26,13.8,9.5,1.07,INF247L01AF4,147795,25,https://www.valueresearchonline.com/funds/40470/,4,4,4,4,2,18,Moderately High Risk,Average
Motilal Oswal Nifty Next 50 Index Reg,equity,equity,Regular,8.65,17.93,13.41,BSE 100 TRI,0.05,11.38,11.41,6.04,1.28,0.67,20.14,19.34,1.27,INF247L01AD9,147797,25,https://www.valueresearchonline.com/funds/40468/,12,6,1,2,2,23,Moderate Risk,Average
Navi BSE Sensex Index Reg,equity,equity,Regular,-4.83,,,BSE 100 TRI,0.05,,,,,,,,,INF959L01HJ1,152061,25,https://www.valueresearchonline.com/funds/43744/,1,1,1,1,1,5,High Risk,Poor
Navi Nifty 50 Index Reg,equity,equity,Regular,-1.88,9.44,,BSE 100 TRI,0.05,11.38,,-1.67,0.95,0.28,13.79,9.68,1.1,INF959L01FQ0,149040,25,https://www.valueresearchonline.com/funds/41573/,4,4,4,4,2,18,Moderately High Risk,Average
Navi Nifty Next 50 Index Reg,equity,equity,Regular,8.51,18,,BSE 100 TRI,0.05,11.38,,6.11,1.28,0.67,20.14,19.4,1.28,INF959L01FS6,149448,25,https://www.valueresearchonline.com/funds/41936/,12,6,1,2,2,23,Moderate Risk,Average
Nippon India BSE Sensex Next 30 Index Reg,equity,equity,Regular,10.58,,,BSE 100 TRI,0.05,,,,,,,,,INF204KC1FA3,153566,25,https://www.valueresearchonline.com/funds/45195/,1,1,1,1,1,5,High Risk,Poor
Nippon India ETF Nifty 100,equity,equity,Regular,-0.12,10.85,10.26,BSE 100 TRI,0.05,11.38,11.41,-0.45,1.01,0.37,14.58,11.24,1.1,INF204K014N5,121146,25,https://www.valueresearchonline.com/funds/18234/,4,4,3,3,2,16,Moderately High Risk,Average
Nippon India ETF Nifty 50 Shariah BeES,equity,equity,Regular,-9.65,3.51,2.65,BSE 100 TRI,0.05,11.38,11.41,-5.65,0.91,-0.02,16.03,5.49,0.12,INF732E01128,140094,17,https://www.valueresearchonline.com/funds/10218/,2,1,2,4,1,10,High Risk,Poor
Nippon India Index BSE Sensex Plan,equity,equity,Regular,-4.51,7.47,8.73,BSE 100 TRI,0.05,11.38,11.41,-3.83,0.93,0.12,13.64,7.44,0.86,INF204K01IM6,113269,25,https://www.valueresearchonline.com/funds/11541/,2,4,4,4,1,15,Moderately High Risk,Average
Nippon India Index-Nifty 50 Plan Reg,equity,equity,Regular,-2,9.27,9.48,BSE 100 TRI,0.05,11.38,11.41,-1.83,0.95,0.26,13.77,9.52,1.07,INF204KC1CB8,152391,25,https://www.valueresearchonline.com/funds/11536/,4,4,4,4,2,18,Moderately High Risk,Average
Nippon India Large Cap Reg,equity,equity,Regular,0.43,13.98,15.45,BSE 100 TRI,0.05,11.38,11.41,2.81,0.96,0.59,14.15,14.22,1.62,INF204KC1097,149089,25,https://www.valueresearchonline.com/funds/5270/,10,6,3,4,3,26,Moderate Risk,Average
Nippon India Nifty Next 50 Junior BeES FoF Reg,equity,equity,Regular,9.19,18.69,13.95,BSE 100 TRI,0.05,11.38,11.41,6.8,1.27,0.71,19.93,20,1.32,INF204KC1352,149761,1,https://www.valueresearchonline.com/funds/39155/,12,6,1,2,2,23,Moderate Risk,Average
PGIM India Large Cap Reg,equity,equity,Regular,-2.06,7.76,7.35,BSE 100 TRI,0.05,11.38,11.41,-3.29,0.96,0.16,14.12,8.14,0.7,,138990,25,https://www.valueresearchonline.com/funds/1513/,2,4,3,4,1,14,Moderately High Risk,Average
Parag Parikh Large Cap Reg,equity,equity,Regular,,,,BSE 100 TRI,,,,,,,,,,INF879O01365,154154,25,https://www.valueresearchonline.com/funds/45773/,1,1,1,1,1,5,High Risk,Poor
Quant Focused Reg,equity,equity,Regular,8.12,15.39,13.11,BSE 100 TRI,0.05,11.38,11.41,4.56,1.22,0.59,19.75,17.48,1.01,INF966L01374,109275,11,https://www.valueresearchonline.com/funds/8216/,12,6,1,2,2,23,Moderate Risk,Average
Quant Large Cap Reg,equity,equity,Regular,7.09,15.12,,BSE 100 TRI,0.05,11.38,,4.44,1.15,0.61,18.21,16.95,1.25,INF966L01AW4,150441,13,https://www.valueresearchonline.com/funds/42365/,12,6,1,3,2,24,Moderate Risk,Average
Quantum Nifty 50 ETF FoF Reg,equity,equity,Regular,-1.95,9.54,,BSE 100 TRI,0.05,11.38,,-1.42,0.94,0.29,13.59,9.86,1.1,INF082J01424,150389,1,https://www.valueresearchonline.com/funds/42345/,4,4,4,4,2,18,Moderately High Risk,Average
SBI BSE Sensex Index Reg,equity,equity,Regular,-4.53,7.5,,BSE 100 TRI,0.05,11.38,,-3.8,0.93,0.12,13.65,7.47,,INF200KA13Y1,151765,25,https://www.valueresearchonline.com/funds/43524/,2,4,4,4,1,15,Moderately High Risk,Average
SBI Large Cap Reg,equity,equity,Regular,2.99,10.97,11.54,BSE 100 TRI,0.05,11.38,11.41,-0.08,0.94,0.39,13.78,11.2,1.26,INF200K01180,103504,25,https://www.valueresearchonline.com/funds/3083/,4,4,4,4,2,18,Moderately High Risk,Average
SBI Nifty 50 Equal Weight ETF,equity,equity,Regular,6.12,,,BSE 100 TRI,0.05,,,,,,,,,INF200KB1282,152749,25,https://www.valueresearchonline.com/funds/44433/,1,1,1,1,1,5,High Risk,Poor
SBI Nifty Index Reg,equity,equity,Regular,-2.02,9.3,9.68,BSE 100 TRI,0.05,11.38,11.41,-1.8,0.95,0.27,13.8,9.56,1.08,INF200K01537,102272,25,https://www.valueresearchonline.com/funds/1164/,4,4,4,4,2,18,Moderately High Risk,Average
SBI Nifty Next 50 ETF,equity,equity,Regular,9.73,19.04,14.41,BSE 100 TRI,0.05,11.38,11.41,6.97,1.29,0.71,20.18,20.27,1.34,INF200KA1598,134013,25,https://www.valueresearchonline.com/funds/29715/,12,6,1,2,2,23,Moderate Risk,Average
SBI Nifty Next 50 Index Reg,equity,equity,Regular,8.97,18.23,13.65,BSE 100 TRI,0.05,11.38,11.41,6.3,1.28,0.68,20.16,19.59,1.29,INF200KA1V76,148943,25,https://www.valueresearchonline.com/funds/41490/,12,6,1,2,2,23,Moderate Risk,Average
SBI Nifty100 Low Volatility 30 Index Reg,equity,equity,Regular,,,,BSE 100 TRI,,,,,,,,,,INF200KB1902,153716,25,https://www.valueresearchonline.com/funds/45359/,1,1,1,1,1,5,High Risk,Poor
SBI Nifty50 Equal Weight Index Reg,equity,equity,Regular,5.42,,,BSE 100 TRI,0.05,,,,,,,,,INF200KA18Z7,152372,25,https://www.valueresearchonline.com/funds/44073/,1,1,1,1,1,5,High Risk,Poor
Samco Large Cap Reg,equity,equity,Regular,-6.43,,,BSE 100 TRI,0.05,,,,,,,,,INF0K1H01263,153238,25,https://www.valueresearchonline.com/funds/45016/,1,1,1,1,1,5,High Risk,Poor
Sundaram Large Cap Reg,equity,equity,Regular,-1.35,9.06,9.34,BSE 100 TRI,0.05,11.38,11.41,-1.94,0.88,0.24,12.91,9.01,0.99,INF903J01DT1,105001,25,https://www.valueresearchonline.com/funds/41102/,4,4,4,4,1,17,Moderately High Risk,Average
Sundaram Nifty 100 Equal Weight Reg,equity,equity,Regular,7.31,15.86,13,BSE 100 TRI,0.05,11.38,11.41,4.56,1.11,0.66,16.61,16.83,1.4,,140452,25,https://www.valueresearchonline.com/funds/637/,12,6,2,3,2,25,Moderate Risk,Average
Tata BSE Sensex Index Reg,equity,equity,Regular,-4.62,7.36,8.62,BSE 100 TRI,0.05,11.38,11.41,-3.94,0.93,0.11,13.66,7.33,0.85,INF277K01758,101746,25,https://www.valueresearchonline.com/funds/1551/,2,4,4,4,1,15,Moderately High Risk,Average
Tata Large Cap Reg,equity,equity,Regular,2.05,11.72,11.3,BSE 100 TRI,0.05,11.38,11.41,0.69,1.01,0.44,14.81,12.4,1.18,INF277K01931,100475,25,https://www.valueresearchonline.com/funds/509/,8,4,3,3,2,20,Moderate Risk,Average
Tata Nifty 50 ETF,equity,equity,Regular,-1.64,9.74,10.16,BSE 100 TRI,0.05,11.38,11.41,-1.4,0.95,0.3,13.8,9.96,1.13,INF174K014P6,152085,25,https://www.valueresearchonline.com/funds/38578/,4,4,4,4,2,18,Moderately High Risk,Average
Tata Nifty 50 Index Reg,equity,equity,Regular,-2.16,9.16,9.59,BSE 100 TRI,0.05,11.38,11.41,-1.94,0.95,0.26,13.8,9.42,1.06,INF277K01741,101659,25,https://www.valueresearchonline.com/funds/1550/,4,4,4,4,2,18,Moderately High Risk,Average
Tata Nifty Next 50 Index Reg,equity,equity,Regular,,,,BSE 100 TRI,,,,,,,,,,INF277KA1EG7,153855,25,https://www.valueresearchonline.com/funds/45492/,1,1,1,1,1,5,High Risk,Poor
Taurus Large Cap Reg,equity,equity,Regular,1.05,12.83,10.61,BSE 100 TRI,0.05,11.38,11.41,1.21,0.95,0.46,14.55,12.6,1.26,INF044D01773,101209,25,https://www.valueresearchonline.com/funds/43/,8,4,3,4,2,21,Moderate Risk,Average
Taurus Nifty 50 Index Reg,equity,equity,Regular,-2.7,8.46,8.9,BSE 100 TRI,0.05,11.38,11.41,-2.54,0.94,0.21,13.67,8.77,0.97,INF044D01948,112948,25,https://www.valueresearchonline.com/funds/11215/,2,4,4,4,1,15,Moderately High Risk,Average
UTI BSE Sensex Index Reg,equity,equity,Regular,-4.31,7.7,,BSE 100 TRI,0.05,11.38,,-3.62,0.93,0.13,13.66,7.66,0.9,INF789F1AVC9,149802,25,https://www.valueresearchonline.com/funds/42037/,2,4,4,4,1,15,Moderately High Risk,Average
UTI Large Cap Reg,equity,equity,Regular,-3.57,8.93,8.58,BSE 100 TRI,0.05,11.38,11.41,-1.82,0.93,0.26,13.66,9.44,0.92,INF789F01976,100651,25,https://www.valueresearchonline.com/funds/22/,4,4,4,4,1,17,Moderately High Risk,Average
UTI NIFTY50 Equal Wght Index Reg,equity,equity,Regular,5.57,13.92,,BSE 100 TRI,0.05,11.38,,,,,,,,INF789F1AYQ3,151761,25,https://www.valueresearchonline.com/funds/43522/,1,1,1,1,1,5,High Risk,Poor
UTI Nifty 50 Index Reg,equity,equity,Regular,-1.85,9.49,9.9,BSE 100 TRI,0.05,11.38,11.41,-1.63,0.95,0.28,13.8,9.73,1.11,INF789F01JN2,100822,25,https://www.valueresearchonline.com/funds/757/,4,4,4,4,2,18,Moderately High Risk,Average
UTI Nifty Next 50 Index Reg,equity,equity,Regular,8.94,18.26,13.66,BSE 100 TRI,0.05,11.38,11.41,6.33,1.28,0.68,20.15,19.62,,INF789FC11T3,143340,25,https://www.valueresearchonline.com/funds/36490/,12,6,1,2,1,22,Moderate Risk,Average
Union Largecap Reg,equity,equity,Regular,-0.26,9.65,9.46,BSE 100 TRI,0.05,11.38,11.41,-1.14,0.93,0.31,13.8,10.11,0.98,INF582M01CQ5,141247,25,https://www.valueresearchonline.com/funds/34080/,4,4,4,4,1,17,Moderately High Risk,Average
WhiteOak Capital Large Cap Reg,equity,equity,Regular,0.39,13.17,,BSE 100 TRI,0.05,11.38,,2.14,0.92,0.55,13.57,13.35,1.45,INF03VN01662,150799,25,https://www.valueresearchonline.com/funds/42711/,10,6,4,4,2,26,Moderate Risk,Average
ABSL Mid Cap Reg,equity,equity,Regular,6.13,18.23,16.28,BSE 150 MidCap TRI,5.82,19.92,17.86,-1.73,0.97,0.71,18.16,18.78,1.39,INF209K01355,101591,25,https://www.valueresearchonline.com/funds/1439/,4,6,1,4,2,17,Moderately High Risk,Average
ABSL Nifty Midcap 150 Index Reg,equity,equity,Regular,6.84,19.78,17.71,BSE 150 MidCap TRI,5.82,19.92,17.86,-0.15,1,0.82,18.36,20.9,1.42,INF209KB1W41,148805,25,https://www.valueresearchonline.com/funds/41383/,4,8,1,4,2,19,Moderately High Risk,Average
Axis Midcap Reg,equity,equity,Regular,6.5,17.05,14.72,BSE 150 MidCap TRI,5.82,19.92,17.86,-0.98,0.84,0.72,16.25,17.63,1.25,INF846K01859,114564,25,https://www.valueresearchonline.com/funds/12052/,4,6,2,5,2,19,Moderately High Risk,Average
Axis Nifty Midcap 50 Index Reg,equity,equity,Regular,7.6,20.58,,BSE 150 MidCap TRI,5.82,19.92,,0.22,1.01,0.83,18.8,21.4,1.45,INF846K012I3,149938,25,https://www.valueresearchonline.com/funds/42156/,8,8,1,3,2,22,Moderate Risk,Average
Bandhan Midcap Reg,equity,equity,Regular,8.48,19.02,,BSE 150 MidCap TRI,5.82,19.92,,-1.07,0.97,0.73,18.65,19.49,1.07,INF194KB1DM6,150402,25,https://www.valueresearchonline.com/funds/42340/,4,6,1,4,2,17,Moderately High Risk,Average
Bandhan Nifty Midcap 150 Index Reg,equity,equity,Regular,6.68,,,BSE 150 MidCap TRI,5.82,,,,,,,,,INF194KB1IU8,152856,25,https://www.valueresearchonline.com/funds/44530/,1,1,1,1,1,5,High Risk,Poor
Bank of India Mid Cap Reg,equity,equity,Regular,,,,BSE 150 MidCap TRI,,,,,,,,,,INF761K01HB0,153726,25,https://www.valueresearchonline.com/funds/45383/,1,1,1,1,1,5,High Risk,Poor
Baroda BNP Paribas Midcap Reg,equity,equity,Regular,10.49,19.56,16.6,BSE 150 MidCap TRI,5.82,19.92,17.86,1.52,0.85,0.91,15.72,20.25,1.37,INF251K01AW3,150209,25,https://www.valueresearchonline.com/funds/3259/,8,8,3,5,2,26,Moderate Risk,Average
Baroda BNP Paribas Nifty Midcap 150 Index Reg,equity,equity,Regular,6.41,,,BSE 150 MidCap TRI,5.82,,,,,,,,,INF251K01UB5,153001,25,https://www.valueresearchonline.com/funds/44650/,1,1,1,1,1,5,High Risk,Poor
Canara Robeco Mid Cap Reg,equity,equity,Regular,6.2,17.99,,BSE 150 MidCap TRI,5.82,19.92,,-0.88,0.92,0.75,17.37,18.95,1.28,INF760K01KL5,150816,25,https://www.valueresearchonline.com/funds/42703/,4,8,2,4,2,20,Moderate Risk,Average
DSP Midcap Reg,equity,equity,Regular,5.98,17.79,12.53,BSE 150 MidCap TRI,5.82,19.92,17.86,-1.78,0.96,0.7,18.24,18.68,1.29,INF740K01128,104481,25,https://www.valueresearchonline.com/funds/3725/,4,6,1,4,2,17,Moderately High Risk,Average
DSP Nifty Midcap 150 Index Reg,equity,equity,Regular,,,,BSE 150 MidCap TRI,,,,,,,,,,INF740KA1WY1,154012,25,https://www.valueresearchonline.com/funds/45648/,1,1,1,1,1,5,High Risk,Poor
DSP Nifty Midcap 150 Quality 50 Index Reg,equity,equity,Regular,-0.62,12.32,,BSE 150 MidCap TRI,5.82,19.92,,-6.57,0.92,0.42,17.24,13.13,0.82,INF740KA1QY3,150427,25,https://www.valueresearchonline.com/funds/42314/,2,4,2,4,1,13,Moderately High Risk,Average
Edelweiss Mid Cap Reg,equity,equity,Regular,6.6,22.36,19.52,BSE 150 MidCap TRI,5.82,19.92,17.86,2.73,0.94,0.96,17.76,22.87,1.55,INF843K01013,140225,25,https://www.valueresearchonline.com/funds/6227/,10,8,2,4,3,27,Low Risk,Good
Edelweiss Nifty Midcap150 Momentum 50 Index Reg,equity,equity,Regular,2.38,19.98,,BSE 150 MidCap TRI,5.82,19.92,,-0.69,1.06,0.76,20.13,21.19,1.24,INF754K01PZ7,150900,25,https://www.valueresearchonline.com/funds/42810/,4,8,1,3,2,18,Moderately High Risk,Average
Franklin India Mid Cap Reg,equity,equity,Regular,1.13,17.72,15.18,BSE 150 MidCap TRI,5.82,19.92,17.86,-1.43,0.93,0.73,17.26,18.46,1.39,INF761K01HC8,153727,25,https://www.valueresearchonline.com/funds/115/,4,6,2,4,2,18,Moderately High Risk,Average
Groww Nifty Midcap 150 Index Reg,equity,equity,Regular,,,,BSE 150 MidCap TRI,,,,,,,,,,INF666M01MS1,153953,25,https://www.valueresearchonline.com/funds/45576/,1,1,1,1,1,5,High Risk,Poor
HDFC Mid Cap Reg,equity,equity,Regular,6.77,20.22,20.25,BSE 150 MidCap TRI,5.82,19.92,17.86,2.49,0.85,0.96,15.92,21.23,1.84,,149152,25,https://www.valueresearchonline.com/funds/5067/,10,8,3,5,3,29,Low Risk,Good
HDFC NIFTY Midcap 150 Index Reg,equity,equity,Regular,6.87,19.48,,BSE 150 MidCap TRI,5.82,19.92,,-0.37,1,0.81,18.26,20.59,,INF740KA1WZ8,154013,25,https://www.valueresearchonline.com/funds/43474/,4,8,1,4,1,18,Moderately High Risk,Average
HSBC Midcap Reg,equity,equity,Regular,19.6,26.16,19.16,BSE 150 MidCap TRI,5.82,19.92,17.86,4.73,1.03,1.02,19.96,26.2,1.14,INF917K01254,151034,25,https://www.valueresearchonline.com/funds/2333/,12,10,1,3,2,28,Low Risk,Good
Helios Mid Cap Reg,equity,equity,Regular,15.19,,,BSE 150 MidCap TRI,5.82,,,,,,,,,INF0R8701293,153327,25,https://www.valueresearchonline.com/funds/44985/,1,1,1,1,1,5,High Risk,Poor
ICICI Pru BSE Midcap Select ETF,equity,equity,Regular,8.81,20.13,15.68,BSE 150 MidCap TRI,5.82,19.92,17.86,-0.67,1.02,0.77,19.29,20.66,1.3,INF109KC10W0,139519,25,https://www.valueresearchonline.com/funds/32594/,4,8,1,3,2,18,Moderately High Risk,Average
ICICI Pru Midcap,equity,equity,Regular,15.98,24.44,19.17,BSE 150 MidCap TRI,5.82,19.92,17.86,4.02,0.99,1.02,18.65,24.88,1.65,INF109K01EH6,102529,25,https://www.valueresearchonline.com/funds/2439/,12,10,1,4,3,30,Low Risk,Good
ICICI Pru Nifty Midcap 150 Index,equity,equity,Regular,6.8,19.49,,BSE 150 MidCap TRI,5.82,19.92,,-0.35,1,0.81,18.28,20.63,1.39,INF109KC1W33,149388,25,https://www.valueresearchonline.com/funds/41891/,4,8,1,4,2,19,Moderately High Risk,Average
ITI Mid Cap Reg,equity,equity,Regular,8.13,21.72,15.36,BSE 150 MidCap TRI,5.82,19.92,17.86,1.09,1.02,0.87,19.08,22.43,1.42,INF00XX01895,148732,25,https://www.valueresearchonline.com/funds/41317/,8,8,1,3,2,22,Moderate Risk,Average
Invesco India Mid cap Reg,equity,equity,Regular,10.38,24.48,20.73,BSE 150 MidCap TRI,5.82,19.92,17.86,2.58,1.01,0.92,19.43,23.77,1.45,INF205K01BC9,105503,25,https://www.valueresearchonline.com/funds/4280/,10,8,1,3,2,24,Moderate Risk,Average
JM Midcap Reg,equity,equity,Regular,10.19,22.13,,BSE 150 MidCap TRI,5.82,19.92,,1.13,1.02,0.85,19.37,22.37,1.45,INF192K01MS2,150812,25,https://www.valueresearchonline.com/funds/42729/,8,8,1,3,2,22,Moderate Risk,Average
Kotak Midcap Reg,equity,equity,Regular,8.76,20,17.89,BSE 150 MidCap TRI,5.82,19.92,17.86,0.07,0.94,0.79,17.91,20.09,1.23,INF174K01DS9,104908,25,https://www.valueresearchonline.com/funds/4270/,8,8,2,4,2,24,Moderate Risk,Average
Kotak Nifty Midcap 150 ETF,equity,equity,Regular,7.69,,,BSE 150 MidCap TRI,5.82,,,,,,,,,INF174KA1VW2,153398,25,https://www.valueresearchonline.com/funds/45037/,1,1,1,1,1,5,High Risk,Poor
Kotak Nifty Midcap 150 Index Reg,equity,equity,Regular,6.79,,,BSE 150 MidCap TRI,5.82,,,,,,,,,INF174KA1VT8,153399,25,https://www.valueresearchonline.com/funds/45038/,1,1,1,1,1,5,High Risk,Poor
Kotak Nifty Midcap 150 Momentum 50 Index Reg,equity,equity,Regular,2.61,,,BSE 150 MidCap TRI,5.82,,,,,,,,,INF174KA1TP0,152918,25,https://www.valueresearchonline.com/funds/44571/,1,1,1,1,1,5,High Risk,Poor
Kotak Nifty Midcap 50 Index Reg,equity,equity,Regular,7.69,,,BSE 150 MidCap TRI,5.82,,,,,,,,,INF174KA1SO5,152765,25,https://www.valueresearchonline.com/funds/44444/,1,1,1,1,1,5,High Risk,Poor
LIC MF Midcap Reg,equity,equity,Regular,2.92,18.09,14.39,BSE 150 MidCap TRI,5.82,19.92,17.86,-2.2,1.02,0.69,19.08,19.08,1.22,INF767K01535,105823,25,https://www.valueresearchonline.com/funds/33331/,2,6,1,3,2,14,Moderately High Risk,Average
LIC MF Nifty Midcap 100 ETF,equity,equity,Regular,7.74,,,BSE 150 MidCap TRI,5.82,,,,,,,,,INF767K01RN1,152404,25,https://www.valueresearchonline.com/funds/44166/,1,1,1,1,1,5,High Risk,Poor
Mahindra Manulife Mid Cap Reg,equity,equity,Regular,11.85,22.14,19.02,BSE 150 MidCap TRI,5.82,19.92,17.86,2.23,0.95,0.95,17.57,22.52,1.57,INF174V01473,142109,25,https://www.valueresearchonline.com/funds/34954/,10,8,2,4,3,27,Low Risk,Good
Mirae Asset Midcap Reg,equity,equity,Regular,8.75,18.71,16.37,BSE 150 MidCap TRI,5.82,19.92,17.86,-1.01,1,0.76,18.53,20.03,1.22,INF769K01EY2,147479,25,https://www.valueresearchonline.com/funds/40046/,4,8,1,4,2,19,Moderately High Risk,Average
Mirae Asset Nifty MidSmallcap400 Mom Qlty 100 ETF FoF Reg,equity,equity,Regular,2.59,,,BSE 150 MidCap TRI,5.82,,,,,,,,,INF769K01LK6,152647,1,https://www.valueresearchonline.com/funds/44303/,1,1,1,1,1,5,High Risk,Poor
Mirae Asset Nifty MidSmallcap400 Momentum Quality 100 ETF,equity,equity,Regular,3.12,,,BSE 150 MidCap TRI,5.82,,,,,,,,,INF769K01LJ8,152634,25,https://www.valueresearchonline.com/funds/44302/,1,1,1,1,1,5,High Risk,Poor
Motilal Oswal Midcap Reg,equity,equity,Regular,-6.37,17.84,22.05,BSE 150 MidCap TRI,5.82,19.92,17.86,-1.42,0.95,0.64,20.3,18.82,1.02,INF247L01411,127039,25,https://www.valueresearchonline.com/funds/24078/,4,6,1,4,2,17,Moderately High Risk,Average
Motilal Oswal Nifty Midcap 150 Reg,equity,equity,Regular,6.83,19.73,17.64,BSE 150 MidCap TRI,5.82,19.92,17.86,-0.18,1,0.82,18.33,20.85,1.41,INF247L01908,147621,25,https://www.valueresearchonline.com/funds/40241/,4,8,1,4,2,19,Moderately High Risk,Average
Motilal Oswal Nifty Midcap150 Momentum 50 ETF,equity,equity,Regular,,,,BSE 150 MidCap TRI,,,,,,,,,,INF247L01FQ0,153694,25,https://www.valueresearchonline.com/funds/45331/,1,1,1,1,1,5,High Risk,Poor
Navi Nifty MidSmallcap 400 Index Reg,equity,equity,Regular,,,,BSE 150 MidCap TRI,,,,,,,,,,INF959L01HS2,154026,25,https://www.valueresearchonline.com/funds/45653/,1,1,1,1,1,5,High Risk,Poor
Navi Nifty Midcap 150 Index Reg,equity,equity,Regular,6.56,19.26,,BSE 150 MidCap TRI,5.82,19.92,,-0.53,1,0.8,18.27,20.44,1.38,INF959L01FY4,149893,25,https://www.valueresearchonline.com/funds/42120/,4,8,1,4,2,19,Moderately High Risk,Average
Nippon India Growth Mid Cap Inst,equity,equity,Regular,10.8,20.72,20.01,BSE 150 MidCap TRI,5.82,19.92,17.86,1.44,0.92,0.88,17.57,21.27,1.61,INF761K01462,111712,25,https://www.valueresearchonline.com/funds/5580/,8,8,2,4,3,25,Moderate Risk,Average
Nippon India Growth Mid Cap Reg,equity,equity,Regular,9.77,22.74,21.06,BSE 150 MidCap TRI,5.82,19.92,17.86,2.51,0.97,0.95,18.1,23.06,1.79,INF204KC1097,149089,25,https://www.valueresearchonline.com/funds/183/,10,8,1,4,3,26,Moderate Risk,Average
Nippon India Nifty Midcap150 Reg,equity,equity,Regular,6.98,19.75,17.67,BSE 150 MidCap TRI,5.82,19.92,17.86,-0.14,1,0.82,18.31,20.86,1.41,INF204KB15Z3,148723,25,https://www.valueresearchonline.com/funds/41293/,4,8,1,4,2,19,Moderately High Risk,Average
PGIM India Midcap Reg,equity,equity,Regular,1.26,12.02,12.58,BSE 150 MidCap TRI,5.82,19.92,17.86,-5.91,0.84,0.42,16.25,12.73,0.78,INF663L01DZ4,125305,25,https://www.valueresearchonline.com/funds/22365/,2,4,2,5,1,14,Moderately High Risk,Average
Quant Mid Cap Reg,equity,equity,Regular,1.89,15.85,16.46,BSE 150 MidCap TRI,5.82,19.92,17.86,-1.99,0.93,0.64,18.82,17.95,0.77,INF966L01176,101065,22,https://www.valueresearchonline.com/funds/958/,4,6,1,4,1,16,Moderately High Risk,Average
SBI Midcap Reg,equity,equity,Regular,2.42,12.54,15.35,BSE 150 MidCap TRI,5.82,19.92,17.86,-4.41,0.85,0.52,16.1,14.28,1.07,INF200K01560,102941,25,https://www.valueresearchonline.com/funds/2662/,2,6,2,5,2,17,Moderately High Risk,Average
SBI Nifty Midcap 150 Index Reg,equity,equity,Regular,7.05,19.74,,BSE 150 MidCap TRI,5.82,19.92,,-0.17,1,0.82,18.32,20.85,1.41,INF200KA17O3,150672,25,https://www.valueresearchonline.com/funds/42583/,4,8,1,4,2,19,Moderately High Risk,Average
Samco Mid Cap Reg,equity,equity,Regular,,,,BSE 150 MidCap TRI,,,,,,,,,,INF0K1H01321,154115,25,https://www.valueresearchonline.com/funds/45739/,1,1,1,1,1,5,High Risk,Poor
Sundaram Midcap Reg,equity,equity,Regular,8.6,22.02,18.97,BSE 150 MidCap TRI,5.82,19.92,17.86,2.18,0.94,0.94,17.48,22.32,1.48,INF903J01173,101539,25,https://www.valueresearchonline.com/funds/1386/,10,8,2,4,2,26,Moderate Risk,Average
TRUSTMF Mid Cap Reg,equity,equity,Regular,,,,BSE 150 MidCap TRI,,,,,,,,,,INF0GCD01883,154211,25,https://www.valueresearchonline.com/funds/45813/,1,1,1,1,1,5,High Risk,Poor
Tata Mid Cap Reg,equity,equity,Regular,7.23,17.79,16.35,BSE 150 MidCap TRI,5.82,19.92,17.86,-0.8,0.9,0.77,16.69,18.73,1.43,INF277K01626,102328,25,https://www.valueresearchonline.com/funds/103/,4,8,2,4,2,20,Moderate Risk,Average
Tata Nifty Midcap 150 Index Reg,equity,equity,Regular,,,,BSE 150 MidCap TRI,,,,,,,,,,INF277KA1DW6,153580,25,https://www.valueresearchonline.com/funds/45220/,1,1,1,1,1,5,High Risk,Poor
Tata Nifty Midcap 150 Momentum 50 Index Reg,equity,equity,Regular,2.44,19.65,,BSE 150 MidCap TRI,5.82,19.92,,-0.93,1.05,0.75,20.08,20.89,1.22,INF277KA1646,150741,25,https://www.valueresearchonline.com/funds/42653/,4,8,1,3,2,18,Moderately High Risk,Average
Taurus Mid Cap Reg,equity,equity,Regular,-1.63,11.55,11.93,BSE 150 MidCap TRI,5.82,19.92,17.86,-7.25,0.99,0.41,18.58,13.56,1.05,INF044D01815,100477,25,https://www.valueresearchonline.com/funds/215/,2,4,1,4,2,13,Moderately High Risk,Average
UTI Midcap Reg,equity,equity,Regular,2.29,14.2,13.79,BSE 150 MidCap TRI,5.82,19.92,17.86,-4.68,0.95,0.55,17.65,15.56,1,INF174K01DS9,104908,25,https://www.valueresearchonline.com/funds/2138/,2,6,2,4,2,16,Moderately High Risk,Average
UTI Nifty Midcap 150 ETF,equity,equity,Regular,7.65,,,BSE 150 MidCap TRI,5.82,,,,,,,,,INF200KB1AK8,154305,25,https://www.valueresearchonline.com/funds/43743/,1,1,1,1,1,5,High Risk,Poor
UTI Nifty Midcap 150 Index Reg,equity,equity,Regular,6.83,,,BSE 150 MidCap TRI,5.82,,,,,,,,,INF789F1AZN7,153088,25,https://www.valueresearchonline.com/funds/44724/,1,1,1,1,1,5,High Risk,Poor
UTI Nifty Midcap 150 Quality 50 Index Reg,equity,equity,Regular,-0.68,12.32,,BSE 150 MidCap TRI,5.82,19.92,,-6.58,0.92,0.42,17.26,13.14,0.82,INF789F1AVG0,150312,25,https://www.valueresearchonline.com/funds/42252/,2,4,2,4,1,13,Moderately High Risk,Average
UTI Nifty Midsmallcap 400 Momentum Quality 100 Index Reg,equity,equity,Regular,2.71,,,BSE 150 MidCap TRI,5.82,,,,,,,,,INF789F1AB06,153273,25,https://www.valueresearchonline.com/funds/44912/,1,1,1,1,1,5,High Risk,Poor
Union Midcap Reg,equity,equity,Regular,8.82,18.06,16.61,BSE 150 MidCap TRI,5.82,19.92,17.86,-0.85,0.91,0.75,17.24,18.84,1.18,INF582M01GM5,148071,25,https://www.valueresearchonline.com/funds/40767/,4,8,2,4,2,20,Moderate Risk,Average
WhiteOak Capital Mid Cap Reg,equity,equity,Regular,11.5,23.07,,BSE 150 MidCap TRI,5.82,19.92,,3.67,0.91,1.02,17.18,23.33,1.62,INF03VN01563,150583,25,https://www.valueresearchonline.com/funds/42481/,10,10,2,4,3,29,Low Risk,Good
ABSL Multi-Cap Reg,equity,equity,Regular,5.39,14.59,13.69,VR Multicap TRI,-0.16,14.45,13.85,-0.03,0.95,0.59,16.06,15.39,1.05,INF209KB1Y23,148918,25,https://www.valueresearchonline.com/funds/41464/,4,6,2,4,2,18,Moderately High Risk,Average
Axis Multicap Reg,equity,equity,Regular,5.49,19.29,,VR Multicap TRI,-0.16,14.45,,4.21,0.93,0.85,15.86,19.42,1.46,INF846K016E3,149382,25,https://www.valueresearchonline.com/funds/41883/,12,8,3,4,2,29,Low Risk,Good
Bajaj Finserv Multi Cap Reg,equity,equity,Regular,6.84,,,VR Multicap TRI,-0.16,,,,,,,,,INF0QA701AS3,153307,25,https://www.valueresearchonline.com/funds/44916/,1,1,1,1,1,5,High Risk,Poor
Bandhan Multi Cap Reg,equity,equity,Regular,2.43,14.54,,VR Multicap TRI,-0.16,14.45,,-0.31,0.94,0.58,15.71,15,1.23,INF194KB1CI6,149305,25,https://www.valueresearchonline.com/funds/41820/,4,6,3,4,2,19,Moderately High Risk,Average
Bank of India Multi Cap Reg,equity,equity,Regular,10.42,19.68,,VR Multicap TRI,-0.16,14.45,,4.07,0.97,0.84,16.5,19.71,,INF761K01FU4,151445,25,https://www.valueresearchonline.com/funds/43160/,12,8,2,4,1,27,Low Risk,Good
Baroda BNP Paribas Multi Cap Reg,equity,equity,Regular,3.6,15.78,14.91,VR Multicap TRI,-0.16,14.45,13.85,1.47,0.91,0.67,15.84,16.55,1.05,INF955L01674,102020,25,https://www.valueresearchonline.com/funds/1820/,8,6,3,4,2,23,Moderate Risk,Average
Canara Robeco Multi Cap Reg,equity,equity,Regular,1.89,,,VR Multicap TRI,-0.16,,,,,,,,,INF760K01KR2,151821,25,https://www.valueresearchonline.com/funds/43569/,1,1,1,1,1,5,High Risk,Poor
DSP Multicap Reg,equity,equity,Regular,1.03,,,VR Multicap TRI,-0.16,,,,,,,,,INF740KA1TZ4,152307,25,https://www.valueresearchonline.com/funds/43997/,1,1,1,1,1,5,High Risk,Poor
Edelweiss Multi Cap Reg,equity,equity,Regular,4.31,,,VR Multicap TRI,-0.16,,,,,,,,,INF754K01RW0,152095,25,https://www.valueresearchonline.com/funds/43780/,1,1,1,1,1,5,High Risk,Poor
Edelweiss Nifty500 Multicap Momentum Quality 50 Index Reg,equity,equity,Regular,-0.78,,,VR Multicap TRI,-0.16,,,,,,,,,INF754K01TJ3,152988,25,https://www.valueresearchonline.com/funds/44646/,1,1,1,1,1,5,High Risk,Poor
Franklin India Multi Cap Reg,equity,equity,Regular,6.3,,,VR Multicap TRI,-0.16,,,,,,,,,INF761K01FT6,151446,25,https://www.valueresearchonline.com/funds/44408/,1,1,1,1,1,5,High Risk,Poor
Groww Multicap Reg,equity,equity,Regular,14.96,,,VR Multicap TRI,-0.16,,,,,,,,,INF666M01JG2,153100,25,https://www.valueresearchonline.com/funds/44695/,1,1,1,1,1,5,High Risk,Poor
HDFC Multi Cap Reg,equity,equity,Regular,-0.63,14.85,,VR Multicap TRI,-0.16,14.45,,-0.36,0.98,0.58,16.44,15.38,1.32,INF277KA1299,149351,25,https://www.valueresearchonline.com/funds/41862/,4,6,2,4,2,18,Moderately High Risk,Average
HDFC Nifty500 Multicap 50:25:25 Index Reg,equity,equity,Regular,2.2,,,VR Multicap TRI,-0.16,,,,,,,,,INF179KC1IN1,152779,25,https://www.valueresearchonline.com/funds/44462/,1,1,1,1,1,5,High Risk,Poor
HSBC Multi Cap Reg,equity,equity,Regular,7.6,20.37,,VR Multicap TRI,-0.16,14.45,,4.21,1.03,0.83,17.59,20.42,1.43,INF336L01QQ8,151289,25,https://www.valueresearchonline.com/funds/43021/,12,8,2,3,2,27,Low Risk,Good
ICICI Pru Multicap,equity,equity,Regular,8.6,18.77,16.75,VR Multicap TRI,-0.16,14.45,13.85,4.04,0.93,0.84,15.99,19.31,1.73,INF109K01613,101228,25,https://www.valueresearchonline.com/funds/86/,12,8,3,4,3,30,Low Risk,Good
ITI Multi Cap Reg,equity,equity,Regular,8.78,18.43,12.54,VR Multicap TRI,-0.16,14.45,13.85,2.57,1.03,0.74,17.53,18.79,1.14,INF00XX01135,147184,25,https://www.valueresearchonline.com/funds/39829/,10,6,2,3,2,23,Moderate Risk,Average
Invesco India Multicap Reg,equity,equity,Regular,-2.26,14.36,12.65,VR Multicap TRI,-0.16,14.45,13.85,-1.34,1.01,0.51,17.38,14.74,0.9,INF205K01DN2,107353,25,https://www.valueresearchonline.com/funds/6675/,4,6,2,3,1,16,Moderately High Risk,Average
Kotak Multicap Reg,equity,equity,Regular,7.04,20.33,,VR Multicap TRI,-0.16,14.45,,4.01,1.05,0.82,17.85,20.46,1.41,INF174KA1HS9,149182,25,https://www.valueresearchonline.com/funds/41705/,12,8,2,3,2,27,Low Risk,Good
LIC MF Multi Cap Reg,equity,equity,Regular,5.97,18.49,,VR Multicap TRI,-0.16,14.45,,2.42,1.02,0.72,17.73,18.59,1.2,INF767K01RH3,150661,25,https://www.valueresearchonline.com/funds/42627/,10,6,2,3,2,23,Moderate Risk,Average
Mahindra Manulife Multi Cap Reg,equity,equity,Regular,8.21,18.63,16.44,VR Multicap TRI,-0.16,14.45,13.85,3.28,0.97,0.78,16.71,18.96,1.41,INF174V01317,141224,25,https://www.valueresearchonline.com/funds/33984/,10,8,2,4,2,26,Moderate Risk,Average
Mirae Asset Multicap Reg,equity,equity,Regular,2.36,,,VR Multicap TRI,-0.16,,,,,,,,,INF769K01KH4,151812,25,https://www.valueresearchonline.com/funds/43576/,1,1,1,1,1,5,High Risk,Poor
Motilal Oswal Multi Cap Reg,equity,equity,Regular,-1.69,,,VR Multicap TRI,-0.16,,,,,,,,,INF247L01CO2,152650,25,https://www.valueresearchonline.com/funds/44337/,1,1,1,1,1,5,High Risk,Poor
Navi Nifty 500 Multicap 50:25:25 Index Reg,equity,equity,Regular,2.12,,,VR Multicap TRI,-0.16,,,,,,,,,INF179KC1IN1,152779,25,https://www.valueresearchonline.com/funds/44438/,1,1,1,1,1,5,High Risk,Poor
Nippon India Multi Cap Reg,equity,equity,Regular,2.47,17.51,19.94,VR Multicap TRI,-0.16,14.45,13.85,2.98,0.91,0.77,15.82,18.06,1.66,INF204KC1097,149089,25,https://www.valueresearchonline.com/funds/2640/,10,8,3,4,3,28,Low Risk,Good
Nippon India Nifty 500 Equal Weight Index Reg,equity,equity,Regular,3.34,,,VR Multicap TRI,-0.16,,,,,,,,,INF204KC1CX2,152840,25,https://www.valueresearchonline.com/funds/44513/,1,1,1,1,1,5,High Risk,Poor
PGIM India Multi Cap Reg,equity,equity,Regular,6.91,,,VR Multicap TRI,-0.16,,,,,,,,,INF663L01Y87,152816,25,https://www.valueresearchonline.com/funds/44503/,1,1,1,1,1,5,High Risk,Poor
PGIM India Retirement Reg,equity,equity,Regular,0.84,,,VR Multicap TRI,-0.16,,,,,,,,,INF663L01Y46,152538,25,https://www.valueresearchonline.com/funds/44251/,1,1,1,1,1,5,High Risk,Poor
Quant Multi Cap Reg,equity,equity,Regular,4.64,12.21,13.04,VR Multicap TRI,-0.16,14.45,13.85,-2.49,1.04,0.44,18.45,13.92,0.62,INF0GCD01537,151322,25,https://www.valueresearchonline.com/funds/952/,2,4,1,3,1,11,High Risk,Poor
SBI Multicap Reg,equity,equity,Regular,0.94,14.43,,VR Multicap TRI,-0.16,14.45,,0.57,0.82,0.63,14.17,14.73,1.37,INF200KA15E8,149886,25,https://www.valueresearchonline.com/funds/42106/,8,6,3,5,2,24,Moderate Risk,Average
Samco Multi Cap Reg,equity,equity,Regular,-10.33,,,VR Multicap TRI,-0.16,,,,,,,,,INF0K1H01206,152848,25,https://www.valueresearchonline.com/funds/44526/,1,1,1,1,1,5,High Risk,Poor
Sundaram Multi Cap Reg,equity,equity,Regular,2.13,14.49,13.13,VR Multicap TRI,-0.16,14.45,13.85,-0.61,0.94,0.56,15.91,14.75,1.2,,143830,25,https://www.valueresearchonline.com/funds/866/,4,6,3,4,2,19,Moderately High Risk,Average
TRUSTMF Multi Cap Reg,equity,equity,Regular,,,,VR Multicap TRI,,,,,,,,,,INF0GCD01842,153645,25,https://www.valueresearchonline.com/funds/45281/,1,1,1,1,1,5,High Risk,Poor
Tata Multicap Reg,equity,equity,Regular,9.35,12.27,,VR Multicap TRI,-0.16,14.45,,-2.33,0.93,0.44,15.8,12.88,0.76,INF277KA1703,151235,25,https://www.valueresearchonline.com/funds/43036/,2,4,3,4,1,14,Moderately High Risk,Average
UTI Multi Cap Reg,equity,equity,Regular,1.69,,,VR Multicap TRI,-0.16,,,,,,,,,INF789F1AB71,153516,25,https://www.valueresearchonline.com/funds/45141/,1,1,1,1,1,5,High Risk,Poor
Union Multicap Reg,equity,equity,Regular,8.86,16.16,,VR Multicap TRI,-0.16,14.45,,1.34,0.91,0.68,15.63,16.42,1.2,INF582M01IS8,150855,25,https://www.valueresearchonline.com/funds/42777/,8,6,3,4,2,23,Moderate Risk,Average
WhiteOak Capital Multi Cap Reg,equity,equity,Regular,5.9,,,VR Multicap TRI,-0.16,,,,,,,,,INF03VN01795,152072,25,https://www.valueresearchonline.com/funds/43758/,1,1,1,1,1,5,High Risk,Poor
ABSL Banking & Financial Services Reg,equity,equity,Regular,3.79,12.71,11.98,BSE Bankex TRI,4.56,10.36,11.6,3.84,0.93,0.41,16.2,12.43,2.05,INF209K011W7,125595,25,https://www.valueresearchonline.com/funds/22524/,10,4,2,4,4,24,Moderate Risk,Average
Axis Nifty Bank Index Reg,equity,equity,Regular,3.55,,,BSE Bankex TRI,4.56,,,,,,,,,INF846K012W4,152632,14,https://www.valueresearchonline.com/funds/44319/,1,1,1,1,1,5,High Risk,Poor
Bajaj Finserv Banking And Financial Services Reg,equity,equity,Regular,,,,BSE Bankex TRI,,,,,,,,,,INF0QA701BW3,153935,25,https://www.valueresearchonline.com/funds/45561/,1,1,1,1,1,5,High Risk,Poor
Bandhan Financial Services Reg,equity,equity,Regular,0.78,,,BSE Bankex TRI,4.56,,,,,,,,,INF194KB1GE6,151818,25,https://www.valueresearchonline.com/funds/43565/,1,1,1,1,1,5,High Risk,Poor
Bandhan Nifty Bank Index Reg,equity,equity,Regular,3.46,,,BSE Bankex TRI,4.56,,,,,,,,,INF194KB1IN3,152792,14,https://www.valueresearchonline.com/funds/44476/,1,1,1,1,1,5,High Risk,Poor
Bank of India Banking & Financial Services Reg,equity,equity,Regular,,,,BSE Bankex TRI,,,,,,,,,,INF761K01HH7,154095,25,https://www.valueresearchonline.com/funds/45743/,1,1,1,1,1,5,High Risk,Poor
Baroda BNP Paribas Banking & Fin Srvcs Reg,equity,equity,Regular,2.16,14.23,12.09,BSE Bankex TRI,4.56,10.36,11.6,5.01,0.93,0.49,15.83,13.6,2.21,INF955L01831,117547,25,https://www.valueresearchonline.com/funds/14946/,12,4,3,4,4,27,Low Risk,Good
Baroda BNP Paribas Nifty Bank ETF,equity,equity,Regular,4.4,,,BSE Bankex TRI,4.56,,,,,,,,,INF251K01TL6,152683,14,https://www.valueresearchonline.com/funds/44357/,1,1,1,1,1,5,High Risk,Poor
Canara Robeco Banking And Financial Services Reg,equity,equity,Regular,,,,BSE Bankex TRI,,,,,,,,,,INF760K01LM1,154248,25,https://www.valueresearchonline.com/funds/45864/,1,1,1,1,1,5,High Risk,Poor
DSP BSE Top 10 Banks ETF,equity,equity,Regular,,,,BSE Bankex TRI,,,,,,,,,,INF740KA1YH2,154256,10,https://www.valueresearchonline.com/funds/45893/,1,1,1,1,1,5,High Risk,Poor
DSP Banking & Financial Services Reg,equity,equity,Regular,9.81,,,BSE Bankex TRI,4.56,,,,,,,,,INF740KA1TN0,152208,25,https://www.valueresearchonline.com/funds/43890/,1,1,1,1,1,5,High Risk,Poor
DSP Nifty Bank Index Reg,equity,equity,Regular,3.68,,,BSE Bankex TRI,4.56,,,,,,,,,INF740KA1UN8,152653,14,https://www.valueresearchonline.com/funds/44335/,1,1,1,1,1,5,High Risk,Poor
DSP Nifty Private Bank Index Reg,equity,equity,Regular,0.22,,,BSE Bankex TRI,4.56,,,,,,,,,INF740KA1VK2,153347,10,https://www.valueresearchonline.com/funds/44970/,1,1,1,1,1,5,High Risk,Poor
Edelweiss Financial Services Reg,equity,equity,Regular,,,,BSE Bankex TRI,,,,,,,,,,INF754K01WL3,154107,25,https://www.valueresearchonline.com/funds/45747/,1,1,1,1,1,5,High Risk,Poor
Groww Banking & Financial Services Reg,equity,equity,Regular,8.33,,,BSE Bankex TRI,4.56,,,,,,,,,INF666M01HP7,152274,25,https://www.valueresearchonline.com/funds/43972/,1,1,1,1,1,5,High Risk,Poor
Groww Nifty PSU Bank Index Reg,equity,equity,Regular,,,,BSE Bankex TRI,,,,,,,,,,INF666M01OL2,154285,12,https://www.valueresearchonline.com/funds/45908/,1,1,1,1,1,5,High Risk,Poor
HDFC Banking & Financial Services Reg,equity,equity,Regular,5.48,13.78,,BSE Bankex TRI,4.56,10.36,,4.58,0.94,0.45,16.23,13.21,1.99,INF740KA1TN0,152208,25,https://www.valueresearchonline.com/funds/41531/,12,4,2,4,3,25,Moderate Risk,Average
HSBC Financial Services Reg,equity,equity,Regular,9.1,,,BSE Bankex TRI,4.56,,,,,,,,,INF336L01RR4,153267,25,https://www.valueresearchonline.com/funds/44924/,1,1,1,1,1,5,High Risk,Poor
Helios Financial Services Reg,equity,equity,Regular,0.71,,,BSE Bankex TRI,4.56,,,,,,,,,INF0R8701178,152682,24,https://www.valueresearchonline.com/funds/44372/,1,1,1,1,1,5,High Risk,Poor
ICICI Pru Banking & Financial Services,equity,equity,Regular,-1.13,11.18,10.7,BSE Bankex TRI,4.56,10.36,11.6,2.46,0.84,0.34,14.45,10.8,1.99,INF109K01DY3,109446,25,https://www.valueresearchonline.com/funds/8293/,10,4,3,5,3,25,Moderate Risk,Average
ICICI Pru Nifty Bank Index,equity,equity,Regular,3.79,9.45,,BSE Bankex TRI,4.56,10.36,,-0.71,1,0.14,16.39,8.09,1.3,INF109KC1Z97,149860,14,https://www.valueresearchonline.com/funds/42102/,4,4,2,4,2,16,Moderately High Risk,Average
ICICI Pru Nifty Private Bank Index,equity,equity,Regular,,,,BSE Bankex TRI,,,,,,,,,,INF109K1A351,153676,10,https://www.valueresearchonline.com/funds/45298/,1,1,1,1,1,5,High Risk,Poor
ITI Banking and Financial Services Reg,equity,equity,Regular,7.18,12.23,,BSE Bankex TRI,4.56,10.36,,3.13,0.94,0.37,16.05,11.76,1.6,INF00XX01BR2,149324,25,https://www.valueresearchonline.com/funds/41832/,10,4,2,4,3,23,Moderate Risk,Average
Invesco India Financial Services Reg,equity,equity,Regular,7.8,18.65,15.37,BSE Bankex TRI,4.56,10.36,11.6,9.38,0.84,0.77,15.3,17.7,2.09,INF205K01155,108378,25,https://www.valueresearchonline.com/funds/7830/,12,8,3,5,4,32,Low Risk,Good
Kotak Banking & Financial Services Reg,equity,equity,Regular,6.37,13.49,,BSE Bankex TRI,4.56,10.36,,3.71,0.95,0.41,16,12.37,,INF174KA1MA7,151381,25,https://www.valueresearchonline.com/funds/43126/,10,4,2,4,1,21,Moderate Risk,Average
Kotak Nifty Financial Services Ex-Bank Index Reg,equity,equity,Regular,6.34,,,BSE Bankex TRI,4.56,,,,,,,,,INF174KA1OO4,151909,25,https://www.valueresearchonline.com/funds/43672/,1,1,1,1,1,5,High Risk,Poor
LIC MF Banking & Financial Services Reg,equity,equity,Regular,2.69,8.4,9.24,BSE Bankex TRI,4.56,10.36,11.6,-0.13,0.92,0.16,15.85,8.43,1.45,INF767K01NH2,134016,25,https://www.valueresearchonline.com/funds/29705/,4,4,3,4,2,17,Moderately High Risk,Average
Mahindra Manulife Banking & Financial Services Reg,equity,equity,Regular,,,,BSE Bankex TRI,,,,,,,,,,INF174V01CL3,153675,25,https://www.valueresearchonline.com/funds/45277/,1,1,1,1,1,5,High Risk,Poor
Mirae Asset Banking and Fin Srvcs Reg,equity,equity,Regular,4.56,14.19,13.14,BSE Bankex TRI,4.56,10.36,11.6,4.85,0.92,0.48,15.76,13.41,2.34,INF769K01GU5,148621,25,https://www.valueresearchonline.com/funds/41188/,12,4,3,4,4,27,Low Risk,Good
Motilal Oswal BSE Fins ex Bank 30 Index Reg,equity,equity,Regular,1.74,16.05,,BSE Bankex TRI,4.56,10.36,,8.55,0.82,0.63,17.34,16.82,2.07,INF247L01BD7,150444,25,https://www.valueresearchonline.com/funds/42351/,12,6,2,5,4,29,Low Risk,Good
Motilal Oswal Financial Services Reg,equity,equity,Regular,,,,BSE Bankex TRI,,,,,,,,,,INF247L01GQ8,154137,25,https://www.valueresearchonline.com/funds/45765/,1,1,1,1,1,5,High Risk,Poor
Motilal Oswal Nifty Bank Index  Reg,equity,equity,Regular,3.53,9.3,10.6,BSE Bankex TRI,4.56,10.36,11.6,-0.83,1,0.13,16.38,7.97,1.29,INF247L01882,147619,14,https://www.valueresearchonline.com/funds/40245/,4,4,2,4,2,16,Moderately High Risk,Average
Motilal Oswal Nifty MidSmall Financial Services Index Reg,equity,equity,Regular,20.71,,,BSE Bankex TRI,4.56,,,,,,,,,INF247L01DX1,153026,25,https://www.valueresearchonline.com/funds/44677/,1,1,1,1,1,5,High Risk,Poor
Navi Nifty Bank Index Reg,equity,equity,Regular,3.51,9.26,,BSE Bankex TRI,4.56,10.36,,-0.87,1,0.13,16.43,7.93,1.28,INF959L01FU2,149805,14,https://www.valueresearchonline.com/funds/42042/,4,4,2,4,2,16,Moderately High Risk,Average
Nippon India Banking & Financial Srvices Reg,equity,equity,Regular,2.29,14.05,14.61,BSE Bankex TRI,4.56,10.36,11.6,5.13,0.89,0.51,15.3,13.63,2.17,INF761K01HI5,154096,25,https://www.valueresearchonline.com/funds/1708/,12,6,3,4,4,29,Low Risk,Good
Nippon India Nifty Bank Index Reg,equity,equity,Regular,3.69,,,BSE Bankex TRI,4.56,,,,,,,,,INF204KC1BV8,152387,14,https://www.valueresearchonline.com/funds/44104/,1,1,1,1,1,5,High Risk,Poor
Quant BFSI Reg,equity,equity,Regular,19.88,,,BSE Bankex TRI,4.56,,,,,,,,,INF966L01CA6,151788,13,https://www.valueresearchonline.com/funds/43553/,1,1,1,1,1,5,High Risk,Poor
SBI BSE PSU Bank Index Reg,equity,equity,Regular,26.21,,,BSE Bankex TRI,4.56,,,,,,,,,INF200KB1654,153434,11,https://www.valueresearchonline.com/funds/45069/,1,1,1,1,1,5,High Risk,Poor
SBI Banking & Financial Services Reg,equity,equity,Regular,5.02,17.3,13.46,BSE Bankex TRI,4.56,10.36,11.6,7.69,0.84,0.7,14.58,16.03,2.74,INF200KA1473,133858,25,https://www.valueresearchonline.com/funds/29461/,12,6,3,5,4,30,Low Risk,Good
SBI Nifty Bank Index Reg,equity,equity,Regular,4.01,,,BSE Bankex TRI,4.56,,,,,,,,,INF200KB1530,153253,14,https://www.valueresearchonline.com/funds/44892/,1,1,1,1,1,5,High Risk,Poor
Sundaram Financial Services Opportunities Reg,equity,equity,Regular,3.99,14.89,14.41,BSE Bankex TRI,4.56,10.36,11.6,5.72,0.96,0.51,16.68,14.4,1.99,INF903J01629,109059,25,https://www.valueresearchonline.com/funds/7611/,12,6,2,4,3,27,Low Risk,Good
Tata Banking & Financial Services Reg,equity,equity,Regular,1.71,13.04,12.46,BSE Bankex TRI,4.56,10.36,11.6,4.41,0.91,0.45,15.82,12.96,2.32,INF277K01Y86,135794,25,https://www.valueresearchonline.com/funds/31354/,12,4,3,4,4,27,Low Risk,Good
Tata Nifty Financial Services Index Reg,equity,equity,Regular,0.43,,,BSE Bankex TRI,4.56,,,,,,,,,INF277KA1AX0,152574,20,https://www.valueresearchonline.com/funds/44255/,1,1,1,1,1,5,High Risk,Poor
Taurus Banking & Financial Services Reg,equity,equity,Regular,0.26,10,10.85,BSE Bankex TRI,4.56,10.36,11.6,0.86,0.87,0.23,14.82,9.28,1.41,INF044D01BI4,117312,25,https://www.valueresearchonline.com/funds/14718/,8,4,3,4,2,21,Moderate Risk,Average
UTI Banking and Financial Services Reg,equity,equity,Regular,3.07,13.55,12.34,BSE Bankex TRI,4.56,10.36,11.6,4.26,0.89,0.44,15.57,12.75,2.02,INF789F01372,102401,25,https://www.valueresearchonline.com/funds/2144/,12,4,3,4,4,27,Low Risk,Good
UTI Nifty Bank ETF,equity,equity,Regular,4.43,10.25,11.57,BSE Bankex TRI,4.56,10.36,11.6,0.03,1,0.18,16.41,8.84,1.43,INF789F1AUV1,148173,14,https://www.valueresearchonline.com/funds/41106/,8,4,2,4,2,20,Moderate Risk,Average
UTI Nifty Private Bank Index Reg,equity,equity,Regular,0.43,,,BSE Bankex TRI,4.56,,,,,,,,,INF789F1AZI7,152865,10,https://www.valueresearchonline.com/funds/44545/,1,1,1,1,1,5,High Risk,Poor
WhiteOak Capital Banking & Financial Services Reg,equity,equity,Regular,3.95,,,BSE Bankex TRI,4.56,,,,,,,,,INF03VN01852,152322,25,https://www.valueresearchonline.com/funds/44044/,1,1,1,1,1,5,High Risk,Poor
ABSL Pharma & Healthcare Reg,equity,equity,Regular,12.38,22.24,12.92,BSE Healthcare TRI,10.7,24.4,14.6,-0.6,0.92,1.05,16.12,22.75,1.87,INF209KB1N91,147407,25,https://www.valueresearchonline.com/funds/40005/,4,10,2,4,3,23,Moderate Risk,Average
Bajaj Finserv Healthcare Reg,equity,equity,Regular,11.01,,,BSE Healthcare TRI,10.7,,,,,,,,,INF0QA701987,153155,25,https://www.valueresearchonline.com/funds/44772/,1,1,1,1,1,5,High Risk,Poor
Bandhan BSE Healthcare Index Reg,equity,equity,Regular,9.44,,,BSE Healthcare TRI,10.7,,,,,,,,,INF194KB1IR4,152843,25,https://www.valueresearchonline.com/funds/44511/,1,1,1,1,1,5,High Risk,Poor
Bandhan Healthcare Reg,equity,equity,Regular,,,,BSE Healthcare TRI,,,,,,,,,,INF194KB1KC2,153974,25,https://www.valueresearchonline.com/funds/45546/,1,1,1,1,1,5,High Risk,Poor
Baroda BNP Paribas Health and Wellness Reg,equity,equity,Regular,,,,BSE Healthcare TRI,,,,,,,,,,INF251K01UY7,153602,25,https://www.valueresearchonline.com/funds/45231/,1,1,1,1,1,5,High Risk,Poor
DSP Healthcare Reg,equity,equity,Regular,8.31,20.96,14.18,BSE Healthcare TRI,10.7,24.4,14.6,-0.5,0.86,1.02,15.56,21.67,1.71,INF740KA1LD8,145456,25,https://www.valueresearchonline.com/funds/38197/,4,10,3,4,3,24,Moderate Risk,Average
DSP Nifty Healthcare Index Reg,equity,equity,Regular,,,,BSE Healthcare TRI,,,,,,,,,,INF740KA1WC7,153592,20,https://www.valueresearchonline.com/funds/45210/,1,1,1,1,1,5,High Risk,Poor
Edelweiss MSCI India Domestic & World Healthcare 45 Index Reg,equity,equity,Regular,14.29,18.55,12.38,BSE Healthcare TRI,10.7,24.4,14.6,1.03,0.66,1.09,12.53,19.55,2.48,INF754K01LR3,148557,25,https://www.valueresearchonline.com/funds/41145/,8,10,4,6,4,32,Low Risk,Good
Groww BSE Hospitals ETF FoF Reg,equity,equity,Regular,,,,BSE Healthcare TRI,,,,,,,,,,INF666M01OA5,154223,1,https://www.valueresearchonline.com/funds/45816/,1,1,1,1,1,5,High Risk,Poor
HDFC Pharma And Healthcare Reg,equity,equity,Regular,20.26,,,BSE Healthcare TRI,10.7,,,,,,,,,INF903J01IN3,100784,25,https://www.valueresearchonline.com/funds/43784/,1,1,1,1,1,5,High Risk,Poor
ICICI Pru Nifty Pharma Index,equity,equity,Regular,12.1,21.56,,BSE Healthcare TRI,10.7,24.4,,-1.37,0.95,1,16.82,22.62,1.8,INF109KC18L6,150929,20,https://www.valueresearchonline.com/funds/42838/,4,10,2,4,3,23,Moderate Risk,Average
ICICI Pru Pharma Healthcare and Diagnostics,equity,equity,Regular,7.55,25.51,15.72,BSE Healthcare TRI,10.7,24.4,14.6,1.59,0.96,1.18,16.86,25.79,1.73,INF109KC1GG4,143875,25,https://www.valueresearchonline.com/funds/36528/,8,10,2,4,3,27,Low Risk,Good
ITI Pharma and Healthcare Reg,equity,equity,Regular,4.09,18.47,,BSE Healthcare TRI,10.7,24.4,,-4.7,0.97,0.82,16.77,19.59,1.21,INF00XX01BL5,149270,25,https://www.valueresearchonline.com/funds/41791/,2,8,2,4,2,18,Moderately High Risk,Average
Kotak Healthcare Reg,equity,equity,Regular,17.54,,,BSE Healthcare TRI,10.7,,,,,,,,,INF174KA1PW4,152216,25,https://www.valueresearchonline.com/funds/43894/,1,1,1,1,1,5,High Risk,Poor
LIC MF Healthcare Reg,equity,equity,Regular,8.27,20.83,10.77,BSE Healthcare TRI,10.7,24.4,14.6,-1.64,0.93,0.98,16.34,21.94,1.5,INF397L01LG2,152025,23,https://www.valueresearchonline.com/funds/39049/,4,8,2,4,3,21,Moderate Risk,Average
Mirae Asset Healthcare Reg,equity,equity,Regular,12.74,23.42,14.36,BSE Healthcare TRI,10.7,24.4,14.6,-0.47,0.97,1.07,16.87,23.92,1.75,INF769K01EA2,143785,25,https://www.valueresearchonline.com/funds/36380/,4,10,2,4,3,23,Moderate Risk,Average
Motilal Oswal Nifty MidSmall Helthcr Index Reg,equity,equity,Regular,13.55,,,BSE Healthcare TRI,10.7,,,,,,,,,INF247L01DT9,153022,25,https://www.valueresearchonline.com/funds/44675/,1,1,1,1,1,5,High Risk,Poor
Nippon India Nifty Pharma ETF,equity,equity,Regular,13.15,22.94,,BSE Healthcare TRI,10.7,24.4,,-0.27,0.95,1.06,16.88,23.79,1.9,INF204KC1089,149008,20,https://www.valueresearchonline.com/funds/41539/,4,10,2,4,3,23,Moderate Risk,Average
Nippon India Pharma Reg,equity,equity,Regular,6.55,20.72,12.97,BSE Healthcare TRI,10.7,24.4,14.6,-1.33,0.9,1,15.78,21.71,1.65,INF204KC1FP1,153692,25,https://www.valueresearchonline.com/funds/2241/,4,10,3,4,3,24,Moderate Risk,Average
PGIM India Healthcare Reg,equity,equity,Regular,13.61,,,BSE Healthcare TRI,10.7,,,,,,,,,INF663L01Z52,153040,25,https://www.valueresearchonline.com/funds/44691/,1,1,1,1,1,5,High Risk,Poor
Quant Healthcare Reg,equity,equity,Regular,7.54,,,BSE Healthcare TRI,10.7,,,,,,,,,INF966L01CG3,151855,11,https://www.valueresearchonline.com/funds/43608/,1,1,1,1,1,5,High Risk,Poor
SBI Healthcare Opportunities Reg,equity,equity,Regular,12.71,23.83,16.16,BSE Healthcare TRI,10.7,24.4,14.6,1.25,0.85,1.18,14.8,23.36,2.02,INF200K01446,102823,25,https://www.valueresearchonline.com/funds/632/,8,10,3,5,4,30,Low Risk,Good
Tata India Pharma & Healthcare Reg,equity,equity,Regular,7.11,21.21,13.68,BSE Healthcare TRI,10.7,24.4,14.6,-2.76,0.99,0.94,17.1,21.98,1.61,INF277K016A9,135812,25,https://www.valueresearchonline.com/funds/31350/,2,8,2,4,3,19,Moderately High Risk,Average
Tata Nifty MidSmall Healthcare Index Reg,equity,equity,Regular,13.45,,,BSE Healthcare TRI,10.7,,,,,,,,,INF277KA1BD0,152567,25,https://www.valueresearchonline.com/funds/44273/,1,1,1,1,1,5,High Risk,Poor
UTI Healthcare Reg,equity,equity,Regular,12.08,25.24,14.59,BSE Healthcare TRI,10.7,24.4,14.6,0.95,0.96,1.15,16.64,25.06,1.81,INF789F01695,100807,25,https://www.valueresearchonline.com/funds/654/,8,10,2,4,3,27,Low Risk,Good
WhiteOak Capital Pharma and Healthcare Reg,equity,equity,Regular,16.1,,,BSE Healthcare TRI,10.7,,,,,,,,,INF03VN01878,152348,25,https://www.valueresearchonline.com/funds/44060/,1,1,1,1,1,5,High Risk,Poor
ABSL Digital India Reg,equity,equity,Regular,-16.62,5.3,5.46,BSE IT TRI,-26.05,0.67,1.02,4.01,0.86,0.09,19.33,7.58,,INF209K01140,103168,25,https://www.valueresearchonline.com/funds/727/,12,4,1,4,1,22,Moderate Risk,Average
Axis Nifty IT Index Reg,equity,equity,Regular,-26.19,,,BSE IT TRI,-26.05,,,,,,,,,INF846K010S6,151787,10,https://www.valueresearchonline.com/funds/43612/,1,1,1,1,1,5,High Risk,Poor
Bandhan Nifty IT Index Reg,equity,equity,Regular,-26.31,,,BSE IT TRI,-26.05,,,,,,,,,INF194KB1GI7,152044,10,https://www.valueresearchonline.com/funds/43726/,1,1,1,1,1,5,High Risk,Poor
DSP Nifty IT ETF,equity,equity,Regular,-25.47,,,BSE IT TRI,-26.05,,,,,,,,,INF740KA1SX1,151820,10,https://www.valueresearchonline.com/funds/43573/,1,1,1,1,1,5,High Risk,Poor
DSP Nifty IT Index Reg,equity,equity,Regular,,,,BSE IT TRI,,,,,,,,,,INF740KA1WI4,153588,10,https://www.valueresearchonline.com/funds/45206/,1,1,1,1,1,5,High Risk,Poor
Edelweiss Technology Reg,equity,equity,Regular,1.98,,,BSE IT TRI,-26.05,,,,,,,,,INF754K01SG1,152439,25,https://www.valueresearchonline.com/funds/44120/,1,1,1,1,1,5,High Risk,Poor
Franklin India Technology Reg,equity,equity,Regular,-13.82,11.47,8.24,BSE IT TRI,-26.05,0.67,1.02,10.02,0.75,0.44,18.21,13.9,,INF090I01BB1,100538,22,https://www.valueresearchonline.com/funds/548/,12,4,1,5,1,23,Moderate Risk,Average
HDFC NIFTY IT ETF,equity,equity,Regular,-25.54,1.75,,BSE IT TRI,-26.05,0.67,,1.1,1.01,-0.07,22.22,4.26,-0.04,INF179KC1IA8,150801,10,https://www.valueresearchonline.com/funds/42716/,8,1,1,3,1,14,Moderately High Risk,Average
HDFC Nifty India Digital Index Reg,equity,equity,Regular,-12.57,,,BSE IT TRI,-26.05,,,,,,,,,INF179KC1JA6,153096,25,https://www.valueresearchonline.com/funds/44756/,1,1,1,1,1,5,High Risk,Poor
HDFC Technology Reg,equity,equity,Regular,-21.19,,,BSE IT TRI,-26.05,,,,,,,,,INF767K01SG3,154247,25,https://www.valueresearchonline.com/funds/43754/,1,1,1,1,1,5,High Risk,Poor
ICICI Pru Nifty IT Index,equity,equity,Regular,-26.11,1.04,,BSE IT TRI,-26.05,0.67,,0.39,1.01,-0.1,22.18,3.56,,INF109KC11E6,150467,10,https://www.valueresearchonline.com/funds/42403/,8,1,1,3,1,14,Moderately High Risk,Average
ICICI Pru Technology,equity,equity,Regular,-16.45,7.71,6.25,BSE IT TRI,-26.05,0.67,1.02,5.73,0.84,0.19,18.84,9.35,,INF109K01FO9,115294,25,https://www.valueresearchonline.com/funds/737/,12,4,1,5,1,23,Moderate Risk,Average
Invesco India Tech Reg,equity,equity,Regular,-4.26,,,BSE IT TRI,-26.05,,,,,,,,,INF205KA1940,152861,25,https://www.valueresearchonline.com/funds/44541/,1,1,1,1,1,5,High Risk,Poor
Kotak Nifty IT ETF,equity,equity,Regular,-25.3,1.94,2.02,BSE IT TRI,-26.05,0.67,1.02,1.25,1.01,-0.07,22.22,4.42,-0.03,INF174KA1GC5,148763,10,https://www.valueresearchonline.com/funds/41345/,8,1,1,3,1,14,Moderately High Risk,Average
Kotak Technology Reg,equity,equity,Regular,-18.23,,,BSE IT TRI,-26.05,,,,,,,,,INF174KA1QW2,152460,24,https://www.valueresearchonline.com/funds/44162/,1,1,1,1,1,5,High Risk,Poor
LIC MF Technology Reg,equity,equity,Regular,,,,BSE IT TRI,,,,,,,,,,INF767K01SI9,154246,25,https://www.valueresearchonline.com/funds/45853/,1,1,1,1,1,5,High Risk,Poor
Motilal Oswal Digital India Reg,equity,equity,Regular,-10.7,,,BSE IT TRI,-26.05,,,,,,,,,INF247L01DQ5,152966,25,https://www.valueresearchonline.com/funds/44640/,1,1,1,1,1,5,High Risk,Poor
Navi Nifty IT Index Reg,equity,equity,Regular,-26.12,,,BSE IT TRI,-26.05,,,,,,,,,INF959L01HL7,152536,10,https://www.valueresearchonline.com/funds/44232/,1,1,1,1,1,5,High Risk,Poor
Nippon India Nifty IT Index Reg,equity,equity,Regular,-26.12,,,BSE IT TRI,-26.05,,,,,,,,,INF204KC1CC6,152393,10,https://www.valueresearchonline.com/funds/44108/,1,1,1,1,1,5,High Risk,Poor
Quant Teck Reg,equity,equity,Regular,-14.86,,,BSE IT TRI,-26.05,,,,,,,,,INF966L01CQ2,152070,12,https://www.valueresearchonline.com/funds/43760/,1,1,1,1,1,5,High Risk,Poor
SBI Nifty IT Index Reg,equity,equity,Regular,-26.06,,,BSE IT TRI,-26.05,,,,,,,,,INF200KB1597,153323,10,https://www.valueresearchonline.com/funds/44958/,1,1,1,1,1,5,High Risk,Poor
SBI Technology Opportunities Reg,equity,equity,Regular,-15.36,8.41,8.46,BSE IT TRI,-26.05,0.67,1.02,6.24,0.77,0.24,17.42,10.07,,INF200K01VS4,120577,25,https://www.valueresearchonline.com/funds/631/,12,4,2,5,1,24,Moderate Risk,Average
Tata Digital India Reg,equity,equity,Regular,-19.45,6.28,5.87,BSE IT TRI,-26.05,0.67,1.02,4.53,0.89,0.11,19.79,8.03,,INF277K01Z44,135797,25,https://www.valueresearchonline.com/funds/31366/,12,4,1,4,1,22,Moderate Risk,Average
Tata Nifty India Digital ETF FoF Reg,equity,equity,Regular,-11.96,10.44,,BSE IT TRI,-26.05,0.67,,9.06,0.75,0.38,18.59,12.95,,INF277KA1489,150343,1,https://www.valueresearchonline.com/funds/42254/,12,4,1,5,1,23,Moderate Risk,Average
WhiteOak Capital Digital Bharat Reg,equity,equity,Regular,-9.23,,,BSE IT TRI,-26.05,,,,,,,,,INF03VN01944,152914,25,https://www.valueresearchonline.com/funds/44575/,1,1,1,1,1,5,High Risk,Poor
ABSL Nifty Smallcap 50 Index Reg,equity,equity,Regular,3.84,22.95,13.29,BSE 250 SmallCap TRI,3.07,18,16.63,3.99,1.02,0.78,22.99,23.87,1.47,INF209KB1V83,148811,25,https://www.valueresearchonline.com/funds/41387/,10,8,1,3,2,24,Moderate Risk,Average
ABSL Small Cap Reg,equity,equity,Regular,10.05,16.99,14.07,BSE 250 SmallCap TRI,3.07,18,16.63,-0.05,0.89,0.61,20.23,18.13,1.09,INF209K01EO0,105805,25,https://www.valueresearchonline.com/funds/5006/,4,6,1,4,2,17,Moderately High Risk,Average
Abakkus Small Cap Reg,equity,equity,Regular,,,,BSE 250 SmallCap TRI,,,,,,,,,,INF2JJD01185,154214,25,https://www.valueresearchonline.com/funds/45862/,1,1,1,1,1,5,High Risk,Poor
Axis Nifty Smallcap 50 Index Reg,equity,equity,Regular,3.76,22.8,,BSE 250 SmallCap TRI,3.07,18,,3.91,1.01,0.78,22.84,23.69,1.47,INF846K016H6,149896,25,https://www.valueresearchonline.com/funds/42116/,10,8,1,3,2,24,Moderate Risk,Average
Axis Small Cap Reg,equity,equity,Regular,4.92,15.57,17.26,BSE 250 SmallCap TRI,3.07,18,16.63,0.23,0.74,0.62,16.84,16.33,1.08,INF846K01K01,125350,25,https://www.valueresearchonline.com/funds/22333/,8,6,2,5,2,23,Moderate Risk,Average
Bajaj Finserv Small Cap Reg,equity,equity,Regular,,,,BSE 250 SmallCap TRI,,,,,,,,,,INF0QA701BK8,153609,25,https://www.valueresearchonline.com/funds/45269/,1,1,1,1,1,5,High Risk,Poor
Bandhan Nifty Smallcap 250 Index Reg,equity,equity,Regular,2.21,,,BSE 250 SmallCap TRI,3.07,,,,,,,,,INF194KB1HD6,152266,25,https://www.valueresearchonline.com/funds/43956/,1,1,1,1,1,5,High Risk,Poor
Bandhan Small Cap Reg,equity,equity,Regular,6.65,27.45,20.5,BSE 250 SmallCap TRI,3.07,18,16.63,8.95,0.92,1.04,20.85,27.52,1.87,INF194KB1AJ8,147944,25,https://www.valueresearchonline.com/funds/40562/,12,10,1,4,3,30,Low Risk,Good
Bank of India Small Cap Reg,equity,equity,Regular,16.46,21.58,19.74,BSE 250 SmallCap TRI,3.07,18,16.63,3.32,0.94,0.74,21.84,22.14,0.96,INF761K01ER3,145677,25,https://www.valueresearchonline.com/funds/38281/,10,6,1,4,1,22,Moderate Risk,Average
Baroda BNP Paribas Small Cap Reg,equity,equity,Regular,3.81,,,BSE 250 SmallCap TRI,3.07,,,,,,,,,INF251K01SO2,152130,25,https://www.valueresearchonline.com/funds/43793/,1,1,1,1,1,5,High Risk,Poor
Canara Robeco Small Cap Reg,equity,equity,Regular,2.23,13.68,16.66,BSE 250 SmallCap TRI,3.07,18,16.63,-1.88,0.8,0.51,18.08,15.01,0.88,INF760K01JF9,146127,25,https://www.valueresearchonline.com/funds/38815/,4,6,1,5,1,17,Moderately High Risk,Average
DSP Nifty Smallcap 250 Index Reg,equity,equity,Regular,,,,BSE 250 SmallCap TRI,,,,,,,,,,INF740KA1XE1,154016,25,https://www.valueresearchonline.com/funds/45655/,1,1,1,1,1,5,High Risk,Poor
DSP Nifty Smallcap250 Quality 50 Index Reg,equity,equity,Regular,-7.54,,,BSE 250 SmallCap TRI,3.07,,,,,,,,,INF740KA1TT7,152245,25,https://www.valueresearchonline.com/funds/43939/,1,1,1,1,1,5,High Risk,Poor
DSP Small Cap Reg,equity,equity,Regular,8.18,18.43,18.31,BSE 250 SmallCap TRI,3.07,18,16.63,1.41,0.93,0.66,21.49,20.05,1.21,INF740K01797,105989,25,https://www.valueresearchonline.com/funds/5069/,8,6,1,4,2,21,Moderate Risk,Average
Edelweiss Nifty Smallcap 250 Index Reg,equity,equity,Regular,2.47,18.4,,BSE 250 SmallCap TRI,3.07,18,,0.35,1,0.64,22.19,19.97,1.1,INF754K01QP6,150894,25,https://www.valueresearchonline.com/funds/42806/,8,6,1,4,2,21,Moderate Risk,Average
Edelweiss Small Cap Reg,equity,equity,Regular,5.25,17.17,17.62,BSE 250 SmallCap TRI,3.07,18,16.63,1.02,0.81,0.66,18.33,18.05,1.18,INF754K01JJ4,146193,25,https://www.valueresearchonline.com/funds/38849/,8,6,1,5,2,22,Moderate Risk,Average
Franklin India Small Cap Reg,equity,equity,Regular,1.95,16.41,18.3,BSE 250 SmallCap TRI,3.07,18,16.63,-0.5,0.89,0.58,20.36,17.68,1.04,INF761K01ER3,145677,25,https://www.valueresearchonline.com/funds/3019/,4,6,1,4,2,17,Moderately High Risk,Average
Groww Nifty Smallcap 250 Index Reg,equity,equity,Regular,2.39,,,BSE 250 SmallCap TRI,3.07,,,,,,,,,INF666M01HV5,152433,25,https://www.valueresearchonline.com/funds/44154/,1,1,1,1,1,5,High Risk,Poor
Groww Small Cap Fund Reg,equity,equity,Regular,,,,BSE 250 SmallCap TRI,,,,,,,,,,INF666M01NM2,154102,25,https://www.valueresearchonline.com/funds/45695/,1,1,1,1,1,5,High Risk,Poor
HDFC Nifty Smallcap 250 Index Reg,equity,equity,Regular,2.36,18.23,,BSE 250 SmallCap TRI,3.07,18,,0.16,1,0.63,22.21,19.8,,INF740KA1XF8,154017,25,https://www.valueresearchonline.com/funds/43483/,8,6,1,4,1,20,Moderate Risk,Average
HDFC Small Cap Reg,equity,equity,Regular,0.35,13.87,16.54,BSE 250 SmallCap TRI,3.07,18,16.63,-1.77,0.79,0.5,17.98,14.94,1.24,INF917K01QB9,151131,25,https://www.valueresearchonline.com/funds/6770/,4,6,2,5,2,19,Moderately High Risk,Average
HSBC Small Cap Reg,equity,equity,Regular,5.29,16.56,18.8,BSE 250 SmallCap TRI,3.07,18,16.63,-1.32,0.97,0.55,21.89,17.87,0.79,INF917K01QC7,151133,25,https://www.valueresearchonline.com/funds/26131/,4,6,1,4,1,16,Moderately High Risk,Average
Helios Small Cap Reg,equity,equity,Regular,,,,BSE 250 SmallCap TRI,,,,,,,,,,INF0R8701350,153909,25,https://www.valueresearchonline.com/funds/45557/,1,1,1,1,1,5,High Risk,Poor
ICICI Pru Nifty Smallcap 250 Index,equity,equity,Regular,2.26,18.23,,BSE 250 SmallCap TRI,3.07,18,,0.21,1,0.63,22.19,19.83,1.09,INF846K010D8,149242,25,https://www.valueresearchonline.com/funds/41787/,8,6,1,4,2,21,Moderate Risk,Average
ICICI Pru Smallcap,equity,equity,Regular,3.12,13.3,15.75,BSE 250 SmallCap TRI,3.07,18,16.63,-2.08,0.79,0.49,18.08,14.66,1.06,INF109K01BI0,106823,25,https://www.valueresearchonline.com/funds/5646/,2,4,1,5,2,14,Moderately High Risk,Average
ITI Small Cap Reg,equity,equity,Regular,10.62,23.87,16.21,BSE 250 SmallCap TRI,3.07,18,16.63,6.05,0.86,0.91,19.75,23.79,1.29,INF00XX01713,147920,25,https://www.valueresearchonline.com/funds/40530/,12,8,1,4,2,27,Low Risk,Good
Invesco India Smallcap Reg,equity,equity,Regular,10.46,23.01,20.62,BSE 250 SmallCap TRI,3.07,18,16.63,4.85,0.83,0.84,19.39,22.23,1.24,INF205K011T7,145139,25,https://www.valueresearchonline.com/funds/37841/,12,8,1,5,2,28,Low Risk,Good
JM Small Cap Reg,equity,equity,Regular,9.47,,,BSE 250 SmallCap TRI,3.07,,,,,,,,,INF192K01NE0,152612,25,https://www.valueresearchonline.com/funds/44311/,1,1,1,1,1,5,High Risk,Poor
Kotak Nifty Smallcap 250 Index Reg,equity,equity,Regular,2.44,,,BSE 250 SmallCap TRI,3.07,,,,,,,,,INF174KA1UN3,153221,25,https://www.valueresearchonline.com/funds/44866/,1,1,1,1,1,5,High Risk,Poor
Kotak Nifty Smallcap 50 Index Reg,equity,equity,Regular,3.6,22.94,,BSE 250 SmallCap TRI,3.07,18,,3.93,1.02,0.78,22.99,23.8,,INF174KA1MY7,151647,25,https://www.valueresearchonline.com/funds/43355/,10,8,1,3,1,23,Moderate Risk,Average
Kotak Small Cap Reg,equity,equity,Regular,0.6,13.04,13.75,BSE 250 SmallCap TRI,3.07,18,16.63,-2.76,0.85,0.46,19.66,14.87,0.8,INF178L01BO1,133782,25,https://www.valueresearchonline.com/funds/2597/,2,4,1,5,1,13,Moderately High Risk,Average
LIC MF Small Cap Reg,equity,equity,Regular,10.28,17.27,18.36,BSE 250 SmallCap TRI,3.07,18,16.63,0.26,0.93,0.61,21.53,18.9,0.71,INF397L01JW3,152003,25,https://www.valueresearchonline.com/funds/34270/,8,6,1,4,1,20,Moderate Risk,Average
Mahindra Manulife Small Cap Reg,equity,equity,Regular,10.63,22.05,,BSE 250 SmallCap TRI,3.07,18,,4.25,0.88,0.82,19.94,22.24,1.3,INF174V01BH3,150912,25,https://www.valueresearchonline.com/funds/42797/,12,8,1,4,2,27,Low Risk,Good
Mirae Asset Nifty Smallcap 250 Momentum Quality 100 ETF FoF Reg,equity,equity,Regular,-2.59,,,BSE 250 SmallCap TRI,3.07,,,,,,,,,INF769K01LD1,152457,1,https://www.valueresearchonline.com/funds/44092/,1,1,1,1,1,5,High Risk,Poor
Mirae Asset Small Cap Reg,equity,equity,Regular,7.01,,,BSE 250 SmallCap TRI,3.07,,,,,,,,,INF769K01NG0,153198,25,https://www.valueresearchonline.com/funds/44822/,1,1,1,1,1,5,High Risk,Poor
Motilal Oswal Nifty Microcap 250 Index Reg,equity,equity,Regular,4.21,,,BSE 250 SmallCap TRI,3.07,,,,,,,,,INF247L01BR7,151815,25,https://www.valueresearchonline.com/funds/43574/,1,1,1,1,1,5,High Risk,Poor
Motilal Oswal Nifty Smallcap 250 ETF,equity,equity,Regular,3.03,,,BSE 250 SmallCap TRI,3.07,,,,,,,,,INF247L01CH6,152546,25,https://www.valueresearchonline.com/funds/44249/,1,1,1,1,1,5,High Risk,Poor
Motilal Oswal Nifty Smallcap 250 Index Reg,equity,equity,Regular,2.2,18.34,15.74,BSE 250 SmallCap TRI,3.07,18,16.63,0.29,1,0.63,22.28,19.97,1.1,INF247L01924,147624,25,https://www.valueresearchonline.com/funds/40243/,8,6,1,4,2,21,Moderate Risk,Average
Motilal Oswal Small Cap Reg,equity,equity,Regular,13.48,,,BSE 250 SmallCap TRI,3.07,,,,,,,,,INF247L01BV9,152232,25,https://www.valueresearchonline.com/funds/43943/,1,1,1,1,1,5,High Risk,Poor
Navi Nifty Smallcap250 Momentum Quality 100 Index Reg,equity,equity,Regular,-2.57,,,BSE 250 SmallCap TRI,3.07,,,,,,,,,INF959L01HP8,153363,25,https://www.valueresearchonline.com/funds/45018/,1,1,1,1,1,5,High Risk,Poor
Nippon India Nifty Smallcap 250 Index Reg,equity,equity,Regular,2.27,17.99,15.57,BSE 250 SmallCap TRI,3.07,18,16.63,0.02,1,0.62,22.17,19.63,1.08,INF204KB12W7,148518,25,https://www.valueresearchonline.com/funds/41129/,8,6,1,4,2,21,Moderate Risk,Average
Nippon India Small Cap Reg,equity,equity,Regular,6.84,18.64,20.79,BSE 250 SmallCap TRI,3.07,18,16.63,1.73,0.87,0.7,19.55,19.58,1.24,INF204KC1097,149089,25,https://www.valueresearchonline.com/funds/11463/,8,6,1,4,2,21,Moderate Risk,Average
PGIM India Small Cap Reg,equity,equity,Regular,9.55,15.53,,BSE 250 SmallCap TRI,3.07,18,,-0.66,0.75,0.56,17.39,15.6,0.83,INF663L01W30,149020,25,https://www.valueresearchonline.com/funds/41575/,4,6,2,5,1,18,Moderately High Risk,Average
Quant Small Cap Reg,equity,equity,Regular,10.12,20.03,20.3,BSE 250 SmallCap TRI,3.07,18,16.63,2.75,0.89,0.73,20.53,20.88,1.17,INF966L01AA0,100177,25,https://www.valueresearchonline.com/funds/66/,10,6,1,4,2,23,Moderate Risk,Average
Quantum Small Cap Reg,equity,equity,Regular,6.81,,,BSE 250 SmallCap TRI,3.07,,,,,,,,,INF082J01440,152108,25,https://www.valueresearchonline.com/funds/43813/,1,1,1,1,1,5,High Risk,Poor
SBI Nifty Smallcap 250 Index Reg,equity,equity,Regular,2.39,18.34,,BSE 250 SmallCap TRI,3.07,18,,0.28,1,0.63,22.26,19.95,1.1,INF200KA13P9,150676,25,https://www.valueresearchonline.com/funds/42579/,8,6,1,4,2,21,Moderate Risk,Average
SBI Small Cap Reg,equity,equity,Regular,2.35,12.51,14.24,BSE 250 SmallCap TRI,3.07,18,16.63,-2.99,0.75,0.43,17.1,13.28,0.73,INF200K01T28,125494,25,https://www.valueresearchonline.com/funds/10603/,2,4,2,5,1,14,Moderately High Risk,Average
Samco Small Cap Reg,equity,equity,Regular,,,,BSE 250 SmallCap TRI,,,,,,,,,,INF0K1H01305,153869,25,https://www.valueresearchonline.com/funds/45539/,1,1,1,1,1,5,High Risk,Poor
Sundaram Small Cap Reg,equity,equity,Regular,12.47,19.25,18.52,BSE 250 SmallCap TRI,3.07,18,16.63,1.97,0.86,0.7,19.65,19.71,1.18,INF903J01470,100795,25,https://www.valueresearchonline.com/funds/2599/,8,6,1,4,2,21,Moderate Risk,Average
TRUST MF Small Cap Reg,equity,equity,Regular,22.58,,,BSE 250 SmallCap TRI,3.07,,,,,,,,,INF0GCD01776,152940,25,https://www.valueresearchonline.com/funds/44591/,1,1,1,1,1,5,High Risk,Poor
Tata Small Cap Reg,equity,equity,Regular,-6.11,11.94,15.02,BSE 250 SmallCap TRI,3.07,18,16.63,-4.83,0.86,0.35,19.91,12.86,0.71,INF277K015O2,145208,25,https://www.valueresearchonline.com/funds/37989/,2,4,1,4,1,12,High Risk,Poor
The Wealth Company Small Cap Reg,equity,equity,Regular,,,,BSE 250 SmallCap TRI,,,,,,,,,,INF2F0001503,154268,25,https://www.valueresearchonline.com/funds/45894/,1,1,1,1,1,5,High Risk,Poor
UTI Small Cap Reg,equity,equity,Regular,3.54,15.86,16.14,BSE 250 SmallCap TRI,3.07,18,16.63,-0.83,0.86,0.56,19.75,16.95,0.95,INF789F1AUO6,148617,25,https://www.valueresearchonline.com/funds/41231/,4,6,1,4,1,16,Moderately High Risk,Average
Union Small Cap Reg,equity,equity,Regular,18.02,19.13,18.05,BSE 250 SmallCap TRI,3.07,18,16.63,2.61,0.84,0.72,19.78,20.07,1.01,INF582M01BY1,129647,25,https://www.valueresearchonline.com/funds/26858/,10,6,1,5,2,24,Moderate Risk,Average
ABSL Conglomerate Reg,equity,equity,Regular,2.65,,,BSE 500 TRI,1.84,,,,,,,,,INF209KC1399,153127,25,https://www.valueresearchonline.com/funds/44786/,1,1,1,1,1,5,High Risk,Poor
ABSL Nifty India Defence Index Reg,equity,equity,Regular,6.7,,,BSE 500 TRI,1.84,,,,,,,,,INF209KC1159,152800,19,https://www.valueresearchonline.com/funds/44487/,1,1,1,1,1,5,High Risk,Poor
ABSL Special Opportunities Reg,equity,equity,Regular,15.45,20.37,15.17,BSE 500 TRI,1.84,13.36,12.53,5.9,0.97,0.89,15.34,19.52,1.72,INF209KB1T46,148537,25,https://www.valueresearchonline.com/funds/41141/,12,8,3,4,3,30,Low Risk,Good
Axis BSE India Sector Leaders Index Reg,equity,equity,Regular,,,,BSE 500 TRI,,,,,,,,,,INF846KA1416,154170,25,https://www.valueresearchonline.com/funds/45781/,1,1,1,1,1,5,High Risk,Poor
Axis Momentum Reg,equity,equity,Regular,-3.51,,,BSE 500 TRI,1.84,,,,,,,,,INF846K010Z1,153085,25,https://www.valueresearchonline.com/funds/44766/,1,1,1,1,1,5,High Risk,Poor
Axis Multi Factor Passive FoF Reg,equity,equity,Regular,4.62,11.45,,BSE 500 TRI,1.84,13.36,,-1.31,0.95,0.42,14.94,12.19,0.94,INF846K014G3,149844,4,https://www.valueresearchonline.com/funds/42078/,4,4,3,4,1,16,Moderately High Risk,Average
Axis Services Opportunities Reg,equity,equity,Regular,,,,BSE 500 TRI,,,,,,,,,,INF846KA1135,153621,25,https://www.valueresearchonline.com/funds/45322/,1,1,1,1,1,5,High Risk,Poor
Bandhan BSE India Sector Leaders Index Reg,equity,equity,Regular,,,,BSE 500 TRI,,,,,,,,,,INF194KB1KA6,153839,25,https://www.valueresearchonline.com/funds/45460/,1,1,1,1,1,5,High Risk,Poor
Bandhan Multi-Factor Reg,equity,equity,Regular,,,,BSE 500 TRI,,,,,,,,,,INF194KB1JU6,153721,25,https://www.valueresearchonline.com/funds/45332/,1,1,1,1,1,5,High Risk,Poor
Baroda BNP Paribas Business Conglomerates Reg,equity,equity,Regular,,,,BSE 500 TRI,,,,,,,,,,INF251K01VG2,153844,25,https://www.valueresearchonline.com/funds/45456/,1,1,1,1,1,5,High Risk,Poor
Edelweiss BSE Internet Economy Index Reg,equity,equity,Regular,1.08,,,BSE 500 TRI,1.84,,,,,,,,,INF754K01VB6,153495,20,https://www.valueresearchonline.com/funds/45127/,1,1,1,1,1,5,High Risk,Poor
Edelweiss Recently Listed IPO Reg,equity,equity,Regular,19.97,18.42,13.12,BSE 500 TRI,1.84,13.36,12.53,4.39,1.07,0.63,20.59,18.82,0.73,INF754K01MH2,142383,25,https://www.valueresearchonline.com/funds/35232/,12,6,1,3,1,23,Moderate Risk,Average
Franklin India Multi-Factor Reg,equity,equity,Regular,,,,BSE 500 TRI,,,,,,,,,,INF761K01FU4,151445,25,https://www.valueresearchonline.com/funds/45583/,1,1,1,1,1,5,High Risk,Poor
Franklin India Opportunities Reg,equity,equity,Regular,3.87,22.85,19.06,BSE 500 TRI,1.84,13.36,12.53,8.79,1.05,0.97,17.68,23.09,1.93,,134040,25,https://www.valueresearchonline.com/funds/753/,12,8,2,3,3,28,Low Risk,Good
Groww BSE Power ETF FOF Reg,equity,equity,Regular,,,,BSE 500 TRI,,,,,,,,,,INF666M01LQ7,153748,1,https://www.valueresearchonline.com/funds/45371/,1,1,1,1,1,5,High Risk,Poor
Groww Nifty Capital Markets ETF FoF Reg,equity,equity,Regular,,,,BSE 500 TRI,,,,,,,,,,INF666M01MJ0,153918,1,https://www.valueresearchonline.com/funds/45626/,1,1,1,1,1,5,High Risk,Poor
Groww Nifty Chemicals ETF,equity,equity,Regular,,,,BSE 500 TRI,,,,,,,,,,INF666M01NP5,154111,20,https://www.valueresearchonline.com/funds/45751/,1,1,1,1,1,5,High Risk,Poor
Groww Nifty India Defence ETF FoF Reg,equity,equity,Regular,6.53,,,BSE 500 TRI,1.84,,,,,,,,,INF666M01IT7,152927,1,https://www.valueresearchonline.com/funds/44595/,1,1,1,1,1,5,High Risk,Poor
Groww Nifty India Internet ETF FoF Reg,equity,equity,Regular,,,,BSE 500 TRI,,,,,,,,,,INF666M01LF0,153633,1,https://www.valueresearchonline.com/funds/45242/,1,1,1,1,1,5,High Risk,Poor
HDFC BSE India Sector Leaders Index Reg,equity,equity,Regular,,,,BSE 500 TRI,,,,,,,,,,INF179KC1JX8,153958,25,https://www.valueresearchonline.com/funds/45588/,1,1,1,1,1,5,High Risk,Poor
HDFC Defence Reg,equity,equity,Regular,14.91,42.37,,BSE 500 TRI,1.84,13.36,,,,,,,,INF767K01535,105823,23,https://www.valueresearchonline.com/funds/43510/,1,1,1,1,1,5,High Risk,Poor
HDFC Housing Opportunities Reg,equity,equity,Regular,-1.78,14,13.72,BSE 500 TRI,1.84,13.36,12.53,0.82,1.13,0.54,18.47,15.76,1.33,INF277KA1539,150536,25,https://www.valueresearchonline.com/funds/34768/,8,6,1,3,2,20,Moderate Risk,Average
HDFC NIFTY Growth Sectors 15 ETF,equity,equity,Regular,-3.19,6.1,,BSE 500 TRI,1.84,13.36,,-5.07,0.78,0.08,15.06,7.05,0.53,INF179KC1DJ0,150621,15,https://www.valueresearchonline.com/funds/42537/,2,4,3,5,1,15,Moderately High Risk,Average
HDFC NIFTY Realty Index Reg,equity,equity,Regular,-19.14,,,BSE 500 TRI,1.84,,,,,,,,,INF179KC1ID2,152522,10,https://www.valueresearchonline.com/funds/44210/,1,1,1,1,1,5,High Risk,Poor
HSBC India Export Opportunities Reg,equity,equity,Regular,12.01,,,BSE 500 TRI,1.84,,,,,,,,,INF336L01RL7,152830,25,https://www.valueresearchonline.com/funds/44522/,1,1,1,1,1,5,High Risk,Poor
ICICI Pru Active Momentum,equity,equity,Regular,,,,BSE 500 TRI,,,,,,,,,,INF084M01044,132178,25,https://www.valueresearchonline.com/funds/45355/,1,1,1,1,1,5,High Risk,Poor
ICICI Pru Commodities,equity,equity,Regular,17.59,17.98,16.78,BSE 500 TRI,1.84,13.36,12.53,6.59,0.97,0.85,16.83,20.21,1.59,INF109KC1F67,147661,25,https://www.valueresearchonline.com/funds/40304/,12,8,2,4,3,29,Low Risk,Good
ICICI Pru Conglomerate,equity,equity,Regular,,,,BSE 500 TRI,,,,,,,,,,INF109K1A419,153864,25,https://www.valueresearchonline.com/funds/45487/,1,1,1,1,1,5,High Risk,Poor
ICICI Pru Eqt Minimum Variance Fund Reg,equity,equity,Regular,1.05,,,BSE 500 TRI,1.84,,,,,,,,,INF200KA1A48,146644,25,https://www.valueresearchonline.com/funds/44742/,1,1,1,1,1,5,High Risk,Poor
ICICI Pru Exports & Services,equity,equity,Regular,2.63,17.74,16.23,BSE 500 TRI,1.84,13.36,12.53,4.4,0.85,0.83,13.46,17.06,2.14,INF109K01BB5,103312,25,https://www.valueresearchonline.com/funds/2968/,12,8,4,5,4,33,Low Risk,Good
ICICI Pru FMCG,equity,equity,Regular,-11.02,-1.26,7.33,BSE 500 TRI,1.84,13.36,12.53,-12.22,0.86,-0.35,15.4,0.5,-0.09,INF109K01902,102330,25,https://www.valueresearchonline.com/funds/591/,2,1,3,4,1,11,High Risk,Poor
ICICI Pru Housing Opportunities,equity,equity,Regular,2.71,14.79,,BSE 500 TRI,1.84,13.36,,1.89,0.95,0.62,15.27,15.39,1.53,INF109KC18B7,150309,25,https://www.valueresearchonline.com/funds/42248/,8,6,3,4,3,24,Moderate Risk,Average
ICICI Pru India Opportunities,equity,equity,Regular,2.74,18.52,19.42,BSE 500 TRI,1.84,13.36,12.53,6.01,0.82,0.95,13.32,18.45,2.34,INF109KC1RG1,145899,25,https://www.valueresearchonline.com/funds/38583/,12,8,4,5,4,33,Low Risk,Good
ICICI Pru Multi Sector Passive FoF,equity,equity,Regular,4.44,14.97,13.61,BSE 500 TRI,1.84,13.36,12.53,1.86,0.9,0.64,14.07,14.9,1.62,INF109K01DW7,102134,10,https://www.valueresearchonline.com/funds/1935/,8,6,3,4,3,24,Moderate Risk,Average
ICICI Pru Nifty Metal ETF,equity,equity,Regular,43.18,,,BSE 500 TRI,1.84,,,,,,,,,INF109KC19W1,152769,19,https://www.valueresearchonline.com/funds/44461/,1,1,1,1,1,5,High Risk,Poor
ICICI Pru Quality,equity,equity,Regular,2.27,,,BSE 500 TRI,1.84,,,,,,,,,INF109K1A179,153457,25,https://www.valueresearchonline.com/funds/45162/,1,1,1,1,1,5,High Risk,Poor
ICICI Pru Rural Opportunities,equity,equity,Regular,0.55,,,BSE 500 TRI,1.84,,,,,,,,,INF109KC19Y7,153181,25,https://www.valueresearchonline.com/funds/44844/,1,1,1,1,1,5,High Risk,Poor
Kotak Active Momentum Reg,equity,equity,Regular,,,,BSE 500 TRI,,,,,,,,,,INF174KA1XD8,153755,25,https://www.valueresearchonline.com/funds/45387/,1,1,1,1,1,5,High Risk,Poor
Kotak BSE Housing Index Reg,equity,equity,Regular,-4.39,,,BSE 500 TRI,1.84,,,,,,,,,INF174KA1OU1,152038,25,https://www.valueresearchonline.com/funds/43704/,1,1,1,1,1,5,High Risk,Poor
Kotak Multi Factor Passive FoF Reg,equity,equity,Regular,,,,BSE 500 TRI,,,,,,,,,,INF174KA1ZH4,154276,2,https://www.valueresearchonline.com/funds/45898/,1,1,1,1,1,5,High Risk,Poor
Kotak Nifty Commodities Index Reg,equity,equity,Regular,16.9,,,BSE 500 TRI,1.84,,,,,,,,,INF174KA1VH3,153351,25,https://www.valueresearchonline.com/funds/44989/,1,1,1,1,1,5,High Risk,Poor
Kotak Nifty India Tourism Index Reg,equity,equity,Regular,-12.91,,,BSE 500 TRI,1.84,,,,,,,,,INF174KA1TC8,152872,15,https://www.valueresearchonline.com/funds/44537/,1,1,1,1,1,5,High Risk,Poor
Kotak Rural Opportunities Reg,equity,equity,Regular,,,,BSE 500 TRI,,,,,,,,,,INF174KA1XZ1,153969,25,https://www.valueresearchonline.com/funds/45595/,1,1,1,1,1,5,High Risk,Poor
Kotak Services Reg,equity,equity,Regular,,,,BSE 500 TRI,,,,,,,,,,INF174KA1YY2,154151,25,https://www.valueresearchonline.com/funds/45795/,1,1,1,1,1,5,High Risk,Poor
Kotak Special Opportunities Reg,equity,equity,Regular,10.8,,,BSE 500 TRI,1.84,,,,,,,,,INF174KA1SC0,152703,25,https://www.valueresearchonline.com/funds/44380/,1,1,1,1,1,5,High Risk,Poor
Mirae Asset BSE India Defence ETF FoF Reg,equity,equity,Regular,,,,BSE 500 TRI,,,,,,,,,,INF769K01QD0,154189,1,https://www.valueresearchonline.com/funds/45809/,1,1,1,1,1,5,High Risk,Poor
Mirae Asset BSE Select IPO ETF FoF Reg,equity,equity,Regular,-6.86,,,BSE 500 TRI,1.84,,,,,,,,,INF769K01OH6,153387,1,https://www.valueresearchonline.com/funds/45021/,1,1,1,1,1,5,High Risk,Poor
Mirae Asset Multi Factor Passive FoF Reg,equity,equity,Regular,,,,BSE 500 TRI,,,,,,,,,,INF769K01PE0,153818,8,https://www.valueresearchonline.com/funds/45434/,1,1,1,1,1,5,High Risk,Poor
Mirae Asset Nifty Metal ETF FoF Reg,equity,equity,Regular,,,,BSE 500 TRI,,,,,,,,,,INF769K01QJ7,154218,1,https://www.valueresearchonline.com/funds/45831/,1,1,1,1,1,5,High Risk,Poor
Motilal Oswal Active Momentum Reg,equity,equity,Regular,26.5,,,BSE 500 TRI,1.84,,,,,,,,,INF247L01ES9,153365,25,https://www.valueresearchonline.com/funds/45000/,1,1,1,1,1,5,High Risk,Poor
Motilal Oswal Multi Factor Passive FoF Reg,equity,equity,Regular,,,,BSE 500 TRI,,,,,,,,,,INF247L01GU0,154238,4,https://www.valueresearchonline.com/funds/45873/,1,1,1,1,1,5,High Risk,Poor
Motilal Oswal Nifty Capital Market Index Reg,equity,equity,Regular,24.54,,,BSE 500 TRI,1.84,,,,,,,,,INF247L01EC3,153137,17,https://www.valueresearchonline.com/funds/44754/,1,1,1,1,1,5,High Risk,Poor
Motilal Oswal Nifty India Defence Index Reg,equity,equity,Regular,6.91,,,BSE 500 TRI,1.84,,,,,,,,,INF247L01CV7,152711,19,https://www.valueresearchonline.com/funds/44396/,1,1,1,1,1,5,High Risk,Poor
Motilal Oswal Nifty MidSmall IT and Telecom Index Reg,equity,equity,Regular,-7.92,,,BSE 500 TRI,1.84,,,,,,,,,INF247L01DZ6,153028,20,https://www.valueresearchonline.com/funds/44681/,1,1,1,1,1,5,High Risk,Poor
Motilal Oswal Services Reg,equity,equity,Regular,9.7,,,BSE 500 TRI,1.84,,,,,,,,,INF247L01FG1,153561,25,https://www.valueresearchonline.com/funds/45184/,1,1,1,1,1,5,High Risk,Poor
Motilal Oswal Special Opportunities Reg,equity,equity,Regular,,,,BSE 500 TRI,,,,,,,,,,INF247L01FV0,153751,24,https://www.valueresearchonline.com/funds/45391/,1,1,1,1,1,5,High Risk,Poor
Nippon India Active Momentum Reg,equity,equity,Regular,9.61,,,BSE 500 TRI,1.84,,,,,,,,,INF204KC1EH1,153276,25,https://www.valueresearchonline.com/funds/44936/,1,1,1,1,1,5,High Risk,Poor
Nippon India Nifty Realty Index Reg,equity,equity,Regular,-19.21,,,BSE 500 TRI,1.84,,,,,,,,,INF204KC1DV4,153061,10,https://www.valueresearchonline.com/funds/44710/,1,1,1,1,1,5,High Risk,Poor
Quant Commodities Reg,equity,equity,Regular,15.49,,,BSE 500 TRI,1.84,,,,,,,,,INF966L01DC0,152256,14,https://www.valueresearchonline.com/funds/43964/,1,1,1,1,1,5,High Risk,Poor
Quant Momentum Reg,equity,equity,Regular,7.76,,,BSE 500 TRI,1.84,,,,,,,,,INF966L01CW0,152190,15,https://www.valueresearchonline.com/funds/43880/,1,1,1,1,1,5,High Risk,Poor
Quantum Ethical Reg,equity,equity,Regular,-2.74,,,BSE 500 TRI,1.84,,,,,,,,,INF082J01481,153095,25,https://www.valueresearchonline.com/funds/44770/,1,1,1,1,1,5,High Risk,Poor
SBI Comma Reg,equity,equity,Regular,14.92,19,12.7,BSE 500 TRI,1.84,13.36,12.53,6.9,0.99,0.88,16.79,20.65,1.57,INF200K01339,103145,25,https://www.valueresearchonline.com/funds/2812/,12,8,2,4,3,29,Low Risk,Good
SBI Equity Minimum Variance Reg,equity,equity,Regular,1.05,9.64,10.41,BSE 500 TRI,1.84,13.36,12.53,-1.69,0.89,0.37,14.72,11.32,0.85,INF200KA1A48,146644,25,https://www.valueresearchonline.com/funds/39362/,4,4,3,4,1,16,Moderately High Risk,Average
SBI Quality Reg,equity,equity,Regular,,,,BSE 500 TRI,,,,,,,,,,INF200KB1AD3,154175,25,https://www.valueresearchonline.com/funds/45791/,1,1,1,1,1,5,High Risk,Poor
Samco Active Momentum Reg,equity,equity,Regular,1.71,,,BSE 500 TRI,1.84,,,,,,,,,INF0K1H01073,151752,25,https://www.valueresearchonline.com/funds/43514/,1,1,1,1,1,5,High Risk,Poor
Samco Special Opportunities Reg,equity,equity,Regular,2.48,,,BSE 500 TRI,1.84,,,,,,,,,INF0K1H01172,152587,25,https://www.valueresearchonline.com/funds/44279/,1,1,1,1,1,5,High Risk,Poor
Shriram Multi Sector Rotation Reg,equity,equity,Regular,2.42,,,BSE 500 TRI,1.84,,,,,,,,,INF680P01463,153077,25,https://www.valueresearchonline.com/funds/44668/,1,1,1,1,1,5,High Risk,Poor
Sundaram Multi-Factor Reg,equity,equity,Regular,,,,BSE 500 TRI,,,,,,,,,,INF903JA1LY0,153667,25,https://www.valueresearchonline.com/funds/45283/,1,1,1,1,1,5,High Risk,Poor
Sundaram Services Reg,equity,equity,Regular,1.26,14.93,14.99,BSE 500 TRI,1.84,13.36,12.53,1.54,0.92,0.59,15.05,14.77,1.49,INF903JA1EX7,144838,25,https://www.valueresearchonline.com/funds/37575/,8,6,3,4,2,23,Moderate Risk,Average
Tata BSE Select Business Groups Index Reg,equity,equity,Regular,5.85,,,BSE 500 TRI,1.84,,,,,,,,,INF277KA1CX6,153134,25,https://www.valueresearchonline.com/funds/44790/,1,1,1,1,1,5,High Risk,Poor
Tata Ethical Reg,equity,equity,Regular,-5.62,5.65,7.88,BSE 500 TRI,1.84,13.36,12.53,-5.22,0.89,0.13,14.5,7.76,0.5,INF277K01956,100415,25,https://www.valueresearchonline.com/funds/213/,2,4,3,4,1,14,Moderately High Risk,Average
Tata Housing Opportunities Reg,equity,equity,Regular,-2.41,9.29,,BSE 500 TRI,1.84,13.36,,-4.07,1.15,0.27,18.93,11.03,0.8,INF277KA1521,150537,25,https://www.valueresearchonline.com/funds/42445/,2,4,1,3,1,11,High Risk,Poor
Tata Nifty Capital Markets Index Fund Reg,equity,equity,Regular,24.14,,,BSE 500 TRI,1.84,,,,,,,,,INF277KA1CL1,152954,17,https://www.valueresearchonline.com/funds/44636/,1,1,1,1,1,5,High Risk,Poor
Tata Nifty India Tourism Index Reg,equity,equity,Regular,-12.91,,,BSE 500 TRI,1.84,,,,,,,,,INF277KA1BZ3,152746,15,https://www.valueresearchonline.com/funds/44424/,1,1,1,1,1,5,High Risk,Poor
Tata Nifty Realty Index Reg,equity,equity,Regular,-19.3,,,BSE 500 TRI,1.84,,,,,,,,,INF277KA1AL5,152573,10,https://www.valueresearchonline.com/funds/44259/,1,1,1,1,1,5,High Risk,Poor
Taurus Ethical Reg,equity,equity,Regular,-0.51,12.72,10.03,BSE 500 TRI,1.84,13.36,12.53,0.65,0.95,0.53,15.67,14.12,0.96,INF044D01864,111787,25,https://www.valueresearchonline.com/funds/10244/,8,6,3,4,1,22,Moderate Risk,Average
The Wealth Company Ethical Reg,equity,equity,Regular,,,,BSE 500 TRI,,,,,,,,,,INF2F0001248,153897,25,https://www.valueresearchonline.com/funds/45523/,1,1,1,1,1,5,High Risk,Poor
UTI BSE Housing Index Reg,equity,equity,Regular,-4.42,10.61,,BSE 500 TRI,1.84,13.36,,,,,,,,INF789F1AYS9,151763,25,https://www.valueresearchonline.com/funds/43520/,1,1,1,1,1,5,High Risk,Poor
Union Active Momentum Reg,equity,equity,Regular,10.28,,,BSE 500 TRI,1.84,,,,,,,,,INF582M01KC8,153111,25,https://www.valueresearchonline.com/funds/44782/,1,1,1,1,1,5,High Risk,Poor
WhiteOak Capital Quality Equity Reg,equity,equity,Regular,-4.44,,,BSE 500 TRI,1.84,,,,,,,,,INF03VN01985,153190,25,https://www.valueresearchonline.com/funds/44852/,1,1,1,1,1,5,High Risk,Poor
WhiteOak Capital Special Opportunities Reg,equity,equity,Regular,8.42,,,BSE 500 TRI,1.84,,,,,,,,,INF03VN01894,152643,25,https://www.valueresearchonline.com/funds/44332/,1,1,1,1,1,5,High Risk,Poor
ABSL MNC Reg,equity,equity,Regular,-4.32,9.44,6.28,BSE 500 TRI,1.84,13.36,12.53,-2.14,0.96,0.34,16.35,11.42,0.8,INF209K01322,100064,25,https://www.valueresearchonline.com/funds/25/,2,4,2,4,1,13,Moderately High Risk,Average
HDFC MNC Reg,equity,equity,Regular,4.34,6.76,,BSE 500 TRI,1.84,13.36,,-4.89,0.99,0.18,16.32,8.87,,INF789F01844,100740,25,https://www.valueresearchonline.com/funds/43177/,2,4,2,4,1,13,Moderately High Risk,Average
ICICI Pru MNC,equity,equity,Regular,7.86,13.02,12.64,BSE 500 TRI,1.84,13.36,12.53,1.68,0.84,0.6,13.88,14.25,0.95,INF109KC1D69,147345,25,https://www.valueresearchonline.com/funds/39975/,8,6,4,5,1,24,Moderate Risk,Average
Kotak MNC Reg,equity,equity,Regular,24.1,,,BSE 500 TRI,1.84,,,,,,,,,INF174KA1TJ3,152913,25,https://www.valueresearchonline.com/funds/44577/,1,1,1,1,1,5,High Risk,Poor
Nippon India MNC Reg,equity,equity,Regular,,,,BSE 500 TRI,,,,,,,,,,INF204KC1FO4,153691,25,https://www.valueresearchonline.com/funds/45294/,1,1,1,1,1,5,High Risk,Poor
SBI MNC Reg,equity,equity,Regular,6.68,7.2,8.94,BSE 500 TRI,1.84,13.36,12.53,-3.7,0.76,0.18,13.51,8.27,0.39,INF200K01271,103034,25,https://www.valueresearchonline.com/funds/201/,2,4,4,5,1,16,Moderately High Risk,Average
UTI MNC Reg,equity,equity,Regular,2.2,9.91,9.8,BSE 500 TRI,1.84,13.36,12.53,-1.73,0.9,0.37,14.76,11.36,0.76,INF789F01844,100740,25,https://www.valueresearchonline.com/funds/544/,4,4,3,4,1,16,Moderately High Risk,Average
Baroda BNP Paribas Energy Opportunities Reg,equity,equity,Regular,7.87,,,BSE Energy TRI,2.48,,,,,,,,,INF251K01UG4,153226,25,https://www.valueresearchonline.com/funds/44848/,1,1,1,1,1,5,High Risk,Poor
DSP Natural Resources and New Energy Reg,equity,equity,Regular,23.4,22.22,16.6,BSE Energy TRI,2.48,16.6,13.49,9.81,0.63,1.1,15.83,23.21,1.9,INF740K01060,108202,24,https://www.valueresearchonline.com/funds/7128/,12,10,3,6,3,34,Very Low Risk,Good
ICICI Pru Energy Opportunities Reg,equity,equity,Regular,16.62,,,BSE Energy TRI,2.48,,,,,,,,,INF174KA1WB4,153450,25,https://www.valueresearchonline.com/funds/44416/,1,1,1,1,1,5,High Risk,Poor
Kotak Energy Opportunities Reg,equity,equity,Regular,7.47,,,BSE Energy TRI,2.48,,,,,,,,,INF174KA1WA6,153449,25,https://www.valueresearchonline.com/funds/45064/,1,1,1,1,1,5,High Risk,Poor
SBI Energy Opportunities Reg,equity,equity,Regular,9.4,,,BSE Energy TRI,2.48,,,,,,,,,INF200KB1092,152418,25,https://www.valueresearchonline.com/funds/44144/,1,1,1,1,1,5,High Risk,Poor
Tata Resources & Energy Reg,equity,equity,Regular,11.71,16.97,13.91,BSE Energy TRI,2.48,16.6,13.49,4.74,0.7,0.75,17.46,18.97,1.41,INF277K012B6,135815,25,https://www.valueresearchonline.com/funds/31362/,12,8,2,6,2,30,Low Risk,Good
ABSL ESG Integration Strategy Reg,equity,equity,Regular,-0.17,11.72,9.33,BSE 100 TRI,0.05,11.38,11.41,0.56,0.99,0.42,14.96,12.15,1.1,INF209KB1U43,148635,25,https://www.valueresearchonline.com/funds/41219/,8,4,3,4,2,21,Moderate Risk,Average
Axis ESG Integration Strategy Reg,equity,equity,Regular,-1.09,9.16,7.28,BSE 100 TRI,0.05,11.38,11.41,-0.93,0.9,0.32,13.54,10.16,0.79,INF846K01W56,147929,25,https://www.valueresearchonline.com/funds/40534/,4,4,4,4,1,17,Moderately High Risk,Average
Baroda BNP Paribas ESG Best-in-class strategy Reg,equity,equity,Regular,,,,BSE 100 TRI,,,,,,,,,,INF251K01VM0,154194,25,https://www.valueresearchonline.com/funds/45835/,1,1,1,1,1,5,High Risk,Poor
ICICI Pru ESG Exclusionary Strategy,equity,equity,Regular,-5.17,13.82,10.66,BSE 100 TRI,0.05,11.38,11.41,2.58,0.97,0.55,14.79,14.05,1.47,INF109KC1N91,148514,25,https://www.valueresearchonline.com/funds/41125/,10,6,3,4,2,25,Moderate Risk,Average
Invesco India ESG Integration Strategy Reg,equity,equity,Regular,-6.86,9.54,8.46,BSE 100 TRI,0.05,11.38,11.41,-1.91,1,0.25,15.38,9.73,0.7,INF205KA1304,148753,25,https://www.valueresearchonline.com/funds/41337/,4,4,3,4,1,16,Moderately High Risk,Average
Kotak ESG Exclusionary Strategy Reg,equity,equity,Regular,-1.44,10.3,8.07,BSE 100 TRI,0.05,11.38,11.41,-0.72,0.94,0.34,13.87,10.57,1.06,INF174KA1FF0,148602,25,https://www.valueresearchonline.com/funds/41200/,4,4,4,4,2,18,Moderately High Risk,Average
Mirae Asset Nifty 100 ESG Sector Leaders FoF Reg,equity,equity,Regular,-2.07,10,8.48,BSE 100 TRI,0.05,11.38,11.41,-1.04,0.95,0.32,13.92,10.35,1.02,INF769K01GN0,148576,1,https://www.valueresearchonline.com/funds/41158/,4,4,4,4,2,18,Moderately High Risk,Average
Quant ESG Integration Strategy Reg,equity,equity,Regular,15.79,19.62,19.8,BSE 100 TRI,0.05,11.38,11.41,7.73,1.2,0.7,20.92,20.52,0.98,INF966L01AB8,148560,12,https://www.valueresearchonline.com/funds/41163/,12,6,1,2,1,22,Moderate Risk,Average
Quantum ESG Best In Class Strategy Reg,equity,equity,Regular,-4.56,8.63,8.02,BSE 100 TRI,0.05,11.38,11.41,-2.29,1.02,0.24,15.26,9.45,0.76,INF082J01390,147371,25,https://www.valueresearchonline.com/funds/40009/,2,4,3,3,1,13,Moderately High Risk,Average
SBI ESG Exclusionary Strategy Reg,equity,equity,Regular,-0.22,10.64,10.24,BSE 100 TRI,0.05,11.38,11.41,-0.54,0.98,0.35,14.57,11.02,1.07,INF200K01214,104523,25,https://www.valueresearchonline.com/funds/190/,4,4,3,4,2,17,Moderately High Risk,Average
WhiteOak Capital ESG Best-In-Class Strategy Reg,equity,equity,Regular,-4.92,,,BSE 100 TRI,0.05,,,,,,,,,INF03VN01969,152963,25,https://www.valueresearchonline.com/funds/44644/,1,1,1,1,1,5,High Risk,Poor
ABSL Nifty PSE ETF,equity,equity,Regular,5.31,,,BSE PSU TRI,12.13,,,,,,,,,INF209KB19Z4,152620,20,https://www.valueresearchonline.com/funds/44301/,1,1,1,1,1,5,High Risk,Poor
ABSL PSU Equity Reg,equity,equity,Regular,12.41,26.37,23.78,BSE PSU TRI,12.13,29.4,26.93,-1.84,0.96,0.88,23.6,26.56,1.98,INF209KB1O66,147846,25,https://www.valueresearchonline.com/funds/40478/,4,8,1,4,3,20,Moderate Risk,Average
Groww Nifty India Railways PSU Index Reg,equity,equity,Regular,-20.89,,,BSE PSU TRI,12.13,,,,,,,,,INF666M01JN8,153232,17,https://www.valueresearchonline.com/funds/44876/,1,1,1,1,1,5,High Risk,Poor
Groww Nifty PSE ETF FOF Reg,equity,equity,Regular,,,,BSE PSU TRI,,,,,,,,,,INF666M01NU5,154173,1,https://www.valueresearchonline.com/funds/45784/,1,1,1,1,1,5,High Risk,Poor
ICICI Pru PSU Equity,equity,equity,Regular,8.67,24.8,,BSE PSU TRI,12.13,29.4,,-0.74,0.83,0.92,20.45,24.7,2.09,INF109KC10I9,150540,25,https://www.valueresearchonline.com/funds/42449/,4,8,1,5,4,22,Moderate Risk,Average
Invesco India PSU Equity Reg,equity,equity,Regular,4.34,24.55,22.52,BSE PSU TRI,12.13,29.4,26.93,-2.09,0.96,0.85,24.2,26.39,1.79,INF205K01338,112171,24,https://www.valueresearchonline.com/funds/10694/,2,8,1,4,3,18,Moderately High Risk,Average
Kotak BSE PSU Index Reg,equity,equity,Regular,10.87,,,BSE PSU TRI,12.13,,,,,,,,,INF174KA1SI7,152752,25,https://www.valueresearchonline.com/funds/44428/,1,1,1,1,1,5,High Risk,Poor
Quant PSU Reg,equity,equity,Regular,4.69,,,BSE PSU TRI,12.13,,,,,,,,,INF966L01DQ0,152413,11,https://www.valueresearchonline.com/funds/44140/,1,1,1,1,1,5,High Risk,Poor
SBI PSU Reg,equity,equity,Regular,11.93,28.69,24.01,BSE PSU TRI,12.13,29.4,26.93,1.27,0.93,1,23.05,28.96,2.22,INF200K01BC0,113099,20,https://www.valueresearchonline.com/funds/11198/,8,10,1,4,4,27,Low Risk,Good
ABSL Consumption Reg,equity,equity,Regular,-4.21,9.49,11.08,BSE 500 TRI,1.84,13.36,12.53,-3.07,0.96,0.29,15.66,10.48,0.91,INF209KB14J9,150482,25,https://www.valueresearchonline.com/funds/2787/,2,4,3,4,1,14,Moderately High Risk,Average
Axis Consumption Reg,equity,equity,Regular,-1.2,,,BSE 500 TRI,1.84,,,,,,,,,INF846K010X6,152804,25,https://www.valueresearchonline.com/funds/44464/,1,1,1,1,1,5,High Risk,Poor
Bajaj Finserv Consumption Reg,equity,equity,Regular,-5.33,,,BSE 500 TRI,1.84,,,,,,,,,INF0QA701979,153072,25,https://www.valueresearchonline.com/funds/44687/,1,1,1,1,1,5,High Risk,Poor
Bank of India Consumption Reg,equity,equity,Regular,1.72,,,BSE 500 TRI,1.84,,,,,,,,,INF761K01GL1,153140,25,https://www.valueresearchonline.com/funds/44806/,1,1,1,1,1,5,High Risk,Poor
Baroda BNP Paribas India Consumption Reg,equity,equity,Regular,-3.04,9.83,11.2,BSE 500 TRI,1.84,13.36,12.53,-2.33,0.92,0.32,15.61,10.91,0.84,INF251K01PQ3,150268,25,https://www.valueresearchonline.com/funds/37337/,2,4,3,4,1,14,Moderately High Risk,Average
Canara Robeco Consumer Trends Reg,equity,equity,Regular,-3.24,10.63,12.06,BSE 500 TRI,1.84,13.36,12.53,-2.19,1,0.36,16.07,11.64,1.06,INF760K01241,112152,25,https://www.valueresearchonline.com/funds/10590/,2,4,2,4,2,14,Moderately High Risk,Average
Edelweiss Consumption Reg,equity,equity,Regular,0.4,,,BSE 500 TRI,1.84,,,,,,,,,INF754K01UC6,153255,25,https://www.valueresearchonline.com/funds/44880/,1,1,1,1,1,5,High Risk,Poor
Groww Nifty Non-Cyclical Consumer Index Reg,equity,equity,Regular,-3.8,,,BSE 500 TRI,1.84,,,,,,,,,INF666M01IB5,152633,25,https://www.valueresearchonline.com/funds/44323/,1,1,1,1,1,5,High Risk,Poor
HDFC Consumption Reg,equity,equity,Regular,-2.22,,,BSE 500 TRI,1.84,,,,,,,,,INF582M01ME0,154023,25,https://www.valueresearchonline.com/funds/43557/,1,1,1,1,1,5,High Risk,Poor
HDFC Nifty India Consumption Index Reg,equity,equity,Regular,,,,BSE 500 TRI,,,,,,,,,,INF179KC1JZ3,154180,25,https://www.valueresearchonline.com/funds/45799/,1,1,1,1,1,5,High Risk,Poor
HSBC Consumption Reg,equity,equity,Regular,1.13,,,BSE 500 TRI,1.84,,,,,,,,,INF336L01RC6,152027,25,https://www.valueresearchonline.com/funds/43708/,1,1,1,1,1,5,High Risk,Poor
ICICI Pru Bharat Consumption,equity,equity,Regular,-0.69,12.08,13.85,BSE 500 TRI,1.84,13.36,12.53,-0.71,0.94,0.44,15.47,12.64,0.91,INF903J01561,102142,25,https://www.valueresearchonline.com/funds/39670/,4,4,3,4,1,16,Moderately High Risk,Average
ITI Bharat Consumption Reg,equity,equity,Regular,2.34,,,BSE 500 TRI,1.84,,,,,,,,,INF00XX01DD8,153263,25,https://www.valueresearchonline.com/funds/44920/,1,1,1,1,1,5,High Risk,Poor
Invesco India Consumption Reg,equity,equity,Regular,,,,BSE 500 TRI,,,,,,,,,,INF205KA1BF2,153902,25,https://www.valueresearchonline.com/funds/45527/,1,1,1,1,1,5,High Risk,Poor
Kotak Consumption Reg,equity,equity,Regular,3.36,,,BSE 500 TRI,1.84,,,,,,,,,INF174KA1PM5,152170,25,https://www.valueresearchonline.com/funds/43858/,1,1,1,1,1,5,High Risk,Poor
LIC MF Consumption Reg,equity,equity,Regular,,,,BSE 500 TRI,,,,,,,,,,INF767K01SA6,153950,25,https://www.valueresearchonline.com/funds/45566/,1,1,1,1,1,5,High Risk,Poor
Mahindra Manulife Consumption Reg,equity,equity,Regular,-1.49,9.73,10.89,BSE 500 TRI,1.84,13.36,12.53,-2.89,0.94,0.3,15.73,10.52,0.78,INF174V01630,145355,25,https://www.valueresearchonline.com/funds/37845/,2,4,3,4,1,14,Moderately High Risk,Average
Mirae Asset Great Consumer Reg,equity,equity,Regular,0.28,10.87,13.2,BSE 500 TRI,1.84,13.36,12.53,-2,1.01,0.36,17.07,11.97,0.83,INF769K01135,114931,25,https://www.valueresearchonline.com/funds/12342/,4,4,2,3,1,14,Moderately High Risk,Average
Mirae Asset Nifty India New Age Consumption ETF FoF Reg,equity,equity,Regular,-1,,,BSE 500 TRI,1.84,,,,,,,,,INF769K01NM8,153194,1,https://www.valueresearchonline.com/funds/44833/,1,1,1,1,1,5,High Risk,Poor
Motilal Oswal Consumption Reg,equity,equity,Regular,,,,BSE 500 TRI,,,,,,,,,,INF247L01GD6,153916,25,https://www.valueresearchonline.com/funds/45541/,1,1,1,1,1,5,High Risk,Poor
Motilal Oswal Nifty MidSmall India Consumption Index Reg,equity,equity,Regular,-5.97,,,BSE 500 TRI,1.84,,,,,,,,,INF247L01DV5,153024,25,https://www.valueresearchonline.com/funds/44679/,1,1,1,1,1,5,High Risk,Poor
Nippon India Consumption Reg,equity,equity,Regular,-4.62,10.4,13.53,BSE 500 TRI,1.84,13.36,12.53,-2.32,0.97,0.33,16.32,11.26,0.74,INF955L01IY6,152904,25,https://www.valueresearchonline.com/funds/2474/,2,4,2,4,1,13,Moderately High Risk,Average
Quant Consumption Reg,equity,equity,Regular,-1.43,,,BSE 500 TRI,1.84,,,,,,,,,INF966L01DI7,152338,12,https://www.valueresearchonline.com/funds/44051/,1,1,1,1,1,5,High Risk,Poor
SBI Consumption Opportunities Reg,equity,equity,Regular,-6.33,7.72,13.22,BSE 500 TRI,1.84,13.36,12.53,-4.56,0.99,0.2,16.73,9.24,0.66,INF200K01VR6,120576,25,https://www.valueresearchonline.com/funds/630/,2,4,2,4,1,13,Moderately High Risk,Average
SBI Nifty Consumption ETF,equity,equity,Regular,1.96,12.64,,BSE 500 TRI,1.84,13.36,,-0.21,0.98,0.46,16.44,13.5,1,INF200KA1X17,149041,25,https://www.valueresearchonline.com/funds/41572/,4,4,2,4,2,16,Moderately High Risk,Average
SBI Nifty India Consmpn Index Reg,equity,equity,Regular,1.33,,,BSE 500 TRI,1.84,,,,,,,,,INF200KB1415,153012,25,https://www.valueresearchonline.com/funds/44670/,1,1,1,1,1,5,High Risk,Poor
Sundaram Consumption Reg,equity,equity,Regular,-5.96,9.92,11.07,BSE 500 TRI,1.84,13.36,12.53,-2.13,0.95,0.33,16.51,11.32,0.8,INF903J016H9,134356,25,https://www.valueresearchonline.com/funds/3268/,2,4,2,4,1,13,Moderately High Risk,Average
Tata BSE Multicap Consmpn 50:30:20 Index Reg,equity,equity,Regular,,,,BSE 500 TRI,,,,,,,,,,INF277KA1EM5,154064,25,https://www.valueresearchonline.com/funds/45703/,1,1,1,1,1,5,High Risk,Poor
Tata India Consumer Reg,equity,equity,Regular,5.68,13.94,14.03,BSE 500 TRI,1.84,13.36,12.53,1.26,0.97,0.53,16.88,14.89,0.93,INF277K010A2,135804,25,https://www.valueresearchonline.com/funds/31358/,8,6,2,4,1,21,Moderate Risk,Average
UTI India Consumer Reg,equity,equity,Regular,-0.17,10.17,10.3,BSE 500 TRI,1.84,13.36,12.53,-2.65,0.98,0.31,16.48,11.04,0.77,INF789F01CE6,106425,25,https://www.valueresearchonline.com/funds/5437/,2,4,2,4,1,13,Moderately High Risk,Average
Union Consumption Reg,equity,equity,Regular,,,,BSE 500 TRI,,,,,,,,,,INF582M01MD2,154022,25,https://www.valueresearchonline.com/funds/45667/,1,1,1,1,1,5,High Risk,Poor
WhiteOak Capital Consumption Opportunities Reg,equity,equity,Regular,,,,BSE 500 TRI,,,,,,,,,,INF03VN01AE1,154162,25,https://www.valueresearchonline.com/funds/45779/,1,1,1,1,1,5,High Risk,Poor
360 ONE Silver ETF,equity,equity,Regular,116.42,,,Domestic Prices of Silver,128.63,,,,,,,,,INF579M01BC3,153415,1,https://www.valueresearchonline.com/funds/45054/,1,1,1,1,1,5,High Risk,Poor
ABSL Silver ETF FoF Reg,equity,equity,Regular,113.46,46.25,,Domestic Prices of Silver,128.63,50.65,,3.01,0.84,1.16,36.27,47.88,3.14,INF209KB13F9,149783,1,https://www.valueresearchonline.com/funds/42017/,10,10,1,5,4,30,Low Risk,Good
Angel One Silver ETF FoF Reg,equity,equity,Regular,,,,Domestic Prices of Silver,,,,,,,,,,INF1J2R01163,154207,1,https://www.valueresearchonline.com/funds/45826/,1,1,1,1,1,5,High Risk,Poor
Axis Silver FoF Reg,equity,equity,Regular,113.57,46.19,,Domestic Prices of Silver,128.63,50.65,,3.53,0.83,1.17,35.88,47.97,3.22,INF846K018J8,150617,1,https://www.valueresearchonline.com/funds/42523/,10,10,1,5,4,30,Low Risk,Good
Bandhan Silver ETF FoF Reg,equity,equity,Regular,,,,Domestic Prices of Silver,,,,,,,,,,INF194KB1KM1,154135,1,https://www.valueresearchonline.com/funds/45733/,1,1,1,1,1,5,High Risk,Poor
DSP Silver ETF FoF Reg,equity,equity,Regular,114.38,,,Domestic Prices of Silver,128.63,,,,,,,,,INF740KA1VW7,153486,1,https://www.valueresearchonline.com/funds/45135/,1,1,1,1,1,5,High Risk,Poor
Edelweiss Silver ETF FoF Reg,equity,equity,Regular,,,,Domestic Prices of Silver,,,,,,,,,,INF754K01WD0,154075,1,https://www.valueresearchonline.com/funds/45701/,1,1,1,1,1,5,High Risk,Poor
Groww Silver ETF FoF Reg,equity,equity,Regular,108.65,,,Domestic Prices of Silver,128.63,,,,,,,,,INF666M01KX5,153527,1,https://www.valueresearchonline.com/funds/45151/,1,1,1,1,1,5,High Risk,Poor
HDFC Silver ETF FoF Reg,equity,equity,Regular,113.3,46.37,,Domestic Prices of Silver,128.63,50.65,,1.36,0.89,1.12,38.11,48.68,2.91,INF194KB1KM1,154135,1,https://www.valueresearchonline.com/funds/42665/,8,10,1,4,4,27,Low Risk,Good
ICICI Pru Silver ETF FoF,equity,equity,Regular,113.6,46.45,,Domestic Prices of Silver,128.63,50.65,,4.03,0.81,1.18,35.39,47.74,3.32,INF084M01077,132174,1,https://www.valueresearchonline.com/funds/42021/,12,10,1,5,4,32,Low Risk,Good
Kotak Silver ETF FoF Reg,equity,equity,Regular,114.89,46.3,,Domestic Prices of Silver,128.63,50.65,,3.92,0.82,1.18,35.46,47.69,,INF174KA1MR1,151602,1,https://www.valueresearchonline.com/funds/43294/,10,10,1,5,1,27,Low Risk,Good
Mirae Asset Silver ETF,equity,equity,Regular,116.78,47.45,,Domestic Prices of Silver,128.63,50.65,,,,,,,,INF769K01KG6,151779,1,https://www.valueresearchonline.com/funds/43544/,1,1,1,1,1,5,High Risk,Poor
Mirae Asset Silver ETF FoF Reg,equity,equity,Regular,,,,Domestic Prices of Silver,,,,,,,,,,INF769K01QP4,154281,1,https://www.valueresearchonline.com/funds/45900/,1,1,1,1,1,5,High Risk,Poor
Motilal Oswal Silver ETF,equity,equity,Regular,,,,Domestic Prices of Silver,,,,,,,,,,INF247L01FZ1,153820,1,https://www.valueresearchonline.com/funds/45453/,1,1,1,1,1,5,High Risk,Poor
Nippon India Silver ETF FoF Reg,equity,equity,Regular,113.53,46.2,,Domestic Prices of Silver,128.63,50.65,,-1.73,0.98,1.05,41.67,49.56,2.5,INF204KC1345,149759,1,https://www.valueresearchonline.com/funds/41985/,4,10,1,4,4,23,Moderate Risk,Average
SBI Silver ETF FoF Reg,equity,equity,Regular,116.35,,,Domestic Prices of Silver,128.63,,,,,,,,,INF200KB1266,152733,1,https://www.valueresearchonline.com/funds/44420/,1,1,1,1,1,5,High Risk,Poor
Tata Silver ETF FoF Reg,equity,equity,Regular,109.31,,,Domestic Prices of Silver,128.63,,,,,,,,,INF277KA1893,152297,1,https://www.valueresearchonline.com/funds/44024/,1,1,1,1,1,5,High Risk,Poor
UTI Silver ETF FoF Reg,equity,equity,Regular,113.7,46.47,,Domestic Prices of Silver,128.63,50.65,,3.63,0.83,1.17,35.87,47.94,,INF789F1AYM2,151732,1,https://www.valueresearchonline.com/funds/43486/,10,10,1,5,1,27,Low Risk,Good
ABSL Value Reg,equity,equity,Regular,7.88,18.01,15.29,BSE 500 TRI,1.84,13.36,12.53,4.03,1.11,0.71,18.2,18.79,1.31,INF209K01MG9,122644,25,https://www.valueresearchonline.com/funds/6778/,12,6,1,3,2,24,Moderate Risk,Average
Axis Nifty500 Value 50 Index Reg,equity,equity,Regular,20.05,,,BSE 500 TRI,1.84,,,,,,,,,INF846K012Y0,152950,25,https://www.valueresearchonline.com/funds/44612/,1,1,1,1,1,5,High Risk,Poor
Axis Value Reg,equity,equity,Regular,6.24,18.74,,BSE 500 TRI,1.84,13.36,,5.34,0.97,0.85,15.34,18.96,1.73,INF846K013C4,149167,25,https://www.valueresearchonline.com/funds/41694/,12,8,3,4,3,30,Low Risk,Good
Bandhan Nifty 500 Value 50 Index Reg,equity,equity,Regular,19.88,,,BSE 500 TRI,1.84,,,,,,,,,INF194KB1IV6,152991,25,https://www.valueresearchonline.com/funds/44627/,1,1,1,1,1,5,High Risk,Poor
Bandhan Value Reg,equity,equity,Regular,0.31,12.82,14.58,BSE 500 TRI,1.84,13.36,12.53,-0.04,0.92,0.51,14.44,13.18,1.31,INF194K01342,108909,25,https://www.valueresearchonline.com/funds/6693/,4,6,3,4,2,19,Moderately High Risk,Average
Baroda BNP Paribas Value Reg,equity,equity,Regular,0.69,11.23,,BSE 500 TRI,1.84,13.36,,,,,,,,INF251K01SA1,151747,25,https://www.valueresearchonline.com/funds/43506/,1,1,1,1,1,5,High Risk,Poor
Canara Robeco Value Reg,equity,equity,Regular,-1.16,12.75,,BSE 500 TRI,1.84,13.36,,-0.45,0.97,0.48,15.19,13.21,1.16,INF760K01JZ7,149088,25,https://www.valueresearchonline.com/funds/41623/,4,4,3,4,2,17,Moderately High Risk,Average
DSP Value Fund Reg*,equity,equity,Regular,10.8,17.78,13.9,BSE 500 TRI*,1.84,13.36,12.53,6.9,0.65,1.08,11.19,17.96,2.21,INF740KA1PM0,148594,25,https://www.valueresearchonline.com/funds/41192/,12,10,5,6,4,37,Very Low Risk,Good
Groww Value Reg,equity,equity,Regular,1.72,14.89,12.04,BSE 500 TRI,1.84,13.36,12.53,1.3,0.95,0.59,15.08,14.79,1.6,INF137A01011,106168,25,https://www.valueresearchonline.com/funds/30919/,8,6,3,4,3,24,Moderate Risk,Average
HDFC Value Reg,equity,equity,Regular,4.55,17.24,15.26,BSE 500 TRI,1.84,13.36,12.53,2.97,1,0.7,15.57,16.84,1.64,INF677K01213,151111,25,https://www.valueresearchonline.com/funds/218/,10,6,3,4,3,26,Moderate Risk,Average
HSBC Value Reg,equity,equity,Regular,4.77,19.92,18.05,BSE 500 TRI,1.84,13.36,12.53,5.81,1.03,0.85,16.58,19.92,1.56,INF677K01023,151110,25,https://www.valueresearchonline.com/funds/10789/,12,8,2,3,3,28,Low Risk,Good
ICICI Pru Nifty200 Value 30 Index Reg,equity,equity,Regular,22.27,,,BSE 500 TRI,1.84,,,,,,,,,INF174KA1YT2,154147,25,https://www.valueresearchonline.com/funds/44603/,1,1,1,1,1,5,High Risk,Poor
ICICI Pru Nifty50 Value 20 Index,equity,equity,Regular,-5.04,,,BSE 500 TRI,1.84,,,,,,,,,INF109KC19T7,152366,20,https://www.valueresearchonline.com/funds/44068/,1,1,1,1,1,5,High Risk,Poor
ICICI Pru Value,equity,equity,Regular,-0.14,16.13,16.85,BSE 500 TRI,1.84,13.36,12.53,3.77,0.81,0.78,13.14,16.08,2.08,,135036,25,https://www.valueresearchonline.com/funds/2310/,10,8,4,5,4,31,Low Risk,Good
ITI Value Reg,equity,equity,Regular,4.62,14.93,11.3,BSE 500 TRI,1.84,13.36,12.53,0.94,1.14,0.55,18.22,15.95,1.12,INF00XX01AN3,148973,25,https://www.valueresearchonline.com/funds/41507/,8,6,1,3,2,20,Moderate Risk,Average
Invesco India Contra Reg,equity,equity,Regular,-0.79,16.13,14.05,BSE 500 TRI,1.84,13.36,12.53,2.23,1.01,0.64,16.01,16.19,1.36,INF205K01189,105460,25,https://www.valueresearchonline.com/funds/4278/,10,6,2,3,2,23,Moderate Risk,Average
JM Value Reg,equity,equity,Regular,-3.06,15.48,15.85,BSE 500 TRI,1.84,13.36,12.53,1.53,1.16,0.55,19.56,16.7,1.28,INF137A01037,100254,25,https://www.valueresearchonline.com/funds/403/,8,6,1,2,2,19,Moderately High Risk,Average
Kotak Contra Reg,equity,equity,Regular,2.87,17.04,15.23,BSE 500 TRI,1.84,13.36,12.53,3.2,1.01,0.71,15.81,17.12,1.55,INF174K01245,103040,25,https://www.valueresearchonline.com/funds/2780/,10,6,3,3,3,25,Moderate Risk,Average
Kotak Nifty200 Value 30 Index Reg,equity,equity,Regular,,,,BSE 500 TRI,,,,,,,,,,INF174KA1YS4,154148,25,https://www.valueresearchonline.com/funds/45761/,1,1,1,1,1,5,High Risk,Poor
LIC MF Value Reg,equity,equity,Regular,15.33,17.02,13.9,BSE 500 TRI,1.84,13.36,12.53,2.57,1.09,0.61,18.56,17.12,0.75,INF397L01KQ3,152016,25,https://www.valueresearchonline.com/funds/37210/,10,6,1,3,1,21,Moderate Risk,Average
Mahindra Manulife Value Reg,equity,equity,Regular,11.15,,,BSE 500 TRI,1.84,,,,,,,,,INF174V01CF5,153304,25,https://www.valueresearchonline.com/funds/44932/,1,1,1,1,1,5,High Risk,Poor
Motilal Oswal BSE Enhanced Value Index Reg,equity,equity,Regular,15.08,29.08,,BSE 500 TRI,1.84,13.36,,13.19,1.27,1.05,22.32,29.2,2.6,INF247L01BG0,150519,25,https://www.valueresearchonline.com/funds/42442/,12,10,1,2,4,29,Low Risk,Good
Nippon India Nifty 50 Value 20 Index Reg,equity,equity,Regular,-5.2,8.6,9.84,BSE 500 TRI,1.84,13.36,12.53,-3.21,0.84,0.25,14.15,9.37,0.78,INF204KB19Y8,148719,20,https://www.valueresearchonline.com/funds/41289/,2,4,3,5,1,15,Moderately High Risk,Average
Nippon India Value Reg,equity,equity,Regular,1.04,18.06,16.25,BSE 500 TRI,1.84,13.36,12.53,4.23,1.03,0.77,16.2,18.3,1.88,INF204KC1FP1,153692,25,https://www.valueresearchonline.com/funds/2790/,12,8,2,3,3,28,Low Risk,Good
Quant Value Reg,equity,equity,Regular,19.43,23.77,,BSE 500 TRI,1.84,13.36,,9.04,1.23,0.87,21.62,24.73,1.48,INF966L01AQ6,149337,23,https://www.valueresearchonline.com/funds/41846/,12,8,1,2,2,25,Moderate Risk,Average
Quantum Value Reg,equity,equity,Regular,-4.7,12.96,10.85,BSE 500 TRI,1.84,13.36,12.53,0.27,0.86,0.52,13.69,13,1.52,INF082J01242,141068,25,https://www.valueresearchonline.com/funds/33968/,8,6,4,4,3,25,Moderate Risk,Average
SBI Contra Reg,equity,equity,Regular,-0.88,14.16,17.09,BSE 500 TRI,1.84,13.36,12.53,2,0.91,0.64,14.48,15.18,1.67,INF200K01362,102414,25,https://www.valueresearchonline.com/funds/633/,10,6,3,4,3,26,Moderate Risk,Average
Sundaram Value Reg,equity,equity,Regular,-2.42,9.15,10.19,BSE 500 TRI,1.84,13.36,12.53,-3.37,0.92,0.27,14.55,9.86,1.01,INF903J01538,101853,25,https://www.valueresearchonline.com/funds/687/,2,4,3,4,2,15,Moderately High Risk,Average
Tata Value Reg,equity,equity,Regular,1.05,14.97,14.65,BSE 500 TRI,1.84,13.36,12.53,1.67,0.99,0.61,15.72,15.44,1.35,INF277K01451,101672,25,https://www.valueresearchonline.com/funds/2267/,8,6,3,4,2,23,Moderate Risk,Average
Templeton India Value Reg,equity,equity,Regular,-0.96,12.94,14.99,BSE 500 TRI,1.84,13.36,12.53,0.31,0.93,0.52,14.79,13.6,1.5,,118102,25,https://www.valueresearchonline.com/funds/221/,8,6,3,4,3,24,Moderate Risk,Average
UTI Nifty 500 Value 50 Index Reg,equity,equity,Regular,20.09,29.49,,BSE 500 TRI,1.84,13.36,,14.43,1.17,1.15,20.72,29.62,,INF789F1AYO8,151738,25,https://www.valueresearchonline.com/funds/43494/,12,10,1,2,1,26,Moderate Risk,Average
UTI Value Reg,equity,equity,Regular,-0.6,14.98,12.98,BSE 500 TRI,1.84,13.36,12.53,1.45,0.95,0.6,14.96,14.91,1.51,INF789F01AG5,103098,25,https://www.valueresearchonline.com/funds/2820/,8,6,3,4,3,24,Moderate Risk,Average
Union Value Reg,equity,equity,Regular,4.09,15.35,14.35,BSE 500 TRI,1.84,13.36,12.53,2.21,0.93,0.65,14.77,15.48,1.55,INF582M01EO6,145471,25,https://www.valueresearchonline.com/funds/38205/,10,6,3,4,3,26,Moderate Risk,Average
,,,,,,,,,,,,,,,,,N/A,N/A,,,1,1,1,1,1,5,High Risk,Poor
