Fund Name,Category,Subcategory,Plan,1Y Return (%),3Y Return (%),5Y Return (%),Benchmark Name,Benchmark 1Y (%),Benchmark 3Y (%),Benchmark 5Y (%),Alpha,Beta,Sharpe Ratio,Std Dev,Mean Return (%),YTM (%),Macaulay Duration (yrs),Avg Credit Rating,Avg Maturity (yrs),Top Holdings Count,Fund URL,ISIN,Scheme Code,Duration Score (3),Maturity Score (3),YTM Score (3),Credit Score (3),Debt Quality (12),Std Dev Score (3),Sharpe Score (3),Sortino Score (3),Mean Return Score (3),Risk & Return (12),Num Stocks Score (2.5),Top10 Score (2.5),Top5 Score (2.5),Top3 Sectors Score (2.5),Diversification (10),PE Score (2),PB Score (2),Valuation (4),Num Securities Score (2),Portfolio Breadth (2),Total Score (40),Risk Category,Fund Rating
ABSL Aggressive Hybrid Omni FoF Dir*,hybrid,Aggressive Hybrid,Direct,3.24,12.41,11,Hybrid: Aggressive Hybrid,3.63,13.47,12.46,,,0.62,9.99,12.1,,,AAA,,8,https://www.valueresearchonline.com/funds/16932/,INF084M01ET2,132185,1,1,1,3,6,1,1,1,1,4,1,1,1,1,4,1,1,2,1,1,17,Moderately High Risk,Average
ABSL Equity Hybrid '95 Dir,hybrid,Aggressive Hybrid,Direct,0.85,11.5,10.01,Hybrid: Aggressive Hybrid,3.63,13.47,12.46,,,0.51,11.31,11.63,8.07,4.23,AAA,6.58,25,https://www.valueresearchonline.com/funds/15692/,INF209K01ZC0,120517,1,1,1,1,4,1,1,1,1,4,1,1,1,1,4,1,1,2,1,1,15,Moderately High Risk,Average
ABSL Retirement 40s Dir,hybrid,Aggressive Hybrid,Direct,3.55,13.7,10.26,Hybrid: Aggressive Hybrid,3.63,13.47,12.46,,,0.68,11.72,13.85,6.46,3.91,GOI/Cash,7.66,25,https://www.valueresearchonline.com/funds/39185/,INF209KB1I80,146930,2,2,1,3,8,2,1,1,2,6,2,2,2,1.5,7.5,1.5,1.5,3,1.5,1.5,26,Moderate Risk,Average
Axis Aggressive Hybrid Dir,hybrid,Aggressive Hybrid,Direct,1.98,10.34,9.28,Hybrid: Aggressive Hybrid,3.63,13.47,12.46,,1.08,0.42,11.19,10.57,8.13,2.34,AA,3.03,25,https://www.valueresearchonline.com/funds/37134/,INF846K01E25,144394,2,1,3,2,8,1,1,1,1,4,2.5,2,2,2,8.5,1.5,1.5,3,1.5,1.5,25,Moderate Risk,Average
Axis Children's Dir,hybrid,Aggressive Hybrid,Direct,1.48,9.49,8.66,Hybrid: Aggressive Hybrid,3.63,13.47,12.46,,,0.34,10.91,9.6,7.5,4.27,AAA,5.35,25,https://www.valueresearchonline.com/funds/31507/,INF846K01CR6,120438,2,2,2,3,9,2,1,1,2,6,2.5,2,2,2,8.5,1.5,1.5,3,1.5,1.5,28,Low Risk,Good
Axis Retirement-Aggressive Plan Dir,hybrid,Aggressive Hybrid,Direct,-0.5,11.93,8.96,Hybrid: Aggressive Hybrid,3.63,13.47,12.46,,,0.53,12.19,12.34,7.11,6.55,AAA,11.9,25,https://www.valueresearchonline.com/funds/40429/,INF846K01S86,147825,1,1,2,3,7,1,1,1,2,5,2.5,2,2,2,8.5,1.5,1.5,3,1.5,1.5,25,Moderate Risk,Average
Bandhan Aggressive Hybrid Dir,hybrid,Aggressive Hybrid,Direct,9.12,15.82,13.55,Hybrid: Aggressive Hybrid,3.63,13.47,12.46,,,0.76,12.61,15.46,7.5,2.48,AAA,3.7,25,https://www.valueresearchonline.com/funds/33270/,INF194KA1U56,140382,2,2,2,3,9,1,1,1,1,4,2,2,2,2,8,1.5,1.5,3,1.5,1.5,25.5,Moderate Risk,Average
Bandhan Aggressive Hybrid Passive FoF Dir,hybrid,Aggressive Hybrid,Direct,9.85,14.42,11.99,Hybrid: Aggressive Hybrid,3.63,13.47,12.46,,,0.75,11.98,14.87,,,GOI/Cash,,1,https://www.valueresearchonline.com/funds/16468/,INF194K012B6,118485,1,1,1,3,6,1,1,1,1,4,1,1,1,1,4,1,1,2,1,1,17,Moderately High Risk,Average
Bandhan Retirement Dir,hybrid,Aggressive Hybrid,Direct,2.84,,,Hybrid: Aggressive Hybrid,3.63,,,,,,,,7.08,8.59,GOI/Cash,20.2,25,https://www.valueresearchonline.com/funds/43791/,INF194KB1GU2,152102,1,1,2,3,7,1,1,1,1,4,2,1.5,1,2,6.5,1.5,1.5,3,1.5,1.5,22,Moderate Risk,Average
Bank of India Mid & Small Cap Eqt & Debt Dir,hybrid,Aggressive Hybrid,Direct,10.83,20.71,17.17,Hybrid: Aggressive Hybrid,3.63,13.47,12.46,,1.13,0.91,16.08,20.52,7.22,1.76,AAA,2.15,25,https://www.valueresearchonline.com/funds/32609/,INF761K01DM6,139527,2,2,2,3,9,1,2,1,3,7,2,2.5,2.5,1.5,8.5,1.5,1.5,3,1.5,1.5,29,Low Risk,Good
Baroda BNP Paribas Aggressive Hybrid Dir,hybrid,Aggressive Hybrid,Direct,2.75,13.72,12.15,Hybrid: Aggressive Hybrid,3.63,13.47,12.46,,1.07,0.7,11.2,13.73,7.63,2.17,AAA,3.5,25,https://www.valueresearchonline.com/funds/33836/,INF251K01OZ7,150260,2,2,2,3,9,1,1,1,1,4,2,2,2,1.5,7.5,1.5,1.5,3,1.5,1.5,25,Moderate Risk,Average
Baroda BNP Paribas Retirement Dir,hybrid,Aggressive Hybrid,Direct,5.01,,,Hybrid: Aggressive Hybrid,3.63,,,,,,,,7.5,9.82,AAA,28.83,25,https://www.valueresearchonline.com/funds/44295/,INF251K01TJ0,152628,1,1,2,3,7,1,1,1,1,4,2,2,2,1.5,7.5,1.5,1.5,3,1.5,1.5,23,Moderate Risk,Average
Canara Robeco Equity Hybrid Dir,hybrid,Aggressive Hybrid,Direct,2.94,12.59,11.44,Hybrid: Aggressive Hybrid,3.63,13.47,12.46,,1.09,0.58,11.39,12.48,7.14,1.22,AAA,2.07,25,https://www.valueresearchonline.com/funds/16384/,INF760K01EZ8,118272,2,2,2,3,9,1,1,1,1,4,2,2.5,2.5,1.5,8.5,1.5,1.5,3,1.5,1.5,26,Moderate Risk,Average
DSP Aggressive Hybrid Dir,hybrid,Aggressive Hybrid,Direct,-1.15,12.77,11.04,Hybrid: Aggressive Hybrid,3.63,13.47,12.46,,,0.63,11.16,12.89,7.3,5.48,AAA,13.24,25,https://www.valueresearchonline.com/funds/15793/,INF740K01NY4,119019,1,1,2,3,7,1,1,1,1,4,1.5,2,2,1.5,7,2,1.5,3.5,1.5,1.5,23,Moderate Risk,Average
Edelweiss Aggressive Hybrid Dir,hybrid,Aggressive Hybrid,Direct,3.62,15.56,15.37,Hybrid: Aggressive Hybrid,3.63,13.47,12.46,,1.12,0.83,11.61,15.49,7.37,1.21,AAA,1.31,25,https://www.valueresearchonline.com/funds/17354/,INF754K01CE0,118624,2,3,2,3,10,1,1,1,1,4,2.5,2,2,2,8.5,1.5,1.5,3,1.5,1.5,27,Low Risk,Good
Edelweiss Nifty LargeMidcap250 Plus 8-13 Yr G-Sec 70:30 Index Dir,hybrid,Aggressive Hybrid,Direct,,,,Hybrid: Aggressive Hybrid,,,,,,,,,7.04,6.95,GOI/Cash,8.93,25,https://www.valueresearchonline.com/funds/45923/,INF754K01WR0,154310,,,,,,,,,,,,,,,,,,,,,,,
Franklin India Aggressive Hybrid Dir,hybrid,Aggressive Hybrid,Direct,-0.4,12.67,11.34,Hybrid: Aggressive Hybrid,3.63,13.47,12.46,,,0.64,10.56,12.59,8.09,2.62,AAA,3.29,25,https://www.valueresearchonline.com/funds/16020/,INF090I01FZ1,118546,2,2,2,3,9,1,1,1,1,4,2,2,2,2,8,1.5,1.5,3,1.5,1.5,25.5,Moderate Risk,Average
Groww Aggressive Hybrid Dir,hybrid,Aggressive Hybrid,Direct,0.84,10.53,10.27,Hybrid: Aggressive Hybrid,3.63,13.47,12.46,,1.1,0.41,11.44,10.58,6.33,0.53,CASH,0.54,25,https://www.valueresearchonline.com/funds/38328/,INF192K01BO4,120483,3,3,2,3,11,1,1,1,1,4,1.5,2,2,1.5,7,2,1.5,3.5,1.5,1.5,27,Low Risk,Good
HDFC Children's Dir,hybrid,Aggressive Hybrid,Direct,-0.38,10.55,12.2,Hybrid: Aggressive Hybrid,3.63,13.47,12.46,,,0.41,10.91,10.3,7.2,4.58,AAA,6.78,25,https://www.valueresearchonline.com/funds/15995/,INF179KC1IX0,119066,2,2,2,3,9,2,1,1,2,6,1.5,1,1,1,4.5,1.5,1,2.5,1.5,1.5,23.5,Moderate Risk,Average
HDFC Hybrid Equity Dir,hybrid,Aggressive Hybrid,Direct,-3.7,8.13,10.1,Hybrid: Aggressive Hybrid,3.63,13.47,12.46,,1.08,0.21,10.76,8.09,7.92,5.46,AAA,10.15,25,https://www.valueresearchonline.com/funds/16132/,INF179K01XZ1,119062,1,1,2,3,7,1,1,1,1,4,1.5,1,1,1,4.5,2,1,3,1.5,1.5,20,Moderate Risk,Average
HDFC Retirement Savings Hybrid Equity Dir,hybrid,Aggressive Hybrid,Direct,-2.42,10.23,11.2,Hybrid: Aggressive Hybrid,3.63,13.47,12.46,,,0.41,10.85,10.34,6.75,3.77,AAA,5.13,25,https://www.valueresearchonline.com/funds/31782/,INF179KB1MH6,136464,2,2,2,3,9,1,1,1,1,4,2,1,1,1,5,1.5,1,2.5,1.5,1.5,22,Moderate Risk,Average
HSBC Aggressive Hybrid Active FoF Dir*,hybrid,Aggressive Hybrid,Direct,7.15,14.3,12.49,Hybrid: Aggressive Hybrid,3.63,13.47,12.46,,1.12,0.67,12.25,14.03,,,AAA,,3,https://www.valueresearchonline.com/funds/25860/,INF336L01ID3,129200,1,1,1,3,6,1,1,1,1,4,1,1,1,1,4,1,1,2,1,1,17,Moderately High Risk,Average
HSBC Aggressive Hybrid Dir,hybrid,Aggressive Hybrid,Direct,8.03,14.73,12.43,Hybrid: Aggressive Hybrid,3.63,13.47,12.46,,1.18,0.64,13.81,14.67,7.81,1.52,AAA,1.81,25,https://www.valueresearchonline.com/funds/16264/,INF917K01LE4,151122,2,2,2,3,9,1,1,1,1,4,2,2.5,2.5,1.5,8.5,1.5,1.5,3,1.5,1.5,26,Moderate Risk,Average
ICICI Pru Aggressive Hybrid Active FoF Dir*,hybrid,Aggressive Hybrid,Direct,0.6,16.24,15.5,Hybrid: Aggressive Hybrid,3.63,13.47,12.46,,,0.83,12.07,15.9,,,AAA,,7,https://www.valueresearchonline.com/funds/17838/,INF109K01X40,120700,,,,,,,,,,,,,,,,,,,,,,,
ICICI Pru Children's Dir,hybrid,Aggressive Hybrid,Direct,2.76,16.08,14.38,Hybrid: Aggressive Hybrid,3.63,13.47,12.46,,1.46,0.73,14.84,16.73,,,AAA,,25,https://www.valueresearchonline.com/funds/15940/,INF109K01Y49,120579,1,1,1,3,6,1,2,2,3,8,2,2,2,1.5,7.5,1.5,1.5,3,1.5,1.5,26,Moderate Risk,Average
ICICI Pru Equity & Debt Dir,hybrid,Aggressive Hybrid,Direct,4.64,16.81,17.51,Hybrid: Aggressive Hybrid,3.63,13.47,12.46,,1.03,0.96,10.84,16.26,7.46,3.65,AAA,7.07,25,https://www.valueresearchonline.com/funds/15815/,INF109K01Y07,120251,2,1,2,3,8,2,2,2,3,9,2.5,2,2,2,8.5,1.5,1.5,3,2,2,30.5,Low Risk,Good
ICICI Pru Retirement Hybrid Aggressive Dir,hybrid,Aggressive Hybrid,Direct,12.2,21.32,17.74,Hybrid: Aggressive Hybrid,3.63,13.47,12.46,,1.3,1.08,13.96,20.94,7.35,3.06,AAA,6.82,25,https://www.valueresearchonline.com/funds/39059/,INF109KC1TW4,146721,2,2,2,3,9,1,1,1,1,4,2,2.5,2.5,1.5,8.5,1.5,1,2.5,1.5,1.5,25.5,Moderate Risk,Average
Invesco India Aggressive Hybrid Dir,hybrid,Aggressive Hybrid,Direct,-4.47,13.03,11.61,Hybrid: Aggressive Hybrid,3.63,13.47,12.46,,1.17,0.55,12.62,12.87,7.51,1.2,AAA,1.33,25,https://www.valueresearchonline.com/funds/36540/,INF205K014Q7,143537,2,2,2,3,9,1,1,1,1,4,2,2,2,2,8,1.5,1.5,3,1.5,1.5,25.5,Moderate Risk,Average
JM Aggressive Hybrid Dir,hybrid,Aggressive Hybrid,Direct,-2.02,15.99,14.54,Hybrid: Aggressive Hybrid,3.63,13.47,12.46,,1.15,0.74,14.09,16.27,7.8,2.52,AAA,2.99,25,https://www.valueresearchonline.com/funds/17144/,INF192K01BQ9,120484,2,2,2,3,9,1,1,1,1,4,1.5,2,2.5,1.5,7.5,1.5,1.5,3,1.5,1.5,25,Moderate Risk,Average
Kotak Aggressive Hybrid Dir,hybrid,Aggressive Hybrid,Direct,6.4,14.92,13.72,Hybrid: Aggressive Hybrid,3.63,13.47,12.46,,,0.68,12.99,14.73,7.2,4.07,AAA,9.32,25,https://www.valueresearchonline.com/funds/16338/,INF174K01F00,133035,1,1,2,3,7,1,1,1,1,4,2,2,2.5,1.5,8,1.5,1.5,3,1.5,1.5,23.5,Moderate Risk,Average
LIC MF Aggressive Hybrid Dir,hybrid,Aggressive Hybrid,Direct,0.74,11.95,10.04,Hybrid: Aggressive Hybrid,3.63,13.47,12.46,,1.15,0.49,12.42,11.9,6.78,4.11,AAA,8.03,25,https://www.valueresearchonline.com/funds/16765/,INF767K01ED0,120261,1,1,1,3,6,1,1,1,1,4,2,2.5,2.5,2,9,1.5,1.5,3,1.5,1.5,23.5,Moderate Risk,Average
LIC MF ULIS Dir,hybrid,Aggressive Hybrid,Direct,-1.92,9.37,9.53,Hybrid: Aggressive Hybrid,3.63,13.47,12.46,,,0.27,11.63,8.99,,,AAA,,25,https://www.valueresearchonline.com/funds/17866/,INF0QA701607,152162,1,1,1,3,6,2,1,1,2,6,1.5,2,2,2,7.5,1.5,1.5,3,1.5,1.5,24,Moderate Risk,Average
Mahindra Manulife Aggressive Hybrid Dir,hybrid,Aggressive Hybrid,Direct,0.87,14.62,13.98,Hybrid: Aggressive Hybrid,3.63,13.47,12.46,,,0.73,11.67,14.38,7.68,2.88,AAA,4.92,25,https://www.valueresearchonline.com/funds/40094/,INF174V01788,147446,2,2,2,3,9,1,1,1,1,4,2,2,2,1.5,7.5,1.5,1.5,3,1.5,1.5,25,Moderate Risk,Average
Mirae Asset Aggressive Hybrid Dir,hybrid,Aggressive Hybrid,Direct,5.55,13.23,11.92,Hybrid: Aggressive Hybrid,3.63,13.47,12.46,,,0.62,11.63,13.05,7.53,2.79,AAA,4.62,25,https://www.valueresearchonline.com/funds/30604/,INF769K01DH9,134813,2,2,2,3,9,1,1,1,1,4,2,2,2,1.5,7.5,1.5,1.5,3,1.5,1.5,25,Moderate Risk,Average
Navi Aggressive Hybrid Dir,hybrid,Aggressive Hybrid,Direct,8.77,13.4,12.8,Hybrid: Aggressive Hybrid,3.63,13.47,12.46,,,0.61,12.1,13.28,6.01,0.04,AAA,0.04,25,https://www.valueresearchonline.com/funds/35943/,INF959L01CX3,143163,3,3,2,3,11,1,1,1,1,4,2,2,2,1.5,7.5,1.5,1.5,3,1.5,1.5,27,Low Risk,Good
Nippon India Aggressive Hybrid Dir,hybrid,Aggressive Hybrid,Direct,3.62,13.21,12.54,Hybrid: Aggressive Hybrid,3.63,13.47,12.46,,,0.66,10.88,13.08,8.4,3.31,AAA,4.68,25,https://www.valueresearchonline.com/funds/16159/,INF204K01B08,118794,2,2,3,3,10,1,1,1,1,4,2,2,2.5,2,8.5,1.5,1.5,3,1.5,1.5,27,Low Risk,Good
Nippon India Aggressive Hybrid Seg Port 1 Direct,hybrid,Aggressive Hybrid,Direct,,,,,,,,,,,,,,,C,,0,https://www.valueresearchonline.com/funds/40312/,INF204KB16T4,148266,1,3,1,1,6,1,1,1,1,4,1,1,1,1,4,1,1,2,1,1,17,Moderately High Risk,Average
Nippon India Aggressive Hybrid Seg Port 2 Dir,hybrid,Aggressive Hybrid,Direct,,,,,,,,,,,,,,,,,0,https://www.valueresearchonline.com/funds/40856/,INF204KB13T1,148265,1,3,1,1,6,1,1,1,1,4,1,1,1,1,4,1,1,2,1,1,17,Moderately High Risk,Average
PGIM India Aggressive Hybrid Equity Dir*,hybrid,Aggressive Hybrid,Direct,2.46,10.42,9.16,Hybrid: Aggressive Hybrid,3.63,13.47,12.46,,1.04,0.4,10.79,10.14,6.6,,AAA,3.98,25,https://www.valueresearchonline.com/funds/15620/,INF663L01GX2,138386,1,2,2,3,8,1,1,1,1,4,1.5,1.5,1.5,2,6.5,1.5,1.5,3,1.5,1.5,23,Moderate Risk,Average
Quant Aggressive Hybrid Dir,hybrid,Aggressive Hybrid,Direct,13.31,16.05,15.31,Hybrid: Aggressive Hybrid,3.63,13.47,12.46,,,0.73,15.2,17.01,,,AAA,,10,https://www.valueresearchonline.com/funds/17357/,INF966L01556,120819,1,1,1,3,6,1,1,1,1,4,1,1,1.5,1.5,5,1.5,1.5,3,1,1,19,Moderately High Risk,Average
SBI Children's Investment Plan Dir*,hybrid,Aggressive Hybrid,Direct,19.29,23.39,25.53,Hybrid: Aggressive Hybrid,3.63,13.47,12.46,,,1.06,16.02,22.8,5.41,0.02,GOI/Cash,0.02,25,https://www.valueresearchonline.com/funds/41124/,INF200KA1R07,148490,3,3,1,3,10,1,2,2,3,8,1.5,2,2,1.5,7,1.5,1.5,3,1.5,1.5,29.5,Low Risk,Good
SBI Equity Hybrid Dir,hybrid,Aggressive Hybrid,Direct,5.41,14.08,12.02,Hybrid: Aggressive Hybrid,3.63,13.47,12.46,,1.03,0.76,10.77,14.01,7.69,2.47,AAA,3.65,25,https://www.valueresearchonline.com/funds/16215/,INF200K01RY0,119609,2,2,2,3,9,1,1,1,1,4,1.5,2,2,2,7.5,1.5,1.5,3,1.5,1.5,25,Moderate Risk,Average
SBI Retirement Benefit Aggressive Hybrid Dir,hybrid,Aggressive Hybrid,Direct,4.1,11.09,13.21,Hybrid: Aggressive Hybrid,3.63,13.47,12.46,,,0.45,12.04,11.26,4.29,2,GOI/Cash,2.73,25,https://www.valueresearchonline.com/funds/41275/,INF200KA1S97,148685,2,2,1,3,8,1,1,1,1,4,2,2,2,1.5,7.5,1.5,1.5,3,1.5,1.5,24,Moderate Risk,Average
Shriram Aggressive Hybrid Dir,hybrid,Aggressive Hybrid,Direct,4.14,11.5,9.97,Hybrid: Aggressive Hybrid,3.63,13.47,12.46,,,0.49,11.83,11.68,7.05,1.93,AAA,2.21,25,https://www.valueresearchonline.com/funds/22588/,INF680P01042,125711,2,2,2,3,9,1,1,1,1,4,2,2,2,2,8,2,1.5,3.5,1.5,1.5,26,Moderate Risk,Average
Sundaram Aggressive Hybrid Dir,hybrid,Aggressive Hybrid,Direct,0.52,11.41,10.86,Hybrid: Aggressive Hybrid,3.63,13.47,12.46,,1.1,0.48,11.47,11.36,6.9,2.81,AAA,4.05,25,https://www.valueresearchonline.com/funds/16521/,INF680P01059,125712,2,2,2,3,9,1,1,1,1,4,2,2,2,2,8,1.5,1.5,3,1.5,1.5,25.5,Moderate Risk,Average
Tata Aggressive Hybrid Dir,hybrid,Aggressive Hybrid,Direct,2.61,10.17,10.59,Hybrid: Aggressive Hybrid,3.63,13.47,12.46,,,0.34,11.88,9.87,7.96,3.02,AAA,5.16,25,https://www.valueresearchonline.com/funds/16662/,INF277K01MN2,119053,2,2,2,3,9,1,1,1,1,4,1.5,2,2,1.5,7,1.5,1.5,3,1.5,1.5,24.5,Moderate Risk,Average
Tata Retirement Savings Moderate Dir,hybrid,Aggressive Hybrid,Direct,4.23,14.51,12.34,Hybrid: Aggressive Hybrid,3.63,13.47,12.46,,,0.65,13.9,14.92,,,AAA,,25,https://www.valueresearchonline.com/funds/17017/,INF277K01QN3,119255,1,1,1,3,6,1,1,1,2,5,1.5,2,2,1.5,7,1.5,1.5,3,1.5,1.5,22.5,Moderate Risk,Average
UTI Aggressive Hybrid Dir,hybrid,Aggressive Hybrid,Direct,1.14,13.62,13.17,Hybrid: Aggressive Hybrid,3.63,13.47,12.46,,1.04,0.69,11.05,13.44,7.73,5.61,AAA,10.07,25,https://www.valueresearchonline.com/funds/15702/,INF789F01SK9,120674,1,1,1,1,4,1,1,1,1,4,1,1,1,1,4,1,1,2,1,1,15,Moderately High Risk,Average
Union Aggressive Hybrid Dir,hybrid,Aggressive Hybrid,Direct,3.04,12.06,10.99,Hybrid: Aggressive Hybrid,3.63,13.47,12.46,,,0.53,11.7,12.1,7.07,3.4,AAA,4.39,25,https://www.valueresearchonline.com/funds/41186/,INF582M01GY0,148592,2,2,2,3,9,1,1,1,1,4,2,2,2.5,1.5,8,1.5,1.5,3,1.5,1.5,25.5,Moderate Risk,Average
Zerodha Nifty LargeMidcap250 Plus 8-13 Yr G-Sec 70:30 Index Dir,hybrid,Aggressive Hybrid,Direct,,,,Hybrid: Aggressive Hybrid,,,,,,,,,,,GOI/Cash,,25,https://www.valueresearchonline.com/funds/45943/,INF0R8F01208,154321,,,,,,,,,,,,,,,,,,,,,,,
ABSL Aggressive Hybrid Omni FoF Reg,hybrid,Aggressive Hybrid,Regular,2.72,11.8,10.37,Hybrid: Aggressive Hybrid,2.43,12.16,11.16,,,0.57,10,11.56,,,AAA,,8,https://www.valueresearchonline.com/funds/12659/,INF084M01077,132174,1,1,1,3,6,1,1,1,1,4,1,1,1,1,4,1,1,2,1,1,17,Moderately High Risk,Average
ABSL Equity Hybrid '95 Reg,hybrid,Aggressive Hybrid,Regular,0.08,10.65,9.16,Hybrid: Aggressive Hybrid,2.43,12.16,11.16,,,0.44,11.31,10.86,8.07,4.23,AAA,6.58,25,https://www.valueresearchonline.com/funds/511/,INF209K01BT5,103155,1,1,1,1,4,1,1,1,1,4,1,1,1,1,4,1,1,2,1,1,15,Moderately High Risk,Average
ABSL Retirement 40s Reg,hybrid,Aggressive Hybrid,Regular,2.16,12.13,8.72,Hybrid: Aggressive Hybrid,2.43,12.16,11.16,,,0.56,11.72,12.45,6.46,3.91,GOI/Cash,7.66,25,https://www.valueresearchonline.com/funds/39183/,INF209KB1I56,146929,2,2,1,3,8,2,1,1,2,6,2,2,2,1.5,7.5,1.5,1.5,3,1.5,1.5,26,Moderate Risk,Average
Axis Aggressive Hybrid Reg,hybrid,Aggressive Hybrid,Regular,0.89,9.12,8,Hybrid: Aggressive Hybrid,2.43,12.16,11.16,,1.08,0.32,11.17,9.47,8.13,2.34,AA,3.03,25,https://www.valueresearchonline.com/funds/37130/,INF846K01E90,144393,2,1,3,2,8,1,1,1,1,4,2.5,2,2,2,8.5,1.5,1.5,3,1.5,1.5,25,Moderate Risk,Average
Axis Children's Reg,hybrid,Aggressive Hybrid,Regular,0.55,8.34,7.47,Hybrid: Aggressive Hybrid,2.43,12.16,11.16,,,0.24,10.9,8.53,7.5,4.27,AAA,5.35,25,https://www.valueresearchonline.com/funds/31505/,INF846K01CB0,117446,2,2,2,3,9,2,1,1,2,6,2.5,2,2,2,8.5,1.5,1.5,3,1.5,1.5,28,Low Risk,Good
Axis Retirement-Aggressive Plan Reg,hybrid,Aggressive Hybrid,Regular,-1.73,10.48,7.4,Hybrid: Aggressive Hybrid,2.43,12.16,11.16,,,0.42,12.19,11.04,7.11,6.55,AAA,11.9,25,https://www.valueresearchonline.com/funds/40427/,INF846K01T02,147823,1,1,2,3,7,1,1,1,2,5,2.5,2,2,2,8.5,1.5,1.5,3,1.5,1.5,25,Moderate Risk,Average
Bandhan Aggressive Hybrid Passive FoF Reg,hybrid,Aggressive Hybrid,Regular,9.24,13.65,11.21,Hybrid: Aggressive Hybrid,2.43,12.16,11.16,,,0.69,11.97,14.18,,,GOI/Cash,,1,https://www.valueresearchonline.com/funds/10846/,INF194K01953,112332,1,1,1,3,6,1,1,1,1,4,1,1,1,1,4,1,1,2,1,1,17,Moderately High Risk,Average
Bandhan Aggressive Hybrid Reg,hybrid,Aggressive Hybrid,Regular,7.6,14.28,12.07,Hybrid: Aggressive Hybrid,2.43,12.16,11.16,,,0.65,12.61,14.11,7.5,2.48,AAA,3.7,25,https://www.valueresearchonline.com/funds/33268/,INF194KA1U15,140381,2,2,2,3,9,1,1,1,1,4,2,2,2,2,8,1.5,1.5,3,1.5,1.5,25.5,Moderate Risk,Average
Bandhan Retirement Reg,hybrid,Aggressive Hybrid,Regular,1.16,,,Hybrid: Aggressive Hybrid,2.43,,,,,,,,7.08,8.59,GOI/Cash,20.2,25,https://www.valueresearchonline.com/funds/43789/,INF194KB1GN7,152103,1,1,2,3,7,1,1,1,1,4,2,1.5,1,2,6.5,1.5,1.5,3,1.5,1.5,22,Moderate Risk,Average
Bank of India Mid & Small Cap Eqt & Debt Reg,hybrid,Aggressive Hybrid,Regular,9.35,19.24,15.87,Hybrid: Aggressive Hybrid,2.43,12.16,11.16,,1.13,0.83,16.08,19.28,7.22,1.76,AAA,2.15,25,https://www.valueresearchonline.com/funds/32607/,INF761K01DP9,139529,2,2,2,3,9,1,2,1,3,7,2,2.5,2.5,1.5,8.5,1.5,1.5,3,1.5,1.5,29,Low Risk,Good
Baroda BNP Paribas Aggressive Hybrid Reg,hybrid,Aggressive Hybrid,Regular,1.13,11.9,10.33,Hybrid: Aggressive Hybrid,2.43,12.16,11.16,,1.07,0.56,11.18,12.1,7.63,2.17,AAA,3.5,25,https://www.valueresearchonline.com/funds/33834/,INF955L01IY6,152904,2,2,2,3,9,1,1,1,1,4,2,2,2,1.5,7.5,1.5,1.5,3,1.5,1.5,25,Moderate Risk,Average
Baroda BNP Paribas Retirement Reg,hybrid,Aggressive Hybrid,Regular,3.61,,,Hybrid: Aggressive Hybrid,2.43,,,,,,,,7.5,9.82,AAA,28.83,25,https://www.valueresearchonline.com/funds/44293/,INF251K01TH4,152625,1,1,2,3,7,1,1,1,1,4,2,2,2,1.5,7.5,1.5,1.5,3,1.5,1.5,23,Moderate Risk,Average
Canara Robeco Equity Hybrid Reg,hybrid,Aggressive Hybrid,Regular,1.78,11.32,10.15,Hybrid: Aggressive Hybrid,2.43,12.16,11.16,,1.09,0.48,11.38,11.34,7.14,1.22,AAA,2.07,25,https://www.valueresearchonline.com/funds/75/,INF760K01050,106166,2,2,2,3,9,1,1,1,1,4,2,2.5,2.5,1.5,8.5,1.5,1.5,3,1.5,1.5,26,Moderate Risk,Average
DSP Aggressive Hybrid Reg,hybrid,Aggressive Hybrid,Regular,-2.19,11.6,9.89,Hybrid: Aggressive Hybrid,2.43,12.16,11.16,,,0.54,11.15,11.84,7.3,5.48,AAA,13.24,25,https://www.valueresearchonline.com/funds/610/,INF740K01318,100081,1,1,2,3,7,1,1,1,1,4,1.5,2,2,1.5,7,2,1.5,3.5,1.5,1.5,23,Moderate Risk,Average
Edelweiss Aggressive Hybrid B,hybrid,Aggressive Hybrid,Regular,2.11,13.76,13.45,Hybrid: Aggressive Hybrid,2.43,12.16,11.16,,1.12,0.69,11.59,13.91,7.37,1.21,AAA,1.31,25,https://www.valueresearchonline.com/funds/10478/,INF754K01160,112012,,,,,,,,,,,,,,,,,,,,,,,
Edelweiss Aggressive Hybrid Reg,hybrid,Aggressive Hybrid,Regular,2.12,13.73,13.4,Hybrid: Aggressive Hybrid,2.43,12.16,11.16,,1.12,0.69,11.58,13.87,7.37,1.21,AAA,1.31,25,https://www.valueresearchonline.com/funds/10609/,INF754K01202,112108,2,3,2,3,10,1,1,1,1,4,2.5,2,2,2,8.5,1.5,1.5,3,1.5,1.5,27,Low Risk,Good
Edelweiss Nifty LargeMidcap250 Plus 8-13 Yr G-Sec 70:30 Index Reg,hybrid,Aggressive Hybrid,Regular,,,,Hybrid: Aggressive Hybrid,,,,,,,,,7.04,6.95,GOI/Cash,8.93,25,https://www.valueresearchonline.com/funds/45921/,INF754K01WV2,154312,,,,,,,,,,,,,,,,,,,,,,,
Franklin India Aggressive Hybrid Reg,hybrid,Aggressive Hybrid,Regular,-1.5,11.46,10.16,Hybrid: Aggressive Hybrid,2.43,12.16,11.16,,,0.53,10.56,11.5,8.09,2.62,AAA,3.29,25,https://www.valueresearchonline.com/funds/692/,INF582M01HC4,148591,2,2,2,3,9,1,1,1,1,4,2,2,2,2,8,1.5,1.5,3,1.5,1.5,25.5,Moderate Risk,Average
Groww Aggressive Hybrid Reg,hybrid,Aggressive Hybrid,Regular,-0.25,9.09,8.74,Hybrid: Aggressive Hybrid,2.43,12.16,11.16,,1.1,0.3,11.43,9.27,6.33,0.53,CASH,0.54,25,https://www.valueresearchonline.com/funds/38324/,INF582M01HE0,148590,3,3,2,3,11,1,1,1,1,4,1.5,2,2,1.5,7,2,1.5,3.5,1.5,1.5,27,Low Risk,Good
HDFC Children's Reg,hybrid,Aggressive Hybrid,Regular,-1.19,9.65,11.27,Hybrid: Aggressive Hybrid,2.43,12.16,11.16,,,0.33,10.9,9.47,7.2,4.58,AAA,6.78,25,https://www.valueresearchonline.com/funds/936/,INF0GCD01537,151322,2,2,2,3,9,2,1,1,2,6,1.5,1,1,1,4.5,1.5,1,2.5,1.5,1.5,23.5,Moderate Risk,Average
HDFC Hybrid Equity Reg,hybrid,Aggressive Hybrid,Regular,-4.33,7.43,9.39,Hybrid: Aggressive Hybrid,2.43,12.16,11.16,,1.08,0.15,10.76,7.44,7.92,5.46,AAA,10.15,25,https://www.valueresearchonline.com/funds/2668/,,118191,1,1,2,3,7,1,1,1,1,4,1.5,1,1,1,4.5,2,1,3,1.5,1.5,20,Moderate Risk,Average
HDFC Retirement Savings Hybrid Equity Reg,hybrid,Aggressive Hybrid,Regular,-3.51,8.98,9.89,Hybrid: Aggressive Hybrid,2.43,12.16,11.16,,,0.31,10.84,9.18,6.75,3.77,AAA,5.13,25,https://www.valueresearchonline.com/funds/31781/,INF277K01FH8,115943,2,2,2,3,9,1,1,1,1,4,2,1,1,1,5,1.5,1,2.5,1.5,1.5,22,Moderate Risk,Average
HSBC Aggressive Hybrid Active FoF Reg,hybrid,Aggressive Hybrid,Regular,5.85,13.11,11.58,Hybrid: Aggressive Hybrid,2.43,12.16,11.16,,1.12,0.58,12.25,12.99,,,AAA,,3,https://www.valueresearchonline.com/funds/25858/,INF194K01961,112331,1,1,1,3,6,1,1,1,1,4,1,1,1,1,4,1,1,2,1,1,17,Moderately High Risk,Average
HSBC Aggressive Hybrid Reg,hybrid,Aggressive Hybrid,Regular,6.92,13.54,11.28,Hybrid: Aggressive Hybrid,2.43,12.16,11.16,,1.18,0.56,13.8,13.62,7.81,1.52,AAA,1.81,25,https://www.valueresearchonline.com/funds/12056/,INF917K01LB0,151120,2,2,2,3,9,1,1,1,1,4,2,2.5,2.5,1.5,8.5,1.5,1.5,3,1.5,1.5,26,Moderate Risk,Average
ICICI Pru Aggressive Hybrid Active FoF*,hybrid,Aggressive Hybrid,Regular,-0.62,14.94,14.16,Hybrid: Aggressive Hybrid,2.43,12.16,11.16,,,0.74,12.06,14.76,,,AAA,,7,https://www.valueresearchonline.com/funds/1936/,INF109K01852,102135,,,,,,,,,,,,,,,,,,,,,,,
ICICI Pru Children's,hybrid,Aggressive Hybrid,Regular,1.99,15.22,13.53,Hybrid: Aggressive Hybrid,2.43,12.16,11.16,,1.46,0.68,14.83,15.97,,,AAA,,25,https://www.valueresearchonline.com/funds/1031/,INF109K01Y49,120579,1,1,1,3,6,1,2,2,3,8,2,2,2,1.5,7.5,1.5,1.5,3,1.5,1.5,26,Moderate Risk,Average
ICICI Pru Equity & Debt,hybrid,Aggressive Hybrid,Regular,4.03,16.13,16.84,Hybrid: Aggressive Hybrid,2.43,12.16,11.16,,1.03,0.9,10.84,15.66,7.46,3.65,AAA,7.07,25,https://www.valueresearchonline.com/funds/686/,INF109K01480,100356,2,1,2,3,8,2,2,2,3,9,2.5,2,2,2,8.5,1.5,1.5,3,2,2,30.5,Low Risk,Good
ICICI Pru Retirement Hybrid Aggressive,hybrid,Aggressive Hybrid,Regular,10.62,19.61,16.08,Hybrid: Aggressive Hybrid,2.43,12.16,11.16,,1.3,0.98,13.92,19.49,7.35,3.06,AAA,6.82,25,https://www.valueresearchonline.com/funds/39057/,INF109KC1TV6,146723,2,2,2,3,9,1,1,1,1,4,2,2.5,2.5,1.5,8.5,1.5,1,2.5,1.5,1.5,25.5,Moderate Risk,Average
Invesco India Aggressive Hybrid Reg,hybrid,Aggressive Hybrid,Regular,-5.97,11.25,9.83,Hybrid: Aggressive Hybrid,2.43,12.16,11.16,,1.17,0.43,12.6,11.26,7.51,1.2,AAA,1.33,25,https://www.valueresearchonline.com/funds/36538/,INF205K011Q3,143536,2,2,2,3,9,1,1,1,1,4,2,2,2,2,8,1.5,1.5,3,1.5,1.5,25.5,Moderate Risk,Average
JM Aggressive Hybrid Reg,hybrid,Aggressive Hybrid,Regular,-3.54,14.14,13.01,Hybrid: Aggressive Hybrid,2.43,12.16,11.16,,1.15,0.62,14.08,14.65,7.8,2.52,AAA,2.99,25,https://www.valueresearchonline.com/funds/106/,INF192K01544,100221,2,2,2,3,9,1,1,1,1,4,1.5,2,2.5,1.5,7.5,1.5,1.5,3,1.5,1.5,25,Moderate Risk,Average
Kotak Aggressive Hybrid Reg,hybrid,Aggressive Hybrid,Regular,5.06,13.42,12.19,Hybrid: Aggressive Hybrid,2.43,12.16,11.16,,,0.58,12.98,13.4,7.2,4.07,AAA,9.32,25,https://www.valueresearchonline.com/funds/707/,INF174K01E92,133036,1,1,2,3,7,1,1,1,1,4,2,2,2.5,1.5,8,1.5,1.5,3,1.5,1.5,23.5,Moderate Risk,Average
LIC MF Aggressive Hybrid Reg,hybrid,Aggressive Hybrid,Regular,-0.34,10.76,9.01,Hybrid: Aggressive Hybrid,2.43,12.16,11.16,,1.15,0.4,12.42,10.9,6.78,4.11,AAA,8.03,25,https://www.valueresearchonline.com/funds/140/,INF767K01030,100323,1,1,1,3,6,1,1,1,1,4,2,2.5,2.5,2,9,1.5,1.5,3,1.5,1.5,23.5,Moderate Risk,Average
LIC MF ULIS Reg,hybrid,Aggressive Hybrid,Regular,-2.91,8.27,8.47,Hybrid: Aggressive Hybrid,2.43,12.16,11.16,,,0.18,11.62,7.98,,,AAA,,25,https://www.valueresearchonline.com/funds/120/,INF767K01535,105823,1,1,1,3,6,2,1,1,2,6,1.5,2,2,2,7.5,1.5,1.5,3,1.5,1.5,24,Moderate Risk,Average
Mahindra Manulife Aggressive Hybrid Reg,hybrid,Aggressive Hybrid,Regular,-0.65,12.81,12.02,Hybrid: Aggressive Hybrid,2.43,12.16,11.16,,,0.59,11.65,12.76,7.68,2.88,AAA,4.92,25,https://www.valueresearchonline.com/funds/40092/,INF174V01754,147447,2,2,2,3,9,1,1,1,1,4,2,2,2,1.5,7.5,1.5,1.5,3,1.5,1.5,25,Moderate Risk,Average
Mirae Asset Aggressive Hybrid Reg,hybrid,Aggressive Hybrid,Regular,4.15,11.74,10.41,Hybrid: Aggressive Hybrid,2.43,12.16,11.16,,,0.5,11.62,11.71,7.53,2.79,AAA,4.62,25,https://www.valueresearchonline.com/funds/30602/,INF769K01DE6,134815,2,2,2,3,9,1,1,1,1,4,2,2,2,1.5,7.5,1.5,1.5,3,1.5,1.5,25,Moderate Risk,Average
Navi Aggressive Hybrid Reg,hybrid,Aggressive Hybrid,Regular,6.86,11.35,10.75,Hybrid: Aggressive Hybrid,2.43,12.16,11.16,,,0.46,12.08,11.43,6.01,0.04,AAA,0.04,25,https://www.valueresearchonline.com/funds/35937/,INF959L01DI2,143162,3,3,2,3,11,1,1,1,1,4,2,2,2,1.5,7.5,1.5,1.5,3,1.5,1.5,27,Low Risk,Good
Nippon India Aggressive Hybrid Reg,hybrid,Aggressive Hybrid,Regular,2.73,12.28,11.65,Hybrid: Aggressive Hybrid,2.43,12.16,11.16,,,0.59,10.88,12.25,8.4,3.31,AAA,4.68,25,https://www.valueresearchonline.com/funds/2791/,INF205K011Q3,143536,2,2,3,3,10,1,1,1,1,4,2,2,2.5,2,8.5,1.5,1.5,3,1.5,1.5,27,Low Risk,Good
Nippon India Aggressive Hybrid Seg Port 1 Reg,hybrid,Aggressive Hybrid,Regular,,,,,,,,,,,,,,,C,,0,https://www.valueresearchonline.com/funds/40308/,INF204KB13G8,147685,,,,,,,,,,,,,,,,,,,,,,,
Nippon India Aggressive Hybrid Seg Port 2 Reg,hybrid,Aggressive Hybrid,Regular,,,,,,,,,,,,,,,,,0,https://www.valueresearchonline.com/funds/40852/,INF205K011Q3,143536,1,3,1,1,6,1,1,1,1,4,1,1,1,1,4,1,1,2,1,1,17,Moderately High Risk,Average
PGIM India Aggressive Hybrid Equity Reg,hybrid,Aggressive Hybrid,Regular,0.87,8.68,7.42,Hybrid: Aggressive Hybrid,2.43,12.16,11.16,,1.04,0.25,10.79,8.55,6.6,,AAA,3.98,25,https://www.valueresearchonline.com/funds/2057/,INF205K011Q3,143536,1,2,2,3,8,1,1,1,1,4,1.5,1.5,1.5,2,6.5,1.5,1.5,3,1.5,1.5,23,Moderate Risk,Average
Quant Aggressive Hybrid Reg,hybrid,Aggressive Hybrid,Regular,11.87,14.55,13.84,Hybrid: Aggressive Hybrid,2.43,12.16,11.16,,,0.65,15.18,15.68,,,AAA,,10,https://www.valueresearchonline.com/funds/950/,INF966L01267,101070,1,1,1,3,6,1,1,1,1,4,1,1,1.5,1.5,5,1.5,1.5,3,1,1,19,Moderately High Risk,Average
SBI Children's Investment Plan Reg,hybrid,Aggressive Hybrid,Regular,18.11,22.05,24.03,Hybrid: Aggressive Hybrid,2.43,12.16,11.16,,,0.99,16,21.68,5.41,0.02,GOI/Cash,0.02,25,https://www.valueresearchonline.com/funds/41123/,INF200KA1Q99,148489,3,3,1,3,10,1,2,2,3,8,1.5,2,2,1.5,7,1.5,1.5,3,1.5,1.5,29.5,Low Risk,Good
SBI Equity Hybrid Reg,hybrid,Aggressive Hybrid,Regular,4.73,13.32,11.26,Hybrid: Aggressive Hybrid,2.43,12.16,11.16,,1.03,0.69,10.76,13.34,7.69,2.47,AAA,3.65,25,https://www.valueresearchonline.com/funds/204/,INF200K01107,102885,2,2,2,3,9,1,1,1,1,4,1.5,2,2,2,7.5,1.5,1.5,3,1.5,1.5,25,Moderate Risk,Average
SBI Retirement Benefit Aggressive Hybrid Reg,hybrid,Aggressive Hybrid,Regular,3.06,9.94,11.95,Hybrid: Aggressive Hybrid,2.43,12.16,11.16,,,0.36,12.02,10.21,4.29,2,GOI/Cash,2.73,25,https://www.valueresearchonline.com/funds/41273/,INF200KA1S71,148695,2,2,1,3,8,1,1,1,1,4,2,2,2,1.5,7.5,1.5,1.5,3,1.5,1.5,24,Moderate Risk,Average
Shriram Aggressive Hybrid Reg,hybrid,Aggressive Hybrid,Regular,2.38,9.66,8.22,Hybrid: Aggressive Hybrid,2.43,12.16,11.16,,,0.35,11.83,10.01,7.05,1.93,AAA,2.21,25,https://www.valueresearchonline.com/funds/22586/,INF680P01018,125713,2,2,2,3,9,1,1,1,1,4,2,2,2,2,8,2,1.5,3.5,1.5,1.5,26,Moderate Risk,Average
Sundaram Aggressive Hybrid Reg,hybrid,Aggressive Hybrid,Regular,-0.55,10.18,9.58,Hybrid: Aggressive Hybrid,2.43,12.16,11.16,,1.1,0.38,11.46,10.24,6.9,2.81,AAA,4.05,25,https://www.valueresearchonline.com/funds/714/,INF680P01026,125714,2,2,2,3,9,1,1,1,1,4,2,2,2,2,8,1.5,1.5,3,1.5,1.5,25.5,Moderate Risk,Average
Tata Aggressive Hybrid Reg,hybrid,Aggressive Hybrid,Regular,1.65,9.13,9.55,Hybrid: Aggressive Hybrid,2.43,12.16,11.16,,,0.26,11.87,8.92,7.96,3.02,AAA,5.16,25,https://www.valueresearchonline.com/funds/211/,INF277K01303,100414,2,2,2,3,9,1,1,1,1,4,1.5,2,2,1.5,7,1.5,1.5,3,1.5,1.5,24.5,Moderate Risk,Average
Tata Retirement Savings Moderate Reg,hybrid,Aggressive Hybrid,Regular,2.81,12.92,10.76,Hybrid: Aggressive Hybrid,2.43,12.16,11.16,,,0.55,13.89,13.51,,,AAA,,25,https://www.valueresearchonline.com/funds/13414/,INF277K01FH8,115943,1,1,1,3,6,1,1,1,2,5,1.5,2,2,1.5,7,1.5,1.5,3,1.5,1.5,22.5,Moderate Risk,Average
UTI Aggressive Hybrid,hybrid,Aggressive Hybrid,Regular,0.5,12.9,12.46,Hybrid: Aggressive Hybrid,2.43,12.16,11.16,,1.04,0.63,11.04,12.79,7.73,5.61,AAA,10.07,25,https://www.valueresearchonline.com/funds/284/,INF789F01323,100684,1,1,1,1,4,1,1,1,1,4,1,1,1,1,4,1,1,2,1,1,15,Moderately High Risk,Average
Union Aggressive Hybrid Reg,hybrid,Aggressive Hybrid,Regular,1.85,10.77,9.73,Hybrid: Aggressive Hybrid,2.43,12.16,11.16,,,0.43,11.65,10.91,7.07,3.4,AAA,4.39,25,https://www.valueresearchonline.com/funds/41184/,INF582M01HC4,148591,2,2,2,3,9,1,1,1,1,4,2,2,2.5,1.5,8,1.5,1.5,3,1.5,1.5,25.5,Moderate Risk,Average
ABSL Arbitrage Dir,hybrid,Arbitrage,Direct,6.5,7.59,6.65,Hybrid: Arbitrage,6.39,7.38,6.46,,,2.79,0.48,7.21,7.67,0.63,GOI/Cash,0.71,25,https://www.valueresearchonline.com/funds/15739/,INF209K01VP1,119526,1,1,1,1,4,3,3,3,1,10,1,1,1,1,4,1,1,2,1,1,21,Moderate Risk,Average
Axis Arbitrage Dir,hybrid,Arbitrage,Direct,6.47,7.51,6.67,Hybrid: Arbitrage,6.39,7.38,6.46,,0.62,2.64,0.48,7.14,7.02,0.66,GOI/Cash,0.66,25,https://www.valueresearchonline.com/funds/27587/,INF846K01PZ1,130773,3,3,2,3,11,3,3,3,1,10,2.5,2,2,1,7.5,1.5,1.5,3,2,2,33.5,Low Risk,Good
Bajaj Finserv Arbitrage Dir,hybrid,Arbitrage,Direct,6.38,,,Hybrid: Arbitrage,6.39,,,,0.53,,,,6.78,0.31,GOI/Cash,0.31,25,https://www.valueresearchonline.com/funds/43770/,INF0QA701524,152077,3,3,1,3,10,1,1,1,1,4,2.5,1.5,1,1,6,1.5,2,3.5,2,2,25.5,Moderate Risk,Average
Bandhan Arbitrage Dir,hybrid,Arbitrage,Direct,6.26,7.49,6.59,Hybrid: Arbitrage,6.39,7.38,6.46,,,2.54,0.49,7.12,,,GOI/Cash,,25,https://www.valueresearchonline.com/funds/17551/,INF194K01Y60,118474,1,1,1,3,6,3,3,3,1,10,2.5,2,2,1,7.5,1.5,2,3.5,2,2,29,Low Risk,Good
Bank of India Arbitrage Dir,hybrid,Arbitrage,Direct,5.93,6.91,5.66,Hybrid: Arbitrage,6.39,7.38,6.46,,,1.58,0.47,6.61,6.2,0.22,GOI/Cash,0.22,25,https://www.valueresearchonline.com/funds/36392/,INF761K01ED3,143614,3,3,1,3,10,3,3,2,1,9,1.5,1.5,2,1,6,1.5,2,3.5,1.5,1.5,30,Low Risk,Good
Baroda BNP Paribas Arbitrage Dir,hybrid,Arbitrage,Direct,6.29,7.5,6.49,Hybrid: Arbitrage,6.39,7.38,6.46,,0.55,2.57,0.5,7.14,6.73,0.24,GOI/Cash,0.25,25,https://www.valueresearchonline.com/funds/33244/,INF251K01OT0,150251,3,3,1,3,10,3,3,3,1,10,2.5,2,1.5,1,7,1.5,1.5,3,2,2,32,Low Risk,Good
Capitalmind Arbitrage Dir,hybrid,Arbitrage,Direct,,,,Hybrid: Arbitrage,,,,,,,,,6.1,0.06,GOI/Cash,0.06,25,https://www.valueresearchonline.com/funds/45859/,INF226401125,154234,1,1,1,1,4,1,1,1,1,4,1,1,1,1,4,1,1,2,1,1,15,Moderately High Risk,Average
DSP Arbitrage Dir,hybrid,Arbitrage,Direct,6.31,7.4,6.49,Hybrid: Arbitrage,6.39,7.38,6.46,,,2.45,0.48,7.04,,,GOI/Cash,,0,https://www.valueresearchonline.com/funds/35111/,INF740KA1DN4,142283,3,3,2,3,11,3,3,3,1,10,2.5,2,2,1,7.5,2,2,4,2,2,34.5,Very Low Risk,Good
Edelweiss Arbitrage Dir,hybrid,Arbitrage,Direct,6.44,7.6,6.74,Hybrid: Arbitrage,6.39,7.38,6.46,,,2.75,0.5,7.23,7.31,0.53,GOI/Cash,0.53,25,https://www.valueresearchonline.com/funds/27145/,INF754K01EA4,130206,3,3,2,3,11,3,3,3,1,10,2.5,2,2,1,7.5,1.5,1.5,3,2,2,33.5,Low Risk,Good
Franklin India Arbitrage Dir,hybrid,Arbitrage,Direct,6.77,,,Hybrid: Arbitrage,6.39,,,,,,,,7.67,0.64,AAA,0.67,25,https://www.valueresearchonline.com/funds/44703/,INF090I01XS9,153043,3,3,2,3,11,1,1,1,1,4,2.5,2,2,1,7.5,1.5,1.5,3,2,2,27.5,Low Risk,Good
Groww Arbitrage Dir,hybrid,Arbitrage,Direct,,,,Hybrid: Arbitrage,,,,,,,,,,,CASH,,25,https://www.valueresearchonline.com/funds/45946/,INF666M01ON8,154320,,,,,,,,,,,,,,,,,,,,,,,
HDFC Arbitrage Dir,hybrid,Arbitrage,Direct,6.44,7.47,6.51,Hybrid: Arbitrage,6.39,7.38,6.46,,,2.55,0.48,7.1,7.59,0.59,GOI/Cash,0.59,25,https://www.valueresearchonline.com/funds/26024/,INF179K01UU8,118931,3,3,1,3,10,3,3,3,1,10,2.5,2,2,1,7.5,1.5,1.5,3,2,2,32.5,Low Risk,Good
HDFC Arbitrage Direct,hybrid,Arbitrage,Direct,,,,,,,,,,,,,7.59,0.59,GOI/Cash,0.59,0,https://www.valueresearchonline.com/funds/15981/,INF179KA1KT6,129052,3,3,1,3,10,3,3,3,1,10,2.5,2,2,1,7.5,1.5,1.5,3,2,2,32.5,Low Risk,Good
HSBC Arbitrage Dir,hybrid,Arbitrage,Direct,6.34,7.39,6.45,Hybrid: Arbitrage,6.39,7.38,6.46,,0.61,2.38,0.49,7.02,7.52,0.62,GOI/Cash,0.62,25,https://www.valueresearchonline.com/funds/27300/,INF917K01QR5,151138,1,1,1,3,6,3,3,3,1,10,2.5,1.5,1.5,1,6.5,1.5,2,3.5,2,2,28,Low Risk,Good
Helios Arbitrage Dir,hybrid,Arbitrage,Direct,,,,Hybrid: Arbitrage,,,,,,,,,,,GOI/Cash,,25,https://www.valueresearchonline.com/funds/45891/,INF0R8701442,154257,1,1,1,1,4,1,1,1,1,4,1,1,1,1,4,1,1,2,1,1,15,Moderately High Risk,Average
ICICI Pru Equity Arbitrage Dir,hybrid,Arbitrage,Direct,6.36,7.48,6.58,Hybrid: Arbitrage,6.39,7.38,6.46,,,2.54,0.49,7.11,7.57,0.65,GOI/Cash,0.65,25,https://www.valueresearchonline.com/funds/17396/,INF109K016O4,120364,3,3,1,3,10,3,3,3,1,10,2.5,2,2,1,7.5,1.5,1.5,3,2,2,32.5,Low Risk,Good
ITI Arbitrage Dir,hybrid,Arbitrage,Direct,6.46,7.49,6,Hybrid: Arbitrage,6.39,7.38,6.46,,0.57,2.73,0.49,7.2,,,GOI/Cash,,25,https://www.valueresearchonline.com/funds/40255/,INF00XX01440,147617,1,1,1,3,6,3,3,3,1,10,1.5,1.5,1.5,2.5,7,1.5,1.5,3,1.5,1.5,27.5,Low Risk,Good
Invesco India Arbitrage Dir,hybrid,Arbitrage,Direct,6.61,7.65,6.88,Hybrid: Arbitrage,6.39,7.38,6.46,,0.6,3.06,0.46,7.28,7.06,0.47,GOI/Cash,0.49,25,https://www.valueresearchonline.com/funds/16368/,INF205K01KR8,120401,3,3,1,3,10,3,3,3,1,10,2.5,2,2,2.5,9,1.5,1.5,3,2,2,34,Very Low Risk,Good
JM Arbitrage Dir,hybrid,Arbitrage,Direct,6.16,7.15,6.19,Hybrid: Arbitrage,6.39,7.38,6.46,,0.62,1.95,0.49,6.82,5.12,0.22,GOI/Cash,0.22,25,https://www.valueresearchonline.com/funds/17142/,INF192K01BN6,120482,3,3,1,3,10,3,3,3,1,10,2.5,2,2,1,7.5,2,2,4,2,2,33.5,Low Risk,Good
JioBlackRock Arbitrage Dir,hybrid,Arbitrage,Direct,,,,Hybrid: Arbitrage,,,,,,,,,7.43,0.39,GOI/Cash,0.39,25,https://www.valueresearchonline.com/funds/45707/,INF22M001101,154076,3,3,1,3,10,1,1,1,1,4,2,1.5,1.5,1,6,2,1.5,3.5,1.5,1.5,25,Moderate Risk,Average
Kotak Arbitrage Dir,hybrid,Arbitrage,Direct,6.48,7.66,6.78,Hybrid: Arbitrage,6.39,7.38,6.46,,,2.77,0.51,7.28,7.75,0.59,GOI/Cash,0.63,25,https://www.valueresearchonline.com/funds/17136/,INF174K01LC6,119771,3,3,2,3,11,3,3,3,1,10,2.5,2,1.5,1,7,1.5,1.5,3,2,2,33,Low Risk,Good
LIC MF Arbitrage Dir,hybrid,Arbitrage,Direct,6.39,7.26,6.42,Hybrid: Arbitrage,6.39,7.38,6.46,,,2.55,0.41,6.92,,,GOI/Cash,,25,https://www.valueresearchonline.com/funds/38702/,INF767K01PP0,145895,1,1,1,3,6,3,3,3,1,10,1.5,1,1,1,4.5,1.5,1.5,3,1.5,1.5,25,Moderate Risk,Average
Mahindra Manulife Arbitrage Dir,hybrid,Arbitrage,Direct,6.02,6.51,5.68,Hybrid: Arbitrage,6.39,7.38,6.46,,,0.67,0.42,6.15,5.33,0,GOI/Cash,0,24,https://www.valueresearchonline.com/funds/41084/,INF174V01AA0,148468,3,3,1,3,10,3,1,1,1,6,1,1,1,1,4,1.5,1.5,3,1.5,1.5,24.5,Moderate Risk,Average
Mirae Asset Arbitrage Dir,hybrid,Arbitrage,Direct,6.46,7.54,6.6,Hybrid: Arbitrage,6.39,7.38,6.46,,,2.69,0.49,7.19,5.34,0.01,GOI/Cash,0.01,25,https://www.valueresearchonline.com/funds/41014/,INF769K01FS1,148401,3,3,1,3,10,3,3,3,1,10,2.5,2.5,2.5,1,8.5,1.5,1.5,3,2,2,33.5,Low Risk,Good
Motilal Oswal Arbitrage Dir,hybrid,Arbitrage,Direct,7.08,,,Hybrid: Arbitrage,6.39,,,,,,,,6.06,0.22,GOI/Cash,0.22,25,https://www.valueresearchonline.com/funds/44839/,INF247L01ED1,153187,3,3,2,3,11,1,1,1,1,4,2.5,2,1.5,2.5,8.5,1.5,1.5,3,2,2,28.5,Low Risk,Good
NJ Arbitrage Dir,hybrid,Arbitrage,Direct,6.1,7,,Hybrid: Arbitrage,6.39,7.38,,,,1.66,0.49,6.68,5.64,0.37,GOI/Cash,0.37,25,https://www.valueresearchonline.com/funds/42435/,INF0J8L01065,150367,3,3,1,3,10,3,3,3,1,10,1.5,1.5,1.5,1,5.5,2,2,4,1.5,1.5,31,Low Risk,Good
Nippon India Arbitrage Dir,hybrid,Arbitrage,Direct,6.47,7.49,6.64,Hybrid: Arbitrage,6.39,7.38,6.46,,,2.66,0.47,7.11,,,GOI/Cash,,25,https://www.valueresearchonline.com/funds/17008/,INF204K01XZ7,118585,1,1,1,3,6,3,3,3,1,10,2.5,2,2,1,7.5,1.5,1.5,3,2,2,28.5,Low Risk,Good
Old Bridge Arbitrage Dir,hybrid,Arbitrage,Direct,,,,Hybrid: Arbitrage,,,,,,,,,,,GOI/Cash,,25,https://www.valueresearchonline.com/funds/45603/,INF0S5R01125,153979,1,1,1,3,6,1,1,1,1,4,2,2,2,1,7,1.5,1.5,3,2,2,22,Moderate Risk,Average
PGIM India Arbitrage Dir,hybrid,Arbitrage,Direct,6.13,7.21,6.31,Hybrid: Arbitrage,6.39,7.38,6.46,,0.51,2.09,0.48,6.87,,,GOI/Cash,,21,https://www.valueresearchonline.com/funds/27877/,INF223J013N7,138875,1,1,1,3,6,3,3,2,1,9,1,1,1,1,4,1.5,1.5,3,1.5,1.5,23.5,Moderate Risk,Average
Parag Parikh Arbitrage Dir,hybrid,Arbitrage,Direct,6.25,,,Hybrid: Arbitrage,6.39,,,,,,,,6.91,0.25,GOI/Cash,0.25,25,https://www.valueresearchonline.com/funds/43816/,INF879O01225,152109,3,3,2,3,11,1,1,1,1,4,2.5,2,2,1,7.5,1.5,2,3.5,2,2,28,Low Risk,Good
Quant Arbitrage Dir,hybrid,Arbitrage,Direct,7.34,,,Hybrid: Arbitrage,6.39,,,,,,,,,,GOI/Cash,,25,https://www.valueresearchonline.com/funds/45075/,INF966L01DW8,153426,1,1,1,3,6,1,1,1,1,4,1.5,1.5,1.5,2.5,7,2,1.5,3.5,1.5,1.5,22,Moderate Risk,Average
SBI Arbitrage Opportunities Dir,hybrid,Arbitrage,Direct,6.36,7.47,6.7,Hybrid: Arbitrage,6.39,7.38,6.46,,0.63,2.62,0.47,7.1,7.12,0.38,GOI/Cash,0.42,25,https://www.valueresearchonline.com/funds/17570/,INF200K01QU0,119574,3,3,2,3,11,3,3,3,1,10,2.5,2,2,1,7.5,1.5,1.5,3,2,2,33.5,Low Risk,Good
Samco Arbitrage Dir,hybrid,Arbitrage,Direct,5.04,,,Hybrid: Arbitrage,6.39,,,,,,,,,,Cash,,18,https://www.valueresearchonline.com/funds/44723/,INF0K1H01214,153090,1,1,1,3,6,1,1,1,1,4,1,1,1,1,4,1.5,1.5,3,1,1,18,Moderately High Risk,Average
Sundaram Arbitrage Dir,hybrid,Arbitrage,Direct,6.6,7.37,6.26,Hybrid: Arbitrage,6.39,7.38,6.46,,,2.83,0.4,6.99,5.02,0.33,GOI/Cash,0.34,25,https://www.valueresearchonline.com/funds/32287/,,147927,3,3,1,3,10,3,3,3,1,10,1.5,1.5,1.5,2.5,7,2,2,4,1.5,1.5,32.5,Low Risk,Good
TRUSTMF Arbitrage Dir,hybrid,Arbitrage,Direct,,,,Hybrid: Arbitrage,,,,,,,,,,,GOI/Cash,,25,https://www.valueresearchonline.com/funds/45455/,INF0GCD01859,153804,1,1,1,3,6,1,1,1,1,4,1.5,1.5,1.5,1,5.5,1.5,2,3.5,1.5,1.5,20.5,Moderate Risk,Average
Tata Arbitrage Dir,hybrid,Arbitrage,Direct,6.62,7.65,6.71,Hybrid: Arbitrage,6.39,7.38,6.46,,,3,0.47,7.28,7.82,0.57,GOI/Cash,0.58,25,https://www.valueresearchonline.com/funds/38502/,INF277K017Q3,145724,3,3,2,3,11,3,3,3,1,10,2.5,2,2,1,7.5,1.5,1.5,3,2,2,33.5,Low Risk,Good
The Wealth Company Arbtg Dir,hybrid,Arbitrage,Direct,,,,Hybrid: Arbitrage,,,,,,,,,,,GOI/Cash,,25,https://www.valueresearchonline.com/funds/45515/,INF2F0001271,153891,1,1,1,3,6,1,1,1,1,4,2,2,2,1,7,1.5,1.5,3,1.5,1.5,21.5,Moderate Risk,Average
UTI Arbitrage Dir,hybrid,Arbitrage,Direct,6.43,7.52,6.56,Hybrid: Arbitrage,6.39,7.38,6.46,,0.5,2.63,0.49,7.15,7.6,0.6,GOI/Cash,0.6,25,https://www.valueresearchonline.com/funds/17771/,INF789FB1RG6,120795,3,3,1,3,10,3,3,3,1,10,2.5,2,2,1,7.5,1.5,1.5,3,2,2,32.5,Low Risk,Good
Union Arbitrage Dir,hybrid,Arbitrage,Direct,6.21,7.34,6.36,Hybrid: Arbitrage,6.39,7.38,6.46,,,2.19,0.51,6.98,6.62,0.49,GOI/Cash,0.49,25,https://www.valueresearchonline.com/funds/38971/,INF582M01ES7,146297,3,3,1,3,10,3,3,3,1,10,2,2,2,1,7,1.5,1.5,3,2,2,32,Low Risk,Good
WhiteOak Capital Arbitrage Dir,hybrid,Arbitrage,Direct,6.83,,,Hybrid: Arbitrage,6.39,,,,,,,,6.23,0.29,GOI/Cash,0.29,25,https://www.valueresearchonline.com/funds/44529/,INF03VN01910,152849,3,3,1,3,10,1,1,1,1,4,2.5,2,2,2.5,9,1.5,1.5,3,2,2,28,Low Risk,Good
ABSL Arbitrage Reg,hybrid,Arbitrage,Regular,5.73,6.83,5.9,Hybrid: Arbitrage,5.67,6.67,5.75,,,1.32,0.48,6.5,7.67,0.63,GOI/Cash,0.71,25,https://www.valueresearchonline.com/funds/10586/,INF209K01264,112088,1,1,1,1,4,3,3,3,1,10,1,1,1,1,4,1,1,2,1,1,21,Moderate Risk,Average
Axis Arbitrage Reg,hybrid,Arbitrage,Regular,5.73,6.79,5.93,Hybrid: Arbitrage,5.67,6.67,5.75,,0.62,1.23,0.48,6.46,7.02,0.66,GOI/Cash,0.66,25,https://www.valueresearchonline.com/funds/27585/,INF846K01QC8,130771,3,3,2,3,11,3,3,3,1,10,2.5,2,2,1,7.5,1.5,1.5,3,2,2,33.5,Low Risk,Good
Bajaj Finserv Arbitrage Reg,hybrid,Arbitrage,Regular,5.64,,,Hybrid: Arbitrage,5.67,,,,0.53,,,,6.78,0.31,GOI/Cash,0.31,25,https://www.valueresearchonline.com/funds/43768/,INF0QA701508,152079,3,3,1,3,10,1,1,1,1,4,2.5,1.5,1,1,6,1.5,2,3.5,2,2,25.5,Moderate Risk,Average
Bandhan Arbitrage Reg,hybrid,Arbitrage,Regular,5.49,6.72,5.83,Hybrid: Arbitrage,5.67,6.67,5.75,,,1.08,0.49,6.4,,,GOI/Cash,,25,https://www.valueresearchonline.com/funds/3971/,INF194K01649,108845,1,1,1,3,6,3,3,3,1,10,2.5,2,2,1,7.5,1.5,2,3.5,2,2,29,Low Risk,Good
Bank of India Arbitrage Reg,hybrid,Arbitrage,Regular,5.35,6.26,5.1,Hybrid: Arbitrage,5.67,6.67,5.75,,,0.27,0.46,5.99,6.2,0.22,GOI/Cash,0.22,25,https://www.valueresearchonline.com/funds/36388/,INF761K01DW5,143620,3,3,1,3,10,3,3,2,1,9,1.5,1.5,2,1,6,1.5,2,3.5,1.5,1.5,30,Low Risk,Good
Baroda BNP Paribas Arbitrage Reg,hybrid,Arbitrage,Regular,5.45,6.69,5.72,Hybrid: Arbitrage,5.67,6.67,5.75,,0.55,1.02,0.5,6.38,6.73,0.24,GOI/Cash,0.25,25,https://www.valueresearchonline.com/funds/33242/,INF251K01ON3,150250,3,3,1,3,10,3,3,3,1,10,2.5,2,1.5,1,7,1.5,1.5,3,2,2,32,Low Risk,Good
Capitalmind Arbitrage Reg,hybrid,Arbitrage,Regular,,,,Hybrid: Arbitrage,,,,,,,,,6.1,0.06,GOI/Cash,0.06,25,https://www.valueresearchonline.com/funds/45857/,INF226401141,154233,1,1,1,1,4,1,1,1,1,4,1,1,1,1,4,1,1,2,1,1,15,Moderately High Risk,Average
DSP Arbitrage Reg,hybrid,Arbitrage,Regular,5.62,6.7,5.81,Hybrid: Arbitrage,5.67,6.67,5.75,,,1.1,0.47,6.39,,,GOI/Cash,,0,https://www.valueresearchonline.com/funds/35108/,INF740KA1DI4,142282,3,3,2,3,11,3,3,3,1,10,2.5,2,2,1,7.5,2,2,4,2,2,34.5,Very Low Risk,Good
Edelweiss Arbitrage Reg,hybrid,Arbitrage,Regular,5.72,6.87,6,Hybrid: Arbitrage,5.67,6.67,5.75,,,1.38,0.49,6.54,7.31,0.53,GOI/Cash,0.53,25,https://www.valueresearchonline.com/funds/27142/,INF754K01EF3,130205,3,3,2,3,11,3,3,3,1,10,2.5,2,2,1,7.5,1.5,1.5,3,2,2,33.5,Low Risk,Good
Franklin India Arbitrage Reg,hybrid,Arbitrage,Regular,6,,,Hybrid: Arbitrage,5.67,,,,,,,,7.67,0.64,AAA,0.67,25,https://www.valueresearchonline.com/funds/44701/,INF761K01DW5,143620,3,3,2,3,11,1,1,1,1,4,2.5,2,2,1,7.5,1.5,1.5,3,2,2,27.5,Low Risk,Good
Groww Arbitrage Reg,hybrid,Arbitrage,Regular,,,,Hybrid: Arbitrage,,,,,,,,,,,CASH,,25,https://www.valueresearchonline.com/funds/45944/,INF666M01OQ1,154325,,,,,,,,,,,,,,,,,,,,,,,
HDFC Arbitrage Reg,hybrid,Arbitrage,Regular,5.89,6.91,5.95,Hybrid: Arbitrage,5.67,6.67,5.75,,,1.47,0.48,6.58,7.59,0.59,GOI/Cash,0.59,25,https://www.valueresearchonline.com/funds/6037/,INF277KA1299,149351,3,3,1,3,10,3,3,3,1,10,2.5,2,2,1,7.5,1.5,1.5,3,2,2,32.5,Low Risk,Good
HDFC Arbitrage Retail,hybrid,Arbitrage,Regular,,,,,,,,,,,,,7.59,0.59,GOI/Cash,0.59,0,https://www.valueresearchonline.com/funds/6034/,INF179K01343,106793,,,,,,,,,,,,,,,,,,,,,,,
HSBC Arbitrage Reg,hybrid,Arbitrage,Regular,5.76,6.72,5.77,Hybrid: Arbitrage,5.67,6.67,5.75,,0.61,1.09,0.48,6.39,7.52,0.62,GOI/Cash,0.62,25,https://www.valueresearchonline.com/funds/27296/,INF917K01QL8,151134,1,1,1,3,6,3,3,3,1,10,2.5,1.5,1.5,1,6.5,1.5,2,3.5,2,2,28,Low Risk,Good
Helios Arbitrage Reg,hybrid,Arbitrage,Regular,,,,Hybrid: Arbitrage,,,,,,,,,,,GOI/Cash,,25,https://www.valueresearchonline.com/funds/45889/,INF0R8701426,154260,1,1,1,1,4,1,1,1,1,4,1,1,1,1,4,1,1,2,1,1,15,Moderately High Risk,Average
ICICI Pru Equity Arbitrage,hybrid,Arbitrage,Regular,5.8,6.88,5.98,Hybrid: Arbitrage,5.67,6.67,5.75,,,1.42,0.48,6.55,7.57,0.65,GOI/Cash,0.65,25,https://www.valueresearchonline.com/funds/3902/,,130898,3,3,1,3,10,3,3,3,1,10,2.5,2,2,1,7.5,1.5,1.5,3,2,2,32.5,Low Risk,Good
ITI Arbitrage Reg,hybrid,Arbitrage,Regular,5.71,6.71,5.22,Hybrid: Arbitrage,5.67,6.67,5.75,,0.57,1.26,0.48,6.47,,,GOI/Cash,,25,https://www.valueresearchonline.com/funds/40253/,INF00XX01416,147618,1,1,1,3,6,3,3,3,1,10,1.5,1.5,1.5,2.5,7,1.5,1.5,3,1.5,1.5,27.5,Low Risk,Good
Invesco India Arbitrage Reg,hybrid,Arbitrage,Regular,5.91,6.93,6.17,Hybrid: Arbitrage,5.67,6.67,5.75,,0.6,1.62,0.46,6.61,7.06,0.47,GOI/Cash,0.49,25,https://www.valueresearchonline.com/funds/4840/,INF205K01122,105603,3,3,1,3,10,3,3,3,1,10,2.5,2,2,2.5,9,1.5,1.5,3,2,2,34,Very Low Risk,Good
JM Arbitrage Reg,hybrid,Arbitrage,Regular,5.46,6.42,5.51,Hybrid: Arbitrage,5.67,6.67,5.75,,0.62,0.54,0.48,6.13,5.12,0.22,GOI/Cash,0.22,25,https://www.valueresearchonline.com/funds/3446/,INF192K01510,103780,3,3,1,3,10,3,3,3,1,10,2.5,2,2,1,7.5,2,2,4,2,2,33.5,Low Risk,Good
Kotak Arbitrage Reg,hybrid,Arbitrage,Regular,5.83,7.02,6.15,Hybrid: Arbitrage,5.67,6.67,5.75,,,1.6,0.51,6.68,7.75,0.59,GOI/Cash,0.63,25,https://www.valueresearchonline.com/funds/2882/,INF174K01302,105968,3,3,2,3,11,3,3,3,1,10,2.5,2,1.5,1,7,1.5,1.5,3,2,2,33,Low Risk,Good
LIC MF Arbitrage Reg,hybrid,Arbitrage,Regular,5.68,6.55,5.66,Hybrid: Arbitrage,5.67,6.67,5.75,,,0.95,0.41,6.25,,,GOI/Cash,,25,https://www.valueresearchonline.com/funds/38699/,INF767K01PL9,145890,1,1,1,3,6,3,3,3,1,10,1.5,1,1,1,4.5,1.5,1.5,3,1.5,1.5,25,Moderate Risk,Average
Mahindra Manulife Arbitrage Reg,hybrid,Arbitrage,Regular,5.2,5.67,4.83,Hybrid: Arbitrage,5.67,6.67,5.75,,,-1.21,0.42,5.36,5.33,0,GOI/Cash,0,24,https://www.valueresearchonline.com/funds/41082/,INF174V01978,148467,3,3,1,3,10,3,1,1,1,6,1,1,1,1,4,1.5,1.5,3,1.5,1.5,24.5,Moderate Risk,Average
Mirae Asset Arbitrage Reg,hybrid,Arbitrage,Regular,5.62,6.71,5.8,Hybrid: Arbitrage,5.67,6.67,5.75,,,1.11,0.49,6.41,5.34,0.01,GOI/Cash,0.01,25,https://www.valueresearchonline.com/funds/41012/,INF769K01FP7,148400,3,3,1,3,10,3,3,3,1,10,2.5,2.5,2.5,1,8.5,1.5,1.5,3,2,2,33.5,Low Risk,Good
Motilal Oswal Arbitrage Reg,hybrid,Arbitrage,Regular,6.09,,,Hybrid: Arbitrage,5.67,,,,,,,,6.06,0.22,GOI/Cash,0.22,25,https://www.valueresearchonline.com/funds/44837/,INF247L01EG4,153188,3,3,2,3,11,1,1,1,1,4,2.5,2,1.5,2.5,8.5,1.5,1.5,3,2,2,28.5,Low Risk,Good
NJ Arbitrage Reg,hybrid,Arbitrage,Regular,5.34,6.24,,Hybrid: Arbitrage,5.67,6.67,,,,0.19,0.49,5.96,5.64,0.37,GOI/Cash,0.37,25,https://www.valueresearchonline.com/funds/42434/,INF0J8L01057,150366,3,3,1,3,10,3,3,3,1,10,1.5,1.5,1.5,1,5.5,2,2,4,1.5,1.5,31,Low Risk,Good
Nippon India Arbitrage Reg,hybrid,Arbitrage,Regular,5.74,6.75,5.88,Hybrid: Arbitrage,5.67,6.67,5.75,,,1.18,0.47,6.42,,,GOI/Cash,,25,https://www.valueresearchonline.com/funds/11625/,INF204KC1FP1,153692,1,1,1,3,6,3,3,3,1,10,2.5,2,2,1,7.5,1.5,1.5,3,2,2,28.5,Low Risk,Good
Old Bridge Arbitrage Reg,hybrid,Arbitrage,Regular,,,,Hybrid: Arbitrage,,,,,,,,,,,GOI/Cash,,25,https://www.valueresearchonline.com/funds/45601/,INF0S5R01091,153977,1,1,1,3,6,1,1,1,1,4,2,2,2,1,7,1.5,1.5,3,2,2,22,Moderate Risk,Average
PGIM India Arbitrage Reg,hybrid,Arbitrage,Regular,5.41,6.46,5.57,Hybrid: Arbitrage,5.67,6.67,5.75,,0.51,0.63,0.47,6.16,,,GOI/Cash,,21,https://www.valueresearchonline.com/funds/27870/,INF223J019N4,138876,1,1,1,3,6,3,3,2,1,9,1,1,1,1,4,1.5,1.5,3,1.5,1.5,23.5,Moderate Risk,Average
Parag Parikh Arbitrage Reg,hybrid,Arbitrage,Regular,5.87,,,Hybrid: Arbitrage,5.67,,,,,,,,6.91,0.25,GOI/Cash,0.25,25,https://www.valueresearchonline.com/funds/43815/,INF879O01217,152110,3,3,2,3,11,1,1,1,1,4,2.5,2,2,1,7.5,1.5,2,3.5,2,2,28,Low Risk,Good
Quant Arbitrage Reg,hybrid,Arbitrage,Regular,6.69,,,Hybrid: Arbitrage,5.67,,,,,,,,,,GOI/Cash,,25,https://www.valueresearchonline.com/funds/45073/,INF966L01DZ1,153428,1,1,1,3,6,1,1,1,1,4,1.5,1.5,1.5,2.5,7,2,1.5,3.5,1.5,1.5,22,Moderate Risk,Average
SBI Arbitrage Opportunities Reg,hybrid,Arbitrage,Regular,5.83,6.91,6.17,Hybrid: Arbitrage,5.67,6.67,5.75,,0.63,1.52,0.47,6.58,7.12,0.38,GOI/Cash,0.42,25,https://www.valueresearchonline.com/funds/3687/,INF200K01156,104457,3,3,2,3,11,3,3,3,1,10,2.5,2,2,1,7.5,1.5,1.5,3,2,2,33.5,Low Risk,Good
Samco Arbitrage Reg,hybrid,Arbitrage,Regular,3.7,,,Hybrid: Arbitrage,5.67,,,,,,,,,,Cash,,18,https://www.valueresearchonline.com/funds/44722/,INF0K1H01222,153091,1,1,1,3,6,1,1,1,1,4,1,1,1,1,4,1.5,1.5,3,1,1,18,Moderately High Risk,Average
Sundaram Arbitrage Reg,hybrid,Arbitrage,Regular,5.77,6.6,5.53,Hybrid: Arbitrage,5.67,6.67,5.75,,,1.02,0.39,6.26,5.02,0.33,GOI/Cash,0.34,25,https://www.valueresearchonline.com/funds/32285/,,147922,3,3,1,3,10,3,3,3,1,10,1.5,1.5,1.5,2.5,7,2,2,4,1.5,1.5,32.5,Low Risk,Good
TRUSTMF Arbitrage Reg,hybrid,Arbitrage,Regular,,,,Hybrid: Arbitrage,,,,,,,,,,,GOI/Cash,,25,https://www.valueresearchonline.com/funds/45454/,INF0GCD01867,153805,1,1,1,3,6,1,1,1,1,4,1.5,1.5,1.5,1,5.5,1.5,2,3.5,1.5,1.5,20.5,Moderate Risk,Average
Tata Arbitrage Reg,hybrid,Arbitrage,Regular,5.8,6.82,5.88,Hybrid: Arbitrage,5.67,6.67,5.75,,,1.35,0.47,6.5,7.82,0.57,GOI/Cash,0.58,25,https://www.valueresearchonline.com/funds/38500/,INF277K015Q7,145723,3,3,2,3,11,3,3,3,1,10,2.5,2,2,1,7.5,1.5,1.5,3,2,2,33.5,Low Risk,Good
The Wealth Company Arbtg Reg,hybrid,Arbitrage,Regular,,,,Hybrid: Arbitrage,,,,,,,,,,,GOI/Cash,,25,https://www.valueresearchonline.com/funds/45513/,INF2F0001305,153892,1,1,1,3,6,1,1,1,1,4,2,2,2,1,7,1.5,1.5,3,1.5,1.5,21.5,Moderate Risk,Average
UTI Arbitrage Reg,hybrid,Arbitrage,Regular,5.87,6.96,5.99,Hybrid: Arbitrage,5.67,6.67,5.75,,0.5,1.58,0.48,6.63,7.6,0.6,GOI/Cash,0.6,25,https://www.valueresearchonline.com/funds/3464/,INF789FB1RJ0,104075,3,3,1,3,10,3,3,3,1,10,2.5,2,2,1,7.5,1.5,1.5,3,2,2,32.5,Low Risk,Good
Union Arbitrage Reg,hybrid,Arbitrage,Regular,5.58,6.71,5.75,Hybrid: Arbitrage,5.67,6.67,5.75,,,1.03,0.5,6.39,6.62,0.49,GOI/Cash,0.49,25,https://www.valueresearchonline.com/funds/38969/,INF582M01EW9,146294,3,3,1,3,10,3,3,3,1,10,2,2,2,1,7,1.5,1.5,3,2,2,32,Low Risk,Good
WhiteOak Capital Arbitrage Reg,hybrid,Arbitrage,Regular,6.04,,,Hybrid: Arbitrage,5.67,,,,,,,,6.23,0.29,GOI/Cash,0.29,25,https://www.valueresearchonline.com/funds/44528/,INF03VN01928,152850,3,3,1,3,10,1,1,1,1,4,2.5,2,2,2.5,9,1.5,1.5,3,2,2,28,Low Risk,Good
360 ONE Balanced Hybrid Dir,hybrid,Balanced Hybrid,Direct,5.37,,,Hybrid: Balanced Hybrid,2.38,,,,,,,,7.73,2.76,AAA,3.33,25,https://www.valueresearchonline.com/funds/43766/,INF579M01AY9,152076,2,2,2,3,9,1,1,1,1,4,1.5,2,2.5,2,8,1.5,1.5,3,1.5,1.5,25.5,Moderate Risk,Average
Franklin India Retirement Dir,hybrid,Balanced Hybrid,Direct,0.48,9.12,7.93,Hybrid: Balanced Hybrid,2.38,9.06,8.7,,,0.5,6.04,8.86,8,2.07,AAA,2.51,25,https://www.valueresearchonline.com/funds/16753/,INF090I01JZ3,118548,2,2,2,3,9,1,1,1,1,4,1.5,1.5,1.5,2.5,7,1.5,1.5,3,1.5,1.5,24.5,Moderate Risk,Average
UTI Children's Hybrid Dir,hybrid,Balanced Hybrid,Direct,-0.15,7.63,7.85,Hybrid: Balanced Hybrid,2.38,9.06,8.7,,,0.23,6.8,7.41,7.35,5.18,AAA,8.29,25,https://www.valueresearchonline.com/funds/15865/,INF789F1AZR8,120771,1,1,2,3,7,1,1,1,1,4,2,2,2,2.5,8.5,1.5,1.5,3,1.5,1.5,24,Moderate Risk,Average
UTI Retirement Dir,hybrid,Balanced Hybrid,Direct,1.87,10.43,10.31,Hybrid: Balanced Hybrid,2.38,9.06,8.7,,0.98,0.62,6.71,10,7.26,5.16,AAA,8.18,25,https://www.valueresearchonline.com/funds/15840/,INF789F1AA64,120766,1,1,2,3,7,2,2,2,2,8,2,2,2,2.5,8.5,2,1.5,3.5,1.5,1.5,28.5,Low Risk,Good
WhiteOak Capital Balanced Hybrid Dir,hybrid,Balanced Hybrid,Direct,4.34,,,Hybrid: Balanced Hybrid,2.38,,,,,,,,7.05,2.18,AAA,2.6,25,https://www.valueresearchonline.com/funds/43827/,INF03VN01829,152132,2,2,2,3,9,1,1,1,1,4,2.5,2.5,2.5,2,9.5,1.5,1.5,3,1.5,1.5,27,Low Risk,Good
360 ONE Balanced Hybrid Reg,hybrid,Balanced Hybrid,Regular,3.79,,,Hybrid: Balanced Hybrid,1.45,,,,,,,,7.73,2.76,AAA,3.33,25,https://www.valueresearchonline.com/funds/43764/,INF579M01AV5,152075,2,2,2,3,9,1,1,1,1,4,1.5,2,2.5,2,8,1.5,1.5,3,1.5,1.5,25.5,Moderate Risk,Average
Franklin India Retirement Reg,hybrid,Balanced Hybrid,Regular,-0.29,8.29,7.1,Hybrid: Balanced Hybrid,1.45,8.49,8.11,,,0.37,6.03,8.08,8,2.07,AAA,2.51,25,https://www.valueresearchonline.com/funds/392/,INF663L01Y46,152538,2,2,2,3,9,1,1,1,1,4,1.5,1.5,1.5,2.5,7,1.5,1.5,3,1.5,1.5,24.5,Moderate Risk,Average
UTI Children's Hybrid Reg,hybrid,Balanced Hybrid,Regular,-0.31,7.42,7.64,Hybrid: Balanced Hybrid,1.45,8.49,8.11,,,0.2,6.8,7.22,7.35,5.18,AAA,8.29,25,https://www.valueresearchonline.com/funds/265/,INF789F1AZP2,100678,1,1,2,3,7,1,1,1,1,4,2,2,2,2.5,8.5,1.5,1.5,3,1.5,1.5,24,Moderate Risk,Average
UTI Retirement Reg,hybrid,Balanced Hybrid,Regular,1.3,9.76,9.6,Hybrid: Balanced Hybrid,1.45,8.49,8.11,,0.98,0.52,6.7,9.38,7.26,5.16,AAA,8.18,25,https://www.valueresearchonline.com/funds/281/,INF789F1AA56,100682,1,1,2,3,7,2,2,2,2,8,2,2,2,2.5,8.5,2,1.5,3.5,1.5,1.5,28.5,Low Risk,Good
WhiteOak Capital Balanced Hybrid Reg,hybrid,Balanced Hybrid,Regular,2.76,,,Hybrid: Balanced Hybrid,1.45,,,,,,,,7.05,2.18,AAA,2.6,25,https://www.valueresearchonline.com/funds/43826/,INF03VN01811,152133,2,2,2,3,9,1,1,1,1,4,2.5,2.5,2.5,2,9.5,1.5,1.5,3,1.5,1.5,27,Low Risk,Good
ABSL Conservative Hybrid Active FoF Dir*,hybrid,Conservative Hybrid,Direct,3.97,10.54,9.38,Hybrid: Conservative Hybrid,3.68,8.73,8.28,,,0.82,5.12,10.05,,,AAA,,6,https://www.valueresearchonline.com/funds/16925/,INF084M01EQ8,132183,1,1,1,3,6,1,1,1,1,4,1,1,1,1,4,1.5,1.5,3,1,1,18,Moderately High Risk,Average
ABSL Regular Savings Dir,hybrid,Conservative Hybrid,Direct,5.58,9.3,8.91,Hybrid: Conservative Hybrid,3.68,8.73,8.28,,,0.82,3.65,8.85,8.32,3.44,AAA,5.08,25,https://www.valueresearchonline.com/funds/15919/,INF209K01XH4,120705,2,2,2,3,9,3,2,2,2,9,1,2.5,1,1,5.5,1.5,1.5,3,1.5,1.5,28,Low Risk,Good
ABSL Retirement 50s Dir,hybrid,Conservative Hybrid,Direct,5.69,9.18,7.23,Hybrid: Conservative Hybrid,3.68,8.73,8.28,,,0.68,4.29,8.8,6.33,2.59,GOI/Cash,3.35,25,https://www.valueresearchonline.com/funds/39189/,INF209KB1J48,146940,2,2,1,3,8,2,2,2,2,8,1,1,1,1,4,1.5,1.5,3,1.5,1.5,24.5,Moderate Risk,Average
Axis Conservative Hybrid Dir,hybrid,Conservative Hybrid,Direct,2.44,7.29,6.98,Hybrid: Conservative Hybrid,3.68,8.73,8.28,,1.19,0.26,4.18,6.95,7.46,4.56,AAA,6.3,25,https://www.valueresearchonline.com/funds/17334/,INF846K01EA8,120480,2,2,2,3,9,1,1,1,1,4,1,1.5,1,1,4.5,1.5,1.5,3,1.5,1.5,22,Moderate Risk,Average
Axis Retirement-Conservative Plan Dir,hybrid,Conservative Hybrid,Direct,1.07,8.85,7.36,Hybrid: Conservative Hybrid,3.68,8.73,8.28,,,0.39,6.81,8.5,7.3,8.37,GOI/Cash,16.69,25,https://www.valueresearchonline.com/funds/40437/,INF846K01T69,147830,1,1,2,3,7,2,1,1,2,6,1,1,1,1,4,1.5,1.5,3,1.5,1.5,21.5,Moderate Risk,Average
Bandhan Conservative Hybrid Dir,hybrid,Conservative Hybrid,Direct,3.12,7.31,6.3,Hybrid: Conservative Hybrid,3.68,8.73,8.28,,,0.24,4.32,6.9,7.61,2.85,AAA,4.81,10,https://www.valueresearchonline.com/funds/16525/,INF194K015B9,118491,2,2,2,3,9,1,1,1,1,4,1,1,1,1,4,1.5,1.5,3,1,1,21,Moderate Risk,Average
Bandhan Conservative Hybrid Passive FoF Dir,hybrid,Conservative Hybrid,Direct,4.24,8.31,7.39,Hybrid: Conservative Hybrid,3.68,8.73,8.28,,,0.54,3.83,7.94,,,GOI/Cash,,1,https://www.valueresearchonline.com/funds/17859/,INF194K016A9,118486,1,1,1,3,6,1,1,1,1,4,1,1,1,1,4,1.5,1.5,3,1,1,18,Moderately High Risk,Average
Bank of India Conservative Hybrid Dir,hybrid,Conservative Hybrid,Direct,3.55,7.55,10.56,Hybrid: Conservative Hybrid,3.68,8.73,8.28,,,0.36,4.2,7.36,7.1,2.38,AAA,2.84,25,https://www.valueresearchonline.com/funds/17549/,INF761K01819,119393,2,2,2,3,9,1,1,1,1,4,1,1.5,1,1,4.5,1.5,1.5,3,1.5,1.5,22,Moderate Risk,Average
Baroda BNP Paribas Conservative Hybrid Dir,hybrid,Conservative Hybrid,Direct,5.22,9.17,8.19,Hybrid: Conservative Hybrid,3.68,8.73,8.28,,,0.72,4.11,8.81,7.78,2.46,AAA,3.7,25,https://www.valueresearchonline.com/funds/15728/,INF251K01HR8,150206,2,2,2,3,9,1,1,1,1,4,1,2,1,1,5,1.5,1.5,3,1.5,1.5,22.5,Moderate Risk,Average
Canara Robeco Conservative Hybrid Dir,hybrid,Conservative Hybrid,Direct,2.99,8.25,7.69,Hybrid: Conservative Hybrid,3.68,8.73,8.28,,1.1,0.43,4.23,7.69,7.35,1.79,AAA,2.93,25,https://www.valueresearchonline.com/funds/15770/,INF760K01GB4,118309,2,2,2,3,9,1,1,1,1,4,1,2,1,1,5,1.5,1.5,3,1.5,1.5,22.5,Moderate Risk,Average
DSP Regular Savings Dir,hybrid,Conservative Hybrid,Direct,4.01,9.49,8.14,Hybrid: Conservative Hybrid,3.68,8.73,8.28,,,0.83,3.93,9.12,6.86,2.8,AAA,4.6,25,https://www.valueresearchonline.com/funds/16984/,INF740K01NO5,118994,2,2,1,3,8,2,2,2,2,8,1,1,1,1,4,1.5,1.5,3,1.5,1.5,24.5,Moderate Risk,Average
Franklin India Conservative Hybrid Dir,hybrid,Conservative Hybrid,Direct,1.99,8.61,7.68,Hybrid: Conservative Hybrid,3.68,8.73,8.28,,,0.57,4.29,8.29,7.4,1.66,AAA,2.1,25,https://www.valueresearchonline.com/funds/17832/,INF090I01GF1,118574,2,2,2,3,9,1,1,1,1,4,1,1,1,1,4,1.5,1.5,3,1.5,1.5,21.5,Moderate Risk,Average
HDFC Hybrid Debt Dir,hybrid,Conservative Hybrid,Direct,2.37,8.62,8.77,Hybrid: Conservative Hybrid,3.68,8.73,8.28,,1.24,0.5,4.55,8.13,7.76,6.08,AAA,11.76,25,https://www.valueresearchonline.com/funds/16453/,INF179K01XE6,119118,1,1,2,3,7,1,1,1,1,4,1,2.5,1,1,5.5,2,2,4,1.5,1.5,22,Moderate Risk,Average
HDFC Retirement Savings Hybrid Debt Dir,hybrid,Conservative Hybrid,Direct,1.98,7.73,7.7,Hybrid: Conservative Hybrid,3.68,8.73,8.28,,,0.34,4.3,7.33,6.9,4.91,GOI/Cash,7.83,25,https://www.valueresearchonline.com/funds/31784/,INF179KB1MJ2,136465,1,2,2,3,8,1,1,1,1,4,1,1.5,1,1,4.5,1.5,1.5,3,1.5,1.5,21,Moderate Risk,Average
HSBC Conservative Hybrid Dir,hybrid,Conservative Hybrid,Direct,5.02,10.05,8.56,Hybrid: Conservative Hybrid,3.68,8.73,8.28,,,0.67,5.29,9.4,7.23,3.95,AAA,6.04,24,https://www.valueresearchonline.com/funds/17058/,INF336L01DW4,120073,1,2,2,3,8,1,1,1,1,4,1,1,1,1,4,1,1,2,1.5,1.5,19.5,Moderately High Risk,Average
ICICI Pru Regular Savings Dir,hybrid,Conservative Hybrid,Direct,5.37,10.05,9.34,Hybrid: Conservative Hybrid,3.68,8.73,8.28,,0.94,1.06,3.51,9.6,8.56,2.85,AAA,5.11,25,https://www.valueresearchonline.com/funds/15851/,INF109K01S39,120616,2,2,3,3,10,3,2,2,2,9,1,2.5,1,1,5.5,1.5,1.5,3,1.5,1.5,29,Low Risk,Good
ICICI Pru Retirement Hybrid Conservative Dir,hybrid,Conservative Hybrid,Direct,7.26,11.23,9.25,Hybrid: Conservative Hybrid,3.68,8.73,8.28,,1.1,1.13,4.52,10.97,7.41,4.65,AAA,9.24,25,https://www.valueresearchonline.com/funds/39063/,INF109KC1UA8,146716,2,1,2,3,8,1,1,1,1,4,1,1.5,1,1,4.5,1.5,1.5,3,1.5,1.5,21,Moderate Risk,Average
Kotak Debt Hybrid Dir,hybrid,Conservative Hybrid,Direct,3.1,9.6,9.49,Hybrid: Conservative Hybrid,3.68,8.73,8.28,,,0.6,5.29,9.03,7.61,3.71,AAA,7.31,25,https://www.valueresearchonline.com/funds/17795/,INF174K01JZ1,120154,1,1,2,3,7,1,1,1,1,4,1,2,1,1,5,1.5,1.5,3,1.5,1.5,20.5,Moderate Risk,Average
LIC MF Conservative Hybrid Dir,hybrid,Conservative Hybrid,Direct,2.64,6.84,6.28,Hybrid: Conservative Hybrid,3.68,8.73,8.28,,,0.09,3.8,6.2,6.97,3.69,AAA,4.28,10,https://www.valueresearchonline.com/funds/17456/,INF767K01EO7,120276,2,2,1,3,8,1,1,1,1,4,1,1,1,1,4,1.5,1.5,3,1,1,20,Moderate Risk,Average
Nippon India Conservative Hybrid Dir,hybrid,Conservative Hybrid,Direct,7.33,8.85,8.65,Hybrid: Conservative Hybrid,3.68,8.73,8.28,,,1.11,2.23,8.34,9.38,2.15,AA,2.46,25,https://www.valueresearchonline.com/funds/16144/,INF204K01YV4,118726,2,2,3,2,9,1,1,1,1,4,1,2,1,1,5,1.5,1.5,3,1.5,1.5,22.5,Moderate Risk,Average
Nippon India Conservative Hybrid Seg Port 2 Direct,hybrid,Conservative Hybrid,Direct,,,,,,,,,,,,,,,,,0,https://www.valueresearchonline.com/funds/40873/,INF204KB14O0,148296,1,1,1,1,4,1,1,1,1,4,1,1,1,1,4,1,1,2,1,1,15,Moderately High Risk,Average
Nippon India Conservative Hybrid Seg Port1 Dir,hybrid,Conservative Hybrid,Direct,,,,,,,,,,,,,,,B,,0,https://www.valueresearchonline.com/funds/40704/,INF204KB12K2,148143,1,1,1,1,4,1,1,1,1,4,1,1,1,1,4,1,1,2,1,1,15,Moderately High Risk,Average
Nippon India Retirement Incm Generation Dir,hybrid,Conservative Hybrid,Direct,0.96,7.36,6.98,Hybrid: Conservative Hybrid,3.68,8.73,8.28,,,0.17,5.03,6.71,7.39,8.93,GOI/Cash,16.36,22,https://www.valueresearchonline.com/funds/29298/,INF204KA1C30,133569,1,1,2,3,7,2,1,1,2,6,1,1,1,1,4,1.5,1.5,3,1,1,21,Moderate Risk,Average
Parag Parikh Conservative Hybrid Dir,hybrid,Conservative Hybrid,Direct,5.03,10.81,9.77,Hybrid: Conservative Hybrid,3.68,8.73,8.28,,,1.14,3.54,9.89,7.6,4,AAA,4.86,10,https://www.valueresearchonline.com/funds/41484/,INF879O01175,148958,2,2,2,3,9,1,1,1,1,4,1,2,1,1,5,2,2,4,1.5,1.5,23.5,Moderate Risk,Average
SBI Children's Savings Plan Dir,hybrid,Conservative Hybrid,Direct,6.69,12.07,11.37,Hybrid: Conservative Hybrid,3.68,8.73,8.28,,,1.14,4.84,11.38,7.06,3.38,AAA,4.67,18,https://www.valueresearchonline.com/funds/17524/,INF200K01QR6,119719,2,2,2,3,9,2,2,2,2,8,1,1.5,1,1,4.5,1.5,1.5,3,1.5,1.5,26,Moderate Risk,Average
SBI Conservative Hybrid Dir,hybrid,Conservative Hybrid,Direct,5.81,9.42,9.43,Hybrid: Conservative Hybrid,3.68,8.73,8.28,,,0.79,4.07,9.1,8.21,2.55,AAA,3.49,25,https://www.valueresearchonline.com/funds/17516/,INF200K01TS8,119839,2,2,2,3,9,1,1,1,1,4,1,2.5,1,1,5.5,1.5,1.5,3,1.5,1.5,23,Moderate Risk,Average
SBI Retirement Benefit Conservative Dir,hybrid,Conservative Hybrid,Direct,1.71,7.13,7.43,Hybrid: Conservative Hybrid,3.68,8.73,8.28,,,0.16,4.63,6.62,7.51,8.1,AAA,20.38,25,https://www.valueresearchonline.com/funds/41283/,INF200KA1T39,148688,1,1,2,3,7,2,1,1,2,6,1,1.5,1,1,4.5,1.5,1.5,3,1.5,1.5,22,Moderate Risk,Average
SBI Retirement Benefit Conservative Hybrid Dir,hybrid,Conservative Hybrid,Direct,1.55,7.9,8.87,Hybrid: Conservative Hybrid,3.68,8.73,8.28,,,0.25,6.86,7.6,7.18,6.18,AAA,15.7,25,https://www.valueresearchonline.com/funds/41279/,INF200KA1T70,148690,1,1,2,3,7,1,1,1,1,4,1,2,1,1,5,1.5,1.5,3,1.5,1.5,20.5,Moderate Risk,Average
Sundaram Conservative Hybrid Dir,hybrid,Conservative Hybrid,Direct,0.08,6.04,7.29,Hybrid: Conservative Hybrid,3.68,8.73,8.28,,,-0.01,4.18,5.82,5.87,1.37,GOI/Cash,1.59,22,https://www.valueresearchonline.com/funds/17227/,INF789F01UJ7,119156,1,1,1,3,6,1,1,1,1,4,1,1,1,1,4,1.5,1.5,3,1,1,18,Moderately High Risk,Average
Tata Retirement Savings Conservative Dir,hybrid,Conservative Hybrid,Direct,3.95,8.74,7.41,Hybrid: Conservative Hybrid,3.68,8.73,8.28,,,0.48,5.37,8.43,7.17,5.07,AAA,9.04,25,https://www.valueresearchonline.com/funds/17019/,INF277K01QM5,119256,2,1,2,3,8,2,1,1,2,6,1,1,1,1,4,1.5,1.5,3,1.5,1.5,22.5,Moderate Risk,Average
UTI Cons Hybrid Seg Port Dir,hybrid,Conservative Hybrid,Direct,,,,,,,,,,,,,,,B,0.07,0,https://www.valueresearchonline.com/funds/40729/,INF789F01UJ7,120779,1,3,1,1,6,1,1,1,1,4,1,1,1,1,4,1,1,2,1,1,17,Moderately High Risk,Average
UTI Conservative Hybrid Dir,hybrid,Conservative Hybrid,Direct,2.18,8.76,8.74,Hybrid: Conservative Hybrid,3.68,8.73,8.28,,1.36,0.49,4.74,8.18,7.91,5.53,AAA,10.04,25,https://www.valueresearchonline.com/funds/15804/,INF789F01UJ7,120779,1,1,2,3,7,1,1,1,1,4,1,2,1,1,5,1.5,1.5,3,1.5,1.5,20.5,Moderate Risk,Average
ABSL Conservative Hybrid Active FoF Reg*,hybrid,Conservative Hybrid,Regular,3.57,10.08,8.92,Hybrid: Conservative Hybrid,2.8,7.8,7.33,,,0.74,5.12,9.64,,,AAA,,6,https://www.valueresearchonline.com/funds/12657/,INF084M01044,132178,1,1,1,3,6,1,1,1,1,4,1,1,1,1,4,1.5,1.5,3,1,1,18,Moderately High Risk,Average
ABSL Regular Savings Reg,hybrid,Conservative Hybrid,Regular,4.65,8.32,7.92,Hybrid: Conservative Hybrid,2.8,7.8,7.33,,,0.57,3.64,7.94,8.32,3.44,AAA,5.08,25,https://www.valueresearchonline.com/funds/2234/,INF209K01LZ1,101317,2,2,2,3,9,3,2,2,2,9,1,2.5,1,1,5.5,1.5,1.5,3,1.5,1.5,28,Low Risk,Good
ABSL Retirement 50s Reg,hybrid,Conservative Hybrid,Regular,4.26,7.74,5.82,Hybrid: Conservative Hybrid,2.8,7.8,7.33,,,0.37,4.28,7.47,6.33,2.59,GOI/Cash,3.35,25,https://www.valueresearchonline.com/funds/39187/,INF209KB1J14,146938,2,2,1,3,8,2,2,2,2,8,1,1,1,1,4,1.5,1.5,3,1.5,1.5,24.5,Moderate Risk,Average
Axis Conservative Hybrid Reg,hybrid,Conservative Hybrid,Regular,1.28,5.95,5.62,Hybrid: Conservative Hybrid,2.8,7.8,7.33,,1.19,-0.04,4.17,5.68,7.46,4.56,AAA,6.3,25,https://www.valueresearchonline.com/funds/11200/,INF846K01693,112924,2,2,2,3,9,1,1,1,1,4,1,1.5,1,1,4.5,1.5,1.5,3,1.5,1.5,22,Moderate Risk,Average
Axis Retirement-Conservative Plan Reg,hybrid,Conservative Hybrid,Regular,0.07,7.51,5.84,Hybrid: Conservative Hybrid,2.8,7.8,7.33,,,0.2,6.79,7.23,7.3,8.37,GOI/Cash,16.69,25,https://www.valueresearchonline.com/funds/40435/,INF846K01T85,147832,1,1,2,3,7,2,1,1,2,6,1,1,1,1,4,1.5,1.5,3,1.5,1.5,21.5,Moderate Risk,Average
Bandhan Conservative Hybrid Passive FoF Reg,hybrid,Conservative Hybrid,Regular,3.85,7.79,6.8,Hybrid: Conservative Hybrid,2.8,7.8,7.33,,,0.41,3.81,7.44,,,GOI/Cash,,1,https://www.valueresearchonline.com/funds/10844/,INF194K01987,112327,1,1,1,3,6,1,1,1,1,4,1,1,1,1,4,1.5,1.5,3,1,1,18,Moderately High Risk,Average
Bandhan Conservative Hybrid Reg,hybrid,Conservative Hybrid,Regular,2.12,6.3,5.3,Hybrid: Conservative Hybrid,2.8,7.8,7.33,,,0.02,4.32,5.94,7.61,2.85,AAA,4.81,10,https://www.valueresearchonline.com/funds/10841/,INF194K01RW9,112353,2,2,2,3,9,1,1,1,1,4,1,1,1,1,4,1.5,1.5,3,1,1,21,Moderate Risk,Average
Bank of India Conservative Hybrid Eco,hybrid,Conservative Hybrid,Regular,2.98,7.07,10.09,Hybrid: Conservative Hybrid,2.8,7.8,7.33,,,0.25,4.21,6.92,7.1,2.38,AAA,2.84,25,https://www.valueresearchonline.com/funds/10202/,INF761K01397,111715,,,,,,,,,,,,,,,,,,,,,,,
Bank of India Conservative Hybrid Reg,hybrid,Conservative Hybrid,Regular,2.64,6.66,9.8,Hybrid: Conservative Hybrid,2.8,7.8,7.33,,,0.16,4.21,6.54,7.1,2.38,AAA,2.84,25,https://www.valueresearchonline.com/funds/10198/,INF761K01462,111712,2,2,2,3,9,1,1,1,1,4,1,1.5,1,1,4.5,1.5,1.5,3,1.5,1.5,22,Moderate Risk,Average
Baroda BNP Paribas Conservative Hybrid Reg,hybrid,Conservative Hybrid,Regular,3.66,7.51,6.54,Hybrid: Conservative Hybrid,2.8,7.8,7.33,,,0.34,4.11,7.28,7.78,2.46,AAA,3.7,25,https://www.valueresearchonline.com/funds/2345/,INF251K01845,150203,2,2,2,3,9,1,1,1,1,4,1,2,1,1,5,1.5,1.5,3,1.5,1.5,22.5,Moderate Risk,Average
Canara Robeco Conservative Hybrid Reg,hybrid,Conservative Hybrid,Regular,1.82,7,6.42,Hybrid: Conservative Hybrid,2.8,7.8,7.33,,1.1,0.16,4.22,6.52,7.35,1.79,AAA,2.93,25,https://www.valueresearchonline.com/funds/976/,INF760K01282,100601,2,2,2,3,9,1,1,1,1,4,1,2,1,1,5,1.5,1.5,3,1.5,1.5,22.5,Moderate Risk,Average
DSP Regular Savings Reg,hybrid,Conservative Hybrid,Regular,3.29,8.78,7.34,Hybrid: Conservative Hybrid,2.8,7.8,7.33,,,0.66,3.93,8.47,6.86,2.8,AAA,4.6,25,https://www.valueresearchonline.com/funds/2227/,INF740K01714,100087,2,2,1,3,8,2,2,2,2,8,1,1,1,1,4,1.5,1.5,3,1.5,1.5,24.5,Moderate Risk,Average
Franklin India Conservative Hybrid Reg,hybrid,Conservative Hybrid,Regular,1.33,7.86,6.89,Hybrid: Conservative Hybrid,2.8,7.8,7.33,,,0.4,4.28,7.59,7.4,1.66,AAA,2.1,25,https://www.valueresearchonline.com/funds/860/,INF761K01462,111712,2,2,2,3,9,1,1,1,1,4,1,1,1,1,4,1.5,1.5,3,1.5,1.5,21.5,Moderate Risk,Average
HDFC Hybrid Debt Reg,hybrid,Conservative Hybrid,Regular,1.8,8.03,8.21,Hybrid: Conservative Hybrid,2.8,7.8,7.33,,1.24,0.38,4.55,7.58,7.76,6.08,AAA,11.76,25,https://www.valueresearchonline.com/funds/1930/,INF209K01LV0,108273,1,1,2,3,7,1,1,1,1,4,1,2.5,1,1,5.5,2,2,4,1.5,1.5,22,Moderate Risk,Average
HDFC Retirement Savings Hybrid Debt Reg,hybrid,Conservative Hybrid,Regular,0.89,6.55,6.46,Hybrid: Conservative Hybrid,2.8,7.8,7.33,,,0.08,4.29,6.22,6.9,4.91,GOI/Cash,7.83,25,https://www.valueresearchonline.com/funds/31783/,INF277K01FH8,115943,1,2,2,3,8,1,1,1,1,4,1,1.5,1,1,4.5,1.5,1.5,3,1.5,1.5,21,Moderate Risk,Average
HSBC Conservative Hybrid Reg,hybrid,Conservative Hybrid,Regular,4.01,9.09,7.64,Hybrid: Conservative Hybrid,2.8,7.8,7.33,,,0.5,5.29,8.52,7.23,3.95,AAA,6.04,24,https://www.valueresearchonline.com/funds/2077/,INF336L01099,102262,1,2,2,3,8,1,1,1,1,4,1,1,1,1,4,1,1,2,1.5,1.5,19.5,Moderately High Risk,Average
ICICI Pru Regular Savings Reg,hybrid,Conservative Hybrid,Regular,4.59,9.23,8.5,Hybrid: Conservative Hybrid,2.8,7.8,7.33,,0.94,0.85,3.51,8.84,8.56,2.85,AAA,5.11,25,https://www.valueresearchonline.com/funds/2100/,INF109K01902,102330,2,2,3,3,10,3,2,2,2,9,1,2.5,1,1,5.5,1.5,1.5,3,1.5,1.5,29,Low Risk,Good
ICICI Pru Retirement Hybrid Conservative,hybrid,Conservative Hybrid,Regular,5.98,9.97,8.03,Hybrid: Conservative Hybrid,2.8,7.8,7.33,,1.1,0.88,4.52,9.82,7.41,4.65,AAA,9.24,25,https://www.valueresearchonline.com/funds/39061/,INF109KC1TZ7,146719,2,1,2,3,8,1,1,1,1,4,1,1.5,1,1,4.5,1.5,1.5,3,1.5,1.5,21,Moderate Risk,Average
Kotak Debt Hybrid Reg,hybrid,Conservative Hybrid,Regular,1.89,8.27,8.1,Hybrid: Conservative Hybrid,2.8,7.8,7.33,,,0.37,5.28,7.81,7.61,3.71,AAA,7.31,25,https://www.valueresearchonline.com/funds/1901/,INF174K01E92,133036,1,1,2,3,7,1,1,1,1,4,1,2,1,1,5,1.5,1.5,3,1.5,1.5,20.5,Moderate Risk,Average
LIC MF Conservative Hybrid Reg,hybrid,Conservative Hybrid,Regular,1.69,5.8,5.29,Hybrid: Conservative Hybrid,2.8,7.8,7.33,,,-0.17,3.79,5.21,6.97,3.69,AAA,4.28,10,https://www.valueresearchonline.com/funds/552/,INF767K01808,101869,2,2,1,3,8,1,1,1,1,4,1,1,1,1,4,1.5,1.5,3,1,1,20,Moderate Risk,Average
Nippon India Conservative Hybrid Reg,hybrid,Conservative Hybrid,Regular,6.49,8.04,7.85,Hybrid: Conservative Hybrid,2.8,7.8,7.33,,,0.77,2.23,7.58,9.38,2.15,AA,2.46,25,https://www.valueresearchonline.com/funds/1990/,INF761K01462,111712,2,2,3,2,9,1,1,1,1,4,1,2,1,1,5,1.5,1.5,3,1.5,1.5,22.5,Moderate Risk,Average
Nippon India Conservative Hybrid Seg Port 2 Reg,hybrid,Conservative Hybrid,Regular,,,,,,,,,,,,,,,,,0,https://www.valueresearchonline.com/funds/40870/,INF204KB19O9,148293,,,,,,,,,,,,,,,,,,,,,,,
Nippon India Conservative Hybrid Seg Port1 Reg,hybrid,Conservative Hybrid,Regular,,,,,,,,,,,,,,,B,,0,https://www.valueresearchonline.com/funds/40701/,INF761K01462,111712,1,1,1,1,4,1,1,1,1,4,1,1,1,1,4,1,1,2,1,1,15,Moderately High Risk,Average
Nippon India Retirement Incm Generation Reg,hybrid,Conservative Hybrid,Regular,-0.13,6.22,5.82,Hybrid: Conservative Hybrid,2.8,7.8,7.33,,,-0.05,5.03,5.64,7.39,8.93,GOI/Cash,16.36,22,https://www.valueresearchonline.com/funds/29295/,INF204KC1BM7,152036,1,1,2,3,7,2,1,1,2,6,1,1,1,1,4,1.5,1.5,3,1,1,21,Moderate Risk,Average
Parag Parikh Conservative Hybrid Reg,hybrid,Conservative Hybrid,Regular,4.71,10.48,9.44,Hybrid: Conservative Hybrid,2.8,7.8,7.33,,,1.05,3.54,9.59,7.6,4,AAA,4.86,10,https://www.valueresearchonline.com/funds/41482/,INF879O01209,148959,2,2,2,3,9,1,1,1,1,4,1,2,1,1,5,2,2,4,1.5,1.5,23.5,Moderate Risk,Average
SBI Children's Savings Plan Reg,hybrid,Conservative Hybrid,Regular,6.29,11.68,10.95,Hybrid: Conservative Hybrid,2.8,7.8,7.33,,,1.06,4.84,11.02,7.06,3.38,AAA,4.67,18,https://www.valueresearchonline.com/funds/1229/,INF200K01776,101169,2,2,2,3,9,2,2,2,2,8,1,1.5,1,1,4.5,1.5,1.5,3,1.5,1.5,26,Moderate Risk,Average
SBI Conservative Hybrid Reg,hybrid,Conservative Hybrid,Regular,5.31,8.89,8.87,Hybrid: Conservative Hybrid,2.8,7.8,7.33,,,0.67,4.07,8.61,8.21,2.55,AAA,3.49,25,https://www.valueresearchonline.com/funds/960/,INF200K01859,100968,2,2,2,3,9,1,1,1,1,4,1,2.5,1,1,5.5,1.5,1.5,3,1.5,1.5,23,Moderate Risk,Average
SBI Retirement Benefit Conservative Hybrid Reg,hybrid,Conservative Hybrid,Regular,1.05,7.35,8.25,Hybrid: Conservative Hybrid,2.8,7.8,7.33,,,0.18,6.86,7.09,7.18,6.18,AAA,15.7,25,https://www.valueresearchonline.com/funds/41277/,INF200KA1T54,148692,1,1,2,3,7,1,1,1,1,4,1,2,1,1,5,1.5,1.5,3,1.5,1.5,20.5,Moderate Risk,Average
SBI Retirement Benefit Conservative Reg,hybrid,Conservative Hybrid,Regular,1.25,6.64,6.92,Hybrid: Conservative Hybrid,2.8,7.8,7.33,,,0.06,4.63,6.15,7.51,8.1,AAA,20.38,25,https://www.valueresearchonline.com/funds/41281/,INF200KA1T13,148696,1,1,2,3,7,2,1,1,2,6,1,1.5,1,1,4.5,1.5,1.5,3,1.5,1.5,22,Moderate Risk,Average
Sundaram Conservative Hybrid Reg,hybrid,Conservative Hybrid,Regular,-0.69,5.09,6.32,Hybrid: Conservative Hybrid,2.8,7.8,7.33,,,-0.23,4.15,4.91,5.87,1.37,GOI/Cash,1.59,22,https://www.valueresearchonline.com/funds/10863/,INF194K01RY5,112352,1,1,1,3,6,1,1,1,1,4,1,1,1,1,4,1.5,1.5,3,1,1,18,Moderately High Risk,Average
Tata Retirement Savings Conservative Reg,hybrid,Conservative Hybrid,Regular,2.73,7.47,6.15,Hybrid: Conservative Hybrid,2.8,7.8,7.33,,,0.26,5.38,7.25,7.17,5.07,AAA,9.04,25,https://www.valueresearchonline.com/funds/13415/,INF277K01FI6,115944,2,1,2,3,8,2,1,1,2,6,1,1,1,1,4,1.5,1.5,3,1.5,1.5,22.5,Moderate Risk,Average
UTI Cons Hybrid Seg Port Reg,hybrid,Conservative Hybrid,Regular,,,,,,,,,,,,,,,B,0.07,0,https://www.valueresearchonline.com/funds/40725/,INF789F01893,102535,1,3,1,1,6,1,1,1,1,4,1,1,1,1,4,1,1,2,1,1,17,Moderately High Risk,Average
UTI Conservative Hybrid Reg,hybrid,Conservative Hybrid,Regular,1.6,8.11,8.1,Hybrid: Conservative Hybrid,2.8,7.8,7.33,,1.36,0.36,4.74,7.57,7.91,5.53,AAA,10.04,25,https://www.valueresearchonline.com/funds/1993/,INF789F01893,102535,1,1,2,3,7,1,1,1,1,4,1,2,1,1,5,1.5,1.5,3,1.5,1.5,20.5,Moderate Risk,Average
ABSL Balanced Advantage Dir,hybrid,Dynamic Asset Allocation,Direct,6.16,12.76,11.12,Hybrid: Dynamic Asset Allocation,3.02,11.43,10.25,,,0.74,8.72,12.32,7.8,2.8,AAA,3.77,25,https://www.valueresearchonline.com/funds/16897/,INF084M01DJ5,131670,2,2,2,3,9,2,2,2,2,8,2.5,2.5,2.5,2,9.5,1.5,1.5,3,2,2,31.5,Low Risk,Good
ABSL Dynamic Asset Allocation Omni FoF Dir*,hybrid,Dynamic Asset Allocation,Direct,4.78,14.88,13.07,Hybrid: Dynamic Asset Allocation,3.02,11.43,10.25,,,0.78,11.21,14.6,,,AAA,,8,https://www.valueresearchonline.com/funds/16914/,INF084M01EW6,132186,1,1,1,3,6,2,2,2,2,8,1,1,1,1,4,1,1,2,1,1,21,Moderate Risk,Average
Axis Balanced Advantage Dir,hybrid,Dynamic Asset Allocation,Direct,3.8,13.34,11.44,Hybrid: Dynamic Asset Allocation,3.02,11.43,10.25,,1.12,0.79,8.6,12.63,7.15,2.22,AAA,2.64,25,https://www.valueresearchonline.com/funds/34467/,INF846K01A29,141642,2,2,2,3,9,2,2,2,2,8,2.5,2,2,2,8.5,1.5,1.5,3,2,2,30.5,Low Risk,Good
Axis Retirement-Dynamic Plan Dir,hybrid,Dynamic Asset Allocation,Direct,0.14,12.38,10.16,Hybrid: Dynamic Asset Allocation,3.02,11.43,10.25,,,0.54,13.5,13.09,6.88,7.33,GOI/Cash,17.37,25,https://www.valueresearchonline.com/funds/40433/,INF846K01T28,147826,1,1,2,3,7,1,1,1,2,5,2.5,2,2,1.5,8,1.5,1.5,3,1.5,1.5,24.5,Moderate Risk,Average
Bajaj Finserv Balanced Advantage Dir,hybrid,Dynamic Asset Allocation,Direct,3.6,,,Hybrid: Dynamic Asset Allocation,3.02,,,,1.35,,,,7.32,1.65,AAA,3.04,25,https://www.valueresearchonline.com/funds/43877/,INF0QA701656,152194,2,2,2,3,9,1,1,1,1,4,1.5,1.5,2,1.5,6.5,1.5,1.5,3,1.5,1.5,24,Moderate Risk,Average
Bandhan Balanced Advantage Dir,hybrid,Dynamic Asset Allocation,Direct,5.32,10.76,9.44,Hybrid: Dynamic Asset Allocation,3.02,11.43,10.25,,,0.57,8.27,10.58,7.32,1.59,AAA,2.81,25,https://www.valueresearchonline.com/funds/28342/,INF194KA1UH1,131355,1,1,2,3,7,2,1,1,2,6,2.5,2,2,2,8.5,1.5,1.5,3,2,2,26.5,Moderate Risk,Average
Bank of India Balanced Advantage Dir,hybrid,Dynamic Asset Allocation,Direct,6.97,11.09,11.31,Hybrid: Dynamic Asset Allocation,3.02,11.43,10.25,,,0.52,9.79,10.99,6.57,1.32,AAA,1.48,25,https://www.valueresearchonline.com/funds/24756/,INF761K01BO6,127850,2,2,2,3,9,2,1,1,2,6,2,2,2,2,8,2,1.5,3.5,1.5,1.5,28,Low Risk,Good
Baroda BNP Paribas Balanced Advantage Dir,hybrid,Dynamic Asset Allocation,Direct,7.1,14.07,12.88,Hybrid: Dynamic Asset Allocation,3.02,11.43,10.25,,1.43,0.72,11.69,14.28,7.5,2.78,AAA,4.89,25,https://www.valueresearchonline.com/funds/38113/,INF955L01HF7,145396,2,2,2,3,9,2,2,1,2,7,2,2.5,2.5,2,9,1.5,1.5,3,1.5,1.5,29.5,Low Risk,Good
Canara Robeco Balanced Advantage Dir,hybrid,Dynamic Asset Allocation,Direct,1.16,,,Hybrid: Dynamic Asset Allocation,3.02,,,,,,,,7.12,2.59,AAA,3.39,25,https://www.valueresearchonline.com/funds/44370/,INF760K01LD0,152688,2,2,2,3,9,1,1,1,1,4,2,2,2,2,8,1.5,1.5,3,1.5,1.5,25.5,Moderate Risk,Average
DSP Dynamic Asset Allocation Dir,hybrid,Dynamic Asset Allocation,Direct,5.78,11.99,9.61,Hybrid: Dynamic Asset Allocation,3.02,11.43,10.25,,,0.85,6.51,11.37,7.2,2.5,AAA,3.16,25,https://www.valueresearchonline.com/funds/23438/,INF740K01K81,126393,2,2,2,3,9,2,2,2,2,8,2,2,2,2.5,8.5,1.5,1.5,3,1.5,1.5,30,Low Risk,Good
Edelweiss Balanced Advantage Dir,hybrid,Dynamic Asset Allocation,Direct,5.37,11.83,10.91,Hybrid: Dynamic Asset Allocation,3.02,11.43,10.25,,1.16,0.63,9.24,11.71,7.07,1.06,AAA,1.14,25,https://www.valueresearchonline.com/funds/17768/,INF754K01BS2,118615,3,3,1,3,10,2,1,1,2,6,2.5,2,2.5,1.5,8.5,1.5,1.5,3,1.5,1.5,29,Low Risk,Good
Franklin India Balanced Advantage Dir,hybrid,Dynamic Asset Allocation,Direct,1.74,12.17,,Hybrid: Dynamic Asset Allocation,3.02,11.43,,,,0.74,8.12,11.85,7.95,2.62,AAA,3.28,25,https://www.valueresearchonline.com/funds/42455/,INF090I01WQ5,150481,2,2,2,3,9,1,1,1,1,4,1.5,2,2,2,7.5,1.5,1.5,3,1.5,1.5,25,Moderate Risk,Average
Franklin India Dynamic Asset Allocation Active FoF Dir*,hybrid,Dynamic Asset Allocation,Direct,1.94,12.02,12.72,Hybrid: Dynamic Asset Allocation,3.02,11.43,10.25,,,0.73,7.83,11.58,,,AAA,,1,https://www.valueresearchonline.com/funds/16024/,INF090I01HV6,118543,1,1,1,3,6,1,1,1,1,4,1,1,1,1,4,1,1,2,1,1,17,Moderately High Risk,Average
HDFC Balanced Advantage Dir,hybrid,Dynamic Asset Allocation,Direct,1.66,15.17,16.02,Hybrid: Dynamic Asset Allocation,3.02,11.43,10.25,,1.27,0.81,10.81,14.58,7.58,4.35,AAA,7.32,25,https://www.valueresearchonline.com/funds/16055/,INF179K01WA6,118968,2,2,2,3,9,2,2,2,2,8,2.5,2,2.5,2,9,2,1.5,3.5,2,2,31.5,Low Risk,Good
HSBC Balanced Advantage Dir,hybrid,Dynamic Asset Allocation,Direct,2.82,11.1,9.47,Hybrid: Dynamic Asset Allocation,3.02,11.43,10.25,,0.89,0.58,7.83,10.44,7.23,2.75,GOI/Cash,3.48,25,https://www.valueresearchonline.com/funds/16259/,INF917K01IN1,151129,2,2,2,3,9,2,1,1,2,6,2,2,2,2.5,8.5,1.5,1.5,3,1.5,1.5,28,Low Risk,Good
Helios Balanced Advantage Dir,hybrid,Dynamic Asset Allocation,Direct,5.06,,,Hybrid: Dynamic Asset Allocation,3.02,,,,,,,,,,GOI/Cash,,25,https://www.valueresearchonline.com/funds/44208/,INF0R8701145,152509,1,1,1,3,6,1,1,1,1,4,2,2,2,1.5,7.5,2,1.5,3.5,1.5,1.5,22.5,Moderate Risk,Average
ICICI Pru Balanced Advantage Dir,hybrid,Dynamic Asset Allocation,Direct,6.08,12.49,11.58,Hybrid: Dynamic Asset Allocation,3.02,11.43,10.25,,0.9,0.78,7.54,11.75,6.78,2.6,AAA,5.34,25,https://www.valueresearchonline.com/funds/15829/,INF109K012B0,120377,2,2,2,3,9,2,2,2,2,8,2.5,2,2.5,2,9,1.5,1.5,3,2,2,31,Low Risk,Good
ICICI Pru Dynamic Asset Allocation Active FoF Dir*,hybrid,Dynamic Asset Allocation,Direct,4.34,12.69,12.18,Hybrid: Dynamic Asset Allocation,3.02,11.43,10.25,,,0.84,7.3,12.03,,,AAA,,19,https://www.valueresearchonline.com/funds/17406/,INF109K01X16,120679,2,1,2,3,8,2,2,2,2,8,1,1,1,1,4,1,1,2,1,1,23,Moderate Risk,Average
ITI Balanced Advantage Dir,hybrid,Dynamic Asset Allocation,Direct,0.71,10.8,9.14,Hybrid: Dynamic Asset Allocation,3.02,11.43,10.25,,0.97,0.57,8.23,10.58,5.83,0.3,AAA,0.31,25,https://www.valueresearchonline.com/funds/40425/,INF00XX01689,147789,2,3,1,3,9,2,1,1,2,6,1.5,2,2,2,7.5,1.5,1.5,3,1.5,1.5,27,Low Risk,Good
Invesco India Balanced Advantage Dir,hybrid,Dynamic Asset Allocation,Direct,-0.11,10.84,9.95,Hybrid: Dynamic Asset Allocation,3.02,11.43,10.25,,1.16,0.5,9.24,10.5,7.33,1.85,AAA,2.16,25,https://www.valueresearchonline.com/funds/16740/,INF205K01LN5,120333,2,2,1,3,8,2,1,1,2,6,1.5,1.5,1.5,2,6.5,1.5,1.5,3,1.5,1.5,25,Moderate Risk,Average
Kotak Balanced Advantage Dir,hybrid,Dynamic Asset Allocation,Direct,3.36,10.95,10.12,Hybrid: Dynamic Asset Allocation,3.02,11.43,10.25,,,0.52,8.93,10.5,7.5,4.5,AAA,10.89,25,https://www.valueresearchonline.com/funds/37076/,INF174KA1210,144335,1,1,2,3,7,2,1,1,2,6,2.5,2.5,2.5,2,9.5,1.5,1.5,3,2,2,27.5,Low Risk,Good
LIC MF Balanced Advantage Dir,hybrid,Dynamic Asset Allocation,Direct,-2.01,8.5,,Hybrid: Dynamic Asset Allocation,3.02,11.43,,,1.1,0.3,9.02,8.57,6.84,3.92,AAA,5.08,25,https://www.valueresearchonline.com/funds/41810/,INF767K01QY0,149261,2,2,2,3,9,2,1,1,2,6,2,2,2,2,8,2,1.5,3.5,1.5,1.5,28,Low Risk,Good
Mahindra Manulife Balanced Advantage Dir,hybrid,Dynamic Asset Allocation,Direct,3.99,13.07,,Hybrid: Dynamic Asset Allocation,3.02,11.43,,,,0.69,10.27,12.99,7.42,2.94,AAA,4.85,25,https://www.valueresearchonline.com/funds/41921/,INF174V01BE0,149406,2,2,2,3,9,2,2,2,2,8,2,2.5,2.5,2,9,1.5,1.5,3,1.5,1.5,30.5,Low Risk,Good
Mirae Asset Balanced Advantage Dir,hybrid,Dynamic Asset Allocation,Direct,5.27,12.07,,Hybrid: Dynamic Asset Allocation,3.02,11.43,,,,0.7,8.21,11.6,6.72,3.27,AAA,4.37,25,https://www.valueresearchonline.com/funds/42308/,INF769K01IN6,150470,2,2,1,3,8,2,2,2,2,8,2.5,2.5,2.5,2,9.5,2,1.5,3.5,2,2,31,Low Risk,Good
Motilal Oswal Balanced Advantage Dir,hybrid,Dynamic Asset Allocation,Direct,-1.8,6.17,5.72,Hybrid: Dynamic Asset Allocation,3.02,11.43,10.25,,,0.11,15.42,7.58,6.88,1.28,AAA,1.4,18,https://www.valueresearchonline.com/funds/32933/,INF247L01635,139872,1,1,1,3,6,1,1,1,2,5,1,1.5,1.5,2,6,1,1.5,2.5,1,1,20.5,Moderate Risk,Average
NJ Balanced Advantage Dir,hybrid,Dynamic Asset Allocation,Direct,0.78,10.06,,Hybrid: Dynamic Asset Allocation,3.02,11.43,,,,0.46,9.59,10.25,5.38,0.08,GOI/Cash,0.08,25,https://www.valueresearchonline.com/funds/41748/,INF0J8L01040,149264,3,3,1,3,10,2,1,1,2,6,2.5,2,2,2,8.5,1.5,1.5,3,2,2,29.5,Low Risk,Good
Nippon India Balanced Advantage Dir,hybrid,Dynamic Asset Allocation,Direct,5.18,12.25,10.94,Hybrid: Dynamic Asset Allocation,3.02,11.43,10.25,,,0.7,8.47,11.77,7.86,2.59,AAA,3.64,25,https://www.valueresearchonline.com/funds/17097/,INF204K01G94,118736,2,2,2,3,9,2,2,2,2,8,2,2.5,2.5,2,9,1.5,1.5,3,2,2,31,Low Risk,Good
PGIM India Balanced Advantage Dir,hybrid,Dynamic Asset Allocation,Direct,0.36,8.66,8.98,Hybrid: Dynamic Asset Allocation,3.02,11.43,10.25,,1.06,0.3,10.1,8.87,7.49,,AAA,8.78,25,https://www.valueresearchonline.com/funds/41263/,INF663L01V49,148658,1,1,2,3,7,2,1,1,2,6,2,2,2,2,8,1.5,1.5,3,1.5,1.5,25.5,Moderate Risk,Average
Parag Parikh Dynamic Asset Allocation Dir,hybrid,Dynamic Asset Allocation,Direct,4.17,,,Hybrid: Dynamic Asset Allocation,3.02,,,,,,,,7.5,3.77,AAA,4.57,25,https://www.valueresearchonline.com/funds/44169/,INF879O01266,152468,2,2,2,3,9,1,1,1,1,4,2,2.5,2.5,2.5,9.5,2,1.5,3.5,2,2,28,Low Risk,Good
Quant Dynamic Asset Allocation Dir,hybrid,Dynamic Asset Allocation,Direct,2.81,19.06,,Hybrid: Dynamic Asset Allocation,3.02,11.43,,,,0.83,16.74,19.7,,,AAA,,11,https://www.valueresearchonline.com/funds/43471/,INF966L01BL5,151713,1,1,1,3,6,1,1,1,1,4,1,1,1,1,4,1.5,1.5,3,1,1,18,Moderately High Risk,Average
SBI Balanced Advantage Dir,hybrid,Dynamic Asset Allocation,Direct,4.65,12.03,,Hybrid: Dynamic Asset Allocation,3.02,11.43,,,1.01,0.76,7.96,11.91,7.41,2.09,AAA,3.1,25,https://www.valueresearchonline.com/funds/41655/,INF200KA1Y73,149134,2,2,2,3,9,2,2,2,2,8,2.5,2.5,2.5,2,9.5,2,2,4,2,2,32.5,Low Risk,Good
SBI Dynamic Asset Allocation Active FoF Dir*,hybrid,Dynamic Asset Allocation,Direct,,,,Hybrid: Dynamic Asset Allocation,,,,,,,,,,,AAA,,10,https://www.valueresearchonline.com/funds/45477/,INF200KB1AA9,153832,1,1,1,3,6,1,1,1,1,4,1,1,1,1,4,1,1,2,1,1,17,Moderately High Risk,Average
Samco Dynamic Asset Allocation Dir,hybrid,Dynamic Asset Allocation,Direct,1.03,,,Hybrid: Dynamic Asset Allocation,3.02,,,,,,,,5.8,0.54,GOI/Cash,0.56,25,https://www.valueresearchonline.com/funds/43873/,INF0K1H01131,152188,2,3,1,3,9,1,1,1,1,4,2.5,2,2,1.5,8,1.5,1.5,3,1.5,1.5,25.5,Moderate Risk,Average
Shriram Balanced Advantage Dir,hybrid,Dynamic Asset Allocation,Direct,0.42,8.08,7.86,Hybrid: Dynamic Asset Allocation,3.02,11.43,10.25,,,0.23,10.95,8.39,7.47,1.96,GOI/Cash,2.18,25,https://www.valueresearchonline.com/funds/40003/,INF680P01208,147406,2,2,2,3,9,2,1,1,2,6,2,1.5,2,2,7.5,2,1.5,3.5,1.5,1.5,27.5,Low Risk,Good
Sundaram Balanced Advantage Dir,hybrid,Dynamic Asset Allocation,Direct,1.78,10.26,9.84,Hybrid: Dynamic Asset Allocation,3.02,11.43,10.25,,1.2,0.44,9.26,9.91,7.04,3.75,AAA,5.62,25,https://www.valueresearchonline.com/funds/16642/,,148026,2,2,2,3,9,2,1,1,2,6,2,2,2,2,8,1.5,1.5,3,1.5,1.5,27.5,Low Risk,Good
Tata Balanced Advantage Dir,hybrid,Dynamic Asset Allocation,Direct,4.75,10.63,10.62,Hybrid: Dynamic Asset Allocation,3.02,11.43,10.25,,,0.52,8.43,10.27,7.67,4.12,AAA,7.43,25,https://www.valueresearchonline.com/funds/38707/,INF277K013S8,146010,2,2,2,3,9,2,1,1,2,6,2,2.5,2.5,2,9,1.5,1.5,3,2,2,29,Low Risk,Good
The Wealth Company Balanced Advantage Dir,hybrid,Dynamic Asset Allocation,Direct,,,,Hybrid: Dynamic Asset Allocation,,,,,,,,,,,AAA,,25,https://www.valueresearchonline.com/funds/45771/,INF2F0001479,154185,1,1,1,1,4,1,1,1,1,4,1,1,1,1,4,1,1,2,1,1,15,Moderately High Risk,Average
UTI Balanced Advantage Dir,hybrid,Dynamic Asset Allocation,Direct,0.24,,,Hybrid: Dynamic Asset Allocation,3.02,,,,,,,,7.13,1.59,AAA,1.8,25,https://www.valueresearchonline.com/funds/43666/,INF789F1AYV3,151885,2,2,1,3,8,1,1,1,1,4,2,2,2,2,8,1.5,1.5,3,1.5,1.5,24.5,Moderate Risk,Average
UTI Unit Linked Insurance Dir,hybrid,Dynamic Asset Allocation,Direct,0.37,7.83,7.35,Hybrid: Dynamic Asset Allocation,3.02,11.43,10.25,,,0.23,6.54,7.38,7.63,5.42,AAA,8.49,25,https://www.valueresearchonline.com/funds/17462/,,120784,1,1,2,3,7,2,1,1,2,6,2,2,2,2.5,8.5,1,1,2,1.5,1.5,25,Moderate Risk,Average
Unifi Dynamic Asset Allocation Dir,hybrid,Dynamic Asset Allocation,Direct,7.81,,,Hybrid: Dynamic Asset Allocation,3.02,,,,,,,,10.45,1.37,AAA,1.89,25,https://www.valueresearchonline.com/funds/45026/,INF1MIY01015,153376,2,2,3,3,10,1,1,1,1,4,2.5,2,2,2.5,9,2,2,4,2,2,29,Low Risk,Good
Union Balanced Advantage Dir,hybrid,Dynamic Asset Allocation,Direct,2.93,9.45,8.52,Hybrid: Dynamic Asset Allocation,3.02,11.43,10.25,,,0.36,8.8,9.04,7.01,2.82,AAA,3.5,25,https://www.valueresearchonline.com/funds/34862/,INF582M01DE9,142038,2,2,2,3,9,2,1,1,2,6,2,2.5,2.5,2,9,1.5,1.5,3,1.5,1.5,28.5,Low Risk,Good
WhiteOak Capital Balanced Advantage Dir,hybrid,Dynamic Asset Allocation,Direct,3.32,12.49,,Hybrid: Dynamic Asset Allocation,3.02,11.43,,,,0.71,8.91,12.15,6.98,2.15,AAA,2.46,25,https://www.valueresearchonline.com/funds/43008/,INF03VN01738,151267,2,2,2,3,9,2,2,2,2,8,2.5,2,2,2,8.5,1.5,1.5,3,2,2,30.5,Low Risk,Good
ABSL Balanced Advantage Reg,hybrid,Dynamic Asset Allocation,Regular,5.01,11.51,9.83,Hybrid: Dynamic Asset Allocation,1.77,10.04,8.88,,,0.61,8.71,11.2,7.8,2.8,AAA,3.77,25,https://www.valueresearchonline.com/funds/797/,INF084M01AB8,131666,2,2,2,3,9,2,2,2,2,8,2.5,2.5,2.5,2,9.5,1.5,1.5,3,2,2,31.5,Low Risk,Good
ABSL Dynamic Asset Allocation Omni FoF Reg,hybrid,Dynamic Asset Allocation,Regular,3.97,14,12.16,Hybrid: Dynamic Asset Allocation,1.77,10.04,8.88,,,0.71,11.21,13.82,,,AAA,,8,https://www.valueresearchonline.com/funds/12661/,INF084M01101,132180,1,1,1,3,6,2,2,2,2,8,1,1,1,1,4,1,1,2,1,1,21,Moderate Risk,Average
Axis Balanced Advantage Reg,hybrid,Dynamic Asset Allocation,Regular,2.5,11.98,10.06,Hybrid: Dynamic Asset Allocation,1.77,10.04,8.88,,1.12,0.64,8.58,11.4,7.15,2.22,AAA,2.64,25,https://www.valueresearchonline.com/funds/34465/,INF846K01A52,141644,2,2,2,3,9,2,2,2,2,8,2.5,2,2,2,8.5,1.5,1.5,3,2,2,30.5,Low Risk,Good
Axis Retirement-Dynamic Plan Reg,hybrid,Dynamic Asset Allocation,Regular,-1.03,10.95,8.54,Hybrid: Dynamic Asset Allocation,1.77,10.04,8.88,,,0.44,13.47,11.79,6.88,7.33,GOI/Cash,17.37,25,https://www.valueresearchonline.com/funds/40431/,INF846K01T44,147828,1,1,2,3,7,1,1,1,2,5,2.5,2,2,1.5,8,1.5,1.5,3,1.5,1.5,24.5,Moderate Risk,Average
Bajaj Finserv Balanced Advantage Reg,hybrid,Dynamic Asset Allocation,Regular,2.03,,,Hybrid: Dynamic Asset Allocation,1.77,,,,1.35,,,,7.32,1.65,AAA,3.04,25,https://www.valueresearchonline.com/funds/43875/,INF0QA701680,152196,2,2,2,3,9,1,1,1,1,4,1.5,1.5,2,1.5,6.5,1.5,1.5,3,1.5,1.5,24,Moderate Risk,Average
Bandhan Balanced Advantage Reg,hybrid,Dynamic Asset Allocation,Regular,4,9.35,7.98,Hybrid: Dynamic Asset Allocation,1.77,10.04,8.88,,,0.41,8.26,9.29,7.32,1.59,AAA,2.81,25,https://www.valueresearchonline.com/funds/28340/,INF194KA1UE8,131357,1,1,2,3,7,2,1,1,2,6,2.5,2,2,2,8.5,1.5,1.5,3,2,2,26.5,Moderate Risk,Average
Bank of India Balanced Advantage Reg,hybrid,Dynamic Asset Allocation,Regular,5.67,9.9,10.23,Hybrid: Dynamic Asset Allocation,1.77,10.04,8.88,,,0.41,9.79,9.91,6.57,1.32,AAA,1.48,25,https://www.valueresearchonline.com/funds/24754/,INF761K01BR9,127849,2,2,2,3,9,2,1,1,2,6,2,2,2,2,8,2,1.5,3.5,1.5,1.5,28,Low Risk,Good
Baroda BNP Paribas Balanced Advantage Reg,hybrid,Dynamic Asset Allocation,Regular,5.89,12.75,11.49,Hybrid: Dynamic Asset Allocation,1.77,10.04,8.88,,1.43,0.62,11.68,13.1,7.5,2.78,AAA,4.89,25,https://www.valueresearchonline.com/funds/38111/,INF955L01HC4,145387,2,2,2,3,9,2,2,1,2,7,2,2.5,2.5,2,9,1.5,1.5,3,1.5,1.5,29.5,Low Risk,Good
Canara Robeco Balanced Advantage Reg,hybrid,Dynamic Asset Allocation,Regular,-0.2,,,Hybrid: Dynamic Asset Allocation,1.77,,,,,,,,7.12,2.59,AAA,3.39,25,https://www.valueresearchonline.com/funds/44368/,INF760K01LA6,152690,2,2,2,3,9,1,1,1,1,4,2,2,2,2,8,1.5,1.5,3,1.5,1.5,25.5,Moderate Risk,Average
DSP Dynamic Asset Allocation Reg,hybrid,Dynamic Asset Allocation,Regular,4.49,10.64,8.27,Hybrid: Dynamic Asset Allocation,1.77,10.04,8.88,,,0.66,6.51,10.15,7.2,2.5,AAA,3.16,25,https://www.valueresearchonline.com/funds/23436/,INF740K01K57,126394,2,2,2,3,9,2,2,2,2,8,2,2,2,2.5,8.5,1.5,1.5,3,1.5,1.5,30,Low Risk,Good
Edelweiss Balanced Advantage Reg,hybrid,Dynamic Asset Allocation,Regular,4.16,10.51,9.54,Hybrid: Dynamic Asset Allocation,1.77,10.04,8.88,,1.16,0.5,9.23,10.53,7.07,1.06,AAA,1.14,25,https://www.valueresearchonline.com/funds/10607/,INF754K01285,112117,3,3,1,3,10,2,1,1,2,6,2.5,2,2.5,1.5,8.5,1.5,1.5,3,1.5,1.5,29,Low Risk,Good
Franklin India Balanced Advantage Reg,hybrid,Dynamic Asset Allocation,Regular,0.28,10.45,,Hybrid: Dynamic Asset Allocation,1.77,10.04,,,,0.55,8.1,10.29,7.95,2.62,AAA,3.28,25,https://www.valueresearchonline.com/funds/42453/,INF761K01BR9,127849,2,2,2,3,9,1,1,1,1,4,1.5,2,2,2,7.5,1.5,1.5,3,1.5,1.5,25,Moderate Risk,Average
Franklin India Dynamic Asset Allocation Active FoF Reg,hybrid,Dynamic Asset Allocation,Regular,1.03,11,11.68,Hybrid: Dynamic Asset Allocation,1.77,10.04,8.88,,,0.61,7.82,10.67,,,AAA,,1,https://www.valueresearchonline.com/funds/1915/,INF200KB1977,153831,1,1,1,3,6,1,1,1,1,4,1,1,1,1,4,1,1,2,1,1,17,Moderately High Risk,Average
HDFC Balanced Advantage Reg,hybrid,Dynamic Asset Allocation,Regular,1.06,14.48,15.3,Hybrid: Dynamic Asset Allocation,1.77,10.04,8.88,,1.27,0.75,10.81,13.97,7.58,4.35,AAA,7.32,25,https://www.valueresearchonline.com/funds/842/,INF917K01KW8,151126,2,2,2,3,9,2,2,2,2,8,2.5,2,2.5,2,9,2,1.5,3.5,2,2,31.5,Low Risk,Good
HSBC Balanced Advantage Reg,hybrid,Dynamic Asset Allocation,Regular,1.51,9.64,8.02,Hybrid: Dynamic Asset Allocation,1.77,10.04,8.88,,0.89,0.42,7.82,9.11,7.23,2.75,GOI/Cash,3.48,25,https://www.valueresearchonline.com/funds/12058/,INF917K01KY4,151127,2,2,2,3,9,2,1,1,2,6,2,2,2,2.5,8.5,1.5,1.5,3,1.5,1.5,28,Low Risk,Good
Helios Balanced Advantage Reg,hybrid,Dynamic Asset Allocation,Regular,3.53,,,Hybrid: Dynamic Asset Allocation,1.77,,,,,,,,,,GOI/Cash,,25,https://www.valueresearchonline.com/funds/44206/,INF0R8701111,152512,1,1,1,3,6,1,1,1,1,4,2,2,2,1.5,7.5,2,1.5,3.5,1.5,1.5,22.5,Moderate Risk,Average
ICICI Pru Balanced Advantage,hybrid,Dynamic Asset Allocation,Regular,5.5,11.83,10.9,Hybrid: Dynamic Asset Allocation,1.77,10.04,8.88,,0.9,0.7,7.53,11.15,6.78,2.6,AAA,5.34,25,https://www.valueresearchonline.com/funds/3906/,INF109K01EG8,104686,2,2,2,3,9,2,2,2,2,8,2.5,2,2.5,2,9,1.5,1.5,3,2,2,31,Low Risk,Good
ICICI Pru Dynamic Asset Allocation Active FoF*,hybrid,Dynamic Asset Allocation,Regular,3.26,11.52,10.96,Hybrid: Dynamic Asset Allocation,1.77,10.04,8.88,,,0.7,7.3,10.98,,,AAA,,19,https://www.valueresearchonline.com/funds/1934/,INF769K01FV5,148416,2,1,2,3,8,2,2,2,2,8,1,1,1,1,4,1,1,2,1,1,23,Moderate Risk,Average
ITI Balanced Advantage Reg,hybrid,Dynamic Asset Allocation,Regular,-1.01,8.89,7.11,Hybrid: Dynamic Asset Allocation,1.77,10.04,8.88,,0.97,0.36,8.22,8.83,5.83,0.3,AAA,0.31,25,https://www.valueresearchonline.com/funds/40423/,INF00XX01655,147787,2,3,1,3,9,2,1,1,2,6,1.5,2,2,2,7.5,1.5,1.5,3,1.5,1.5,27,Low Risk,Good
Invesco India Balanced Advantage Reg,hybrid,Dynamic Asset Allocation,Regular,-1.41,9.39,8.5,Hybrid: Dynamic Asset Allocation,1.77,10.04,8.88,,1.16,0.36,9.23,9.17,7.33,1.85,AAA,2.16,25,https://www.valueresearchonline.com/funds/5566/,INF205K01213,106317,2,2,1,3,8,2,1,1,2,6,1.5,1.5,1.5,2,6.5,1.5,1.5,3,1.5,1.5,25,Moderate Risk,Average
Kotak Balanced Advantage Reg,hybrid,Dynamic Asset Allocation,Regular,2.24,9.71,8.83,Hybrid: Dynamic Asset Allocation,1.77,10.04,8.88,,,0.39,8.92,9.36,7.5,4.5,AAA,10.89,25,https://www.valueresearchonline.com/funds/37074/,INF174KA1186,144333,1,1,2,3,7,2,1,1,2,6,2.5,2.5,2.5,2,9.5,1.5,1.5,3,2,2,27.5,Low Risk,Good
LIC MF Balanced Advantage Reg,hybrid,Dynamic Asset Allocation,Regular,-3.41,6.82,,Hybrid: Dynamic Asset Allocation,1.77,10.04,,,1.1,0.13,8.99,7,6.84,3.92,AAA,5.08,25,https://www.valueresearchonline.com/funds/41808/,INF767K01QV6,149259,2,2,2,3,9,2,1,1,2,6,2,2,2,2,8,2,1.5,3.5,1.5,1.5,28,Low Risk,Good
Mahindra Manulife Balanced Advantage Reg,hybrid,Dynamic Asset Allocation,Regular,2.3,11.19,,Hybrid: Dynamic Asset Allocation,1.77,10.04,,,,0.53,10.25,11.3,7.42,2.94,AAA,4.85,25,https://www.valueresearchonline.com/funds/41919/,INF174V01BB6,149404,2,2,2,3,9,2,2,2,2,8,2,2.5,2.5,2,9,1.5,1.5,3,1.5,1.5,30.5,Low Risk,Good
Mirae Asset Balanced Advantage Reg,hybrid,Dynamic Asset Allocation,Regular,3.87,10.53,,Hybrid: Dynamic Asset Allocation,1.77,10.04,,,,0.53,8.2,10.22,6.72,3.27,AAA,4.37,25,https://www.valueresearchonline.com/funds/42306/,INF769K01IK2,150473,2,2,1,3,8,2,2,2,2,8,2.5,2.5,2.5,2,9.5,2,1.5,3.5,2,2,31,Low Risk,Good
Motilal Oswal Balanced Advantage Reg,hybrid,Dynamic Asset Allocation,Regular,-3.16,4.81,4.38,Hybrid: Dynamic Asset Allocation,1.77,10.04,8.88,,,0.03,15.42,6.29,6.88,1.28,AAA,1.4,18,https://www.valueresearchonline.com/funds/32930/,INF247L01593,139871,1,1,1,3,6,1,1,1,2,5,1,1.5,1.5,2,6,1,1.5,2.5,1,1,20.5,Moderate Risk,Average
NJ Balanced Advantage Reg,hybrid,Dynamic Asset Allocation,Regular,-0.52,8.67,,Hybrid: Dynamic Asset Allocation,1.77,10.04,,,,0.32,9.58,8.97,5.38,0.08,GOI/Cash,0.08,25,https://www.valueresearchonline.com/funds/41746/,INF0J8L01024,149266,3,3,1,3,10,2,1,1,2,6,2.5,2,2,2,8.5,1.5,1.5,3,2,2,29.5,Low Risk,Good
Nippon India Balanced Advantage Reg,hybrid,Dynamic Asset Allocation,Regular,3.96,10.93,9.56,Hybrid: Dynamic Asset Allocation,1.77,10.04,8.88,,,0.56,8.46,10.57,7.86,2.59,AAA,3.64,25,https://www.valueresearchonline.com/funds/2510/,INF663L01V80,148660,2,2,2,3,9,2,2,2,2,8,2,2.5,2.5,2,9,1.5,1.5,3,2,2,31,Low Risk,Good
PGIM India Balanced Advantage Reg,hybrid,Dynamic Asset Allocation,Regular,-1.31,6.86,7.1,Hybrid: Dynamic Asset Allocation,1.77,10.04,8.88,,1.06,0.13,10.08,7.17,7.49,,AAA,8.78,25,https://www.valueresearchonline.com/funds/41261/,INF663L01V72,148657,1,1,2,3,7,2,1,1,2,6,2,2,2,2,8,1.5,1.5,3,1.5,1.5,25.5,Moderate Risk,Average
Parag Parikh Dynamic Asset Allocation Reg,hybrid,Dynamic Asset Allocation,Regular,3.85,,,Hybrid: Dynamic Asset Allocation,1.77,,,,,,,,7.5,3.77,AAA,4.57,25,https://www.valueresearchonline.com/funds/44167/,INF879O01233,152464,2,2,2,3,9,1,1,1,1,4,2,2.5,2.5,2.5,9.5,2,1.5,3.5,2,2,28,Low Risk,Good
Quant Dynamic Asset Allocation Reg,hybrid,Dynamic Asset Allocation,Regular,1.35,17.3,,Hybrid: Dynamic Asset Allocation,1.77,10.04,,,,0.74,16.71,18.19,,,AAA,,11,https://www.valueresearchonline.com/funds/43469/,INF966L01BO9,151714,1,1,1,3,6,1,1,1,1,4,1,1,1,1,4,1.5,1.5,3,1,1,18,Moderately High Risk,Average
SBI Balanced Advantage Reg,hybrid,Dynamic Asset Allocation,Regular,3.79,11.06,,Hybrid: Dynamic Asset Allocation,1.77,10.04,,,1.01,0.65,7.95,11.03,7.41,2.09,AAA,3.1,25,https://www.valueresearchonline.com/funds/41653/,INF200KA1Y40,149132,2,2,2,3,9,2,2,2,2,8,2.5,2.5,2.5,2,9.5,2,2,4,2,2,32.5,Low Risk,Good
SBI Dynamic Asset Allocation Active FoF Reg,hybrid,Dynamic Asset Allocation,Regular,,,,Hybrid: Dynamic Asset Allocation,,,,,,,,,,,AAA,,10,https://www.valueresearchonline.com/funds/45475/,INF200KB1977,153831,1,1,1,3,6,1,1,1,1,4,1,1,1,1,4,1,1,2,1,1,17,Moderately High Risk,Average
Samco Dynamic Asset Allocation Reg,hybrid,Dynamic Asset Allocation,Regular,-0.48,,,Hybrid: Dynamic Asset Allocation,1.77,,,,,,,,5.8,0.54,GOI/Cash,0.56,25,https://www.valueresearchonline.com/funds/43871/,INF0K1H01099,152187,2,3,1,3,9,1,1,1,1,4,2.5,2,2,1.5,8,1.5,1.5,3,1.5,1.5,25.5,Moderate Risk,Average
Shriram Balanced Advantage Reg,hybrid,Dynamic Asset Allocation,Regular,-1.33,6.15,5.92,Hybrid: Dynamic Asset Allocation,1.77,10.04,8.88,,,0.07,10.95,6.58,7.47,1.96,GOI/Cash,2.18,25,https://www.valueresearchonline.com/funds/40001/,INF680P01174,147405,2,2,2,3,9,2,1,1,2,6,2,1.5,2,2,7.5,2,1.5,3.5,1.5,1.5,27.5,Low Risk,Good
Sundaram Balanced Advantage Reg,hybrid,Dynamic Asset Allocation,Regular,0.31,8.67,8.18,Hybrid: Dynamic Asset Allocation,1.77,10.04,8.88,,1.2,0.28,9.25,8.45,7.04,3.75,AAA,5.62,25,https://www.valueresearchonline.com/funds/11824/,,148024,2,2,2,3,9,2,1,1,2,6,2,2,2,2,8,1.5,1.5,3,1.5,1.5,27.5,Low Risk,Good
Tata Balanced Advantage Reg,hybrid,Dynamic Asset Allocation,Regular,3.45,9.19,9.06,Hybrid: Dynamic Asset Allocation,1.77,10.04,8.88,,,0.37,8.41,8.95,7.67,4.12,AAA,7.43,25,https://www.valueresearchonline.com/funds/38705/,INF277K010S4,146007,2,2,2,3,9,2,1,1,2,6,2,2.5,2.5,2,9,1.5,1.5,3,2,2,29,Low Risk,Good
The Wealth Company Balanced Advantage Reg,hybrid,Dynamic Asset Allocation,Regular,,,,Hybrid: Dynamic Asset Allocation,,,,,,,,,,,AAA,,25,https://www.valueresearchonline.com/funds/45769/,INF2F0001446,154183,1,1,1,1,4,1,1,1,1,4,1,1,1,1,4,1,1,2,1,1,15,Moderately High Risk,Average
UTI Balanced Advantage Reg,hybrid,Dynamic Asset Allocation,Regular,-1.09,,,Hybrid: Dynamic Asset Allocation,1.77,,,,,,,,7.13,1.59,AAA,1.8,25,https://www.valueresearchonline.com/funds/43664/,INF789F1AYT7,151882,2,2,1,3,8,1,1,1,1,4,2,2,2,2,8,1.5,1.5,3,1.5,1.5,24.5,Moderate Risk,Average
UTI Unit Linked Insurance Reg,hybrid,Dynamic Asset Allocation,Regular,-0.24,7.11,6.6,Hybrid: Dynamic Asset Allocation,1.77,10.04,8.88,,,0.13,6.54,6.71,7.63,5.42,AAA,8.49,25,https://www.valueresearchonline.com/funds/222/,INF955L01IY6,100646,1,1,2,3,7,2,1,1,2,6,2,2,2,2.5,8.5,1,1,2,1.5,1.5,25,Moderate Risk,Average
Unifi Dynamic Asset Allocation Reg,hybrid,Dynamic Asset Allocation,Regular,7.17,,,Hybrid: Dynamic Asset Allocation,1.77,,,,,,,,10.45,1.37,AAA,1.89,25,https://www.valueresearchonline.com/funds/45025/,INF1MIY01023,153377,2,2,3,3,10,1,1,1,1,4,2.5,2,2,2.5,9,2,2,4,2,2,29,Low Risk,Good
Union Balanced Advantage Reg,hybrid,Dynamic Asset Allocation,Regular,1.75,8.19,7.22,Hybrid: Dynamic Asset Allocation,1.77,10.04,8.88,,,0.23,8.82,7.88,7.01,2.82,AAA,3.5,25,https://www.valueresearchonline.com/funds/34860/,INF582M01DI0,142035,2,2,2,3,9,2,1,1,2,6,2,2.5,2.5,2,9,1.5,1.5,3,1.5,1.5,28.5,Low Risk,Good
WhiteOak Capital Balanced Advantage Reg,hybrid,Dynamic Asset Allocation,Regular,1.82,10.75,,Hybrid: Dynamic Asset Allocation,1.77,10.04,,,,0.53,8.89,10.58,6.98,2.15,AAA,2.46,25,https://www.valueresearchonline.com/funds/43007/,INF03VN01720,151268,2,2,2,3,9,2,2,2,2,8,2.5,2,2,2,8.5,1.5,1.5,3,2,2,30.5,Low Risk,Good
ABSL Equity Savings Dir,hybrid,Equity Savings,Direct,6.21,8.76,7.56,Hybrid: Equity Savings,5.03,9.69,8.86,,,0.84,3.21,8.57,7.37,1.6,GOI/Cash,1.9,25,https://www.valueresearchonline.com/funds/28671/,INF209KA1TP9,132995,2,2,2,3,9,3,2,2,2,9,1,2,1,1,5,1.5,1.5,3,1.5,1.5,27.5,Low Risk,Good
Axis Equity Savings Dir,hybrid,Equity Savings,Direct,5.04,10.34,9.08,Hybrid: Equity Savings,5.03,9.69,8.86,,1.08,0.69,5.67,9.75,7.37,3.04,AAA,3.85,25,https://www.valueresearchonline.com/funds/30703/,INF846K01VJ3,135120,2,2,2,3,9,2,2,2,2,8,1,1.5,1,1,4.5,1.5,1.5,3,2,2,26.5,Moderate Risk,Average
Bajaj Finserv Equity Savings Dir,hybrid,Equity Savings,Direct,,,,Hybrid: Equity Savings,,,,,,,,,7.17,0.5,GOI/Cash,0.5,25,https://www.valueresearchonline.com/funds/45398/,INF0QA701BT9,153758,3,3,1,3,10,1,1,1,1,4,1,1.5,1,1,4.5,1.5,1.5,3,1.5,1.5,23,Moderate Risk,Average
Bandhan Equity Savings Dir,hybrid,Equity Savings,Direct,4.56,7.79,7.31,Hybrid: Equity Savings,5.03,9.69,8.86,,,0.65,2.57,7.52,7.46,2.31,GOI/Cash,2.82,25,https://www.valueresearchonline.com/funds/17857/,INF194K01Z02,118477,2,2,2,3,9,3,2,2,2,9,1,2,1,1,5,1.5,1.5,3,1.5,1.5,27.5,Low Risk,Good
Baroda BNP Paribas Equity Svngs Dir,hybrid,Equity Savings,Direct,5.15,10.05,8.91,Hybrid: Equity Savings,5.03,9.69,8.86,,1.14,0.66,6.04,9.88,7.39,2.66,AAA,3.11,25,https://www.valueresearchonline.com/funds/40120/,INF955L01IL3,147496,2,2,2,3,9,2,1,1,2,6,1,2,1,1,5,1.5,1.5,3,1.5,1.5,24.5,Moderate Risk,Average
DSP Equity Savings Dir,hybrid,Equity Savings,Direct,3.34,9.56,8.7,Hybrid: Equity Savings,5.03,9.69,8.86,,,0.84,4,9.21,6.74,2.41,GOI/Cash,4.82,25,https://www.valueresearchonline.com/funds/32141/,INF740KA1504,136567,2,2,2,3,9,2,2,2,2,8,1,2,1,1,5,2,1.5,3.5,2,2,27.5,Low Risk,Good
Edelweiss Equity Savings Dir,hybrid,Equity Savings,Direct,8.57,11.85,10.24,Hybrid: Equity Savings,5.03,9.69,8.86,,0.78,1.21,4.34,11.13,7.01,1.11,GOI/Cash,1.25,25,https://www.valueresearchonline.com/funds/28229/,INF843K01KC8,140347,2,3,2,3,10,2,2,2,2,8,1,2,1,1,5,1.5,1.5,3,2,2,28,Low Risk,Good
Franklin India Equity Savings Dir,hybrid,Equity Savings,Direct,4.34,8.11,7.93,Hybrid: Equity Savings,5.03,9.69,8.86,,,0.76,2.72,7.94,7.42,2.83,AAA,4,25,https://www.valueresearchonline.com/funds/37266/,INF090I01PD7,144466,2,1,2,3,8,1,1,1,1,4,1,2,1,1,5,1.5,1.5,3,1.5,1.5,21.5,Moderate Risk,Average
HDFC Equity Savings Dir,hybrid,Equity Savings,Direct,3.68,9.59,9.2,Hybrid: Equity Savings,5.03,9.69,8.86,,0.99,0.63,5.32,9.23,7.48,2.99,AAA,3.57,25,https://www.valueresearchonline.com/funds/16118/,INF179K01XT4,119128,2,2,2,3,9,2,2,2,2,8,1,2,1,1,5,1.5,1.5,3,1.5,1.5,26.5,Moderate Risk,Average
HSBC Equity Savings Dir,hybrid,Equity Savings,Direct,13.26,14.12,12.09,Hybrid: Equity Savings,5.03,9.69,8.86,,0.97,0.96,8.05,13.6,6.81,2.03,GOI/Cash,2.26,25,https://www.valueresearchonline.com/funds/16283/,INF917K01GE4,151060,2,2,2,3,9,2,2,1,2,7,1,2,1,1,5,1.5,1.5,3,1.5,1.5,25.5,Moderate Risk,Average
ICICI Pru Equity Savings Dir,hybrid,Equity Savings,Direct,3.45,7.77,7.79,Hybrid: Equity Savings,5.03,9.69,8.86,,0.54,0.57,3,7.58,7.51,3.84,GOI/Cash,7.31,25,https://www.valueresearchonline.com/funds/28745/,INF109K01O82,120398,2,2,1,3,8,3,2,2,2,9,1,1.5,1,1,4.5,1.5,1.5,3,2,2,26.5,Moderate Risk,Average
Invesco India Equity Savings Dir,hybrid,Equity Savings,Direct,-0.32,9.55,8.36,Hybrid: Equity Savings,5.03,9.69,8.86,,1.09,0.54,6.36,9.31,7.2,2.75,AAA,3.48,25,https://www.valueresearchonline.com/funds/39161/,INF205KA1049,146457,2,2,2,3,9,2,1,1,2,6,1,2,1,1,5,1.5,1.5,3,1.5,1.5,24.5,Moderate Risk,Average
Kotak Equity Savings Dir,hybrid,Equity Savings,Direct,6.3,11.11,10.7,Hybrid: Equity Savings,5.03,9.69,8.86,,,0.79,6.32,10.84,7.39,1.9,AAA,2.73,25,https://www.valueresearchonline.com/funds/28168/,INF174K01D28,131373,2,2,2,3,9,2,2,1,2,7,1,2,1,1,5,2,1.5,3.5,2,2,26.5,Moderate Risk,Average
LIC MF Equity Savings Dir,hybrid,Equity Savings,Direct,2.79,9.71,8.22,Hybrid: Equity Savings,5.03,9.69,8.86,,1.23,0.54,7.24,9.81,,,GOI/Cash,,25,https://www.valueresearchonline.com/funds/16516/,INF397L01AZ5,151952,1,1,1,3,6,2,1,1,2,6,1,2.5,1,1,5.5,2,1.5,3.5,1.5,1.5,22.5,Moderate Risk,Average
Mahindra Manulife Equity Savings Dir,hybrid,Equity Savings,Direct,6.78,10.92,9.87,Hybrid: Equity Savings,5.03,9.69,8.86,,,0.83,5.58,10.49,7.33,2.05,AAA,2.45,25,https://www.valueresearchonline.com/funds/33353/,INF174V01184,140444,2,2,2,3,9,2,2,2,2,8,1,2,1,1,5,1.5,1.5,3,1.5,1.5,26.5,Moderate Risk,Average
Mirae Asset Equity Savings Dir,hybrid,Equity Savings,Direct,5.84,11.16,9.98,Hybrid: Equity Savings,5.03,9.69,8.86,,,0.76,6.34,10.68,6.25,2.63,AAA,3.57,25,https://www.valueresearchonline.com/funds/38387/,INF769K01EK1,145693,2,2,1,3,8,2,2,2,2,8,1,2.5,1,1,5.5,1.5,1.5,3,2,2,26.5,Moderate Risk,Average
Nippon India Equity Savings Dir,hybrid,Equity Savings,Direct,4.43,7.87,7.73,Hybrid: Equity Savings,5.03,9.69,8.86,,,0.42,3.83,7.47,7.43,2.97,GOI/Cash,3.54,25,https://www.valueresearchonline.com/funds/30217/,INF204KA1W85,134595,2,2,2,3,9,2,2,2,2,8,1,1.5,1,1,4.5,1.5,1.5,3,1.5,1.5,26,Moderate Risk,Average
Nippon India Equity Savings Seg Port 1 Direct,hybrid,Equity Savings,Direct,,,,,,,,,,,,,,,C,,0,https://www.valueresearchonline.com/funds/40321/,INF204KB11E7,147697,1,1,1,1,4,1,1,1,1,4,1,1,1,1,4,1,1,2,1,1,15,Moderately High Risk,Average
Nippon India Equity Savings Seg Port 2 Direct,hybrid,Equity Savings,Direct,,,,,,,,,,,,,7.12,2.77,C,3.31,0,https://www.valueresearchonline.com/funds/40865/,INF204KB18R4,148274,1,1,1,1,4,1,1,1,1,4,1,1,1,1,4,1,1,2,1,1,15,Moderately High Risk,Average
PGIM India Equity Savings Dir,hybrid,Equity Savings,Direct,3.66,6.9,6.8,Hybrid: Equity Savings,5.03,9.69,8.86,,0.51,0.2,3.09,6.48,7.13,,GOI/Cash,5.57,25,https://www.valueresearchonline.com/funds/16392/,INF223J01QD0,138376,1,2,2,3,8,3,1,1,1,6,1,1,1,1,4,1.5,1.5,3,1.5,1.5,22.5,Moderate Risk,Average
Quant Equity Savings Dir,hybrid,Equity Savings,Direct,,,,Hybrid: Equity Savings,,,,,,,,,,,GOI/Cash,,16,https://www.valueresearchonline.com/funds/45353/,INF966L01EC8,153705,1,1,1,3,6,1,1,1,1,4,1,1,1,1,4,1.5,1.5,3,1,1,18,Moderately High Risk,Average
SBI Equity Savings Dir,hybrid,Equity Savings,Direct,3.72,9.97,8.96,Hybrid: Equity Savings,5.03,9.69,8.86,,,0.74,5.4,9.88,7.51,1.43,AAA,1.61,25,https://www.valueresearchonline.com/funds/30277/,INF200KA1DF3,134643,2,2,2,3,9,2,2,2,2,8,1,2,1,1,5,1.5,1.5,3,2,2,27,Low Risk,Good
Sundaram Equity Savings Dir,hybrid,Equity Savings,Direct,2.51,10.84,10.16,Hybrid: Equity Savings,5.03,9.69,8.86,,1.1,0.75,6.22,10.52,6.54,2.13,GOI/Cash,2.75,25,https://www.valueresearchonline.com/funds/16819/,INF903J017I5,134363,2,2,1,3,8,2,2,2,2,8,1,1.5,1,1,4.5,1.5,1.5,3,1.5,1.5,25,Moderate Risk,Average
UTI Equity Savings Dir,hybrid,Equity Savings,Direct,4.45,9.82,9.64,Hybrid: Equity Savings,5.03,9.69,8.86,,0.79,0.72,5.07,9.52,6.26,2.43,GOI/Cash,2.76,25,https://www.valueresearchonline.com/funds/37353/,INF789F1A777,144490,2,2,1,3,8,2,2,2,2,8,1,2,1,1,5,2,1.5,3.5,1.5,1.5,26,Moderate Risk,Average
Union Equity Savings Dir,hybrid,Equity Savings,Direct,3.81,7.72,6.85,Hybrid: Equity Savings,5.03,9.69,8.86,,,0.3,4.9,7.35,6.66,2.19,GOI/Cash,2.59,25,https://www.valueresearchonline.com/funds/37122/,INF582M01EC1,144312,2,2,1,3,8,2,1,1,2,6,1,2,1,1,5,1.5,1.5,3,1.5,1.5,23.5,Moderate Risk,Average
WhiteOak Capital Equity Savings Dir,hybrid,Equity Savings,Direct,9.09,,,Hybrid: Equity Savings,5.03,,,,,,,,6.99,4.64,GOI/Cash,6.02,25,https://www.valueresearchonline.com/funds/44999/,INF03VN01AB7,153355,2,2,2,3,9,1,1,1,1,4,1,2,1,1,5,1.5,1.5,3,2,2,23,Moderate Risk,Average
ABSL Equity Savings Reg,hybrid,Equity Savings,Regular,5.68,8.18,6.76,Hybrid: Equity Savings,4,8.63,7.77,,,0.67,3.2,8.02,7.37,1.6,GOI/Cash,1.9,25,https://www.valueresearchonline.com/funds/28669/,INF209KA1TS3,132998,2,2,2,3,9,3,2,2,2,9,1,2,1,1,5,1.5,1.5,3,1.5,1.5,27.5,Low Risk,Good
Axis Equity Savings Reg,hybrid,Equity Savings,Regular,3.78,9,7.7,Hybrid: Equity Savings,4,8.63,7.77,,1.08,0.47,5.66,8.5,7.37,3.04,AAA,3.85,25,https://www.valueresearchonline.com/funds/30700/,INF846K01VO3,135122,2,2,2,3,9,2,2,2,2,8,1,1.5,1,1,4.5,1.5,1.5,3,2,2,26.5,Moderate Risk,Average
Bajaj Finserv Equity Savings Reg,hybrid,Equity Savings,Regular,,,,Hybrid: Equity Savings,,,,,,,,,7.17,0.5,GOI/Cash,0.5,25,https://www.valueresearchonline.com/funds/45396/,INF0QA701BQ5,153769,3,3,1,3,10,1,1,1,1,4,1,1.5,1,1,4.5,1.5,1.5,3,1.5,1.5,23,Moderate Risk,Average
Bandhan Equity Savings Reg,hybrid,Equity Savings,Regular,3.61,6.78,6.26,Hybrid: Equity Savings,4,8.63,7.77,,,0.28,2.56,6.57,7.46,2.31,GOI/Cash,2.82,25,https://www.valueresearchonline.com/funds/7762/,INF194K01581,108995,2,2,2,3,9,3,2,2,2,9,1,2,1,1,5,1.5,1.5,3,1.5,1.5,27.5,Low Risk,Good
Baroda BNP Paribas Equity Svngs Reg,hybrid,Equity Savings,Regular,3.97,8.85,7.73,Hybrid: Equity Savings,4,8.63,7.77,,1.14,0.48,6.04,8.77,7.39,2.66,AAA,3.11,25,https://www.valueresearchonline.com/funds/40118/,INF955L01II9,147494,2,2,2,3,9,2,1,1,2,6,1,2,1,1,5,1.5,1.5,3,1.5,1.5,24.5,Moderate Risk,Average
DSP Equity Savings Reg,hybrid,Equity Savings,Regular,2.45,8.62,7.7,Hybrid: Equity Savings,4,8.63,7.77,,,0.62,4,8.35,6.74,2.41,GOI/Cash,4.82,25,https://www.valueresearchonline.com/funds/32137/,INF740KA1439,136563,2,2,2,3,9,2,2,2,2,8,1,2,1,1,5,2,1.5,3.5,2,2,27.5,Low Risk,Good
Edelweiss Equity Savings Reg,hybrid,Equity Savings,Regular,7.52,10.75,8.99,Hybrid: Equity Savings,4,8.63,7.77,,0.78,0.98,4.33,10.13,7.01,1.11,GOI/Cash,1.25,25,https://www.valueresearchonline.com/funds/28226/,INF843K01KG9,140351,2,3,2,3,10,2,2,2,2,8,1,2,1,1,5,1.5,1.5,3,2,2,28,Low Risk,Good
Franklin India Equity Savings Reg,hybrid,Equity Savings,Regular,3.52,7.25,6.86,Hybrid: Equity Savings,4,8.63,7.77,,,0.47,2.71,7.13,7.42,2.83,AAA,4,25,https://www.valueresearchonline.com/funds/37262/,INF205KA1015,126894,2,1,2,3,8,1,1,1,1,4,1,2,1,1,5,1.5,1.5,3,1.5,1.5,21.5,Moderate Risk,Average
HDFC Equity Savings Reg,hybrid,Equity Savings,Regular,2.71,8.57,8.21,Hybrid: Equity Savings,4,8.63,7.77,,0.99,0.46,5.32,8.29,7.48,2.99,AAA,3.57,25,https://www.valueresearchonline.com/funds/2374/,INF740KA1447,136564,2,2,2,3,9,2,2,2,2,8,1,2,1,1,5,1.5,1.5,3,1.5,1.5,26.5,Moderate Risk,Average
HSBC Equity Savings Reg,hybrid,Equity Savings,Regular,12.31,13.12,11.11,Hybrid: Equity Savings,4,8.63,7.77,,0.97,0.85,8.05,12.71,6.81,2.03,GOI/Cash,2.26,25,https://www.valueresearchonline.com/funds/13338/,INF917K01AA5,151058,2,2,2,3,9,2,2,1,2,7,1,2,1,1,5,1.5,1.5,3,1.5,1.5,25.5,Moderate Risk,Average
ICICI Pru Equity Savings,hybrid,Equity Savings,Regular,2.94,7.26,7.24,Hybrid: Equity Savings,4,8.63,7.77,,0.54,0.42,2.98,7.1,7.51,3.84,GOI/Cash,7.31,25,https://www.valueresearchonline.com/funds/28743/,,126677,2,2,1,3,8,3,2,2,2,9,1,1.5,1,1,4.5,1.5,1.5,3,2,2,26.5,Moderate Risk,Average
Invesco India Equity Savings Reg,hybrid,Equity Savings,Regular,-1.86,7.86,6.64,Hybrid: Equity Savings,4,8.63,7.77,,1.09,0.3,6.35,7.74,7.2,2.75,AAA,3.48,25,https://www.valueresearchonline.com/funds/39159/,INF205KA1023,146456,2,2,2,3,9,2,1,1,2,6,1,2,1,1,5,1.5,1.5,3,1.5,1.5,24.5,Moderate Risk,Average
Kotak Equity Savings Reg,hybrid,Equity Savings,Regular,5.17,9.9,9.53,Hybrid: Equity Savings,4,8.63,7.77,,,0.61,6.32,9.74,7.39,1.9,AAA,2.73,25,https://www.valueresearchonline.com/funds/28165/,INF174K01C78,131372,2,2,2,3,9,2,2,1,2,7,1,2,1,1,5,2,1.5,3.5,2,2,26.5,Moderate Risk,Average
LIC MF Equity Savings Reg,hybrid,Equity Savings,Regular,1.68,8.58,7.13,Hybrid: Equity Savings,4,8.63,7.77,,1.23,0.4,7.24,8.77,,,GOI/Cash,,25,https://www.valueresearchonline.com/funds/12137/,INF397L01315,151950,1,1,1,3,6,2,1,1,2,6,1,2.5,1,1,5.5,2,1.5,3.5,1.5,1.5,22.5,Moderate Risk,Average
Mahindra Manulife Equity Savings Reg,hybrid,Equity Savings,Regular,5.06,9.11,7.99,Hybrid: Equity Savings,4,8.63,7.77,,,0.53,5.57,8.83,7.33,2.05,AAA,2.45,25,https://www.valueresearchonline.com/funds/33351/,INF174V01150,140447,2,2,2,3,9,2,2,2,2,8,1,2,1,1,5,1.5,1.5,3,1.5,1.5,26.5,Moderate Risk,Average
Mirae Asset Equity Savings Reg,hybrid,Equity Savings,Regular,4.79,10.07,8.89,Hybrid: Equity Savings,4,8.63,7.77,,,0.6,6.34,9.69,6.25,2.63,AAA,3.57,25,https://www.valueresearchonline.com/funds/38385/,INF769K01EI5,145695,2,2,1,3,8,2,2,2,2,8,1,2.5,1,1,5.5,1.5,1.5,3,2,2,26.5,Moderate Risk,Average
Nippon India Equity Savings Reg,hybrid,Equity Savings,Regular,3.35,6.83,6.74,Hybrid: Equity Savings,4,8.63,7.77,,,0.16,3.83,6.49,7.43,2.97,GOI/Cash,3.54,25,https://www.valueresearchonline.com/funds/30212/,INF205KA1015,146455,2,2,2,3,9,2,2,2,2,8,1,1.5,1,1,4.5,1.5,1.5,3,1.5,1.5,26,Moderate Risk,Average
Nippon India Equity Savings Seg Port 1 Reg,hybrid,Equity Savings,Regular,,,,,,,,,,,,,,,C,,0,https://www.valueresearchonline.com/funds/40316/,INF204KB19E0,147700,,,,,,,,,,,,,,,,,,,,,,,
Nippon India Equity Savings Seg Port 2 Reg,hybrid,Equity Savings,Regular,,,,,,,,,,,,,7.12,2.77,C,3.31,0,https://www.valueresearchonline.com/funds/40860/,INF204KB16S6,148280,,,,,,,,,,,,,,,,,,,,,,,
PGIM India Equity Savings Reg,hybrid,Equity Savings,Regular,2.9,6.07,5.93,Hybrid: Equity Savings,4,8.63,7.77,,0.51,-0.05,3.09,5.71,7.13,,GOI/Cash,5.57,25,https://www.valueresearchonline.com/funds/2059/,,142428,1,2,2,3,8,3,1,1,1,6,1,1,1,1,4,1.5,1.5,3,1.5,1.5,22.5,Moderate Risk,Average
Quant Equity Savings Reg,hybrid,Equity Savings,Regular,,,,Hybrid: Equity Savings,,,,,,,,,,,GOI/Cash,,16,https://www.valueresearchonline.com/funds/45351/,INF966L01EF1,153707,1,1,1,3,6,1,1,1,1,4,1,1,1,1,4,1.5,1.5,3,1,1,18,Moderately High Risk,Average
SBI Equity Savings Reg,hybrid,Equity Savings,Regular,3.15,9.38,8.38,Hybrid: Equity Savings,4,8.63,7.77,,,0.64,5.4,9.33,7.51,1.43,AAA,1.61,25,https://www.valueresearchonline.com/funds/30274/,INF200KA1DA4,134644,2,2,2,3,9,2,2,2,2,8,1,2,1,1,5,1.5,1.5,3,2,2,27,Low Risk,Good
Sundaram Equity Savings Reg,hybrid,Equity Savings,Regular,0.99,9.12,8.39,Hybrid: Equity Savings,4,8.63,7.77,,1.1,0.49,6.21,8.93,6.54,2.13,GOI/Cash,2.75,25,https://www.valueresearchonline.com/funds/1306/,INF903J016H9,134356,2,2,1,3,8,2,2,2,2,8,1,1.5,1,1,4.5,1.5,1.5,3,1.5,1.5,25,Moderate Risk,Average
UTI Equity Savings Reg,hybrid,Equity Savings,Regular,3.42,8.8,8.67,Hybrid: Equity Savings,4,8.63,7.77,,0.79,0.54,5.07,8.58,6.26,2.43,GOI/Cash,2.76,25,https://www.valueresearchonline.com/funds/37349/,INF789F1A744,144484,2,2,1,3,8,2,2,2,2,8,1,2,1,1,5,2,1.5,3.5,1.5,1.5,26,Moderate Risk,Average
Union Equity Savings Reg,hybrid,Equity Savings,Regular,3.3,7.17,6.27,Hybrid: Equity Savings,4,8.63,7.77,,,0.2,4.89,6.85,6.66,2.19,GOI/Cash,2.59,25,https://www.valueresearchonline.com/funds/37120/,INF582M01EG2,144310,2,2,1,3,8,2,1,1,2,6,1,2,1,1,5,1.5,1.5,3,1.5,1.5,23.5,Moderate Risk,Average
WhiteOak Capital Equity Savings Reg,hybrid,Equity Savings,Regular,7.47,,,Hybrid: Equity Savings,4,,,,,,,,6.99,4.64,GOI/Cash,6.02,25,https://www.valueresearchonline.com/funds/44998/,INF03VN01AC5,153356,2,2,2,3,9,1,1,1,1,4,1,2,1,1,5,1.5,1.5,3,2,2,23,Moderate Risk,Average
360 ONE Multi Asset Allocation Dir*,hybrid,Multi Asset Allocation,Direct,,,,Hybrid: Multi Asset Allocation,,,,,,,,,7.48,3.36,AAA,5.27,25,https://www.valueresearchonline.com/funds/45414/,INF579M01BM2,153774,2,2,2,3,9,1,1,1,1,4,1.5,1.5,1.5,2.5,7,1.5,1.5,3,1.5,1.5,24.5,Moderate Risk,Average
ABSL Multi Asset Allocation Dir,hybrid,Multi Asset Allocation,Direct,15.4,17.6,,Hybrid: Multi Asset Allocation,12.45,16.84,,,,1.09,10.28,17.03,7.3,1.76,AAA,2.04,25,https://www.valueresearchonline.com/funds/43042/,INF209KB15R9,151307,2,3,2,3,10,2,2,2,3,9,2,2,2,2,8,1.5,1.5,3,1.5,1.5,31.5,Low Risk,Good
ABSL Multi-Asset Omni FoF Dir*,hybrid,Multi Asset Allocation,Direct,13.5,18.42,14.24,Hybrid: Multi Asset Allocation,12.45,16.84,14.59,,,1.09,10.88,17.77,,,AAA,,10,https://www.valueresearchonline.com/funds/16889/,INF084M01DM9,131865,1,1,1,3,6,2,2,2,3,9,1,1,1,1,4,1,1,2,1,1,22,Moderate Risk,Average
ABSL Multi-Asset Passive FoF Dir*,hybrid,Multi Asset Allocation,Direct,10.91,17.3,,Hybrid: Multi Asset Allocation,12.45,16.84,,,,0.97,11.29,16.82,,,GOI/Cash,,9,https://www.valueresearchonline.com/funds/42609/,INF209KB15M0,150688,1,1,1,3,6,2,2,2,3,9,1,1,1,1,4,1,1,2,1,1,22,Moderate Risk,Average
Axis Multi Asset Allocation Dir,hybrid,Multi Asset Allocation,Direct,12.81,14.34,11.3,Hybrid: Multi Asset Allocation,12.45,16.84,14.59,,0.87,0.85,9.83,14.23,7.15,1.93,AAA,2.31,25,https://www.valueresearchonline.com/funds/15693/,INF846K01EV4,120524,2,2,2,3,9,2,2,2,2,8,2,2,1.5,2,7.5,1.5,1.5,3,1.5,1.5,29,Low Risk,Good
Axis Multi-Asset Active FoF Dir*,hybrid,Multi Asset Allocation,Direct,,,,Hybrid: Multi Asset Allocation,,,,,,,,,,,AAA,,14,https://www.valueresearchonline.com/funds/45610/,INF846KA1366,153960,1,1,1,3,6,1,1,1,1,4,1,1,1,1,4,1,1,2,1,1,17,Moderately High Risk,Average
Bajaj Finserv Multi Asset Allocation Dir,hybrid,Multi Asset Allocation,Direct,12.4,,,Hybrid: Multi Asset Allocation,12.45,,,,0.99,,,,7.32,1.31,AAA,1.43,25,https://www.valueresearchonline.com/funds/44329/,INF0QA701821,152639,2,2,2,3,9,1,1,1,1,4,2,1.5,2,2,7.5,1.5,1.5,3,1.5,1.5,25,Moderate Risk,Average
Bandhan Multi Asset Allocation Dir,hybrid,Multi Asset Allocation,Direct,17.76,,,Hybrid: Multi Asset Allocation,12.45,,,,,,,,6.34,,GOI/Cash,2.5,25,https://www.valueresearchonline.com/funds/44030/,INF194KB1HM7,152324,2,1,1,3,7,1,1,1,1,4,2.5,2,2,2,8.5,1.5,1.5,3,2,2,24.5,Moderate Risk,Average
Bandhan Multi-Asset Passive FoF Dir,hybrid,Multi Asset Allocation,Direct,4.66,10.75,9.42,Hybrid: Multi Asset Allocation,12.45,16.84,14.59,,,0.68,7.45,10.94,,,GOI/Cash,,1,https://www.valueresearchonline.com/funds/17861/,INF194K019A3,118489,1,1,1,3,6,2,2,2,2,8,1,1,1,1,4,1,1,2,1,1,21,Moderate Risk,Average
Bank of India Multi Asset Allocation Dir,hybrid,Multi Asset Allocation,Direct,12.26,,,Hybrid: Multi Asset Allocation,12.45,,,,,,,,7.72,2.96,AAA,3.65,25,https://www.valueresearchonline.com/funds/44098/,INF761K01FZ3,152396,2,2,2,3,9,1,1,1,1,4,1.5,1.5,1.5,2.5,7,1.5,1.5,3,1.5,1.5,24.5,Moderate Risk,Average
Baroda BNP Paribas Multi Asset Active FoF Dir,hybrid,Multi Asset Allocation,Direct,12.41,,,Hybrid: Multi Asset Allocation,12.45,,,,,,,,,,AAA,,1,https://www.valueresearchonline.com/funds/45178/,INF251K01UO8,153552,1,1,1,3,6,1,1,1,1,4,1,1,1,1,4,1,1,2,1,1,17,Moderately High Risk,Average
Baroda BNP Paribas Multi Asset Dir,hybrid,Multi Asset Allocation,Direct,10.58,17.13,,Hybrid: Multi Asset Allocation,12.45,16.84,,,1.04,1,11.03,16.88,7.14,2.37,AAA,3.72,25,https://www.valueresearchonline.com/funds/42783/,INF251K01RF2,150865,2,2,1,3,8,2,2,2,3,9,2,1.5,1.5,2,7,1.5,1.5,3,1.5,1.5,28.5,Low Risk,Good
Canara Robeco Multi Asset Allocation Dir,hybrid,Multi Asset Allocation,Direct,10.87,,,Hybrid: Multi Asset Allocation,12.45,,,,,,,,6.12,0.37,GOI/Cash,0.38,25,https://www.valueresearchonline.com/funds/45168/,INF760K01LH1,153465,3,3,1,3,10,1,1,1,1,4,1.5,1.5,1.5,2,6.5,1.5,1.5,3,1.5,1.5,25,Moderate Risk,Average
Capitalmind Multi Asset Allocation Dir*,hybrid,Multi Asset Allocation,Direct,,,,Hybrid: Multi Asset Allocation,,,,,,,,,6.36,0.1,AAA,0.1,25,https://www.valueresearchonline.com/funds/45851/,INF955L01JF3,152898,1,1,1,1,4,1,1,1,1,4,1,1,1,1,4,1,1,2,1,1,15,Moderately High Risk,Average
DSP Multi Asset Allocation Dir*,hybrid,Multi Asset Allocation,Direct,19.83,,,Hybrid: Multi Asset Allocation,12.45,,,,,,,,6.23,3.53,AAA,7.49,25,https://www.valueresearchonline.com/funds/43741/,INF740KA1TE9,152056,2,2,1,3,8,1,1,1,1,4,1.5,2,2,2.5,8,2,1.5,3.5,1.5,1.5,25,Moderate Risk,Average
DSP Multi Asset Omni FoF Dir*,hybrid,Multi Asset Allocation,Direct,,,,Hybrid: Multi Asset Allocation,,,,,,,,,,,AAA,,9,https://www.valueresearchonline.com/funds/45803/,INF740KA1YE9,154167,1,1,1,1,4,1,1,1,1,4,1,1,1,1,4,1,1,2,1,1,15,Moderately High Risk,Average
Edelweiss Multi Asset Allocation Dir,hybrid,Multi Asset Allocation,Direct,6.35,,,Hybrid: Multi Asset Allocation,12.45,,,,,,,,7.75,1.63,AAA,1.78,25,https://www.valueresearchonline.com/funds/43551/,INF754K01RS8,151792,2,2,2,3,9,1,1,1,1,4,1.5,2,2.5,1,7,1.5,2,3.5,1.5,1.5,25,Moderate Risk,Average
Edelweiss Multi Asset Omni FoF Dir*,hybrid,Multi Asset Allocation,Direct,,,,Hybrid: Multi Asset Allocation,,,,,,,,,,,AAA,,8,https://www.valueresearchonline.com/funds/45419/,INF754K01VN1,153776,1,1,1,3,6,1,1,1,1,4,1,1,1,1,4,1,1,2,1,1,17,Moderately High Risk,Average
Franklin India Multi Asset Allocation Dir,hybrid,Multi Asset Allocation,Direct,,,,Hybrid: Multi Asset Allocation,,,,,,,,,7.85,0.9,AAA,1.06,25,https://www.valueresearchonline.com/funds/45368/,INF090I01YH0,153731,2,2,2,3,9,1,1,1,1,4,1.5,2,2,2,7.5,1.5,1.5,3,1.5,1.5,25,Moderate Risk,Average
Groww Multi Asset Allocation Dir,hybrid,Multi Asset Allocation,Direct,,,,Hybrid: Multi Asset Allocation,,,,,,,,,6.06,0,AAA,0,25,https://www.valueresearchonline.com/funds/45464/,INF666M01MA9,153821,3,3,1,3,10,1,1,1,1,4,2,2,1.5,2,7.5,2,1.5,3.5,1.5,1.5,26.5,Moderate Risk,Average
Groww Multi Asset Omni FoF Dir*,hybrid,Multi Asset Allocation,Direct,,,,Hybrid: Multi Asset Allocation,,,,,,,,,,,AAA,,9,https://www.valueresearchonline.com/funds/45675/,INF666M01NC3,154028,1,1,1,3,6,1,1,1,1,4,1,1,1,1,4,1,1,2,1,1,17,Moderately High Risk,Average
HDFC Multi-Asset Active FoF Dir,hybrid,Multi Asset Allocation,Direct,7.63,14.95,14.17,Hybrid: Multi Asset Allocation,12.45,16.84,14.59,,,1.12,7.65,14.41,,,AAA,,10,https://www.valueresearchonline.com/funds/41462/,INF179KC1BA3,148903,1,1,1,3,6,2,3,3,2,10,1,1,1,1,4,1,1,2,1,1,23,Moderate Risk,Average
HDFC Multi-Asset Allocation Dir,hybrid,Multi Asset Allocation,Direct,6.06,13.41,12.57,Hybrid: Multi Asset Allocation,12.45,16.84,14.59,,0.76,0.95,7.68,13.12,7.25,2.5,AAA,2.78,25,https://www.valueresearchonline.com/funds/16128/,INF336L01RJ1,152381,2,2,1,3,8,2,2,2,2,8,2,2,1.5,2,7.5,1.5,1.5,3,1.5,1.5,28,Low Risk,Good
HSBC Multi Asset Active FoF Dir*,hybrid,Multi Asset Allocation,Direct,16.11,17.07,13.73,Hybrid: Multi Asset Allocation,12.45,16.84,14.59,,0.97,0.98,11.15,16.76,,,AAA,,5,https://www.valueresearchonline.com/funds/25864/,INF336L01IJ0,129193,1,1,1,3,6,2,2,2,3,9,1,1,1,1,4,1,1,2,1,1,22,Moderate Risk,Average
HSBC Multi Asset Allocation Dir,hybrid,Multi Asset Allocation,Direct,20.32,,,Hybrid: Multi Asset Allocation,12.45,,,,,,,,7.7,2.65,AAA,3.65,25,https://www.valueresearchonline.com/funds/44089/,INF336L01RI3,152380,2,2,2,3,9,1,1,1,1,4,2,2,2.5,1.5,8,1.5,1,2.5,1.5,1.5,25,Moderate Risk,Average
ICICI Pru Multi Asset Dir*,hybrid,Multi Asset Allocation,Direct,7.58,17.45,18.35,Hybrid: Multi Asset Allocation,12.45,16.84,14.59,,,1.24,8.87,16.85,6.94,2.26,AAA,4.14,25,https://www.valueresearchonline.com/funds/15945/,INF109K015K4,120334,2,2,2,3,9,2,3,3,3,11,2.5,2,2,2,8.5,2,1.5,3.5,2,2,34,Very Low Risk,Good
ICICI Pru Passive Multi-Asset FoF Dir*,hybrid,Multi Asset Allocation,Direct,11.43,13.85,,Hybrid: Multi Asset Allocation,12.45,16.84,,,,1.12,7.07,13.79,,,AAA,,25,https://www.valueresearchonline.com/funds/41932/,INF109KC1Y15,149441,1,1,1,3,6,2,2,2,2,8,1,1,1,1,4,1,1,2,1.5,1.5,21.5,Moderate Risk,Average
Invesco India Multi Asset Allocation Dir,hybrid,Multi Asset Allocation,Direct,16.68,,,Hybrid: Multi Asset Allocation,12.45,,,,,,,,,,AAA,,25,https://www.valueresearchonline.com/funds/44738/,INF205KA1AC1,153047,1,1,1,3,6,1,1,1,1,4,2,1.5,1,2.5,7,1.5,1.5,3,1.5,1.5,21.5,Moderate Risk,Average
Kotak Multi Asset Active FoF Dir,hybrid,Multi Asset Allocation,Direct,,,,Hybrid: Multi Asset Allocation,,,,,,,,,,,AAA,,5,https://www.valueresearchonline.com/funds/45941/,INF174KA1ZO0,154316,,,,,,,,,,,,,,,,,,,,,,,
Kotak Multi Asset Allocation Dir,hybrid,Multi Asset Allocation,Direct,22.55,,,Hybrid: Multi Asset Allocation,12.45,,,,,,,,7.14,3.24,AAA,7.81,25,https://www.valueresearchonline.com/funds/43732/,INF174KA1PD4,152064,1,1,2,3,7,1,1,1,1,4,2,2,2,2,8,2,2,4,1.5,1.5,24.5,Moderate Risk,Average
Kotak Multi Asset Omni FoF Dir*,hybrid,Multi Asset Allocation,Direct,11.22,17.21,16.69,Hybrid: Multi Asset Allocation,12.45,16.84,14.59,,,1.04,10.48,16.78,,,GOI/Cash,,11,https://www.valueresearchonline.com/funds/17436/,INF174K01LN3,119777,1,1,1,3,6,2,2,2,3,9,1,1,1,1,4,1,1,2,1,1,22,Moderate Risk,Average
LIC MF Multi Asset Allocation Dir,hybrid,Multi Asset Allocation,Direct,10.35,,,Hybrid: Multi Asset Allocation,12.45,,,,,,,,,,AAA,,25,https://www.valueresearchonline.com/funds/44886/,INF767K01RZ5,153246,1,1,1,3,6,1,1,1,1,4,2,2,2,2,8,1.5,1.5,3,1.5,1.5,22.5,Moderate Risk,Average
Mahindra Manulife Multi Asset Allocation Dir,hybrid,Multi Asset Allocation,Direct,16.62,,,Hybrid: Multi Asset Allocation,12.45,,,,,,,,7.65,2.5,AAA,3.79,25,https://www.valueresearchonline.com/funds/44130/,INF174V01BW2,152443,2,2,2,3,9,1,1,1,1,4,2,2,2,2.5,8.5,1.5,1.5,3,1.5,1.5,26,Moderate Risk,Average
Mirae Asset Multi Asset Allocation Dir,hybrid,Multi Asset Allocation,Direct,13.12,,,Hybrid: Multi Asset Allocation,12.45,,,,,,,,6.38,2.01,AAA,2.51,25,https://www.valueresearchonline.com/funds/44004/,INF769K01KZ6,152344,2,2,1,3,8,1,1,1,1,4,2.5,2,2,2,8.5,1.5,1.5,3,2,2,25.5,Moderate Risk,Average
Motilal Oswal Asset Allocation Passive FoF-Agrssv Dir*,hybrid,Multi Asset Allocation,Direct,12.3,16.59,13.53,Hybrid: Multi Asset Allocation,12.45,16.84,14.59,,,1.16,9.16,16.48,,,GOI/Cash,,2,https://www.valueresearchonline.com/funds/41334/,INF247L01AL2,148747,1,1,1,3,6,2,2,2,3,9,1,1,1,1,4,1,1,2,1,1,22,Moderate Risk,Average
Motilal Oswal Asset Allocation Passive FoF-Cons Dir*,hybrid,Multi Asset Allocation,Direct,11.32,14.02,11.29,Hybrid: Multi Asset Allocation,12.45,16.84,14.59,,,1.28,5.95,13.5,,,GOI/Cash,,2,https://www.valueresearchonline.com/funds/41336/,INF247L01AN8,148750,1,1,1,3,6,2,3,3,2,10,1,1,1,1,4,1,1,2,1,1,23,Moderate Risk,Average
Nippon India Multi Asset Allocation Dir*,hybrid,Multi Asset Allocation,Direct,16.82,20.63,17.07,Hybrid: Multi Asset Allocation,12.45,16.84,14.59,,,1.47,9.61,20.03,7.02,2.35,AAA,2.84,25,https://www.valueresearchonline.com/funds/41074/,INF204KB19V4,148457,1,1,1,3,6,2,3,3,3,11,2.5,2,2,2,8.5,1.5,1.5,3,2,2,30.5,Low Risk,Good
Nippon India Multi-Asset Omni FoF Dir,hybrid,Multi Asset Allocation,Direct,11.59,19.28,17.28,Hybrid: Multi Asset Allocation,12.45,16.84,14.59,,,1.28,10.07,18.8,,,AAA,,4,https://www.valueresearchonline.com/funds/41267/,INF204KB16Y4,148666,1,1,1,3,6,2,3,3,3,11,1,1,1,1,4,1,1,2,1,1,24,Moderate Risk,Average
PGIM India Multi Asset Allocation Dir,hybrid,Multi Asset Allocation,Direct,,,,Hybrid: Multi Asset Allocation,,,,,,,,,6.24,,GOI/Cash,2.53,25,https://www.valueresearchonline.com/funds/45619/,INF663L010A3,153987,1,1,1,3,6,1,1,1,1,4,2,2,2,2.5,8.5,1.5,1.5,3,1.5,1.5,23,Moderate Risk,Average
Quant Multi Asset Allocation Dir,hybrid,Multi Asset Allocation,Direct,21.27,25.11,21.5,Hybrid: Multi Asset Allocation,12.45,16.84,14.59,,,1.5,11.98,23.88,5.86,1.31,GOI/Cash,2.25,23,https://www.valueresearchonline.com/funds/17359/,INF966L01580,120821,2,3,1,3,9,1,2,2,3,8,1,1,1,1.5,4.5,2,1.5,3.5,1.5,1.5,26.5,Moderate Risk,Average
Quantum Multi Asset Active FoF Dir*,hybrid,Multi Asset Allocation,Direct,7.11,12.18,10.28,Hybrid: Multi Asset Allocation,12.45,16.84,14.59,,,0.92,6.48,11.84,,,AAA,,2,https://www.valueresearchonline.com/funds/15074/,INF082J01168,117608,1,1,1,3,6,2,2,2,2,8,1,1,1,1,4,1,1,2,1,1,21,Moderate Risk,Average
Quantum Multi Asset Allocation Dir,hybrid,Multi Asset Allocation,Direct,4.61,,,Hybrid: Multi Asset Allocation,12.45,,,,,,,,,,GOI/Cash,,25,https://www.valueresearchonline.com/funds/44176/,INF082J01457,152474,1,1,1,3,6,1,1,1,1,4,1.5,1,1,2,5.5,1.5,1.5,3,1.5,1.5,20,Moderate Risk,Average
SBI Multi Asset Allocation Dir,hybrid,Multi Asset Allocation,Direct,13.79,17.6,14.59,Hybrid: Multi Asset Allocation,12.45,16.84,14.59,,,1.35,8.42,17.2,8.07,1.75,AAA,2.15,25,https://www.valueresearchonline.com/funds/17657/,INF200K01TZ3,119843,2,2,2,3,9,2,3,3,3,11,2,2.5,2.5,2.5,9.5,2,2,4,1.5,1.5,35,Very Low Risk,Good
Samco Multi Asset Allocation Dir*,hybrid,Multi Asset Allocation,Direct,4.79,,,Hybrid: Multi Asset Allocation,12.45,,,,,,,,5.82,0.58,GOI/Cash,0.61,25,https://www.valueresearchonline.com/funds/44777/,INF0K1H01230,153092,3,3,1,3,10,1,1,1,1,4,2,1.5,1,2.5,7,1.5,1.5,3,1.5,1.5,25.5,Moderate Risk,Average
Shriram Multi Asset Allocation Dir,hybrid,Multi Asset Allocation,Direct,10.56,,,Hybrid: Multi Asset Allocation,12.45,,,,,,,,6.95,0.86,AAA,0.92,25,https://www.valueresearchonline.com/funds/43717/,INF680P01406,152051,3,3,1,3,10,1,1,1,1,4,2,1.5,1.5,2,7,1.5,1.5,3,1.5,1.5,25.5,Moderate Risk,Average
Sundaram Multi Asset Allocation Dir,hybrid,Multi Asset Allocation,Direct,9.68,,,Hybrid: Multi Asset Allocation,12.45,,,,,,,,6.44,2.66,GOI/Cash,3.16,25,https://www.valueresearchonline.com/funds/44042/,INF903JA1LK9,152314,2,2,1,3,8,1,1,1,1,4,2,1.5,2,2,7.5,1.5,1.5,3,1.5,1.5,24,Moderate Risk,Average
Tata Multi Asset Allocation Dir*,hybrid,Multi Asset Allocation,Direct,10.51,15.68,14.29,Hybrid: Multi Asset Allocation,12.45,16.84,14.59,,,0.98,9.64,15.31,7.73,2.85,GOI/Cash,3.69,25,https://www.valueresearchonline.com/funds/40686/,INF277K019Y3,148053,2,2,2,3,9,2,2,2,2,8,2,2.5,2.5,2,9,2,1.5,3.5,1.5,1.5,31,Low Risk,Good
The Wealth Company Multi Asset Allocation Dir,hybrid,Multi Asset Allocation,Direct,,,,Hybrid: Multi Asset Allocation,,,,,,,,,,,AAA,,25,https://www.valueresearchonline.com/funds/45635/,INF2F0001347,153999,1,1,1,3,6,1,1,1,1,4,1.5,2,2,2,7.5,1.5,1.5,3,1.5,1.5,22,Moderate Risk,Average
UTI Multi Asset Allocation Dir,hybrid,Multi Asset Allocation,Direct,7.91,17.17,14.65,Hybrid: Multi Asset Allocation,12.45,16.84,14.59,,0.91,1.07,10.6,17.19,7.69,4.98,AAA,9.32,25,https://www.valueresearchonline.com/funds/15963/,INF789F01VE6,120760,2,2,1,3,8,2,2,2,3,9,2.5,2,2,2,8.5,1.5,1,2.5,1.5,1.5,29.5,Low Risk,Good
Union Multi Asset Allocation Dir,hybrid,Multi Asset Allocation,Direct,15.53,,,Hybrid: Multi Asset Allocation,12.45,,,,,,,,6.19,1.91,AAA,2.65,25,https://www.valueresearchonline.com/funds/44470/,INF582M01JY4,152787,2,2,1,3,8,1,1,1,1,4,2,2,2,2,8,1.5,1.5,3,1.5,1.5,24.5,Moderate Risk,Average
WhiteOak Capital Multi Asset Allocation Dir*,hybrid,Multi Asset Allocation,Direct,12.9,16.76,,Hybrid: Multi Asset Allocation,12.45,16.84,,,,1.97,5.1,15.89,6.59,1.7,AAA,1.96,25,https://www.valueresearchonline.com/funds/43501/,INF03VN01761,151745,2,2,1,3,8,1,1,1,1,4,2.5,2.5,2.5,2.5,10,1.5,1.5,3,2,2,27,Low Risk,Good
Zerodha Multi Asset Passive FoF Dir,hybrid,Multi Asset Allocation,Direct,,,,Hybrid: Multi Asset Allocation,,,,,,,,,,,GOI/Cash,,2,https://www.valueresearchonline.com/funds/45395/,INF0R8F01117,153757,1,1,1,3,6,1,1,1,1,4,1,1,1,1,4,1,1,2,1,1,17,Moderately High Risk,Average
360 ONE Multi Asset Allocation Reg*,hybrid,Multi Asset Allocation,Regular,,,,Hybrid: Multi Asset Allocation,,,,,,,,,7.48,3.36,AAA,5.27,25,https://www.valueresearchonline.com/funds/45412/,INF579M01BJ8,153772,2,2,2,3,9,1,1,1,1,4,1.5,1.5,1.5,2.5,7,1.5,1.5,3,1.5,1.5,24.5,Moderate Risk,Average
ABSL Multi Asset Allocation Reg,hybrid,Multi Asset Allocation,Regular,14.01,16,,Hybrid: Multi Asset Allocation,11.24,15.78,,,,0.95,10.26,15.63,7.3,1.76,AAA,2.04,25,https://www.valueresearchonline.com/funds/43040/,INF209KB12R6,151309,2,3,2,3,10,2,2,2,3,9,2,2,2,2,8,1.5,1.5,3,1.5,1.5,31.5,Low Risk,Good
ABSL Multi-Asset Omni FoF Reg*,hybrid,Multi Asset Allocation,Regular,12.4,17.22,13.09,Hybrid: Multi Asset Allocation,11.24,15.78,13.48,,,1,10.87,16.73,,,AAA,,10,https://www.valueresearchonline.com/funds/3514/,INF084M01AE2,131864,1,1,1,3,6,2,2,2,3,9,1,1,1,1,4,1,1,2,1,1,22,Moderate Risk,Average
ABSL Multi-Asset Passive FoF Reg*,hybrid,Multi Asset Allocation,Regular,10.69,16.97,,Hybrid: Multi Asset Allocation,11.24,15.78,,,,0.94,11.3,16.53,,,GOI/Cash,,9,https://www.valueresearchonline.com/funds/42607/,INF209KB12M7,150690,1,1,1,3,6,2,2,2,3,9,1,1,1,1,4,1,1,2,1,1,22,Moderate Risk,Average
Axis Multi Asset Allocation Reg,hybrid,Multi Asset Allocation,Regular,11.62,13.16,9.95,Hybrid: Multi Asset Allocation,11.24,15.78,13.48,,0.87,0.74,9.82,13.18,7.15,1.93,AAA,2.31,25,https://www.valueresearchonline.com/funds/11343/,INF846K01768,113064,2,2,2,3,9,2,2,2,2,8,2,2,1.5,2,7.5,1.5,1.5,3,1.5,1.5,29,Low Risk,Good
Axis Multi-Asset Active FoF Reg*,hybrid,Multi Asset Allocation,Regular,,,,Hybrid: Multi Asset Allocation,,,,,,,,,,,AAA,,14,https://www.valueresearchonline.com/funds/45608/,INF846KA1333,153963,1,1,1,3,6,1,1,1,1,4,1,1,1,1,4,1,1,2,1,1,17,Moderately High Risk,Average
Bajaj Finserv Multi Asset Allocation Reg,hybrid,Multi Asset Allocation,Regular,10.76,,,Hybrid: Multi Asset Allocation,11.24,,,,0.99,,,,7.32,1.31,AAA,1.43,25,https://www.valueresearchonline.com/funds/44327/,INF0QA701797,152642,2,2,2,3,9,1,1,1,1,4,2,1.5,2,2,7.5,1.5,1.5,3,1.5,1.5,25,Moderate Risk,Average
Bandhan Multi Asset Allocation Reg,hybrid,Multi Asset Allocation,Regular,16.07,,,Hybrid: Multi Asset Allocation,11.24,,,,,,,,6.34,,GOI/Cash,2.5,25,https://www.valueresearchonline.com/funds/44028/,INF194KB1HJ3,152326,2,1,1,3,7,1,1,1,1,4,2.5,2,2,2,8.5,1.5,1.5,3,2,2,24.5,Moderate Risk,Average
Bandhan Multi-Asset Passive FoF Reg,hybrid,Multi Asset Allocation,Regular,4.24,10.14,8.78,Hybrid: Multi Asset Allocation,11.24,15.78,13.48,,,0.61,7.44,10.37,,,GOI/Cash,,1,https://www.valueresearchonline.com/funds/10848/,INF194K01AB9,112329,1,1,1,3,6,2,2,2,2,8,1,1,1,1,4,1,1,2,1,1,21,Moderate Risk,Average
Bank of India Multi Asset Allocation Reg,hybrid,Multi Asset Allocation,Regular,11.03,,,Hybrid: Multi Asset Allocation,11.24,,,,,,,,7.72,2.96,AAA,3.65,25,https://www.valueresearchonline.com/funds/44096/,INF761K01FW0,152398,2,2,2,3,9,1,1,1,1,4,1.5,1.5,1.5,2.5,7,1.5,1.5,3,1.5,1.5,24.5,Moderate Risk,Average
Baroda BNP Paribas Multi Asset Active FoF Reg,hybrid,Multi Asset Allocation,Regular,11.43,,,Hybrid: Multi Asset Allocation,11.24,,,,,,,,,,AAA,,1,https://www.valueresearchonline.com/funds/45176/,INF251K01UM2,153548,1,1,1,3,6,1,1,1,1,4,1,1,1,1,4,1,1,2,1,1,17,Moderately High Risk,Average
Baroda BNP Paribas Multi Asset Reg,hybrid,Multi Asset Allocation,Regular,9.29,15.61,,Hybrid: Multi Asset Allocation,11.24,15.78,,,1.04,0.88,11,15.56,7.14,2.37,AAA,3.72,25,https://www.valueresearchonline.com/funds/42781/,INF251K01RC9,150863,2,2,1,3,8,2,2,2,3,9,2,1.5,1.5,2,7,1.5,1.5,3,1.5,1.5,28.5,Low Risk,Good
Canara Robeco Multi Asset Allocation Reg,hybrid,Multi Asset Allocation,Regular,9.07,,,Hybrid: Multi Asset Allocation,11.24,,,,,,,,6.12,0.37,GOI/Cash,0.38,25,https://www.valueresearchonline.com/funds/45166/,INF760K01LG3,153466,3,3,1,3,10,1,1,1,1,4,1.5,1.5,1.5,2,6.5,1.5,1.5,3,1.5,1.5,25,Moderate Risk,Average
Capitalmind Multi Asset Allocation Reg*,hybrid,Multi Asset Allocation,Regular,,,,Hybrid: Multi Asset Allocation,,,,,,,,,6.36,0.1,AAA,0.1,25,https://www.valueresearchonline.com/funds/45849/,INF226401083,154231,1,1,1,1,4,1,1,1,1,4,1,1,1,1,4,1,1,2,1,1,15,Moderately High Risk,Average
DSP Multi Asset Allocation Reg*,hybrid,Multi Asset Allocation,Regular,18.41,,,Hybrid: Multi Asset Allocation,11.24,,,,,,,,6.23,3.53,AAA,7.49,25,https://www.valueresearchonline.com/funds/43739/,INF740KA1TB5,152053,2,2,1,3,8,1,1,1,1,4,1.5,2,2,2.5,8,2,1.5,3.5,1.5,1.5,25,Moderate Risk,Average
DSP Multi Asset Omni FoF Reg*,hybrid,Multi Asset Allocation,Regular,,,,Hybrid: Multi Asset Allocation,,,,,,,,,,,AAA,,9,https://www.valueresearchonline.com/funds/45801/,INF740KA1YB5,154165,1,1,1,1,4,1,1,1,1,4,1,1,1,1,4,1,1,2,1,1,15,Moderately High Risk,Average
Edelweiss Multi Asset Allocation Reg,hybrid,Multi Asset Allocation,Regular,5.99,,,Hybrid: Multi Asset Allocation,11.24,,,,,,,,7.75,1.63,AAA,1.78,25,https://www.valueresearchonline.com/funds/43549/,INF754K01RO7,151795,2,2,2,3,9,1,1,1,1,4,1.5,2,2.5,1,7,1.5,2,3.5,1.5,1.5,25,Moderate Risk,Average
Edelweiss Multi Asset Omni FoF Reg*,hybrid,Multi Asset Allocation,Regular,,,,Hybrid: Multi Asset Allocation,,,,,,,,,,,AAA,,8,https://www.valueresearchonline.com/funds/45417/,INF754K01VR2,153779,1,1,1,3,6,1,1,1,1,4,1,1,1,1,4,1,1,2,1,1,17,Moderately High Risk,Average
Franklin India Multi Asset Allocation Reg,hybrid,Multi Asset Allocation,Regular,,,,Hybrid: Multi Asset Allocation,,,,,,,,,7.85,0.9,AAA,1.06,25,https://www.valueresearchonline.com/funds/45366/,INF761K01FX8,152395,2,2,2,3,9,1,1,1,1,4,1.5,2,2,2,7.5,1.5,1.5,3,1.5,1.5,25,Moderate Risk,Average
Groww Multi Asset Allocation Reg,hybrid,Multi Asset Allocation,Regular,,,,Hybrid: Multi Asset Allocation,,,,,,,,,6.06,0,AAA,0,25,https://www.valueresearchonline.com/funds/45462/,INF666M01MD3,153851,3,3,1,3,10,1,1,1,1,4,2,2,1.5,2,7.5,2,1.5,3.5,1.5,1.5,26.5,Moderate Risk,Average
Groww Multi Asset Omni FoF Reg*,hybrid,Multi Asset Allocation,Regular,,,,Hybrid: Multi Asset Allocation,,,,,,,,,,,AAA,,9,https://www.valueresearchonline.com/funds/45673/,INF666M01NF6,154057,1,1,1,3,6,1,1,1,1,4,1,1,1,1,4,1,1,2,1,1,17,Moderately High Risk,Average
HDFC Multi-Asset Active FoF Reg,hybrid,Multi Asset Allocation,Regular,6.52,13.71,12.88,Hybrid: Multi Asset Allocation,11.24,15.78,13.48,,,0.98,7.66,13.35,,,AAA,,10,https://www.valueresearchonline.com/funds/41460/,INF846KA1341,153962,1,1,1,3,6,2,3,3,2,10,1,1,1,1,4,1,1,2,1,1,23,Moderate Risk,Average
HDFC Multi-Asset Allocation Reg,hybrid,Multi Asset Allocation,Regular,4.93,12.14,11.21,Hybrid: Multi Asset Allocation,11.24,15.78,13.48,,0.76,0.8,7.67,11.98,7.25,2.5,AAA,2.78,25,https://www.valueresearchonline.com/funds/2818/,INF336L01RF9,152378,2,2,1,3,8,2,2,2,2,8,2,2,1.5,2,7.5,1.5,1.5,3,1.5,1.5,28,Low Risk,Good
HSBC Multi Asset Active FoF Reg*,hybrid,Multi Asset Allocation,Regular,15.71,16.11,12.86,Hybrid: Multi Asset Allocation,11.24,15.78,13.48,,0.97,0.92,10.92,15.89,,,AAA,,5,https://www.valueresearchonline.com/funds/25862/,INF846KA1341,153962,1,1,1,3,6,2,2,2,3,9,1,1,1,1,4,1,1,2,1,1,22,Moderate Risk,Average
HSBC Multi Asset Allocation Reg,hybrid,Multi Asset Allocation,Regular,18.71,,,Hybrid: Multi Asset Allocation,11.24,,,,,,,,7.7,2.65,AAA,3.65,25,https://www.valueresearchonline.com/funds/44087/,INF336L01RF9,152378,2,2,2,3,9,1,1,1,1,4,2,2,2.5,1.5,8,1.5,1,2.5,1.5,1.5,25,Moderate Risk,Average
ICICI Pru Multi Asset*,hybrid,Multi Asset Allocation,Regular,6.85,16.6,17.53,Hybrid: Multi Asset Allocation,11.24,15.78,13.48,,,1.16,8.86,16.11,6.94,2.26,AAA,4.14,25,https://www.valueresearchonline.com/funds/1471/,INF109K01761,101144,2,2,2,3,9,2,3,3,3,11,2.5,2,2,2,8.5,2,1.5,3.5,2,2,34,Very Low Risk,Good
ICICI Pru Passive Multi-Asset FoF*,hybrid,Multi Asset Allocation,Regular,10.97,13.37,,Hybrid: Multi Asset Allocation,11.24,15.78,,,,1.06,7.07,13.37,,,AAA,,25,https://www.valueresearchonline.com/funds/41930/,INF109KC1X81,149439,1,1,1,3,6,2,2,2,2,8,1,1,1,1,4,1,1,2,1.5,1.5,21.5,Moderate Risk,Average
Invesco India Multi Asset Allocation Reg,hybrid,Multi Asset Allocation,Regular,15.11,,,Hybrid: Multi Asset Allocation,11.24,,,,,,,,,,AAA,,25,https://www.valueresearchonline.com/funds/44736/,INF205KA1999,153046,1,1,1,3,6,1,1,1,1,4,2,1.5,1,2.5,7,1.5,1.5,3,1.5,1.5,21.5,Moderate Risk,Average
Kotak Multi Asset Active FoF Reg,hybrid,Multi Asset Allocation,Regular,,,,Hybrid: Multi Asset Allocation,,,,,,,,,,,AAA,,5,https://www.valueresearchonline.com/funds/45939/,INF174KA1ZR3,154319,,,,,,,,,,,,,,,,,,,,,,,
Kotak Multi Asset Allocation Reg,hybrid,Multi Asset Allocation,Regular,21.04,,,Hybrid: Multi Asset Allocation,11.24,,,,,,,,7.14,3.24,AAA,7.81,25,https://www.valueresearchonline.com/funds/43730/,INF174KA1PA0,152065,1,1,2,3,7,1,1,1,1,4,2,2,2,2,8,2,2,4,1.5,1.5,24.5,Moderate Risk,Average
Kotak Multi Asset Omni FoF Reg*,hybrid,Multi Asset Allocation,Regular,10.45,16.39,15.82,Hybrid: Multi Asset Allocation,11.24,15.78,13.48,,,0.97,10.47,16.07,,,GOI/Cash,,11,https://www.valueresearchonline.com/funds/2308/,INF174K01468,102574,1,1,1,3,6,2,2,2,3,9,1,1,1,1,4,1,1,2,1,1,22,Moderate Risk,Average
LIC MF Multi Asset Allocation Reg,hybrid,Multi Asset Allocation,Regular,8.74,,,Hybrid: Multi Asset Allocation,11.24,,,,,,,,,,AAA,,25,https://www.valueresearchonline.com/funds/44884/,INF767K01RW2,153248,1,1,1,3,6,1,1,1,1,4,2,2,2,2,8,1.5,1.5,3,1.5,1.5,22.5,Moderate Risk,Average
Mahindra Manulife Multi Asset Allocation Reg,hybrid,Multi Asset Allocation,Regular,14.78,,,Hybrid: Multi Asset Allocation,11.24,,,,,,,,7.65,2.5,AAA,3.79,25,https://www.valueresearchonline.com/funds/44128/,INF174V01BT8,152441,2,2,2,3,9,1,1,1,1,4,2,2,2,2.5,8.5,1.5,1.5,3,1.5,1.5,26,Moderate Risk,Average
Mirae Asset Multi Asset Allocation Reg,hybrid,Multi Asset Allocation,Regular,11.39,,,Hybrid: Multi Asset Allocation,11.24,,,,,,,,6.38,2.01,AAA,2.51,25,https://www.valueresearchonline.com/funds/44002/,INF769K01KW3,152347,2,2,1,3,8,1,1,1,1,4,2.5,2,2,2,8.5,1.5,1.5,3,2,2,25.5,Moderate Risk,Average
Motilal Oswal Asset Allocation Passive FoF-Agrssv Reg*,hybrid,Multi Asset Allocation,Regular,11.78,16.03,12.95,Hybrid: Multi Asset Allocation,11.24,15.78,13.48,,,1.11,9.16,15.99,,,GOI/Cash,,2,https://www.valueresearchonline.com/funds/41333/,INF247L01AO6,148749,1,1,1,3,6,2,2,2,3,9,1,1,1,1,4,1,1,2,1,1,22,Moderate Risk,Average
Motilal Oswal Asset Allocation Passive FoF-Cons Reg*,hybrid,Multi Asset Allocation,Regular,10.79,13.47,10.72,Hybrid: Multi Asset Allocation,11.24,15.78,13.48,,,1.2,5.95,13.02,,,GOI/Cash,,2,https://www.valueresearchonline.com/funds/41335/,INF247L01AM0,148748,1,1,1,3,6,2,3,3,2,10,1,1,1,1,4,1,1,2,1,1,23,Moderate Risk,Average
Nippon India Multi Asset Allocation Reg*,hybrid,Multi Asset Allocation,Regular,15.54,19.2,15.59,Hybrid: Multi Asset Allocation,11.24,15.78,13.48,,,1.35,9.6,18.81,7.02,2.35,AAA,2.84,25,https://www.valueresearchonline.com/funds/41072/,INF204KB16V0,148459,1,1,1,3,6,2,3,3,3,11,2.5,2,2,2,8.5,1.5,1.5,3,2,2,30.5,Low Risk,Good
Nippon India Multi-Asset Omni FoF Reg,hybrid,Multi Asset Allocation,Regular,10.51,18.19,16.13,Hybrid: Multi Asset Allocation,11.24,15.78,13.48,,,1.19,10.07,17.87,,,AAA,,4,https://www.valueresearchonline.com/funds/41265/,INF204KB13Y1,148663,1,1,1,3,6,2,3,3,3,11,1,1,1,1,4,1,1,2,1,1,24,Moderate Risk,Average
PGIM India Multi Asset Allocation Reg,hybrid,Multi Asset Allocation,Regular,,,,Hybrid: Multi Asset Allocation,,,,,,,,,6.24,,GOI/Cash,2.53,25,https://www.valueresearchonline.com/funds/45617/,INF663L013A7,153988,1,1,1,3,6,1,1,1,1,4,2,2,2,2.5,8.5,1.5,1.5,3,1.5,1.5,23,Moderate Risk,Average
Quant Multi Asset Allocation Reg,hybrid,Multi Asset Allocation,Regular,19.82,23.51,19.72,Hybrid: Multi Asset Allocation,11.24,15.78,13.48,,,1.4,11.96,22.57,5.86,1.31,GOI/Cash,2.25,23,https://www.valueresearchonline.com/funds/954/,INF966L01184,101071,2,3,1,3,9,1,2,2,3,8,1,1,1,1.5,4.5,2,1.5,3.5,1.5,1.5,26.5,Moderate Risk,Average
Quantum Multi Asset Active FoF Reg*,hybrid,Multi Asset Allocation,Regular,6.71,11.78,9.88,Hybrid: Multi Asset Allocation,11.24,15.78,13.48,,,0.87,6.48,11.48,,,AAA,,2,https://www.valueresearchonline.com/funds/33970/,INF082J01341,141072,1,1,1,3,6,2,2,2,2,8,1,1,1,1,4,1,1,2,1,1,21,Moderate Risk,Average
Quantum Multi Asset Allocation Reg,hybrid,Multi Asset Allocation,Regular,2.87,,,Hybrid: Multi Asset Allocation,11.24,,,,,,,,,,GOI/Cash,,25,https://www.valueresearchonline.com/funds/44175/,INF082J01465,152475,1,1,1,3,6,1,1,1,1,4,1.5,1,1,2,5.5,1.5,1.5,3,1.5,1.5,20,Moderate Risk,Average
SBI Multi Asset Allocation Reg,hybrid,Multi Asset Allocation,Regular,12.9,16.58,13.58,Hybrid: Multi Asset Allocation,11.24,15.78,13.48,,,1.24,8.41,16.31,8.07,1.75,AAA,2.15,25,https://www.valueresearchonline.com/funds/3015/,INF200K01800,103408,2,2,2,3,9,2,3,3,3,11,2,2.5,2.5,2.5,9.5,2,2,4,1.5,1.5,35,Very Low Risk,Good
Samco Multi Asset Allocation Reg*,hybrid,Multi Asset Allocation,Regular,3.13,,,Hybrid: Multi Asset Allocation,11.24,,,,,,,,5.82,0.58,GOI/Cash,0.61,25,https://www.valueresearchonline.com/funds/44776/,INF0K1H01248,153093,3,3,1,3,10,1,1,1,1,4,2,1.5,1,2.5,7,1.5,1.5,3,1.5,1.5,25.5,Moderate Risk,Average
Shriram Multi Asset Allocation Reg,hybrid,Multi Asset Allocation,Regular,8.75,,,Hybrid: Multi Asset Allocation,11.24,,,,,,,,6.95,0.86,AAA,0.92,25,https://www.valueresearchonline.com/funds/43716/,INF680P01414,152052,3,3,1,3,10,1,1,1,1,4,2,1.5,1.5,2,7,1.5,1.5,3,1.5,1.5,25.5,Moderate Risk,Average
Sundaram Multi Asset Allocation Reg,hybrid,Multi Asset Allocation,Regular,8.13,,,Hybrid: Multi Asset Allocation,11.24,,,,,,,,6.44,2.66,GOI/Cash,3.16,25,https://www.valueresearchonline.com/funds/44040/,INF903JA1LH5,152311,2,2,1,3,8,1,1,1,1,4,2,1.5,2,2,7.5,1.5,1.5,3,1.5,1.5,24,Moderate Risk,Average
Tata Multi Asset Allocation Reg*,hybrid,Multi Asset Allocation,Regular,8.96,14.01,12.51,Hybrid: Multi Asset Allocation,11.24,15.78,13.48,,,0.83,9.63,13.84,7.73,2.85,GOI/Cash,3.69,25,https://www.valueresearchonline.com/funds/40684/,INF277K012Z5,148050,2,2,2,3,9,2,2,2,2,8,2,2.5,2.5,2,9,2,1.5,3.5,1.5,1.5,31,Low Risk,Good
The Wealth Company Multi Asset Allocation Reg,hybrid,Multi Asset Allocation,Regular,,,,Hybrid: Multi Asset Allocation,,,,,,,,,,,AAA,,25,https://www.valueresearchonline.com/funds/45633/,INF2F0001313,154002,1,1,1,3,6,1,1,1,1,4,1.5,2,2,2,7.5,1.5,1.5,3,1.5,1.5,22,Moderate Risk,Average
UTI Multi Asset Allocation Reg,hybrid,Multi Asset Allocation,Regular,6.7,15.97,13.55,Hybrid: Multi Asset Allocation,11.24,15.78,13.48,,0.91,0.97,10.61,16.15,7.69,4.98,AAA,9.32,25,https://www.valueresearchonline.com/funds/9758/,INF789F01AP6,111599,2,2,1,3,8,2,2,2,3,9,2.5,2,2,2,8.5,1.5,1,2.5,1.5,1.5,29.5,Low Risk,Good
Union Multi Asset Allocation Reg,hybrid,Multi Asset Allocation,Regular,14.26,,,Hybrid: Multi Asset Allocation,11.24,,,,,,,,6.19,1.91,AAA,2.65,25,https://www.valueresearchonline.com/funds/44468/,INF582M01JU2,152786,2,2,1,3,8,1,1,1,1,4,2,2,2,2,8,1.5,1.5,3,1.5,1.5,24.5,Moderate Risk,Average
WhiteOak Capital Multi Asset Allocation Reg*,hybrid,Multi Asset Allocation,Regular,11.59,15.38,,Hybrid: Multi Asset Allocation,11.24,15.78,,,,1.74,5.09,14.69,6.59,1.7,AAA,1.96,25,https://www.valueresearchonline.com/funds/43500/,INF03VN01779,151746,2,2,1,3,8,1,1,1,1,4,2.5,2.5,2.5,2.5,10,1.5,1.5,3,2,2,27,Low Risk,Good
