Fund Name,Category,Subcategory,Plan,1Y Return (%),3Y Return (%),5Y Return (%),Benchmark Name,Benchmark 1Y (%),Benchmark 3Y (%),Benchmark 5Y (%),Alpha,Beta,Sharpe Ratio,Std Dev,Mean Return (%),YTM (%),Macaulay Duration (yrs),Avg Credit Rating,Avg Maturity (yrs),Top Holdings Count,Fund URL,ISIN,Scheme Code,Alpha Score(4),Sharpe Score(4),Sortino Score(4),Risk-Adj Perf(12),StdDev Score(4),MeanRet Score(4),Beta Score(2),Vol & Return(10),NumStocks Score(2),Top10 Score(2),Top5 Score(2),Top3Sec Score(2),Diversification(8),PE Score(3),PB Score(3),Valuation(6),YTM Score(1),Duration Score(1),Maturity Score(1),Credit Score(1),Debt Quality(4),Total Score(40),Risk Category,Fund Rating
ABSL Business Cycle Dir,solution-oriented,Solution: Retirement - Equity,Direct,3.24,13.6,,BSE 500 TRI,1.84,13.36,,-0.76,0.96,0.8,12.42,15.98,,,,,25,https://www.valueresearchonline.com/funds/41814/,,,,,,,,,,,,,,,,,,,,,,,,,,
",INF209KB14D2,149295,1,2,2,5,2,3,1,6,1.5,1.5,1.5,1,5.5,1.5,1.5,3,0,0,0,0,0,19.5,Moderately High Risk,Average",,,,,,,,,,,,,,,,,,,,,,,,,,,,,,,,,,,,,,,,,,,,,,,
Axis Business Cycles Dir,solution-oriented,Solution: Retirement - Equity,Direct,3.47,15.23,,BSE 500 TRI,1.84,13.36,,1.81,0.98,0.99,12.84,18.77,,,,,25,https://www.valueresearchonline.com/funds/43124/,,,,,,,,,,,,,,,,,,,,,,,,,,
",INF846K016N4,151368,2,2,2,6,2,4,1,7,1.5,1.5,1.5,1,5.5,1.5,1.5,3,0,0,0,0,0,21.5,Moderate Risk,Average",,,,,,,,,,,,,,,,,,,,,,,,,,,,,,,,,,,,,,,,,,,,,,,
Bandhan Business Cycle Dir,solution-oriented,Solution: Retirement - Equity,Direct,0.13,,,BSE 500 TRI,1.84,,,,,,,,,,,,25,https://www.valueresearchonline.com/funds/44520/,,,,,,,,,,,,,,,,,,,,,,,,,,
",INF194KB1IQ6,152878,1,1,1,3,1,1,1,3,2,1.5,1.5,1,6,2,2,4,0,0,0,0,0,16,Moderately High Risk,Average",,,,,,,,,,,,,,,,,,,,,,,,,,,,,,,,,,,,,,,,,,,,,,,
Bank of India Business Cycle Dir,solution-oriented,Solution: Retirement - Equity,Direct,4.92,,,BSE 500 TRI,1.84,,,,,,,,,,,,25,https://www.valueresearchonline.com/funds/44474/,,,,,,,,,,,,,,,,,,,,,,,,,,
",INF761K01GF3,152789,1,1,1,3,1,1,1,3,1.5,1.5,1.5,1.5,6,1.5,1.5,3,0,0,0,0,0,15,Moderately High Risk,Average",,,,,,,,,,,,,,,,,,,,,,,,,,,,,,,,,,,,,,,,,,,,,,,
Baroda BNP Paribas Business Cycle Dir,solution-oriented,Solution: Retirement - Equity,Direct,3.95,15.67,,BSE 500 TRI,1.84,13.36,,0.69,1.04,0.9,13.54,18.27,,,,,25,https://www.valueresearchonline.com/funds/41671/,,,,,,,,,,,,,,,,,,,,,,,,,,
",INF955L01KK1,149141,2,2,2,6,2,4,1,7,1.5,1.5,1.5,1,5.5,1.5,1.5,3,0,0,0,0,0,21.5,Moderate Risk,Average",,,,,,,,,,,,,,,,,,,,,,,,,,,,,,,,,,,,,,,,,,,,,,,
DSP Business Cycle Fund Dir,solution-oriented,Solution: Retirement - Equity,Direct,6.69,,,BSE 500 TRI,1.84,,,,,,,,,,,,25,https://www.valueresearchonline.com/funds/44760/,,,,,,,,,,,,,,,,,,,,,,,,,,
",INF740KA1UX7,153121,1,1,1,3,1,1,1,3,1.5,1,1,1,4.5,1.5,1,2.5,0,0,0,0,0,13,Moderately High Risk,Average",,,,,,,,,,,,,,,,,,,,,,,,,,,,,,,,,,,,,,,,,,,,,,,
Edelweiss Business Cycle Dir,solution-oriented,Solution: Retirement - Equity,Direct,1.78,,,BSE 500 TRI,1.84,,,,,,,,,,,,25,https://www.valueresearchonline.com/funds/44394/,,,,,,,,,,,,,,,,,,,,,,,,,,
",INF754K01TA2,152710,1,1,1,3,1,1,1,3,1.5,2,2,1,6.5,2,2,4,0,0,0,0,0,16.5,Moderately High Risk,Average",,,,,,,,,,,,,,,,,,,,,,,,,,,,,,,,,,,,,,,,,,,,,,,
HDFC Business Cycle Dir,solution-oriented,Solution: Retirement - Equity,Direct,3.46,12.12,,BSE 500 TRI,1.84,13.36,,-0.8,0.9,0.77,11.83,15.23,,,,,25,https://www.valueresearchonline.com/funds/42727/,,,,,,,,,,,,,,,,,,,,,,,,,,
",INF179KC1DY9,150805,1,2,2,5,2,3,1,6,1.5,1.5,1.5,1,5.5,1.5,1.5,3,0,0,0,0,0,19.5,Moderately High Risk,Average",,,,,,,,,,,,,,,,,,,,,,,,,,,,,,,,,,,,,,,,,,,,,,,
HSBC Business Cycles Dir,solution-oriented,Solution: Retirement - Equity,Direct,0.73,17.89,17.52,BSE 500 TRI,1.84,13.36,12.53,1.61,1.18,0.87,16.77,20.74,,,,,25,https://www.valueresearchonline.com/funds/27583/,,,,,,,,,,,,,,,,,,,,,,,,,,
",INF917K01RI2,151142,2,2,2,6,1,4,1,6,1.5,1.5,1.5,1,5.5,2,2,4,0,0,0,0,0,21.5,Moderate Risk,Average",,,,,,,,,,,,,,,,,,,,,,,,,,,,,,,,,,,,,,,,,,,,,,,
ICICI Pru Business Cycle Dir,solution-oriented,Solution: Retirement - Equity,Direct,5.23,19.62,18.33,BSE 500 TRI,1.84,13.36,12.53,7.27,0.85,1.46,11.37,22.75,,,,,25,https://www.valueresearchonline.com/funds/41245/,,,,,,,,,,,,,,,,,,,,,,,,,,
",INF109KC1P24,148651,4,3,3,10,2,4,1,7,1.5,1,1,1,4.5,1.5,2,3.5,0,0,0,0,0,25,Moderate Risk,Average",,,,,,,,,,,,,,,,,,,,,,,,,,,,,,,,,,,,,,,,,,,,,,,
Invesco India Business Cycle Dir,solution-oriented,Solution: Retirement - Equity,Direct,18.93,,,BSE 500 TRI,1.84,,,,,,,,,,,,25,https://www.valueresearchonline.com/funds/44930/,,,,,,,,,,,,,,,,,,,,,,,,,,
",INF205KA1AI8,153291,1,1,1,3,1,1,1,3,1,1,1.5,1,4.5,1,1.5,2.5,0,0,0,0,0,13,Moderately High Risk,Average",,,,,,,,,,,,,,,,,,,,,,,,,,,,,,,,,,,,,,,,,,,,,,,
ITI Business Cycle Dir,solution-oriented,Solution: Retirement - Equity,Direct,,,,BSE 500 TRI,,,,,,,,,,,,,25,https://www.valueresearchonline.com/funds/45807/,,,,,,,,,,,,,,,,,,,,,,,,,,
",INF00XX01AE2,148913,1,1,1,3,1,1,1,3,1,1,1,1,4,1,1,2,0,0,0,0,0,12,High Risk,Poor",,,,,,,,,,,,,,,,,,,,,,,,,,,,,,,,,,,,,,,,,,,,,,,
Kotak Business Cycle Dir,solution-oriented,Solution: Retirement - Equity,Direct,6.68,17.02,,BSE 500 TRI,1.84,13.36,,2.61,0.95,1.01,12.92,19.19,,,,,25,https://www.valueresearchonline.com/funds/42533/,,,,,,,,,,,,,,,,,,,,,,,,,,
",INF174KA1JN6,150624,3,3,2,8,2,4,1,7,1.5,1,1,1,4.5,1.5,1,2.5,0,0,0,0,0,22,Moderate Risk,Average",,,,,,,,,,,,,,,,,,,,,,,,,,,,,,,,,,,,,,,,,,,,,,,
Mahindra Manulife Business Cycle Dir,solution-oriented,Solution: Retirement - Equity,Direct,9.88,,,BSE 500 TRI,1.84,,,,,,,,,,,,25,https://www.valueresearchonline.com/funds/43736/,,,,,,,,,,,,,,,,,,,,,,,,,,
",INF174V01BQ4,152045,1,1,1,3,1,1,1,3,1.5,1.5,2,1,6,2,2,4,0,0,0,0,0,16,Moderately High Risk,Average",,,,,,,,,,,,,,,,,,,,,,,,,,,,,,,,,,,,,,,,,,,,,,,
Motilal Oswal Business Cycle Dir,solution-oriented,Solution: Retirement - Equity,Direct,-4.85,,,BSE 500 TRI,1.84,,,,,,,,,,,,25,https://www.valueresearchonline.com/funds/44480/,,,,,,,,,,,,,,,,,,,,,,,,,,
",INF247L01DG6,152796,1,1,1,3,1,1,1,3,1,1,1,1,4,1,1.5,2.5,0,0,0,0,0,12.5,High Risk,Poor",,,,,,,,,,,,,,,,,,,,,,,,,,,,,,,,,,,,,,,,,,,,,,,
Quant Business Cycle Dir,solution-oriented,Solution: Retirement - Equity,Direct,5.66,19.94,,BSE 500 TRI,1.84,13.36,,5.16,1.22,0.71,20.95,20.75,,,,,14,https://www.valueresearchonline.com/funds/43518/,,,,,,,,,,,,,,,,,,,,,,,,,,
",INF966L01BR2,151757,1,1,1,3,1,1,1,3,1,1,1,1,4,1.5,2,3.5,0,0,0,0,0,13.5,Moderately High Risk,Average",,,,,,,,,,,,,,,,,,,,,,,,,,,,,,,,,,,,,,,,,,,,,,,
Sundaram Business Cycle Dir,solution-oriented,Solution: Retirement - Equity,Direct,2.83,,,BSE 500 TRI,1.84,,,,,,,,,,,,25,https://www.valueresearchonline.com/funds/44362/,,,,,,,,,,,,,,,,,,,,,,,,,,
",INF903JA1LQ6,152677,1,1,1,3,1,1,1,3,1,1.5,1.5,1,5,1,1.5,2.5,0,0,0,0,0,13.5,Moderately High Risk,Average",,,,,,,,,,,,,,,,,,,,,,,,,,,,,,,,,,,,,,,,,,,,,,,
Tata Business Cycle Dir,solution-oriented,Solution: Retirement - Equity,Direct,4.38,16.8,,BSE 500 TRI,1.84,13.36,,2.21,0.98,1.02,12.86,19.16,,,,,25,https://www.valueresearchonline.com/funds/41581/,,,,,,,,,,,,,,,,,,,,,,,,,,
",INF277KA1166,149071,3,3,2,8,2,4,1,7,1.5,1.5,1.5,1,5.5,1.5,2,3.5,0,0,0,0,0,24,Moderate Risk,Average",,,,,,,,,,,,,,,,,,,,,,,,,,,,,,,,,,,,,,,,,,,,,,,
Union Business Cycle Dir,solution-oriented,Solution: Retirement - Equity,Direct,7.88,,,BSE 500 TRI,1.84,,,,,,,,,,,,25,https://www.valueresearchonline.com/funds/44138/,,,,,,,,,,,,,,,,,,,,,,,,,,
",INF582M01JQ0,152409,1,1,1,3,1,1,1,3,1.5,1.5,1.5,1,5.5,1.5,1.5,3,0,0,0,0,0,14.5,Moderately High Risk,Average",,,,,,,,,,,,,,,,,,,,,,,,,,,,,,,,,,,,,,,,,,,,,,,
Axis Innovation Dir,solution-oriented,Solution: Retirement - Hybrid,Direct,7.27,15.18,12.69,BSE 500 TRI,1.84,13.36,12.53,1.76,0.81,0.92,11.64,16.86,,,,,25,https://www.valueresearchonline.com/funds/41225/,,,,,,,,,,,,,,,,,,,,,,,,,,
",INF846K01X71,148634,2,2,2,6,2,3,1,6,1.5,1.5,2,1,6,1,1,2,0,0,0,0,0,20,Moderate Risk,Average",,,,,,,,,,,,,,,,,,,,,,,,,,,,,,,,,,,,,,,,,,,,,,,
Bandhan Innovation Dir,solution-oriented,Solution: Retirement - Hybrid,Direct,14.99,,,BSE 500 TRI,1.84,,,,,,,,,,,,25,https://www.valueresearchonline.com/funds/44247/,,,,,,,,,,,,,,,,,,,,,,,,,,
",INF194KB1IE2,152607,1,1,1,3,1,1,1,3,1.5,1.5,2,1.5,6.5,1,1,2,0,0,0,0,0,14.5,Moderately High Risk,Average",,,,,,,,,,,,,,,,,,,,,,,,,,,,,,,,,,,,,,,,,,,,,,,
Baroda BNP Paribas Innovation Dir,solution-oriented,Solution: Retirement - Hybrid,Direct,9.72,,,BSE 500 TRI,1.84,,,,,,,,,,,,25,https://www.valueresearchonline.com/funds/44102/,,,,,,,,,,,,,,,,,,,,,,,,,,
",INF251K01TE1,152470,1,1,1,3,1,1,1,3,1,1.5,2,1,5.5,1,1,2,0,0,0,0,0,13.5,Moderately High Risk,Average",,,,,,,,,,,,,,,,,,,,,,,,,,,,,,,,,,,,,,,,,,,,,,,
HDFC Innovation Dir,solution-oriented,Solution: Retirement - Hybrid,Direct,,,,BSE 500 TRI,,,,,,,,,,,,,25,https://www.valueresearchonline.com/funds/45275/,,,,,,,,,,,,,,,,,,,,,,,,,,
",INF179KC1JO7,153620,1,1,1,3,1,1,1,3,1.5,1.5,1.5,1,5.5,1,1,2,0,0,0,0,0,13.5,Moderately High Risk,Average",,,,,,,,,,,,,,,,,,,,,,,,,,,,,,,,,,,,,,,,,,,,,,,
ICICI Pru Innovation Dir,solution-oriented,Solution: Retirement - Hybrid,Direct,5.07,22.02,,BSE 500 TRI,1.84,13.36,,8.64,0.96,1.05,15.46,22.18,,,,,25,https://www.valueresearchonline.com/funds/43444/,,,,,,,,,,,,,,,,,,,,,,,,,,
",INF109KC12T2,151580,1,1,1,3,1,1,1,3,1.5,1.5,2,1,6,2,1.5,3.5,0,0,0,0,0,15.5,Moderately High Risk,Average",,,,,,,,,,,,,,,,,,,,,,,,,,,,,,,,,,,,,,,,,,,,,,,
Kotak Pioneer Dir*,solution-oriented,Solution: Retirement - Hybrid,Direct,12.33,20.9,16.98,BSE 500 TRI*,1.84,13.36,12.53,5.62,0.93,1.19,13.28,21.96,,,,,25,https://www.valueresearchonline.com/funds/40376/,,,,,,,,,,,,,,,,,,,,,,,,,,
",INF174KA1EZ1,147727,4,3,2,9,2,4,1,7,1,1,1,1,4,1,1,2,0,0,0,0,0,22,Moderate Risk,Average",,,,,,,,,,,,,,,,,,,,,,,,,,,,,,,,,,,,,,,,,,,,,,,
Mahindra Manulife Innovation Opportunities Dir,solution-oriented,Solution: Retirement - Hybrid,Direct,,,,BSE 500 TRI,,,,,,,,,,,,,25,https://www.valueresearchonline.com/funds/45737/,,,,,,,,,,,,,,,,,,,,,,,,,,
",INF174V01DA4,154121,1,1,1,3,1,1,1,3,1,1.5,2,1,5.5,1,1,2,0,0,0,0,0,13.5,Moderately High Risk,Average",,,,,,,,,,,,,,,,,,,,,,,,,,,,,,,,,,,,,,,,,,,,,,,
Motilal Oswal Innovation Opportunities Dir,solution-oriented,Solution: Retirement - Hybrid,Direct,16.38,,,BSE 500 TRI,1.84,,,,,,,,,,,,25,https://www.valueresearchonline.com/funds/44902/,,,,,,,,,,,,,,,,,,,,,,,,,,
",INF247L01EJ8,153258,1,1,1,3,1,1,1,3,1,1.5,1.5,1,5,1,1,2,0,0,0,0,0,13,Moderately High Risk,Average",,,,,,,,,,,,,,,,,,,,,,,,,,,,,,,,,,,,,,,,,,,,,,,
Nippon India Innovation Dir,solution-oriented,Solution: Retirement - Hybrid,Direct,5.26,,,BSE 500 TRI,1.84,,,,,,,,,,,,25,https://www.valueresearchonline.com/funds/43721/,,,,,,,,,,,,,,,,,,,,,,,,,,
",INF204KC1BO3,152033,1,1,1,3,1,1,1,3,1,1.5,1.5,1,5,1.5,1.5,3,0,0,0,0,0,14,Moderately High Risk,Average",,,,,,,,,,,,,,,,,,,,,,,,,,,,,,,,,,,,,,,,,,,,,,,
SBI Innovative Opportunities Dir,solution-oriented,Solution: Retirement - Hybrid,Direct,0.61,,,BSE 500 TRI,1.84,,,,,,,,,,,,25,https://www.valueresearchonline.com/funds/44459/,,,,,,,,,,,,,,,,,,,,,,,,,,
",INF200KB1324,152776,1,1,1,3,1,1,1,3,1,1,1.5,1,4.5,1,1,2,0,0,0,0,0,12.5,High Risk,Poor",,,,,,,,,,,,,,,,,,,,,,,,,,,,,,,,,,,,,,,,,,,,,,,
Tata India Innovation Dir,solution-oriented,Solution: Retirement - Hybrid,Direct,3.14,,,BSE 500 TRI,1.84,,,,,,,,,,,,25,https://www.valueresearchonline.com/funds/44716/,,,,,,,,,,,,,,,,,,,,,,,,,,
",INF277KA1CU2,153055,1,1,1,3,1,1,1,3,1.5,1.5,1.5,1,5.5,1.5,1.5,3,0,0,0,0,0,14.5,Moderately High Risk,Average",,,,,,,,,,,,,,,,,,,,,,,,,,,,,,,,,,,,,,,,,,,,,,,
Union Innovation & Opportunities Dir,solution-oriented,Solution: Retirement - Hybrid,Direct,9.46,,,BSE 500 TRI,1.84,,,,,,,,,,,,25,https://www.valueresearchonline.com/funds/43670/,,,,,,,,,,,,,,,,,,,,,,,,,,
",INF582M01JE6,151905,1,1,1,3,1,1,1,3,1.5,1.5,2,1,6,1,1,2,0,0,0,0,0,14,Moderately High Risk,Average",,,,,,,,,,,,,,,,,,,,,,,,,,,,,,,,,,,,,,,,,,,,,,,
UTI Innovation Dir,solution-oriented,Solution: Retirement - Hybrid,Direct,-2.91,,,BSE 500 TRI,1.84,,,,,,,,,,,,25,https://www.valueresearchonline.com/funds/43799/,,,,,,,,,,,,,,,,,,,,,,,,,,
",INF789F1AZA4,152087,1,1,1,3,1,1,1,3,1,1,1,1,4,1,1.5,2.5,0,0,0,0,0,12.5,High Risk,Poor",,,,,,,,,,,,,,,,,,,,,,,,,,,,,,,,,,,,,,,,,,,,,,,
360 ONE Quant Dir,solution-oriented,Solution: Children - Equity,Direct,-2.67,18.51,,BSE 500 TRI,1.84,13.36,,6.69,1.17,1.26,15.51,25.71,,,,,25,https://www.valueresearchonline.com/funds/41830/,,,,,,,,,,,,,,,,,,,,,,,,,,
",INF579M01AI2,149318,4,3,3,10,1,4,1,6,1,1,1,1,4,1.5,1,2.5,0,0,0,0,0,22.5,Moderate Risk,Average",,,,,,,,,,,,,,,,,,,,,,,,,,,,,,,,,,,,,,,,,,,,,,,
ABSL Quant Dir,solution-oriented,Solution: Children - Equity,Direct,9.29,,,BSE 500 TRI,1.84,,,,,,,,,,,,25,https://www.valueresearchonline.com/funds/44378/,,,,,,,,,,,,,,,,,,,,,,,,,,
",INF209KC1118,152684,1,1,1,3,1,1,1,3,1,1.5,1.5,1,5,2,1.5,3.5,0,0,0,0,0,14.5,Moderately High Risk,Average",,,,,,,,,,,,,,,,,,,,,,,,,,,,,,,,,,,,,,,,,,,,,,,
Axis Quant Dir,solution-oriented,Solution: Children - Equity,Direct,4.4,11.36,,BSE 500 TRI,1.84,13.36,,-0.75,1.03,0.78,13.63,16.68,,,,,25,https://www.valueresearchonline.com/funds/41529/,,,,,,,,,,,,,,,,,,,,,,,,,,
",INF846K01Z87,148993,1,2,2,5,2,3,1,6,1,1,1.5,1,4.5,3,2,5,0,0,0,0,0,20.5,Moderate Risk,Average",,,,,,,,,,,,,,,,,,,,,,,,,,,,,,,,,,,,,,,,,,,,,,,
DSP Quant Dir,solution-oriented,Solution: Children - Equity,Direct,0.48,8.76,7.88,BSE 500 TRI,1.84,13.36,12.53,-2.08,0.86,0.64,11.74,13.57,,,,,25,https://www.valueresearchonline.com/funds/39945/,,,,,,,,,,,,,,,,,,,,,,,,,,
",INF740KA1NQ6,147306,1,2,2,5,2,3,1,6,1,1,1,1,4,2,1,3,0,0,0,0,0,18,Moderately High Risk,Average",,,,,,,,,,,,,,,,,,,,,,,,,,,,,,,,,,,,,,,,,,,,,,,
ICICI Pru Quant Dir,solution-oriented,Solution: Children - Equity,Direct,1.29,14.42,12.86,BSE 500 TRI,1.84,13.36,12.53,1.85,0.83,1.01,10.94,17.15,,,,,25,https://www.valueresearchonline.com/funds/41206/,,,,,,,,,,,,,,,,,,,,,,,,,,
",INF109KC1O66,148600,2,3,2,7,2,3,1,6,1.5,1.5,1.5,1,5.5,2,1.5,3.5,0,0,0,0,0,22,Moderate Risk,Average",,,,,,,,,,,,,,,,,,,,,,,,,,,,,,,,,,,,,,,,,,,,,,,
Kotak Quant Dir,solution-oriented,Solution: Children - Equity,Direct,5.13,,,BSE 500 TRI,1.84,,,,,,,,,,,,25,https://www.valueresearchonline.com/funds/43641/,,,,,,,,,,,,,,,,,,,,,,,,,,
",INF174KA1OL0,151881,1,1,1,3,1,1,1,3,1,1,1,1,4,2,1,3,0,0,0,0,0,13,Moderately High Risk,Average",,,,,,,,,,,,,,,,,,,,,,,,,,,,,,,,,,,,,,,,,,,,,,,
Motilal Oswal Quant Dir,solution-oriented,Solution: Children - Equity,Direct,0.17,,,BSE 500 TRI,1.84,,,,,,,,,,,,25,https://www.valueresearchonline.com/funds/44386/,,,,,,,,,,,,,,,,,,,,,,,,,,
",INF247L01CS3,152694,1,1,1,3,1,1,1,3,1,1.5,1.5,1,5,3,1.5,4.5,0,0,0,0,0,15.5,Moderately High Risk,Average",,,,,,,,,,,,,,,,,,,,,,,,,,,,,,,,,,,,,,,,,,,,,,,
Nippon India Quant Dir,solution-oriented,Solution: Children - Equity,Direct,4.55,16.86,15.86,BSE 500 TRI,1.84,13.36,12.53,4,0.98,1.16,12.81,20.9,,,,,25,https://www.valueresearchonline.com/funds/16155/,,,,,,,,,,,,,,,,,,,,,,,,,,
",INF204K01J34,118769,4,3,3,10,2,4,1,7,1,1,1,1,4,2,1.5,3.5,0,0,0,0,0,24.5,Moderate Risk,Average",,,,,,,,,,,,,,,,,,,,,,,,,,,,,,,,,,,,,,,,,,,,,,,
Quant Quantamental Dir,solution-oriented,Solution: Children - Equity,Direct,14.8,20.4,21.3,BSE 500 TRI,1.84,13.36,12.53,2.92,1.11,0.98,15.47,21.29,,,,,14,https://www.valueresearchonline.com/funds/41450/,,,,,,,,,,,,,,,,,,,,,,,,,,
",INF966L01AK9,148925,3,2,2,7,1,4,1,6,1,1,1,1,4,1.5,2,3.5,0,0,0,0,0,20.5,Moderate Risk,Average",,,,,,,,,,,,,,,,,,,,,,,,,,,,,,,,,,,,,,,,,,,,,,,
SBI Quant Dir,solution-oriented,Solution: Children - Equity,Direct,2.17,,,BSE 500 TRI,1.84,,,,,,,,,,,,25,https://www.valueresearchonline.com/funds/44804/,,,,,,,,,,,,,,,,,,,,,,,,,,
",INF200KB1506,153154,1,1,1,3,1,1,1,3,1,1,1,1,4,3,2,5,0,0,0,0,0,15,Moderately High Risk,Average",,,,,,,,,,,,,,,,,,,,,,,,,,,,,,,,,,,,,,,,,,,,,,,
UTI Quant Dir,solution-oriented,Solution: Children - Equity,Direct,-0.51,,,BSE 500 TRI,1.84,,,,,,,,,,,,25,https://www.valueresearchonline.com/funds/44865/,,,,,,,,,,,,,,,,,,,,,,,,,,
",INF789F1AA98,153204,1,1,1,3,1,1,1,3,1.5,1.5,1.5,1,5.5,1.5,1,2.5,0,0,0,0,0,14,Moderately High Risk,Average",,,,,,,,,,,,,,,,,,,,,,,,,,,,,,,,,,,,,,,,,,,,,,,
360 ONE Flexicap Dir,solution-oriented,Solution: Children - Debt,Direct,6.5,,,BSE 500 TRI,1.84,,,,,,,,,,,,25,https://www.valueresearchonline.com/funds/43547/,,,,,,,,,,,,,,,,,,,,,,,,,,
",INF579M01AS1,151796,1,1,1,3,1,1,1,3,1,1,1,1,4,1.5,1,2.5,0,0,0,0,0,12.5,High Risk,Poor",,,,,,,,,,,,,,,,,,,,,,,,,,,,,,,,,,,,,,,,,,,,,,,
360 ONE Focused Dir,solution-oriented,Solution: Children - Debt,Direct,4.01,13.71,13.99,BSE 500 TRI,1.84,13.36,12.53,0.77,0.9,0.9,11.83,16.78,,,,,25,https://www.valueresearchonline.com/funds/28458/,,,,,,,,,,,,,,,,,,,,,,,,,,
",INF579M01902,131580,2,2,2,6,2,3,1,6,1,1,1,1,4,1.5,1,2.5,0,0,0,0,0,18.5,Moderately High Risk,Average",,,,,,,,,,,,,,,,,,,,,,,,,,,,,,,,,,,,,,,,,,,,,,,
Abakkus Flexi Cap Dir,solution-oriented,Solution: Children - Debt,Direct,,,,BSE 500 TRI,,,,,,,,,,,,,25,https://www.valueresearchonline.com/funds/45683/,,,,,,,,,,,,,,,,,,,,,,,,,,
",INF2JJD01136,154043,1,1,1,3,1,1,1,3,1,1.5,2,1,5.5,2,2,4,0,0,0,0,0,15.5,Moderately High Risk,Average",,,,,,,,,,,,,,,,,,,,,,,,,,,,,,,,,,,,,,,,,,,,,,,
ABSL Bal Bhavishya Yojna Dir,solution-oriented,Solution: Children - Debt,Direct,5.27,13.57,10.89,BSE 500 TRI,1.84,13.36,12.53,-0.57,0.96,0.8,12.64,16.17,,,,,25,https://www.valueresearchonline.com/funds/38821/,,,,,,,,,,,,,,,,,,,,,,,,,,
",INF209KB1E84,146407,1,2,2,5,2,3,1,6,1.5,1.5,1.5,1,5.5,1.5,2,3.5,0,0,0,0,0,20,Moderate Risk,Average",,,,,,,,,,,,,,,,,,,,,,,,,,,,,,,,,,,,,,,,,,,,,,,
ABSL BSE 500 Momentum 50 Index Fund Dir,solution-oriented,Solution: Children - Debt,Direct,,,,BSE 500 TRI,,,,,,,,,,,,,25,https://www.valueresearchonline.com/funds/45377/,,,,,,,,,,,,,,,,,,,,,,,,,,
",INF209KC1589,153736,1,1,1,3,1,1,1,3,1.5,1.5,1.5,1,5.5,1.5,1,2.5,0,0,0,0,0,14,Moderately High Risk,Average",,,,,,,,,,,,,,,,,,,,,,,,,,,,,,,,,,,,,,,,,,,,,,,
ABSL BSE 500 Quality 50 Index Dir,solution-oriented,Solution: Children - Debt,Direct,,,,BSE 500 TRI,,,,,,,,,,,,,25,https://www.valueresearchonline.com/funds/45381/,,,,,,,,,,,,,,,,,,,,,,,,,,
",INF209KC1613,153740,1,1,1,3,1,1,1,3,1.5,1.5,1.5,1,5.5,1.5,1,2.5,0,0,0,0,0,14,Moderately High Risk,Average",,,,,,,,,,,,,,,,,,,,,,,,,,,,,,,,,,,,,,,,,,,,,,,
ABSL Flexi Cap Dir,solution-oriented,Solution: Children - Debt,Direct,7.23,17.05,13.62,BSE 500 TRI,1.84,13.36,12.53,2.55,0.96,1.07,12.29,19.27,,,,,25,https://www.valueresearchonline.com/funds/15741/,,,,,,,,,,,,,,,,,,,,,,,,,,
",INF209K01XX1,120564,3,3,3,9,2,4,1,7,1.5,1.5,1.5,1,5.5,1.5,1.5,3,0,0,0,0,0,24.5,Moderate Risk,Average",,,,,,,,,,,,,,,,,,,,,,,,,,,,,,,,,,,,,,,,,,,,,,,
ABSL Focused Dir,solution-oriented,Solution: Children - Debt,Direct,3.19,15.25,13.1,BSE 500 TRI,1.84,13.36,12.53,1.98,0.9,1.01,11.8,18.08,,,,,25,https://www.valueresearchonline.com/funds/15883/,,,,,,,,,,,,,,,,,,,,,,,,,,
",INF209K01WE3,119564,2,3,3,8,2,4,1,7,1,1,1.5,1,4.5,1.5,1.5,3,0,0,0,0,0,22.5,Moderate Risk,Average",,,,,,,,,,,,,,,,,,,,,,,,,,,,,,,,,,,,,,,,,,,,,,,
ABSL Retirement 30s Dir,solution-oriented,Solution: Children - Debt,Direct,12.96,18.1,13.07,BSE 500 TRI,1.84,13.36,12.53,1.03,0.96,0.91,12.82,17.78,,,,,25,https://www.valueresearchonline.com/funds/39181/,,,,,,,,,,,,,,,,,,,,,,,,,,
",INF209KB1I23,146575,2,2,2,6,2,3,1,6,1.5,2,2,1,6.5,1.5,1.5,3,0,0,0,0,0,21.5,Moderate Risk,Average",,,,,,,,,,,,,,,,,,,,,,,,,,,,,,,,,,,,,,,,,,,,,,,
Angel One Nifty Total Market ETF,solution-oriented,Solution: Children - Debt,Direct,2.06,,,BSE 500 TRI,1.84,,,,,,,,,,,,25,https://www.valueresearchonline.com/funds/44964/,,,,,,,,,,,,,,,,,,,,,,,,,,
",INF1J2R01015,153332,1,1,1,3,1,1,1,3,2,1.5,1.5,1,6,2,2,4,0,0,0,0,0,16,Moderately High Risk,Average",,,,,,,,,,,,,,,,,,,,,,,,,,,,,,,,,,,,,,,,,,,,,,,
Angel One Nifty Total Market Index Dir,solution-oriented,Solution: Children - Debt,Direct,2.01,,,BSE 500 TRI,1.84,,,,,,,,,,,,25,https://www.valueresearchonline.com/funds/44963/,,,,,,,,,,,,,,,,,,,,,,,,,,
",INF1J2R01023,153330,1,1,1,3,1,1,1,3,2,1,1,1,5,2,1,3,0,0,0,0,0,14,Moderately High Risk,Average",,,,,,,,,,,,,,,,,,,,,,,,,,,,,,,,,,,,,,,,,,,,,,,
Angel One Nifty Total Market Momentum Quality 50 ETF,solution-oriented,Solution: Children - Debt,Direct,,,,BSE 500 TRI,,,,,,,,,,,,,25,https://www.valueresearchonline.com/funds/45605/,,,,,,,,,,,,,,,,,,,,,,,,,,
",INF1J2R01148,153957,1,1,1,3,1,1,1,3,1.5,1,1.5,1,5,1.5,1,2.5,0,0,0,0,0,13.5,Moderately High Risk,Average",,,,,,,,,,,,,,,,,,,,,,,,,,,,,,,,,,,,,,,,,,,,,,,
Angel One Nifty Total Market Momentum Quality 50 Index Dir,solution-oriented,Solution: Children - Debt,Direct,,,,BSE 500 TRI,,,,,,,,,,,,,25,https://www.valueresearchonline.com/funds/45607/,,,,,,,,,,,,,,,,,,,,,,,,,,
",INF1J2R01122,153956,1,1,1,3,1,1,1,3,1.5,1,1,1,4.5,1.5,1,2.5,0,0,0,0,0,13,Moderately High Risk,Average",,,,,,,,,,,,,,,,,,,,,,,,,,,,,,,,,,,,,,,,,,,,,,,
Axis Flexi Cap Dir,solution-oriented,Solution: Children - Debt,Direct,3.99,14.04,11.25,BSE 500 TRI,1.84,13.36,12.53,0.02,0.96,0.83,12.85,16.79,,,,,25,https://www.valueresearchonline.com/funds/34711/,,,,,,,,,,,,,,,,,,,,,,,,,,
",INF846K01B28,141925,2,2,2,6,2,3,1,6,1.5,1.5,1.5,1,5.5,1,1.5,2.5,0,0,0,0,0,20,Moderate Risk,Average",,,,,,,,,,,,,,,,,,,,,,,,,,,,,,,,,,,,,,,,,,,,,,,
Axis Focused Dir,solution-oriented,Solution: Children - Debt,Direct,-1.21,9.15,6.44,BSE 500 TRI,1.84,13.36,12.53,-2.76,0.93,0.58,12.82,13.57,,,,,25,https://www.valueresearchonline.com/funds/15684/,,,,,,,,,,,,,,,,,,,,,,,,,,
",INF846K01CQ8,120468,1,2,2,5,2,3,1,6,1,1,1,1,4,1,1,2,0,0,0,0,0,17,Moderately High Risk,Average",,,,,,,,,,,,,,,,,,,,,,,,,,,,,,,,,,,,,,,,,,,,,,,
Axis Nifty 500 Index Dir,solution-oriented,Solution: Children - Debt,Direct,1.84,,,BSE 500 TRI,1.84,,,,,,,,,,,,25,https://www.valueresearchonline.com/funds/44413/,,,,,,,,,,,,,,,,,,,,,,,,,,
",INF846K019W9,152731,1,1,1,3,1,1,1,3,2,1.5,1.5,1,6,2,1.5,3.5,0,0,0,0,0,15.5,Moderately High Risk,Average",,,,,,,,,,,,,,,,,,,,,,,,,,,,,,,,,,,,,,,,,,,,,,,
Axis Nifty500 Momentum 50 Index Dir,solution-oriented,Solution: Children - Debt,Direct,0.35,,,BSE 500 TRI,1.84,,,,,,,,,,,,25,https://www.valueresearchonline.com/funds/44905/,,,,,,,,,,,,,,,,,,,,,,,,,,
",INF846KA1044,153244,1,1,1,3,1,1,1,3,1.5,1,1.5,1,5,1.5,1.5,3,0,0,0,0,0,14,Moderately High Risk,Average",,,,,,,,,,,,,,,,,,,,,,,,,,,,,,,,,,,,,,,,,,,,,,,
Axis Nifty500 Quality 50 Index Dir,solution-oriented,Solution: Children - Debt,Direct,,,,BSE 500 TRI,,,,,,,,,,,,,25,https://www.valueresearchonline.com/funds/45468/,,,,,,,,,,,,,,,,,,,,,,,,,,
",INF846KA1200,153829,1,1,1,3,1,1,1,3,1.5,1.5,1.5,1,5.5,1.5,1,2.5,0,0,0,0,0,14,Moderately High Risk,Average",,,,,,,,,,,,,,,,,,,,,,,,,,,,,,,,,,,,,,,,,,,,,,,
Bajaj Finserv Flexi Cap Dir,solution-oriented,Solution: Children - Debt,Direct,6.8,,,BSE 500 TRI,1.84,,,,,,,,,,,,25,https://www.valueresearchonline.com/funds/43653/,,,,,,,,,,,,,,,,,,,,,,,,,,
",INF0QA701342,151895,1,1,1,3,1,1,1,3,1.5,1.5,1.5,1,5.5,1.5,1.5,3,0,0,0,0,0,14.5,Moderately High Risk,Average",,,,,,,,,,,,,,,,,,,,,,,,,,,,,,,,,,,,,,,,,,,,,,,
Bandhan Flexi Cap Dir,solution-oriented,Solution: Children - Debt,Direct,2.25,13.96,12.39,BSE 500 TRI,1.84,13.36,12.53,1.07,0.86,0.94,11.31,16.69,,,,,25,https://www.valueresearchonline.com/funds/16501/,,,,,,,,,,,,,,,,,,,,,,,,,,
",INF194K01W62,118424,2,2,2,6,2,3,1,6,2,1.5,1.5,1,6,2,2,4,0,0,0,0,0,22,Moderate Risk,Average",,,,,,,,,,,,,,,,,,,,,,,,,,,,,,,,,,,,,,,,,,,,,,,
Bandhan Focused Dir,solution-oriented,Solution: Children - Debt,Direct,3.57,16.36,13.9,BSE 500 TRI,1.84,13.36,12.53,3.66,0.95,1.02,13.91,20.25,,,,,25,https://www.valueresearchonline.com/funds/16507/,,,,,,,,,,,,,,,,,,,,,,,,,,
",INF194K01W21,118421,3,3,2,8,2,4,1,7,1,1,1,1,4,3,2,5,0,0,0,0,0,24,Moderate Risk,Average",,,,,,,,,,,,,,,,,,,,,,,,,,,,,,,,,,,,,,,,,,,,,,,
Bandhan Nifty 500 Momentum 50 Index Dir,solution-oriented,Solution: Children - Debt,Direct,0.06,,,BSE 500 TRI,1.84,,,,,,,,,,,,25,https://www.valueresearchonline.com/funds/44630/,,,,,,,,,,,,,,,,,,,,,,,,,,
",INF194KB1IY0,153003,1,1,1,3,1,1,1,3,1.5,1,1.5,1,5,1.5,1.5,3,0,0,0,0,0,14,Moderately High Risk,Average",,,,,,,,,,,,,,,,,,,,,,,,,,,,,,,,,,,,,,,,,,,,,,,
Bandhan Nifty Alpha 50 Index Dir,solution-oriented,Solution: Children - Debt,Direct,2.97,,,BSE 500 TRI,1.84,,,,,,,,,,,,25,https://www.valueresearchonline.com/funds/43864/,,,,,,,,,,,,,,,,,,,,,,,,,,
",INF194KB1HA2,152177,1,1,1,3,1,1,1,3,1.5,1.5,1.5,1,5.5,1.5,1,2.5,0,0,0,0,0,14,Moderately High Risk,Average",,,,,,,,,,,,,,,,,,,,,,,,,,,,,,,,,,,,,,,,,,,,,,,
Bandhan Nifty Total Mkt Index Dir,solution-oriented,Solution: Children - Debt,Direct,1.78,,,BSE 500 TRI,1.84,,,,,,,,,,,,25,https://www.valueresearchonline.com/funds/44403/,,,,,,,,,,,,,,,,,,,,,,,,,,
",INF194KB1IK9,152716,1,1,1,3,1,1,1,3,2,1.5,1.5,1,6,2,2,4,0,0,0,0,0,16,Moderately High Risk,Average",,,,,,,,,,,,,,,,,,,,,,,,,,,,,,,,,,,,,,,,,,,,,,,
Bank of India Flexi Cap Dir,solution-oriented,Solution: Children - Debt,Direct,11.05,22.61,18.63,BSE 500 TRI,1.84,13.36,12.53,4.15,1.18,1.02,16.81,23.33,,,,,25,https://www.valueresearchonline.com/funds/41018/,,,,,,,,,,,,,,,,,,,,,,,,,,
",INF761K01FF5,148404,4,3,2,9,1,4,1,6,1.5,1.5,2,1.5,6.5,2,1.5,3.5,0,0,0,0,0,25,Moderate Risk,Average",,,,,,,,,,,,,,,,,,,,,,,,,,,,,,,,,,,,,,,,,,,,,,,
Baroda BNP Paribas Children's Dir,solution-oriented,Solution: Children - Debt,Direct,7.77,,,BSE 500 TRI,1.84,,,,,,,,,,,,25,https://www.valueresearchonline.com/funds/44780/,,,,,,,,,,,,,,,,,,,,,,,,,,
",INF251K01UE9,153171,1,1,1,3,1,1,1,3,1.5,2,2,1,6.5,1.5,1.5,3,0,0,0,0,0,15.5,Moderately High Risk,Average",,,,,,,,,,,,,,,,,,,,,,,,,,,,,,,,,,,,,,,,,,,,,,,
Baroda BNP Paribas Flexi Cap Dir,solution-oriented,Solution: Children - Debt,Direct,3.59,15.17,,BSE 500 TRI,1.84,13.36,,0.41,1.01,0.87,13.38,17.7,,,,,25,https://www.valueresearchonline.com/funds/42312/,,,,,,,,,,,,,,,,,,,,,,,,,,
",INF251K01QZ2,150387,2,2,2,6,2,3,1,6,1,1.5,2,1,5.5,2,2,4,0,0,0,0,0,21.5,Moderate Risk,Average",,,,,,,,,,,,,,,,,,,,,,,,,,,,,,,,,,,,,,,,,,,,,,,
Baroda BNP Paribas Focused Dir,solution-oriented,Solution: Children - Debt,Direct,-1.71,11.67,11.97,BSE 500 TRI,1.84,13.36,12.53,-2.37,1.12,0.67,14.92,16.1,,,,,25,https://www.valueresearchonline.com/funds/34653/,,,,,,,,,,,,,,,,,,,,,,,,,,
",INF251K01PN0,150264,1,2,2,5,2,3,1,6,1,1,1.5,1,4.5,2,2,4,0,0,0,0,0,19.5,Moderately High Risk,Average",,,,,,,,,,,,,,,,,,,,,,,,,,,,,,,,,,,,,,,,,,,,,,,
Canara Robeco Flexi Cap Dir,solution-oriented,Solution: Children - Debt,Direct,1.8,13.38,12.43,BSE 500 TRI,1.84,13.36,12.53,0.55,0.92,0.91,11.81,16.8,,,,,25,https://www.valueresearchonline.com/funds/16588/,,,,,,,,,,,,,,,,,,,,,,,,,,
",INF760K01EF0,118275,2,2,2,6,2,3,1,6,1.5,1,1,1,4.5,1.5,1,2.5,0,0,0,0,0,19,Moderately High Risk,Average",,,,,,,,,,,,,,,,,,,,,,,,,,,,,,,,,,,,,,,,,,,,,,,
Canara Robeco Focused Dir,solution-oriented,Solution: Children - Debt,Direct,-0.14,14.67,14.55,BSE 500 TRI,1.84,13.36,12.53,2.73,0.9,1.07,11.91,18.8,,,,,25,https://www.valueresearchonline.com/funds/41458/,,,,,,,,,,,,,,,,,,,,,,,,,,
",INF760K01JQ6,148883,3,3,3,9,2,4,1,7,1,1,1,1,4,1.5,1,2.5,0,0,0,0,0,22.5,Moderate Risk,Average",,,,,,,,,,,,,,,,,,,,,,,,,,,,,,,,,,,,,,,,,,,,,,,
Capitalmind Flexi Cap Dir,solution-oriented,Solution: Children - Debt,Direct,,,,BSE 500 TRI,,,,,,,,,,,,,25,https://www.valueresearchonline.com/funds/45313/,,,,,,,,,,,,,,,,,,,,,,,,,,
",INF226401018,153738,1,1,1,3,1,1,1,3,1,2,2,1,6,3,2,5,0,0,0,0,0,17,Moderately High Risk,Average",,,,,,,,,,,,,,,,,,,,,,,,,,,,,,,,,,,,,,,,,,,,,,,
DSP Flexi Cap Dir,solution-oriented,Solution: Children - Debt,Direct,1.02,14.26,12.26,BSE 500 TRI,1.84,13.36,12.53,1.38,0.97,0.94,12.84,18.22,,,,,25,https://www.valueresearchonline.com/funds/16386/,,,,,,,,,,,,,,,,,,,,,,,,,,
",INF740K01PI2,119076,2,2,3,7,2,4,1,7,1.5,1.5,1.5,1,5.5,2,2,4,0,0,0,0,0,23.5,Moderate Risk,Average",,,,,,,,,,,,,,,,,,,,,,,,,,,,,,,,,,,,,,,,,,,,,,,
DSP Focused Dir,solution-oriented,Solution: Children - Debt,Direct,1.59,16.22,12.38,BSE 500 TRI,1.84,13.36,12.53,2.95,0.96,1.03,13.14,19.62,,,,,25,https://www.valueresearchonline.com/funds/16388/,,,,,,,,,,,,,,,,,,,,,,,,,,
",INF740K01OB0,119096,3,3,3,9,2,4,1,7,1,1,1,1,4,2,1,3,0,0,0,0,0,23,Moderate Risk,Average",,,,,,,,,,,,,,,,,,,,,,,,,,,,,,,,,,,,,,,,,,,,,,,
DSP Nifty500 Flexicap Quality 30 ETF,solution-oriented,Solution: Children - Debt,Direct,,,,BSE 500 TRI,,,,,,,,,,,,,25,https://www.valueresearchonline.com/funds/45521/,,,,,,,,,,,,,,,,,,,,,,,,,,
",INF740KA1WU9,153874,1,1,1,3,1,1,1,3,1,1,1,1,4,1.5,1,2.5,0,0,0,0,0,12.5,High Risk,Poor",,,,,,,,,,,,,,,,,,,,,,,,,,,,,,,,,,,,,,,,,,,,,,,
DSP Nifty500 Flexicap Quality 30 Index Dir,solution-oriented,Solution: Children - Debt,Direct,,,,BSE 500 TRI,,,,,,,,,,,,,25,https://www.valueresearchonline.com/funds/45446/,,,,,,,,,,,,,,,,,,,,,,,,,,
",INF740KA1WR5,153801,1,1,1,3,1,1,1,3,1,1,1,1,4,1.5,1,2.5,0,0,0,0,0,12.5,High Risk,Poor",,,,,,,,,,,,,,,,,,,,,,,,,,,,,,,,,,,,,,,,,,,,,,,
DSP Nifty 500 Index Dir,solution-oriented,Solution: Children - Debt,Direct,,,,BSE 500 TRI,,,,,,,,,,,,,25,https://www.valueresearchonline.com/funds/45719/,,,,,,,,,,,,,,,,,,,,,,,,,,
",INF740KA1XY9,154088,1,1,1,3,1,1,1,3,2,1,1,1,5,2,1,3,0,0,0,0,0,14,Moderately High Risk,Average",,,,,,,,,,,,,,,,,,,,,,,,,,,,,,,,,,,,,,,,,,,,,,,
Edelweiss Flexi Cap Dir,solution-oriented,Solution: Children - Debt,Direct,3.78,16.81,15.45,BSE 500 TRI,1.84,13.36,12.53,3.35,1,1.11,13.02,20.54,,,,,25,https://www.valueresearchonline.com/funds/29263/,,,,,,,,,,,,,,,,,,,,,,,,,,
",INF843K01KK1,140353,3,3,2,8,2,4,1,7,2,1.5,1.5,1,6,1.5,1.5,3,0,0,0,0,0,24,Moderate Risk,Average",,,,,,,,,,,,,,,,,,,,,,,,,,,,,,,,,,,,,,,,,,,,,,,
Edelweiss Focused Dir,solution-oriented,Solution: Children - Debt,Direct,3.13,15.35,,BSE 500 TRI,1.84,13.36,,3,0.96,1.08,12.62,19.72,,,,,25,https://www.valueresearchonline.com/funds/42298/,,,,,,,,,,,,,,,,,,,,,,,,,,
",INF754K01OP1,150376,3,3,2,8,2,4,1,7,1,1,1.5,1,4.5,1.5,1.5,3,0,0,0,0,0,22.5,Moderate Risk,Average",,,,,,,,,,,,,,,,,,,,,,,,,,,,,,,,,,,,,,,,,,,,,,,
Franklin India Flexi Cap Dir,solution-oriented,Solution: Children - Debt,Direct,-1.5,15.31,14.73,BSE 500 TRI,1.84,13.36,12.53,2.82,0.93,1.09,11.96,19.16,,,,,25,https://www.valueresearchonline.com/funds/16008/,,,,,,,,,,,,,,,,,,,,,,,,,,
",INF090I01FK3,118535,3,3,3,9,2,4,1,7,1.5,1.5,1.5,1,5.5,1.5,2,3.5,0,0,0,0,0,25,Moderate Risk,Average",,,,,,,,,,,,,,,,,,,,,,,,,,,,,,,,,,,,,,,,,,,,,,,
Franklin India Focused Equity Dir,solution-oriented,Solution: Children - Debt,Direct,-3.73,11.61,12.61,BSE 500 TRI,1.84,13.36,12.53,0.93,0.87,0.91,11.55,16.6,,,,,25,https://www.valueresearchonline.com/funds/15990/,,,,,,,,,,,,,,,,,,,,,,,,,,
",INF090I01IW2,118564,2,2,2,6,2,3,1,6,1,1,1,1,4,1.5,1.5,3,0,0,0,0,0,19,Moderately High Risk,Average",,,,,,,,,,,,,,,,,,,,,,,,,,,,,,,,,,,,,,,,,,,,,,,
Groww Nifty 500 Low Volatility 50 ETF,solution-oriented,Solution: Children - Debt,Direct,2.88,,,BSE 500 TRI,1.84,,,,,,,,,,,,25,https://www.valueresearchonline.com/funds/45217/,,,,,,,,,,,,,,,,,,,,,,,,,,
",INF666M01JX7,153453,1,1,1,3,1,1,1,3,1.5,1.5,1.5,1,5.5,1.5,1.5,3,0,0,0,0,0,14.5,Moderately High Risk,Average",,,,,,,,,,,,,,,,,,,,,,,,,,,,,,,,,,,,,,,,,,,,,,,
Groww Nifty 500 Momentum 50 ETF,solution-oriented,Solution: Children - Debt,Direct,-0.05,,,BSE 500 TRI,1.84,,,,,,,,,,,,25,https://www.valueresearchonline.com/funds/45094/,,,,,,,,,,,,,,,,,,,,,,,,,,
",INF666M01KJ4,153452,1,1,1,3,1,1,1,3,1.5,1.5,1.5,1,5.5,1.5,1.5,3,0,0,0,0,0,14.5,Moderately High Risk,Average",,,,,,,,,,,,,,,,,,,,,,,,,,,,,,,,,,,,,,,,,,,,,,,
Groww Nifty 500 Momentum 50 ETF FoF Dir,solution-oriented,Solution: Children - Debt,Direct,0.31,,,BSE 500 TRI,1.84,,,,,,,,,,,,1,https://www.valueresearchonline.com/funds/45097/,,,,,,,,,,,,,,,,,,,,,,,,,,
",INF666M01JX7,153453,1,1,1,3,1,1,1,3,1,1,1,1,4,1,1,2,0,0,0,0,0,12,High Risk,Poor",,,,,,,,,,,,,,,,,,,,,,,,,,,,,,,,,,,,,,,,,,,,,,,
Groww Nifty Total Market Index Dir,solution-oriented,Solution: Children - Debt,Direct,1.83,,,BSE 500 TRI,1.84,,,,,,,,,,,,25,https://www.valueresearchonline.com/funds/43806/,,,,,,,,,,,,,,,,,,,,,,,,,,
",INF666M01HM4,152092,1,1,1,3,1,1,1,3,2,1.5,1.5,1,6,2,2,4,0,0,0,0,0,16,Moderately High Risk,Average",,,,,,,,,,,,,,,,,,,,,,,,,,,,,,,,,,,,,,,,,,,,,,,
HDFC BSE 500 ETF,solution-oriented,Solution: Children - Debt,Direct,1.53,12.99,,BSE 500 TRI,1.84,13.36,,-0.33,1,0.85,12.63,16.82,,,,,25,https://www.valueresearchonline.com/funds/43117/,,,,,,,,,,,,,,,,,,,,,,,,,,
",INF179KC1GG9,151728,1,2,2,5,2,3,1,6,2,1.5,1.5,1,6,2,2,4,0,0,0,0,0,21,Moderate Risk,Average",,,,,,,,,,,,,,,,,,,,,,,,,,,,,,,,,,,,,,,,,,,,,,,
HDFC BSE 500 Index Dir,solution-oriented,Solution: Children - Debt,Direct,1.45,12.72,,BSE 500 TRI,1.84,13.36,,-0.57,1,0.48,15.35,13.26,,,,,25,https://www.valueresearchonline.com/funds/43477/,,,,,,,,,,,,,,,,,,,,,,,,,,
",INF179KC1GG9,151728,1,1,1,3,1,1,1,3,2,1.5,1.5,1,6,2,2,4,0,0,0,0,0,16,Moderately High Risk,Average",,,,,,,,,,,,,,,,,,,,,,,,,,,,,,,,,,,,,,,,,,,,,,,
HDFC Diversified Equity All Cap Active FoF Dir,solution-oriented,Solution: Children - Debt,Direct,,,,BSE 500 TRI,,,,,,,,,,,,,5,https://www.valueresearchonline.com/funds/45485/,,,,,,,,,,,,,,,,,,,,,,,,,,
",INF179KC1JU4,153860,1,1,1,3,1,1,1,3,1,1,1,1,4,1,1,2,0,0,0,0,0,12,High Risk,Poor",,,,,,,,,,,,,,,,,,,,,,,,,,,,,,,,,,,,,,,,,,,,,,,
HDFC Flexi Cap Dir,solution-oriented,Solution: Children - Debt,Direct,3.13,18.14,18.64,BSE 500 TRI,1.84,13.36,12.53,7.17,0.77,1.56,10.09,21.8,,,,,25,https://www.valueresearchonline.com/funds/16026/,,,,,,,,,,,,,,,,,,,,,,,,,,
",INF179K01UT0,118955,4,4,3,11,2,4,1,7,1.5,1,1,1,4.5,2,2,4,0,0,0,0,0,26.5,Moderate Risk,Average",,,,,,,,,,,,,,,,,,,,,,,,,,,,,,,,,,,,,,,,,,,,,,,
HDFC Focused Dir,solution-oriented,Solution: Children - Debt,Direct,2.09,18.01,20.33,BSE 500 TRI,1.84,13.36,12.53,7.79,0.72,1.67,9.42,21.81,,,,,25,https://www.valueresearchonline.com/funds/16021/,,,,,,,,,,,,,,,,,,,,,,,,,,
",INF179K01VK7,118950,4,4,3,11,3,4,2,9,1,1,1,1,4,2,2,4,0,0,0,0,0,28,Low Risk,Good",,,,,,,,,,,,,,,,,,,,,,,,,,,,,,,,,,,,,,,,,,,,,,,
HDFC Retirement Savings Equity Dir,solution-oriented,Solution: Children - Debt,Direct,-2.16,12.69,14.91,BSE 500 TRI,1.84,13.36,12.53,2.36,0.86,1.08,10.98,17.91,,,,,25,https://www.valueresearchonline.com/funds/31780/,,,,,,,,,,,,,,,,,,,,,,,,,,
",INF179KB1MF0,136094,3,3,3,9,2,3,1,6,1.5,1.5,1.5,1,5.5,2,2,4,0,0,0,0,0,24.5,Moderate Risk,Average",,,,,,,,,,,,,,,,,,,,,,,,,,,,,,,,,,,,,,,,,,,,,,,
Helios Flexi Cap Dir,solution-oriented,Solution: Children - Debt,Direct,10.28,,,BSE 500 TRI,1.84,,,,,,,,,,,,25,https://www.valueresearchonline.com/funds/43839/,,,,,,,,,,,,,,,,,,,,,,,,,,
",INF0R8701046,152135,1,1,1,3,1,1,1,3,1.5,1.5,1.5,1,5.5,1.5,1.5,3,0,0,0,0,0,14.5,Moderately High Risk,Average",,,,,,,,,,,,,,,,,,,,,,,,,,,,,,,,,,,,,,,,,,,,,,,
HSBC Flexi Cap Dir,solution-oriented,Solution: Children - Debt,Direct,5.38,18.24,15.4,BSE 500 TRI,1.84,13.36,12.53,1.65,1.06,0.95,14.03,19.47,,,,,25,https://www.valueresearchonline.com/funds/16320/,,,,,,,,,,,,,,,,,,,,,,,,,,
",INF336L01DH5,120046,2,2,2,6,2,4,1,7,2,2,2,1,7,1.5,2,3.5,0,0,0,0,0,23.5,Moderate Risk,Average",,,,,,,,,,,,,,,,,,,,,,,,,,,,,,,,,,,,,,,,,,,,,,,
HSBC Focused Dir,solution-oriented,Solution: Children - Debt,Direct,7.51,16.33,12.78,BSE 500 TRI,1.84,13.36,12.53,2.07,0.99,0.94,13.82,19.16,,,,,25,https://www.valueresearchonline.com/funds/41022/,,,,,,,,,,,,,,,,,,,,,,,,,,
",INF336L01PB2,148411,3,2,2,7,2,4,1,7,1,1,1,1,4,1.5,1.5,3,0,0,0,0,0,21,Moderate Risk,Average",,,,,,,,,,,,,,,,,,,,,,,,,,,,,,,,,,,,,,,,,,,,,,,
ICICI Pru BSE 500 ETF,solution-oriented,Solution: Children - Debt,Direct,1.5,12.99,12.16,BSE 500 TRI,1.84,13.36,12.53,-0.33,1,0.85,12.62,16.81,,,,,25,https://www.valueresearchonline.com/funds/36037/,,,,,,,,,,,,,,,,,,,,,,,,,,
",INF109KC1V91,149331,1,2,2,5,2,3,1,6,2,1.5,1.5,1,6,2,2,4,0,0,0,0,0,21,Moderate Risk,Average",,,,,,,,,,,,,,,,,,,,,,,,,,,,,,,,,,,,,,,,,,,,,,,
ICICI Pru BSE 500 ETF FOF Dir,solution-oriented,Solution: Children - Debt,Direct,1.09,12.7,,BSE 500 TRI,1.84,13.36,,-0.38,0.98,0.84,12.37,16.51,,,,,1,https://www.valueresearchonline.com/funds/41852/,,,,,,,,,,,,,,,,,,,,,,,,,,
",INF109KC1V91,149331,1,2,2,5,2,3,1,6,1,1,1,1,4,1,1,2,0,0,0,0,0,17,Moderately High Risk,Average",,,,,,,,,,,,,,,,,,,,,,,,,,,,,,,,,,,,,,,,,,,,,,,
ICICI Pru Diversified Equity All Cap Active FoF Dir,solution-oriented,Solution: Children - Debt,Direct,,,,BSE 500 TRI,,,,,,,,,,,,,5,https://www.valueresearchonline.com/funds/45888/,,,,,,,,,,,,,,,,,,,,,,,,,,
",INF109K1A468,154266,1,1,1,3,1,1,1,3,1,1,1,1,4,1,1,2,0,0,0,0,0,12,High Risk,Poor",,,,,,,,,,,,,,,,,,,,,,,,,,,,,,,,,,,,,,,,,,,,,,,
ICICI Pru Diversified Equity All Cap Omni FoF Dir*,solution-oriented,Solution: Children - Debt,Direct,2.98,18.41,17,BSE 500 TRI,1.84,13.36,12.53,4.64,0.89,1.25,11.58,20.62,,,,,10,https://www.valueresearchonline.com/funds/40662/,,,,,,,,,,,,,,,,,,,,,,,,,,
",INF109KC1I49,148035,4,3,3,10,2,4,1,7,1,1,1,1,4,1,1,2,0,0,0,0,0,23,Moderate Risk,Average",,,,,,,,,,,,,,,,,,,,,,,,,,,,,,,,,,,,,,,,,,,,,,,
ICICI Pru Flexicap Dir,solution-oriented,Solution: Children - Debt,Direct,7.95,16.84,,BSE 500 TRI,1.84,13.36,,3.8,0.92,1.13,12.38,20.04,,,,,25,https://www.valueresearchonline.com/funds/41525/,,,,,,,,,,,,,,,,,,,,,,,,,,
",INF109KC1R14,148990,3,3,2,8,2,4,1,7,1.5,1,1,1,4.5,1,1.5,2.5,0,0,0,0,0,22,Moderate Risk,Average",,,,,,,,,,,,,,,,,,,,,,,,,,,,,,,,,,,,,,,,,,,,,,,
ICICI Pru Focused Equity Dir,solution-oriented,Solution: Children - Debt,Direct,4.3,19.69,18.24,BSE 500 TRI,1.84,13.36,12.53,6.55,0.93,1.36,12.37,22.93,,,,,25,https://www.valueresearchonline.com/funds/17412/,,,,,,,,,,,,,,,,,,,,,,,,,,
",INF109K018N2,120722,4,3,3,10,2,4,1,7,1,1,1.5,1,4.5,2,1.5,3.5,0,0,0,0,0,25,Moderate Risk,Average",,,,,,,,,,,,,,,,,,,,,,,,,,,,,,,,,,,,,,,,,,,,,,,
ICICI Pru Nifty 500 Index Dir,solution-oriented,Solution: Children - Debt,Direct,1.57,,,BSE 500 TRI,1.84,,,,,,,,,,,,25,https://www.valueresearchonline.com/funds/44820/,,,,,,,,,,,,,,,,,,,,,,,,,,
",INF109KC16Y3,153161,1,1,1,3,1,1,1,3,2,1.5,1.5,1,6,2,1.5,3.5,0,0,0,0,0,15.5,Moderately High Risk,Average",,,,,,,,,,,,,,,,,,,,,,,,,,,,,,,,,,,,,,,,,,,,,,,
ICICI Pru Retirement Pure Equity Dir,solution-oriented,Solution: Children - Debt,Direct,11.13,23.96,23.05,BSE 500 TRI,1.84,13.36,12.53,8.34,1.07,1.42,14.12,26.22,,,,,25,https://www.valueresearchonline.com/funds/39055/,,,,,,,,,,,,,,,,,,,,,,,,,,
",INF109KC1TS2,146349,4,3,3,10,2,4,1,7,2,2,2,1.5,7.5,1,1.5,2.5,0,0,0,0,0,27,Low Risk,Good",,,,,,,,,,,,,,,,,,,,,,,,,,,,,,,,,,,,,,,,,,,,,,,
Invesco India Flexi Cap Dir,solution-oriented,Solution: Children - Debt,Direct,2.71,19.77,,BSE 500 TRI,1.84,13.36,,3.88,1.02,1.07,14.16,21.22,,,,,25,https://www.valueresearchonline.com/funds/42014/,,,,,,,,,,,,,,,,,,,,,,,,,,
",INF205KA1494,149763,3,3,2,8,2,4,1,7,1.5,1.5,1.5,1,5.5,1,1,2,0,0,0,0,0,22.5,Moderate Risk,Average",,,,,,,,,,,,,,,,,,,,,,,,,,,,,,,,,,,,,,,,,,,,,,,
Invesco India Focused Dir,solution-oriented,Solution: Children - Debt,Direct,-0.66,22.19,17.33,BSE 500 TRI,1.84,13.36,12.53,5.31,1,1.11,14.74,22.48,,,,,24,https://www.valueresearchonline.com/funds/41096/,,,,,,,,,,,,,,,,,,,,,,,,,,
",INF205KA1213,148481,4,3,3,10,2,4,1,7,1,1,1,1,4,1,1,2,0,0,0,0,0,23,Moderate Risk,Average",,,,,,,,,,,,,,,,,,,,,,,,,,,,,,,,,,,,,,,,,,,,,,,
ITI Flexi Cap Dir,solution-oriented,Solution: Children - Debt,Direct,9.51,20.27,,BSE 500 TRI,1.84,13.36,,4.84,1.09,1.15,14.65,22.95,,,,,25,https://www.valueresearchonline.com/funds/43120/,,,,,,,,,,,,,,,,,,,,,,,,,,
",INF00XX01CO7,151379,4,3,2,9,2,4,1,7,1.5,1.5,2,1,6,1.5,1.5,3,0,0,0,0,0,25,Moderate Risk,Average",,,,,,,,,,,,,,,,,,,,,,,,,,,,,,,,,,,,,,,,,,,,,,,
ITI Focused Dir,solution-oriented,Solution: Children - Debt,Direct,10.54,,,BSE 500 TRI,1.84,,,,,,,,,,,,25,https://www.valueresearchonline.com/funds/43534/,,,,,,,,,,,,,,,,,,,,,,,,,,
",INF00XX01CS8,151777,1,1,1,3,1,1,1,3,1,1,1.5,1,4.5,1.5,1.5,3,0,0,0,0,0,13.5,Moderately High Risk,Average",,,,,,,,,,,,,,,,,,,,,,,,,,,,,,,,,,,,,,,,,,,,,,,
JioBlackRock Flexi Cap Dir,solution-oriented,Solution: Children - Debt,Direct,,,,BSE 500 TRI,,,,,,,,,,,,,25,https://www.valueresearchonline.com/funds/45482/,,,,,,,,,,,,,,,,,,,,,,,,,,
",INF22M001093,153859,1,1,1,3,1,1,1,3,2,1,1,1,5,2,1,3,0,0,0,0,0,14,Moderately High Risk,Average",,,,,,,,,,,,,,,,,,,,,,,,,,,,,,,,,,,,,,,,,,,,,,,
JM Flexicap Dir,solution-oriented,Solution: Children - Debt,Direct,1.39,17.68,17.96,BSE 500 TRI,1.84,13.36,12.53,3.34,1.05,1.02,14.75,21.08,,,,,25,https://www.valueresearchonline.com/funds/16547/,,,,,,,,,,,,,,,,,,,,,,,,,,
",INF192K01CC7,120492,3,3,2,8,2,4,1,7,1.5,1.5,2,1,6,2,2,4,0,0,0,0,0,25,Moderate Risk,Average",,,,,,,,,,,,,,,,,,,,,,,,,,,,,,,,,,,,,,,,,,,,,,,
JM Focused Dir,solution-oriented,Solution: Children - Debt,Direct,3.62,15.59,15,BSE 500 TRI,1.84,13.36,12.53,1.34,1.01,0.89,14.08,18.57,,,,,25,https://www.valueresearchonline.com/funds/16539/,,,,,,,,,,,,,,,,,,,,,,,,,,
",INF192K01BW7,120488,2,2,2,6,2,4,1,7,1,1,1.5,1,4.5,1,1.5,2.5,0,0,0,0,0,20,Moderate Risk,Average",,,,,,,,,,,,,,,,,,,,,,,,,,,,,,,,,,,,,,,,,,,,,,,
Kotak Flexicap Dir,solution-oriented,Solution: Children - Debt,Direct,1.75,14.65,13.16,BSE 500 TRI,1.84,13.36,12.53,2.3,0.92,1.03,12.07,18.55,,,,,25,https://www.valueresearchonline.com/funds/17140/,,,,,,,,,,,,,,,,,,,,,,,,,,
",INF174K01LS2,120166,3,3,2,8,2,4,1,7,1.5,1.5,1.5,1,5.5,1.5,2,3.5,0,0,0,0,0,24,Moderate Risk,Average",,,,,,,,,,,,,,,,,,,,,,,,,,,,,,,,,,,,,,,,,,,,,,,
Kotak Focused Dir,solution-oriented,Solution: Children - Debt,Direct,10.65,17.1,14.82,BSE 500 TRI,1.84,13.36,12.53,3.3,0.9,1.14,11.61,19.31,,,,,25,https://www.valueresearchonline.com/funds/40098/,,,,,,,,,,,,,,,,,,,,,,,,,,
",INF174KA1EN7,147473,3,3,3,9,2,4,1,7,1,1,1.5,1,4.5,1.5,1.5,3,0,0,0,0,0,23.5,Moderate Risk,Average",,,,,,,,,,,,,,,,,,,,,,,,,,,,,,,,,,,,,,,,,,,,,,,
Kotak Nifty500 Momentum 50 Index Dir,solution-oriented,Solution: Children - Debt,Direct,,,,BSE 500 TRI,,,,,,,,,,,,,25,https://www.valueresearchonline.com/funds/45646/,,,,,,,,,,,,,,,,,,,,,,,,,,
",INF174KA1YC8,154032,1,1,1,3,1,1,1,3,1.5,1.5,1.5,1,5.5,1.5,1.5,3,0,0,0,0,0,14.5,Moderately High Risk,Average",,,,,,,,,,,,,,,,,,,,,,,,,,,,,,,,,,,,,,,,,,,,,,,
Kotak Nifty Alpha 50 ETF,solution-oriented,Solution: Children - Debt,Direct,3.17,19.87,,BSE 500 TRI,1.84,13.36,,3.16,1.43,0.92,20.71,25.08,,,,,25,https://www.valueresearchonline.com/funds/41896/,,,,,,,,,,,,,,,,,,,,,,,,,,
",INF174KA1IA5,149397,3,2,2,7,1,4,1,6,1.5,1.5,1.5,1,5.5,1.5,1.5,3,0,0,0,0,0,21.5,Moderate Risk,Average",,,,,,,,,,,,,,,,,,,,,,,,,,,,,,,,,,,,,,,,,,,,,,,
Kotak Nifty Alpha 50 Index Dir,solution-oriented,Solution: Children - Debt,Direct,,,,BSE 500 TRI,,,,,,,,,,,,,25,https://www.valueresearchonline.com/funds/45402/,,,,,,,,,,,,,,,,,,,,,,,,,,
",INF174KA1XG1,153781,1,1,1,3,1,1,1,3,1.5,1.5,1.5,1,5.5,1.5,1,2.5,0,0,0,0,0,14,Moderately High Risk,Average",,,,,,,,,,,,,,,,,,,,,,,,,,,,,,,,,,,,,,,,,,,,,,,
LIC MF Children's Dir,solution-oriented,Solution: Children - Debt,Direct,3.88,10.54,9.23,BSE 500 TRI,1.84,13.36,12.53,-3.99,0.93,0.48,12.94,12.35,,,,,25,https://www.valueresearchonline.com/funds/17648/,,,,,,,,,,,,,,,,,,,,,,,,,,
",INF767K01FB1,120285,1,1,2,4,2,3,1,6,1.5,2,2,1.5,7,1.5,1.5,3,0,0,0,0,0,20,Moderate Risk,Average",,,,,,,,,,,,,,,,,,,,,,,,,,,,,,,,,,,,,,,,,,,,,,,
LIC MF Flexi Cap Dir,solution-oriented,Solution: Children - Debt,Direct,7.45,12.59,11.95,BSE 500 TRI,1.84,13.36,12.53,-1.96,1.03,0.67,13.96,15.47,,,,,25,https://www.valueresearchonline.com/funds/16756/,,,,,,,,,,,,,,,,,,,,,,,,,,
",INF767K01EG3,120264,1,2,2,5,2,3,1,6,1.5,1.5,2,1,6,1.5,1.5,3,0,0,0,0,0,20,Moderate Risk,Average",,,,,,,,,,,,,,,,,,,,,,,,,,,,,,,,,,,,,,,,,,,,,,,
LIC MF Focused Dir,solution-oriented,Solution: Children - Debt,Direct,-1.25,10.5,10.81,BSE 500 TRI,1.84,13.36,12.53,-4.56,0.99,0.47,13.41,12.44,,,,,25,https://www.valueresearchonline.com/funds/34738/,,,,,,,,,,,,,,,,,,,,,,,,,,
",INF397L01KA7,152010,1,1,2,4,2,3,1,6,1,1,1,1,4,2,1.5,3.5,0,0,0,0,0,17.5,Moderately High Risk,Average",,,,,,,,,,,,,,,,,,,,,,,,,,,,,,,,,,,,,,,,,,,,,,,
Mahindra Manulife Flexi Cap Dir,solution-oriented,Solution: Children - Debt,Direct,0.03,13.28,,BSE 500 TRI,1.84,13.36,,1.58,0.94,0.99,12.06,18.03,,,,,25,https://www.valueresearchonline.com/funds/41633/,,,,,,,,,,,,,,,,,,,,,,,,,,
",INF174V01AS2,149104,2,2,2,6,2,4,1,7,1.5,1.5,1.5,1,5.5,1.5,2,3.5,0,0,0,0,0,22,Moderate Risk,Average",,,,,,,,,,,,,,,,,,,,,,,,,,,,,,,,,,,,,,,,,,,,,,,
Mahindra Manulife Focused Dir,solution-oriented,Solution: Children - Debt,Direct,4.3,18.77,17.35,BSE 500 TRI,1.84,13.36,12.53,4.85,0.92,1.21,12.38,21.12,,,,,25,https://www.valueresearchonline.com/funds/41169/,,,,,,,,,,,,,,,,,,,,,,,,,,
",INF174V01AG7,148567,4,3,3,10,2,4,1,7,1,1,1.5,1,4.5,2,2,4,0,0,0,0,0,25.5,Moderate Risk,Average",,,,,,,,,,,,,,,,,,,,,,,,,,,,,,,,,,,,,,,,,,,,,,,
Mirae Asset Flexi Cap Dir,solution-oriented,Solution: Children - Debt,Direct,4.57,15.16,,BSE 500 TRI,1.84,13.36,,1.66,0.94,1,12.07,18.13,,,,,25,https://www.valueresearchonline.com/funds/43134/,,,,,,,,,,,,,,,,,,,,,,,,,,
",INF769K01JJ2,151412,2,3,2,7,2,4,1,7,2,1.5,1.5,1,6,2,1.5,3.5,0,0,0,0,0,23.5,Moderate Risk,Average",,,,,,,,,,,,,,,,,,,,,,,,,,,,,,,,,,,,,,,,,,,,,,,
Mirae Asset Focused Dir,solution-oriented,Solution: Children - Debt,Direct,-5.17,8.24,8.45,BSE 500 TRI,1.84,13.36,12.53,-4.52,0.87,0.42,12.19,11.2,,,,,25,https://www.valueresearchonline.com/funds/39823/,,,,,,,,,,,,,,,,,,,,,,,,,,
",INF769K01EU0,147206,1,1,2,4,2,2,1,5,1,1,1,1,4,1.5,1.5,3,0,0,0,0,0,16,Moderately High Risk,Average",,,,,,,,,,,,,,,,,,,,,,,,,,,,,,,,,,,,,,,,,,,,,,,
Mirae Asset Nifty Total Market Index Dir,solution-oriented,Solution: Children - Debt,Direct,2.02,,,BSE 500 TRI,1.84,,,,,,,,,,,,25,https://www.valueresearchonline.com/funds/44601/,,,,,,,,,,,,,,,,,,,,,,,,,,
",INF769K01MD9,152968,1,1,1,3,1,1,1,3,2,1.5,1.5,1,6,2,2,4,0,0,0,0,0,16,Moderately High Risk,Average",,,,,,,,,,,,,,,,,,,,,,,,,,,,,,,,,,,,,,,,,,,,,,,
Motilal Oswal BSE 1000 Index Dir,solution-oriented,Solution: Children - Debt,Direct,,,,BSE 500 TRI,,,,,,,,,,,,,25,https://www.valueresearchonline.com/funds/45219/,,,,,,,,,,,,,,,,,,,,,,,,,,
",INF247L01FM9,153596,1,1,1,3,1,1,1,3,1,1.5,1.5,1,5,2,2,4,0,0,0,0,0,15,Moderately High Risk,Average",,,,,,,,,,,,,,,,,,,,,,,,,,,,,,,,,,,,,,,,,,,,,,,
Motilal Oswal Diversified Equity Flexicap Passive FoF Dir,solution-oriented,Solution: Children - Debt,Direct,,,,BSE 500 TRI,,,,,,,,,,,,,3,https://www.valueresearchonline.com/funds/45729/,,,,,,,,,,,,,,,,,,,,,,,,,,
",INF247L01GL9,154112,1,1,1,3,1,1,1,3,1,1,1,1,4,1,1,2,0,0,0,0,0,12,High Risk,Poor",,,,,,,,,,,,,,,,,,,,,,,,,,,,,,,,,,,,,,,,,,,,,,,
Motilal Oswal Flexi Cap Dir,solution-oriented,Solution: Children - Debt,Direct,-2.74,19.11,13.11,BSE 500 TRI,1.84,13.36,12.53,3.85,1.03,0.95,15.93,21.31,,,,,25,https://www.valueresearchonline.com/funds/26125/,,,,,,,,,,,,,,,,,,,,,,,,,,
",INF247L01502,129046,3,2,2,7,1,4,1,6,1,1,1,1,4,1,1.5,2.5,0,0,0,0,0,19.5,Moderately High Risk,Average",,,,,,,,,,,,,,,,,,,,,,,,,,,,,,,,,,,,,,,,,,,,,,,
Motilal Oswal Focused Dir,solution-oriented,Solution: Children - Debt,Direct,13.74,11.72,10.19,BSE 500 TRI,1.84,13.36,12.53,-5.76,1.15,0.4,17.17,13.03,,,,,25,https://www.valueresearchonline.com/funds/19514/,,,,,,,,,,,,,,,,,,,,,,,,,,
",INF247L01189,122389,1,1,2,4,1,3,1,5,1,1.5,1.5,1,5,1,1.5,2.5,0,0,0,0,0,16.5,Moderately High Risk,Average",,,,,,,,,,,,,,,,,,,,,,,,,,,,,,,,,,,,,,,,,,,,,,,
Motilal Oswal Nifty 500 ETF,solution-oriented,Solution: Children - Debt,Direct,1.99,,,BSE 500 TRI,1.84,,,,,,,,,,,,25,https://www.valueresearchonline.com/funds/43812/,,,,,,,,,,,,,,,,,,,,,,,,,,
",INF247L01DL6,152875,1,1,1,3,1,1,1,3,2,1.5,1.5,1,6,2,2,4,0,0,0,0,0,16,Moderately High Risk,Average",,,,,,,,,,,,,,,,,,,,,,,,,,,,,,,,,,,,,,,,,,,,,,,
Motilal Oswal Nifty 500 Index Dir,solution-oriented,Solution: Children - Debt,Direct,2.07,13.47,12.35,BSE 500 TRI,1.84,13.36,12.53,-0.03,1,0.87,12.64,17.13,,,,,25,https://www.valueresearchonline.com/funds/40240/,,,,,,,,,,,,,,,,,,,,,,,,,,
",INF247L01AE7,147794,1,2,2,5,2,3,1,6,2,1.5,1.5,1,6,2,1.5,3.5,0,0,0,0,0,20.5,Moderate Risk,Average",,,,,,,,,,,,,,,,,,,,,,,,,,,,,,,,,,,,,,,,,,,,,,,
Motilal Oswal Nifty 500 Momentum 50 ETF,solution-oriented,Solution: Children - Debt,Direct,-0.12,,,BSE 500 TRI,1.84,,,,,,,,,,,,25,https://www.valueresearchonline.com/funds/44555/,,,,,,,,,,,,,,,,,,,,,,,,,,
",INF247L01DL6,152875,1,1,1,3,1,1,1,3,1.5,1,1.5,1,5,1.5,1.5,3,0,0,0,0,0,14,Moderately High Risk,Average",,,,,,,,,,,,,,,,,,,,,,,,,,,,,,,,,,,,,,,,,,,,,,,
Motilal Oswal Nifty 500 Momentum 50 Index Dir,solution-oriented,Solution: Children - Debt,Direct,0.13,,,BSE 500 TRI,1.84,,,,,,,,,,,,25,https://www.valueresearchonline.com/funds/44554/,,,,,,,,,,,,,,,,,,,,,,,,,,
",INF247L01DL6,152875,1,1,1,3,1,1,1,3,1.5,1,1.5,1,5,1.5,1.5,3,0,0,0,0,0,14,Moderately High Risk,Average",,,,,,,,,,,,,,,,,,,,,,,,,,,,,,,,,,,,,,,,,,,,,,,
Motilal Oswal Nifty Alpha 50 ETF,solution-oriented,Solution: Children - Debt,Direct,,,,BSE 500 TRI,,,,,,,,,,,,,25,https://www.valueresearchonline.com/funds/45363/,,,,,,,,,,,,,,,,,,,,,,,,,,
",INF247L01BT3,152090,1,1,1,3,1,1,1,3,1.5,1.5,1.5,1,5.5,1.5,1.5,3,0,0,0,0,0,14.5,Moderately High Risk,Average",,,,,,,,,,,,,,,,,,,,,,,,,,,,,,,,,,,,,,,,,,,,,,,
Navi Flexi Cap Dir,solution-oriented,Solution: Children - Debt,Direct,11.74,13.92,13.71,BSE 500 TRI,1.84,13.36,12.53,-0.74,0.96,0.77,12.75,15.93,,,,,25,https://www.valueresearchonline.com/funds/36686/,,,,,,,,,,,,,,,,,,,,,,,,,,
",INF959L01DT9,143793,1,2,2,5,2,3,1,6,1.5,1.5,2,1,6,2,1.5,3.5,0,0,0,0,0,20.5,Moderate Risk,Average",,,,,,,,,,,,,,,,,,,,,,,,,,,,,,,,,,,,,,,,,,,,,,,
Nippon India Diversified Equity Flexicap Passive FoF Dir,solution-oriented,Solution: Children - Debt,Direct,0.77,12.89,11.99,BSE 500 TRI,1.84,13.36,12.53,-0.47,1,0.83,12.78,16.74,,,,,3,https://www.valueresearchonline.com/funds/41241/,,,,,,,,,,,,,,,,,,,,,,,,,,
",INF204KB16X6,148642,1,2,2,5,2,3,1,6,1,1,1,1,4,1,1,2,0,0,0,0,0,17,Moderately High Risk,Average",,,,,,,,,,,,,,,,,,,,,,,,,,,,,,,,,,,,,,,,,,,,,,,
Nippon India Flexi Cap Dir,solution-oriented,Solution: Children - Debt,Direct,2.04,14.38,,BSE 500 TRI,1.84,13.36,,0.66,0.98,0.9,12.78,17.57,,,,,25,https://www.valueresearchonline.com/funds/41616/,,,,,,,,,,,,,,,,,,,,,,,,,,
",INF204KC1121,149094,2,2,2,6,2,3,1,6,2,1.5,1.5,1,6,1.5,1.5,3,0,0,0,0,0,21,Moderate Risk,Average",,,,,,,,,,,,,,,,,,,,,,,,,,,,,,,,,,,,,,,,,,,,,,,
Nippon India Focused Dir,solution-oriented,Solution: Children - Debt,Direct,3.26,13.63,13.23,BSE 500 TRI,1.84,13.36,12.53,0.56,0.9,0.87,12.01,16.56,,,,,25,https://www.valueresearchonline.com/funds/16129/,,,,,,,,,,,,,,,,,,,,,,,,,,
",INF204K01F95,118692,2,2,3,7,2,3,1,6,1,1,1,1,4,1.5,2,3.5,0,0,0,0,0,20.5,Moderate Risk,Average",,,,,,,,,,,,,,,,,,,,,,,,,,,,,,,,,,,,,,,,,,,,,,,
Nippon India Nifty 500 Low Volatility 50 Index Dir,solution-oriented,Solution: Children - Debt,Direct,2.72,,,BSE 500 TRI,1.84,,,,,,,,,,,,25,https://www.valueresearchonline.com/funds/45109/,,,,,,,,,,,,,,,,,,,,,,,,,,
",INF204KC1EQ2,153474,1,1,1,3,1,1,1,3,1.5,1.5,1.5,1,5.5,2,1.5,3.5,0,0,0,0,0,15,Moderately High Risk,Average",,,,,,,,,,,,,,,,,,,,,,,,,,,,,,,,,,,,,,,,,,,,,,,
Nippon India Nifty 500 Momentum 50 Index Dir,solution-oriented,Solution: Children - Debt,Direct,0.23,,,BSE 500 TRI,1.84,,,,,,,,,,,,25,https://www.valueresearchonline.com/funds/44558/,,,,,,,,,,,,,,,,,,,,,,,,,,
",INF204KC1DG5,152881,1,1,1,3,1,1,1,3,1.5,1,1.5,1,5,1.5,1.5,3,0,0,0,0,0,14,Moderately High Risk,Average",,,,,,,,,,,,,,,,,,,,,,,,,,,,,,,,,,,,,,,,,,,,,,,
Nippon India Nifty 500 Quality 50 Index Dir,solution-oriented,Solution: Children - Debt,Direct,1.61,,,BSE 500 TRI,1.84,,,,,,,,,,,,25,https://www.valueresearchonline.com/funds/45105/,,,,,,,,,,,,,,,,,,,,,,,,,,
",INF204KC1EW0,153470,1,1,1,3,1,1,1,3,1,1.5,1.5,1,5,1.5,1,2.5,0,0,0,0,0,13.5,Moderately High Risk,Average",,,,,,,,,,,,,,,,,,,,,,,,,,,,,,,,,,,,,,,,,,,,,,,
Nippon India Retirement Wealth Creation Dir,solution-oriented,Solution: Children - Debt,Direct,2.34,14.79,13.98,BSE 500 TRI,1.84,13.36,12.53,1.92,0.97,1,12.62,18.72,,,,,25,https://www.valueresearchonline.com/funds/29291/,,,,,,,,,,,,,,,,,,,,,,,,,,
",INF204KA1B72,133568,2,3,2,7,2,4,1,7,1.5,1.5,1.5,1,5.5,1.5,1.5,3,0,0,0,0,0,22.5,Moderate Risk,Average",,,,,,,,,,,,,,,,,,,,,,,,,,,,,,,,,,,,,,,,,,,,,,,
NJ Flexi Cap Dir,solution-oriented,Solution: Children - Debt,Direct,-2.49,,,BSE 500 TRI,1.84,,,,,,,,,,,,25,https://www.valueresearchonline.com/funds/43714/,,,,,,,,,,,,,,,,,,,,,,,,,,
",INF0J8L01156,151917,1,1,1,3,1,1,1,3,1.5,1.5,1.5,1,5.5,1.5,1.5,3,0,0,0,0,0,14.5,Moderately High Risk,Average",,,,,,,,,,,,,,,,,,,,,,,,,,,,,,,,,,,,,,,,,,,,,,,
Old Bridge Flexi Cap Dir,solution-oriented,Solution: Children - Debt,Direct,,,,BSE 500 TRI,,,,,,,,,,,,,25,https://www.valueresearchonline.com/funds/45846/,,,,,,,,,,,,,,,,,,,,,,,,,,
",INF0S5R01133,154225,1,1,1,3,1,1,1,3,1,1,1,1,4,1,1,2,0,0,0,0,0,12,High Risk,Poor",,,,,,,,,,,,,,,,,,,,,,,,,,,,,,,,,,,,,,,,,,,,,,,
Old Bridge Focused Dir,solution-oriented,Solution: Children - Debt,Direct,10.22,,,BSE 500 TRI,1.84,,,,,,,,,,,,24,https://www.valueresearchonline.com/funds/44038/,,,,,,,,,,,,,,,,,,,,,,,,,,
",INF0S5R01042,152358,1,1,1,3,1,1,1,3,1,1,1,1,4,3,2,5,0,0,0,0,0,15,Moderately High Risk,Average",,,,,,,,,,,,,,,,,,,,,,,,,,,,,,,,,,,,,,,,,,,,,,,
Parag Parikh Flexi Cap Dir,solution-oriented,Solution: Children - Debt,Direct,-0.52,15.29,15.3,BSE 500 TRI,1.84,13.36,12.53,6.76,0.6,1.58,8.46,19.51,,,,,25,https://www.valueresearchonline.com/funds/19701/,,,,,,,,,,,,,,,,,,,,,,,,,,
",INF879O01027,122639,4,4,3,11,3,4,2,9,2,1,1.5,1,5.5,3,2,5,0,0,0,0,0,30.5,Low Risk,Good",,,,,,,,,,,,,,,,,,,,,,,,,,,,,,,,,,,,,,,,,,,,,,,
PGIM India Flexi Cap Dir,solution-oriented,Solution: Children - Debt,Direct,2.54,11.5,11.07,BSE 500 TRI,1.84,13.36,12.53,-1.55,0.91,0.7,12.28,14.66,,,,,25,https://www.valueresearchonline.com/funds/29473/,,,,,,,,,,,,,,,,,,,,,,,,,,
",INF663L01FF1,133839,1,2,2,5,2,3,1,6,1.5,1.5,1.5,1,5.5,1.5,1.5,3,0,0,0,0,0,19.5,Moderately High Risk,Average",,,,,,,,,,,,,,,,,,,,,,,,,,,,,,,,,,,,,,,,,,,,,,,
Quant Flexi Cap Dir,solution-oriented,Solution: Children - Debt,Direct,14.58,19.82,17.91,BSE 500 TRI,1.84,13.36,12.53,0.31,1.18,0.82,16.36,19.49,,,,,25,https://www.valueresearchonline.com/funds/17377/,,,,,,,,,,,,,,,,,,,,,,,,,,
",INF966L01911,120843,2,2,2,6,1,4,1,6,1,1,1,1,4,1.5,2,3.5,0,0,0,0,0,19.5,Moderately High Risk,Average",,,,,,,,,,,,,,,,,,,,,,,,,,,,,,,,,,,,,,,,,,,,,,,
Quantum Diversified Equity All Cap Active FoF Dir*,solution-oriented,Solution: Children - Debt,Direct,1.51,13.37,12,BSE 500 TRI,1.84,13.36,12.53,0.91,0.91,0.94,11.65,17.09,,,,,7,https://www.valueresearchonline.com/funds/10550/,,,,,,,,,,,,,,,,,,,,,,,,,,
",INF082J01093,112039,2,2,2,6,2,3,1,6,1,1,1,1,4,1,1,2,0,0,0,0,0,18,Moderately High Risk,Average",,,,,,,,,,,,,,,,,,,,,,,,,,,,,,,,,,,,,,,,,,,,,,,
Samco Flexi Cap Dir,solution-oriented,Solution: Children - Debt,Direct,-6.09,1.31,,BSE 500 TRI,1.84,13.36,,-12.86,1.15,-0.01,17.74,5.89,,,,,25,https://www.valueresearchonline.com/funds/41935/,,,,,,,,,,,,,,,,,,,,,,,,,,
",INF0K1H01024,149450,1,1,1,3,1,1,1,3,1,1,1.5,1,4.5,1.5,1,2.5,0,0,0,0,0,13,Moderately High Risk,Average",,,,,,,,,,,,,,,,,,,,,,,,,,,,,,,,,,,,,,,,,,,,,,,
SBI Flexicap Dir,solution-oriented,Solution: Children - Debt,Direct,1.19,10.31,10.52,BSE 500 TRI,1.84,13.36,12.53,-0.57,0.85,0.8,11.01,14.91,,,,,25,https://www.valueresearchonline.com/funds/17514/,,,,,,,,,,,,,,,,,,,,,,,,,,
",INF200K01UG1,119718,1,2,2,5,2,3,1,6,1.5,1.5,1.5,1,5.5,2,2,4,0,0,0,0,0,20.5,Moderate Risk,Average",,,,,,,,,,,,,,,,,,,,,,,,,,,,,,,,,,,,,,,,,,,,,,,
SBI Focused Dir,solution-oriented,Solution: Children - Debt,Direct,12.09,17.43,14.1,BSE 500 TRI,1.84,13.36,12.53,5.47,0.71,1.31,10.14,19.42,,,,,24,https://www.valueresearchonline.com/funds/16324/,,,,,,,,,,,,,,,,,,,,,,,,,,
",INF200K01RJ1,119727,4,3,3,10,2,4,2,8,1,1.5,1.5,1,5,1.5,1.5,3,0,0,0,0,0,26,Moderate Risk,Average",,,,,,,,,,,,,,,,,,,,,,,,,,,,,,,,,,,,,,,,,,,,,,,
SBI Nifty 500 Index Dir,solution-oriented,Solution: Children - Debt,Direct,1.81,,,BSE 500 TRI,1.84,,,,,,,,,,,,25,https://www.valueresearchonline.com/funds/44567/,,,,,,,,,,,,,,,,,,,,,,,,,,
",INF200KB1381,152908,1,1,1,3,1,1,1,3,2,1.5,1.5,1,6,2,1.5,3.5,0,0,0,0,0,15.5,Moderately High Risk,Average",,,,,,,,,,,,,,,,,,,,,,,,,,,,,,,,,,,,,,,,,,,,,,,
SBI Retirement Benefit Aggressive Dir,solution-oriented,Solution: Children - Debt,Direct,1.13,10.62,13.81,BSE 500 TRI,1.84,13.36,12.53,-1.74,0.91,0.7,11.84,14.37,,,,,25,https://www.valueresearchonline.com/funds/41271/,,,,,,,,,,,,,,,,,,,,,,,,,,
",INF200KA1S97,148685,1,2,2,5,2,3,1,6,1.5,1.5,1.5,1,5.5,1.5,1.5,3,0,0,0,0,0,19.5,Moderately High Risk,Average",,,,,,,,,,,,,,,,,,,,,,,,,,,,,,,,,,,,,,,,,,,,,,,
Shriram Flexi Cap Dir,solution-oriented,Solution: Children - Debt,Direct,1.3,10.25,10.37,BSE 500 TRI,1.84,13.36,12.53,-3.96,1.05,0.51,14.96,13.69,,,,,25,https://www.valueresearchonline.com/funds/37581/,,,,,,,,,,,,,,,,,,,,,,,,,,
",INF680P01109,144905,1,2,2,5,2,3,1,6,1.5,1.5,1.5,1,5.5,2,2,4,0,0,0,0,0,20.5,Moderate Risk,Average",,,,,,,,,,,,,,,,,,,,,,,,,,,,,,,,,,,,,,,,,,,,,,,
Sundaram Flexi Cap Dir,solution-oriented,Solution: Children - Debt,Direct,-0.07,11.99,,BSE 500 TRI,1.84,13.36,,0.91,0.87,0.92,11.4,16.63,,,,,25,https://www.valueresearchonline.com/funds/42504/,,,,,,,,,,,,,,,,,,,,,,,,,,
",INF903JA1LE2,150571,2,2,2,6,2,3,1,6,1.5,1.5,1.5,1,5.5,2,2,4,0,0,0,0,0,21.5,Moderate Risk,Average",,,,,,,,,,,,,,,,,,,,,,,,,,,,,,,,,,,,,,,,,,,,,,,
Sundaram Focused Dir,solution-oriented,Solution: Children - Debt,Direct,2.53,11.77,11.46,BSE 500 TRI,1.84,13.36,12.53,0.16,0.82,0.84,10.97,15.33,,,,,25,https://www.valueresearchonline.com/funds/16614/,,,,,,,,,,,,,,,,,,,,,,,,,,
",INF173K01EK6,149533,2,2,2,6,2,3,1,6,1,1,1,1,4,1.5,1.5,3,0,0,0,0,0,19,Moderately High Risk,Average",,,,,,,,,,,,,,,,,,,,,,,,,,,,,,,,,,,,,,,,,,,,,,,
Tata Children's Dir,solution-oriented,Solution: Children - Debt,Direct,-7.16,8.16,9.57,BSE 500 TRI,1.84,13.36,12.53,-3.5,0.95,0.56,12.43,13.08,,,,,25,https://www.valueresearchonline.com/funds/16957/,,,,,,,,,,,,,,,,,,,,,,,,,,
",INF277K01QW4,119312,1,2,2,5,2,3,1,6,1.5,1.5,1.5,1,5.5,2,2,4,0,0,0,0,0,20.5,Moderate Risk,Average",,,,,,,,,,,,,,,,,,,,,,,,,,,,,,,,,,,,,,,,,,,,,,,
Tata Flexi Cap Dir,solution-oriented,Solution: Children - Debt,Direct,-1.1,13.35,11.78,BSE 500 TRI,1.84,13.36,12.53,2.76,0.83,1.08,11.04,18,,,,,25,https://www.valueresearchonline.com/funds/37437/,,,,,,,,,,,,,,,,,,,,,,,,,,
",INF277K015K0,144546,3,3,3,9,2,4,1,7,1.5,1.5,1.5,1,5.5,2,2,4,0,0,0,0,0,25.5,Moderate Risk,Average",,,,,,,,,,,,,,,,,,,,,,,,,,,,,,,,,,,,,,,,,,,,,,,
Tata Focused Dir,solution-oriented,Solution: Children - Debt,Direct,1.93,13.63,13.29,BSE 500 TRI,1.84,13.36,12.53,1.12,0.9,0.92,12.06,17.21,,,,,25,https://www.valueresearchonline.com/funds/40405/,,,,,,,,,,,,,,,,,,,,,,,,,,
",INF277K017X9,147757,2,2,2,6,2,3,1,6,1,1,1.5,1,4.5,2,2,4,0,0,0,0,0,20.5,Moderate Risk,Average",,,,,,,,,,,,,,,,,,,,,,,,,,,,,,,,,,,,,,,,,,,,,,,
Tata Retirement Savings Progressive Dir,solution-oriented,Solution: Children - Debt,Direct,3.68,15.71,12.81,BSE 500 TRI,1.84,13.36,12.53,-0.18,0.98,0.8,13.29,16.78,,,,,25,https://www.valueresearchonline.com/funds/17020/,,,,,,,,,,,,,,,,,,,,,,,,,,
",INF277K01QO1,119251,1,2,2,5,2,3,1,6,1,1.5,1.5,1,5,1.5,1.5,3,0,0,0,0,0,19,Moderately High Risk,Average",,,,,,,,,,,,,,,,,,,,,,,,,,,,,,,,,,,,,,,,,,,,,,,
Taurus Flexi Cap Dir,solution-oriented,Solution: Children - Debt,Direct,-0.41,12.4,10.46,BSE 500 TRI,1.84,13.36,12.53,-0.97,0.98,0.75,13.06,15.94,,,,,25,https://www.valueresearchonline.com/funds/16705/,,,,,,,,,,,,,,,,,,,,,,,,,,
",INF044D01BU9,118883,1,2,2,5,2,3,1,6,1,1,1,1,4,2,2,4,0,0,0,0,0,19,Moderately High Risk,Average",,,,,,,,,,,,,,,,,,,,,,,,,,,,,,,,,,,,,,,,,,,,,,,
The Wealth Company Flexi Cap Dir,solution-oriented,Solution: Children - Debt,Direct,,,,BSE 500 TRI,,,,,,,,,,,,,25,https://www.valueresearchonline.com/funds/45499/,,,,,,,,,,,,,,,,,,,,,,,,,,
",INF2F0001040,153872,1,1,1,3,1,1,1,3,1,1.5,1.5,1,5,2,1.5,3.5,0,0,0,0,0,14.5,Moderately High Risk,Average",,,,,,,,,,,,,,,,,,,,,,,,,,,,,,,,,,,,,,,,,,,,,,,
TRUST MF Flexi Cap Dir,solution-oriented,Solution: Children - Debt,Direct,3.89,,,BSE 500 TRI,1.84,,,,,,,,,,,,25,https://www.valueresearchonline.com/funds/44271/,,,,,,,,,,,,,,,,,,,,,,,,,,
",INF0GCD01743,152584,1,1,1,3,1,1,1,3,1.5,1.5,1.5,1,5.5,1.5,1.5,3,0,0,0,0,0,14.5,Moderately High Risk,Average",,,,,,,,,,,,,,,,,,,,,,,,,,,,,,,,,,,,,,,,,,,,,,,
Unifi Flexi Cap Dir,solution-oriented,Solution: Children - Debt,Direct,4.78,,,BSE 500 TRI,1.84,,,,,,,,,,,,25,https://www.valueresearchonline.com/funds/45189/,,,,,,,,,,,,,,,,,,,,,,,,,,
",INF1MIY01031,153543,1,1,1,3,1,1,1,3,1.5,1.5,1.5,1,5.5,2,2,4,0,0,0,0,0,15.5,Moderately High Risk,Average",,,,,,,,,,,,,,,,,,,,,,,,,,,,,,,,,,,,,,,,,,,,,,,
Union Children's Dir,solution-oriented,Solution: Children - Debt,Direct,4.66,,,BSE 500 TRI,1.84,,,,,,,,,,,,25,https://www.valueresearchonline.com/funds/43924/,,,,,,,,,,,,,,,,,,,,,,,,,,
",INF582M01JK3,152219,1,1,1,3,1,1,1,3,1.5,2,2,1,6.5,1.5,1.5,3,0,0,0,0,0,15.5,Moderately High Risk,Average",,,,,,,,,,,,,,,,,,,,,,,,,,,,,,,,,,,,,,,,,,,,,,,
Union Diversified Equity All Cap Active FoF Dir,solution-oriented,Solution: Children - Debt,Direct,,,,BSE 500 TRI,,,,,,,,,,,,,5,https://www.valueresearchonline.com/funds/45473/,,,,,,,,,,,,,,,,,,,,,,,,,,
",INF582M01LZ7,153824,1,1,1,3,1,1,1,3,1,1,1,1,4,1,1,2,0,0,0,0,0,12,High Risk,Poor",,,,,,,,,,,,,,,,,,,,,,,,,,,,,,,,,,,,,,,,,,,,,,,
Union Flexi Cap Dir,solution-oriented,Solution: Children - Debt,Direct,2.08,13.4,12.84,BSE 500 TRI,1.84,13.36,12.53,0.65,0.92,0.89,12.18,16.97,,,,,25,https://www.valueresearchonline.com/funds/16412/,,,,,,,,,,,,,,,,,,,,,,,,,,
",INF582M01633,119292,2,2,2,6,2,3,1,6,1.5,1.5,1.5,1,5.5,1.5,1.5,3,0,0,0,0,0,20.5,Moderate Risk,Average",,,,,,,,,,,,,,,,,,,,,,,,,,,,,,,,,,,,,,,,,,,,,,,
Union Focused Dir,solution-oriented,Solution: Children - Debt,Direct,10.17,13.8,12.57,BSE 500 TRI,1.84,13.36,12.53,-0.67,0.86,0.74,12.03,14.95,,,,,25,https://www.valueresearchonline.com/funds/40108/,,,,,,,,,,,,,,,,,,,,,,,,,,
",INF582M01FS4,147492,1,2,2,5,2,3,1,6,1,1,1.5,1,4.5,1,1.5,2.5,0,0,0,0,0,18,Moderately High Risk,Average",,,,,,,,,,,,,,,,,,,,,,,,,,,,,,,,,,,,,,,,,,,,,,,
Union Retirement Dir,solution-oriented,Solution: Children - Debt,Direct,7.37,16.44,,BSE 500 TRI,1.84,13.36,,2.75,0.92,1.07,12.03,19.02,,,,,25,https://www.valueresearchonline.com/funds/42492/,,,,,,,,,,,,,,,,,,,,,,,,,,
",INF582M01IK5,150554,3,3,2,8,2,4,1,7,1.5,1.5,1.5,1,5.5,1.5,1.5,3,0,0,0,0,0,23.5,Moderate Risk,Average",,,,,,,,,,,,,,,,,,,,,,,,,,,,,,,,,,,,,,,,,,,,,,,
UTI Children's Equity Dir,solution-oriented,Solution: Children - Debt,Direct,-3.04,10.3,9.91,BSE 500 TRI,1.84,13.36,12.53,-2.08,0.96,0.68,12.57,14.63,,,,,25,https://www.valueresearchonline.com/funds/15867/,,,,,,,,,,,,,,,,,,,,,,,,,,
",INF789F1AZV0,120724,1,2,2,5,2,3,1,6,1.5,1.5,1.5,1,5.5,1.5,1.5,3,0,0,0,0,0,19.5,Moderately High Risk,Average",,,,,,,,,,,,,,,,,,,,,,,,,,,,,,,,,,,,,,,,,,,,,,,
UTI Flexi Cap Dir,solution-oriented,Solution: Children - Debt,Direct,-3.84,8.27,6.88,BSE 500 TRI,1.84,13.36,12.53,-4.55,0.87,0.41,12.31,11.19,,,,,25,https://www.valueresearchonline.com/funds/15714/,,,,,,,,,,,,,,,,,,,,,,,,,,
",INF789F01TC4,120662,1,1,2,4,2,2,1,5,1.5,1.5,1.5,1,5.5,1,1,2,0,0,0,0,0,16.5,Moderately High Risk,Average",,,,,,,,,,,,,,,,,,,,,,,,,,,,,,,,,,,,,,,,,,,,,,,
UTI Focused Dir,solution-oriented,Solution: Children - Debt,Direct,-1.02,11.89,,BSE 500 TRI,1.84,13.36,,0.18,0.96,0.85,12.71,16.87,,,,,25,https://www.valueresearchonline.com/funds/41629/,,,,,,,,,,,,,,,,,,,,,,,,,,
",INF789F1AVA3,149091,2,2,2,6,2,3,1,6,1,1,1,1,4,1,1,2,0,0,0,0,0,18,Moderately High Risk,Average",,,,,,,,,,,,,,,,,,,,,,,,,,,,,,,,,,,,,,,,,,,,,,,
UTI Nifty500 Shariah Index Dir,solution-oriented,Solution: Children - Debt,Direct,,,,BSE 500 TRI,,,,,,,,,,,,,25,https://www.valueresearchonline.com/funds/45821/,,,,,,,,,,,,,,,,,,,,,,,,,,
",INF789F1AD04,154197,1,1,1,3,1,1,1,3,2,1.5,1.5,1,6,2,1.5,3.5,0,0,0,0,0,15.5,Moderately High Risk,Average",,,,,,,,,,,,,,,,,,,,,,,,,,,,,,,,,,,,,,,,,,,,,,,
WhiteOak Capital Flexi Cap Dir,solution-oriented,Solution: Children - Debt,Direct,3.96,17.22,,BSE 500 TRI,1.84,13.36,,3.88,0.93,1.15,12.28,20.21,,,,,25,https://www.valueresearchonline.com/funds/42320/,,,,,,,,,,,,,,,,,,,,,,,,,,
",INF03VN01530,150346,3,3,3,9,2,4,1,7,2,1.5,1.5,1,6,1.5,1.5,3,0,0,0,0,0,25,Moderate Risk,Average",,,,,,,,,,,,,,,,,,,,,,,,,,,,,,,,,,,,,,,,,,,,,,,
ABSL Global Emerging Opportunities Dir*,solution-oriented,Equity: International,Direct,29.7,20.54,12.04,BSE 500 TRI*,1.84,13.36,12.53,,,0.78,12.79,16.13,,,,,1,https://www.valueresearchonline.com/funds/17094/,,,,,,,,,,,,,,,,,,,,,,,,,,
",INF084M01EB0,132140,1,2,2,5,2,3,1,6,1,1,1,1,4,1,1,2,0,0,0,0,0,17,Moderately High Risk,Average",,,,,,,,,,,,,,,,,,,,,,,,,,,,,,,,,,,,,,,,,,,,,,,
ABSL Global Excellence Equity FoF Dir*,solution-oriented,Equity: International,Direct,30.37,21.62,14.9,BSE 500 TRI*,1.84,13.36,12.53,,,1.27,12.63,22.16,,,,,1,https://www.valueresearchonline.com/funds/17099/,,,,,,,,,,,,,,,,,,,,,,,,,,
",INF084M01EH7,132009,1,3,3,7,2,4,1,7,1,1,1,1,4,1,1,2,0,0,0,0,0,20,Moderate Risk,Average",,,,,,,,,,,,,,,,,,,,,,,,,,,,,,,,,,,,,,,,,,,,,,,
ABSL International Equity Dir,solution-oriented,Equity: International,Direct,31.81,19.57,12.55,BSE 500 TRI,1.84,13.36,12.53,,,0.86,12.35,16.68,,,,,25,https://www.valueresearchonline.com/funds/15903/,,,,,,,,,,,,,,,,,,,,,,,,,,
",INF209K01WS3,119517,1,2,2,5,2,3,1,6,1.5,1,1,1,4.5,1,1,2,0,0,0,0,0,17.5,Moderately High Risk,Average",,,,,,,,,,,,,,,,,,,,,,,,,,,,,,,,,,,,,,,,,,,,,,,
ABSL US Equity Passive FoF Dir,solution-oriented,Equity: International,Direct,50.98,31.73,,BSE 500 TRI,1.84,13.36,,,,1.4,16.19,28.83,,,,,1,https://www.valueresearchonline.com/funds/41797/,,,,,,,,,,,,,,,,,,,,,,,,,,
",INF209KB18C5,149291,1,3,3,7,1,4,1,6,1,1,1,1,4,1,1,2,0,0,0,0,0,19,Moderately High Risk,Average",,,,,,,,,,,,,,,,,,,,,,,,,,,,,,,,,,,,,,,,,,,,,,,
Axis Global Equity Alpha FoF Dir,solution-oriented,Equity: International,Direct,26.08,21.49,14.92,BSE 500 TRI,1.84,13.36,12.53,,,1.32,11.35,21.07,,,,,1,https://www.valueresearchonline.com/funds/41100/,,,,,,,,,,,,,,,,,,,,,,,,,,
",INF846K01X06,148485,1,3,3,7,2,4,1,7,1,1,1,1,4,1,1,2,0,0,0,0,0,20,Moderate Risk,Average",,,,,,,,,,,,,,,,,,,,,,,,,,,,,,,,,,,,,,,,,,,,,,,
Axis Global Innovation FoF Dir,solution-oriented,Equity: International,Direct,34.46,23.23,14.07,BSE 500 TRI,1.84,13.36,12.53,,,0.98,14.63,20.48,,,,,1,https://www.valueresearchonline.com/funds/41496/,,,,,,,,,,,,,,,,,,,,,,,,,,
",INF846K01Z20,148954,1,2,3,6,2,4,1,7,1,1,1,1,4,1,1,2,0,0,0,0,0,19,Moderately High Risk,Average",,,,,,,,,,,,,,,,,,,,,,,,,,,,,,,,,,,,,,,,,,,,,,,
Axis Greater China Equity FoF Dir,solution-oriented,Equity: International,Direct,48.14,18.04,5.57,BSE 500 TRI,1.84,13.36,12.53,,,0.49,19.52,15.68,,,,,1,https://www.valueresearchonline.com/funds/41287/,,,,,,,,,,,,,,,,,,,,,,,,,,
",INF846K01Y39,148699,1,1,2,4,1,3,1,5,1,1,1,1,4,1,1,2,0,0,0,0,0,15,Moderately High Risk,Average",,,,,,,,,,,,,,,,,,,,,,,,,,,,,,,,,,,,,,,,,,,,,,,
Axis NASDAQ 100 US Specific Equity Passive FoF Dir,solution-oriented,Equity: International,Direct,50.61,31.36,,BSE 500 TRI,1.84,13.36,,,,1.42,15.63,28.26,,,,,1,https://www.valueresearchonline.com/funds/42633/,,,,,,,,,,,,,,,,,,,,,,,,,,
",INF846K012K9,150751,1,3,3,7,1,4,1,6,1,1,1,1,4,1,1,2,0,0,0,0,0,19,Moderately High Risk,Average",,,,,,,,,,,,,,,,,,,,,,,,,,,,,,,,,,,,,,,,,,,,,,,
Bandhan US specific Equity Active FoF Dir,solution-oriented,Equity: International,Direct,29.02,25.79,,BSE 500 TRI,1.84,13.36,,,,1.18,16.2,25.24,,,,,1,https://www.valueresearchonline.com/funds/41620/,,,,,,,,,,,,,,,,,,,,,,,,,,
",INF194KB1CF2,149098,1,3,3,7,1,4,1,6,1,1,1,1,4,1,1,2,0,0,0,0,0,19,Moderately High Risk,Average",,,,,,,,,,,,,,,,,,,,,,,,,,,,,,,,,,,,,,,,,,,,,,,
Baroda BNP Paribas Aqua FoF Dir,solution-oriented,Equity: International,Direct,20.28,13.71,10.57,BSE 500 TRI,1.84,13.36,12.53,,,0.65,14.95,15.79,,,,,1,https://www.valueresearchonline.com/funds/41454/,,,,,,,,,,,,,,,,,,,,,,,,,,
",INF251K01QT5,150285,1,2,2,5,2,3,1,6,1,1,1,1,4,1,1,2,0,0,0,0,0,17,Moderately High Risk,Average",,,,,,,,,,,,,,,,,,,,,,,,,,,,,,,,,,,,,,,,,,,,,,,
DSP Global Clean Energy Overseas Equity Omni FoF Dir,solution-oriented,Equity: International,Direct,64.12,18.47,14.04,BSE 500 TRI,1.84,13.36,12.53,,,0.58,18.4,16.86,,,,,1,https://www.valueresearchonline.com/funds/17012/,,,,,,,,,,,,,,,,,,,,,,,,,,
",INF740K01PC5,119275,1,2,2,5,1,3,1,5,1,1,1,1,4,1,1,2,0,0,0,0,0,16,Moderately High Risk,Average",,,,,,,,,,,,,,,,,,,,,,,,,,,,,,,,,,,,,,,,,,,,,,,
DSP Global Innovation Overseas Equity Omni FoF Dir*,solution-oriented,Equity: International,Direct,38.98,27.03,,BSE 500 TRI*,1.84,13.36,,,,1.23,16.35,26.29,,,,,6,https://www.valueresearchonline.com/funds/42054/,,,,,,,,,,,,,,,,,,,,,,,,,,
",INF740KA1QP1,149816,1,3,3,7,1,4,1,6,1,1,1,1,4,1,1,2,0,0,0,0,0,19,Moderately High Risk,Average",,,,,,,,,,,,,,,,,,,,,,,,,,,,,,,,,,,,,,,,,,,,,,,
DSP US Specific Equity Omni FoF Dir,solution-oriented,Equity: International,Direct,52.73,28.43,19.75,BSE 500 TRI,1.84,13.36,12.53,,,1.12,14.79,22.72,,,,,1,https://www.valueresearchonline.com/funds/17006/,,,,,,,,,,,,,,,,,,,,,,,,,,
",INF740K01OH7,119252,1,3,3,7,2,4,1,7,1,1,1,1,4,1,1,2,0,0,0,0,0,20,Moderate Risk,Average",,,,,,,,,,,,,,,,,,,,,,,,,,,,,,,,,,,,,,,,,,,,,,,
DSP World Gold Mining Overseas Equity Omni FoF Dir,solution-oriented,Equity: International,Direct,75.43,47.51,25.38,BSE 500 TRI,1.84,13.36,12.53,,,1.66,30.34,56.38,,,,,2,https://www.valueresearchonline.com/funds/17016/,,,,,,,,,,,,,,,,,,,,,,,,,,
",INF740K01OZ9,119277,1,4,4,9,1,4,1,6,1,1,1,1,4,1,1,2,0,0,0,0,0,21,Moderate Risk,Average",,,,,,,,,,,,,,,,,,,,,,,,,,,,,,,,,,,,,,,,,,,,,,,
DSP World Mining Overseas Equity Omni FoF Dir,solution-oriented,Equity: International,Direct,87.2,25.83,19.08,BSE 500 TRI,1.84,13.36,12.53,,,0.95,22.95,27.98,,,,,1,https://www.valueresearchonline.com/funds/17021/,,,,,,,,,,,,,,,,,,,,,,,,,,
",INF740K01PF8,119279,1,2,3,6,1,4,1,6,1,1,1,1,4,1,1,2,0,0,0,0,0,18,Moderately High Risk,Average",,,,,,,,,,,,,,,,,,,,,,,,,,,,,,,,,,,,,,,,,,,,,,,
Edelweiss ASEAN Equity Offshore Dir,solution-oriented,Equity: International,Direct,25.86,14.57,10.04,BSE 500 TRI,1.84,13.36,12.53,,,0.69,11.2,13.83,,,,,1,https://www.valueresearchonline.com/funds/17131/,,,,,,,,,,,,,,,,,,,,,,,,,,
",INF843K01AW7,140256,1,2,2,5,2,3,1,6,1,1,1,1,4,1,1,2,0,0,0,0,0,17,Moderately High Risk,Average",,,,,,,,,,,,,,,,,,,,,,,,,,,,,,,,,,,,,,,,,,,,,,,
Edelweiss Emerging Markets Opportunities Equity Offshr Dir,solution-oriented,Equity: International,Direct,75.87,28.29,11.23,BSE 500 TRI,1.84,13.36,12.53,,,1.16,13.94,22.29,,,,,1,https://www.valueresearchonline.com/funds/27119/,,,,,,,,,,,,,,,,,,,,,,,,,,
",INF843K01IZ3,140327,1,3,3,7,2,4,1,7,1,1,1,1,4,1,1,2,0,0,0,0,0,20,Moderate Risk,Average",,,,,,,,,,,,,,,,,,,,,,,,,,,,,,,,,,,,,,,,,,,,,,,
Edelweiss Europe Dynamic Equity Offshr Dir,solution-oriented,Equity: International,Direct,29.34,23.53,15.55,BSE 500 TRI,1.84,13.36,12.53,,,1.28,12.78,22.41,,,,,1,https://www.valueresearchonline.com/funds/23435/,,,,,,,,,,,,,,,,,,,,,,,,,,
",INF843K01GI3,140296,1,3,3,7,2,4,1,7,1,1,1,1,4,1,1,2,0,0,0,0,0,20,Moderate Risk,Average",,,,,,,,,,,,,,,,,,,,,,,,,,,,,,,,,,,,,,,,,,,,,,,
Edelweiss Greater China Equity Offshore Dir,solution-oriented,Equity: International,Direct,60.01,21.21,4.41,BSE 500 TRI,1.84,13.36,12.53,,,0.51,19.72,16.12,,,,,1,https://www.valueresearchonline.com/funds/17132/,,,,,,,,,,,,,,,,,,,,,,,,,,
",INF843K01AU1,140243,1,2,2,5,1,3,1,5,1,1,1,1,4,1,1,2,0,0,0,0,0,16,Moderately High Risk,Average",,,,,,,,,,,,,,,,,,,,,,,,,,,,,,,,,,,,,,,,,,,,,,,
Edelweiss US Technology Equity FoF Dir,solution-oriented,Equity: International,Direct,44.72,31.58,17.54,BSE 500 TRI,1.84,13.36,12.53,,,0.92,25.27,29.42,,,,,1,https://www.valueresearchonline.com/funds/40665/,,,,,,,,,,,,,,,,,,,,,,,,,,
",INF754K01LB7,148063,1,2,3,6,1,4,1,6,1,1,1,1,4,1,1,2,0,0,0,0,0,18,Moderately High Risk,Average",,,,,,,,,,,,,,,,,,,,,,,,,,,,,,,,,,,,,,,,,,,,,,,
Edelweiss US Value Equity Offshore Dir,solution-oriented,Equity: International,Direct,35.24,19.49,14.96,BSE 500 TRI,1.84,13.36,12.53,,,0.74,12.63,15.47,,,,,1,https://www.valueresearchonline.com/funds/20060/,,,,,,,,,,,,,,,,,,,,,,,,,,
",INF843K01EC1,140274,1,2,2,5,2,3,1,6,1,1,1,1,4,1,1,2,0,0,0,0,0,17,Moderately High Risk,Average",,,,,,,,,,,,,,,,,,,,,,,,,,,,,,,,,,,,,,,,,,,,,,,
Franklin Asian Equity Dir,solution-oriented,Equity: International,Direct,54.13,21.33,8.65,BSE 500 TRI,1.84,13.36,12.53,,,0.87,13.14,17.53,,,,,25,https://www.valueresearchonline.com/funds/15977/,,,,,,,,,,,,,,,,,,,,,,,,,,
",INF090I01IZ5,118559,1,2,3,6,2,3,1,6,1.5,2,2,1,6.5,1.5,1.5,3,0,0,0,0,0,21.5,Moderate Risk,Average",,,,,,,,,,,,,,,,,,,,,,,,,,,,,,,,,,,,,,,,,,,,,,,
Franklin U.S. Opportunities Equity Active FoF Dir,solution-oriented,Equity: International,Direct,27.7,23.92,12.22,BSE 500 TRI,1.84,13.36,12.53,,,1.01,16.13,22.41,,,,,1,https://www.valueresearchonline.com/funds/16027/,,,,,,,,,,,,,,,,,,,,,,,,,,
",INF090I01JR0,118551,1,3,2,6,1,4,1,6,1,1,1,1,4,1,1,2,0,0,0,0,0,18,Moderately High Risk,Average",,,,,,,,,,,,,,,,,,,,,,,,,,,,,,,,,,,,,,,,,,,,,,,
HDFC Developed World Overseas Equity Passive FoF Dir*,solution-oriented,Equity: International,Direct,35.78,24.79,,BSE 500 TRI,1.84,13.36,,,,1.49,10.65,21.96,,,,,5,https://www.valueresearchonline.com/funds/41714/,,,,,,,,,,,,,,,,,,,,,,,,,,
",INF179KC1BO4,149180,1,3,3,7,2,4,1,7,1,1,1,1,4,1,1,2,0,0,0,0,0,20,Moderate Risk,Average",,,,,,,,,,,,,,,,,,,,,,,,,,,,,,,,,,,,,,,,,,,,,,,
HSBC Asia Pacific (Ex Japan) Dividend Yield Dir,solution-oriented,Equity: International,Direct,55.45,26.7,14.38,BSE 500 TRI,1.84,13.36,12.53,,,1.35,11.95,22.26,,,,,1,https://www.valueresearchonline.com/funds/23946/,,,,,,,,,,,,,,,,,,,,,,,,,,
",INF336L01HF0,127071,1,3,3,7,2,4,1,7,1,1,1,1,4,1,1,2,0,0,0,0,0,20,Moderate Risk,Average",,,,,,,,,,,,,,,,,,,,,,,,,,,,,,,,,,,,,,,,,,,,,,,
HSBC Brazil Dir,solution-oriented,Equity: International,Direct,30.36,10.56,4.09,BSE 500 TRI,1.84,13.36,12.53,,,0.67,23.65,21.89,,,,,1,https://www.valueresearchonline.com/funds/17042/,,,,,,,,,,,,,,,,,,,,,,,,,,
",INF336L01BY4,120035,1,2,2,5,1,4,1,6,1,1,1,1,4,1,1,2,0,0,0,0,0,17,Moderately High Risk,Average",,,,,,,,,,,,,,,,,,,,,,,,,,,,,,,,,,,,,,,,,,,,,,,
HSBC Global Emerging Markets Dir,solution-oriented,Equity: International,Direct,75.4,28.95,12.96,BSE 500 TRI,1.84,13.36,12.53,,,1.16,15.23,23.71,,,,,1,https://www.valueresearchonline.com/funds/17037/,,,,,,,,,,,,,,,,,,,,,,,,,,
",INF336L01CJ3,120043,1,3,3,7,1,4,1,6,1,1,1,1,4,1,1,2,0,0,0,0,0,19,Moderately High Risk,Average",,,,,,,,,,,,,,,,,,,,,,,,,,,,,,,,,,,,,,,,,,,,,,,
ICICI Pru Global Advantage (FOF) Dir*,solution-oriented,Equity: International,Direct,31.84,18.07,9.69,BSE 500 TRI,1.84,13.36,12.53,,,1.1,12.18,19.48,,,,,6,https://www.valueresearchonline.com/funds/40282/,,,,,,,,,,,,,,,,,,,,,,,,,,
",INF109KC1F34,147648,1,3,3,7,2,4,1,7,1,1,1,1,4,1,1,2,0,0,0,0,0,20,Moderate Risk,Average",,,,,,,,,,,,,,,,,,,,,,,,,,,,,,,,,,,,,,,,,,,,,,,
ICICI Pru Global Stable Equity (FOF) Dir,solution-oriented,Equity: International,Direct,14.02,11.07,9.52,BSE 500 TRI,1.84,13.36,12.53,,,0.79,9.43,13.59,,,,,1,https://www.valueresearchonline.com/funds/20857/,,,,,,,,,,,,,,,,,,,,,,,,,,
",INF109KA1CE0,123654,1,2,2,5,3,3,1,7,1,1,1,1,4,1,1,2,0,0,0,0,0,18,Moderately High Risk,Average",,,,,,,,,,,,,,,,,,,,,,,,,,,,,,,,,,,,,,,,,,,,,,,
ICICI Pru NASDAQ 100 Index Dir,solution-oriented,Equity: International,Direct,52.66,32.42,,BSE 500 TRI,1.84,13.36,,,,1.49,15.37,28.99,,,,,25,https://www.valueresearchonline.com/funds/41744/,,,,,,,,,,,,,,,,,,,,,,,,,,
",INF109KC1U50,149219,1,3,3,7,1,4,1,6,2,1,1,1,5,1,1,2,0,0,0,0,0,20,Moderate Risk,Average",,,,,,,,,,,,,,,,,,,,,,,,,,,,,,,,,,,,,,,,,,,,,,,
ICICI Pru Strategic Metal and Energy Equity FoF Dir,solution-oriented,Equity: International,Direct,50.15,29.01,,BSE 500 TRI,1.84,13.36,,,,1.33,20.65,33.49,,,,,1,https://www.valueresearchonline.com/funds/42035/,,,,,,,,,,,,,,,,,,,,,,,,,,
",INF109KC1Z55,149455,1,3,3,7,1,4,1,6,1,1,1,1,4,1,1,2,0,0,0,0,0,19,Moderately High Risk,Average",,,,,,,,,,,,,,,,,,,,,,,,,,,,,,,,,,,,,,,,,,,,,,,
ICICI Pru US Bluechip Equity Dir,solution-oriented,Equity: International,Direct,18.91,12.43,11.29,BSE 500 TRI,1.84,13.36,12.53,,,0.87,13.29,17.68,,,,,25,https://www.valueresearchonline.com/funds/17160/,,,,,,,,,,,,,,,,,,,,,,,,,,
",INF109K01Z71,120186,1,2,2,5,2,3,1,6,1.5,1,1,1,4.5,1,1.5,2.5,0,0,0,0,0,18,Moderately High Risk,Average",,,,,,,,,,,,,,,,,,,,,,,,,,,,,,,,,,,,,,,,,,,,,,,
Invesco India-Invesco EQQQ NASDAQ-100 ETF FoF Dir,solution-oriented,Equity: International,Direct,51.2,31.89,,BSE 500 TRI,1.84,13.36,,,,1.43,15.84,28.76,,,,,1,https://www.valueresearchonline.com/funds/42218/,,,,,,,,,,,,,,,,,,,,,,,,,,
",INF205KA1585,149961,1,3,3,7,1,4,1,6,1,1,1,1,4,1,1,2,0,0,0,0,0,19,Moderately High Risk,Average",,,,,,,,,,,,,,,,,,,,,,,,,,,,,,,,,,,,,,,,,,,,,,,
Invesco India-Invesco Global Consumer Trends FoF Dir,solution-oriented,Equity: International,Direct,41.16,27.31,6.3,BSE 500 TRI,1.84,13.36,12.53,,,0.65,23.05,21.15,,,,,1,https://www.valueresearchonline.com/funds/41229/,,,,,,,,,,,,,,,,,,,,,,,,,,
",INF205KA1270,148614,1,2,2,5,1,4,1,6,1,1,1,1,4,1,1,2,0,0,0,0,0,17,Moderately High Risk,Average",,,,,,,,,,,,,,,,,,,,,,,,,,,,,,,,,,,,,,,,,,,,,,,
Invesco India Global Equity Income FoF Dir,solution-oriented,Equity: International,Direct,24.52,21.49,16.8,BSE 500 TRI,1.84,13.36,12.53,,,1.24,11.6,20.55,,,,,1,https://www.valueresearchonline.com/funds/26149/,,,,,,,,,,,,,,,,,,,,,,,,,,
",INF205K01B49,129188,1,3,3,7,2,4,1,7,1,1,1,1,4,1,1,2,0,0,0,0,0,20,Moderate Risk,Average",,,,,,,,,,,,,,,,,,,,,,,,,,,,,,,,,,,,,,,,,,,,,,,
Invesco India Pan European Equity FoF Dir,solution-oriented,Equity: International,Direct,36.08,19.02,14.67,BSE 500 TRI,1.84,13.36,12.53,,,0.9,13.1,17.93,,,,,1,https://www.valueresearchonline.com/funds/23314/,,,,,,,,,,,,,,,,,,,,,,,,,,
",INF205K01A24,126353,1,2,3,6,2,3,1,6,1,1,1,1,4,1,1,2,0,0,0,0,0,18,Moderately High Risk,Average",,,,,,,,,,,,,,,,,,,,,,,,,,,,,,,,,,,,,,,,,,,,,,,
Kotak Global Emerging Market Overseas Equity Omni FoF Dir*,solution-oriented,Equity: International,Direct,69.72,28.02,12.66,BSE 500 TRI,1.84,13.36,12.53,,,1.23,12.88,21.91,,,,,1,https://www.valueresearchonline.com/funds/17439/,,,,,,,,,,,,,,,,,,,,,,,,,,
",INF174K01LW4,119779,1,3,4,8,2,4,1,7,1,1,1,1,4,1,1,2,0,0,0,0,0,21,Moderate Risk,Average",,,,,,,,,,,,,,,,,,,,,,,,,,,,,,,,,,,,,,,,,,,,,,,
Kotak Global Innovation Overseas Equity Omni FoF Dir*,solution-oriented,Equity: International,Direct,39.74,22.84,,BSE 500 TRI*,1.84,13.36,,,,1.04,14.5,21.18,,,,,2,https://www.valueresearchonline.com/funds/41595/,,,,,,,,,,,,,,,,,,,,,,,,,,
",INF174KA1HG4,149059,1,3,2,6,2,4,1,7,1,1,1,1,4,1,1,2,0,0,0,0,0,19,Moderately High Risk,Average",,,,,,,,,,,,,,,,,,,,,,,,,,,,,,,,,,,,,,,,,,,,,,,
Kotak International REIT Overseas Equity Omni FoF Dir*,solution-oriented,Equity: International,Direct,13.46,8.96,3.57,BSE 500 TRI,1.84,13.36,12.53,,,0.18,15.3,8.83,,,,,1,https://www.valueresearchonline.com/funds/41237/,,,,,,,,,,,,,,,,,,,,,,,,,,
",INF174KA1FO2,148646,1,1,1,3,1,2,1,4,1,1,1,1,4,1,1,2,0,0,0,0,0,13,Moderately High Risk,Average",,,,,,,,,,,,,,,,,,,,,,,,,,,,,,,,,,,,,,,,,,,,,,,
Kotak Quality Overseas Equity Omni FoF Dir*,solution-oriented,Equity: International,Direct,,,,BSE 500 TRI,,,,,,,,,,,,,1,https://www.valueresearchonline.com/funds/45906/,,,,,,,,,,,,,,,,,,,,,,,,,,
",INF178L01BY0,133791,1,1,1,3,1,1,1,3,1,1,1,1,4,1,1,2,0,0,0,0,0,12,High Risk,Poor",,,,,,,,,,,,,,,,,,,,,,,,,,,,,,,,,,,,,,,,,,,,,,,
Kotak US Specific Equity Passive FoF Dir*,solution-oriented,Equity: International,Direct,51.51,31.9,22.4,BSE 500 TRI,1.84,13.36,12.53,,,1.41,16.22,29,,,,,1,https://www.valueresearchonline.com/funds/41260/,,,,,,,,,,,,,,,,,,,,,,,,,,
",INF174KA1FQ7,148662,1,3,3,7,1,4,1,6,1,1,1,1,4,1,1,2,0,0,0,0,0,19,Moderately High Risk,Average",,,,,,,,,,,,,,,,,,,,,,,,,,,,,,,,,,,,,,,,,,,,,,,
Mahindra Manulife Asia Pacific REITs FoF Dir,solution-oriented,Equity: International,Direct,16.99,7.46,,BSE 500 TRI,1.84,13.36,,,,0.12,15.42,8.01,,,,,1,https://www.valueresearchonline.com/funds/41762/,,,,,,,,,,,,,,,,,,,,,,,,,,
",INF174V01AY0,149230,1,1,1,3,1,2,1,4,1,1,1,1,4,1,1,2,0,0,0,0,0,13,Moderately High Risk,Average",,,,,,,,,,,,,,,,,,,,,,,,,,,,,,,,,,,,,,,,,,,,,,,
Mirae Asset Global Electric & Autonomous Vehicles Eqt Passive FoF Dir,solution-oriented,Equity: International,Direct,92.48,19.66,,BSE 500 TRI,1.84,13.36,,,,0.81,25.51,26.6,,,,,3,https://www.valueresearchonline.com/funds/42460/,,,,,,,,,,,,,,,,,,,,,,,,,,
",INF769K01IQ9,150595,1,1,1,3,1,1,1,3,1,1,1,1,4,1,1,2,0,0,0,0,0,12,High Risk,Poor",,,,,,,,,,,,,,,,,,,,,,,,,,,,,,,,,,,,,,,,,,,,,,,
Mirae Asset Global X Artificial Intelligence & Tech ETF FoF Dir,solution-oriented,Equity: International,Direct,73.9,39.27,,BSE 500 TRI,1.84,13.36,,,,1.37,18.83,31.86,,,,,1,https://www.valueresearchonline.com/funds/42458/,,,,,,,,,,,,,,,,,,,,,,,,,,
",INF769K01IS5,150597,1,3,3,7,1,4,1,6,1,1,1,1,4,1,1,2,0,0,0,0,0,19,Moderately High Risk,Average",,,,,,,,,,,,,,,,,,,,,,,,,,,,,,,,,,,,,,,,,,,,,,,
Mirae Asset Hang Seng TECH ETF,solution-oriented,Equity: International,Direct,-3.33,8.04,,BSE 500 TRI,1.84,13.36,,,,0.35,34.65,18.09,,,,,25,https://www.valueresearchonline.com/funds/41876/,,,,,,,,,,,,,,,,,,,,,,,,,,
",INF769K01HS7,149379,1,1,2,4,1,4,1,6,1,1,1,1,4,1,3,4,0,0,0,0,0,18,Moderately High Risk,Average",,,,,,,,,,,,,,,,,,,,,,,,,,,,,,,,,,,,,,,,,,,,,,,
Mirae Asset Hang Seng TECH ETF FoF Dir,solution-oriented,Equity: International,Direct,2.63,15.84,,BSE 500 TRI,1.84,13.36,,,,0.54,32.96,23.81,,,,,1,https://www.valueresearchonline.com/funds/41878/,,,,,,,,,,,,,,,,,,,,,,,,,,
",INF769K01HU3,149381,1,2,2,5,1,4,1,6,1,1,1,1,4,1,1,2,0,0,0,0,0,17,Moderately High Risk,Average",,,,,,,,,,,,,,,,,,,,,,,,,,,,,,,,,,,,,,,,,,,,,,,
Mirae Asset NYSE FANG+ ETF,solution-oriented,Equity: International,Direct,35.11,37.07,26.16,BSE 500 TRI,1.84,13.36,12.53,,,1.44,22.01,37.84,,,,,10,https://www.valueresearchonline.com/funds/41429/,,,,,,,,,,,,,,,,,,,,,,,,,,
",INF769K01HF4,148927,1,3,3,7,1,4,1,6,1,1,1,1,4,1,1,2,0,0,0,0,0,19,Moderately High Risk,Average",,,,,,,,,,,,,,,,,,,,,,,,,,,,,,,,,,,,,,,,,,,,,,,
Mirae Asset NYSE FANG+ ETF FoF Dir,solution-oriented,Equity: International,Direct,42.57,43.79,30.05,BSE 500 TRI,1.84,13.36,12.53,,,1.57,24.75,45.03,,,,,1,https://www.valueresearchonline.com/funds/41431/,,,,,,,,,,,,,,,,,,,,,,,,,,
",INF769K01HH0,148928,1,4,4,9,1,4,1,6,1,1,1,1,4,1,1,2,0,0,0,0,0,21,Moderate Risk,Average",,,,,,,,,,,,,,,,,,,,,,,,,,,,,,,,,,,,,,,,,,,,,,,
Mirae Asset S&P 500 Top 50 ETF,solution-oriented,Equity: International,Direct,34.54,26.94,,BSE 500 TRI,1.84,13.36,,,,1.54,13.55,26.94,,,,,25,https://www.valueresearchonline.com/funds/41698/,,,,,,,,,,,,,,,,,,,,,,,,,,
",INF769K01HP3,149169,1,4,3,8,2,4,1,7,1.5,1,1,1,4.5,1,1,2,0,0,0,0,0,21.5,Moderate Risk,Average",,,,,,,,,,,,,,,,,,,,,,,,,,,,,,,,,,,,,,,,,,,,,,,
Mirae Asset S&P 500 Top 50 ETF FoF Dir,solution-oriented,Equity: International,Direct,44.74,35.04,,BSE 500 TRI,1.84,13.36,,,,1.57,17.48,33.58,,,,,1,https://www.valueresearchonline.com/funds/41704/,,,,,,,,,,,,,,,,,,,,,,,,,,
",INF769K01HR9,149170,1,4,3,8,1,4,1,6,1,1,1,1,4,1,1,2,0,0,0,0,0,20,Moderate Risk,Average",,,,,,,,,,,,,,,,,,,,,,,,,,,,,,,,,,,,,,,,,,,,,,,
Motilal Oswal Developed Mkt Ex US ETFs Ovrses Eqt Pass FoF Dir,solution-oriented,Equity: International,Direct,36.67,,,BSE 500 TRI,1.84,,,,,,,,,,,,2,https://www.valueresearchonline.com/funds/43802/,,,,,,,,,,,,,,,,,,,,,,,,,,
",INF247L01BT3,152090,1,1,1,3,1,1,1,3,1,1,1,1,4,1,1,2,0,0,0,0,0,12,High Risk,Poor",,,,,,,,,,,,,,,,,,,,,,,,,,,,,,,,,,,,,,,,,,,,,,,
Motilal Oswal NASDAQ 100 ETF,solution-oriented,Equity: International,Direct,52.63,31.83,22.23,BSE 500 TRI,1.84,13.36,12.53,,,1.47,15.47,28.86,,,,,25,https://www.valueresearchonline.com/funds/12498/,,,,,,,,,,,,,,,,,,,,,,,,,,
",INF247L01718,145552,1,3,3,7,1,4,1,6,2,1,1,1,5,1,1,2,0,0,0,0,0,20,Moderate Risk,Average",,,,,,,,,,,,,,,,,,,,,,,,,,,,,,,,,,,,,,,,,,,,,,,
Motilal Oswal Nasdaq 100 FOF Dir,solution-oriented,Equity: International,Direct,81.34,39.34,25.64,BSE 500 TRI,1.84,13.36,12.53,,,1.11,21.37,29.81,,,,,1,https://www.valueresearchonline.com/funds/38228/,,,,,,,,,,,,,,,,,,,,,,,,,,
",INF247L01718,145552,1,3,3,7,1,4,1,6,1,1,1,1,4,1,1,2,0,0,0,0,0,19,Moderately High Risk,Average",,,,,,,,,,,,,,,,,,,,,,,,,,,,,,,,,,,,,,,,,,,,,,,
Motilal Oswal Nasdaq Q50 ETF,solution-oriented,Equity: International,Direct,65.99,29.56,,BSE 500 TRI,1.84,13.36,,,,0.79,16.75,19.26,,,,,25,https://www.valueresearchonline.com/funds/41923/,,,,,,,,,,,,,,,,,,,,,,,,,,
",INF247L01718,145552,1,2,2,5,1,4,1,6,1.5,1,1,1,4.5,1,1.5,2.5,0,0,0,0,0,18,Moderately High Risk,Average",,,,,,,,,,,,,,,,,,,,,,,,,,,,,,,,,,,,,,,,,,,,,,,
Motilal Oswal S&P 500 Index Dir,solution-oriented,Equity: International,Direct,37.08,25.19,18.19,BSE 500 TRI,1.84,13.36,12.53,,,1.38,12.06,22.72,,,,,25,https://www.valueresearchonline.com/funds/40997/,,,,,,,,,,,,,,,,,,,,,,,,,,
",INF247L01AG2,148381,1,3,3,7,2,4,1,7,2,1,1,1,5,1.5,1.5,3,0,0,0,0,0,22,Moderate Risk,Average",,,,,,,,,,,,,,,,,,,,,,,,,,,,,,,,,,,,,,,,,,,,,,,
Navi Nasdaq100 US Specific Equity Passive FoF Dir,solution-oriented,Equity: International,Direct,52.6,32.47,,BSE 500 TRI,1.84,13.36,,,,1.48,15.59,29.17,,,,,1,https://www.valueresearchonline.com/funds/42135/,,,,,,,,,,,,,,,,,,,,,,,,,,
",INF959L01FZ1,149910,1,3,3,7,1,4,1,6,1,1,1,1,4,1,1,2,0,0,0,0,0,19,Moderately High Risk,Average",,,,,,,,,,,,,,,,,,,,,,,,,,,,,,,,,,,,,,,,,,,,,,,
Navi Total Stock Market US Specific Equity Passive FoF Dir,solution-oriented,Equity: International,Direct,37.86,25.6,,BSE 500 TRI,1.84,13.36,,,,1.28,12.93,22.65,,,,,1,https://www.valueresearchonline.com/funds/42069/,,,,,,,,,,,,,,,,,,,,,,,,,,
",INF959L01FV0,149830,1,3,3,7,2,4,1,7,1,1,1,1,4,1,1,2,0,0,0,0,0,20,Moderate Risk,Average",,,,,,,,,,,,,,,,,,,,,,,,,,,,,,,,,,,,,,,,,,,,,,,
Nippon India ETF Hang Seng BeES,solution-oriented,Equity: International,Direct,12.3,14.26,3.67,BSE 500 TRI,1.84,13.36,12.53,,,0.59,20.6,18.18,,,,,25,https://www.valueresearchonline.com/funds/10905/,,,,,,,,,,,,,,,,,,,,,,,,,,
",INF204KA1QN5,130175,1,2,2,5,1,4,1,6,1,1,1,1,4,1,1,2,0,0,0,0,0,17,Moderately High Risk,Average",,,,,,,,,,,,,,,,,,,,,,,,,,,,,,,,,,,,,,,,,,,,,,,
Nippon India Japan Equity Dir,solution-oriented,Equity: International,Direct,37.62,19.48,11.62,BSE 500 TRI,1.84,13.36,12.53,,,1.18,12.33,20.69,,,,,25,https://www.valueresearchonline.com/funds/27691/,,,,,,,,,,,,,,,,,,,,,,,,,,
",INF204KA1SK7,130861,1,3,3,7,2,4,1,7,1,1,1,1,4,1,3,4,0,0,0,0,0,22,Moderate Risk,Average",,,,,,,,,,,,,,,,,,,,,,,,,,,,,,,,,,,,,,,,,,,,,,,
Nippon India Taiwan Equity Dir,solution-oriented,Equity: International,Direct,202.92,63.94,,BSE 500 TRI,1.84,13.36,,,,,,,,,,,25,https://www.valueresearchonline.com/funds/41838/,,,,,,,,,,,,,,,,,,,,,,,,,,
",INF204KC1303,149329,1,1,1,3,1,1,1,3,1,1,1,1,4,1,1,2,0,0,0,0,0,12,High Risk,Poor",,,,,,,,,,,,,,,,,,,,,,,,,,,,,,,,,,,,,,,,,,,,,,,
Nippon India US Equity Opportunities Dir*,solution-oriented,Equity: International,Direct,16.11,18.21,11.41,BSE 500 TRI,1.84,13.36,12.53,,,1.01,13.11,19.38,,,,,25,https://www.valueresearchonline.com/funds/30567/,,,,,,,,,,,,,,,,,,,,,,,,,,
",INF204KA15G5,134923,1,3,2,6,2,4,1,7,1,1,1,1,4,1,1,2,0,0,0,0,0,19,Moderately High Risk,Average",,,,,,,,,,,,,,,,,,,,,,,,,,,,,,,,,,,,,,,,,,,,,,,
PGIM India Emerging Markets Equity FoF Dir,solution-oriented,Equity: International,Direct,57.1,30.43,6.3,BSE 500 TRI,1.84,13.36,12.53,,,1.29,13.67,23.68,,,,,1,https://www.valueresearchonline.com/funds/17349/,,,,,,,,,,,,,,,,,,,,,,,,,,
",INF223J01NL0,138456,1,3,3,7,2,4,1,7,1,1,1,1,4,1,1,2,0,0,0,0,0,20,Moderate Risk,Average",,,,,,,,,,,,,,,,,,,,,,,,,,,,,,,,,,,,,,,,,,,,,,,
PGIM India Global Equity Opportunities FoF Dir,solution-oriented,Equity: International,Direct,31.15,20.91,10.27,BSE 500 TRI,1.84,13.36,12.53,,,0.77,16.27,18.58,,,,,1,https://www.valueresearchonline.com/funds/17348/,,,,,,,,,,,,,,,,,,,,,,,,,,
",INF223J01NF2,138528,1,2,2,5,1,4,1,6,1,1,1,1,4,1,1,2,0,0,0,0,0,17,Moderately High Risk,Average",,,,,,,,,,,,,,,,,,,,,,,,,,,,,,,,,,,,,,,,,,,,,,,
PGIM India Global Select Real Estate Sec FoF Dir,solution-oriented,Equity: International,Direct,20.64,14.39,,BSE 500 TRI,1.84,13.36,,,,0.56,14.1,14.05,,,,,1,https://www.valueresearchonline.com/funds/41818/,,,,,,,,,,,,,,,,,,,,,,,,,,
",INF663L01W63,149298,1,2,2,5,2,3,1,6,1,1,1,1,4,1,1,2,0,0,0,0,0,17,Moderately High Risk,Average",,,,,,,,,,,,,,,,,,,,,,,,,,,,,,,,,,,,,,,,,,,,,,,
SBI US Specific Equity Active FoF FoF Dir,solution-oriented,Equity: International,Direct,39.73,27.61,18.23,BSE 500 TRI,1.84,13.36,12.53,,,1.42,13.73,25.66,,,,,1,https://www.valueresearchonline.com/funds/41352/,,,,,,,,,,,,,,,,,,,,,,,,,,
",INF200KA1U28,148760,1,3,3,7,2,4,1,7,1,1,1,1,4,1,1,2,0,0,0,0,0,20,Moderate Risk,Average",,,,,,,,,,,,,,,,,,,,,,,,,,,,,,,,,,,,,,,,,,,,,,,
Sundaram Global Brand Theme-Equity Active FoF Dir*,solution-oriented,Equity: International,Direct,26.23,17.36,12.2,BSE 500 TRI*,1.84,13.36,12.53,,,1.17,11.4,19.39,,,,,1,https://www.valueresearchonline.com/funds/17200/,,,,,,,,,,,,,,,,,,,,,,,,,,
",INF903J01OB6,119602,1,3,3,7,2,4,1,7,1,1,1,1,4,1,1,2,0,0,0,0,0,20,Moderate Risk,Average",,,,,,,,,,,,,,,,,,,,,,,,,,,,,,,,,,,,,,,,,,,,,,,
ABSL Conglomerate Dir,solution-oriented,Equity: Thematic (Broad),Direct,4.04,,,BSE 500 TRI,1.84,,,,,,,,,,,,25,https://www.valueresearchonline.com/funds/44788/,,,,,,,,,,,,,,,,,,,,,,,,,,
",INF209KC1373,153124,1,1,1,3,1,1,1,3,1,1,1,1,4,1.5,2,3.5,0,0,0,0,0,13.5,Moderately High Risk,Average",,,,,,,,,,,,,,,,,,,,,,,,,,,,,,,,,,,,,,,,,,,,,,,
ABSL Nifty India Defence Index Dir,solution-oriented,Equity: Thematic (Broad),Direct,7.48,,,BSE 500 TRI,1.84,,,,,,,,,,,,19,https://www.valueresearchonline.com/funds/44489/,,,,,,,,,,,,,,,,,,,,,,,,,,
",INF209KC1183,152798,1,1,1,3,1,1,1,3,1,1,1,1,4,1,1,2,0,0,0,0,0,12,High Risk,Poor",,,,,,,,,,,,,,,,,,,,,,,,,,,,,,,,,,,,,,,,,,,,,,,
ABSL Special Opportunities Dir,solution-oriented,Equity: Thematic (Broad),Direct,16.74,21.76,16.68,BSE 500 TRI,1.84,13.36,12.53,4.64,0.98,1.2,12.9,21.57,,,,,25,https://www.valueresearchonline.com/funds/41143/,,,,,,,,,,,,,,,,,,,,,,,,,,
",INF209KB1T79,148539,4,3,3,10,2,4,1,7,1.5,1.5,1.5,1,5.5,2,2,4,0,0,0,0,0,26.5,Moderate Risk,Average",,,,,,,,,,,,,,,,,,,,,,,,,,,,,,,,,,,,,,,,,,,,,,,
Axis BSE India Sector Leaders Index Dir,solution-oriented,Equity: Thematic (Broad),Direct,,,,BSE 500 TRI,,,,,,,,,,,,,25,https://www.valueresearchonline.com/funds/45782/,,,,,,,,,,,,,,,,,,,,,,,,,,
",INF846KA1424,154171,1,1,1,3,1,1,1,3,1.5,1.5,1.5,1.5,6,2,1.5,3.5,0,0,0,0,0,15.5,Moderately High Risk,Average",,,,,,,,,,,,,,,,,,,,,,,,,,,,,,,,,,,,,,,,,,,,,,,
Axis Momentum Dir,solution-oriented,Equity: Thematic (Broad),Direct,-2.07,,,BSE 500 TRI,1.84,,,,,,,,,,,,25,https://www.valueresearchonline.com/funds/44768/,,,,,,,,,,,,,,,,,,,,,,,,,,
",INF846K011Z9,153083,1,1,1,3,1,1,1,3,1,1,1.5,1,4.5,1.5,1.5,3,0,0,0,0,0,13.5,Moderately High Risk,Average",,,,,,,,,,,,,,,,,,,,,,,,,,,,,,,,,,,,,,,,,,,,,,,
Axis Multi Factor Passive FoF Dir,solution-oriented,Equity: Thematic (Broad),Direct,5.14,11.86,,BSE 500 TRI,1.84,13.36,,-0.85,0.97,0.79,12.51,15.94,,,,,4,https://www.valueresearchonline.com/funds/42080/,,,,,,,,,,,,,,,,,,,,,,,,,,
",INF846K011G9,149847,1,2,2,5,2,3,1,6,1,1,1,1,4,1,1,2,0,0,0,0,0,17,Moderately High Risk,Average",,,,,,,,,,,,,,,,,,,,,,,,,,,,,,,,,,,,,,,,,,,,,,,
Axis Nifty India Defence Index Dir,solution-oriented,Equity: Thematic (Broad),Direct,,,,BSE 500 TRI,,,,,,,,,,,,,19,https://www.valueresearchonline.com/funds/45950/,,,,,,,,,,,,,,,,,,,,,,,,,,
",INF846KA1523,154326,,,,,,,,,,,,,,,,,,,,,,,,",,,,,,,,,,,,,,,,,,,,,,,,,,,,,,,,,,,,,,,,,,,,,,,
Axis Services Opportunities Dir,solution-oriented,Equity: Thematic (Broad),Direct,,,,BSE 500 TRI,,,,,,,,,,,,,25,https://www.valueresearchonline.com/funds/45324/,,,,,,,,,,,,,,,,,,,,,,,,,,
",INF846KA1168,153624,1,1,1,3,1,1,1,3,1,1,1,1,4,1,1,2,0,0,0,0,0,12,High Risk,Poor",,,,,,,,,,,,,,,,,,,,,,,,,,,,,,,,,,,,,,,,,,,,,,,
Bandhan BSE India Sector Leaders Index Dir,solution-oriented,Equity: Thematic (Broad),Direct,,,,BSE 500 TRI,,,,,,,,,,,,,25,https://www.valueresearchonline.com/funds/45461/,,,,,,,,,,,,,,,,,,,,,,,,,,
",INF194KB1KB4,153838,1,1,1,3,1,1,1,3,1.5,1.5,1.5,1.5,6,2,1.5,3.5,0,0,0,0,0,15.5,Moderately High Risk,Average",,,,,,,,,,,,,,,,,,,,,,,,,,,,,,,,,,,,,,,,,,,,,,,
Bandhan Multi-Factor Dir,solution-oriented,Equity: Thematic (Broad),Direct,,,,BSE 500 TRI,,,,,,,,,,,,,25,https://www.valueresearchonline.com/funds/45334/,,,,,,,,,,,,,,,,,,,,,,,,,,
",INF194KB1JX0,153722,1,1,1,3,1,1,1,3,1,1.5,2,1,5.5,3,2,5,0,0,0,0,0,16.5,Moderately High Risk,Average",,,,,,,,,,,,,,,,,,,,,,,,,,,,,,,,,,,,,,,,,,,,,,,
Baroda BNP Paribas Business Conglomerates Dir,solution-oriented,Equity: Thematic (Broad),Direct,,,,BSE 500 TRI,,,,,,,,,,,,,25,https://www.valueresearchonline.com/funds/45458/,,,,,,,,,,,,,,,,,,,,,,,,,,
",INF251K01VJ6,153847,1,1,1,3,1,1,1,3,1,1,1,1,4,1.5,1.5,3,0,0,0,0,0,13,Moderately High Risk,Average",,,,,,,,,,,,,,,,,,,,,,,,,,,,,,,,,,,,,,,,,,,,,,,
Edelweiss BSE Capital Mkts & Insurance ETF,solution-oriented,Equity: Thematic (Broad),Direct,7.78,,,BSE 500 TRI,1.84,,,,,,,,,,,,24,https://www.valueresearchonline.com/funds/44826/,,,,,,,,,,,,,,,,,,,,,,,,,,
",INF0QA701AE3,153437,1,1,1,3,1,1,1,3,1,1,1,1,4,1,1,2,0,0,0,0,0,12,High Risk,Poor",,,,,,,,,,,,,,,,,,,,,,,,,,,,,,,,,,,,,,,,,,,,,,,
Edelweiss BSE Internet Economy Index Dir,solution-oriented,Equity: Thematic (Broad),Direct,1.75,,,BSE 500 TRI,1.84,,,,,,,,,,,,20,https://www.valueresearchonline.com/funds/45129/,,,,,,,,,,,,,,,,,,,,,,,,,,
",INF754K01UX2,153497,1,1,1,3,1,1,1,3,1,1,1,1,4,1,1,2,0,0,0,0,0,12,High Risk,Poor",,,,,,,,,,,,,,,,,,,,,,,,,,,,,,,,,,,,,,,,,,,,,,,
Edelweiss Recently Listed IPO Dir,solution-oriented,Equity: Thematic (Broad),Direct,21.52,19.94,14.61,BSE 500 TRI,1.84,13.36,12.53,0.36,1.09,0.71,17.56,18.51,,,,,25,https://www.valueresearchonline.com/funds/35234/,,,,,,,,,,,,,,,,,,,,,,,,,,
",INF754K01ML4,142388,2,2,2,6,1,4,1,6,1.5,1.5,1.5,1,5.5,1,1,2,0,0,0,0,0,19.5,Moderately High Risk,Average",,,,,,,,,,,,,,,,,,,,,,,,,,,,,,,,,,,,,,,,,,,,,,,
Franklin India Multi-Factor Dir,solution-oriented,Equity: Thematic (Broad),Direct,,,,BSE 500 TRI,,,,,,,,,,,,,25,https://www.valueresearchonline.com/funds/45585/,,,,,,,,,,,,,,,,,,,,,,,,,,
",INF090I01YQ1,153942,1,1,1,3,1,1,1,3,1.5,1.5,1.5,1,5.5,3,2,5,0,0,0,0,0,16.5,Moderately High Risk,Average",,,,,,,,,,,,,,,,,,,,,,,,,,,,,,,,,,,,,,,,,,,,,,,
Franklin India Opportunities Dir,solution-oriented,Equity: Thematic (Broad),Direct,5.14,24.34,20.26,BSE 500 TRI,1.84,13.36,12.53,10.29,1.05,1.44,15.2,28.01,,,,,25,https://www.valueresearchonline.com/funds/15999/,,,,,,,,,,,,,,,,,,,,,,,,,,
",INF090I01JI9,118554,4,3,3,10,1,4,1,6,1.5,1.5,1.5,1,5.5,2,2,4,0,0,0,0,0,25.5,Moderate Risk,Average",,,,,,,,,,,,,,,,,,,,,,,,,,,,,,,,,,,,,,,,,,,,,,,
Groww BSE Power ETF,solution-oriented,Equity: Thematic (Broad),Direct,,,,BSE 500 TRI,,,,,,,,,,,,,18,https://www.valueresearchonline.com/funds/45370/,,,,,,,,,,,,,,,,,,,,,,,,,,
",INF666M01LM6,153744,1,1,1,3,1,1,1,3,1,1,1,1,4,1.5,2,3.5,0,0,0,0,0,13.5,Moderately High Risk,Average",,,,,,,,,,,,,,,,,,,,,,,,,,,,,,,,,,,,,,,,,,,,,,,
Groww BSE Power ETF FOF Dir,solution-oriented,Equity: Thematic (Broad),Direct,,,,BSE 500 TRI,,,,,,,,,,,,,1,https://www.valueresearchonline.com/funds/45373/,,,,,,,,,,,,,,,,,,,,,,,,,,
",INF666M01LN4,153745,1,1,1,3,1,1,1,3,1,1,1,1,4,1,1,2,0,0,0,0,0,12,High Risk,Poor",,,,,,,,,,,,,,,,,,,,,,,,,,,,,,,,,,,,,,,,,,,,,,,
Groww Nifty Capital Markets ETF,solution-oriented,Equity: Thematic (Broad),Direct,,,,BSE 500 TRI,,,,,,,,,,,,,17,https://www.valueresearchonline.com/funds/45632/,,,,,,,,,,,,,,,,,,,,,,,,,,
",INF666M01MM4,153907,1,1,1,3,1,1,1,3,1,1,1,1,4,1,1,2,0,0,0,0,0,12,High Risk,Poor",,,,,,,,,,,,,,,,,,,,,,,,,,,,,,,,,,,,,,,,,,,,,,,
Groww Nifty Capital Markets ETF FoF Dir,solution-oriented,Equity: Thematic (Broad),Direct,,,,BSE 500 TRI,,,,,,,,,,,,,1,https://www.valueresearchonline.com/funds/45628/,,,,,,,,,,,,,,,,,,,,,,,,,,
",INF666M01MG6,153908,1,1,1,3,1,1,1,3,1,1,1,1,4,1,1,2,0,0,0,0,0,12,High Risk,Poor",,,,,,,,,,,,,,,,,,,,,,,,,,,,,,,,,,,,,,,,,,,,,,,
Groww Nifty Chemicals ETF,solution-oriented,Equity: Thematic (Broad),Direct,,,,BSE 500 TRI,,,,,,,,,,,,,20,https://www.valueresearchonline.com/funds/45751/,,,,,,,,,,,,,,,,,,,,,,,,,,
",INF666M01JQ1,153328,1,1,1,3,1,1,1,3,1,1,1,1,4,1,1.5,2.5,0,0,0,0,0,12.5,High Risk,Poor",,,,,,,,,,,,,,,,,,,,,,,,,,,,,,,,,,,,,,,,,,,,,,,
Groww Nifty India Defence ETF,solution-oriented,Equity: Thematic (Broad),Direct,7.51,,,BSE 500 TRI,1.84,,,,,,,,,,,,19,https://www.valueresearchonline.com/funds/44590/,,,,,,,,,,,,,,,,,,,,,,,,,,
",INF666M01IO8,152845,1,1,1,3,1,1,1,3,1,1,1,1,4,1,1,2,0,0,0,0,0,12,High Risk,Poor",,,,,,,,,,,,,,,,,,,,,,,,,,,,,,,,,,,,,,,,,,,,,,,
Groww Nifty India Defence ETF FoF Dir,solution-oriented,Equity: Thematic (Broad),Direct,6.96,,,BSE 500 TRI,1.84,,,,,,,,,,,,1,https://www.valueresearchonline.com/funds/44597/,,,,,,,,,,,,,,,,,,,,,,,,,,
",INF666M01IQ3,152925,1,1,1,3,1,1,1,3,1,1,1,1,4,1,1,2,0,0,0,0,0,12,High Risk,Poor",,,,,,,,,,,,,,,,,,,,,,,,,,,,,,,,,,,,,,,,,,,,,,,
Groww Nifty India Internet ETF,solution-oriented,Equity: Thematic (Broad),Direct,,,,BSE 500 TRI,,,,,,,,,,,,,25,https://www.valueresearchonline.com/funds/45241/,,,,,,,,,,,,,,,,,,,,,,,,,,
",INF666M01LI4,153625,1,1,1,3,1,1,1,3,1,1,1,1,4,1,1.5,2.5,0,0,0,0,0,12.5,High Risk,Poor",,,,,,,,,,,,,,,,,,,,,,,,,,,,,,,,,,,,,,,,,,,,,,,
Groww Nifty India Internet ETF FoF Dir,solution-oriented,Equity: Thematic (Broad),Direct,,,,BSE 500 TRI,,,,,,,,,,,,,1,https://www.valueresearchonline.com/funds/45244/,,,,,,,,,,,,,,,,,,,,,,,,,,
",INF666M01LC7,153626,1,1,1,3,1,1,1,3,1,1,1,1,4,1,1,2,0,0,0,0,0,12,High Risk,Poor",,,,,,,,,,,,,,,,,,,,,,,,,,,,,,,,,,,,,,,,,,,,,,,
Groww Nifty Metal ETF,solution-oriented,Equity: Thematic (Broad),Direct,,,,BSE 500 TRI,,,,,,,,,,,,,19,https://www.valueresearchonline.com/funds/45677/,,,,,,,,,,,,,,,,,,,,,,,,,,
",INF666M01NI0,154034,1,1,1,3,1,1,1,3,1,1,1,1,4,1,1,2,0,0,0,0,0,12,High Risk,Poor",,,,,,,,,,,,,,,,,,,,,,,,,,,,,,,,,,,,,,,,,,,,,,,
Groww Nifty Realty ETF,solution-oriented,Equity: Thematic (Broad),Direct,,,,BSE 500 TRI,,,,,,,,,,,,,10,https://www.valueresearchonline.com/funds/45522/,,,,,,,,,,,,,,,,,,,,,,,,,,
",INF666M01MN2,153899,1,1,1,3,1,1,1,3,1,1,1,1,4,1,1.5,2.5,0,0,0,0,0,12.5,High Risk,Poor",,,,,,,,,,,,,,,,,,,,,,,,,,,,,,,,,,,,,,,,,,,,,,,
HDFC BSE India Sector Leaders Index Dir,solution-oriented,Equity: Thematic (Broad),Direct,,,,BSE 500 TRI,,,,,,,,,,,,,25,https://www.valueresearchonline.com/funds/45589/,,,,,,,,,,,,,,,,,,,,,,,,,,
",INF179KC1JY6,153959,1,1,1,3,1,1,1,3,1.5,1.5,1.5,1.5,6,2,1.5,3.5,0,0,0,0,0,15.5,Moderately High Risk,Average",,,,,,,,,,,,,,,,,,,,,,,,,,,,,,,,,,,,,,,,,,,,,,,
HDFC Defence Dir,solution-oriented,Equity: Thematic (Broad),Direct,16.07,43.97,,BSE 500 TRI,1.84,13.36,,,,,,,,,,,23,https://www.valueresearchonline.com/funds/43512/,,,,,,,,,,,,,,,,,,,,,,,,,,
",INF179KC1GI5,151750,1,1,1,3,1,1,1,3,1,1,1,1,4,1,1,2,0,0,0,0,0,12,High Risk,Poor",,,,,,,,,,,,,,,,,,,,,,,,,,,,,,,,,,,,,,,,,,,,,,,
HDFC Housing Opportunities Dir,solution-oriented,Equity: Thematic (Broad),Direct,-0.82,15.12,14.86,BSE 500 TRI,1.84,13.36,12.53,2.33,1.08,0.95,15.01,20.38,,,,,25,https://www.valueresearchonline.com/funds/34770/,,,,,,,,,,,,,,,,,,,,,,,,,,
",INF179KC1AU3,141924,3,2,2,7,1,4,1,6,1,1,1,1,4,3,2,5,0,0,0,0,0,22,Moderate Risk,Average",,,,,,,,,,,,,,,,,,,,,,,,,,,,,,,,,,,,,,,,,,,,,,,
HDFC NIFTY Growth Sectors 15 ETF,solution-oriented,Equity: Thematic (Broad),Direct,-3.19,6.1,,BSE 500 TRI,1.84,13.36,,-3.36,0.84,0.42,13.92,12.02,,,,,15,https://www.valueresearchonline.com/funds/42537/,,,,,,,,,,,,,,,,,,,,,,,,,,
",INF179KC1DJ0,150621,1,1,2,4,2,3,1,6,1,1,1,1,4,1.5,1,2.5,0,0,0,0,0,16.5,Moderately High Risk,Average",,,,,,,,,,,,,,,,,,,,,,,,,,,,,,,,,,,,,,,,,,,,,,,
HDFC NIFTY Realty Index Dir,solution-oriented,Equity: Thematic (Broad),Direct,-18.76,,,BSE 500 TRI,1.84,,,,,,,,,,,,10,https://www.valueresearchonline.com/funds/44211/,,,,,,,,,,,,,,,,,,,,,,,,,,
",INF179K01VS0,119116,1,1,1,3,1,1,1,3,1,1,1,1,4,1,1.5,2.5,0,0,0,0,0,12.5,High Risk,Poor",,,,,,,,,,,,,,,,,,,,,,,,,,,,,,,,,,,,,,,,,,,,,,,
HSBC India Export Opportunities Dir,solution-oriented,Equity: Thematic (Broad),Direct,13.52,,,BSE 500 TRI,1.84,,,,,,,,,,,,25,https://www.valueresearchonline.com/funds/44524/,,,,,,,,,,,,,,,,,,,,,,,,,,
",INF336L01RO1,152829,1,1,1,3,1,1,1,3,1,1.5,1.5,1,5,1,1.5,2.5,0,0,0,0,0,13.5,Moderately High Risk,Average",,,,,,,,,,,,,,,,,,,,,,,,,,,,,,,,,,,,,,,,,,,,,,,
ICICI Pru Active Momentum Dir,solution-oriented,Equity: Thematic (Broad),Direct,,,,BSE 500 TRI,,,,,,,,,,,,,25,https://www.valueresearchonline.com/funds/45357/,,,,,,,,,,,,,,,,,,,,,,,,,,
",INF109K1A385,153684,1,1,1,3,1,1,1,3,1,1.5,2,1,5.5,1.5,1.5,3,0,0,0,0,0,14.5,Moderately High Risk,Average",,,,,,,,,,,,,,,,,,,,,,,,,,,,,,,,,,,,,,,,,,,,,,,
ICICI Pru Commodities Dir,solution-oriented,Equity: Thematic (Broad),Direct,18.77,19.2,18.19,BSE 500 TRI,1.84,13.36,12.53,5.71,0.93,1.13,14.14,22.05,,,,,25,https://www.valueresearchonline.com/funds/40306/,,,,,,,,,,,,,,,,,,,,,,,,,,
",INF109KC1F91,147662,4,3,3,10,2,4,1,7,1,1,1,1,4,1.5,2,3.5,0,0,0,0,0,24.5,Moderate Risk,Average",,,,,,,,,,,,,,,,,,,,,,,,,,,,,,,,,,,,,,,,,,,,,,,
ICICI Pru Conglomerate Dir,solution-oriented,Equity: Thematic (Broad),Direct,,,,BSE 500 TRI,,,,,,,,,,,,,25,https://www.valueresearchonline.com/funds/45489/,,,,,,,,,,,,,,,,,,,,,,,,,,
",INF109K1A427,153867,1,1,1,3,1,1,1,3,1,1,1.5,1,4.5,2,1.5,3.5,0,0,0,0,0,14,Moderately High Risk,Average",,,,,,,,,,,,,,,,,,,,,,,,,,,,,,,,,,,,,,,,,,,,,,,
ICICI Pru Eqt Minimum Variance Fund Dir,solution-oriented,Equity: Thematic (Broad),Direct,2.28,,,BSE 500 TRI,1.84,,,,,,,,,,,,25,https://www.valueresearchonline.com/funds/44744/,,,,,,,,,,,,,,,,,,,,,,,,,,
",INF109KC10Y6,153070,1,1,1,3,1,1,1,3,1,1,1.5,1,4.5,2,1.5,3.5,0,0,0,0,0,14,Moderately High Risk,Average",,,,,,,,,,,,,,,,,,,,,,,,,,,,,,,,,,,,,,,,,,,,,,,
ICICI Pru Exports & Services Dir,solution-oriented,Equity: Thematic (Broad),Direct,3.23,18.46,16.89,BSE 500 TRI,1.84,13.36,12.53,3.8,0.84,1.17,11.1,19.14,,,,,25,https://www.valueresearchonline.com/funds/15859/,,,,,,,,,,,,,,,,,,,,,,,,,,
",INF109K01W25,120688,3,3,3,9,2,4,1,7,1.5,1.5,1.5,1,5.5,2,1.5,3.5,0,0,0,0,0,25,Moderate Risk,Average",,,,,,,,,,,,,,,,,,,,,,,,,,,,,,,,,,,,,,,,,,,,,,,
ICICI Pru FMCG Dir,solution-oriented,Equity: Thematic (Broad),Direct,-10.26,-0.41,8.25,BSE 500 TRI,1.84,13.36,12.53,-8.99,0.8,-0.01,12.85,5.98,,,,,25,https://www.valueresearchonline.com/funds/15836/,,,,,,,,,,,,,,,,,,,,,,,,,,
",INF109K01Z14,120587,1,1,1,3,2,1,1,4,1,1,1,1,4,1.5,1,2.5,0,0,0,0,0,13.5,Moderately High Risk,Average",,,,,,,,,,,,,,,,,,,,,,,,,,,,,,,,,,,,,,,,,,,,,,,
ICICI Pru Housing Opportunities Dir,solution-oriented,Equity: Thematic (Broad),Direct,3.61,15.99,,BSE 500 TRI,1.84,13.36,,2.35,0.9,1.01,12.21,18.41,,,,,25,https://www.valueresearchonline.com/funds/42250/,,,,,,,,,,,,,,,,,,,,,,,,,,
",INF109KC10C2,150310,3,3,3,9,2,4,1,7,1.5,1,1,1,4.5,2,2,4,0,0,0,0,0,24.5,Moderate Risk,Average",,,,,,,,,,,,,,,,,,,,,,,,,,,,,,,,,,,,,,,,,,,,,,,
ICICI Pru India Opportunities Dir,solution-oriented,Equity: Thematic (Broad),Direct,3.69,19.71,20.75,BSE 500 TRI,1.84,13.36,12.53,8.01,0.82,1.54,11.11,23.23,,,,,25,https://www.valueresearchonline.com/funds/38585/,,,,,,,,,,,,,,,,,,,,,,,,,,
",INF109KC12W6,152728,4,4,3,11,2,4,1,7,2,1.5,1.5,1,6,3,2,5,0,0,0,0,0,29,Low Risk,Good",,,,,,,,,,,,,,,,,,,,,,,,,,,,,,,,,,,,,,,,,,,,,,,
ICICI Pru Multi Sector Passive FoF Dir,solution-oriented,Equity: Thematic (Broad),Direct,4.67,15.24,13.9,BSE 500 TRI,1.84,13.36,12.53,2.46,0.86,1.07,11.18,18.09,,,,,10,https://www.valueresearchonline.com/funds/15812/,,,,,,,,,,,,,,,,,,,,,,,,,,
",INF109K01W58,120242,3,3,3,9,2,4,1,7,1,1,1,1,4,1,1,2,0,0,0,0,0,22,Moderate Risk,Average",,,,,,,,,,,,,,,,,,,,,,,,,,,,,,,,,,,,,,,,,,,,,,,
ICICI Pru Nifty Commodities ETF,solution-oriented,Equity: Thematic (Broad),Direct,18.06,19.01,,BSE 500 TRI,1.84,13.36,,4.84,1.04,1.04,15.75,22.48,,,,,25,https://www.valueresearchonline.com/funds/42947/,,,,,,,,,,,,,,,,,,,,,,,,,,
",INF109KC19O8,151207,4,3,3,10,1,4,1,6,1,1,1,1,4,2,2,4,0,0,0,0,0,24,Moderate Risk,Average",,,,,,,,,,,,,,,,,,,,,,,,,,,,,,,,,,,,,,,,,,,,,,,
ICICI Pru Nifty FMCG ETF,solution-oriented,Equity: Thematic (Broad),Direct,-8.19,-0.5,,BSE 500 TRI,1.84,13.36,,-9.56,0.92,0.04,14.8,6.75,,,,,15,https://www.valueresearchonline.com/funds/41601/,,,,,,,,,,,,,,,,,,,,,,,,,,
",INF109KC19V3,149072,1,1,1,3,2,1,1,4,1,1,1,1,4,1.5,1,2.5,0,0,0,0,0,13.5,Moderately High Risk,Average",,,,,,,,,,,,,,,,,,,,,,,,,,,,,,,,,,,,,,,,,,,,,,,
ICICI Pru Nifty Metal ETF,solution-oriented,Equity: Thematic (Broad),Direct,43.18,,,BSE 500 TRI,1.84,,,,,,,,,,,,19,https://www.valueresearchonline.com/funds/44461/,,,,,,,,,,,,,,,,,,,,,,,,,,
",INF109KC1P81,148822,1,1,1,3,1,1,1,3,1,1,1,1,4,2,2,4,0,0,0,0,0,14,Moderately High Risk,Average",,,,,,,,,,,,,,,,,,,,,,,,,,,,,,,,,,,,,,,,,,,,,,,
ICICI Pru Nifty Oil & Gas ETF,solution-oriented,Equity: Thematic (Broad),Direct,-0.43,,,BSE 500 TRI,1.84,,,,,,,,,,,,15,https://www.valueresearchonline.com/funds/44432/,,,,,,,,,,,,,,,,,,,,,,,,,,
",INF109KC18W3,152748,1,1,1,3,1,1,1,3,1,1,1,1,4,3,3,6,0,0,0,0,0,16,Moderately High Risk,Average",,,,,,,,,,,,,,,,,,,,,,,,,,,,,,,,,,,,,,,,,,,,,,,
ICICI Pru Quality Dir,solution-oriented,Equity: Thematic (Broad),Direct,3.44,,,BSE 500 TRI,1.84,,,,,,,,,,,,25,https://www.valueresearchonline.com/funds/45164/,,,,,,,,,,,,,,,,,,,,,,,,,,
",INF109K1A187,153458,1,1,1,3,1,1,1,3,1.5,1.5,1.5,1,5.5,1.5,1,2.5,0,0,0,0,0,14,Moderately High Risk,Average",,,,,,,,,,,,,,,,,,,,,,,,,,,,,,,,,,,,,,,,,,,,,,,
ICICI Pru Rural Opportunities Dir,solution-oriented,Equity: Thematic (Broad),Direct,1.75,,,BSE 500 TRI,1.84,,,,,,,,,,,,25,https://www.valueresearchonline.com/funds/44846/,,,,,,,,,,,,,,,,,,,,,,,,,,
",INF109KC12Z9,153184,1,1,1,3,1,1,1,3,1.5,1,1,1,4.5,2,1.5,3.5,0,0,0,0,0,14,Moderately High Risk,Average",,,,,,,,,,,,,,,,,,,,,,,,,,,,,,,,,,,,,,,,,,,,,,,
JioBlackRock Sector Rotation Dir,solution-oriented,Equity: Thematic (Broad),Direct,,,,BSE 500 TRI,,,,,,,,,,,,,25,https://www.valueresearchonline.com/funds/45730/,,,,,,,,,,,,,,,,,,,,,,,,,,
",INF22M001168,154082,1,1,1,3,1,1,1,3,2,1.5,1.5,1,6,2,2,4,0,0,0,0,0,16,Moderately High Risk,Average",,,,,,,,,,,,,,,,,,,,,,,,,,,,,,,,,,,,,,,,,,,,,,,
Kotak Active Momentum Dir,solution-oriented,Equity: Thematic (Broad),Direct,,,,BSE 500 TRI,,,,,,,,,,,,,25,https://www.valueresearchonline.com/funds/45389/,,,,,,,,,,,,,,,,,,,,,,,,,,
",INF174KA1XA4,153753,1,1,1,3,1,1,1,3,1,2,2,1,6,2,2,4,0,0,0,0,0,16,Moderately High Risk,Average",,,,,,,,,,,,,,,,,,,,,,,,,,,,,,,,,,,,,,,,,,,,,,,
Kotak BSE Housing Index Dir,solution-oriented,Equity: Thematic (Broad),Direct,-3.91,,,BSE 500 TRI,1.84,,,,,,,,,,,,25,https://www.valueresearchonline.com/funds/43706/,,,,,,,,,,,,,,,,,,,,,,,,,,
",INF174KA1OX5,152039,1,1,1,3,1,1,1,3,1,1,1.5,1,4.5,1,1.5,2.5,0,0,0,0,0,13,Moderately High Risk,Average",,,,,,,,,,,,,,,,,,,,,,,,,,,,,,,,,,,,,,,,,,,,,,,
Kotak Multi Factor Passive FoF Dir,solution-oriented,Equity: Thematic (Broad),Direct,,,,BSE 500 TRI,,,,,,,,,,,,,2,https://www.valueresearchonline.com/funds/45899/,,,,,,,,,,,,,,,,,,,,,,,,,,
",INF174K01KM7,119757,1,1,1,3,1,1,1,3,1,1,1,1,4,1,1,2,0,0,0,0,0,12,High Risk,Poor",,,,,,,,,,,,,,,,,,,,,,,,,,,,,,,,,,,,,,,,,,,,,,,
Kotak Nifty Chemicals ETF,solution-oriented,Equity: Thematic (Broad),Direct,,,,BSE 500 TRI,,,,,,,,,,,,,20,https://www.valueresearchonline.com/funds/45570/,,,,,,,,,,,,,,,,,,,,,,,,,,
",INF174KA1XV0,153934,1,1,1,3,1,1,1,3,1,1,1,1,4,1,1.5,2.5,0,0,0,0,0,12.5,High Risk,Poor",,,,,,,,,,,,,,,,,,,,,,,,,,,,,,,,,,,,,,,,,,,,,,,
Kotak Nifty Commodities Index Dir,solution-oriented,Equity: Thematic (Broad),Direct,17.21,,,BSE 500 TRI,1.84,,,,,,,,,,,,25,https://www.valueresearchonline.com/funds/44991/,,,,,,,,,,,,,,,,,,,,,,,,,,
",INF174KA1VE0,153353,1,1,1,3,1,1,1,3,1,1,1,1,4,2,2,4,0,0,0,0,0,14,Moderately High Risk,Average",,,,,,,,,,,,,,,,,,,,,,,,,,,,,,,,,,,,,,,,,,,,,,,
Kotak Nifty India Tourism Index Dir,solution-oriented,Equity: Thematic (Broad),Direct,-12.33,,,BSE 500 TRI,1.84,,,,,,,,,,,,15,https://www.valueresearchonline.com/funds/44539/,,,,,,,,,,,,,,,,,,,,,,,,,,
",INF174KA1SZ1,152870,1,1,1,3,1,1,1,3,1,1,1,1,4,1,1,2,0,0,0,0,0,12,High Risk,Poor",,,,,,,,,,,,,,,,,,,,,,,,,,,,,,,,,,,,,,,,,,,,,,,
Kotak Rural Opportunities Dir,solution-oriented,Equity: Thematic (Broad),Direct,,,,BSE 500 TRI,,,,,,,,,,,,,25,https://www.valueresearchonline.com/funds/45597/,,,,,,,,,,,,,,,,,,,,,,,,,,
",INF174KA1XW8,153970,1,1,1,3,1,1,1,3,1,1,1,1,4,1.5,1.5,3,0,0,0,0,0,13,Moderately High Risk,Average",,,,,,,,,,,,,,,,,,,,,,,,,,,,,,,,,,,,,,,,,,,,,,,
Kotak Services Dir,solution-oriented,Equity: Thematic (Broad),Direct,,,,BSE 500 TRI,,,,,,,,,,,,,25,https://www.valueresearchonline.com/funds/45797/,,,,,,,,,,,,,,,,,,,,,,,,,,
",INF174KA1YV8,154149,1,1,1,3,1,1,1,3,1,1,1,1,4,1,1,2,0,0,0,0,0,12,High Risk,Poor",,,,,,,,,,,,,,,,,,,,,,,,,,,,,,,,,,,,,,,,,,,,,,,
Kotak Special Opportunities Dir,solution-oriented,Equity: Thematic (Broad),Direct,12.34,,,BSE 500 TRI,1.84,,,,,,,,,,,,25,https://www.valueresearchonline.com/funds/44382/,,,,,,,,,,,,,,,,,,,,,,,,,,
",INF174KA1SF3,152702,1,1,1,3,1,1,1,3,1,1.5,1.5,1,5,1.5,2,3.5,0,0,0,0,0,14.5,Moderately High Risk,Average",,,,,,,,,,,,,,,,,,,,,,,,,,,,,,,,,,,,,,,,,,,,,,,
Mirae Asset BSE India Defence ETF,solution-oriented,Equity: Thematic (Broad),Direct,,,,BSE 500 TRI,,,,,,,,,,,,,25,https://www.valueresearchonline.com/funds/45790/,,,,,,,,,,,,,,,,,,,,,,,,,,
",INF769K01QC2,154182,1,1,1,3,1,1,1,3,1,1,1,1,4,1,1,2,0,0,0,0,0,12,High Risk,Poor",,,,,,,,,,,,,,,,,,,,,,,,,,,,,,,,,,,,,,,,,,,,,,,
Mirae Asset BSE India Defence ETF FoF Dir,solution-oriented,Equity: Thematic (Broad),Direct,,,,BSE 500 TRI,,,,,,,,,,,,,1,https://www.valueresearchonline.com/funds/45811/,,,,,,,,,,,,,,,,,,,,,,,,,,
",INF769K01QG3,154187,1,1,1,3,1,1,1,3,1,1,1,1,4,1,1,2,0,0,0,0,0,12,High Risk,Poor",,,,,,,,,,,,,,,,,,,,,,,,,,,,,,,,,,,,,,,,,,,,,,,
Mirae Asset BSE Select IPO ETF,solution-oriented,Equity: Thematic (Broad),Direct,-6.52,,,BSE 500 TRI,1.84,,,,,,,,,,,,25,https://www.valueresearchonline.com/funds/45020/,,,,,,,,,,,,,,,,,,,,,,,,,,
",INF769K01ON4,153384,1,1,1,3,1,1,1,3,1.5,1.5,1.5,1,5.5,1,1.5,2.5,0,0,0,0,0,14,Moderately High Risk,Average",,,,,,,,,,,,,,,,,,,,,,,,,,,,,,,,,,,,,,,,,,,,,,,
Mirae Asset BSE Select IPO ETF FoF Dir,solution-oriented,Equity: Thematic (Broad),Direct,-6.39,,,BSE 500 TRI,1.84,,,,,,,,,,,,1,https://www.valueresearchonline.com/funds/45023/,,,,,,,,,,,,,,,,,,,,,,,,,,
",INF769K01OK0,153385,1,1,1,3,1,1,1,3,1,1,1,1,4,1,1,2,0,0,0,0,0,12,High Risk,Poor",,,,,,,,,,,,,,,,,,,,,,,,,,,,,,,,,,,,,,,,,,,,,,,
Mirae Asset Multi Factor Passive FoF Dir,solution-oriented,Equity: Thematic (Broad),Direct,,,,BSE 500 TRI,,,,,,,,,,,,,8,https://www.valueresearchonline.com/funds/45436/,,,,,,,,,,,,,,,,,,,,,,,,,,
",INF769K01PH3,153816,1,1,1,3,1,1,1,3,1,1,1,1,4,1,1,2,0,0,0,0,0,12,High Risk,Poor",,,,,,,,,,,,,,,,,,,,,,,,,,,,,,,,,,,,,,,,,,,,,,,
Mirae Asset Nifty India Internet ETF,solution-oriented,Equity: Thematic (Broad),Direct,,,,BSE 500 TRI,,,,,,,,,,,,,25,https://www.valueresearchonline.com/funds/45250/,,,,,,,,,,,,,,,,,,,,,,,,,,
",INF769K01HZ2,149790,1,1,1,3,1,1,1,3,1,1,1,1,4,1,1.5,2.5,0,0,0,0,0,12.5,High Risk,Poor",,,,,,,,,,,,,,,,,,,,,,,,,,,,,,,,,,,,,,,,,,,,,,,
Mirae Asset Nifty Metal ETF,solution-oriented,Equity: Thematic (Broad),Direct,43.16,,,BSE 500 TRI,1.84,,,,,,,,,,,,19,https://www.valueresearchonline.com/funds/44588/,,,,,,,,,,,,,,,,,,,,,,,,,,
",INF769K01LY7,152924,1,1,1,3,1,1,1,3,1,1,1,1,4,2,2,4,0,0,0,0,0,14,Moderately High Risk,Average",,,,,,,,,,,,,,,,,,,,,,,,,,,,,,,,,,,,,,,,,,,,,,,
Mirae Asset Nifty Metal ETF FoF Dir,solution-oriented,Equity: Thematic (Broad),Direct,,,,BSE 500 TRI,,,,,,,,,,,,,1,https://www.valueresearchonline.com/funds/45833/,,,,,,,,,,,,,,,,,,,,,,,,,,
",INF769K01QM1,154216,1,1,1,3,1,1,1,3,1,1,1,1,4,1,1,2,0,0,0,0,0,12,High Risk,Poor",,,,,,,,,,,,,,,,,,,,,,,,,,,,,,,,,,,,,,,,,,,,,,,
Motilal Oswal Active Momentum Dir,solution-oriented,Equity: Thematic (Broad),Direct,26.63,,,BSE 500 TRI,1.84,,,,,,,,,,,,25,https://www.valueresearchonline.com/funds/45002/,,,,,,,,,,,,,,,,,,,,,,,,,,
",INF247L01EP5,153364,1,1,1,3,1,1,1,3,1,1,1.5,1,4.5,1.5,1.5,3,0,0,0,0,0,13.5,Moderately High Risk,Average",,,,,,,,,,,,,,,,,,,,,,,,,,,,,,,,,,,,,,,,,,,,,,,
Motilal Oswal BSE Select IPO ETF,solution-oriented,Equity: Thematic (Broad),Direct,,,,BSE 500 TRI,,,,,,,,,,,,,25,https://www.valueresearchonline.com/funds/45639/,,,,,,,,,,,,,,,,,,,,,,,,,,
",INF247L01BT3,152090,1,1,1,3,1,1,1,3,1.5,1.5,1.5,1,5.5,1,1.5,2.5,0,0,0,0,0,14,Moderately High Risk,Average",,,,,,,,,,,,,,,,,,,,,,,,,,,,,,,,,,,,,,,,,,,,,,,
Motilal Oswal Multi Factor Passive FoF Dir,solution-oriented,Equity: Thematic (Broad),Direct,,,,BSE 500 TRI,,,,,,,,,,,,,4,https://www.valueresearchonline.com/funds/45874/,,,,,,,,,,,,,,,,,,,,,,,,,,
",INF247L01734,145834,1,1,1,3,1,1,1,3,1,1,1,1,4,1,1,2,0,0,0,0,0,12,High Risk,Poor",,,,,,,,,,,,,,,,,,,,,,,,,,,,,,,,,,,,,,,,,,,,,,,
Motilal Oswal Nifty Capital Market ETF,solution-oriented,Equity: Thematic (Broad),Direct,25.31,,,BSE 500 TRI,1.84,,,,,,,,,,,,17,https://www.valueresearchonline.com/funds/45051/,,,,,,,,,,,,,,,,,,,,,,,,,,
",INF247L01EV3,153406,1,1,1,3,1,1,1,3,1,1,1,1,4,1,1,2,0,0,0,0,0,12,High Risk,Poor",,,,,,,,,,,,,,,,,,,,,,,,,,,,,,,,,,,,,,,,,,,,,,,
Motilal Oswal Nifty Capital Market Index Dir,solution-oriented,Equity: Thematic (Broad),Direct,25.33,,,BSE 500 TRI,1.84,,,,,,,,,,,,17,https://www.valueresearchonline.com/funds/44755/,,,,,,,,,,,,,,,,,,,,,,,,,,
",INF247L01EB5,153138,1,1,1,3,1,1,1,3,1,1,1,1,4,1,1,2,0,0,0,0,0,12,High Risk,Poor",,,,,,,,,,,,,,,,,,,,,,,,,,,,,,,,,,,,,,,,,,,,,,,
Motilal Oswal Nifty India Defence ETF,solution-oriented,Equity: Thematic (Broad),Direct,7.61,,,BSE 500 TRI,1.84,,,,,,,,,,,,19,https://www.valueresearchonline.com/funds/44517/,,,,,,,,,,,,,,,,,,,,,,,,,,
",INF247L01DJ0,152846,1,1,1,3,1,1,1,3,1,1,1,1,4,1,1,2,0,0,0,0,0,12,High Risk,Poor",,,,,,,,,,,,,,,,,,,,,,,,,,,,,,,,,,,,,,,,,,,,,,,
Motilal Oswal Nifty India Defence Index Dir,solution-oriented,Equity: Thematic (Broad),Direct,7.57,,,BSE 500 TRI,1.84,,,,,,,,,,,,19,https://www.valueresearchonline.com/funds/44397/,,,,,,,,,,,,,,,,,,,,,,,,,,
",INF247L01CW5,152712,1,1,1,3,1,1,1,3,1,1,1,1,4,1,1,2,0,0,0,0,0,12,High Risk,Poor",,,,,,,,,,,,,,,,,,,,,,,,,,,,,,,,,,,,,,,,,,,,,,,
Motilal Oswal Nifty India Tourism ETF,solution-oriented,Equity: Thematic (Broad),Direct,-12.62,,,BSE 500 TRI,1.84,,,,,,,,,,,,15,https://www.valueresearchonline.com/funds/45240/,,,,,,,,,,,,,,,,,,,,,,,,,,
",INF247L01FP2,153618,1,1,1,3,1,1,1,3,1,1,1,1,4,1,1,2,0,0,0,0,0,12,High Risk,Poor",,,,,,,,,,,,,,,,,,,,,,,,,,,,,,,,,,,,,,,,,,,,,,,
Motilal Oswal Nifty MidSmall IT and Telecom Index Dir,solution-oriented,Equity: Thematic (Broad),Direct,-7.48,,,BSE 500 TRI,1.84,,,,,,,,,,,,20,https://www.valueresearchonline.com/funds/44682/,,,,,,,,,,,,,,,,,,,,,,,,,,
",INF247L01DY9,153029,1,1,1,3,1,1,1,3,1,1,1,1,4,3,1,4,0,0,0,0,0,14,Moderately High Risk,Average",,,,,,,,,,,,,,,,,,,,,,,,,,,,,,,,,,,,,,,,,,,,,,,
Motilal Oswal Nifty Realty ETF,solution-oriented,Equity: Thematic (Broad),Direct,-18.74,,,BSE 500 TRI,1.84,,,,,,,,,,,,10,https://www.valueresearchonline.com/funds/44250/,,,,,,,,,,,,,,,,,,,,,,,,,,
",INF247L01BT3,152090,1,1,1,3,1,1,1,3,1,1,1,1,4,1,1.5,2.5,0,0,0,0,0,12.5,High Risk,Poor",,,,,,,,,,,,,,,,,,,,,,,,,,,,,,,,,,,,,,,,,,,,,,,
Motilal Oswal Nifty Services Sector ETF,solution-oriented,Equity: Thematic (Broad),Direct,,,,BSE 500 TRI,,,,,,,,,,,,,25,https://www.valueresearchonline.com/funds/45660/,,,,,,,,,,,,,,,,,,,,,,,,,,
",INF247L01DW3,153027,1,1,1,3,1,1,1,3,1,1,1,1,4,2,2,4,0,0,0,0,0,14,Moderately High Risk,Average",,,,,,,,,,,,,,,,,,,,,,,,,,,,,,,,,,,,,,,,,,,,,,,
Motilal Oswal Services Dir,solution-oriented,Equity: Thematic (Broad),Direct,10.56,,,BSE 500 TRI,1.84,,,,,,,,,,,,25,https://www.valueresearchonline.com/funds/45186/,,,,,,,,,,,,,,,,,,,,,,,,,,
",INF247L01FE6,153558,1,1,1,3,1,1,1,3,1,1.5,1.5,1,5,1.5,1.5,3,0,0,0,0,0,14,Moderately High Risk,Average",,,,,,,,,,,,,,,,,,,,,,,,,,,,,,,,,,,,,,,,,,,,,,,
Motilal Oswal Special Opportunities Dir,solution-oriented,Equity: Thematic (Broad),Direct,,,,BSE 500 TRI,,,,,,,,,,,,,24,https://www.valueresearchonline.com/funds/45393/,,,,,,,,,,,,,,,,,,,,,,,,,,
",INF247L01FS6,153749,1,1,1,3,1,1,1,3,1,1,1,1,4,1,1.5,2.5,0,0,0,0,0,12.5,High Risk,Poor",,,,,,,,,,,,,,,,,,,,,,,,,,,,,,,,,,,,,,,,,,,,,,,
Nippon India Active Momentum Dir,solution-oriented,Equity: Thematic (Broad),Direct,10.68,,,BSE 500 TRI,1.84,,,,,,,,,,,,25,https://www.valueresearchonline.com/funds/44938/,,,,,,,,,,,,,,,,,,,,,,,,,,
",INF204KC1EK5,153274,1,1,1,3,1,1,1,3,1,1.5,1.5,1,5,2,1.5,3.5,0,0,0,0,0,14.5,Moderately High Risk,Average",,,,,,,,,,,,,,,,,,,,,,,,,,,,,,,,,,,,,,,,,,,,,,,
Nippon India Nifty Realty Index Dir,solution-oriented,Equity: Thematic (Broad),Direct,-18.77,,,BSE 500 TRI,1.84,,,,,,,,,,,,10,https://www.valueresearchonline.com/funds/44712/,,,,,,,,,,,,,,,,,,,,,,,,,,
",INF204KC1DY8,153060,1,1,1,3,1,1,1,3,1,1,1,1,4,1,1.5,2.5,0,0,0,0,0,12.5,High Risk,Poor",,,,,,,,,,,,,,,,,,,,,,,,,,,,,,,,,,,,,,,,,,,,,,,
Quant Commodities Dir,solution-oriented,Equity: Thematic (Broad),Direct,17.18,,,BSE 500 TRI,1.84,,,,,,,,,,,,14,https://www.valueresearchonline.com/funds/43966/,,,,,,,,,,,,,,,,,,,,,,,,,,
",INF966L01DF3,152255,1,1,1,3,1,1,1,3,1,1,1,1,4,1.5,2,3.5,0,0,0,0,0,13.5,Moderately High Risk,Average",,,,,,,,,,,,,,,,,,,,,,,,,,,,,,,,,,,,,,,,,,,,,,,
Quant Momentum Dir,solution-oriented,Equity: Thematic (Broad),Direct,9.03,,,BSE 500 TRI,1.84,,,,,,,,,,,,15,https://www.valueresearchonline.com/funds/43882/,,,,,,,,,,,,,,,,,,,,,,,,,,
",INF966L01CZ3,152189,1,1,1,3,1,1,1,3,1,1,1,1,4,1.5,2,3.5,0,0,0,0,0,13.5,Moderately High Risk,Average",,,,,,,,,,,,,,,,,,,,,,,,,,,,,,,,,,,,,,,,,,,,,,,
Quantum Ethical Dir,solution-oriented,Equity: Thematic (Broad),Direct,-1.31,,,BSE 500 TRI,1.84,,,,,,,,,,,,25,https://www.valueresearchonline.com/funds/44771/,,,,,,,,,,,,,,,,,,,,,,,,,,
",INF082J01473,153094,1,1,1,3,1,1,1,3,1,1.5,2,1,5.5,1,1,2,0,0,0,0,0,13.5,Moderately High Risk,Average",,,,,,,,,,,,,,,,,,,,,,,,,,,,,,,,,,,,,,,,,,,,,,,
Samco Active Momentum Dir,solution-oriented,Equity: Thematic (Broad),Direct,3.18,,,BSE 500 TRI,1.84,,,,,,,,,,,,25,https://www.valueresearchonline.com/funds/43515/,,,,,,,,,,,,,,,,,,,,,,,,,,
",INF0K1H01081,151753,1,1,1,3,1,1,1,3,1.5,2,2,1,6.5,1.5,1.5,3,0,0,0,0,0,15.5,Moderately High Risk,Average",,,,,,,,,,,,,,,,,,,,,,,,,,,,,,,,,,,,,,,,,,,,,,,
Samco Special Opportunities Dir,solution-oriented,Equity: Thematic (Broad),Direct,4.18,,,BSE 500 TRI,1.84,,,,,,,,,,,,25,https://www.valueresearchonline.com/funds/44280/,,,,,,,,,,,,,,,,,,,,,,,,,,
",INF0K1H01180,152586,1,1,1,3,1,1,1,3,1,1.5,1.5,1,5,2,2,4,0,0,0,0,0,15,Moderately High Risk,Average",,,,,,,,,,,,,,,,,,,,,,,,,,,,,,,,,,,,,,,,,,,,,,,
SBI Comma Dir,solution-oriented,Equity: Thematic (Broad),Direct,15.73,19.74,13.37,BSE 500 TRI,1.84,13.36,12.53,4.5,1.01,1.06,14.7,21.73,,,,,25,https://www.valueresearchonline.com/funds/17523/,,,,,,,,,,,,,,,,,,,,,,,,,,
",INF200K01SB6,119705,4,3,3,10,2,4,1,7,1,1,1,1,4,3,2,5,0,0,0,0,0,26,Moderate Risk,Average",,,,,,,,,,,,,,,,,,,,,,,,,,,,,,,,,,,,,,,,,,,,,,,
SBI Equity Minimum Variance Dir,solution-oriented,Equity: Thematic (Broad),Direct,1.38,9.99,10.78,BSE 500 TRI,1.84,13.36,12.53,-1.66,0.92,0.67,12.7,14.56,,,,,25,https://www.valueresearchonline.com/funds/39364/,,,,,,,,,,,,,,,,,,,,,,,,,,
",INF200KA1A71,146643,1,2,2,5,2,3,1,6,1.5,1,1,1,4.5,2,1.5,3.5,0,0,0,0,0,19,Moderately High Risk,Average",,,,,,,,,,,,,,,,,,,,,,,,,,,,,,,,,,,,,,,,,,,,,,,
SBI Quality Dir,solution-oriented,Equity: Thematic (Broad),Direct,,,,BSE 500 TRI,,,,,,,,,,,,,25,https://www.valueresearchonline.com/funds/45793/,,,,,,,,,,,,,,,,,,,,,,,,,,
",INF200KB1AG6,154177,1,1,1,3,1,1,1,3,1,1,1,1,4,1,1,2,0,0,0,0,0,12,High Risk,Poor",,,,,,,,,,,,,,,,,,,,,,,,,,,,,,,,,,,,,,,,,,,,,,,
Shriram Multi Sector Rotation Dir,solution-oriented,Equity: Thematic (Broad),Direct,4.15,,,BSE 500 TRI,1.84,,,,,,,,,,,,25,https://www.valueresearchonline.com/funds/44669/,,,,,,,,,,,,,,,,,,,,,,,,,,
",INF680P01455,153076,1,1,1,3,1,1,1,3,1,1,1.5,1,4.5,3,2,5,0,0,0,0,0,15.5,Moderately High Risk,Average",,,,,,,,,,,,,,,,,,,,,,,,,,,,,,,,,,,,,,,,,,,,,,,
Sundaram Multi-Factor Dir,solution-oriented,Equity: Thematic (Broad),Direct,,,,BSE 500 TRI,,,,,,,,,,,,,25,https://www.valueresearchonline.com/funds/45285/,,,,,,,,,,,,,,,,,,,,,,,,,,
",INF903JA1LV6,153669,1,1,1,3,1,1,1,3,1.5,1.5,1.5,1,5.5,3,2,5,0,0,0,0,0,16.5,Moderately High Risk,Average",,,,,,,,,,,,,,,,,,,,,,,,,,,,,,,,,,,,,,,,,,,,,,,
Sundaram Services Dir,solution-oriented,Equity: Thematic (Broad),Direct,2.43,16.26,16.43,BSE 500 TRI,1.84,13.36,12.53,2.53,0.89,1,12.36,18.51,,,,,25,https://www.valueresearchonline.com/funds/37577/,,,,,,,,,,,,,,,,,,,,,,,,,,
",INF903JA1FA2,144835,3,3,3,9,2,4,1,7,1.5,1.5,1.5,1,5.5,1.5,2,3.5,0,0,0,0,0,25,Moderate Risk,Average",,,,,,,,,,,,,,,,,,,,,,,,,,,,,,,,,,,,,,,,,,,,,,,
Tata BSE Select Business Groups Index Dir,solution-oriented,Equity: Thematic (Broad),Direct,6.69,,,BSE 500 TRI,1.84,,,,,,,,,,,,25,https://www.valueresearchonline.com/funds/44792/,,,,,,,,,,,,,,,,,,,,,,,,,,
",INF277KA1DA2,153132,1,1,1,3,1,1,1,3,1,1,1,1,4,2,1.5,3.5,0,0,0,0,0,13.5,Moderately High Risk,Average",,,,,,,,,,,,,,,,,,,,,,,,,,,,,,,,,,,,,,,,,,,,,,,
Tata Ethical Dir,solution-oriented,Equity: Thematic (Broad),Direct,-4.46,6.96,9.21,BSE 500 TRI,1.84,13.36,12.53,-4.3,0.94,0.47,12.91,12.22,,,,,25,https://www.valueresearchonline.com/funds/16683/,,,,,,,,,,,,,,,,,,,,,,,,,,
",INF277K01NG4,119172,1,1,2,4,2,3,1,6,1.5,1.5,1.5,1,5.5,1.5,1.5,3,0,0,0,0,0,18.5,Moderately High Risk,Average",,,,,,,,,,,,,,,,,,,,,,,,,,,,,,,,,,,,,,,,,,,,,,,
Tata Housing Opportunities Dir,solution-oriented,Equity: Thematic (Broad),Direct,-0.81,11.11,,BSE 500 TRI,1.84,13.36,,-1.92,1.09,0.67,15.09,16.18,,,,,25,https://www.valueresearchonline.com/funds/42447/,,,,,,,,,,,,,,,,,,,,,,,,,,
",INF277KA1497,150532,1,2,2,5,1,3,1,5,1,1,1,1,4,1.5,2,3.5,0,0,0,0,0,17.5,Moderately High Risk,Average",,,,,,,,,,,,,,,,,,,,,,,,,,,,,,,,,,,,,,,,,,,,,,,
Tata Nifty Capital Markets Index Fund Dir,solution-oriented,Equity: Thematic (Broad),Direct,24.91,,,BSE 500 TRI,1.84,,,,,,,,,,,,17,https://www.valueresearchonline.com/funds/44638/,,,,,,,,,,,,,,,,,,,,,,,,,,
",INF277KA1CO5,152951,1,1,1,3,1,1,1,3,1,1,1,1,4,1,1,2,0,0,0,0,0,12,High Risk,Poor",,,,,,,,,,,,,,,,,,,,,,,,,,,,,,,,,,,,,,,,,,,,,,,
Tata Nifty India Tourism Index Dir,solution-oriented,Equity: Thematic (Broad),Direct,-12.36,,,BSE 500 TRI,1.84,,,,,,,,,,,,15,https://www.valueresearchonline.com/funds/44426/,,,,,,,,,,,,,,,,,,,,,,,,,,
",INF277KA1CC0,152742,1,1,1,3,1,1,1,3,1,1,1,1,4,1,1,2,0,0,0,0,0,12,High Risk,Poor",,,,,,,,,,,,,,,,,,,,,,,,,,,,,,,,,,,,,,,,,,,,,,,
Tata Nifty Realty Index Dir,solution-oriented,Equity: Thematic (Broad),Direct,-18.8,,,BSE 500 TRI,1.84,,,,,,,,,,,,10,https://www.valueresearchonline.com/funds/44261/,,,,,,,,,,,,,,,,,,,,,,,,,,
",INF277KA1AO9,152570,1,1,1,3,1,1,1,3,1,1,1,1,4,1,1.5,2.5,0,0,0,0,0,12.5,High Risk,Poor",,,,,,,,,,,,,,,,,,,,,,,,,,,,,,,,,,,,,,,,,,,,,,,
Taurus Ethical Dir,solution-oriented,Equity: Thematic (Broad),Direct,0.95,14.21,11.39,BSE 500 TRI,1.84,13.36,12.53,0.23,0.99,0.81,13.78,17.33,,,,,25,https://www.valueresearchonline.com/funds/16658/,,,,,,,,,,,,,,,,,,,,,,,,,,
",INF044D01CJ0,118876,2,2,2,6,2,3,1,6,1.5,1.5,1.5,1.5,6,2,1.5,3.5,0,0,0,0,0,21.5,Moderate Risk,Average",,,,,,,,,,,,,,,,,,,,,,,,,,,,,,,,,,,,,,,,,,,,,,,
The Wealth Company Ethical Dir,solution-oriented,Equity: Thematic (Broad),Direct,,,,BSE 500 TRI,,,,,,,,,,,,,25,https://www.valueresearchonline.com/funds/45525/,,,,,,,,,,,,,,,,,,,,,,,,,,
",INF2F0001214,153895,1,1,1,3,1,1,1,3,1,1.5,2,1,5.5,1.5,1.5,3,0,0,0,0,0,14.5,Moderately High Risk,Average",,,,,,,,,,,,,,,,,,,,,,,,,,,,,,,,,,,,,,,,,,,,,,,
Union Active Momentum Dir,solution-oriented,Equity: Thematic (Broad),Direct,11.7,,,BSE 500 TRI,1.84,,,,,,,,,,,,25,https://www.valueresearchonline.com/funds/44784/,,,,,,,,,,,,,,,,,,,,,,,,,,
",INF582M01KG9,153109,1,1,1,3,1,1,1,3,1,1.5,2,1,5.5,2,2,4,0,0,0,0,0,15.5,Moderately High Risk,Average",,,,,,,,,,,,,,,,,,,,,,,,,,,,,,,,,,,,,,,,,,,,,,,
UTI BSE Housing Index Dir,solution-oriented,Equity: Thematic (Broad),Direct,-4,11.1,,BSE 500 TRI,1.84,13.36,,,,,,,,,,,25,https://www.valueresearchonline.com/funds/43521/,,,,,,,,,,,,,,,,,,,,,,,,,,
",INF789F1AYR1,151764,1,1,1,3,1,1,1,3,1,1,1.5,1,4.5,1,1.5,2.5,0,0,0,0,0,13,Moderately High Risk,Average",,,,,,,,,,,,,,,,,,,,,,,,,,,,,,,,,,,,,,,,,,,,,,,
WhiteOak Capital Quality Equity Dir,solution-oriented,Equity: Thematic (Broad),Direct,-2.81,,,BSE 500 TRI,1.84,,,,,,,,,,,,25,https://www.valueresearchonline.com/funds/44853/,,,,,,,,,,,,,,,,,,,,,,,,,,
",INF03VN01977,153189,1,1,1,3,1,1,1,3,1.5,1.5,1.5,1,5.5,1,1,2,0,0,0,0,0,13.5,Moderately High Risk,Average",,,,,,,,,,,,,,,,,,,,,,,,,,,,,,,,,,,,,,,,,,,,,,,
WhiteOak Capital Special Opportunities Dir,solution-oriented,Equity: Thematic (Broad),Direct,10.1,,,BSE 500 TRI,1.84,,,,,,,,,,,,25,https://www.valueresearchonline.com/funds/44333/,,,,,,,,,,,,,,,,,,,,,,,,,,
",INF03VN01902,152644,1,1,1,3,1,1,1,3,1.5,1.5,1.5,1,5.5,1.5,1.5,3,0,0,0,0,0,14.5,Moderately High Risk,Average",,,,,,,,,,,,,,,,,,,,,,,,,,,,,,,,,,,,,,,,,,,,,,,
ABSL Consumption Dir,solution-oriented,Equity: Thematic (Infra),Direct,-3.2,10.65,12.32,BSE 500 TRI,1.84,13.36,12.53,-0.95,0.78,0.76,13.25,16.14,,,,,25,https://www.valueresearchonline.com/funds/15834/,,,,,,,,,,,,,,,,,,,,,,,,,,
",INF209K01WC7,119591,1,2,2,5,2,3,1,6,1.5,1.5,1.5,1,5.5,1,1,2,0,0,0,0,0,18.5,Moderately High Risk,Average",,,,,,,,,,,,,,,,,,,,,,,,,,,,,,,,,,,,,,,,,,,,,,,
Axis Consumption Dir,solution-oriented,Equity: Thematic (Infra),Direct,0,,,BSE 500 TRI,1.84,,,,,,,,,,,,25,https://www.valueresearchonline.com/funds/44466/,,,,,,,,,,,,,,,,,,,,,,,,,,
",INF846K013X0,152805,1,1,1,3,1,1,1,3,1.5,1,1,1,4.5,1,1,2,0,0,0,0,0,12.5,High Risk,Poor",,,,,,,,,,,,,,,,,,,,,,,,,,,,,,,,,,,,,,,,,,,,,,,
Axis NIFTY India Consumption ETF,solution-oriented,Equity: Thematic (Infra),Direct,1.85,12.51,,BSE 500 TRI,1.84,13.36,,0.02,0.82,0.81,14.29,17.7,,,,,25,https://www.valueresearchonline.com/funds/41685/,,,,,,,,,,,,,,,,,,,,,,,,,,
",INF846K013X0,152805,2,2,2,6,2,3,1,6,1,1,1,1,4,1,1,2,0,0,0,0,0,18,Moderately High Risk,Average",,,,,,,,,,,,,,,,,,,,,,,,,,,,,,,,,,,,,,,,,,,,,,,
Bajaj Finserv Consumption Dir,solution-oriented,Equity: Thematic (Infra),Direct,-3.79,,,BSE 500 TRI,1.84,,,,,,,,,,,,25,https://www.valueresearchonline.com/funds/44689/,,,,,,,,,,,,,,,,,,,,,,,,,,
",INF0QA701946,153075,1,1,1,3,1,1,1,3,1.5,1.5,1.5,1,5.5,1,1,2,0,0,0,0,0,13.5,Moderately High Risk,Average",,,,,,,,,,,,,,,,,,,,,,,,,,,,,,,,,,,,,,,,,,,,,,,
Bank of India Consumption Dir,solution-oriented,Equity: Thematic (Infra),Direct,2.94,,,BSE 500 TRI,1.84,,,,,,,,,,,,25,https://www.valueresearchonline.com/funds/44808/,,,,,,,,,,,,,,,,,,,,,,,,,,
",INF761K01GI7,153139,1,1,1,3,1,1,1,3,1,1,1,1,4,1.5,1,2.5,0,0,0,0,0,12.5,High Risk,Poor",,,,,,,,,,,,,,,,,,,,,,,,,,,,,,,,,,,,,,,,,,,,,,,
Baroda BNP Paribas India Consumption Dir,solution-oriented,Equity: Thematic (Infra),Direct,-1.63,11.44,12.84,BSE 500 TRI,1.84,13.36,12.53,-0.26,0.8,0.81,13.67,17.19,,,,,25,https://www.valueresearchonline.com/funds/37339/,,,,,,,,,,,,,,,,,,,,,,,,,,
",INF251K01PT7,150266,1,2,2,5,2,3,1,6,1,1,1,1,4,1,1,2,0,0,0,0,0,17,Moderately High Risk,Average",,,,,,,,,,,,,,,,,,,,,,,,,,,,,,,,,,,,,,,,,,,,,,,
Canara Robeco Consumer Trends Dir,solution-oriented,Equity: Thematic (Infra),Direct,-2,12.03,13.52,BSE 500 TRI,1.84,13.36,12.53,0.25,0.76,0.85,13.03,17.15,,,,,25,https://www.valueresearchonline.com/funds/16600/,,,,,,,,,,,,,,,,,,,,,,,,,,
",INF760K01DU1,118273,2,2,2,6,2,3,1,6,1,1.5,1.5,1,5,1.5,1.5,3,0,0,0,0,0,20,Moderate Risk,Average",,,,,,,,,,,,,,,,,,,,,,,,,,,,,,,,,,,,,,,,,,,,,,,
Edelweiss Consumption Dir,solution-oriented,Equity: Thematic (Infra),Direct,2.09,,,BSE 500 TRI,1.84,,,,,,,,,,,,25,https://www.valueresearchonline.com/funds/44882/,,,,,,,,,,,,,,,,,,,,,,,,,,
",INF754K01TY2,153214,1,1,1,3,1,1,1,3,1.5,1.5,1.5,1,5.5,1,1,2,0,0,0,0,0,13.5,Moderately High Risk,Average",,,,,,,,,,,,,,,,,,,,,,,,,,,,,,,,,,,,,,,,,,,,,,,
Groww Nifty Non-Cyclical Consumer Index Dir,solution-oriented,Equity: Thematic (Infra),Direct,-3.26,,,BSE 500 TRI,1.84,,,,,,,,,,,,25,https://www.valueresearchonline.com/funds/44325/,,,,,,,,,,,,,,,,,,,,,,,,,,
",INF666M01IE9,152637,1,1,1,3,1,1,1,3,1,1,1,1,4,1,1,2,0,0,0,0,0,12,High Risk,Poor",,,,,,,,,,,,,,,,,,,,,,,,,,,,,,,,,,,,,,,,,,,,,,,
HDFC Consumption Dir,solution-oriented,Equity: Thematic (Infra),Direct,-1.06,,,BSE 500 TRI,1.84,,,,,,,,,,,,25,https://www.valueresearchonline.com/funds/43559/,,,,,,,,,,,,,,,,,,,,,,,,,,
",INF179KA1IZ7,128629,1,1,1,3,1,1,1,3,1,1,1,1,4,1,1,2,0,0,0,0,0,12,High Risk,Poor",,,,,,,,,,,,,,,,,,,,,,,,,,,,,,,,,,,,,,,,,,,,,,,
HDFC Nifty India Consumption Index Dir,solution-oriented,Equity: Thematic (Infra),Direct,,,,BSE 500 TRI,,,,,,,,,,,,,25,https://www.valueresearchonline.com/funds/45800/,,,,,,,,,,,,,,,,,,,,,,,,,,
",INF179KC1KA4,154179,1,1,1,3,1,1,1,3,1,1,1,1,4,1,1,2,0,0,0,0,0,12,High Risk,Poor",,,,,,,,,,,,,,,,,,,,,,,,,,,,,,,,,,,,,,,,,,,,,,,
HSBC Consumption Dir,solution-oriented,Equity: Thematic (Infra),Direct,2.43,,,BSE 500 TRI,1.84,,,,,,,,,,,,25,https://www.valueresearchonline.com/funds/43710/,,,,,,,,,,,,,,,,,,,,,,,,,,
",INF336L01QZ9,152032,1,1,1,3,1,1,1,3,1.5,1.5,1.5,1,5.5,1,1,2,0,0,0,0,0,13.5,Moderately High Risk,Average",,,,,,,,,,,,,,,,,,,,,,,,,,,,,,,,,,,,,,,,,,,,,,,
ICICI Pru Bharat Consumption Dir,solution-oriented,Equity: Thematic (Infra),Direct,0.23,13.1,14.91,BSE 500 TRI,1.84,13.36,12.53,0.17,0.73,0.82,12.79,16.64,,,,,25,https://www.valueresearchonline.com/funds/39672/,,,,,,,,,,,,,,,,,,,,,,,,,,
",INF109KC1YD4,146951,2,2,2,6,2,3,2,7,1.5,1,1.5,1,5,1.5,1,2.5,0,0,0,0,0,20.5,Moderate Risk,Average",,,,,,,,,,,,,,,,,,,,,,,,,,,,,,,,,,,,,,,,,,,,,,,
ICICI Pru Nifty India Consumption ETF,solution-oriented,Equity: Thematic (Infra),Direct,2.02,12.72,,BSE 500 TRI,1.84,13.36,,0.19,0.82,0.82,14.31,17.89,,,,,25,https://www.valueresearchonline.com/funds/41802/,,,,,,,,,,,,,,,,,,,,,,,,,,
",INF109KC1V42,149285,2,2,2,6,2,3,1,6,1,1,1,1,4,1,1,2,0,0,0,0,0,18,Moderately High Risk,Average",,,,,,,,,,,,,,,,,,,,,,,,,,,,,,,,,,,,,,,,,,,,,,,
Invesco India Consumption Dir,solution-oriented,Equity: Thematic (Infra),Direct,,,,BSE 500 TRI,,,,,,,,,,,,,25,https://www.valueresearchonline.com/funds/45529/,,,,,,,,,,,,,,,,,,,,,,,,,,
",INF205KA1BI6,153900,1,1,1,3,1,1,1,3,1,1.5,1.5,1,5,1,1,2,0,0,0,0,0,13,Moderately High Risk,Average",,,,,,,,,,,,,,,,,,,,,,,,,,,,,,,,,,,,,,,,,,,,,,,
ITI Bharat Consumption Dir,solution-oriented,Equity: Thematic (Infra),Direct,4.14,,,BSE 500 TRI,1.84,,,,,,,,,,,,25,https://www.valueresearchonline.com/funds/44922/,,,,,,,,,,,,,,,,,,,,,,,,,,
",INF00XX01DG1,153260,1,1,1,3,1,1,1,3,1.5,1.5,1.5,1,5.5,1.5,1,2.5,0,0,0,0,0,14,Moderately High Risk,Average",,,,,,,,,,,,,,,,,,,,,,,,,,,,,,,,,,,,,,,,,,,,,,,
Kotak Consumption Dir,solution-oriented,Equity: Thematic (Infra),Direct,4.94,,,BSE 500 TRI,1.84,,,,,,,,,,,,25,https://www.valueresearchonline.com/funds/43860/,,,,,,,,,,,,,,,,,,,,,,,,,,
",INF174KA1PP8,152169,1,1,1,3,1,1,1,3,1,1,1,1,4,1,1,2,0,0,0,0,0,12,High Risk,Poor",,,,,,,,,,,,,,,,,,,,,,,,,,,,,,,,,,,,,,,,,,,,,,,
Kotak NIFTY India Consumption ETF,solution-oriented,Equity: Thematic (Infra),Direct,2.1,12.82,,BSE 500 TRI,1.84,13.36,,0.27,0.82,0.83,14.3,17.96,,,,,25,https://www.valueresearchonline.com/funds/42398/,,,,,,,,,,,,,,,,,,,,,,,,,,
",INF174KA1PP8,152169,2,2,2,6,2,3,1,6,1,1,1,1,4,1,1,2,0,0,0,0,0,18,Moderately High Risk,Average",,,,,,,,,,,,,,,,,,,,,,,,,,,,,,,,,,,,,,,,,,,,,,,
LIC MF Consumption Dir,solution-oriented,Equity: Thematic (Infra),Direct,,,,BSE 500 TRI,,,,,,,,,,,,,25,https://www.valueresearchonline.com/funds/45568/,,,,,,,,,,,,,,,,,,,,,,,,,,
",INF767K01SD0,153948,1,1,1,3,1,1,1,3,1.5,2,2,1,6.5,1.5,1,2.5,0,0,0,0,0,15,Moderately High Risk,Average",,,,,,,,,,,,,,,,,,,,,,,,,,,,,,,,,,,,,,,,,,,,,,,
Mahindra Manulife Consumption Dir,solution-oriented,Equity: Thematic (Infra),Direct,0.2,11.6,12.75,BSE 500 TRI,1.84,13.36,12.53,-0.83,0.82,0.79,13.75,16.91,,,,,25,https://www.valueresearchonline.com/funds/37847/,,,,,,,,,,,,,,,,,,,,,,,,,,
",INF174V01663,145356,1,2,2,5,2,3,1,6,1,1.5,1.5,1,5,1,1,2,0,0,0,0,0,18,Moderately High Risk,Average",,,,,,,,,,,,,,,,,,,,,,,,,,,,,,,,,,,,,,,,,,,,,,,
Mirae Asset Great Consumer Dir,solution-oriented,Equity: Thematic (Infra),Direct,1.7,12.46,14.89,BSE 500 TRI,1.84,13.36,12.53,-0.86,0.89,0.78,15.05,17.87,,,,,25,https://www.valueresearchonline.com/funds/16584/,,,,,,,,,,,,,,,,,,,,,,,,,,
",INF769K01BL5,118837,1,2,2,5,1,3,1,5,1,1,1,1,4,1,1,2,0,0,0,0,0,16,Moderately High Risk,Average",,,,,,,,,,,,,,,,,,,,,,,,,,,,,,,,,,,,,,,,,,,,,,,
Mirae Asset Nifty India New Age Consumption ETF,solution-oriented,Equity: Thematic (Infra),Direct,-0.08,,,BSE 500 TRI,1.84,,,,,,,,,,,,25,https://www.valueresearchonline.com/funds/44832/,,,,,,,,,,,,,,,,,,,,,,,,,,
",INF769K01NS5,153191,1,1,1,3,1,1,1,3,1.5,1.5,1.5,1,5.5,1.5,1,2.5,0,0,0,0,0,14,Moderately High Risk,Average",,,,,,,,,,,,,,,,,,,,,,,,,,,,,,,,,,,,,,,,,,,,,,,
Mirae Asset Nifty India New Age Consumption ETF FoF Dir,solution-oriented,Equity: Thematic (Infra),Direct,-0.65,,,BSE 500 TRI,1.84,,,,,,,,,,,,1,https://www.valueresearchonline.com/funds/44835/,,,,,,,,,,,,,,,,,,,,,,,,,,
",INF769K01NP1,153192,1,1,1,3,1,1,1,3,1,1,1,1,4,1,1,2,0,0,0,0,0,12,High Risk,Poor",,,,,,,,,,,,,,,,,,,,,,,,,,,,,,,,,,,,,,,,,,,,,,,
Motilal Oswal Consumption Dir,solution-oriented,Equity: Thematic (Infra),Direct,,,,BSE 500 TRI,,,,,,,,,,,,,25,https://www.valueresearchonline.com/funds/45543/,,,,,,,,,,,,,,,,,,,,,,,,,,
",INF247L01GA2,153913,1,1,1,3,1,1,1,3,1,1,1.5,1,4.5,1,1,2,0,0,0,0,0,12.5,High Risk,Poor",,,,,,,,,,,,,,,,,,,,,,,,,,,,,,,,,,,,,,,,,,,,,,,
Motilal Oswal Nifty MidSmall India Consumption Index Dir,solution-oriented,Equity: Thematic (Infra),Direct,-5.53,,,BSE 500 TRI,1.84,,,,,,,,,,,,25,https://www.valueresearchonline.com/funds/44680/,,,,,,,,,,,,,,,,,,,,,,,,,,
",INF247L01DU7,153025,1,1,1,3,1,1,1,3,1,1,1,1,4,1,1,2,0,0,0,0,0,12,High Risk,Poor",,,,,,,,,,,,,,,,,,,,,,,,,,,,,,,,,,,,,,,,,,,,,,,
Nippon India Consumption Dir,solution-oriented,Equity: Thematic (Infra),Direct,-3.31,11.86,14.99,BSE 500 TRI,1.84,13.36,12.53,-1.12,0.8,0.73,13.91,16.22,,,,,25,https://www.valueresearchonline.com/funds/16131/,,,,,,,,,,,,,,,,,,,,,,,,,,
",INF204K01G29,118722,1,2,2,5,2,3,1,6,1,1,1,1,4,1,1,2,0,0,0,0,0,17,Moderately High Risk,Average",,,,,,,,,,,,,,,,,,,,,,,,,,,,,,,,,,,,,,,,,,,,,,,
Nippon India ETF Nifty India Consumption,solution-oriented,Equity: Thematic (Infra),Direct,1.91,12.59,13.57,BSE 500 TRI,1.84,13.36,12.53,0.07,0.82,0.82,14.29,17.75,,,,,25,https://www.valueresearchonline.com/funds/25700/,,,,,,,,,,,,,,,,,,,,,,,,,,
",INF204K01G52,118724,2,2,2,6,2,3,1,6,1,1,1,1,4,1,1,2,0,0,0,0,0,18,Moderately High Risk,Average",,,,,,,,,,,,,,,,,,,,,,,,,,,,,,,,,,,,,,,,,,,,,,,
Quant Consumption Dir,solution-oriented,Equity: Thematic (Infra),Direct,0.06,,,BSE 500 TRI,1.84,,,,,,,,,,,,12,https://www.valueresearchonline.com/funds/44053/,,,,,,,,,,,,,,,,,,,,,,,,,,
",INF966L01DN7,152336,1,1,1,3,1,1,1,3,1,1,1,1,4,1,1.5,2.5,0,0,0,0,0,12.5,High Risk,Poor",,,,,,,,,,,,,,,,,,,,,,,,,,,,,,,,,,,,,,,,,,,,,,,
SBI Consumption Opportunities Dir,solution-oriented,Equity: Thematic (Infra),Direct,-5.35,8.87,14.44,BSE 500 TRI,1.84,13.36,12.53,-3.38,0.84,0.59,14.4,14.53,,,,,25,https://www.valueresearchonline.com/funds/17525/,,,,,,,,,,,,,,,,,,,,,,,,,,
",INF200K01RM5,120575,1,2,2,5,2,3,1,6,1,1.5,1.5,1,5,1,1,2,0,0,0,0,0,18,Moderately High Risk,Average",,,,,,,,,,,,,,,,,,,,,,,,,,,,,,,,,,,,,,,,,,,,,,,
SBI Nifty Consumption ETF,solution-oriented,Equity: Thematic (Infra),Direct,1.96,12.64,,BSE 500 TRI,1.84,13.36,,0.12,0.82,0.82,14.31,17.81,,,,,25,https://www.valueresearchonline.com/funds/41572/,,,,,,,,,,,,,,,,,,,,,,,,,,
",INF200KA1X17,149041,2,2,2,6,2,3,1,6,1,1,1,1,4,1,1,2,0,0,0,0,0,18,Moderately High Risk,Average",,,,,,,,,,,,,,,,,,,,,,,,,,,,,,,,,,,,,,,,,,,,,,,
SBI Nifty India Consmpn Index Dir,solution-oriented,Equity: Thematic (Infra),Direct,1.82,,,BSE 500 TRI,1.84,,,,,,,,,,,,25,https://www.valueresearchonline.com/funds/44672/,,,,,,,,,,,,,,,,,,,,,,,,,,
",INF200KB1449,153015,1,1,1,3,1,1,1,3,1,1,1,1,4,1,1,2,0,0,0,0,0,12,High Risk,Poor",,,,,,,,,,,,,,,,,,,,,,,,,,,,,,,,,,,,,,,,,,,,,,,
Sundaram Consumption Dir,solution-oriented,Equity: Thematic (Infra),Direct,-5.12,10.89,12.07,BSE 500 TRI,1.84,13.36,12.53,-1.49,0.81,0.71,14.05,16.02,,,,,25,https://www.valueresearchonline.com/funds/16163/,,,,,,,,,,,,,,,,,,,,,,,,,,
",INF903J01NH5,119595,1,2,2,5,2,3,1,6,1,1,1,1,4,1,1,2,0,0,0,0,0,17,Moderately High Risk,Average",,,,,,,,,,,,,,,,,,,,,,,,,,,,,,,,,,,,,,,,,,,,,,,
Tata BSE Multicap Consmpn 50:30:20 Index Dir,solution-oriented,Equity: Thematic (Infra),Direct,,,,BSE 500 TRI,,,,,,,,,,,,,25,https://www.valueresearchonline.com/funds/45705/,,,,,,,,,,,,,,,,,,,,,,,,,,
",INF277KA1EP8,154066,1,1,1,3,1,1,1,3,2,1.5,1.5,1,6,1.5,1,2.5,0,0,0,0,0,14.5,Moderately High Risk,Average",,,,,,,,,,,,,,,,,,,,,,,,,,,,,,,,,,,,,,,,,,,,,,,
Tata India Consumer Dir,solution-oriented,Equity: Thematic (Infra),Direct,7.01,15.39,15.5,BSE 500 TRI,1.84,13.36,12.53,0.71,0.81,0.85,14.37,18.29,,,,,25,https://www.valueresearchonline.com/funds/31360/,,,,,,,,,,,,,,,,,,,,,,,,,,
",INF277K013A6,135805,2,2,2,6,2,4,1,7,1,1,1,1,4,1,1,2,0,0,0,0,0,19,Moderately High Risk,Average",,,,,,,,,,,,,,,,,,,,,,,,,,,,,,,,,,,,,,,,,,,,,,,
Union Consumption Dir,solution-oriented,Equity: Thematic (Infra),Direct,,,,BSE 500 TRI,,,,,,,,,,,,,25,https://www.valueresearchonline.com/funds/45669/,,,,,,,,,,,,,,,,,,,,,,,,,,
",INF582M01MH3,154020,1,1,1,3,1,1,1,3,1,1.5,1.5,1,5,1,1,2,0,0,0,0,0,13,Moderately High Risk,Average",,,,,,,,,,,,,,,,,,,,,,,,,,,,,,,,,,,,,,,,,,,,,,,
UTI India Consumer Dir,solution-oriented,Equity: Thematic (Infra),Direct,0.69,11.16,11.19,BSE 500 TRI,1.84,13.36,12.53,-1.95,0.84,0.7,14.21,16.01,,,,,25,https://www.valueresearchonline.com/funds/15894/,,,,,,,,,,,,,,,,,,,,,,,,,,
",INF789F01VF3,120780,1,2,2,5,2,3,1,6,1,1,1,1,4,1,1,2,0,0,0,0,0,17,Moderately High Risk,Average",,,,,,,,,,,,,,,,,,,,,,,,,,,,,,,,,,,,,,,,,,,,,,,
WhiteOak Capital Consumption Opportunities Dir,solution-oriented,Equity: Thematic (Infra),Direct,,,,BSE 500 TRI,,,,,,,,,,,,,25,https://www.valueresearchonline.com/funds/45780/,,,,,,,,,,,,,,,,,,,,,,,,,,
",INF03VN01AD3,154161,1,1,1,3,1,1,1,3,1,1,1,1,4,1,1,2,0,0,0,0,0,12,High Risk,Poor",,,,,,,,,,,,,,,,,,,,,,,,,,,,,,,,,,,,,,,,,,,,,,,
ABSL ESG Integration Strategy Dir,solution-oriented,Equity: Thematic (ESG),Direct,0.9,13.01,10.8,BSE 100 TRI,0.05,11.38,11.41,1.21,0.98,0.85,12.48,16.74,,,,,25,https://www.valueresearchonline.com/funds/41221/,,,,,,,,,,,,,,,,,,,,,,,,,,
",INF209KB1U76,148637,2,2,2,6,2,3,1,6,1.5,1.5,1.5,1,5.5,1.5,1.5,3,0,0,0,0,0,20.5,Moderate Risk,Average",,,,,,,,,,,,,,,,,,,,,,,,,,,,,,,,,,,,,,,,,,,,,,,
Axis ESG Integration Strategy Dir,solution-oriented,Equity: Thematic (ESG),Direct,-0.18,10.19,8.5,BSE 100 TRI,0.05,11.38,11.41,-1.79,0.93,0.61,11.74,13.25,,,,,25,https://www.valueresearchonline.com/funds/40536/,,,,,,,,,,,,,,,,,,,,,,,,,,
",INF846K01W23,147928,1,2,2,5,2,3,1,6,1,1,1.5,1,4.5,2,2,4,0,0,0,0,0,19.5,Moderately High Risk,Average",,,,,,,,,,,,,,,,,,,,,,,,,,,,,,,,,,,,,,,,,,,,,,,
Baroda BNP Paribas ESG Best-in-class strategy Dir,solution-oriented,Equity: Thematic (ESG),Direct,,,,BSE 100 TRI,,,,,,,,,,,,,25,https://www.valueresearchonline.com/funds/45837/,,,,,,,,,,,,,,,,,,,,,,,,,,
",INF251K01VP3,154195,1,1,1,3,1,1,1,3,1,1,1,1,4,1,1,2,0,0,0,0,0,12,High Risk,Poor",,,,,,,,,,,,,,,,,,,,,,,,,,,,,,,,,,,,,,,,,,,,,,,
ICICI Pru ESG Exclusionary Strategy Dir,solution-oriented,Equity: Thematic (ESG),Direct,-4.06,15.15,12.05,BSE 100 TRI,0.05,11.38,11.41,3.26,0.96,1.01,12.34,18.6,,,,,25,https://www.valueresearchonline.com/funds/41127/,,,,,,,,,,,,,,,,,,,,,,,,,,
",INF109KC1O09,148516,3,3,3,9,2,4,1,7,1.5,1,1,1,4.5,1.5,1.5,3,0,0,0,0,0,23.5,Moderate Risk,Average",,,,,,,,,,,,,,,,,,,,,,,,,,,,,,,,,,,,,,,,,,,,,,,
Invesco India ESG Integration Strategy Dir,solution-oriented,Equity: Thematic (ESG),Direct,-5.61,11.09,10.15,BSE 100 TRI,0.05,11.38,11.41,-1.85,0.99,0.6,12.8,13.73,,,,,25,https://www.valueresearchonline.com/funds/41339/,,,,,,,,,,,,,,,,,,,,,,,,,,
",INF205KA1338,148751,1,2,2,5,2,3,1,6,1,1,1.5,1,4.5,1.5,1.5,3,0,0,0,0,0,18.5,Moderately High Risk,Average",,,,,,,,,,,,,,,,,,,,,,,,,,,,,,,,,,,,,,,,,,,,,,,
Kotak ESG Exclusionary Strategy Dir,solution-oriented,Equity: Thematic (ESG),Direct,-0.02,11.94,9.78,BSE 100 TRI,0.05,11.38,11.41,1.26,0.92,0.9,11.23,16.21,,,,,25,https://www.valueresearchonline.com/funds/41202/,,,,,,,,,,,,,,,,,,,,,,,,,,
",INF174KA1FI4,148606,2,2,2,6,2,3,1,6,1,1,1.5,1,4.5,2,1.5,3.5,0,0,0,0,0,20,Moderate Risk,Average",,,,,,,,,,,,,,,,,,,,,,,,,,,,,,,,,,,,,,,,,,,,,,,
Mirae Asset Nifty 100 ESG Sector Leaders ETF,solution-oriented,Equity: Thematic (ESG),Direct,-1.65,10.53,9.04,BSE 100 TRI,0.05,11.38,11.41,-0.93,0.95,0.72,11.39,14.34,,,,,25,https://www.valueresearchonline.com/funds/41157/,,,,,,,,,,,,,,,,,,,,,,,,,,
",INF769K01GS9,148572,1,2,2,5,2,3,1,6,1.5,1,1,1,4.5,2,2,4,0,0,0,0,0,19.5,Moderately High Risk,Average",,,,,,,,,,,,,,,,,,,,,,,,,,,,,,,,,,,,,,,,,,,,,,,
Mirae Asset Nifty 100 ESG Sector Leaders FoF Dir,solution-oriented,Equity: Thematic (ESG),Direct,-1.69,10.42,8.84,BSE 100 TRI,0.05,11.38,11.41,-1.11,0.96,0.71,11.44,14.17,,,,,1,https://www.valueresearchonline.com/funds/41160/,,,,,,,,,,,,,,,,,,,,,,,,,,
",INF769K01GQ3,148574,1,2,2,5,2,3,1,6,1,1,1,1,4,1,1,2,0,0,0,0,0,17,Moderately High Risk,Average",,,,,,,,,,,,,,,,,,,,,,,,,,,,,,,,,,,,,,,,,,,,,,,
Quant ESG Integration Strategy Dir,solution-oriented,Equity: Thematic (ESG),Direct,17.56,21.52,21.7,BSE 100 TRI,0.05,11.38,11.41,1.02,1.18,0.76,16.32,18.45,,,,,12,https://www.valueresearchonline.com/funds/41165/,,,,,,,,,,,,,,,,,,,,,,,,,,
",INF966L01AD4,148564,2,2,2,6,1,4,1,6,1,1,1,1,4,1,1.5,2.5,0,0,0,0,0,18.5,Moderately High Risk,Average",,,,,,,,,,,,,,,,,,,,,,,,,,,,,,,,,,,,,,,,,,,,,,,
Quantum ESG Best In Class Strategy Dir,solution-oriented,Equity: Thematic (ESG),Direct,-3.18,10.09,9.2,BSE 100 TRI,0.05,11.38,11.41,-1.37,0.98,0.66,12.25,14.14,,,,,25,https://www.valueresearchonline.com/funds/40010/,,,,,,,,,,,,,,,,,,,,,,,,,,
",INF082J01382,147372,1,2,2,5,2,3,1,6,1.5,1.5,1.5,1,5.5,1,1.5,2.5,0,0,0,0,0,19,Moderately High Risk,Average",,,,,,,,,,,,,,,,,,,,,,,,,,,,,,,,,,,,,,,,,,,,,,,
SBI ESG Exclusionary Strategy Dir,solution-oriented,Equity: Thematic (ESG),Direct,0.37,11.31,10.95,BSE 100 TRI,0.05,11.38,11.41,0.15,0.93,0.8,11.35,15.15,,,,,25,https://www.valueresearchonline.com/funds/16219/,,,,,,,,,,,,,,,,,,,,,,,,,,
",INF200K01SE0,119709,2,2,2,6,2,3,1,6,1,1,1,1,4,1.5,1.5,3,0,0,0,0,0,19,Moderately High Risk,Average",,,,,,,,,,,,,,,,,,,,,,,,,,,,,,,,,,,,,,,,,,,,,,,
WhiteOak Capital ESG Best-In-Class Strategy Dir,solution-oriented,Equity: Thematic (ESG),Direct,-3.27,,,BSE 100 TRI,0.05,,,,,,,,,,,,25,https://www.valueresearchonline.com/funds/44645/,,,,,,,,,,,,,,,,,,,,,,,,,,
",INF03VN01951,152962,1,1,1,3,1,1,1,3,1.5,1.5,1,1,5,1.5,1.5,3,0,0,0,0,0,14,Moderately High Risk,Average",,,,,,,,,,,,,,,,,,,,,,,,,,,,,,,,,,,,,,,,,,,,,,,
ABSL CRISIL 10 Year Gilt ETF,solution-oriented,Debt: Others (Structured/Credit),Direct,1.95,,,Debt: Gilt with 10 year Constant Duration,2.29,,,,,,,,6.78,7.09,GOI/Cash,9.61,0,https://www.valueresearchonline.com/funds/44486/,,,,,,,,,,,,,,,,,,,,,,,,,,
",INF846K01AX8,116471,1,1,1,3,1,1,1,3,1,1,1,1,4,1,1,2,0.5,0,0,1,1.5,13.5,Moderately High Risk,Average",,,,,,,,,,,,,,,,,,,,,,,,,,,,,,,,,,,,,,,,,,,,,,,
Bandhan Gilt Fund with 10 year Constant Duration Dir,solution-oriented,Debt: Others (Structured/Credit),Direct,4.27,7.61,6.07,Debt: Gilt with 10 year Constant Duration,3.1,7.06,5.76,,,0.89,2.67,8.47,6.87,6.8,GOI/Cash,9.37,0,https://www.valueresearchonline.com/funds/16728/,,,,,,,,,,,,,,,,,,,,,,,,,,
",INF194K01P38,118387,1,2,2,5,4,2,1,7,1,1,1,1,4,1,1,2,0.5,0,0,1,1.5,19.5,Moderately High Risk,Average",,,,,,,,,,,,,,,,,,,,,,,,,,,,,,,,,,,,,,,,,,,,,,,
DSP 10Y G-Sec Dir,solution-oriented,Debt: Others (Structured/Credit),Direct,1.61,6.4,4.79,Debt: Gilt with 10 year Constant Duration,3.1,7.06,5.76,,,0.64,2.45,7.68,6.79,7.08,GOI/Cash,9.57,0,https://www.valueresearchonline.com/funds/28175/,,,,,,,,,,,,,,,,,,,,,,,,,,
",INF740K019I5,131301,1,2,2,5,4,1,1,6,1,1,1,1,4,1,1,2,0.5,0,0,1,1.5,18.5,Moderately High Risk,Average",,,,,,,,,,,,,,,,,,,,,,,,,,,,,,,,,,,,,,,,,,,,,,,
ICICI Pru Constant Maturity Gilt Dir,solution-oriented,Debt: Others (Structured/Credit),Direct,3.55,7.29,6.13,Debt: Gilt with 10 year Constant Duration,3.1,7.06,5.76,,,0.85,2.53,8.25,6.94,7.13,GOI/Cash,10,0,https://www.valueresearchonline.com/funds/27957/,,,,,,,,,,,,,,,,,,,,,,,,,,
",INF109KA1O37,131061,1,2,2,5,4,2,1,7,1,1,1,1,4,1,1,2,0.5,0,0,1,1.5,19.5,Moderately High Risk,Average",,,,,,,,,,,,,,,,,,,,,,,,,,,,,,,,,,,,,,,,,,,,,,,
ICICI Pru Nifty 10 yr Benchmark G-Sec ETF,solution-oriented,Debt: Others (Structured/Credit),Direct,1.59,6.52,,Debt: Gilt with 10 year Constant Duration,2.29,6.7,,,1,0.62,2.47,7.63,6.79,7.1,GOI/Cash,9.59,0,https://www.valueresearchonline.com/funds/42946/,,,,,,,,,,,,,,,,,,,,,,,,,,
",INF109KC18O0,151196,1,2,2,5,4,1,1,6,1,1,1,1,4,1,1,2,0.5,0,0,1,1.5,18.5,Moderately High Risk,Average",,,,,,,,,,,,,,,,,,,,,,,,,,,,,,,,,,,,,,,,,,,,,,,
SBI Constant Maturity 10-Year Gilt Dir,solution-oriented,Debt: Others (Structured/Credit),Direct,3.08,6.99,6.05,Debt: Gilt with 10 year Constant Duration,3.1,7.06,5.76,,,0.76,2.57,8.05,6.88,7.16,GOI/Cash,9.76,0,https://www.valueresearchonline.com/funds/17173/,,,,,,,,,,,,,,,,,,,,,,,,,,
",INF200K01SK7,120137,1,2,2,5,4,2,1,7,1,1,1,1,4,1,1,2,0.5,0,0,1,1.5,19.5,Moderately High Risk,Average",,,,,,,,,,,,,,,,,,,,,,,,,,,,,,,,,,,,,,,,,,,,,,,
SBI Nifty 10Y Benchmark G-Sec ETF,solution-oriented,Debt: Others (Structured/Credit),Direct,1.6,6.57,4.93,Debt: Gilt with 10 year Constant Duration,2.29,6.7,5.41,,1,0.68,2.52,7.83,,,GOI/Cash,,0,https://www.valueresearchonline.com/funds/32486/,,,,,,,,,,,,,,,,,,,,,,,,,,
",INF200K01685,102505,1,2,2,5,4,1,1,6,1,1,1,1,4,1,1,2,0,0,0,1,1,18,Moderately High Risk,Average",,,,,,,,,,,,,,,,,,,,,,,,,,,,,,,,,,,,,,,,,,,,,,,
UTI Gilt Fund with 10 year Constant Duration Dir,solution-oriented,Debt: Others (Structured/Credit),Direct,2.99,6.99,,Debt: Gilt with 10 year Constant Duration,3.1,7.06,,,,0.77,2.52,8.05,6.78,6.96,GOI/Cash,9.47,0,https://www.valueresearchonline.com/funds/42374/,,,,,,,,,,,,,,,,,,,,,,,,,,
",INF789F1AVR7,150410,1,2,2,5,4,2,1,7,1,1,1,1,4,1,1,2,0.5,0,0,1,1.5,19.5,Moderately High Risk,Average",,,,,,,,,,,,,,,,,,,,,,,,,,,,,,,,,,,,,,,,,,,,,,,
UTI Nifty 10 yr Benchmark G-Sec ETF,solution-oriented,Debt: Others (Structured/Credit),Direct,1.37,,,Debt: Gilt with 10 year Constant Duration,2.29,,,,,,,,,,GOI/Cash,,0,https://www.valueresearchonline.com/funds/44082/,,,,,,,,,,,,,,,,,,,,,,,,,,
",INF789F1AZF3,152369,1,1,1,3,1,1,1,3,1,1,1,1,4,1,1,2,0,0,0,1,1,13,Moderately High Risk,Average",,,,,,,,,,,,,,,,,,,,,,,,,,,,,,,,,,,,,,,,,,,,,,,
ABSL Business Cycle Reg,solution-oriented,Solution: Retirement - Equity,Regular,2.2,12.39,,BSE 500 TRI,1.84,13.36,,-1.84,0.96,0.71,12.39,14.88,,,,,25,https://www.valueresearchonline.com/funds/41812/,,,,,,,,,,,,,,,,,,,,,,,,,,
",INF209KB12D6,149296,1,2,2,5,2,3,1,6,1,1,1,1,4,1,1,2,0,0,0,0,0,17,Moderately High Risk,Average",,,,,,,,,,,,,,,,,,,,,,,,,,,,,,,,,,,,,,,,,,,,,,,
Axis Business Cycles Reg,solution-oriented,Solution: Retirement - Equity,Regular,2.28,13.74,,BSE 500 TRI,1.84,13.36,,0.45,0.98,0.88,12.79,17.38,,,,,25,https://www.valueresearchonline.com/funds/43122/,,,,,,,,,,,,,,,,,,,,,,,,,,
",INF846K019N8,151366,2,2,2,6,2,3,1,6,1.5,1.5,1.5,1,5.5,1.5,1.5,3,0,0,0,0,0,20.5,Moderate Risk,Average",,,,,,,,,,,,,,,,,,,,,,,,,,,,,,,,,,,,,,,,,,,,,,,
Bandhan Business Cycle Reg,solution-oriented,Solution: Retirement - Equity,Regular,-1.38,,,BSE 500 TRI,1.84,,,,,,,,,,,,25,https://www.valueresearchonline.com/funds/44518/,,,,,,,,,,,,,,,,,,,,,,,,,,
",INF194KB1IP8,152877,1,1,1,3,1,1,1,3,2,1.5,1.5,1,6,2,2,4,0,0,0,0,0,16,Moderately High Risk,Average",,,,,,,,,,,,,,,,,,,,,,,,,,,,,,,,,,,,,,,,,,,,,,,
Bank of India Business Cycle Reg,solution-oriented,Solution: Retirement - Equity,Regular,3.53,,,BSE 500 TRI,1.84,,,,,,,,,,,,25,https://www.valueresearchonline.com/funds/44472/,,,,,,,,,,,,,,,,,,,,,,,,,,
",INF761K01GC0,152790,1,1,1,3,1,1,1,3,1.5,1.5,1.5,1.5,6,1.5,1.5,3,0,0,0,0,0,15,Moderately High Risk,Average",,,,,,,,,,,,,,,,,,,,,,,,,,,,,,,,,,,,,,,,,,,,,,,
Baroda BNP Paribas Business Cycle Reg,solution-oriented,Solution: Retirement - Equity,Regular,2.43,14.06,,BSE 500 TRI,1.84,13.36,,-0.7,1.04,0.8,13.55,16.89,,,,,25,https://www.valueresearchonline.com/funds/41669/,,,,,,,,,,,,,,,,,,,,,,,,,,
",INF955L01KH7,149140,1,2,2,5,2,3,1,6,1.5,1.5,1.5,1,5.5,1.5,1.5,3,0,0,0,0,0,19.5,Moderately High Risk,Average",,,,,,,,,,,,,,,,,,,,,,,,,,,,,,,,,,,,,,,,,,,,,,,
DSP Business Cycle Fund Reg,solution-oriented,Solution: Retirement - Equity,Regular,5.12,,,BSE 500 TRI,1.84,,,,,,,,,,,,25,https://www.valueresearchonline.com/funds/44758/,,,,,,,,,,,,,,,,,,,,,,,,,,
",INF740KA1US7,153122,1,1,1,3,1,1,1,3,1.5,1.5,1.5,1,5.5,1.5,1.5,3,0,0,0,0,0,14.5,Moderately High Risk,Average",,,,,,,,,,,,,,,,,,,,,,,,,,,,,,,,,,,,,,,,,,,,,,,
Edelweiss Business Cycle Reg,solution-oriented,Solution: Retirement - Equity,Regular,0.21,,,BSE 500 TRI,1.84,,,,,,,,,,,,25,https://www.valueresearchonline.com/funds/44392/,,,,,,,,,,,,,,,,,,,,,,,,,,
",INF754K01SW8,152724,1,1,1,3,1,1,1,3,1,1,1,1,4,1,1,2,0,0,0,0,0,12,High Risk,Poor",,,,,,,,,,,,,,,,,,,,,,,,,,,,,,,,,,,,,,,,,,,,,,,
HDFC Business Cycle Reg,solution-oriented,Solution: Retirement - Equity,Regular,2.35,10.81,,BSE 500 TRI,1.84,13.36,,-2.02,0.9,0.67,11.8,14,,,,,25,https://www.valueresearchonline.com/funds/42725/,,,,,,,,,,,,,,,,,,,,,,,,,,
",INF179KC1EB5,150803,1,2,2,5,2,3,1,6,1.5,1.5,1.5,1,5.5,1.5,1.5,3,0,0,0,0,0,19.5,Moderately High Risk,Average",,,,,,,,,,,,,,,,,,,,,,,,,,,,,,,,,,,,,,,,,,,,,,,
HSBC Business Cycles Reg,solution-oriented,Solution: Retirement - Equity,Regular,-0.43,16.59,16.23,BSE 500 TRI,1.84,13.36,12.53,0.5,1.18,0.81,16.76,19.62,,,,,25,https://www.valueresearchonline.com/funds/27581/,,,,,,,,,,,,,,,,,,,,,,,,,,
",INF917K01RF8,151144,2,2,2,6,1,4,1,6,1.5,1.5,1.5,1,5.5,2,2,4,0,0,0,0,0,21.5,Moderate Risk,Average",,,,,,,,,,,,,,,,,,,,,,,,,,,,,,,,,,,,,,,,,,,,,,,
ICICI Pru Business Cycle,solution-oriented,Solution: Retirement - Equity,Regular,4.26,18.46,16.99,BSE 500 TRI,1.84,13.36,12.53,6.28,0.85,1.38,11.34,21.74,,,,,25,https://www.valueresearchonline.com/funds/41243/,,,,,,,,,,,,,,,,,,,,,,,,,,
",INF109KB1OI5,135549,4,3,3,10,2,4,1,7,1.5,1,1,1,4.5,1.5,2,3.5,0,0,0,0,0,25,Moderate Risk,Average",,,,,,,,,,,,,,,,,,,,,,,,,,,,,,,,,,,,,,,,,,,,,,,
Invesco India Business Cycle Reg,solution-oriented,Solution: Retirement - Equity,Regular,17.09,,,BSE 500 TRI,1.84,,,,,,,,,,,,25,https://www.valueresearchonline.com/funds/44928/,,,,,,,,,,,,,,,,,,,,,,,,,,
",INF205KA1AF4,153288,1,1,1,3,1,1,1,3,1,1,1.5,1,4.5,1,1.5,2.5,0,0,0,0,0,13,Moderately High Risk,Average",,,,,,,,,,,,,,,,,,,,,,,,,,,,,,,,,,,,,,,,,,,,,,,
ITI Business Cycle Reg,solution-oriented,Solution: Retirement - Equity,Regular,,,,BSE 500 TRI,,,,,,,,,,,,,25,https://www.valueresearchonline.com/funds/45805/,,,,,,,,,,,,,,,,,,,,,,,,,,
",INF00XX01838,148535,1,1,1,3,1,1,1,3,1,1,1,1,4,1,1,2,0,0,0,0,0,12,High Risk,Poor",,,,,,,,,,,,,,,,,,,,,,,,,,,,,,,,,,,,,,,,,,,,,,,
Kotak Business Cycle Reg,solution-oriented,Solution: Retirement - Equity,Regular,5.27,15.35,,BSE 500 TRI,1.84,13.36,,1.12,0.95,0.9,12.9,17.69,,,,,25,https://www.valueresearchonline.com/funds/42531/,,,,,,,,,,,,,,,,,,,,,,,,,,
",INF174KA1JK2,150626,2,2,2,6,2,3,1,6,1.5,1.5,1.5,1,5.5,1.5,1.5,3,0,0,0,0,0,20.5,Moderate Risk,Average",,,,,,,,,,,,,,,,,,,,,,,,,,,,,,,,,,,,,,,,,,,,,,,
Mahindra Manulife Business Cycle Reg,solution-oriented,Solution: Retirement - Equity,Regular,8.14,,,BSE 500 TRI,1.84,,,,,,,,,,,,25,https://www.valueresearchonline.com/funds/43734/,,,,,,,,,,,,,,,,,,,,,,,,,,
",INF174V01BN1,152046,1,1,1,3,1,1,1,3,1.5,1.5,2,1,6,2,2,4,0,0,0,0,0,16,Moderately High Risk,Average",,,,,,,,,,,,,,,,,,,,,,,,,,,,,,,,,,,,,,,,,,,,,,,
Motilal Oswal Business Cycle Reg,solution-oriented,Solution: Retirement - Equity,Regular,-5.98,,,BSE 500 TRI,1.84,,,,,,,,,,,,25,https://www.valueresearchonline.com/funds/44478/,,,,,,,,,,,,,,,,,,,,,,,,,,
",INF247L01DD3,152794,1,1,1,3,1,1,1,3,1,1,1,1,4,1,1.5,2.5,0,0,0,0,0,12.5,High Risk,Poor",,,,,,,,,,,,,,,,,,,,,,,,,,,,,,,,,,,,,,,,,,,,,,,
Quant Business Cycle Reg,solution-oriented,Solution: Retirement - Equity,Regular,4.06,18.1,,BSE 500 TRI,1.84,13.36,,3.6,1.21,0.64,20.92,19.18,,,,,14,https://www.valueresearchonline.com/funds/43516/,,,,,,,,,,,,,,,,,,,,,,,,,,
",INF966L01BU6,151758,1,1,1,3,1,1,1,3,1,1,1,1,4,1.5,2,3.5,0,0,0,0,0,13.5,Moderately High Risk,Average",,,,,,,,,,,,,,,,,,,,,,,,,,,,,,,,,,,,,,,,,,,,,,,
Sundaram Business Cycle Reg,solution-oriented,Solution: Retirement - Equity,Regular,1.28,,,BSE 500 TRI,1.84,,,,,,,,,,,,25,https://www.valueresearchonline.com/funds/44360/,,,,,,,,,,,,,,,,,,,,,,,,,,
",INF903JA1LN3,152678,1,1,1,3,1,1,1,3,1,1.5,1.5,1,5,1,1.5,2.5,0,0,0,0,0,13.5,Moderately High Risk,Average",,,,,,,,,,,,,,,,,,,,,,,,,,,,,,,,,,,,,,,,,,,,,,,
Tata Business Cycle Reg,solution-oriented,Solution: Retirement - Equity,Regular,2.95,15.07,,BSE 500 TRI,1.84,13.36,,0.68,0.98,0.9,12.83,17.61,,,,,25,https://www.valueresearchonline.com/funds/41579/,,,,,,,,,,,,,,,,,,,,,,,,,,
",INF277KA1190,149068,2,2,2,6,2,3,1,6,1.5,1.5,1.5,1,5.5,1.5,2,3.5,0,0,0,0,0,21,Moderate Risk,Average",,,,,,,,,,,,,,,,,,,,,,,,,,,,,,,,,,,,,,,,,,,,,,,
Union Business Cycle Reg,solution-oriented,Solution: Retirement - Equity,Regular,6.56,,,BSE 500 TRI,1.84,,,,,,,,,,,,25,https://www.valueresearchonline.com/funds/44136/,,,,,,,,,,,,,,,,,,,,,,,,,,
",INF582M01JM9,152411,1,1,1,3,1,1,1,3,1.5,1.5,1.5,1,5.5,1.5,1.5,3,0,0,0,0,0,14.5,Moderately High Risk,Average",,,,,,,,,,,,,,,,,,,,,,,,,,,,,,,,,,,,,,,,,,,,,,,
Axis Innovation Reg,solution-oriented,Solution: Retirement - Hybrid,Regular,6.28,14,11.33,BSE 500 TRI,1.84,13.36,12.53,0.68,0.81,0.83,11.63,15.77,,,,,25,https://www.valueresearchonline.com/funds/41223/,,,,,,,,,,,,,,,,,,,,,,,,,,
",INF846K01Y05,148631,2,2,2,6,2,3,1,6,1.5,1.5,2,1,6,1,1,2,0,0,0,0,0,20,Moderate Risk,Average",,,,,,,,,,,,,,,,,,,,,,,,,,,,,,,,,,,,,,,,,,,,,,,
Bandhan Innovation Reg,solution-oriented,Solution: Retirement - Hybrid,Regular,13.33,,,BSE 500 TRI,1.84,,,,,,,,,,,,25,https://www.valueresearchonline.com/funds/44245/,,,,,,,,,,,,,,,,,,,,,,,,,,
",INF194KB1IB8,152606,1,1,1,3,1,1,1,3,1.5,1.5,2,1.5,6.5,1,1,2,0,0,0,0,0,14.5,Moderately High Risk,Average",,,,,,,,,,,,,,,,,,,,,,,,,,,,,,,,,,,,,,,,,,,,,,,
Baroda BNP Paribas Innovation Reg,solution-oriented,Solution: Retirement - Hybrid,Regular,8.37,,,BSE 500 TRI,1.84,,,,,,,,,,,,25,https://www.valueresearchonline.com/funds/44100/,,,,,,,,,,,,,,,,,,,,,,,,,,
",INF251K01TB7,152472,1,1,1,3,1,1,1,3,1,1.5,2,1,5.5,1,1,2,0,0,0,0,0,13.5,Moderately High Risk,Average",,,,,,,,,,,,,,,,,,,,,,,,,,,,,,,,,,,,,,,,,,,,,,,
HDFC Innovation Reg,solution-oriented,Solution: Retirement - Hybrid,Regular,,,,BSE 500 TRI,,,,,,,,,,,,,25,https://www.valueresearchonline.com/funds/45273/,,,,,,,,,,,,,,,,,,,,,,,,,,
",INF179KC1JL3,153619,1,1,1,3,1,1,1,3,1.5,1.5,1.5,1,5.5,1,1,2,0,0,0,0,0,13.5,Moderately High Risk,Average",,,,,,,,,,,,,,,,,,,,,,,,,,,,,,,,,,,,,,,,,,,,,,,
ICICI Pru Innovation,solution-oriented,Solution: Retirement - Hybrid,Regular,3.99,20.6,,BSE 500 TRI,1.84,13.36,,7.47,0.96,0.98,15.47,21.02,,,,,25,https://www.valueresearchonline.com/funds/43442/,,,,,,,,,,,,,,,,,,,,,,,,,,
",INF109KC19S9,151579,1,1,1,3,1,1,1,3,1.5,1.5,2,1,6,2,1.5,3.5,0,0,0,0,0,15.5,Moderately High Risk,Average",,,,,,,,,,,,,,,,,,,,,,,,,,,,,,,,,,,,,,,,,,,,,,,
Kotak Pioneer Reg,solution-oriented,Solution: Retirement - Hybrid,Regular,10.81,19.23,15.26,BSE 500 TRI*,1.84,13.36,12.53,4.2,0.93,1.09,13.26,20.52,,,,,25,https://www.valueresearchonline.com/funds/40374/,,,,,,,,,,,,,,,,,,,,,,,,,,
",INF174KA1EW8,147724,4,3,2,9,2,4,1,7,1.5,1.5,2,1.5,6.5,1,1,2,0,0,0,0,0,24.5,Moderate Risk,Average",,,,,,,,,,,,,,,,,,,,,,,,,,,,,,,,,,,,,,,,,,,,,,,
Mahindra Manulife Innovation Opportunities Reg,solution-oriented,Solution: Retirement - Hybrid,Regular,,,,BSE 500 TRI,,,,,,,,,,,,,25,https://www.valueresearchonline.com/funds/45735/,,,,,,,,,,,,,,,,,,,,,,,,,,
",INF174V01CX8,154120,1,1,1,3,1,1,1,3,1,1.5,2,1,5.5,1,1,2,0,0,0,0,0,13.5,Moderately High Risk,Average",,,,,,,,,,,,,,,,,,,,,,,,,,,,,,,,,,,,,,,,,,,,,,,
Motilal Oswal Innovation Opportunities Reg,solution-oriented,Solution: Retirement - Hybrid,Regular,14.69,,,BSE 500 TRI,1.84,,,,,,,,,,,,25,https://www.valueresearchonline.com/funds/44900/,,,,,,,,,,,,,,,,,,,,,,,,,,
",INF247L01EM2,153256,1,1,1,3,1,1,1,3,1,1.5,1.5,1,5,1,1,2,0,0,0,0,0,13,Moderately High Risk,Average",,,,,,,,,,,,,,,,,,,,,,,,,,,,,,,,,,,,,,,,,,,,,,,
Nippon India Innovation Reg,solution-oriented,Solution: Retirement - Hybrid,Regular,3.91,,,BSE 500 TRI,1.84,,,,,,,,,,,,25,https://www.valueresearchonline.com/funds/43719/,,,,,,,,,,,,,,,,,,,,,,,,,,
",INF204KC1BL9,152034,1,1,1,3,1,1,1,3,1,1.5,1.5,1,5,1.5,1.5,3,0,0,0,0,0,14,Moderately High Risk,Average",,,,,,,,,,,,,,,,,,,,,,,,,,,,,,,,,,,,,,,,,,,,,,,
SBI Innovative Opportunities Reg,solution-oriented,Solution: Retirement - Hybrid,Regular,-0.42,,,BSE 500 TRI,1.84,,,,,,,,,,,,25,https://www.valueresearchonline.com/funds/44457/,,,,,,,,,,,,,,,,,,,,,,,,,,
",INF200KB1290,152774,1,1,1,3,1,1,1,3,1,1,1.5,1,4.5,1,1,2,0,0,0,0,0,12.5,High Risk,Poor",,,,,,,,,,,,,,,,,,,,,,,,,,,,,,,,,,,,,,,,,,,,,,,
Tata India Innovation Reg,solution-oriented,Solution: Retirement - Hybrid,Regular,1.63,,,BSE 500 TRI,1.84,,,,,,,,,,,,25,https://www.valueresearchonline.com/funds/44714/,,,,,,,,,,,,,,,,,,,,,,,,,,
",INF277KA1CR8,153059,1,1,1,3,1,1,1,3,1.5,1.5,1.5,1,5.5,1.5,1.5,3,0,0,0,0,0,14.5,Moderately High Risk,Average",,,,,,,,,,,,,,,,,,,,,,,,,,,,,,,,,,,,,,,,,,,,,,,
Union Innovation & Opportunities Reg,solution-oriented,Solution: Retirement - Hybrid,Regular,7.87,,,BSE 500 TRI,1.84,,,,,,,,,,,,25,https://www.valueresearchonline.com/funds/43668/,,,,,,,,,,,,,,,,,,,,,,,,,,
",INF582M01JA4,151903,1,1,1,3,1,1,1,3,1,1,1,1,4,1,1,2,0,0,0,0,0,12,High Risk,Poor",,,,,,,,,,,,,,,,,,,,,,,,,,,,,,,,,,,,,,,,,,,,,,,
UTI Innovation Reg,solution-oriented,Solution: Retirement - Hybrid,Regular,-4.25,,,BSE 500 TRI,1.84,,,,,,,,,,,,25,https://www.valueresearchonline.com/funds/43797/,,,,,,,,,,,,,,,,,,,,,,,,,,
",INF789F1AYY7,152086,1,1,1,3,1,1,1,3,1,1,1,1,4,1,1.5,2.5,0,0,0,0,0,12.5,High Risk,Poor",,,,,,,,,,,,,,,,,,,,,,,,,,,,,,,,,,,,,,,,,,,,,,,
360 ONE Flexicap Reg,solution-oriented,Solution: Children - Debt,Regular,4.92,,,BSE 500 TRI,1.84,,,,,,,,,,,,25,https://www.valueresearchonline.com/funds/43545/,,,,,,,,,,,,,,,,,,,,,,,,,,
",INF579M01AP7,151799,1,1,1,3,1,1,1,3,1,1.5,1.5,1,5,1.5,1.5,3,0,0,0,0,0,14,Moderately High Risk,Average",,,,,,,,,,,,,,,,,,,,,,,,,,,,,,,,,,,,,,,,,,,,,,,
360 ONE Focused Reg,solution-oriented,Solution: Children - Debt,Regular,3,12.61,12.85,BSE 500 TRI,1.84,13.36,12.53,-0.22,0.9,0.82,11.82,15.78,,,,,25,https://www.valueresearchonline.com/funds/28456/,,,,,,,,,,,,,,,,,,,,,,,,,,
",INF579M01878,131578,1,2,2,5,2,3,1,6,1,1,1,1,4,1.5,1.5,3,0,0,0,0,0,18,Moderately High Risk,Average",,,,,,,,,,,,,,,,,,,,,,,,,,,,,,,,,,,,,,,,,,,,,,,
Abakkus Flexi Cap Reg,solution-oriented,Solution: Children - Debt,Regular,,,,BSE 500 TRI,,,,,,,,,,,,,25,https://www.valueresearchonline.com/funds/45681/,,,,,,,,,,,,,,,,,,,,,,,,,,
",INF2JJD01169,154041,1,1,1,3,1,1,1,3,1,1.5,2,1,5.5,2,2,4,0,0,0,0,0,15.5,Moderately High Risk,Average",,,,,,,,,,,,,,,,,,,,,,,,,,,,,,,,,,,,,,,,,,,,,,,
ABSL Bal Bhavishya Yojna Reg,solution-oriented,Solution: Children - Debt,Regular,4.03,12.04,9.24,BSE 500 TRI,1.84,13.36,12.53,-1.92,0.96,0.69,12.58,14.77,,,,,25,https://www.valueresearchonline.com/funds/38819/,,,,,,,,,,,,,,,,,,,,,,,,,,
",INF209KB1E76,146409,1,2,2,5,2,3,1,6,1.5,1.5,1.5,1,5.5,1.5,2,3.5,0,0,0,0,0,20,Moderate Risk,Average",,,,,,,,,,,,,,,,,,,,,,,,,,,,,,,,,,,,,,,,,,,,,,,
ABSL BSE 500 Momentum 50 Index Reg,solution-oriented,Solution: Children - Debt,Regular,,,,BSE 500 TRI,,,,,,,,,,,,,25,https://www.valueresearchonline.com/funds/45375/,,,,,,,,,,,,,,,,,,,,,,,,,,
",INF209KC1605,153735,1,1,1,3,1,1,1,3,1.5,1.5,1.5,1,5.5,1.5,1,2.5,0,0,0,0,0,14,Moderately High Risk,Average",,,,,,,,,,,,,,,,,,,,,,,,,,,,,,,,,,,,,,,,,,,,,,,
ABSL BSE 500 Quality 50 Index Reg,solution-oriented,Solution: Children - Debt,Regular,,,,BSE 500 TRI,,,,,,,,,,,,,25,https://www.valueresearchonline.com/funds/45379/,,,,,,,,,,,,,,,,,,,,,,,,,,
",INF209KC1639,153742,1,1,1,3,1,1,1,3,1.5,1.5,1.5,1,5.5,2,1,3,0,0,0,0,0,14.5,Moderately High Risk,Average",,,,,,,,,,,,,,,,,,,,,,,,,,,,,,,,,,,,,,,,,,,,,,,
ABSL Flexi Cap Reg,solution-oriented,Solution: Children - Debt,Regular,6.37,16.11,12.69,BSE 500 TRI,1.84,13.36,12.53,1.74,0.96,1.01,12.28,18.46,,,,,25,https://www.valueresearchonline.com/funds/561/,,,,,,,,,,,,,,,,,,,,,,,,,,
",INF209K01AJ8,103166,2,3,2,7,2,4,1,7,1.5,1.5,1.5,1,5.5,1.5,1.5,3,0,0,0,0,0,22.5,Moderate Risk,Average",,,,,,,,,,,,,,,,,,,,,,,,,,,,,,,,,,,,,,,,,,,,,,,
ABSL Focused Reg,solution-oriented,Solution: Children - Debt,Regular,2.24,14.17,12.04,BSE 500 TRI,1.84,13.36,12.53,1.04,0.9,0.94,11.78,17.12,,,,,25,https://www.valueresearchonline.com/funds/2865/,,,,,,,,,,,,,,,,,,,,,,,,,,
",INF209K01454,103308,2,2,3,7,2,3,1,6,1,1,1.5,1,4.5,1.5,1.5,3,0,0,0,0,0,20.5,Moderate Risk,Average",,,,,,,,,,,,,,,,,,,,,,,,,,,,,,,,,,,,,,,,,,,,,,,
ABSL Retirement 30s Reg,solution-oriented,Solution: Children - Debt,Regular,11.48,16.55,11.5,BSE 500 TRI,1.84,13.36,12.53,-0.3,0.96,0.81,12.81,16.44,,,,,25,https://www.valueresearchonline.com/funds/39179/,,,,,,,,,,,,,,,,,,,,,,,,,,
",INF209KB1H99,146577,1,2,2,5,2,3,1,6,1.5,2,2,1,6.5,1.5,1.5,3,0,0,0,0,0,20.5,Moderate Risk,Average",,,,,,,,,,,,,,,,,,,,,,,,,,,,,,,,,,,,,,,,,,,,,,,
Angel One Nifty Total Market Index Reg,solution-oriented,Solution: Children - Debt,Regular,1.25,,,BSE 500 TRI,1.84,,,,,,,,,,,,25,https://www.valueresearchonline.com/funds/44962/,,,,,,,,,,,,,,,,,,,,,,,,,,
",INF1J2R01031,153331,1,1,1,3,1,1,1,3,2,1.5,1.5,1,6,2,2,4,0,0,0,0,0,16,Moderately High Risk,Average",,,,,,,,,,,,,,,,,,,,,,,,,,,,,,,,,,,,,,,,,,,,,,,
Angel One Nifty Total Market Momentum Quality 50 Index Reg,solution-oriented,Solution: Children - Debt,Regular,,,,BSE 500 TRI,,,,,,,,,,,,,25,https://www.valueresearchonline.com/funds/45606/,,,,,,,,,,,,,,,,,,,,,,,,,,
",INF1J2R01130,153955,1,1,1,3,1,1,1,3,1.5,1,1.5,1,5,1.5,1,2.5,0,0,0,0,0,13.5,Moderately High Risk,Average",,,,,,,,,,,,,,,,,,,,,,,,,,,,,,,,,,,,,,,,,,,,,,,
Axis Flexi Cap Reg,solution-oriented,Solution: Children - Debt,Regular,2.92,12.91,10.06,BSE 500 TRI,1.84,13.36,12.53,-0.99,0.96,0.75,12.82,15.75,,,,,25,https://www.valueresearchonline.com/funds/34709/,,,,,,,,,,,,,,,,,,,,,,,,,,
",INF846K01B51,141927,1,2,2,5,2,3,1,6,1.5,1.5,1.5,1,5.5,1,1.5,2.5,0,0,0,0,0,19,Moderately High Risk,Average",,,,,,,,,,,,,,,,,,,,,,,,,,,,,,,,,,,,,,,,,,,,,,,
Axis Focused Reg,solution-oriented,Solution: Children - Debt,Regular,-2.11,8.14,5.4,BSE 500 TRI,1.84,13.36,12.53,-3.69,0.92,0.51,12.81,12.64,,,,,25,https://www.valueresearchonline.com/funds/14951/,,,,,,,,,,,,,,,,,,,,,,,,,,
",INF846K01CH7,117560,1,2,2,5,2,3,1,6,1,1,1,1,4,1,1,2,0,0,0,0,0,17,Moderately High Risk,Average",,,,,,,,,,,,,,,,,,,,,,,,,,,,,,,,,,,,,,,,,,,,,,,
Axis Nifty 500 Index Reg,solution-oriented,Solution: Children - Debt,Regular,0.94,,,BSE 500 TRI,1.84,,,,,,,,,,,,25,https://www.valueresearchonline.com/funds/44412/,,,,,,,,,,,,,,,,,,,,,,,,,,
",INF846K018W1,152730,1,1,1,3,1,1,1,3,2,1.5,1.5,1,6,2,1.5,3.5,0,0,0,0,0,15.5,Moderately High Risk,Average",,,,,,,,,,,,,,,,,,,,,,,,,,,,,,,,,,,,,,,,,,,,,,,
Axis Nifty500 Momentum 50 Index Reg,solution-oriented,Solution: Children - Debt,Regular,-0.54,,,BSE 500 TRI,1.84,,,,,,,,,,,,25,https://www.valueresearchonline.com/funds/44904/,,,,,,,,,,,,,,,,,,,,,,,,,,
",INF846KA1036,153245,1,1,1,3,1,1,1,3,1.5,1,1.5,1,5,1.5,1.5,3,0,0,0,0,0,14,Moderately High Risk,Average",,,,,,,,,,,,,,,,,,,,,,,,,,,,,,,,,,,,,,,,,,,,,,,
Axis Nifty500 Quality 50 Index Reg,solution-oriented,Solution: Children - Debt,Regular,,,,BSE 500 TRI,,,,,,,,,,,,,25,https://www.valueresearchonline.com/funds/45467/,,,,,,,,,,,,,,,,,,,,,,,,,,
",INF846KA1192,153830,1,1,1,3,1,1,1,3,1.5,1.5,1.5,1,5.5,1.5,1,2.5,0,0,0,0,0,14,Moderately High Risk,Average",,,,,,,,,,,,,,,,,,,,,,,,,,,,,,,,,,,,,,,,,,,,,,,
Bajaj Finserv Flexi Cap Reg,solution-oriented,Solution: Children - Debt,Regular,5.42,,,BSE 500 TRI,1.84,,,,,,,,,,,,25,https://www.valueresearchonline.com/funds/43651/,,,,,,,,,,,,,,,,,,,,,,,,,,
",INF0QA701383,151898,1,1,1,3,1,1,1,3,1.5,1.5,1.5,1,5.5,1.5,1.5,3,0,0,0,0,0,14.5,Moderately High Risk,Average",,,,,,,,,,,,,,,,,,,,,,,,,,,,,,,,,,,,,,,,,,,,,,,
Bandhan Flexi Cap Reg,solution-oriented,Solution: Children - Debt,Regular,1.51,13.14,11.59,BSE 500 TRI,1.84,13.36,12.53,0.35,0.86,0.87,11.3,15.97,,,,,25,https://www.valueresearchonline.com/funds/2886/,,,,,,,,,,,,,,,,,,,,,,,,,,
",INF194K01391,108594,2,2,2,6,2,3,1,6,2,1.5,1.5,1,6,2,2,4,0,0,0,0,0,22,Moderate Risk,Average",,,,,,,,,,,,,,,,,,,,,,,,,,,,,,,,,,,,,,,,,,,,,,,
Bandhan Focused Reg,solution-oriented,Solution: Children - Debt,Regular,2.25,14.87,12.43,BSE 500 TRI,1.84,13.36,12.53,2.36,0.95,0.92,13.89,18.94,,,,,25,https://www.valueresearchonline.com/funds/3151/,,,,,,,,,,,,,,,,,,,,,,,,,,
",INF194K01466,108592,3,2,2,7,2,4,1,7,1,1,1,1,4,3,2,5,0,0,0,0,0,23,Moderate Risk,Average",,,,,,,,,,,,,,,,,,,,,,,,,,,,,,,,,,,,,,,,,,,,,,,
Bandhan Nifty 500 Momentum 50 Index Reg,solution-oriented,Solution: Children - Debt,Regular,-0.58,,,BSE 500 TRI,1.84,,,,,,,,,,,,25,https://www.valueresearchonline.com/funds/44629/,,,,,,,,,,,,,,,,,,,,,,,,,,
",INF194KB1IX2,153002,1,1,1,3,1,1,1,3,1.5,1,1.5,1,5,1.5,1.5,3,0,0,0,0,0,14,Moderately High Risk,Average",,,,,,,,,,,,,,,,,,,,,,,,,,,,,,,,,,,,,,,,,,,,,,,
Bandhan Nifty Alpha 50 Index Reg,solution-oriented,Solution: Children - Debt,Regular,2.28,,,BSE 500 TRI,1.84,,,,,,,,,,,,25,https://www.valueresearchonline.com/funds/43862/,,,,,,,,,,,,,,,,,,,,,,,,,,
",INF194KB1GX6,152179,1,1,1,3,1,1,1,3,1.5,1.5,1.5,1,5.5,1.5,1,2.5,0,0,0,0,0,14,Moderately High Risk,Average",,,,,,,,,,,,,,,,,,,,,,,,,,,,,,,,,,,,,,,,,,,,,,,
Bandhan Nifty Total Mkt Index Reg,solution-oriented,Solution: Children - Debt,Regular,1.12,,,BSE 500 TRI,1.84,,,,,,,,,,,,25,https://www.valueresearchonline.com/funds/44402/,,,,,,,,,,,,,,,,,,,,,,,,,,
",INF194KB1IH5,152717,1,1,1,3,1,1,1,3,2,1.5,1.5,1,6,2,2,4,0,0,0,0,0,16,Moderately High Risk,Average",,,,,,,,,,,,,,,,,,,,,,,,,,,,,,,,,,,,,,,,,,,,,,,
Bank of India Flexi Cap Reg,solution-oriented,Solution: Children - Debt,Regular,9.5,20.87,16.87,BSE 500 TRI,1.84,13.36,12.53,2.74,1.18,0.94,16.79,21.9,,,,,25,https://www.valueresearchonline.com/funds/41016/,,,,,,,,,,,,,,,,,,,,,,,,,,
",INF761K01FI9,148405,3,2,2,7,1,4,1,6,1.5,1.5,2,1.5,6.5,2,1.5,3.5,0,0,0,0,0,23,Moderate Risk,Average",,,,,,,,,,,,,,,,,,,,,,,,,,,,,,,,,,,,,,,,,,,,,,,
Baroda BNP Paribas Children's Reg,solution-oriented,Solution: Children - Debt,Regular,5.83,,,BSE 500 TRI,1.84,,,,,,,,,,,,25,https://www.valueresearchonline.com/funds/44778/,,,,,,,,,,,,,,,,,,,,,,,,,,
",INF251K01UC3,153170,1,1,1,3,1,1,1,3,1.5,2,2,1,6.5,1.5,1.5,3,0,0,0,0,0,15.5,Moderately High Risk,Average",,,,,,,,,,,,,,,,,,,,,,,,,,,,,,,,,,,,,,,,,,,,,,,
Baroda BNP Paribas Flexi Cap Reg,solution-oriented,Solution: Children - Debt,Regular,2.36,13.74,,BSE 500 TRI,1.84,13.36,,-0.9,1.01,0.77,13.36,16.37,,,,,25,https://www.valueresearchonline.com/funds/42310/,,,,,,,,,,,,,,,,,,,,,,,,,,
",INF251K01QW9,150385,1,2,2,5,2,3,1,6,1,1.5,2,1,5.5,2,2,4,0,0,0,0,0,20.5,Moderate Risk,Average",,,,,,,,,,,,,,,,,,,,,,,,,,,,,,,,,,,,,,,,,,,,,,,
Baroda BNP Paribas Focused Reg,solution-oriented,Solution: Children - Debt,Regular,-3.47,9.66,10,BSE 500 TRI,1.84,13.36,12.53,-4.19,1.12,0.55,14.91,14.26,,,,,25,https://www.valueresearchonline.com/funds/34651/,,,,,,,,,,,,,,,,,,,,,,,,,,
",INF251K01PK6,150263,1,2,2,5,2,3,1,6,1,1,1.5,1,4.5,2,2,4,0,0,0,0,0,19.5,Moderately High Risk,Average",,,,,,,,,,,,,,,,,,,,,,,,,,,,,,,,,,,,,,,,,,,,,,,
Canara Robeco Flexi Cap Reg,solution-oriented,Solution: Children - Debt,Regular,0.65,12.09,11.07,BSE 500 TRI,1.84,13.36,12.53,-0.61,0.92,0.81,11.8,15.63,,,,,25,https://www.valueresearchonline.com/funds/1839/,,,,,,,,,,,,,,,,,,,,,,,,,,
",INF760K01019,101922,1,2,2,5,2,3,1,6,1.5,1.5,1.5,1,5.5,1.5,1.5,3,0,0,0,0,0,19.5,Moderately High Risk,Average",,,,,,,,,,,,,,,,,,,,,,,,,,,,,,,,,,,,,,,,,,,,,,,
Canara Robeco Focused Reg,solution-oriented,Solution: Children - Debt,Regular,-1.58,13.01,12.8,BSE 500 TRI,1.84,13.36,12.53,1.27,0.9,0.94,11.89,17.33,,,,,25,https://www.valueresearchonline.com/funds/41456/,,,,,,,,,,,,,,,,,,,,,,,,,,
",INF760K01JT0,148884,2,2,2,6,2,3,1,6,1,1,1.5,1,4.5,1,1.5,2.5,0,0,0,0,0,19,Moderately High Risk,Average",,,,,,,,,,,,,,,,,,,,,,,,,,,,,,,,,,,,,,,,,,,,,,,
Capitalmind Flexi Cap Reg,solution-oriented,Solution: Children - Debt,Regular,,,,BSE 500 TRI,,,,,,,,,,,,,25,https://www.valueresearchonline.com/funds/45312/,,,,,,,,,,,,,,,,,,,,,,,,,,
",INF226401026,153739,1,1,1,3,1,1,1,3,1,2,2,1,6,3,2,5,0,0,0,0,0,17,Moderately High Risk,Average",,,,,,,,,,,,,,,,,,,,,,,,,,,,,,,,,,,,,,,,,,,,,,,
DSP Flexi Cap Reg,solution-oriented,Solution: Children - Debt,Regular,-0.04,13.08,11.07,BSE 500 TRI,1.84,13.36,12.53,0.33,0.97,0.86,12.83,17.17,,,,,25,https://www.valueresearchonline.com/funds/393/,,,,,,,,,,,,,,,,,,,,,,,,,,
",INF740K01037,105875,2,2,2,6,2,3,1,6,1.5,1.5,1.5,1,5.5,2,2,4,0,0,0,0,0,21.5,Moderate Risk,Average",,,,,,,,,,,,,,,,,,,,,,,,,,,,,,,,,,,,,,,,,,,,,,,
DSP Focused Reg,solution-oriented,Solution: Children - Debt,Regular,0.5,14.99,11.19,BSE 500 TRI,1.84,13.36,12.53,1.88,0.96,0.95,13.13,18.55,,,,,25,https://www.valueresearchonline.com/funds/11183/,,,,,,,,,,,,,,,,,,,,,,,,,,
",INF740K01532,112901,2,2,3,7,2,4,1,7,1,1,1.5,1,4.5,2,2,4,0,0,0,0,0,22.5,Moderate Risk,Average",,,,,,,,,,,,,,,,,,,,,,,,,,,,,,,,,,,,,,,,,,,,,,,
DSP Nifty500 Flexicap Quality 30 Index Reg,solution-oriented,Solution: Children - Debt,Regular,,,,BSE 500 TRI,,,,,,,,,,,,,25,https://www.valueresearchonline.com/funds/45444/,,,,,,,,,,,,,,,,,,,,,,,,,,
",INF740KA1WO2,153802,1,1,1,3,1,1,1,3,1,1,1,1,4,1.5,1,2.5,0,0,0,0,0,12.5,High Risk,Poor",,,,,,,,,,,,,,,,,,,,,,,,,,,,,,,,,,,,,,,,,,,,,,,
DSP Nifty 500 Index Reg,solution-oriented,Solution: Children - Debt,Regular,,,,BSE 500 TRI,,,,,,,,,,,,,25,https://www.valueresearchonline.com/funds/45717/,,,,,,,,,,,,,,,,,,,,,,,,,,
",INF740KA1XV5,154090,1,1,1,3,1,1,1,3,2,1.5,1.5,1,6,2,1.5,3.5,0,0,0,0,0,15.5,Moderately High Risk,Average",,,,,,,,,,,,,,,,,,,,,,,,,,,,,,,,,,,,,,,,,,,,,,,
Edelweiss Flexi Cap Reg,solution-oriented,Solution: Children - Debt,Regular,2.28,15.04,13.63,BSE 500 TRI,1.84,13.36,12.53,1.8,1,0.99,13,18.97,,,,,25,https://www.valueresearchonline.com/funds/29261/,,,,,,,,,,,,,,,,,,,,,,,,,,
",INF843K01KN5,140355,2,2,2,6,2,4,1,7,2,1.5,1.5,1,6,1.5,1.5,3,0,0,0,0,0,22,Moderate Risk,Average",,,,,,,,,,,,,,,,,,,,,,,,,,,,,,,,,,,,,,,,,,,,,,,
Edelweiss Focused Reg,solution-oriented,Solution: Children - Debt,Regular,1.56,13.55,,BSE 500 TRI,1.84,13.36,,1.39,0.96,0.95,12.6,18.09,,,,,25,https://www.valueresearchonline.com/funds/42296/,,,,,,,,,,,,,,,,,,,,,,,,,,
",INF754K01OL0,150382,2,2,2,6,2,4,1,7,1,1,1.5,1,4.5,1.5,1.5,3,0,0,0,0,0,20.5,Moderate Risk,Average",,,,,,,,,,,,,,,,,,,,,,,,,,,,,,,,,,,,,,,,,,,,,,,
Franklin India Flexi Cap Reg,solution-oriented,Solution: Children - Debt,Regular,-2.28,14.41,13.86,BSE 500 TRI,1.84,13.36,12.53,2.03,0.93,1.03,11.95,18.36,,,,,25,https://www.valueresearchonline.com/funds/116/,,,,,,,,,,,,,,,,,,,,,,,,,,
",INF090I01239,100520,3,3,2,8,2,4,1,7,1.5,1.5,1.5,1,5.5,1.5,2,3.5,0,0,0,0,0,24,Moderate Risk,Average",,,,,,,,,,,,,,,,,,,,,,,,,,,,,,,,,,,,,,,,,,,,,,,
Franklin India Focused Equity Reg,solution-oriented,Solution: Children - Debt,Regular,-4.49,10.71,11.71,BSE 500 TRI,1.84,13.36,12.53,0.12,0.86,0.84,11.54,15.77,,,,,25,https://www.valueresearchonline.com/funds/5141/,,,,,,,,,,,,,,,,,,,,,,,,,,
",INF090I01BB1,100538,2,2,2,6,2,3,1,6,1,1,1,1,4,1.5,1.5,3,0,0,0,0,0,19,Moderately High Risk,Average",,,,,,,,,,,,,,,,,,,,,,,,,,,,,,,,,,,,,,,,,,,,,,,
Groww Nifty 500 Low Volatility 50 ETF,solution-oriented,Solution: Children - Debt,Regular,2.88,,,BSE 500 TRI,1.84,,,,,,,,,,,,25,https://www.valueresearchonline.com/funds/45217/,,,,,,,,,,,,,,,,,,,,,,,,,,
",INF666M01LB9,153583,1,1,1,3,1,1,1,3,1.5,1.5,1.5,1,5.5,1.5,1.5,3,0,0,0,0,0,14.5,Moderately High Risk,Average",,,,,,,,,,,,,,,,,,,,,,,,,,,,,,,,,,,,,,,,,,,,,,,
Groww Nifty 500 Momentum 50 ETF FoF Reg,solution-oriented,Solution: Children - Debt,Regular,-0.14,,,BSE 500 TRI,1.84,,,,,,,,,,,,1,https://www.valueresearchonline.com/funds/45095/,,,,,,,,,,,,,,,,,,,,,,,,,,
",INF666M01KC9,153456,1,1,1,3,1,1,1,3,1,1,1,1,4,1,1,2,0,0,0,0,0,12,High Risk,Poor",,,,,,,,,,,,,,,,,,,,,,,,,,,,,,,,,,,,,,,,,,,,,,,
Groww Nifty Total Market Index Reg,solution-oriented,Solution: Children - Debt,Regular,1.22,,,BSE 500 TRI,1.84,,,,,,,,,,,,25,https://www.valueresearchonline.com/funds/43804/,,,,,,,,,,,,,,,,,,,,,,,,,,
",INF666M01HJ0,152127,1,1,1,3,1,1,1,3,2,1.5,1.5,1,6,2,2,4,0,0,0,0,0,16,Moderately High Risk,Average",,,,,,,,,,,,,,,,,,,,,,,,,,,,,,,,,,,,,,,,,,,,,,,
HDFC BSE 500 ETF,solution-oriented,Solution: Children - Debt,Regular,1.53,12.99,,BSE 500 TRI,1.84,13.36,,-0.33,1,0.85,12.63,16.82,,,,,25,https://www.valueresearchonline.com/funds/43117/,,,,,,,,,,,,,,,,,,,,,,,,,,
",INF179KC1EZ4,151376,1,2,2,5,2,3,1,6,2,1.5,1.5,1,6,2,2,4,0,0,0,0,0,21,Moderate Risk,Average",,,,,,,,,,,,,,,,,,,,,,,,,,,,,,,,,,,,,,,,,,,,,,,
HDFC BSE 500 Index Reg,solution-oriented,Solution: Children - Debt,Regular,0.95,12.09,,BSE 500 TRI,1.84,13.36,,-1.13,1,0.45,15.34,12.69,,,,,25,https://www.valueresearchonline.com/funds/43476/,,,,,,,,,,,,,,,,,,,,,,,,,,
",INF179KC1GH7,151729,1,1,1,3,1,1,1,3,2,1.5,1.5,1,6,2,2,4,0,0,0,0,0,16,Moderately High Risk,Average",,,,,,,,,,,,,,,,,,,,,,,,,,,,,,,,,,,,,,,,,,,,,,,
HDFC Diversified Equity All Cap Active FoF Reg,solution-oriented,Solution: Children - Debt,Regular,,,,BSE 500 TRI,,,,,,,,,,,,,5,https://www.valueresearchonline.com/funds/45483/,,,,,,,,,,,,,,,,,,,,,,,,,,
",INF179KC1JR0,153861,1,1,1,3,1,1,1,3,1,1,1,1,4,1,1,2,0,0,0,0,0,12,High Risk,Poor",,,,,,,,,,,,,,,,,,,,,,,,,,,,,,,,,,,,,,,,,,,,,,,
HDFC Flexi Cap Reg,solution-oriented,Solution: Children - Debt,Regular,2.45,17.37,17.87,BSE 500 TRI,1.84,13.36,12.53,6.5,0.77,1.49,10.08,21.14,,,,,25,https://www.valueresearchonline.com/funds/219/,,,,,,,,,,,,,,,,,,,,,,,,,,
",INF179K01608,101762,4,3,3,10,2,4,1,7,1.5,1,1,1,4.5,2,2,4,0,0,0,0,0,25.5,Moderate Risk,Average",,,,,,,,,,,,,,,,,,,,,,,,,,,,,,,,,,,,,,,,,,,,,,,
HDFC Focused Reg,solution-oriented,Solution: Children - Debt,Regular,1.08,16.72,18.9,BSE 500 TRI,1.84,13.36,12.53,6.64,0.72,1.55,9.4,20.65,,,,,25,https://www.valueresearchonline.com/funds/2372/,,,,,,,,,,,,,,,,,,,,,,,,,,
",,133527,4,4,3,11,3,4,2,9,1,1,1,1,4,2,2,4,0,0,0,0,0,28,Low Risk,Good",,,,,,,,,,,,,,,,,,,,,,,,,,,,,,,,,,,,,,,,,,,,,,,
HDFC Retirement Savings Equity Reg,solution-oriented,Solution: Children - Debt,Regular,-3.15,11.5,13.62,BSE 500 TRI,1.84,13.36,12.53,1.28,0.85,0.98,10.97,16.83,,,,,25,https://www.valueresearchonline.com/funds/31779/,,,,,,,,,,,,,,,,,,,,,,,,,,
",INF179KB1MG8,136090,2,2,2,6,2,3,1,6,1.5,1.5,1.5,1,5.5,2,2,4,0,0,0,0,0,21.5,Moderate Risk,Average",,,,,,,,,,,,,,,,,,,,,,,,,,,,,,,,,,,,,,,,,,,,,,,
Helios Flexi Cap Reg,solution-oriented,Solution: Children - Debt,Regular,8.81,,,BSE 500 TRI,1.84,,,,,,,,,,,,25,https://www.valueresearchonline.com/funds/43837/,,,,,,,,,,,,,,,,,,,,,,,,,,
",INF0R8701012,152136,1,1,1,3,1,1,1,3,1.5,1.5,1.5,1,5.5,1.5,1.5,3,0,0,0,0,0,14.5,Moderately High Risk,Average",,,,,,,,,,,,,,,,,,,,,,,,,,,,,,,,,,,,,,,,,,,,,,,
HSBC Flexi Cap Reg,solution-oriented,Solution: Children - Debt,Regular,4.59,17.35,14.5,BSE 500 TRI,1.84,13.36,12.53,0.89,1.06,0.9,14.01,18.7,,,,,25,https://www.valueresearchonline.com/funds/2072/,,,,,,,,,,,,,,,,,,,,,,,,,,
",INF336L01AF5,102252,2,2,2,6,2,4,1,7,2,2,2,1,7,1.5,2,3.5,0,0,0,0,0,23.5,Moderate Risk,Average",,,,,,,,,,,,,,,,,,,,,,,,,,,,,,,,,,,,,,,,,,,,,,,
HSBC Focused Reg,solution-oriented,Solution: Children - Debt,Regular,6.31,14.98,11.73,BSE 500 TRI,1.84,13.36,12.53,0.89,0.99,0.86,13.8,17.97,,,,,25,https://www.valueresearchonline.com/funds/41020/,,,,,,,,,,,,,,,,,,,,,,,,,,
",INF336L01PE6,148409,2,2,2,6,2,3,1,6,1,1,1,1,4,1.5,1.5,3,0,0,0,0,0,19,Moderately High Risk,Average",,,,,,,,,,,,,,,,,,,,,,,,,,,,,,,,,,,,,,,,,,,,,,,
ICICI Pru BSE 500 ETF,solution-oriented,Solution: Children - Debt,Regular,1.5,12.99,12.16,BSE 500 TRI,1.84,13.36,12.53,-0.33,1,0.85,12.62,16.81,,,,,25,https://www.valueresearchonline.com/funds/36037/,,,,,,,,,,,,,,,,,,,,,,,,,,
",INF109KC1V59,143247,1,2,2,5,2,3,1,6,2,1.5,1.5,1,6,2,2,4,0,0,0,0,0,21,Moderate Risk,Average",,,,,,,,,,,,,,,,,,,,,,,,,,,,,,,,,,,,,,,,,,,,,,,
ICICI Pru BSE 500 ETF FOF,solution-oriented,Solution: Children - Debt,Regular,0.63,12.19,,BSE 500 TRI,1.84,13.36,,-0.84,0.98,0.8,12.38,16.06,,,,,1,https://www.valueresearchonline.com/funds/41850/,,,,,,,,,,,,,,,,,,,,,,,,,,
",INF109KC1V67,149334,1,2,2,5,2,3,1,6,1,1,1,1,4,1,1,2,0,0,0,0,0,17,Moderately High Risk,Average",,,,,,,,,,,,,,,,,,,,,,,,,,,,,,,,,,,,,,,,,,,,,,,
ICICI Pru Diversified Equity All Cap Active FoF,solution-oriented,Solution: Children - Debt,Regular,,,,BSE 500 TRI,,,,,,,,,,,,,5,https://www.valueresearchonline.com/funds/45887/,,,,,,,,,,,,,,,,,,,,,,,,,,
",INF109K1A450,154265,1,1,1,3,1,1,1,3,1,1,1,1,4,1,1,2,0,0,0,0,0,12,High Risk,Poor",,,,,,,,,,,,,,,,,,,,,,,,,,,,,,,,,,,,,,,,,,,,,,,
ICICI Pru Diversified Equity All Cap Omni FoF,solution-oriented,Solution: Children - Debt,Regular,2.37,17.74,16.22,BSE 500 TRI,1.84,13.36,12.53,4.09,0.89,1.21,11.58,20.06,,,,,10,https://www.valueresearchonline.com/funds/40660/,,,,,,,,,,,,,,,,,,,,,,,,,,
",INF109KC1I31,148034,4,3,3,10,2,4,1,7,1,1,1,1,4,1,1,2,0,0,0,0,0,23,Moderate Risk,Average",,,,,,,,,,,,,,,,,,,,,,,,,,,,,,,,,,,,,,,,,,,,,,,
ICICI Pru Flexicap,solution-oriented,Solution: Children - Debt,Regular,6.96,15.72,,BSE 500 TRI,1.84,13.36,,2.82,0.92,1.05,12.35,19.04,,,,,25,https://www.valueresearchonline.com/funds/41523/,,,,,,,,,,,,,,,,,,,,,,,,,,
",INF109KC1Q98,148988,3,3,2,8,2,4,1,7,1,1,1,1,4,1,1,2,0,0,0,0,0,21,Moderate Risk,Average",,,,,,,,,,,,,,,,,,,,,,,,,,,,,,,,,,,,,,,,,,,,,,,
ICICI Pru Focused Equity,solution-oriented,Solution: Children - Debt,Regular,3.14,18.32,16.81,BSE 500 TRI,1.84,13.36,12.53,5.37,0.93,1.27,12.36,21.74,,,,,25,https://www.valueresearchonline.com/funds/10399/,,,,,,,,,,,,,,,,,,,,,,,,,,
",INF109K01FM3,111958,4,3,3,10,2,4,1,7,1,1,1.5,1,4.5,2,1.5,3.5,0,0,0,0,0,25,Moderate Risk,Average",,,,,,,,,,,,,,,,,,,,,,,,,,,,,,,,,,,,,,,,,,,,,,,
ICICI Pru Nifty 500 Index,solution-oriented,Solution: Children - Debt,Regular,1,,,BSE 500 TRI,1.84,,,,,,,,,,,,25,https://www.valueresearchonline.com/funds/44818/,,,,,,,,,,,,,,,,,,,,,,,,,,
",INF109KC13Y0,153162,1,1,1,3,1,1,1,3,2,1.5,1.5,1,6,2,1.5,3.5,0,0,0,0,0,15.5,Moderately High Risk,Average",,,,,,,,,,,,,,,,,,,,,,,,,,,,,,,,,,,,,,,,,,,,,,,
ICICI Pru Retirement Pure Equity,solution-oriented,Solution: Children - Debt,Regular,9.62,22.26,21.38,BSE 500 TRI,1.84,13.36,12.53,6.95,1.07,1.33,14.11,24.83,,,,,25,https://www.valueresearchonline.com/funds/39053/,,,,,,,,,,,,,,,,,,,,,,,,,,
",INF109KC1TR4,146347,4,3,3,10,2,4,1,7,2,2,2,1.5,7.5,1,1.5,2.5,0,0,0,0,0,27,Low Risk,Good",,,,,,,,,,,,,,,,,,,,,,,,,,,,,,,,,,,,,,,,,,,,,,,
Invesco India Flexi Cap Reg,solution-oriented,Solution: Children - Debt,Regular,1.4,18.11,,BSE 500 TRI,1.84,13.36,,2.44,1.01,0.97,14.13,19.74,,,,,25,https://www.valueresearchonline.com/funds/42012/,,,,,,,,,,,,,,,,,,,,,,,,,,
",INF205KA1460,149766,3,2,2,7,2,4,1,7,1.5,1.5,1.5,1,5.5,1,1,2,0,0,0,0,0,21.5,Moderate Risk,Average",,,,,,,,,,,,,,,,,,,,,,,,,,,,,,,,,,,,,,,,,,,,,,,
Invesco India Focused Reg,solution-oriented,Solution: Children - Debt,Regular,-1.92,20.58,15.65,BSE 500 TRI,1.84,13.36,12.53,3.98,1,1.02,14.7,21.12,,,,,24,https://www.valueresearchonline.com/funds/41094/,,,,,,,,,,,,,,,,,,,,,,,,,,
",INF205KA1189,148483,3,3,3,9,2,4,1,7,1,1,1,1,4,1,1,2,0,0,0,0,0,22,Moderate Risk,Average",,,,,,,,,,,,,,,,,,,,,,,,,,,,,,,,,,,,,,,,,,,,,,,
ITI Flexi Cap Reg,solution-oriented,Solution: Children - Debt,Regular,7.88,18.27,,BSE 500 TRI,1.84,13.36,,3.11,1.08,1.03,14.62,21.19,,,,,25,https://www.valueresearchonline.com/funds/43118/,,,,,,,,,,,,,,,,,,,,,,,,,,
",INF00XX01CL3,151377,3,3,2,8,2,4,1,7,1,1,1,1,4,1,1,2,0,0,0,0,0,21,Moderate Risk,Average",,,,,,,,,,,,,,,,,,,,,,,,,,,,,,,,,,,,,,,,,,,,,,,
ITI Focused Reg,solution-oriented,Solution: Children - Debt,Regular,8.54,,,BSE 500 TRI,1.84,,,,,,,,,,,,25,https://www.valueresearchonline.com/funds/43532/,,,,,,,,,,,,,,,,,,,,,,,,,,
",INF00XX01CV2,151778,1,1,1,3,1,1,1,3,1,1,1.5,1,4.5,1.5,1.5,3,0,0,0,0,0,13.5,Moderately High Risk,Average",,,,,,,,,,,,,,,,,,,,,,,,,,,,,,,,,,,,,,,,,,,,,,,
JM Flexicap Reg,solution-oriented,Solution: Children - Debt,Regular,0.15,16.12,16.64,BSE 500 TRI,1.84,13.36,12.53,2.03,1.05,0.93,14.72,19.75,,,,,25,https://www.valueresearchonline.com/funds/8653/,,,,,,,,,,,,,,,,,,,,,,,,,,
",INF192K01635,109522,3,2,2,7,2,4,1,7,1.5,1.5,2,1,6,2,2,4,0,0,0,0,0,24,Moderate Risk,Average",,,,,,,,,,,,,,,,,,,,,,,,,,,,,,,,,,,,,,,,,,,,,,,
JM Focused Reg,solution-oriented,Solution: Children - Debt,Regular,1.95,13.94,13.6,BSE 500 TRI,1.84,13.36,12.53,-0.05,1.01,0.79,14.1,17.19,,,,,25,https://www.valueresearchonline.com/funds/6673/,,,,,,,,,,,,,,,,,,,,,,,,,,
",INF192K01577,107410,1,2,2,5,2,3,1,6,1,1,1.5,1,4.5,1,1.5,2.5,0,0,0,0,0,18,Moderately High Risk,Average",,,,,,,,,,,,,,,,,,,,,,,,,,,,,,,,,,,,,,,,,,,,,,,
Kotak Flexicap Reg,solution-oriented,Solution: Children - Debt,Regular,0.89,13.68,12.16,BSE 500 TRI,1.84,13.36,12.53,1.43,0.92,0.96,12.06,17.67,,,,,25,https://www.valueresearchonline.com/funds/10594/,,,,,,,,,,,,,,,,,,,,,,,,,,
",INF178L01BO1,133782,2,2,2,6,2,3,1,6,1.5,1.5,1.5,1,5.5,1.5,2,3.5,0,0,0,0,0,21,Moderate Risk,Average",,,,,,,,,,,,,,,,,,,,,,,,,,,,,,,,,,,,,,,,,,,,,,,
Kotak Focused Reg,solution-oriented,Solution: Children - Debt,Regular,9.18,15.52,13.16,BSE 500 TRI,1.84,13.36,12.53,1.92,0.89,1.02,11.6,17.91,,,,,25,https://www.valueresearchonline.com/funds/40096/,,,,,,,,,,,,,,,,,,,,,,,,,,
",INF174KA1EK3,147477,2,3,2,7,2,3,1,6,1,1,1.5,1,4.5,1.5,1.5,3,0,0,0,0,0,20.5,Moderate Risk,Average",,,,,,,,,,,,,,,,,,,,,,,,,,,,,,,,,,,,,,,,,,,,,,,
Kotak Nifty500 Momentum 50 Index Reg,solution-oriented,Solution: Children - Debt,Regular,,,,BSE 500 TRI,,,,,,,,,,,,,25,https://www.valueresearchonline.com/funds/45644/,,,,,,,,,,,,,,,,,,,,,,,,,,
",INF174KA1YF1,154030,1,1,1,3,1,1,1,3,1.5,1.5,1.5,1,5.5,1.5,1.5,3,0,0,0,0,0,14.5,Moderately High Risk,Average",,,,,,,,,,,,,,,,,,,,,,,,,,,,,,,,,,,,,,,,,,,,,,,
Kotak Nifty Alpha 50 Index Reg,solution-oriented,Solution: Children - Debt,Regular,,,,BSE 500 TRI,,,,,,,,,,,,,25,https://www.valueresearchonline.com/funds/45400/,,,,,,,,,,,,,,,,,,,,,,,,,,
",INF174KA1XJ5,153784,1,1,1,3,1,1,1,3,1.5,1.5,1.5,1,5.5,1.5,1,2.5,0,0,0,0,0,14,Moderately High Risk,Average",,,,,,,,,,,,,,,,,,,,,,,,,,,,,,,,,,,,,,,,,,,,,,,
LIC MF Children's Reg,solution-oriented,Solution: Children - Debt,Regular,3.02,9.65,8.4,BSE 500 TRI,1.84,13.36,12.53,-4.7,0.93,0.43,12.93,11.63,,,,,25,https://www.valueresearchonline.com/funds/1135/,,,,,,,,,,,,,,,,,,,,,,,,,,
",INF767K01048,101271,1,1,1,3,2,2,1,5,1.5,2,2,1.5,7,1.5,1.5,3,0,0,0,0,0,18,Moderately High Risk,Average",,,,,,,,,,,,,,,,,,,,,,,,,,,,,,,,,,,,,,,,,,,,,,,
LIC MF Flexi Cap Reg,solution-oriented,Solution: Children - Debt,Regular,6.45,11.54,10.99,BSE 500 TRI,1.84,13.36,12.53,-2.89,1.02,0.6,13.95,14.53,,,,,25,https://www.valueresearchonline.com/funds/134/,,,,,,,,,,,,,,,,,,,,,,,,,,
",INF767K01071,100313,1,2,2,5,2,3,1,6,1.5,1.5,2,1,6,1.5,1.5,3,0,0,0,0,0,20,Moderate Risk,Average",,,,,,,,,,,,,,,,,,,,,,,,,,,,,,,,,,,,,,,,,,,,,,,
LIC MF Focused Reg,solution-oriented,Solution: Children - Debt,Regular,-2.33,9.43,9.77,BSE 500 TRI,1.84,13.36,12.53,-5.49,0.99,0.4,13.4,11.5,,,,,25,https://www.valueresearchonline.com/funds/34736/,,,,,,,,,,,,,,,,,,,,,,,,,,
",INF397L01KE9,152009,1,1,2,4,2,2,1,5,1,1,1,1,4,2,1.5,3.5,0,0,0,0,0,16.5,Moderately High Risk,Average",,,,,,,,,,,,,,,,,,,,,,,,,,,,,,,,,,,,,,,,,,,,,,,
Mahindra Manulife Flexi Cap Reg,solution-oriented,Solution: Children - Debt,Regular,-1.56,11.42,,BSE 500 TRI,1.84,13.36,,-0.1,0.93,0.85,12.04,16.33,,,,,25,https://www.valueresearchonline.com/funds/41631/,,,,,,,,,,,,,,,,,,,,,,,,,,
",INF174V01AP8,149101,1,2,2,5,2,3,1,6,1.5,1.5,1.5,1,5.5,1.5,2,3.5,0,0,0,0,0,20,Moderate Risk,Average",,,,,,,,,,,,,,,,,,,,,,,,,,,,,,,,,,,,,,,,,,,,,,,
Mahindra Manulife Focused Reg,solution-oriented,Solution: Children - Debt,Regular,2.69,16.87,15.26,BSE 500 TRI,1.84,13.36,12.53,3.2,0.92,1.08,12.36,19.46,,,,,25,https://www.valueresearchonline.com/funds/41167/,,,,,,,,,,,,,,,,,,,,,,,,,,
",INF174V01AD4,148571,3,3,3,9,2,4,1,7,1,1,1.5,1,4.5,2,2,4,0,0,0,0,0,24.5,Moderate Risk,Average",,,,,,,,,,,,,,,,,,,,,,,,,,,,,,,,,,,,,,,,,,,,,,,
Mirae Asset Flexi Cap Reg,solution-oriented,Solution: Children - Debt,Regular,3.09,13.5,,BSE 500 TRI,1.84,13.36,,0.18,0.94,0.87,12.05,16.63,,,,,25,https://www.valueresearchonline.com/funds/43132/,,,,,,,,,,,,,,,,,,,,,,,,,,
",INF769K01JG8,151414,2,2,2,6,2,3,1,6,2,1.5,1.5,1,6,2,1.5,3.5,0,0,0,0,0,21.5,Moderate Risk,Average",,,,,,,,,,,,,,,,,,,,,,,,,,,,,,,,,,,,,,,,,,,,,,,
Mirae Asset Focused Reg,solution-oriented,Solution: Children - Debt,Regular,-6.29,6.97,7.13,BSE 500 TRI,1.84,13.36,12.53,-5.7,0.87,0.32,12.18,10.02,,,,,25,https://www.valueresearchonline.com/funds/39821/,,,,,,,,,,,,,,,,,,,,,,,,,,
",INF769K01ES4,147203,1,1,1,3,2,2,1,5,1,1,1,1,4,1.5,1.5,3,0,0,0,0,0,15,Moderately High Risk,Average",,,,,,,,,,,,,,,,,,,,,,,,,,,,,,,,,,,,,,,,,,,,,,,
Mirae Asset Nifty Total Market Index Reg,solution-oriented,Solution: Children - Debt,Regular,1.34,,,BSE 500 TRI,1.84,,,,,,,,,,,,25,https://www.valueresearchonline.com/funds/44599/,,,,,,,,,,,,,,,,,,,,,,,,,,
",INF769K01MA5,152970,1,1,1,3,1,1,1,3,2,1.5,1.5,1,6,2,2,4,0,0,0,0,0,16,Moderately High Risk,Average",,,,,,,,,,,,,,,,,,,,,,,,,,,,,,,,,,,,,,,,,,,,,,,
Motilal Oswal BSE 1000 Index Reg,solution-oriented,Solution: Children - Debt,Regular,,,,BSE 500 TRI,,,,,,,,,,,,,25,https://www.valueresearchonline.com/funds/45218/,,,,,,,,,,,,,,,,,,,,,,,,,,
",INF247L01FN7,153597,1,1,1,3,1,1,1,3,1,1.5,1.5,1,5,2,2,4,0,0,0,0,0,15,Moderately High Risk,Average",,,,,,,,,,,,,,,,,,,,,,,,,,,,,,,,,,,,,,,,,,,,,,,
Motilal Oswal Diversified Equity Flexicap Passive FoF Reg,solution-oriented,Solution: Children - Debt,Regular,,,,BSE 500 TRI,,,,,,,,,,,,,3,https://www.valueresearchonline.com/funds/45728/,,,,,,,,,,,,,,,,,,,,,,,,,,
",INF247L01GM7,154113,1,1,1,3,1,1,1,3,1,1,1,1,4,1,1,2,0,0,0,0,0,12,High Risk,Poor",,,,,,,,,,,,,,,,,,,,,,,,,,,,,,,,,,,,,,,,,,,,,,,
Motilal Oswal Flexi Cap Reg,solution-oriented,Solution: Children - Debt,Regular,-3.57,18.1,12.14,BSE 500 TRI,1.84,13.36,12.53,3,1.03,0.9,15.92,20.45,,,,,25,https://www.valueresearchonline.com/funds/26123/,,,,,,,,,,,,,,,,,,,,,,,,,,
",INF247L01478,129048,3,2,2,7,1,4,1,6,1,1,1,1,4,1,1.5,2.5,0,0,0,0,0,19.5,Moderately High Risk,Average",,,,,,,,,,,,,,,,,,,,,,,,,,,,,,,,,,,,,,,,,,,,,,,
Motilal Oswal Focused Reg,solution-oriented,Solution: Children - Debt,Regular,12.46,10.46,8.93,BSE 500 TRI,1.84,13.36,12.53,-6.9,1.15,0.34,17.16,11.88,,,,,25,https://www.valueresearchonline.com/funds/19512/,,,,,,,,,,,,,,,,,,,,,,,,,,
",INF247L01155,122387,1,1,1,3,1,2,1,4,1,1.5,1.5,1,5,1,1.5,2.5,0,0,0,0,0,14.5,Moderately High Risk,Average",,,,,,,,,,,,,,,,,,,,,,,,,,,,,,,,,,,,,,,,,,,,,,,
Motilal Oswal Nifty 500 ETF,solution-oriented,Solution: Children - Debt,Regular,1.99,,,BSE 500 TRI,1.84,,,,,,,,,,,,25,https://www.valueresearchonline.com/funds/43812/,,,,,,,,,,,,,,,,,,,,,,,,,,
",INF247L01BU1,152106,1,1,1,3,1,1,1,3,2,1.5,1.5,1,6,2,2,4,0,0,0,0,0,16,Moderately High Risk,Average",,,,,,,,,,,,,,,,,,,,,,,,,,,,,,,,,,,,,,,,,,,,,,,
Motilal Oswal Nifty 500 Index Reg,solution-oriented,Solution: Children - Debt,Regular,1.3,12.67,11.58,BSE 500 TRI,1.84,13.36,12.53,-0.73,1,0.82,12.63,16.43,,,,,25,https://www.valueresearchonline.com/funds/40239/,,,,,,,,,,,,,,,,,,,,,,,,,,
",INF247L01AF4,147795,1,2,2,5,2,3,1,6,2,1.5,1.5,1,6,2,1.5,3.5,0,0,0,0,0,20.5,Moderate Risk,Average",,,,,,,,,,,,,,,,,,,,,,,,,,,,,,,,,,,,,,,,,,,,,,,
Motilal Oswal Nifty 500 Momentum 50 ETF,solution-oriented,Solution: Children - Debt,Regular,-0.12,,,BSE 500 TRI,1.84,,,,,,,,,,,,25,https://www.valueresearchonline.com/funds/44555/,,,,,,,,,,,,,,,,,,,,,,,,,,
",INF247L01DK8,152874,1,1,1,3,1,1,1,3,1.5,1,1.5,1,5,1.5,1.5,3,0,0,0,0,0,14,Moderately High Risk,Average",,,,,,,,,,,,,,,,,,,,,,,,,,,,,,,,,,,,,,,,,,,,,,,
Motilal Oswal Nifty 500 Momentum 50 Index Reg,solution-oriented,Solution: Children - Debt,Regular,-0.54,,,BSE 500 TRI,1.84,,,,,,,,,,,,25,https://www.valueresearchonline.com/funds/44553/,,,,,,,,,,,,,,,,,,,,,,,,,,
",INF247L01DM4,152876,1,1,1,3,1,1,1,3,1.5,1,1.5,1,5,1.5,1.5,3,0,0,0,0,0,14,Moderately High Risk,Average",,,,,,,,,,,,,,,,,,,,,,,,,,,,,,,,,,,,,,,,,,,,,,,
Motilal Oswal Nifty Alpha 50 ETF,solution-oriented,Solution: Children - Debt,Regular,,,,BSE 500 TRI,,,,,,,,,,,,,25,https://www.valueresearchonline.com/funds/45363/,,,,,,,,,,,,,,,,,,,,,,,,,,
",INF247L01FR8,153724,1,1,1,3,1,1,1,3,1.5,1.5,1.5,1,5.5,1.5,1.5,3,0,0,0,0,0,14.5,Moderately High Risk,Average",,,,,,,,,,,,,,,,,,,,,,,,,,,,,,,,,,,,,,,,,,,,,,,
Navi Flexi Cap Reg,solution-oriented,Solution: Children - Debt,Regular,9.82,11.87,11.62,BSE 500 TRI,1.84,13.36,12.53,-2.55,0.95,0.63,12.74,14.1,,,,,25,https://www.valueresearchonline.com/funds/36680/,,,,,,,,,,,,,,,,,,,,,,,,,,
",INF959L01EE9,143787,1,2,2,5,2,3,1,6,1.5,1.5,2,1,6,2,1.5,3.5,0,0,0,0,0,20.5,Moderate Risk,Average",,,,,,,,,,,,,,,,,,,,,,,,,,,,,,,,,,,,,,,,,,,,,,,
Nippon India Diversified Equity Flexicap Passive FoF Reg,solution-oriented,Solution: Children - Debt,Regular,0.39,12.47,11.48,BSE 500 TRI,1.84,13.36,12.53,-0.85,1,0.8,12.77,16.35,,,,,3,https://www.valueresearchonline.com/funds/41239/,,,,,,,,,,,,,,,,,,,,,,,,,,
",INF204KB13X3,148641,1,2,2,5,2,3,1,6,1,1,1,1,4,1,1,2,0,0,0,0,0,17,Moderately High Risk,Average",,,,,,,,,,,,,,,,,,,,,,,,,,,,,,,,,,,,,,,,,,,,,,,
Nippon India Flexi Cap Reg,solution-oriented,Solution: Children - Debt,Regular,0.75,12.91,,BSE 500 TRI,1.84,13.36,,-0.64,0.98,0.8,12.76,16.26,,,,,25,https://www.valueresearchonline.com/funds/41614/,,,,,,,,,,,,,,,,,,,,,,,,,,
",INF204KC1097,149089,1,2,2,5,2,3,1,6,2,1.5,1.5,1,6,1.5,1.5,3,0,0,0,0,0,20,Moderate Risk,Average",,,,,,,,,,,,,,,,,,,,,,,,,,,,,,,,,,,,,,,,,,,,,,,
Nippon India Focused Reg,solution-oriented,Solution: Children - Debt,Regular,2.56,12.85,12.45,BSE 500 TRI,1.84,13.36,12.53,-0.13,0.89,0.81,12,15.86,,,,,25,https://www.valueresearchonline.com/funds/3900/,,,,,,,,,,,,,,,,,,,,,,,,,,
",INF204KC1FO4,153691,1,2,2,5,2,3,1,6,1,1,1,1,4,1.5,2,3.5,0,0,0,0,0,18.5,Moderately High Risk,Average",,,,,,,,,,,,,,,,,,,,,,,,,,,,,,,,,,,,,,,,,,,,,,,
Nippon India Nifty 500 Low Volatility 50 Index Reg,solution-oriented,Solution: Children - Debt,Regular,2.15,,,BSE 500 TRI,1.84,,,,,,,,,,,,25,https://www.valueresearchonline.com/funds/45107/,,,,,,,,,,,,,,,,,,,,,,,,,,
",INF204KC1EN9,153475,1,1,1,3,1,1,1,3,1,1,1,1,4,1,1,2,0,0,0,0,0,12,High Risk,Poor",,,,,,,,,,,,,,,,,,,,,,,,,,,,,,,,,,,,,,,,,,,,,,,
Nippon India Nifty 500 Momentum 50 Index Reg,solution-oriented,Solution: Children - Debt,Regular,-0.4,,,BSE 500 TRI,1.84,,,,,,,,,,,,25,https://www.valueresearchonline.com/funds/44556/,,,,,,,,,,,,,,,,,,,,,,,,,,
",INF204KC1DD2,152883,1,1,1,3,1,1,1,3,1,1,1,1,4,1,1,2,0,0,0,0,0,12,High Risk,Poor",,,,,,,,,,,,,,,,,,,,,,,,,,,,,,,,,,,,,,,,,,,,,,,
Nippon India Nifty 500 Quality 50 Index Reg,solution-oriented,Solution: Children - Debt,Regular,1.06,,,BSE 500 TRI,1.84,,,,,,,,,,,,25,https://www.valueresearchonline.com/funds/45103/,,,,,,,,,,,,,,,,,,,,,,,,,,
",INF204KC1ET6,153472,1,1,1,3,1,1,1,3,1,1.5,1.5,1,5,1.5,1,2.5,0,0,0,0,0,13.5,Moderately High Risk,Average",,,,,,,,,,,,,,,,,,,,,,,,,,,,,,,,,,,,,,,,,,,,,,,
Nippon India Retirement Wealth Creation Reg,solution-oriented,Solution: Children - Debt,Regular,1.38,13.7,12.88,BSE 500 TRI,1.84,13.36,12.53,0.96,0.97,0.92,12.61,17.74,,,,,25,https://www.valueresearchonline.com/funds/29289/,,,,,,,,,,,,,,,,,,,,,,,,,,
",INF204KA1B64,133565,2,2,2,6,2,3,1,6,1.5,1.5,1.5,1,5.5,1.5,1.5,3,0,0,0,0,0,20.5,Moderate Risk,Average",,,,,,,,,,,,,,,,,,,,,,,,,,,,,,,,,,,,,,,,,,,,,,,
NJ Flexi Cap Reg,solution-oriented,Solution: Children - Debt,Regular,-3.92,,,BSE 500 TRI,1.84,,,,,,,,,,,,25,https://www.valueresearchonline.com/funds/43712/,,,,,,,,,,,,,,,,,,,,,,,,,,
",INF0J8L01131,151920,1,1,1,3,1,1,1,3,1.5,1.5,1.5,1,5.5,1.5,1.5,3,0,0,0,0,0,14.5,Moderately High Risk,Average",,,,,,,,,,,,,,,,,,,,,,,,,,,,,,,,,,,,,,,,,,,,,,,
Old Bridge Flexi Cap Reg,solution-oriented,Solution: Children - Debt,Regular,,,,BSE 500 TRI,,,,,,,,,,,,,25,https://www.valueresearchonline.com/funds/45844/,,,,,,,,,,,,,,,,,,,,,,,,,,
",INF0S5R01166,154226,1,1,1,3,1,1,1,3,1,1,1,1,4,1,1,2,0,0,0,0,0,12,High Risk,Poor",,,,,,,,,,,,,,,,,,,,,,,,,,,,,,,,,,,,,,,,,,,,,,,
Old Bridge Focused Reg,solution-oriented,Solution: Children - Debt,Regular,9.01,,,BSE 500 TRI,1.84,,,,,,,,,,,,24,https://www.valueresearchonline.com/funds/44036/,,,,,,,,,,,,,,,,,,,,,,,,,,
",INF0S5R01034,152361,1,1,1,3,1,1,1,3,1,1,1,1,4,3,2,5,0,0,0,0,0,15,Moderately High Risk,Average",,,,,,,,,,,,,,,,,,,,,,,,,,,,,,,,,,,,,,,,,,,,,,,
Parag Parikh Flexi Cap Reg,solution-oriented,Solution: Children - Debt,Regular,-1.15,14.5,14.38,BSE 500 TRI,1.84,13.36,12.53,6.04,0.6,1.5,8.45,18.79,,,,,25,https://www.valueresearchonline.com/funds/19699/,,,,,,,,,,,,,,,,,,,,,,,,,,
",INF879O01019,122640,4,4,3,11,3,4,2,9,2,1,1.5,1,5.5,3,2,5,0,0,0,0,0,30.5,Low Risk,Good",,,,,,,,,,,,,,,,,,,,,,,,,,,,,,,,,,,,,,,,,,,,,,,
PGIM India Flexi Cap Reg,solution-oriented,Solution: Children - Debt,Regular,1.21,10.01,9.44,BSE 500 TRI,1.84,13.36,12.53,-2.91,0.91,0.59,12.26,13.28,,,,,25,https://www.valueresearchonline.com/funds/29471/,,,,,,,,,,,,,,,,,,,,,,,,,,
",INF663L01FJ3,133836,1,2,2,5,2,3,1,6,1.5,1.5,1.5,1,5.5,1.5,1.5,3,0,0,0,0,0,19.5,Moderately High Risk,Average",,,,,,,,,,,,,,,,,,,,,,,,,,,,,,,,,,,,,,,,,,,,,,,
Quant Flexi Cap Reg,solution-oriented,Solution: Children - Debt,Regular,13.28,18.42,16.65,BSE 500 TRI,1.84,13.36,12.53,-0.89,1.18,0.74,16.33,18.27,,,,,25,https://www.valueresearchonline.com/funds/8827/,,,,,,,,,,,,,,,,,,,,,,,,,,
",INF966L01457,109830,1,2,2,5,1,4,1,6,1,1,1,1,4,1.5,2,3.5,0,0,0,0,0,18.5,Moderately High Risk,Average",,,,,,,,,,,,,,,,,,,,,,,,,,,,,,,,,,,,,,,,,,,,,,,
Quantum Diversified Equity All Cap Active FoF Reg,solution-oriented,Solution: Children - Debt,Regular,1.2,13.08,11.71,BSE 500 TRI,1.84,13.36,12.53,0.65,0.91,0.92,11.65,16.83,,,,,7,https://www.valueresearchonline.com/funds/33962/,,,,,,,,,,,,,,,,,,,,,,,,,,
",INF082J01275,141063,2,2,2,6,2,3,1,6,1,1,1,1,4,1,1,2,0,0,0,0,0,18,Moderately High Risk,Average",,,,,,,,,,,,,,,,,,,,,,,,,,,,,,,,,,,,,,,,,,,,,,,
Samco Flexi Cap Reg,solution-oriented,Solution: Children - Debt,Regular,-7.41,-0.07,,BSE 500 TRI,1.84,13.36,,-14.23,1.14,-0.09,17.72,4.51,,,,,25,https://www.valueresearchonline.com/funds/41934/,,,,,,,,,,,,,,,,,,,,,,,,,,
",INF0K1H01016,149449,1,1,1,3,1,1,1,3,1,1,1.5,1,4.5,1.5,1,2.5,0,0,0,0,0,13,Moderately High Risk,Average",,,,,,,,,,,,,,,,,,,,,,,,,,,,,,,,,,,,,,,,,,,,,,,
SBI Flexicap Reg,solution-oriented,Solution: Children - Debt,Regular,0.37,9.4,9.57,BSE 500 TRI,1.84,13.36,12.53,-1.42,0.85,0.72,11,14.06,,,,,25,https://www.valueresearchonline.com/funds/2859/,,,,,,,,,,,,,,,,,,,,,,,,,,
",INF200K01222,103215,1,2,2,5,2,3,1,6,1,1,1,1,4,1,1,2,0,0,0,0,0,17,Moderately High Risk,Average",,,,,,,,,,,,,,,,,,,,,,,,,,,,,,,,,,,,,,,,,,,,,,,
SBI Focused Reg,solution-oriented,Solution: Children - Debt,Regular,11.23,16.47,13.09,BSE 500 TRI,1.84,13.36,12.53,4.63,0.71,1.23,10.13,18.57,,,,,24,https://www.valueresearchonline.com/funds/2415/,,,,,,,,,,,,,,,,,,,,,,,,,,
",INF200K01370,102756,4,3,3,10,2,4,2,8,1,1.5,1.5,1,5,1.5,1.5,3,0,0,0,0,0,26,Moderate Risk,Average",,,,,,,,,,,,,,,,,,,,,,,,,,,,,,,,,,,,,,,,,,,,,,,
SBI Nifty 500 Index Reg,solution-oriented,Solution: Children - Debt,Regular,1.32,,,BSE 500 TRI,1.84,,,,,,,,,,,,25,https://www.valueresearchonline.com/funds/44565/,,,,,,,,,,,,,,,,,,,,,,,,,,
",INF200KB1357,152906,1,1,1,3,1,1,1,3,1,1,1,1,4,1,1,2,0,0,0,0,0,12,High Risk,Poor",,,,,,,,,,,,,,,,,,,,,,,,,,,,,,,,,,,,,,,,,,,,,,,
SBI Retirement Benefit Aggressive Reg,solution-oriented,Solution: Children - Debt,Regular,0.09,9.4,12.43,BSE 500 TRI,1.84,13.36,12.53,-2.87,0.9,0.6,11.82,13.23,,,,,25,https://www.valueresearchonline.com/funds/41269/,,,,,,,,,,,,,,,,,,,,,,,,,,
",INF200KA1S71,148695,1,2,2,5,2,3,1,6,1.5,1.5,1.5,1,5.5,1.5,1.5,3,0,0,0,0,0,19.5,Moderately High Risk,Average",,,,,,,,,,,,,,,,,,,,,,,,,,,,,,,,,,,,,,,,,,,,,,,
Shriram Flexi Cap Reg,solution-oriented,Solution: Children - Debt,Regular,-0.34,8.43,8.48,BSE 500 TRI,1.84,13.36,12.53,-5.63,1.04,0.39,14.93,12,,,,,25,https://www.valueresearchonline.com/funds/37579/,,,,,,,,,,,,,,,,,,,,,,,,,,
",INF680P01075,144902,1,1,1,3,2,3,1,6,1.5,1.5,1.5,1,5.5,2,2,4,0,0,0,0,0,18.5,Moderately High Risk,Average",,,,,,,,,,,,,,,,,,,,,,,,,,,,,,,,,,,,,,,,,,,,,,,
Sundaram Flexi Cap Reg,solution-oriented,Solution: Children - Debt,Regular,-1.41,10.39,,BSE 500 TRI,1.84,13.36,,-0.58,0.87,0.79,11.38,15.12,,,,,25,https://www.valueresearchonline.com/funds/42502/,,,,,,,,,,,,,,,,,,,,,,,,,,
",INF903J01173,101539,1,2,2,5,2,3,1,6,1.5,1.5,1.5,1,5.5,2,2,4,0,0,0,0,0,20.5,Moderate Risk,Average",,,,,,,,,,,,,,,,,,,,,,,,,,,,,,,,,,,,,,,,,,,,,,,
Sundaram Focused Reg,solution-oriented,Solution: Children - Debt,Regular,1.52,10.65,10.33,BSE 500 TRI,1.84,13.36,12.53,-0.86,0.82,0.75,10.96,14.31,,,,,25,https://www.valueresearchonline.com/funds/2916/,,,,,,,,,,,,,,,,,,,,,,,,,,
",INF903J016H9,134356,1,2,2,5,2,3,1,6,1,1,1,1,4,1.5,1.5,3,0,0,0,0,0,18,Moderately High Risk,Average",,,,,,,,,,,,,,,,,,,,,,,,,,,,,,,,,,,,,,,,,,,,,,,
Tata Children's Reg,solution-oriented,Solution: Children - Debt,Regular,-7.66,7.6,8.93,BSE 500 TRI,1.84,13.36,12.53,-4.03,0.95,0.52,12.43,12.55,,,,,25,https://www.valueresearchonline.com/funds/210/,,,,,,,,,,,,,,,,,,,,,,,,,,
",INF277K01AJ5,101491,1,2,2,5,2,3,1,6,1.5,1.5,1.5,1,5.5,2,2,4,0,0,0,0,0,20.5,Moderate Risk,Average",,,,,,,,,,,,,,,,,,,,,,,,,,,,,,,,,,,,,,,,,,,,,,,
Tata Flexi Cap Reg,solution-oriented,Solution: Children - Debt,Regular,-2.35,11.92,10.33,BSE 500 TRI,1.84,13.36,12.53,1.48,0.83,0.96,11.03,16.71,,,,,25,https://www.valueresearchonline.com/funds/37435/,,,,,,,,,,,,,,,,,,,,,,,,,,
",INF277K019K2,144548,2,2,3,7,2,3,1,6,1.5,1.5,1.5,1,5.5,2,2,4,0,0,0,0,0,22.5,Moderate Risk,Average",,,,,,,,,,,,,,,,,,,,,,,,,,,,,,,,,,,,,,,,,,,,,,,
Tata Focused Reg,solution-oriented,Solution: Children - Debt,Regular,0.52,12.02,11.57,BSE 500 TRI,1.84,13.36,12.53,-0.34,0.9,0.8,12.05,15.74,,,,,25,https://www.valueresearchonline.com/funds/40403/,,,,,,,,,,,,,,,,,,,,,,,,,,
",INF277K010Y2,147760,1,2,2,5,2,3,1,6,1,1,1.5,1,4.5,2,2,4,0,0,0,0,0,19.5,Moderately High Risk,Average",,,,,,,,,,,,,,,,,,,,,,,,,,,,,,,,,,,,,,,,,,,,,,,
Tata Retirement Savings Progressive Reg,solution-oriented,Solution: Children - Debt,Regular,2.2,14.04,11.14,BSE 500 TRI,1.84,13.36,12.53,-1.65,0.98,0.69,13.27,15.3,,,,,25,https://www.valueresearchonline.com/funds/13413/,,,,,,,,,,,,,,,,,,,,,,,,,,
",INF277K01FG0,115942,1,2,2,5,2,3,1,6,1,1.5,1.5,1,5,1.5,1.5,3,0,0,0,0,0,19,Moderately High Risk,Average",,,,,,,,,,,,,,,,,,,,,,,,,,,,,,,,,,,,,,,,,,,,,,,
Taurus Flexi Cap Reg,solution-oriented,Solution: Children - Debt,Regular,-0.48,12.33,10.4,BSE 500 TRI,1.84,13.36,12.53,-1.03,0.98,0.75,13.06,15.87,,,,,25,https://www.valueresearchonline.com/funds/214/,,,,,,,,,,,,,,,,,,,,,,,,,,
",INF044D01989,100476,1,2,2,5,2,3,1,6,1,1,1,1,4,2,2,4,0,0,0,0,0,19,Moderately High Risk,Average",,,,,,,,,,,,,,,,,,,,,,,,,,,,,,,,,,,,,,,,,,,,,,,
The Wealth Company Flexi Cap Reg,solution-oriented,Solution: Children - Debt,Regular,,,,BSE 500 TRI,,,,,,,,,,,,,25,https://www.valueresearchonline.com/funds/45497/,,,,,,,,,,,,,,,,,,,,,,,,,,
",INF2F0001016,153870,1,1,1,3,1,1,1,3,1,1.5,1.5,1,5,2,1.5,3.5,0,0,0,0,0,14.5,Moderately High Risk,Average",,,,,,,,,,,,,,,,,,,,,,,,,,,,,,,,,,,,,,,,,,,,,,,
TRUST MF Flexi Cap Reg,solution-oriented,Solution: Children - Debt,Regular,2.12,,,BSE 500 TRI,1.84,,,,,,,,,,,,25,https://www.valueresearchonline.com/funds/44269/,,,,,,,,,,,,,,,,,,,,,,,,,,
",INF0GCD01438,149795,1,1,1,3,1,1,1,3,1.5,1.5,1.5,1,5.5,1.5,1.5,3,0,0,0,0,0,14.5,Moderately High Risk,Average",,,,,,,,,,,,,,,,,,,,,,,,,,,,,,,,,,,,,,,,,,,,,,,
Unifi Flexi Cap Reg,solution-oriented,Solution: Children - Debt,Regular,3.43,,,BSE 500 TRI,1.84,,,,,,,,,,,,25,https://www.valueresearchonline.com/funds/45188/,,,,,,,,,,,,,,,,,,,,,,,,,,
",INF1MIY01049,153542,1,1,1,3,1,1,1,3,1.5,1.5,1.5,1,5.5,2,2,4,0,0,0,0,0,15.5,Moderately High Risk,Average",,,,,,,,,,,,,,,,,,,,,,,,,,,,,,,,,,,,,,,,,,,,,,,
Union Children's Reg,solution-oriented,Solution: Children - Debt,Regular,3.45,,,BSE 500 TRI,1.84,,,,,,,,,,,,25,https://www.valueresearchonline.com/funds/43922/,,,,,,,,,,,,,,,,,,,,,,,,,,
",INF582M01JI7,152217,1,1,1,3,1,1,1,3,1,1,1,1,4,1,1,2,0,0,0,0,0,12,High Risk,Poor",,,,,,,,,,,,,,,,,,,,,,,,,,,,,,,,,,,,,,,,,,,,,,,
Union Diversified Equity All Cap Active FoF Reg,solution-oriented,Solution: Children - Debt,Regular,,,,BSE 500 TRI,,,,,,,,,,,,,5,https://www.valueresearchonline.com/funds/45471/,,,,,,,,,,,,,,,,,,,,,,,,,,
",INF582M01LV6,153822,1,1,1,3,1,1,1,3,1,1,1,1,4,1,1,2,0,0,0,0,0,12,High Risk,Poor",,,,,,,,,,,,,,,,,,,,,,,,,,,,,,,,,,,,,,,,,,,,,,,
Union Flexi Cap Reg,solution-oriented,Solution: Children - Debt,Regular,0.97,12.12,11.59,BSE 500 TRI,1.84,13.36,12.53,-0.47,0.92,0.8,12.15,15.83,,,,,25,https://www.valueresearchonline.com/funds/12817/,,,,,,,,,,,,,,,,,,,,,,,,,,
",INF582M01DY7,143239,1,2,2,5,2,3,1,6,1.5,1.5,1.5,1,5.5,1.5,1.5,3,0,0,0,0,0,19.5,Moderately High Risk,Average",,,,,,,,,,,,,,,,,,,,,,,,,,,,,,,,,,,,,,,,,,,,,,,
Union Focused Reg,solution-oriented,Solution: Children - Debt,Regular,9.02,12.65,11.48,BSE 500 TRI,1.84,13.36,12.53,-1.66,0.86,0.65,12.01,13.94,,,,,25,https://www.valueresearchonline.com/funds/40106/,,,,,,,,,,,,,,,,,,,,,,,,,,
",INF582M01FW6,147490,1,2,2,5,2,3,1,6,1,1,1.5,1,4.5,1,1.5,2.5,0,0,0,0,0,18,Moderately High Risk,Average",,,,,,,,,,,,,,,,,,,,,,,,,,,,,,,,,,,,,,,,,,,,,,,
Union Retirement Reg,solution-oriented,Solution: Children - Debt,Regular,6.04,14.92,,BSE 500 TRI,1.84,13.36,,1.41,0.92,0.96,11.99,17.65,,,,,25,https://www.valueresearchonline.com/funds/42490/,,,,,,,,,,,,,,,,,,,,,,,,,,
",INF582M01IM1,150552,2,2,2,6,2,3,1,6,1.5,1.5,1.5,1,5.5,1.5,1.5,3,0,0,0,0,0,20.5,Moderate Risk,Average",,,,,,,,,,,,,,,,,,,,,,,,,,,,,,,,,,,,,,,,,,,,,,,
UTI Children's Equity Reg,solution-oriented,Solution: Children - Debt,Regular,-4.03,9.14,8.74,BSE 500 TRI,1.84,13.36,12.53,-3.14,0.96,0.59,12.56,13.56,,,,,25,https://www.valueresearchonline.com/funds/2090/,,,,,,,,,,,,,,,,,,,,,,,,,,
",INF789F1AZT4,102267,1,2,2,5,2,3,1,6,1,1,1,1,4,1,1,2,0,0,0,0,0,17,Moderately High Risk,Average",,,,,,,,,,,,,,,,,,,,,,,,,,,,,,,,,,,,,,,,,,,,,,,
UTI Flexi Cap Reg,solution-oriented,Solution: Children - Debt,Regular,-4.45,7.54,6.1,BSE 500 TRI,1.84,13.36,12.53,-5.23,0.87,0.36,12.3,10.5,,,,,25,https://www.valueresearchonline.com/funds/247/,,,,,,,,,,,,,,,,,,,,,,,,,,
",INF789F014Z9,126939,1,1,2,4,2,2,1,5,1.5,1.5,1.5,1,5.5,1,1,2,0,0,0,0,0,16.5,Moderately High Risk,Average",,,,,,,,,,,,,,,,,,,,,,,,,,,,,,,,,,,,,,,,,,,,,,,
UTI Focused Reg,solution-oriented,Solution: Children - Debt,Regular,-2.3,10.39,,BSE 500 TRI,1.84,13.36,,-1.2,0.96,0.74,12.69,15.47,,,,,25,https://www.valueresearchonline.com/funds/41627/,,,,,,,,,,,,,,,,,,,,,,,,,,
",INF789F1AUY5,149090,1,2,2,5,2,3,1,6,1,1,1,1,4,1.5,1.5,3,0,0,0,0,0,18,Moderately High Risk,Average",,,,,,,,,,,,,,,,,,,,,,,,,,,,,,,,,,,,,,,,,,,,,,,
UTI Nifty500 Shariah Index Reg,solution-oriented,Solution: Children - Debt,Regular,,,,BSE 500 TRI,,,,,,,,,,,,,25,https://www.valueresearchonline.com/funds/45820/,,,,,,,,,,,,,,,,,,,,,,,,,,
",INF789F1AC96,154198,1,1,1,3,1,1,1,3,2,1.5,1.5,1,6,2,1.5,3.5,0,0,0,0,0,15.5,Moderately High Risk,Average",,,,,,,,,,,,,,,,,,,,,,,,,,,,,,,,,,,,,,,,,,,,,,,
WhiteOak Capital Flexi Cap Reg,solution-oriented,Solution: Children - Debt,Regular,2.63,15.6,,BSE 500 TRI,1.84,13.36,,2.43,0.92,1.03,12.26,18.75,,,,,25,https://www.valueresearchonline.com/funds/42318/,,,,,,,,,,,,,,,,,,,,,,,,,,
",INF03VN01506,150347,3,3,2,8,2,4,1,7,2,1.5,1.5,1,6,1.5,1.5,3,0,0,0,0,0,24,Moderate Risk,Average",,,,,,,,,,,,,,,,,,,,,,,,,,,,,,,,,,,,,,,,,,,,,,,
ABSL Global Emerging Opportunities Reg*,solution-oriented,Equity: International,Regular,29.01,19.87,11.45,BSE 500 TRI*,1.84,13.36,12.53,,,0.74,12.79,15.58,,,,,1,https://www.valueresearchonline.com/funds/8751/,,,,,,,,,,,,,,,,,,,,,,,,,,
",INF084M01AT0,132138,1,2,2,5,2,3,1,6,1,1,1,1,4,1,1,2,0,0,0,0,0,17,Moderately High Risk,Average",,,,,,,,,,,,,,,,,,,,,,,,,,,,,,,,,,,,,,,,,,,,,,,
ABSL Global Excellence Equity FoF Reg*,solution-oriented,Equity: International,Regular,29.62,20.89,14.24,BSE 500 TRI*,1.84,13.36,12.53,,,1.22,12.62,21.55,,,,,1,https://www.valueresearchonline.com/funds/6275/,,,,,,,,,,,,,,,,,,,,,,,,,,
",INF084M01AZ7,132005,1,3,3,7,2,4,1,7,1,1,1,1,4,1,1,2,0,0,0,0,0,20,Moderate Risk,Average",,,,,,,,,,,,,,,,,,,,,,,,,,,,,,,,,,,,,,,,,,,,,,,
ABSL International Equity Reg,solution-oriented,Equity: International,Regular,31.15,18.91,11.82,BSE 500 TRI,1.84,13.36,12.53,,,1.02,13.69,19.87,,,,,25,https://www.valueresearchonline.com/funds/5802/,,,,,,,,,,,,,,,,,,,,,,,,,,
",INF209K01520,106873,1,1,1,3,1,1,1,3,1.5,1,1,1,4.5,1,1,2,0,0,0,0,0,12.5,High Risk,Poor",,,,,,,,,,,,,,,,,,,,,,,,,,,,,,,,,,,,,,,,,,,,,,,
ABSL US Equity Passive FoF Reg,solution-oriented,Equity: International,Regular,50.47,31.26,,BSE 500 TRI,1.84,13.36,,,,1.38,16.19,28.48,,,,,1,https://www.valueresearchonline.com/funds/41795/,,,,,,,,,,,,,,,,,,,,,,,,,,
",INF209KB15C1,149290,1,3,3,7,1,4,1,6,1,1,1,1,4,1,1,2,0,0,0,0,0,19,Moderately High Risk,Average",,,,,,,,,,,,,,,,,,,,,,,,,,,,,,,,,,,,,,,,,,,,,,,
Axis Global Equity Alpha FoF Reg,solution-oriented,Equity: International,Regular,25.1,20.53,13.84,BSE 500 TRI,1.84,13.36,12.53,,,1.25,11.35,20.24,,,,,1,https://www.valueresearchonline.com/funds/41098/,,,,,,,,,,,,,,,,,,,,,,,,,,
",INF846K01X30,148486,1,3,3,7,2,4,1,7,1,1,1,1,4,1,1,2,0,0,0,0,0,20,Moderate Risk,Average",,,,,,,,,,,,,,,,,,,,,,,,,,,,,,,,,,,,,,,,,,,,,,,
Axis Global Innovation FoF Reg,solution-oriented,Equity: International,Regular,33.38,22.18,12.94,BSE 500 TRI,1.84,13.36,12.53,,,0.92,14.59,19.56,,,,,1,https://www.valueresearchonline.com/funds/41494/,,,,,,,,,,,,,,,,,,,,,,,,,,
",INF846K01Z53,148953,1,2,2,5,2,4,1,7,1,1,1,1,4,1,1,2,0,0,0,0,0,18,Moderately High Risk,Average",,,,,,,,,,,,,,,,,,,,,,,,,,,,,,,,,,,,,,,,,,,,,,,
Axis Greater China Equity FoF Reg,solution-oriented,Equity: International,Regular,46.61,16.88,4.46,BSE 500 TRI,1.84,13.36,12.53,,,0.44,19.56,14.63,,,,,1,https://www.valueresearchonline.com/funds/41285/,,,,,,,,,,,,,,,,,,,,,,,,,,
",INF846K01Y62,148701,1,1,2,4,1,3,1,5,1,1,1,1,4,1,1,2,0,0,0,0,0,15,Moderately High Risk,Average",,,,,,,,,,,,,,,,,,,,,,,,,,,,,,,,,,,,,,,,,,,,,,,
Axis NASDAQ 100 US Specific Equity Passive FoF Reg,solution-oriented,Equity: International,Regular,50.1,30.88,,BSE 500 TRI,1.84,13.36,,,,1.39,15.62,27.88,,,,,1,https://www.valueresearchonline.com/funds/42631/,,,,,,,,,,,,,,,,,,,,,,,,,,
",INF846K015K2,150750,1,3,3,7,1,4,1,6,1,1,1,1,4,1,1,2,0,0,0,0,0,19,Moderately High Risk,Average",,,,,,,,,,,,,,,,,,,,,,,,,,,,,,,,,,,,,,,,,,,,,,,
Bandhan US specific Equity Active FoF Reg,solution-oriented,Equity: International,Regular,27.77,24.54,,BSE 500 TRI,1.84,13.36,,,,1.12,16.18,24.23,,,,,1,https://www.valueresearchonline.com/funds/41618/,,,,,,,,,,,,,,,,,,,,,,,,,,
",INF194KB1CC9,149100,1,3,3,7,1,4,1,6,1,1,1,1,4,1,1,2,0,0,0,0,0,19,Moderately High Risk,Average",,,,,,,,,,,,,,,,,,,,,,,,,,,,,,,,,,,,,,,,,,,,,,,
Baroda BNP Paribas Aqua FoF Reg,solution-oriented,Equity: International,Regular,19.08,12.56,9.41,BSE 500 TRI,1.84,13.36,12.53,,,0.58,14.94,14.75,,,,,1,https://www.valueresearchonline.com/funds/41452/,,,,,,,,,,,,,,,,,,,,,,,,,,
",INF251K01QQ1,150284,1,2,2,5,2,3,1,6,1,1,1,1,4,1,1,2,0,0,0,0,0,17,Moderately High Risk,Average",,,,,,,,,,,,,,,,,,,,,,,,,,,,,,,,,,,,,,,,,,,,,,,
DSP Global Clean Energy Overseas Equity Omni FoF Reg,solution-oriented,Equity: International,Regular,63.15,17.77,13.36,BSE 500 TRI,1.84,13.36,12.53,,,0.55,18.39,16.26,,,,,1,https://www.valueresearchonline.com/funds/10559/,,,,,,,,,,,,,,,,,,,,,,,,,,
",INF740K01284,112126,1,2,2,5,1,3,1,5,1,1,1,1,4,1,1,2,0,0,0,0,0,16,Moderately High Risk,Average",,,,,,,,,,,,,,,,,,,,,,,,,,,,,,,,,,,,,,,,,,,,,,,
DSP Global Innovation Overseas Equity Omni FoF Reg*,solution-oriented,Equity: International,Regular,37.76,25.91,,BSE 500 TRI*,1.84,13.36,,,,1.18,16.33,25.39,,,,,6,https://www.valueresearchonline.com/funds/42052/,,,,,,,,,,,,,,,,,,,,,,,,,,
",INF740KA1QM8,149817,1,3,3,7,1,4,1,6,1,1,1,1,4,1,1,2,0,0,0,0,0,19,Moderately High Risk,Average",,,,,,,,,,,,,,,,,,,,,,,,,,,,,,,,,,,,,,,,,,,,,,,
DSP US Specific Equity Omni FoF Reg,solution-oriented,Equity: International,Regular,51.45,27.36,18.73,BSE 500 TRI,1.84,13.36,12.53,,,1.07,14.77,21.86,,,,,1,https://www.valueresearchonline.com/funds/15152/,,,,,,,,,,,,,,,,,,,,,,,,,,
",INF740K01LP6,117691,1,3,3,7,2,4,1,7,1,1,1,1,4,1,1,2,0,0,0,0,0,20,Moderate Risk,Average",,,,,,,,,,,,,,,,,,,,,,,,,,,,,,,,,,,,,,,,,,,,,,,
DSP World Gold Mining Overseas Equity Omni FoF Reg,solution-oriented,Equity: International,Regular,74.27,46.55,24.56,BSE 500 TRI,1.84,13.36,12.53,,,1.64,30.32,55.69,,,,,2,https://www.valueresearchonline.com/funds/5623/,,,,,,,,,,,,,,,,,,,,,,,,,,
",INF740K01250,106597,1,4,4,9,1,4,1,6,1,1,1,1,4,1,1,2,0,0,0,0,0,21,Moderate Risk,Average",,,,,,,,,,,,,,,,,,,,,,,,,,,,,,,,,,,,,,,,,,,,,,,
DSP World Mining Overseas Equity Omni FoF Reg,solution-oriented,Equity: International,Regular,85.97,25.01,18.28,BSE 500 TRI,1.84,13.36,12.53,,,0.92,22.94,27.31,,,,,1,https://www.valueresearchonline.com/funds/10799/,,,,,,,,,,,,,,,,,,,,,,,,,,
",INF740K01730,112293,1,2,3,6,1,4,1,6,1,1,1,1,4,1,1,2,0,0,0,0,0,18,Moderately High Risk,Average",,,,,,,,,,,,,,,,,,,,,,,,,,,,,,,,,,,,,,,,,,,,,,,
Edelweiss ASEAN Equity Offshore Reg,solution-oriented,Equity: International,Regular,24.94,13.75,9.24,BSE 500 TRI,1.84,13.36,12.53,,,0.63,11.19,13.11,,,,,1,https://www.valueresearchonline.com/funds/12762/,,,,,,,,,,,,,,,,,,,,,,,,,,
",INF843K01609,140255,1,2,2,5,2,3,1,6,1,1,1,1,4,1,1,2,0,0,0,0,0,17,Moderately High Risk,Average",,,,,,,,,,,,,,,,,,,,,,,,,,,,,,,,,,,,,,,,,,,,,,,
Edelweiss Emerging Markets Opportunities Equity Offshr Reg,solution-oriented,Equity: International,Regular,74.37,27.18,10.26,BSE 500 TRI,1.84,13.36,12.53,,,1.1,13.93,21.4,,,,,1,https://www.valueresearchonline.com/funds/27118/,,,,,,,,,,,,,,,,,,,,,,,,,,
",INF843K01IY6,140328,1,3,3,7,2,4,1,7,1,1,1,1,4,1,1,2,0,0,0,0,0,20,Moderate Risk,Average",,,,,,,,,,,,,,,,,,,,,,,,,,,,,,,,,,,,,,,,,,,,,,,
Edelweiss Europe Dynamic Equity Offshr Reg,solution-oriented,Equity: International,Regular,28.27,22.5,14.59,BSE 500 TRI,1.84,13.36,12.53,,,1.21,12.77,21.56,,,,,1,https://www.valueresearchonline.com/funds/23434/,,,,,,,,,,,,,,,,,,,,,,,,,,
",INF843K01GJ1,140295,1,3,3,7,2,4,1,7,1,1,1,1,4,1,1,2,0,0,0,0,0,20,Moderate Risk,Average",,,,,,,,,,,,,,,,,,,,,,,,,,,,,,,,,,,,,,,,,,,,,,,
Edelweiss Greater China Equity Offshore Reg,solution-oriented,Equity: International,Regular,58.62,20.12,3.46,BSE 500 TRI,1.84,13.36,12.53,,,0.46,19.71,15.2,,,,,1,https://www.valueresearchonline.com/funds/10567/,,,,,,,,,,,,,,,,,,,,,,,,,,
",INF843K01138,140242,1,1,2,4,1,3,1,5,1,1,1,1,4,1,1,2,0,0,0,0,0,15,Moderately High Risk,Average",,,,,,,,,,,,,,,,,,,,,,,,,,,,,,,,,,,,,,,,,,,,,,,
Edelweiss US Technology Equity FoF Reg,solution-oriented,Equity: International,Regular,43.46,30.4,16.46,BSE 500 TRI,1.84,13.36,12.53,,,0.89,25.25,28.49,,,,,1,https://www.valueresearchonline.com/funds/40664/,,,,,,,,,,,,,,,,,,,,,,,,,,
",INF754K01LC5,148064,1,2,2,5,1,4,1,6,1,1,1,1,4,1,1,2,0,0,0,0,0,17,Moderately High Risk,Average",,,,,,,,,,,,,,,,,,,,,,,,,,,,,,,,,,,,,,,,,,,,,,,
Edelweiss US Value Equity Offshore Reg,solution-oriented,Equity: International,Regular,34.02,18.42,13.93,BSE 500 TRI,1.84,13.36,12.53,,,0.67,12.62,14.56,,,,,1,https://www.valueresearchonline.com/funds/20059/,,,,,,,,,,,,,,,,,,,,,,,,,,
",INF843K01ED9,140273,1,2,2,5,2,3,1,6,1,1,1,1,4,1,1,2,0,0,0,0,0,17,Moderately High Risk,Average",,,,,,,,,,,,,,,,,,,,,,,,,,,,,,,,,,,,,,,,,,,,,,,
Franklin Asian Equity Reg,solution-oriented,Equity: International,Regular,52.83,20.26,7.71,BSE 500 TRI,1.84,13.36,12.53,,,0.8,13.14,16.62,,,,,25,https://www.valueresearchonline.com/funds/6383/,,,,,,,,,,,,,,,,,,,,,,,,,,
",,105583,1,2,2,5,2,3,1,6,1.5,2,2,1,6.5,1.5,1.5,3,0,0,0,0,0,20.5,Moderate Risk,Average",,,,,,,,,,,,,,,,,,,,,,,,,,,,,,,,,,,,,,,,,,,,,,,
Franklin U.S. Opportunities Equity Active FoF Reg,solution-oriented,Equity: International,Regular,26.52,22.75,11.14,BSE 500 TRI,1.84,13.36,12.53,,,0.95,16.11,21.45,,,,,1,https://www.valueresearchonline.com/funds/14017/,,,,,,,,,,,,,,,,,,,,,,,,,,
",INF090I01EW1,116633,1,2,2,5,1,4,1,6,1,1,1,1,4,1,1,2,0,0,0,0,0,17,Moderately High Risk,Average",,,,,,,,,,,,,,,,,,,,,,,,,,,,,,,,,,,,,,,,,,,,,,,
HDFC Developed World Overseas Equity Passive FoF Reg*,solution-oriented,Equity: International,Regular,35.25,24.27,,BSE 500 TRI,1.84,13.36,,,,1.45,10.65,21.53,,,,,5,https://www.valueresearchonline.com/funds/41713/,,,,,,,,,,,,,,,,,,,,,,,,,,
",INF179KC1BP1,149181,1,3,3,7,2,4,1,7,1,1,1,1,4,1,1,2,0,0,0,0,0,20,Moderate Risk,Average",,,,,,,,,,,,,,,,,,,,,,,,,,,,,,,,,,,,,,,,,,,,,,,
HSBC Asia Pacific (Ex Japan) Dividend Yield Reg,solution-oriented,Equity: International,Regular,54.76,26.16,13.74,BSE 500 TRI,1.84,13.36,12.53,,,1.32,11.96,21.83,,,,,1,https://www.valueresearchonline.com/funds/23944/,,,,,,,,,,,,,,,,,,,,,,,,,,
",INF917K01AH0,150992,1,3,3,7,2,4,1,7,1,1,1,1,4,1,1,2,0,0,0,0,0,20,Moderate Risk,Average",,,,,,,,,,,,,,,,,,,,,,,,,,,,,,,,,,,,,,,,,,,,,,,
HSBC Brazil Reg,solution-oriented,Equity: International,Regular,29.69,9.95,3.43,BSE 500 TRI,1.84,13.36,12.53,,,0.64,23.64,21.3,,,,,1,https://www.valueresearchonline.com/funds/12632/,,,,,,,,,,,,,,,,,,,,,,,,,,
",INF677K01AE7,151104,1,2,2,5,1,4,1,6,1,1,1,1,4,1,1,2,0,0,0,0,0,17,Moderately High Risk,Average",,,,,,,,,,,,,,,,,,,,,,,,,,,,,,,,,,,,,,,,,,,,,,,
HSBC Global Emerging Markets Reg,solution-oriented,Equity: International,Regular,74.36,28.11,12.2,BSE 500 TRI,1.84,13.36,12.53,,,1.11,15.23,23.06,,,,,1,https://www.valueresearchonline.com/funds/6774/,,,,,,,,,,,,,,,,,,,,,,,,,,
",INF917K01BP1,151013,1,3,3,7,1,4,1,6,1,1,1,1,4,1,1,2,0,0,0,0,0,19,Moderately High Risk,Average",,,,,,,,,,,,,,,,,,,,,,,,,,,,,,,,,,,,,,,,,,,,,,,
ICICI Pru Global Advantage (FOF),solution-oriented,Equity: International,Regular,30.91,17.24,8.9,BSE 500 TRI,1.84,13.36,12.53,,,1.04,12.18,18.76,,,,,6,https://www.valueresearchonline.com/funds/40280/,,,,,,,,,,,,,,,,,,,,,,,,,,
",INF109KC1F00,147647,1,3,3,7,2,4,1,7,1,1,1,1,4,1,1,2,0,0,0,0,0,20,Moderate Risk,Average",,,,,,,,,,,,,,,,,,,,,,,,,,,,,,,,,,,,,,,,,,,,,,,
ICICI Pru Global Stable Equity (FOF),solution-oriented,Equity: International,Regular,13.05,10.37,9.09,BSE 500 TRI,1.84,13.36,12.53,,,0.74,9.44,13.08,,,,,1,https://www.valueresearchonline.com/funds/20855/,,,,,,,,,,,,,,,,,,,,,,,,,,
",INF109KA1CD2,123653,1,2,2,5,3,3,1,7,1,1,1,1,4,1,1,2,0,0,0,0,0,18,Moderately High Risk,Average",,,,,,,,,,,,,,,,,,,,,,,,,,,,,,,,,,,,,,,,,,,,,,,
ICICI Pru NASDAQ 100 Index,solution-oriented,Equity: International,Regular,51.91,31.81,,BSE 500 TRI,1.84,13.36,,,,1.46,15.37,28.53,,,,,25,https://www.valueresearchonline.com/funds/41742/,,,,,,,,,,,,,,,,,,,,,,,,,,
",INF109KC1U27,149218,1,3,3,7,1,4,1,6,2,1,1,1,5,1,1,2,0,0,0,0,0,20,Moderate Risk,Average",,,,,,,,,,,,,,,,,,,,,,,,,,,,,,,,,,,,,,,,,,,,,,,
ICICI Pru Strategic Metal and Energy Equity FoF,solution-oriented,Equity: International,Regular,48.83,27.87,,BSE 500 TRI,1.84,13.36,,,,1.28,20.65,32.56,,,,,1,https://www.valueresearchonline.com/funds/42033/,,,,,,,,,,,,,,,,,,,,,,,,,,
",INF109KC1Z22,149456,1,3,3,7,1,4,1,6,1,1,1,1,4,1,1,2,0,0,0,0,0,19,Moderately High Risk,Average",,,,,,,,,,,,,,,,,,,,,,,,,,,,,,,,,,,,,,,,,,,,,,,
ICICI Pru US Bluechip Equity,solution-oriented,Equity: International,Regular,17.94,11.49,10.28,BSE 500 TRI,1.84,13.36,12.53,,,0.81,13.27,16.82,,,,,25,https://www.valueresearchonline.com/funds/14998/,,,,,,,,,,,,,,,,,,,,,,,,,,
",INF109K01E35,117620,1,2,2,5,2,3,1,6,1.5,1,1,1,4.5,1,1.5,2.5,0,0,0,0,0,18,Moderately High Risk,Average",,,,,,,,,,,,,,,,,,,,,,,,,,,,,,,,,,,,,,,,,,,,,,,
Invesco India-Invesco EQQQ NASDAQ-100 ETF FoF Reg,solution-oriented,Equity: International,Regular,50.86,31.59,,BSE 500 TRI,1.84,13.36,,,,1.42,15.84,28.52,,,,,1,https://www.valueresearchonline.com/funds/42217/,,,,,,,,,,,,,,,,,,,,,,,,,,
",INF205KA1577,149960,1,3,3,7,1,4,1,6,1,1,1,1,4,1,1,2,0,0,0,0,0,19,Moderately High Risk,Average",,,,,,,,,,,,,,,,,,,,,,,,,,,,,,,,,,,,,,,,,,,,,,,
Invesco India-Invesco Global Consumer Trends FoF Reg,solution-oriented,Equity: International,Regular,39.87,26.15,5.28,BSE 500 TRI,1.84,13.36,12.53,,,0.61,23.03,20.21,,,,,1,https://www.valueresearchonline.com/funds/41227/,,,,,,,,,,,,,,,,,,,,,,,,,,
",INF205KA1247,148613,1,2,2,5,1,4,1,6,1,1,1,1,4,1,1,2,0,0,0,0,0,17,Moderately High Risk,Average",,,,,,,,,,,,,,,,,,,,,,,,,,,,,,,,,,,,,,,,,,,,,,,
Invesco India Global Equity Income FoF Reg,solution-oriented,Equity: International,Regular,23.88,20.93,16.16,BSE 500 TRI,1.84,13.36,12.53,,,1.2,11.6,20.06,,,,,1,https://www.valueresearchonline.com/funds/26147/,,,,,,,,,,,,,,,,,,,,,,,,,,
",INF205K01B15,129187,1,3,3,7,2,4,1,7,1,1,1,1,4,1,1,2,0,0,0,0,0,20,Moderate Risk,Average",,,,,,,,,,,,,,,,,,,,,,,,,,,,,,,,,,,,,,,,,,,,,,,
Invesco India Pan European Equity FoF Reg,solution-oriented,Equity: International,Regular,35.57,18.57,14.24,BSE 500 TRI,1.84,13.36,12.53,,,0.87,13.09,17.54,,,,,1,https://www.valueresearchonline.com/funds/23312/,,,,,,,,,,,,,,,,,,,,,,,,,,
",INF205K01ZZ9,126351,1,2,3,6,2,3,1,6,1,1,1,1,4,1,1,2,0,0,0,0,0,18,Moderately High Risk,Average",,,,,,,,,,,,,,,,,,,,,,,,,,,,,,,,,,,,,,,,,,,,,,,
Kotak Global Emerging Market Overseas Equity Omni FoF Reg,solution-oriented,Equity: International,Regular,68.8,27.4,12.09,BSE 500 TRI,1.84,13.36,12.53,,,1.19,12.87,21.43,,,,,1,https://www.valueresearchonline.com/funds/5560/,,,,,,,,,,,,,,,,,,,,,,,,,,
",INF174KA1HE9,149058,1,3,3,7,2,4,1,7,1,1,1,1,4,1,1,2,0,0,0,0,0,20,Moderate Risk,Average",,,,,,,,,,,,,,,,,,,,,,,,,,,,,,,,,,,,,,,,,,,,,,,
Kotak Global Innovation Overseas Equity Omni FoF Reg,solution-oriented,Equity: International,Regular,38.22,21.47,,BSE 500 TRI*,1.84,13.36,,,,0.96,14.49,20.02,,,,,2,https://www.valueresearchonline.com/funds/41593/,,,,,,,,,,,,,,,,,,,,,,,,,,
",INF174KA1HD1,149056,1,2,2,5,2,4,1,7,1,1,1,1,4,1,1,2,0,0,0,0,0,18,Moderately High Risk,Average",,,,,,,,,,,,,,,,,,,,,,,,,,,,,,,,,,,,,,,,,,,,,,,
Kotak International REIT Overseas Equity Omni FoF Reg,solution-oriented,Equity: International,Regular,12.53,8.03,2.66,BSE 500 TRI,1.84,13.36,12.53,,,0.12,15.3,7.96,,,,,1,https://www.valueresearchonline.com/funds/41235/,,,,,,,,,,,,,,,,,,,,,,,,,,
",INF174KA1FL8,148645,1,1,1,3,1,1,1,3,1,1,1,1,4,1,1,2,0,0,0,0,0,12,High Risk,Poor",,,,,,,,,,,,,,,,,,,,,,,,,,,,,,,,,,,,,,,,,,,,,,,
Kotak Quality Overseas Equity Omni FoF Reg,solution-oriented,Equity: International,Regular,,,,BSE 500 TRI,,,,,,,,,,,,,1,https://www.valueresearchonline.com/funds/45904/,,,,,,,,,,,,,,,,,,,,,,,,,,
",INF174K01FA2,108511,1,1,1,3,1,1,1,3,1,1,1,1,4,1,1,2,0,0,0,0,0,12,High Risk,Poor",,,,,,,,,,,,,,,,,,,,,,,,,,,,,,,,,,,,,,,,,,,,,,,
Kotak US Specific Equity Passive FoF Reg,solution-oriented,Equity: International,Regular,50.95,31.41,21.93,BSE 500 TRI,1.84,13.36,12.53,,,1.39,16.22,28.61,,,,,1,https://www.valueresearchonline.com/funds/41259/,,,,,,,,,,,,,,,,,,,,,,,,,,
",INF174KA1FR5,148661,1,3,3,7,1,4,1,6,1,1,1,1,4,1,1,2,0,0,0,0,0,19,Moderately High Risk,Average",,,,,,,,,,,,,,,,,,,,,,,,,,,,,,,,,,,,,,,,,,,,,,,
Mahindra Manulife Asia Pacific REITs FoF Reg,solution-oriented,Equity: International,Regular,15.96,6.48,,BSE 500 TRI,1.84,13.36,,,,0.06,15.41,7.09,,,,,1,https://www.valueresearchonline.com/funds/41760/,,,,,,,,,,,,,,,,,,,,,,,,,,
",INF174V01AV6,149228,1,1,1,3,1,1,1,3,1,1,1,1,4,1,1,2,0,0,0,0,0,12,High Risk,Poor",,,,,,,,,,,,,,,,,,,,,,,,,,,,,,,,,,,,,,,,,,,,,,,
Mirae Asset Global Electric & Autonomous Vehicles Eqt Passive FoF Reg,solution-oriented,Equity: International,Regular,91.97,19.19,,BSE 500 TRI,1.84,13.36,,,,0.8,25.54,26.2,,,,,3,https://www.valueresearchonline.com/funds/42459/,,,,,,,,,,,,,,,,,,,,,,,,,,
",INF769K01IP1,150594,1,1,1,3,1,1,1,3,1,1,1,1,4,1,1,2,0,0,0,0,0,12,High Risk,Poor",,,,,,,,,,,,,,,,,,,,,,,,,,,,,,,,,,,,,,,,,,,,,,,
Mirae Asset Global X Artificial Intelligence & Tech ETF FoF Reg,solution-oriented,Equity: International,Regular,73.66,39.07,,BSE 500 TRI,1.84,13.36,,,,1.36,18.83,31.7,,,,,1,https://www.valueresearchonline.com/funds/42457/,,,,,,,,,,,,,,,,,,,,,,,,,,
",INF769K01IR7,150596,1,3,3,7,1,4,1,6,1,1,1,1,4,1,1,2,0,0,0,0,0,19,Moderately High Risk,Average",,,,,,,,,,,,,,,,,,,,,,,,,,,,,,,,,,,,,,,,,,,,,,,
Mirae Asset Hang Seng TECH ETF FoF Reg,solution-oriented,Equity: International,Regular,2.17,15.33,,BSE 500 TRI,1.84,13.36,,,,0.52,32.95,23.36,,,,,1,https://www.valueresearchonline.com/funds/41877/,,,,,,,,,,,,,,,,,,,,,,,,,,
",INF769K01HT5,149380,1,2,2,5,1,4,1,6,1,1,1,1,4,1,1,2,0,0,0,0,0,17,Moderately High Risk,Average",,,,,,,,,,,,,,,,,,,,,,,,,,,,,,,,,,,,,,,,,,,,,,,
Mirae Asset NYSE FANG+ ETF FoF Reg,solution-oriented,Equity: International,Regular,42.04,43.24,29.55,BSE 500 TRI,1.84,13.36,12.53,,,1.56,24.74,44.63,,,,,1,https://www.valueresearchonline.com/funds/41430/,,,,,,,,,,,,,,,,,,,,,,,,,,
",INF769K01HG2,148929,1,4,4,9,1,4,1,6,1,1,1,1,4,1,1,2,0,0,0,0,0,21,Moderate Risk,Average",,,,,,,,,,,,,,,,,,,,,,,,,,,,,,,,,,,,,,,,,,,,,,,
Mirae Asset S&P 500 Top 50 ETF FoF Reg,solution-oriented,Equity: International,Regular,44.17,34.49,,BSE 500 TRI,1.84,13.36,,,,1.55,17.47,33.17,,,,,1,https://www.valueresearchonline.com/funds/41703/,,,,,,,,,,,,,,,,,,,,,,,,,,
",INF769K01HQ1,149171,1,4,3,8,1,4,1,6,1,1,1,1,4,1,1,2,0,0,0,0,0,20,Moderate Risk,Average",,,,,,,,,,,,,,,,,,,,,,,,,,,,,,,,,,,,,,,,,,,,,,,
Motilal Oswal Developed Mkt Ex US ETFs Ovrses Eqt Pass FoF Reg,solution-oriented,Equity: International,Regular,35.72,,,BSE 500 TRI,1.84,,,,,,,,,,,,2,https://www.valueresearchonline.com/funds/43801/,,,,,,,,,,,,,,,,,,,,,,,,,,
",INF247L01BS5,152091,1,1,1,3,1,1,1,3,1,1,1,1,4,1,1,2,0,0,0,0,0,12,High Risk,Poor",,,,,,,,,,,,,,,,,,,,,,,,,,,,,,,,,,,,,,,,,,,,,,,
Motilal Oswal NASDAQ 100 ETF,solution-oriented,Equity: International,Regular,52.63,31.83,22.23,BSE 500 TRI,1.84,13.36,12.53,,,1.47,15.47,28.86,,,,,25,https://www.valueresearchonline.com/funds/12498/,,,,,,,,,,,,,,,,,,,,,,,,,,
",INF247L01AP3,114984,1,3,3,7,1,4,1,6,2,1,1,1,5,1,1,2,0,0,0,0,0,20,Moderate Risk,Average",,,,,,,,,,,,,,,,,,,,,,,,,,,,,,,,,,,,,,,,,,,,,,,
Motilal Oswal Nasdaq 100 FOF Reg,solution-oriented,Equity: International,Regular,80.66,38.83,25.16,BSE 500 TRI,1.84,13.36,12.53,,,1.09,21.36,29.42,,,,,1,https://www.valueresearchonline.com/funds/38227/,,,,,,,,,,,,,,,,,,,,,,,,,,
",INF247L01700,145551,1,3,3,7,1,4,1,6,1,1,1,1,4,1,1,2,0,0,0,0,0,19,Moderately High Risk,Average",,,,,,,,,,,,,,,,,,,,,,,,,,,,,,,,,,,,,,,,,,,,,,,
Motilal Oswal Nasdaq Q50 ETF,solution-oriented,Equity: International,Regular,65.99,29.56,,BSE 500 TRI,1.84,13.36,,,,0.79,16.75,19.26,,,,,25,https://www.valueresearchonline.com/funds/41923/,,,,,,,,,,,,,,,,,,,,,,,,,,
",INF247L01AU3,149438,1,2,2,5,1,4,1,6,1.5,1,1,1,4.5,1,1.5,2.5,0,0,0,0,0,18,Moderately High Risk,Average",,,,,,,,,,,,,,,,,,,,,,,,,,,,,,,,,,,,,,,,,,,,,,,
Motilal Oswal S&P 500 Index Reg,solution-oriented,Equity: International,Regular,36.37,24.52,17.54,BSE 500 TRI,1.84,13.36,12.53,,,1.33,12.06,22.17,,,,,25,https://www.valueresearchonline.com/funds/40996/,,,,,,,,,,,,,,,,,,,,,,,,,,
",INF247L01AH0,148382,1,3,3,7,2,4,1,7,2,1,1,1,5,1.5,1.5,3,0,0,0,0,0,22,Moderate Risk,Average",,,,,,,,,,,,,,,,,,,,,,,,,,,,,,,,,,,,,,,,,,,,,,,
Navi Nasdaq100 US Specific Equity Passive FoF Reg,solution-oriented,Equity: International,Regular,52.38,32.27,,BSE 500 TRI,1.84,13.36,,,,1.47,15.57,28.98,,,,,1,https://www.valueresearchonline.com/funds/42134/,,,,,,,,,,,,,,,,,,,,,,,,,,
",INF959L01GA2,149911,1,3,3,7,1,4,1,6,1,1,1,1,4,1,1,2,0,0,0,0,0,19,Moderately High Risk,Average",,,,,,,,,,,,,,,,,,,,,,,,,,,,,,,,,,,,,,,,,,,,,,,
Navi Total Stock Market US Specific Equity Passive FoF Reg,solution-oriented,Equity: International,Regular,37.99,25.64,,BSE 500 TRI,1.84,13.36,,,,1.28,12.93,22.67,,,,,1,https://www.valueresearchonline.com/funds/42068/,,,,,,,,,,,,,,,,,,,,,,,,,,
",INF959L01FW8,149831,1,3,3,7,2,4,1,7,1,1,1,1,4,1,1,2,0,0,0,0,0,20,Moderate Risk,Average",,,,,,,,,,,,,,,,,,,,,,,,,,,,,,,,,,,,,,,,,,,,,,,
Nippon India ETF Hang Seng BeES,solution-oriented,Equity: International,Regular,12.3,14.26,3.67,BSE 500 TRI,1.84,13.36,12.53,,,0.59,20.6,18.18,,,,,25,https://www.valueresearchonline.com/funds/10905/,,,,,,,,,,,,,,,,,,,,,,,,,,
",INF204KB19I1,140095,1,2,2,5,1,4,1,6,1,1,1,1,4,1,1,2,0,0,0,0,0,17,Moderately High Risk,Average",,,,,,,,,,,,,,,,,,,,,,,,,,,,,,,,,,,,,,,,,,,,,,,
Nippon India Japan Equity Reg,solution-oriented,Equity: International,Regular,36,18.07,10.24,BSE 500 TRI,1.84,13.36,12.53,,,1.08,12.32,19.45,,,,,25,https://www.valueresearchonline.com/funds/27688/,,,,,,,,,,,,,,,,,,,,,,,,,,
",INF204KC1287,149325,1,3,3,7,2,4,1,7,1,1,1,1,4,1,3,4,0,0,0,0,0,22,Moderate Risk,Average",,,,,,,,,,,,,,,,,,,,,,,,,,,,,,,,,,,,,,,,,,,,,,,
Nippon India Taiwan Equity Reg,solution-oriented,Equity: International,Regular,198.79,61.69,,BSE 500 TRI,1.84,13.36,,,,,,,,,,,25,https://www.valueresearchonline.com/funds/41836/,,,,,,,,,,,,,,,,,,,,,,,,,,
",INF204KC1279,149328,1,1,1,3,1,1,1,3,1,1,1,1,4,1,1,2,0,0,0,0,0,12,High Risk,Poor",,,,,,,,,,,,,,,,,,,,,,,,,,,,,,,,,,,,,,,,,,,,,,,
Nippon India US Equity Opportunities Reg,solution-oriented,Equity: International,Regular,14.82,16.89,10.13,BSE 500 TRI,1.84,13.36,12.53,,,0.93,13.1,18.25,,,,,25,https://www.valueresearchonline.com/funds/30564/,,,,,,,,,,,,,,,,,,,,,,,,,,
",INF204KC1287,149325,1,2,2,5,2,4,1,7,1,1,1,1,4,1,1,2,0,0,0,0,0,18,Moderately High Risk,Average",,,,,,,,,,,,,,,,,,,,,,,,,,,,,,,,,,,,,,,,,,,,,,,
PGIM India Emerging Markets Equity FoF Reg,solution-oriented,Equity: International,Regular,55.49,29.12,5.18,BSE 500 TRI,1.84,13.36,12.53,,,1.21,13.67,22.65,,,,,1,https://www.valueresearchonline.com/funds/5558/,,,,,,,,,,,,,,,,,,,,,,,,,,
",INF663L01T43,147600,1,3,3,7,2,4,1,7,1,1,1,1,4,1,1,2,0,0,0,0,0,20,Moderate Risk,Average",,,,,,,,,,,,,,,,,,,,,,,,,,,,,,,,,,,,,,,,,,,,,,,
PGIM India Global Equity Opportunities FoF Reg,solution-oriented,Equity: International,Regular,29.92,19.77,9.2,BSE 500 TRI,1.84,13.36,12.53,,,0.71,16.26,17.61,,,,,1,https://www.valueresearchonline.com/funds/11136/,,,,,,,,,,,,,,,,,,,,,,,,,,
",INF663L01U24,148159,1,2,2,5,1,3,1,5,1,1,1,1,4,1,1,2,0,0,0,0,0,16,Moderately High Risk,Average",,,,,,,,,,,,,,,,,,,,,,,,,,,,,,,,,,,,,,,,,,,,,,,
PGIM India Global Select Real Estate Sec FoF Reg,solution-oriented,Equity: International,Regular,19.5,13.44,,BSE 500 TRI,1.84,13.36,,,,0.5,14.08,13.18,,,,,1,https://www.valueresearchonline.com/funds/41816/,,,,,,,,,,,,,,,,,,,,,,,,,,
",INF663L01W97,149299,1,2,2,5,2,3,1,6,1,1,1,1,4,1,1,2,0,0,0,0,0,17,Moderately High Risk,Average",,,,,,,,,,,,,,,,,,,,,,,,,,,,,,,,,,,,,,,,,,,,,,,
SBI US Specific Equity Active FoF FoF Reg,solution-oriented,Equity: International,Regular,38.81,26.75,17.38,BSE 500 TRI,1.84,13.36,12.53,,,1.37,13.72,24.96,,,,,1,https://www.valueresearchonline.com/funds/41350/,,,,,,,,,,,,,,,,,,,,,,,,,,
",INF200KA1T96,148762,1,3,3,7,2,4,1,7,1,1,1,1,4,1,1,2,0,0,0,0,0,20,Moderate Risk,Average",,,,,,,,,,,,,,,,,,,,,,,,,,,,,,,,,,,,,,,,,,,,,,,
Sundaram Global Brand Theme-Equity Active FoF Reg*,solution-oriented,Equity: International,Regular,25.06,16.25,11.07,BSE 500 TRI*,1.84,13.36,12.53,,,1.08,11.39,18.43,,,,,1,https://www.valueresearchonline.com/funds/5449/,,,,,,,,,,,,,,,,,,,,,,,,,,
",INF903J01EX1,106370,1,3,2,6,2,4,1,7,1,1,1,1,4,1,1,2,0,0,0,0,0,19,Moderately High Risk,Average",,,,,,,,,,,,,,,,,,,,,,,,,,,,,,,,,,,,,,,,,,,,,,,
ABSL Conglomerate Reg,solution-oriented,Equity: Thematic (Broad),Regular,2.65,,,BSE 500 TRI,1.84,,,,,,,,,,,,25,https://www.valueresearchonline.com/funds/44786/,,,,,,,,,,,,,,,,,,,,,,,,,,
",INF209KC1399,153127,1,1,1,3,1,1,1,3,1,1,1,1,4,1,1,2,0,0,0,0,0,12,High Risk,Poor",,,,,,,,,,,,,,,,,,,,,,,,,,,,,,,,,,,,,,,,,,,,,,,
ABSL Nifty India Defence Index Reg,solution-oriented,Equity: Thematic (Broad),Regular,6.7,,,BSE 500 TRI,1.84,,,,,,,,,,,,19,https://www.valueresearchonline.com/funds/44487/,,,,,,,,,,,,,,,,,,,,,,,,,,
",INF209KC1159,152800,1,1,1,3,1,1,1,3,1,1,1,1,4,1,1,2,0,0,0,0,0,12,High Risk,Poor",,,,,,,,,,,,,,,,,,,,,,,,,,,,,,,,,,,,,,,,,,,,,,,
ABSL Special Opportunities Reg,solution-oriented,Equity: Thematic (Broad),Regular,15.45,20.37,15.17,BSE 500 TRI,1.84,13.36,12.53,3.46,0.98,1.11,12.89,20.39,,,,,25,https://www.valueresearchonline.com/funds/41141/,,,,,,,,,,,,,,,,,,,,,,,,,,
",INF209KB1T46,148537,3,3,3,9,2,4,1,7,1.5,1.5,1.5,1,5.5,2,2,4,0,0,0,0,0,25.5,Moderate Risk,Average",,,,,,,,,,,,,,,,,,,,,,,,,,,,,,,,,,,,,,,,,,,,,,,
Axis BSE India Sector Leaders Index Reg,solution-oriented,Equity: Thematic (Broad),Regular,,,,BSE 500 TRI,,,,,,,,,,,,,25,https://www.valueresearchonline.com/funds/45781/,,,,,,,,,,,,,,,,,,,,,,,,,,
",INF846KA1416,154170,1,1,1,3,1,1,1,3,1.5,1.5,1.5,1.5,6,2,1.5,3.5,0,0,0,0,0,15.5,Moderately High Risk,Average",,,,,,,,,,,,,,,,,,,,,,,,,,,,,,,,,,,,,,,,,,,,,,,
Axis Momentum Reg,solution-oriented,Equity: Thematic (Broad),Regular,-3.51,,,BSE 500 TRI,1.84,,,,,,,,,,,,25,https://www.valueresearchonline.com/funds/44766/,,,,,,,,,,,,,,,,,,,,,,,,,,
",INF846K010Z1,153085,1,1,1,3,1,1,1,3,1,1,1.5,1,4.5,1.5,1.5,3,0,0,0,0,0,13.5,Moderately High Risk,Average",,,,,,,,,,,,,,,,,,,,,,,,,,,,,,,,,,,,,,,,,,,,,,,
Axis Multi Factor Passive FoF Reg,solution-oriented,Equity: Thematic (Broad),Regular,4.62,11.45,,BSE 500 TRI,1.84,13.36,,-1.21,0.97,0.76,12.53,15.6,,,,,4,https://www.valueresearchonline.com/funds/42078/,,,,,,,,,,,,,,,,,,,,,,,,,,
",INF846K014G3,149844,1,2,2,5,2,3,1,6,1,1,1,1,4,1,1,2,0,0,0,0,0,17,Moderately High Risk,Average",,,,,,,,,,,,,,,,,,,,,,,,,,,,,,,,,,,,,,,,,,,,,,,
Axis Nifty India Defence Index Reg,solution-oriented,Equity: Thematic (Broad),Regular,,,,BSE 500 TRI,,,,,,,,,,,,,19,https://www.valueresearchonline.com/funds/45949/,,,,,,,,,,,,,,,,,,,,,,,,,,
",INF846KA1515,154327,,,,,,,,,,,,,,,,,,,,,,,,",,,,,,,,,,,,,,,,,,,,,,,,,,,,,,,,,,,,,,,,,,,,,,,
Axis Services Opportunities Reg,solution-oriented,Equity: Thematic (Broad),Regular,,,,BSE 500 TRI,,,,,,,,,,,,,25,https://www.valueresearchonline.com/funds/45322/,,,,,,,,,,,,,,,,,,,,,,,,,,
",INF846KA1135,153621,1,1,1,3,1,1,1,3,1,1,1,1,4,1,1,2,0,0,0,0,0,12,High Risk,Poor",,,,,,,,,,,,,,,,,,,,,,,,,,,,,,,,,,,,,,,,,,,,,,,
Bandhan BSE India Sector Leaders Index Reg,solution-oriented,Equity: Thematic (Broad),Regular,,,,BSE 500 TRI,,,,,,,,,,,,,25,https://www.valueresearchonline.com/funds/45460/,,,,,,,,,,,,,,,,,,,,,,,,,,
",INF194KB1KA6,153839,1,1,1,3,1,1,1,3,1.5,1.5,1.5,1.5,6,2,1.5,3.5,0,0,0,0,0,15.5,Moderately High Risk,Average",,,,,,,,,,,,,,,,,,,,,,,,,,,,,,,,,,,,,,,,,,,,,,,
Bandhan Multi-Factor Reg,solution-oriented,Equity: Thematic (Broad),Regular,,,,BSE 500 TRI,,,,,,,,,,,,,25,https://www.valueresearchonline.com/funds/45332/,,,,,,,,,,,,,,,,,,,,,,,,,,
",INF194KB1JU6,153721,1,1,1,3,1,1,1,3,1,1.5,2,1,5.5,3,2,5,0,0,0,0,0,16.5,Moderately High Risk,Average",,,,,,,,,,,,,,,,,,,,,,,,,,,,,,,,,,,,,,,,,,,,,,,
Baroda BNP Paribas Business Conglomerates Reg,solution-oriented,Equity: Thematic (Broad),Regular,,,,BSE 500 TRI,,,,,,,,,,,,,25,https://www.valueresearchonline.com/funds/45456/,,,,,,,,,,,,,,,,,,,,,,,,,,
",INF251K01VG2,153844,1,1,1,3,1,1,1,3,1,1,1,1,4,1.5,1.5,3,0,0,0,0,0,13,Moderately High Risk,Average",,,,,,,,,,,,,,,,,,,,,,,,,,,,,,,,,,,,,,,,,,,,,,,
Edelweiss BSE Capital Mkts & Insurance ETF,solution-oriented,Equity: Thematic (Broad),Regular,7.78,,,BSE 500 TRI,1.84,,,,,,,,,,,,24,https://www.valueresearchonline.com/funds/44826/,,,,,,,,,,,,,,,,,,,,,,,,,,
",INF754K01TX4,153180,1,1,1,3,1,1,1,3,1,1,1,1,4,1,1,2,0,0,0,0,0,12,High Risk,Poor",,,,,,,,,,,,,,,,,,,,,,,,,,,,,,,,,,,,,,,,,,,,,,,
Edelweiss BSE Internet Economy Index Reg,solution-oriented,Equity: Thematic (Broad),Regular,1.08,,,BSE 500 TRI,1.84,,,,,,,,,,,,20,https://www.valueresearchonline.com/funds/45127/,,,,,,,,,,,,,,,,,,,,,,,,,,
",INF754K01VB6,153495,1,1,1,3,1,1,1,3,1,1,1,1,4,1,1,2,0,0,0,0,0,12,High Risk,Poor",,,,,,,,,,,,,,,,,,,,,,,,,,,,,,,,,,,,,,,,,,,,,,,
Edelweiss Recently Listed IPO Reg,solution-oriented,Equity: Thematic (Broad),Regular,19.97,18.42,13.12,BSE 500 TRI,1.84,13.36,12.53,-0.93,1.09,0.63,17.54,17.2,,,,,25,https://www.valueresearchonline.com/funds/35232/,,,,,,,,,,,,,,,,,,,,,,,,,,
",INF754K01MH2,142383,1,2,2,5,1,3,1,5,1,1,1,1,4,1,1,2,0,0,0,0,0,16,Moderately High Risk,Average",,,,,,,,,,,,,,,,,,,,,,,,,,,,,,,,,,,,,,,,,,,,,,,
Franklin India Multi-Factor Reg,solution-oriented,Equity: Thematic (Broad),Regular,,,,BSE 500 TRI,,,,,,,,,,,,,25,https://www.valueresearchonline.com/funds/45583/,,,,,,,,,,,,,,,,,,,,,,,,,,
",INF090I01YN8,153943,1,1,1,3,1,1,1,3,1.5,1.5,1.5,1,5.5,3,2,5,0,0,0,0,0,16.5,Moderately High Risk,Average",,,,,,,,,,,,,,,,,,,,,,,,,,,,,,,,,,,,,,,,,,,,,,,
Franklin India Opportunities Reg,solution-oriented,Equity: Thematic (Broad),Regular,3.87,22.85,19.06,BSE 500 TRI,1.84,13.36,12.53,9.09,1.05,1.36,15.19,26.81,,,,,25,https://www.valueresearchonline.com/funds/753/,,,,,,,,,,,,,,,,,,,,,,,,,,
",INF090I01445,112304,4,3,3,10,1,4,1,6,1.5,1.5,1.5,1,5.5,2,2,4,0,0,0,0,0,25.5,Moderate Risk,Average",,,,,,,,,,,,,,,,,,,,,,,,,,,,,,,,,,,,,,,,,,,,,,,
Groww BSE Power ETF FOF Reg,solution-oriented,Equity: Thematic (Broad),Regular,,,,BSE 500 TRI,,,,,,,,,,,,,1,https://www.valueresearchonline.com/funds/45371/,,,,,,,,,,,,,,,,,,,,,,,,,,
",INF666M01LQ7,153748,1,1,1,3,1,1,1,3,1,1,1,1,4,1,1,2,0,0,0,0,0,12,High Risk,Poor",,,,,,,,,,,,,,,,,,,,,,,,,,,,,,,,,,,,,,,,,,,,,,,
Groww Nifty Capital Markets ETF FoF Reg,solution-oriented,Equity: Thematic (Broad),Regular,,,,BSE 500 TRI,,,,,,,,,,,,,1,https://www.valueresearchonline.com/funds/45626/,,,,,,,,,,,,,,,,,,,,,,,,,,
",INF666M01MJ0,153918,1,1,1,3,1,1,1,3,1,1,1,1,4,1,1,2,0,0,0,0,0,12,High Risk,Poor",,,,,,,,,,,,,,,,,,,,,,,,,,,,,,,,,,,,,,,,,,,,,,,
Groww Nifty Chemicals ETF,solution-oriented,Equity: Thematic (Broad),Regular,,,,BSE 500 TRI,,,,,,,,,,,,,20,https://www.valueresearchonline.com/funds/45751/,,,,,,,,,,,,,,,,,,,,,,,,,,
",INF666M01NP5,154111,1,1,1,3,1,1,1,3,1,1,1,1,4,1,1.5,2.5,0,0,0,0,0,12.5,High Risk,Poor",,,,,,,,,,,,,,,,,,,,,,,,,,,,,,,,,,,,,,,,,,,,,,,
Groww Nifty India Defence ETF FoF Reg,solution-oriented,Equity: Thematic (Broad),Regular,6.53,,,BSE 500 TRI,1.84,,,,,,,,,,,,1,https://www.valueresearchonline.com/funds/44595/,,,,,,,,,,,,,,,,,,,,,,,,,,
",INF666M01IT7,152927,1,1,1,3,1,1,1,3,1,1,1,1,4,1,1,2,0,0,0,0,0,12,High Risk,Poor",,,,,,,,,,,,,,,,,,,,,,,,,,,,,,,,,,,,,,,,,,,,,,,
Groww Nifty India Internet ETF FoF Reg,solution-oriented,Equity: Thematic (Broad),Regular,,,,BSE 500 TRI,,,,,,,,,,,,,1,https://www.valueresearchonline.com/funds/45242/,,,,,,,,,,,,,,,,,,,,,,,,,,
",INF666M01LF0,153633,1,1,1,3,1,1,1,3,1,1,1,1,4,1,1,2,0,0,0,0,0,12,High Risk,Poor",,,,,,,,,,,,,,,,,,,,,,,,,,,,,,,,,,,,,,,,,,,,,,,
HDFC BSE India Sector Leaders Index Reg,solution-oriented,Equity: Thematic (Broad),Regular,,,,BSE 500 TRI,,,,,,,,,,,,,25,https://www.valueresearchonline.com/funds/45588/,,,,,,,,,,,,,,,,,,,,,,,,,,
",INF179KC1JX8,153958,1,1,1,3,1,1,1,3,1.5,1.5,1.5,1.5,6,2,1.5,3.5,0,0,0,0,0,15.5,Moderately High Risk,Average",,,,,,,,,,,,,,,,,,,,,,,,,,,,,,,,,,,,,,,,,,,,,,,
HDFC Defence Reg,solution-oriented,Equity: Thematic (Broad),Regular,14.91,42.37,,BSE 500 TRI,1.84,13.36,,,,,,,,,,,23,https://www.valueresearchonline.com/funds/43510/,,,,,,,,,,,,,,,,,,,,,,,,,,
",INF179K01BE2,102000,1,1,1,3,1,1,1,3,1,1,1,1,4,1,1,2,0,0,0,0,0,12,High Risk,Poor",,,,,,,,,,,,,,,,,,,,,,,,,,,,,,,,,,,,,,,,,,,,,,,
HDFC Housing Opportunities Reg,solution-oriented,Equity: Thematic (Broad),Regular,-1.78,14,13.72,BSE 500 TRI,1.84,13.36,12.53,1.34,1.08,0.89,15,19.38,,,,,25,https://www.valueresearchonline.com/funds/34768/,,,,,,,,,,,,,,,,,,,,,,,,,,
",INF179KC1AX7,141923,2,2,2,6,2,4,1,7,1,1,1,1,4,3,2,5,0,0,0,0,0,22,Moderate Risk,Average",,,,,,,,,,,,,,,,,,,,,,,,,,,,,,,,,,,,,,,,,,,,,,,
HDFC NIFTY Realty Index Reg,solution-oriented,Equity: Thematic (Broad),Regular,-19.14,,,BSE 500 TRI,1.84,,,,,,,,,,,,10,https://www.valueresearchonline.com/funds/44210/,,,,,,,,,,,,,,,,,,,,,,,,,,
",INF179KC1CB9,149871,1,1,1,3,1,1,1,3,1,1,1,1,4,1,1.5,2.5,0,0,0,0,0,12.5,High Risk,Poor",,,,,,,,,,,,,,,,,,,,,,,,,,,,,,,,,,,,,,,,,,,,,,,
HSBC India Export Opportunities Reg,solution-oriented,Equity: Thematic (Broad),Regular,12.01,,,BSE 500 TRI,1.84,,,,,,,,,,,,25,https://www.valueresearchonline.com/funds/44522/,,,,,,,,,,,,,,,,,,,,,,,,,,
",INF336L01RL7,152830,1,1,1,3,1,1,1,3,1,1.5,1.5,1,5,1,1.5,2.5,0,0,0,0,0,13.5,Moderately High Risk,Average",,,,,,,,,,,,,,,,,,,,,,,,,,,,,,,,,,,,,,,,,,,,,,,
ICICI Pru Active Momentum,solution-oriented,Equity: Thematic (Broad),Regular,,,,BSE 500 TRI,,,,,,,,,,,,,25,https://www.valueresearchonline.com/funds/45355/,,,,,,,,,,,,,,,,,,,,,,,,,,
",INF109K1A377,153685,1,1,1,3,1,1,1,3,1,1.5,2,1,5.5,1.5,1.5,3,0,0,0,0,0,14.5,Moderately High Risk,Average",,,,,,,,,,,,,,,,,,,,,,,,,,,,,,,,,,,,,,,,,,,,,,,
ICICI Pru Commodities,solution-oriented,Equity: Thematic (Broad),Regular,17.59,17.98,16.78,BSE 500 TRI,1.84,13.36,12.53,4.64,0.93,1.05,14.12,20.97,,,,,25,https://www.valueresearchonline.com/funds/40304/,,,,,,,,,,,,,,,,,,,,,,,,,,
",INF109KC1F67,147661,4,3,3,10,2,4,1,7,1,1,1,1,4,1.5,2,3.5,0,0,0,0,0,24.5,Moderate Risk,Average",,,,,,,,,,,,,,,,,,,,,,,,,,,,,,,,,,,,,,,,,,,,,,,
ICICI Pru Conglomerate,solution-oriented,Equity: Thematic (Broad),Regular,,,,BSE 500 TRI,,,,,,,,,,,,,25,https://www.valueresearchonline.com/funds/45487/,,,,,,,,,,,,,,,,,,,,,,,,,,
",INF109K1A419,153864,1,1,1,3,1,1,1,3,1,1,1,1,4,1,1,2,0,0,0,0,0,12,High Risk,Poor",,,,,,,,,,,,,,,,,,,,,,,,,,,,,,,,,,,,,,,,,,,,,,,
ICICI Pru Eqt Minimum Variance Fund Reg,solution-oriented,Equity: Thematic (Broad),Regular,1.05,,,BSE 500 TRI,1.84,,,,,,,,,,,,25,https://www.valueresearchonline.com/funds/44742/,,,,,,,,,,,,,,,,,,,,,,,,,,
",INF109KC17X3,153069,1,1,1,3,1,1,1,3,1,1,1.5,1,4.5,2,1.5,3.5,0,0,0,0,0,14,Moderately High Risk,Average",,,,,,,,,,,,,,,,,,,,,,,,,,,,,,,,,,,,,,,,,,,,,,,
ICICI Pru Exports & Services,solution-oriented,Equity: Thematic (Broad),Regular,2.63,17.74,16.23,BSE 500 TRI,1.84,13.36,12.53,3.19,0.84,1.12,11.1,18.53,,,,,25,https://www.valueresearchonline.com/funds/2968/,,,,,,,,,,,,,,,,,,,,,,,,,,
",INF109K01BB5,103312,3,3,3,9,2,4,1,7,1.5,1.5,1.5,1,5.5,2,1.5,3.5,0,0,0,0,0,25,Moderate Risk,Average",,,,,,,,,,,,,,,,,,,,,,,,,,,,,,,,,,,,,,,,,,,,,,,
ICICI Pru FMCG,solution-oriented,Equity: Thematic (Broad),Regular,-11.02,-1.26,7.33,BSE 500 TRI,1.84,13.36,12.53,-9.85,0.8,-0.08,12.84,5.12,,,,,25,https://www.valueresearchonline.com/funds/591/,,,,,,,,,,,,,,,,,,,,,,,,,,
",INF109K01EO2,100351,1,1,1,3,2,1,1,4,1,1,1,1,4,1.5,1,2.5,0,0,0,0,0,13.5,Moderately High Risk,Average",,,,,,,,,,,,,,,,,,,,,,,,,,,,,,,,,,,,,,,,,,,,,,,
ICICI Pru Housing Opportunities,solution-oriented,Equity: Thematic (Broad),Regular,2.71,14.79,,BSE 500 TRI,1.84,13.36,,1.2,0.9,0.91,12.21,17.25,,,,,25,https://www.valueresearchonline.com/funds/42248/,,,,,,,,,,,,,,,,,,,,,,,,,,
",INF109KC18B7,150309,2,2,3,7,2,3,1,6,1.5,1,1,1,4.5,2,2,4,0,0,0,0,0,21.5,Moderate Risk,Average",,,,,,,,,,,,,,,,,,,,,,,,,,,,,,,,,,,,,,,,,,,,,,,
ICICI Pru India Opportunities,solution-oriented,Equity: Thematic (Broad),Regular,2.74,18.52,19.42,BSE 500 TRI,1.84,13.36,12.53,7.01,0.82,1.45,11.08,22.2,,,,,25,https://www.valueresearchonline.com/funds/38583/,,,,,,,,,,,,,,,,,,,,,,,,,,
",INF109KC1RG1,145899,4,3,3,10,2,4,1,7,2,1.5,1.5,1,6,3,2,5,0,0,0,0,0,28,Low Risk,Good",,,,,,,,,,,,,,,,,,,,,,,,,,,,,,,,,,,,,,,,,,,,,,,
ICICI Pru Multi Sector Passive FoF,solution-oriented,Equity: Thematic (Broad),Regular,4.44,14.97,13.61,BSE 500 TRI,1.84,13.36,12.53,2.21,0.86,1.05,11.18,17.84,,,,,10,https://www.valueresearchonline.com/funds/1935/,,,,,,,,,,,,,,,,,,,,,,,,,,
",INF109K01795,102133,3,3,3,9,2,3,1,6,1,1,1,1,4,1,1,2,0,0,0,0,0,21,Moderate Risk,Average",,,,,,,,,,,,,,,,,,,,,,,,,,,,,,,,,,,,,,,,,,,,,,,
ICICI Pru Nifty Metal ETF,solution-oriented,Equity: Thematic (Broad),Regular,43.18,,,BSE 500 TRI,1.84,,,,,,,,,,,,19,https://www.valueresearchonline.com/funds/44461/,,,,,,,,,,,,,,,,,,,,,,,,,,
",INF109KC19W1,152769,1,1,1,3,1,1,1,3,1,1,1,1,4,2,2,4,0,0,0,0,0,14,Moderately High Risk,Average",,,,,,,,,,,,,,,,,,,,,,,,,,,,,,,,,,,,,,,,,,,,,,,
ICICI Pru Quality,solution-oriented,Equity: Thematic (Broad),Regular,2.27,,,BSE 500 TRI,1.84,,,,,,,,,,,,25,https://www.valueresearchonline.com/funds/45162/,,,,,,,,,,,,,,,,,,,,,,,,,,
",INF109K1A179,153457,1,1,1,3,1,1,1,3,1.5,1.5,1.5,1,5.5,1.5,1,2.5,0,0,0,0,0,14,Moderately High Risk,Average",,,,,,,,,,,,,,,,,,,,,,,,,,,,,,,,,,,,,,,,,,,,,,,
ICICI Pru Rural Opportunities,solution-oriented,Equity: Thematic (Broad),Regular,0.55,,,BSE 500 TRI,1.84,,,,,,,,,,,,25,https://www.valueresearchonline.com/funds/44844/,,,,,,,,,,,,,,,,,,,,,,,,,,
",INF109KC19Y7,153181,1,1,1,3,1,1,1,3,1.5,1,1,1,4.5,2,1.5,3.5,0,0,0,0,0,14,Moderately High Risk,Average",,,,,,,,,,,,,,,,,,,,,,,,,,,,,,,,,,,,,,,,,,,,,,,
Kotak Active Momentum Reg,solution-oriented,Equity: Thematic (Broad),Regular,,,,BSE 500 TRI,,,,,,,,,,,,,25,https://www.valueresearchonline.com/funds/45387/,,,,,,,,,,,,,,,,,,,,,,,,,,
",INF174KA1XD8,153755,1,1,1,3,1,1,1,3,1,1,1,1,4,1,1,2,0,0,0,0,0,12,High Risk,Poor",,,,,,,,,,,,,,,,,,,,,,,,,,,,,,,,,,,,,,,,,,,,,,,
Kotak BSE Housing Index Reg,solution-oriented,Equity: Thematic (Broad),Regular,-4.39,,,BSE 500 TRI,1.84,,,,,,,,,,,,25,https://www.valueresearchonline.com/funds/43704/,,,,,,,,,,,,,,,,,,,,,,,,,,
",INF174KA1OU1,152038,1,1,1,3,1,1,1,3,1,1,1.5,1,4.5,1,1.5,2.5,0,0,0,0,0,13,Moderately High Risk,Average",,,,,,,,,,,,,,,,,,,,,,,,,,,,,,,,,,,,,,,,,,,,,,,
Kotak Multi Factor Passive FoF Reg,solution-oriented,Equity: Thematic (Broad),Regular,,,,BSE 500 TRI,,,,,,,,,,,,,2,https://www.valueresearchonline.com/funds/45898/,,,,,,,,,,,,,,,,,,,,,,,,,,
",INF174K01NI9,100835,1,1,1,3,1,1,1,3,1,1,1,1,4,1,1,2,0,0,0,0,0,12,High Risk,Poor",,,,,,,,,,,,,,,,,,,,,,,,,,,,,,,,,,,,,,,,,,,,,,,
Kotak Nifty Commodities Index Reg,solution-oriented,Equity: Thematic (Broad),Regular,16.9,,,BSE 500 TRI,1.84,,,,,,,,,,,,25,https://www.valueresearchonline.com/funds/44989/,,,,,,,,,,,,,,,,,,,,,,,,,,
",INF174KA1VH3,153351,1,1,1,3,1,1,1,3,1,1,1,1,4,2,2,4,0,0,0,0,0,14,Moderately High Risk,Average",,,,,,,,,,,,,,,,,,,,,,,,,,,,,,,,,,,,,,,,,,,,,,,
Kotak Nifty India Tourism Index Reg,solution-oriented,Equity: Thematic (Broad),Regular,-12.91,,,BSE 500 TRI,1.84,,,,,,,,,,,,15,https://www.valueresearchonline.com/funds/44537/,,,,,,,,,,,,,,,,,,,,,,,,,,
",INF174KA1TC8,152872,1,1,1,3,1,1,1,3,1,1,1,1,4,1,1,2,0,0,0,0,0,12,High Risk,Poor",,,,,,,,,,,,,,,,,,,,,,,,,,,,,,,,,,,,,,,,,,,,,,,
Kotak Rural Opportunities Reg,solution-oriented,Equity: Thematic (Broad),Regular,,,,BSE 500 TRI,,,,,,,,,,,,,25,https://www.valueresearchonline.com/funds/45595/,,,,,,,,,,,,,,,,,,,,,,,,,,
",INF174KA1XZ1,153969,1,1,1,3,1,1,1,3,1,1,1,1,4,1.5,1.5,3,0,0,0,0,0,13,Moderately High Risk,Average",,,,,,,,,,,,,,,,,,,,,,,,,,,,,,,,,,,,,,,,,,,,,,,
Kotak Services Reg,solution-oriented,Equity: Thematic (Broad),Regular,,,,BSE 500 TRI,,,,,,,,,,,,,25,https://www.valueresearchonline.com/funds/45795/,,,,,,,,,,,,,,,,,,,,,,,,,,
",INF174KA1YY2,154151,1,1,1,3,1,1,1,3,1,1,1,1,4,1,1,2,0,0,0,0,0,12,High Risk,Poor",,,,,,,,,,,,,,,,,,,,,,,,,,,,,,,,,,,,,,,,,,,,,,,
Kotak Special Opportunities Reg,solution-oriented,Equity: Thematic (Broad),Regular,10.8,,,BSE 500 TRI,1.84,,,,,,,,,,,,25,https://www.valueresearchonline.com/funds/44380/,,,,,,,,,,,,,,,,,,,,,,,,,,
",INF174KA1SC0,152703,1,1,1,3,1,1,1,3,1,1.5,1.5,1,5,1.5,2,3.5,0,0,0,0,0,14.5,Moderately High Risk,Average",,,,,,,,,,,,,,,,,,,,,,,,,,,,,,,,,,,,,,,,,,,,,,,
Mirae Asset BSE India Defence ETF FoF Reg,solution-oriented,Equity: Thematic (Broad),Regular,,,,BSE 500 TRI,,,,,,,,,,,,,1,https://www.valueresearchonline.com/funds/45809/,,,,,,,,,,,,,,,,,,,,,,,,,,
",INF769K01QD0,154189,1,1,1,3,1,1,1,3,1,1,1,1,4,1,1,2,0,0,0,0,0,12,High Risk,Poor",,,,,,,,,,,,,,,,,,,,,,,,,,,,,,,,,,,,,,,,,,,,,,,
Mirae Asset BSE Select IPO ETF FoF Reg,solution-oriented,Equity: Thematic (Broad),Regular,-6.86,,,BSE 500 TRI,1.84,,,,,,,,,,,,1,https://www.valueresearchonline.com/funds/45021/,,,,,,,,,,,,,,,,,,,,,,,,,,
",INF769K01OH6,153387,1,1,1,3,1,1,1,3,1,1,1,1,4,1,1,2,0,0,0,0,0,12,High Risk,Poor",,,,,,,,,,,,,,,,,,,,,,,,,,,,,,,,,,,,,,,,,,,,,,,
Mirae Asset Multi Factor Passive FoF Reg,solution-oriented,Equity: Thematic (Broad),Regular,,,,BSE 500 TRI,,,,,,,,,,,,,8,https://www.valueresearchonline.com/funds/45434/,,,,,,,,,,,,,,,,,,,,,,,,,,
",INF769K01PE0,153818,1,1,1,3,1,1,1,3,1,1,1,1,4,1,1,2,0,0,0,0,0,12,High Risk,Poor",,,,,,,,,,,,,,,,,,,,,,,,,,,,,,,,,,,,,,,,,,,,,,,
Mirae Asset Nifty India Internet ETF,solution-oriented,Equity: Thematic (Broad),Regular,,,,BSE 500 TRI,,,,,,,,,,,,,25,https://www.valueresearchonline.com/funds/45250/,,,,,,,,,,,,,,,,,,,,,,,,,,
",INF769K01PB6,153642,1,1,1,3,1,1,1,3,1,1,1,1,4,1,1.5,2.5,0,0,0,0,0,12.5,High Risk,Poor",,,,,,,,,,,,,,,,,,,,,,,,,,,,,,,,,,,,,,,,,,,,,,,
Mirae Asset Nifty Metal ETF FoF Reg,solution-oriented,Equity: Thematic (Broad),Regular,,,,BSE 500 TRI,,,,,,,,,,,,,1,https://www.valueresearchonline.com/funds/45831/,,,,,,,,,,,,,,,,,,,,,,,,,,
",INF769K01QJ7,154218,1,1,1,3,1,1,1,3,1,1,1,1,4,1,1,2,0,0,0,0,0,12,High Risk,Poor",,,,,,,,,,,,,,,,,,,,,,,,,,,,,,,,,,,,,,,,,,,,,,,
Motilal Oswal Active Momentum Reg,solution-oriented,Equity: Thematic (Broad),Regular,26.5,,,BSE 500 TRI,1.84,,,,,,,,,,,,25,https://www.valueresearchonline.com/funds/45000/,,,,,,,,,,,,,,,,,,,,,,,,,,
",INF247L01ES9,153365,1,1,1,3,1,1,1,3,1,1,1.5,1,4.5,1.5,1.5,3,0,0,0,0,0,13.5,Moderately High Risk,Average",,,,,,,,,,,,,,,,,,,,,,,,,,,,,,,,,,,,,,,,,,,,,,,
Motilal Oswal BSE Select IPO ETF,solution-oriented,Equity: Thematic (Broad),Regular,,,,BSE 500 TRI,,,,,,,,,,,,,25,https://www.valueresearchonline.com/funds/45639/,,,,,,,,,,,,,,,,,,,,,,,,,,
",INF247L01GI5,154003,1,1,1,3,1,1,1,3,1.5,1.5,1.5,1,5.5,1,1.5,2.5,0,0,0,0,0,14,Moderately High Risk,Average",,,,,,,,,,,,,,,,,,,,,,,,,,,,,,,,,,,,,,,,,,,,,,,
Motilal Oswal Multi Factor Passive FoF Reg,solution-oriented,Equity: Thematic (Broad),Regular,,,,BSE 500 TRI,,,,,,,,,,,,,4,https://www.valueresearchonline.com/funds/45873/,,,,,,,,,,,,,,,,,,,,,,,,,,
",INF247L01726,145946,1,1,1,3,1,1,1,3,1,1,1,1,4,1,1,2,0,0,0,0,0,12,High Risk,Poor",,,,,,,,,,,,,,,,,,,,,,,,,,,,,,,,,,,,,,,,,,,,,,,
Motilal Oswal Nifty Capital Market Index Reg,solution-oriented,Equity: Thematic (Broad),Regular,24.54,,,BSE 500 TRI,1.84,,,,,,,,,,,,17,https://www.valueresearchonline.com/funds/44754/,,,,,,,,,,,,,,,,,,,,,,,,,,
",INF247L01EC3,153137,1,1,1,3,1,1,1,3,1,1,1,1,4,1,1,2,0,0,0,0,0,12,High Risk,Poor",,,,,,,,,,,,,,,,,,,,,,,,,,,,,,,,,,,,,,,,,,,,,,,
Motilal Oswal Nifty India Defence Index Reg,solution-oriented,Equity: Thematic (Broad),Regular,6.91,,,BSE 500 TRI,1.84,,,,,,,,,,,,19,https://www.valueresearchonline.com/funds/44396/,,,,,,,,,,,,,,,,,,,,,,,,,,
",INF247L01CV7,152711,1,1,1,3,1,1,1,3,1,1,1,1,4,1,1,2,0,0,0,0,0,12,High Risk,Poor",,,,,,,,,,,,,,,,,,,,,,,,,,,,,,,,,,,,,,,,,,,,,,,
Motilal Oswal Nifty MidSmall IT and Telecom Index Reg,solution-oriented,Equity: Thematic (Broad),Regular,-7.92,,,BSE 500 TRI,1.84,,,,,,,,,,,,20,https://www.valueresearchonline.com/funds/44681/,,,,,,,,,,,,,,,,,,,,,,,,,,
",INF247L01DZ6,153028,1,1,1,3,1,1,1,3,1,1,1,1,4,3,1,4,0,0,0,0,0,14,Moderately High Risk,Average",,,,,,,,,,,,,,,,,,,,,,,,,,,,,,,,,,,,,,,,,,,,,,,
Motilal Oswal Nifty Realty ETF,solution-oriented,Equity: Thematic (Broad),Regular,-18.74,,,BSE 500 TRI,1.84,,,,,,,,,,,,10,https://www.valueresearchonline.com/funds/44250/,,,,,,,,,,,,,,,,,,,,,,,,,,
",INF247L01CI4,152541,1,1,1,3,1,1,1,3,1,1,1,1,4,1,1.5,2.5,0,0,0,0,0,12.5,High Risk,Poor",,,,,,,,,,,,,,,,,,,,,,,,,,,,,,,,,,,,,,,,,,,,,,,
Motilal Oswal Nifty Services Sector ETF,solution-oriented,Equity: Thematic (Broad),Regular,,,,BSE 500 TRI,,,,,,,,,,,,,25,https://www.valueresearchonline.com/funds/45660/,,,,,,,,,,,,,,,,,,,,,,,,,,
",INF247L01GJ3,154033,1,1,1,3,1,1,1,3,1,1,1,1,4,2,2,4,0,0,0,0,0,14,Moderately High Risk,Average",,,,,,,,,,,,,,,,,,,,,,,,,,,,,,,,,,,,,,,,,,,,,,,
Motilal Oswal Services Reg,solution-oriented,Equity: Thematic (Broad),Regular,9.7,,,BSE 500 TRI,1.84,,,,,,,,,,,,25,https://www.valueresearchonline.com/funds/45184/,,,,,,,,,,,,,,,,,,,,,,,,,,
",INF247L01FG1,153561,1,1,1,3,1,1,1,3,1,1.5,1.5,1,5,1.5,1.5,3,0,0,0,0,0,14,Moderately High Risk,Average",,,,,,,,,,,,,,,,,,,,,,,,,,,,,,,,,,,,,,,,,,,,,,,
Motilal Oswal Special Opportunities Reg,solution-oriented,Equity: Thematic (Broad),Regular,,,,BSE 500 TRI,,,,,,,,,,,,,24,https://www.valueresearchonline.com/funds/45391/,,,,,,,,,,,,,,,,,,,,,,,,,,
",INF247L01FV0,153751,1,1,1,3,1,1,1,3,1,1,1,1,4,1,1.5,2.5,0,0,0,0,0,12.5,High Risk,Poor",,,,,,,,,,,,,,,,,,,,,,,,,,,,,,,,,,,,,,,,,,,,,,,
Nippon India Active Momentum Reg,solution-oriented,Equity: Thematic (Broad),Regular,9.61,,,BSE 500 TRI,1.84,,,,,,,,,,,,25,https://www.valueresearchonline.com/funds/44936/,,,,,,,,,,,,,,,,,,,,,,,,,,
",INF204KC1EH1,153276,1,1,1,3,1,1,1,3,1,1.5,1.5,1,5,2,1.5,3.5,0,0,0,0,0,14.5,Moderately High Risk,Average",,,,,,,,,,,,,,,,,,,,,,,,,,,,,,,,,,,,,,,,,,,,,,,
Nippon India Nifty Realty Index Reg,solution-oriented,Equity: Thematic (Broad),Regular,-19.21,,,BSE 500 TRI,1.84,,,,,,,,,,,,10,https://www.valueresearchonline.com/funds/44710/,,,,,,,,,,,,,,,,,,,,,,,,,,
",INF204KC1DV4,153061,1,1,1,3,1,1,1,3,1,1,1,1,4,1,1.5,2.5,0,0,0,0,0,12.5,High Risk,Poor",,,,,,,,,,,,,,,,,,,,,,,,,,,,,,,,,,,,,,,,,,,,,,,
Quant Commodities Reg,solution-oriented,Equity: Thematic (Broad),Regular,15.49,,,BSE 500 TRI,1.84,,,,,,,,,,,,14,https://www.valueresearchonline.com/funds/43964/,,,,,,,,,,,,,,,,,,,,,,,,,,
",INF966L01DC0,152256,1,1,1,3,1,1,1,3,1,1,1,1,4,1.5,2,3.5,0,0,0,0,0,13.5,Moderately High Risk,Average",,,,,,,,,,,,,,,,,,,,,,,,,,,,,,,,,,,,,,,,,,,,,,,
Quant Momentum Reg,solution-oriented,Equity: Thematic (Broad),Regular,7.76,,,BSE 500 TRI,1.84,,,,,,,,,,,,15,https://www.valueresearchonline.com/funds/43880/,,,,,,,,,,,,,,,,,,,,,,,,,,
",INF966L01CW0,152190,1,1,1,3,1,1,1,3,1,1,1,1,4,1.5,2,3.5,0,0,0,0,0,13.5,Moderately High Risk,Average",,,,,,,,,,,,,,,,,,,,,,,,,,,,,,,,,,,,,,,,,,,,,,,
Quantum Ethical Reg,solution-oriented,Equity: Thematic (Broad),Regular,-2.74,,,BSE 500 TRI,1.84,,,,,,,,,,,,25,https://www.valueresearchonline.com/funds/44770/,,,,,,,,,,,,,,,,,,,,,,,,,,
",INF082J01481,153095,1,1,1,3,1,1,1,3,1,1.5,2,1,5.5,1,1,2,0,0,0,0,0,13.5,Moderately High Risk,Average",,,,,,,,,,,,,,,,,,,,,,,,,,,,,,,,,,,,,,,,,,,,,,,
Samco Active Momentum Reg,solution-oriented,Equity: Thematic (Broad),Regular,1.71,,,BSE 500 TRI,1.84,,,,,,,,,,,,25,https://www.valueresearchonline.com/funds/43514/,,,,,,,,,,,,,,,,,,,,,,,,,,
",INF0K1H01073,151752,1,1,1,3,1,1,1,3,1.5,2,2,1,6.5,1.5,1.5,3,0,0,0,0,0,15.5,Moderately High Risk,Average",,,,,,,,,,,,,,,,,,,,,,,,,,,,,,,,,,,,,,,,,,,,,,,
Samco Special Opportunities Reg,solution-oriented,Equity: Thematic (Broad),Regular,2.48,,,BSE 500 TRI,1.84,,,,,,,,,,,,25,https://www.valueresearchonline.com/funds/44279/,,,,,,,,,,,,,,,,,,,,,,,,,,
",INF0K1H01172,152587,1,1,1,3,1,1,1,3,1,1.5,1.5,1,5,2,2,4,0,0,0,0,0,15,Moderately High Risk,Average",,,,,,,,,,,,,,,,,,,,,,,,,,,,,,,,,,,,,,,,,,,,,,,
SBI Comma Reg,solution-oriented,Equity: Thematic (Broad),Regular,14.92,19,12.7,BSE 500 TRI,1.84,13.36,12.53,3.88,1.01,1.02,14.69,21.11,,,,,25,https://www.valueresearchonline.com/funds/2812/,,,,,,,,,,,,,,,,,,,,,,,,,,
",INF200K01339,103145,3,3,3,9,2,4,1,7,1,1,1,1,4,3,2,5,0,0,0,0,0,25,Moderate Risk,Average",,,,,,,,,,,,,,,,,,,,,,,,,,,,,,,,,,,,,,,,,,,,,,,
SBI Equity Minimum Variance Reg,solution-oriented,Equity: Thematic (Broad),Regular,1.05,9.64,10.41,BSE 500 TRI,1.84,13.36,12.53,-1.99,0.92,0.64,12.7,14.23,,,,,25,https://www.valueresearchonline.com/funds/39362/,,,,,,,,,,,,,,,,,,,,,,,,,,
",INF200KA1A48,146644,1,2,2,5,2,3,1,6,1.5,1,1,1,4.5,2,1.5,3.5,0,0,0,0,0,19,Moderately High Risk,Average",,,,,,,,,,,,,,,,,,,,,,,,,,,,,,,,,,,,,,,,,,,,,,,
SBI Quality Reg,solution-oriented,Equity: Thematic (Broad),Regular,,,,BSE 500 TRI,,,,,,,,,,,,,25,https://www.valueresearchonline.com/funds/45791/,,,,,,,,,,,,,,,,,,,,,,,,,,
",INF200KB1AD3,154175,1,1,1,3,1,1,1,3,1,1,1,1,4,1,1,2,0,0,0,0,0,12,High Risk,Poor",,,,,,,,,,,,,,,,,,,,,,,,,,,,,,,,,,,,,,,,,,,,,,,
Shriram Multi Sector Rotation Reg,solution-oriented,Equity: Thematic (Broad),Regular,2.42,,,BSE 500 TRI,1.84,,,,,,,,,,,,25,https://www.valueresearchonline.com/funds/44668/,,,,,,,,,,,,,,,,,,,,,,,,,,
",INF680P01463,153077,1,1,1,3,1,1,1,3,1,1,1.5,1,4.5,3,2,5,0,0,0,0,0,15.5,Moderately High Risk,Average",,,,,,,,,,,,,,,,,,,,,,,,,,,,,,,,,,,,,,,,,,,,,,,
Sundaram Multi-Factor Reg,solution-oriented,Equity: Thematic (Broad),Regular,,,,BSE 500 TRI,,,,,,,,,,,,,25,https://www.valueresearchonline.com/funds/45283/,,,,,,,,,,,,,,,,,,,,,,,,,,
",INF903JA1LY0,153667,1,1,1,3,1,1,1,3,1.5,1.5,1.5,1,5.5,3,2,5,0,0,0,0,0,16.5,Moderately High Risk,Average",,,,,,,,,,,,,,,,,,,,,,,,,,,,,,,,,,,,,,,,,,,,,,,
Sundaram Services Reg,solution-oriented,Equity: Thematic (Broad),Regular,1.26,14.93,14.99,BSE 500 TRI,1.84,13.36,12.53,1.37,0.89,0.91,12.35,17.35,,,,,25,https://www.valueresearchonline.com/funds/37575/,,,,,,,,,,,,,,,,,,,,,,,,,,
",INF903JA1EX7,144838,2,2,2,6,2,3,1,6,1.5,1.5,1.5,1,5.5,1.5,2,3.5,0,0,0,0,0,21,Moderate Risk,Average",,,,,,,,,,,,,,,,,,,,,,,,,,,,,,,,,,,,,,,,,,,,,,,
Tata BSE Select Business Groups Index Reg,solution-oriented,Equity: Thematic (Broad),Regular,5.85,,,BSE 500 TRI,1.84,,,,,,,,,,,,25,https://www.valueresearchonline.com/funds/44790/,,,,,,,,,,,,,,,,,,,,,,,,,,
",INF277KA1CX6,153134,1,1,1,3,1,1,1,3,1,1,1,1,4,2,1.5,3.5,0,0,0,0,0,13.5,Moderately High Risk,Average",,,,,,,,,,,,,,,,,,,,,,,,,,,,,,,,,,,,,,,,,,,,,,,
Tata Ethical Reg,solution-oriented,Equity: Thematic (Broad),Regular,-5.62,5.65,7.88,BSE 500 TRI,1.84,13.36,12.53,-5.53,0.94,0.38,12.9,10.98,,,,,25,https://www.valueresearchonline.com/funds/213/,,,,,,,,,,,,,,,,,,,,,,,,,,
",INF277K01956,100415,1,1,2,4,2,2,1,5,1.5,1.5,1.5,1,5.5,1.5,1.5,3,0,0,0,0,0,17.5,Moderately High Risk,Average",,,,,,,,,,,,,,,,,,,,,,,,,,,,,,,,,,,,,,,,,,,,,,,
Tata Housing Opportunities Reg,solution-oriented,Equity: Thematic (Broad),Regular,-2.41,9.29,,BSE 500 TRI,1.84,13.36,,-3.59,1.08,0.56,15.07,14.5,,,,,25,https://www.valueresearchonline.com/funds/42445/,,,,,,,,,,,,,,,,,,,,,,,,,,
",INF277KA1521,150537,1,2,2,5,1,3,1,5,1,1,1,1,4,1.5,2,3.5,0,0,0,0,0,17.5,Moderately High Risk,Average",,,,,,,,,,,,,,,,,,,,,,,,,,,,,,,,,,,,,,,,,,,,,,,
Tata Nifty Capital Markets Index Fund Reg,solution-oriented,Equity: Thematic (Broad),Regular,24.14,,,BSE 500 TRI,1.84,,,,,,,,,,,,17,https://www.valueresearchonline.com/funds/44636/,,,,,,,,,,,,,,,,,,,,,,,,,,
",INF277KA1CL1,152954,1,1,1,3,1,1,1,3,1,1,1,1,4,1,1,2,0,0,0,0,0,12,High Risk,Poor",,,,,,,,,,,,,,,,,,,,,,,,,,,,,,,,,,,,,,,,,,,,,,,
Tata Nifty India Tourism Index Reg,solution-oriented,Equity: Thematic (Broad),Regular,-12.91,,,BSE 500 TRI,1.84,,,,,,,,,,,,15,https://www.valueresearchonline.com/funds/44424/,,,,,,,,,,,,,,,,,,,,,,,,,,
",INF277KA1BZ3,152746,1,1,1,3,1,1,1,3,1,1,1,1,4,1,1,2,0,0,0,0,0,12,High Risk,Poor",,,,,,,,,,,,,,,,,,,,,,,,,,,,,,,,,,,,,,,,,,,,,,,
Tata Nifty Realty Index Reg,solution-oriented,Equity: Thematic (Broad),Regular,-19.3,,,BSE 500 TRI,1.84,,,,,,,,,,,,10,https://www.valueresearchonline.com/funds/44259/,,,,,,,,,,,,,,,,,,,,,,,,,,
",INF277KA1AL5,152573,1,1,1,3,1,1,1,3,1,1,1,1,4,1,1.5,2.5,0,0,0,0,0,12.5,High Risk,Poor",,,,,,,,,,,,,,,,,,,,,,,,,,,,,,,,,,,,,,,,,,,,,,,
Taurus Ethical Reg,solution-oriented,Equity: Thematic (Broad),Regular,-0.51,12.72,10.03,BSE 500 TRI,1.84,13.36,12.53,-1.11,1,0.72,13.8,15.99,,,,,25,https://www.valueresearchonline.com/funds/10244/,,,,,,,,,,,,,,,,,,,,,,,,,,
",INF044D01864,111787,1,2,2,5,2,3,1,6,1.5,1.5,1.5,1.5,6,2,1.5,3.5,0,0,0,0,0,20.5,Moderate Risk,Average",,,,,,,,,,,,,,,,,,,,,,,,,,,,,,,,,,,,,,,,,,,,,,,
The Wealth Company Ethical Reg,solution-oriented,Equity: Thematic (Broad),Regular,,,,BSE 500 TRI,,,,,,,,,,,,,25,https://www.valueresearchonline.com/funds/45523/,,,,,,,,,,,,,,,,,,,,,,,,,,
",INF2F0001248,153897,1,1,1,3,1,1,1,3,1,1.5,2,1,5.5,1.5,1.5,3,0,0,0,0,0,14.5,Moderately High Risk,Average",,,,,,,,,,,,,,,,,,,,,,,,,,,,,,,,,,,,,,,,,,,,,,,
Union Active Momentum Reg,solution-oriented,Equity: Thematic (Broad),Regular,10.28,,,BSE 500 TRI,1.84,,,,,,,,,,,,25,https://www.valueresearchonline.com/funds/44782/,,,,,,,,,,,,,,,,,,,,,,,,,,
",INF582M01KC8,153111,1,1,1,3,1,1,1,3,1,1.5,2,1,5.5,2,2,4,0,0,0,0,0,15.5,Moderately High Risk,Average",,,,,,,,,,,,,,,,,,,,,,,,,,,,,,,,,,,,,,,,,,,,,,,
UTI BSE Housing Index Reg,solution-oriented,Equity: Thematic (Broad),Regular,-4.42,10.61,,BSE 500 TRI,1.84,13.36,,,,,,,,,,,25,https://www.valueresearchonline.com/funds/43520/,,,,,,,,,,,,,,,,,,,,,,,,,,
",INF789F1AYS9,151763,1,1,1,3,1,1,1,3,1,1,1,1,4,1,1,2,0,0,0,0,0,12,High Risk,Poor",,,,,,,,,,,,,,,,,,,,,,,,,,,,,,,,,,,,,,,,,,,,,,,
WhiteOak Capital Quality Equity Reg,solution-oriented,Equity: Thematic (Broad),Regular,-4.44,,,BSE 500 TRI,1.84,,,,,,,,,,,,25,https://www.valueresearchonline.com/funds/44852/,,,,,,,,,,,,,,,,,,,,,,,,,,
",INF03VN01985,153190,1,1,1,3,1,1,1,3,1.5,1.5,1.5,1,5.5,1,1,2,0,0,0,0,0,13.5,Moderately High Risk,Average",,,,,,,,,,,,,,,,,,,,,,,,,,,,,,,,,,,,,,,,,,,,,,,
WhiteOak Capital Special Opportunities Reg,solution-oriented,Equity: Thematic (Broad),Regular,8.42,,,BSE 500 TRI,1.84,,,,,,,,,,,,25,https://www.valueresearchonline.com/funds/44332/,,,,,,,,,,,,,,,,,,,,,,,,,,
",INF03VN01894,152643,1,1,1,3,1,1,1,3,1.5,1.5,1.5,1,5.5,1.5,1.5,3,0,0,0,0,0,14.5,Moderately High Risk,Average",,,,,,,,,,,,,,,,,,,,,,,,,,,,,,,,,,,,,,,,,,,,,,,
ABSL Consumption Reg,solution-oriented,Equity: Thematic (Infra),Regular,-4.21,9.49,11.08,BSE 500 TRI,1.84,13.36,12.53,-2.03,0.78,0.68,13.24,15.05,,,,,25,https://www.valueresearchonline.com/funds/2787/,,,,,,,,,,,,,,,,,,,,,,,,,,
",INF209K01LV0,108273,1,2,2,5,2,3,1,6,1.5,1.5,1.5,1,5.5,1,1,2,0,0,0,0,0,18.5,Moderately High Risk,Average",,,,,,,,,,,,,,,,,,,,,,,,,,,,,,,,,,,,,,,,,,,,,,,
Axis Consumption Reg,solution-oriented,Equity: Thematic (Infra),Regular,-1.2,,,BSE 500 TRI,1.84,,,,,,,,,,,,25,https://www.valueresearchonline.com/funds/44464/,,,,,,,,,,,,,,,,,,,,,,,,,,
",INF846K010X6,152804,1,1,1,3,1,1,1,3,1.5,1,1,1,4.5,1,1,2,0,0,0,0,0,12.5,High Risk,Poor",,,,,,,,,,,,,,,,,,,,,,,,,,,,,,,,,,,,,,,,,,,,,,,
Axis NIFTY India Consumption ETF,solution-oriented,Equity: Thematic (Infra),Regular,1.85,12.51,,BSE 500 TRI,1.84,13.36,,0.02,0.82,0.81,14.29,17.7,,,,,25,https://www.valueresearchonline.com/funds/41685/,,,,,,,,,,,,,,,,,,,,,,,,,,
",INF846K016C7,149156,2,2,2,6,2,3,1,6,1,1,1,1,4,1,1,2,0,0,0,0,0,18,Moderately High Risk,Average",,,,,,,,,,,,,,,,,,,,,,,,,,,,,,,,,,,,,,,,,,,,,,,
Bajaj Finserv Consumption Reg,solution-oriented,Equity: Thematic (Infra),Regular,-5.33,,,BSE 500 TRI,1.84,,,,,,,,,,,,25,https://www.valueresearchonline.com/funds/44687/,,,,,,,,,,,,,,,,,,,,,,,,,,
",INF0QA701979,153072,1,1,1,3,1,1,1,3,1.5,1.5,1.5,1,5.5,1,1,2,0,0,0,0,0,13.5,Moderately High Risk,Average",,,,,,,,,,,,,,,,,,,,,,,,,,,,,,,,,,,,,,,,,,,,,,,
Bank of India Consumption Reg,solution-oriented,Equity: Thematic (Infra),Regular,1.72,,,BSE 500 TRI,1.84,,,,,,,,,,,,25,https://www.valueresearchonline.com/funds/44806/,,,,,,,,,,,,,,,,,,,,,,,,,,
",INF761K01GL1,153140,1,1,1,3,1,1,1,3,1,1,1,1,4,1.5,1,2.5,0,0,0,0,0,12.5,High Risk,Poor",,,,,,,,,,,,,,,,,,,,,,,,,,,,,,,,,,,,,,,,,,,,,,,
Baroda BNP Paribas India Consumption Reg,solution-oriented,Equity: Thematic (Infra),Regular,-3.04,9.83,11.2,BSE 500 TRI,1.84,13.36,12.53,-1.72,0.8,0.7,13.65,15.72,,,,,25,https://www.valueresearchonline.com/funds/37337/,,,,,,,,,,,,,,,,,,,,,,,,,,
",INF251K01PQ3,150268,1,2,2,5,2,3,1,6,1,1,1,1,4,1,1,2,0,0,0,0,0,17,Moderately High Risk,Average",,,,,,,,,,,,,,,,,,,,,,,,,,,,,,,,,,,,,,,,,,,,,,,
Canara Robeco Consumer Trends Reg,solution-oriented,Equity: Thematic (Infra),Regular,-3.24,10.63,12.06,BSE 500 TRI,1.84,13.36,12.53,-1,0.76,0.75,13.02,15.89,,,,,25,https://www.valueresearchonline.com/funds/10590/,,,,,,,,,,,,,,,,,,,,,,,,,,
",INF760K01241,112152,1,2,2,5,2,3,1,6,1,1.5,1.5,1,5,1.5,1.5,3,0,0,0,0,0,19,Moderately High Risk,Average",,,,,,,,,,,,,,,,,,,,,,,,,,,,,,,,,,,,,,,,,,,,,,,
Edelweiss Consumption Reg,solution-oriented,Equity: Thematic (Infra),Regular,0.4,,,BSE 500 TRI,1.84,,,,,,,,,,,,25,https://www.valueresearchonline.com/funds/44880/,,,,,,,,,,,,,,,,,,,,,,,,,,
",INF754K01UC6,153255,1,1,1,3,1,1,1,3,1.5,1.5,1.5,1,5.5,1,1,2,0,0,0,0,0,13.5,Moderately High Risk,Average",,,,,,,,,,,,,,,,,,,,,,,,,,,,,,,,,,,,,,,,,,,,,,,
Groww Nifty Non-Cyclical Consumer Index Reg,solution-oriented,Equity: Thematic (Infra),Regular,-3.8,,,BSE 500 TRI,1.84,,,,,,,,,,,,25,https://www.valueresearchonline.com/funds/44323/,,,,,,,,,,,,,,,,,,,,,,,,,,
",INF666M01IB5,152633,1,1,1,3,1,1,1,3,1,1,1,1,4,1,1,2,0,0,0,0,0,12,High Risk,Poor",,,,,,,,,,,,,,,,,,,,,,,,,,,,,,,,,,,,,,,,,,,,,,,
HDFC Consumption Reg,solution-oriented,Equity: Thematic (Infra),Regular,-2.22,,,BSE 500 TRI,1.84,,,,,,,,,,,,25,https://www.valueresearchonline.com/funds/43557/,,,,,,,,,,,,,,,,,,,,,,,,,,
",INF179KC1GR6,151803,1,1,1,3,1,1,1,3,1,1,1,1,4,1,1,2,0,0,0,0,0,12,High Risk,Poor",,,,,,,,,,,,,,,,,,,,,,,,,,,,,,,,,,,,,,,,,,,,,,,
HDFC Nifty India Consumption Index Reg,solution-oriented,Equity: Thematic (Infra),Regular,,,,BSE 500 TRI,,,,,,,,,,,,,25,https://www.valueresearchonline.com/funds/45799/,,,,,,,,,,,,,,,,,,,,,,,,,,
",INF179KC1JZ3,154180,1,1,1,3,1,1,1,3,1,1,1,1,4,1,1,2,0,0,0,0,0,12,High Risk,Poor",,,,,,,,,,,,,,,,,,,,,,,,,,,,,,,,,,,,,,,,,,,,,,,
HSBC Consumption Reg,solution-oriented,Equity: Thematic (Infra),Regular,1.13,,,BSE 500 TRI,1.84,,,,,,,,,,,,25,https://www.valueresearchonline.com/funds/43708/,,,,,,,,,,,,,,,,,,,,,,,,,,
",INF336L01RC6,152027,1,1,1,3,1,1,1,3,1.5,1.5,1.5,1,5.5,1,1,2,0,0,0,0,0,13.5,Moderately High Risk,Average",,,,,,,,,,,,,,,,,,,,,,,,,,,,,,,,,,,,,,,,,,,,,,,
ICICI Pru Bharat Consumption,solution-oriented,Equity: Thematic (Infra),Regular,-0.69,12.08,13.85,BSE 500 TRI,1.84,13.36,12.53,-0.74,0.74,0.75,12.8,15.75,,,,,25,https://www.valueresearchonline.com/funds/39670/,,,,,,,,,,,,,,,,,,,,,,,,,,
",INF109KC1YA0,146950,1,2,2,5,2,3,2,7,1.5,1,1.5,1,5,1.5,1,2.5,0,0,0,0,0,19.5,Moderately High Risk,Average",,,,,,,,,,,,,,,,,,,,,,,,,,,,,,,,,,,,,,,,,,,,,,,
Invesco India Consumption Reg,solution-oriented,Equity: Thematic (Infra),Regular,,,,BSE 500 TRI,,,,,,,,,,,,,25,https://www.valueresearchonline.com/funds/45527/,,,,,,,,,,,,,,,,,,,,,,,,,,
",INF205KA1BF2,153902,1,1,1,3,1,1,1,3,1,1.5,1.5,1,5,1,1,2,0,0,0,0,0,13,Moderately High Risk,Average",,,,,,,,,,,,,,,,,,,,,,,,,,,,,,,,,,,,,,,,,,,,,,,
ITI Bharat Consumption Reg,solution-oriented,Equity: Thematic (Infra),Regular,2.34,,,BSE 500 TRI,1.84,,,,,,,,,,,,25,https://www.valueresearchonline.com/funds/44920/,,,,,,,,,,,,,,,,,,,,,,,,,,
",INF00XX01DD8,153263,1,1,1,3,1,1,1,3,1.5,1.5,1.5,1,5.5,1.5,1,2.5,0,0,0,0,0,14,Moderately High Risk,Average",,,,,,,,,,,,,,,,,,,,,,,,,,,,,,,,,,,,,,,,,,,,,,,
Kotak Consumption Reg,solution-oriented,Equity: Thematic (Infra),Regular,3.36,,,BSE 500 TRI,1.84,,,,,,,,,,,,25,https://www.valueresearchonline.com/funds/43858/,,,,,,,,,,,,,,,,,,,,,,,,,,
",INF174KA1PM5,152170,1,1,1,3,1,1,1,3,1,1,1,1,4,1,1,2,0,0,0,0,0,12,High Risk,Poor",,,,,,,,,,,,,,,,,,,,,,,,,,,,,,,,,,,,,,,,,,,,,,,
Kotak NIFTY India Consumption ETF,solution-oriented,Equity: Thematic (Infra),Regular,2.1,12.82,,BSE 500 TRI,1.84,13.36,,0.27,0.82,0.83,14.3,17.96,,,,,25,https://www.valueresearchonline.com/funds/42398/,,,,,,,,,,,,,,,,,,,,,,,,,,
",INF174KA1ZF8,150492,2,2,2,6,2,3,1,6,1,1,1,1,4,1,1,2,0,0,0,0,0,18,Moderately High Risk,Average",,,,,,,,,,,,,,,,,,,,,,,,,,,,,,,,,,,,,,,,,,,,,,,
LIC MF Consumption Reg,solution-oriented,Equity: Thematic (Infra),Regular,,,,BSE 500 TRI,,,,,,,,,,,,,25,https://www.valueresearchonline.com/funds/45566/,,,,,,,,,,,,,,,,,,,,,,,,,,
",INF767K01SA6,153950,1,1,1,3,1,1,1,3,1.5,2,2,1,6.5,1.5,1,2.5,0,0,0,0,0,15,Moderately High Risk,Average",,,,,,,,,,,,,,,,,,,,,,,,,,,,,,,,,,,,,,,,,,,,,,,
Mahindra Manulife Consumption Reg,solution-oriented,Equity: Thematic (Infra),Regular,-1.49,9.73,10.89,BSE 500 TRI,1.84,13.36,12.53,-2.52,0.82,0.66,13.74,15.2,,,,,25,https://www.valueresearchonline.com/funds/37845/,,,,,,,,,,,,,,,,,,,,,,,,,,
",INF174V01630,145355,1,2,2,5,2,3,1,6,1,1.5,1.5,1,5,1,1,2,0,0,0,0,0,18,Moderately High Risk,Average",,,,,,,,,,,,,,,,,,,,,,,,,,,,,,,,,,,,,,,,,,,,,,,
Mirae Asset Great Consumer Reg,solution-oriented,Equity: Thematic (Infra),Regular,0.28,10.87,13.2,BSE 500 TRI,1.84,13.36,12.53,-2.3,0.89,0.69,15.03,16.41,,,,,25,https://www.valueresearchonline.com/funds/12342/,,,,,,,,,,,,,,,,,,,,,,,,,,
",INF769K01135,114931,1,2,2,5,1,3,1,5,1,1,1,1,4,1,1,2,0,0,0,0,0,16,Moderately High Risk,Average",,,,,,,,,,,,,,,,,,,,,,,,,,,,,,,,,,,,,,,,,,,,,,,
Mirae Asset Nifty India New Age Consumption ETF FoF Reg,solution-oriented,Equity: Thematic (Infra),Regular,-1,,,BSE 500 TRI,1.84,,,,,,,,,,,,1,https://www.valueresearchonline.com/funds/44833/,,,,,,,,,,,,,,,,,,,,,,,,,,
",INF769K01NM8,153194,1,1,1,3,1,1,1,3,1,1,1,1,4,1,1,2,0,0,0,0,0,12,High Risk,Poor",,,,,,,,,,,,,,,,,,,,,,,,,,,,,,,,,,,,,,,,,,,,,,,
Motilal Oswal Consumption Reg,solution-oriented,Equity: Thematic (Infra),Regular,,,,BSE 500 TRI,,,,,,,,,,,,,25,https://www.valueresearchonline.com/funds/45541/,,,,,,,,,,,,,,,,,,,,,,,,,,
",INF247L01GD6,153916,1,1,1,3,1,1,1,3,1,1,1.5,1,4.5,1,1,2,0,0,0,0,0,12.5,High Risk,Poor",,,,,,,,,,,,,,,,,,,,,,,,,,,,,,,,,,,,,,,,,,,,,,,
Motilal Oswal Nifty MidSmall India Consumption Index Reg,solution-oriented,Equity: Thematic (Infra),Regular,-5.97,,,BSE 500 TRI,1.84,,,,,,,,,,,,25,https://www.valueresearchonline.com/funds/44679/,,,,,,,,,,,,,,,,,,,,,,,,,,
",INF247L01DV5,153024,1,1,1,3,1,1,1,3,1,1,1,1,4,1,1,2,0,0,0,0,0,12,High Risk,Poor",,,,,,,,,,,,,,,,,,,,,,,,,,,,,,,,,,,,,,,,,,,,,,,
Nippon India Consumption Reg,solution-oriented,Equity: Thematic (Infra),Regular,-4.62,10.4,13.53,BSE 500 TRI,1.84,13.36,12.53,-2.44,0.8,0.63,13.9,14.91,,,,,25,https://www.valueresearchonline.com/funds/2474/,,,,,,,,,,,,,,,,,,,,,,,,,,
",INF204KC1BM7,152036,1,2,2,5,2,3,1,6,1,1,1,1,4,1,1,2,0,0,0,0,0,17,Moderately High Risk,Average",,,,,,,,,,,,,,,,,,,,,,,,,,,,,,,,,,,,,,,,,,,,,,,
Nippon India ETF Nifty India Consumption,solution-oriented,Equity: Thematic (Infra),Regular,1.91,12.59,13.57,BSE 500 TRI,1.84,13.36,12.53,0.07,0.82,0.82,14.29,17.75,,,,,25,https://www.valueresearchonline.com/funds/25700/,,,,,,,,,,,,,,,,,,,,,,,,,,
",INF204KA1LD7,128331,2,2,2,6,2,3,1,6,1,1,1,1,4,1,1,2,0,0,0,0,0,18,Moderately High Risk,Average",,,,,,,,,,,,,,,,,,,,,,,,,,,,,,,,,,,,,,,,,,,,,,,
Quant Consumption Reg,solution-oriented,Equity: Thematic (Infra),Regular,-1.43,,,BSE 500 TRI,1.84,,,,,,,,,,,,12,https://www.valueresearchonline.com/funds/44051/,,,,,,,,,,,,,,,,,,,,,,,,,,
",INF966L01DI7,152338,1,1,1,3,1,1,1,3,1,1,1,1,4,1,1.5,2.5,0,0,0,0,0,12.5,High Risk,Poor",,,,,,,,,,,,,,,,,,,,,,,,,,,,,,,,,,,,,,,,,,,,,,,
SBI Consumption Opportunities Reg,solution-oriented,Equity: Thematic (Infra),Regular,-6.33,7.72,13.22,BSE 500 TRI,1.84,13.36,12.53,-4.46,0.83,0.51,14.38,13.44,,,,,25,https://www.valueresearchonline.com/funds/630/,,,,,,,,,,,,,,,,,,,,,,,,,,
",INF200K01VR6,120576,1,2,2,5,2,3,1,6,1,1.5,1.5,1,5,1,1,2,0,0,0,0,0,18,Moderately High Risk,Average",,,,,,,,,,,,,,,,,,,,,,,,,,,,,,,,,,,,,,,,,,,,,,,
SBI Nifty India Consmpn Index Reg,solution-oriented,Equity: Thematic (Infra),Regular,1.33,,,BSE 500 TRI,1.84,,,,,,,,,,,,25,https://www.valueresearchonline.com/funds/44670/,,,,,,,,,,,,,,,,,,,,,,,,,,
",INF200KB1415,153012,1,1,1,3,1,1,1,3,1,1,1,1,4,1,1,2,0,0,0,0,0,12,High Risk,Poor",,,,,,,,,,,,,,,,,,,,,,,,,,,,,,,,,,,,,,,,,,,,,,,
Sundaram Consumption Reg,solution-oriented,Equity: Thematic (Infra),Regular,-5.96,9.92,11.07,BSE 500 TRI,1.84,13.36,12.53,-2.37,0.81,0.64,14.04,15.14,,,,,25,https://www.valueresearchonline.com/funds/3268/,,,,,,,,,,,,,,,,,,,,,,,,,,
",INF903J01561,102142,1,2,2,5,2,3,1,6,1,1,1,1,4,1,1,2,0,0,0,0,0,17,Moderately High Risk,Average",,,,,,,,,,,,,,,,,,,,,,,,,,,,,,,,,,,,,,,,,,,,,,,
Tata BSE Multicap Consmpn 50:30:20 Index Reg,solution-oriented,Equity: Thematic (Infra),Regular,,,,BSE 500 TRI,,,,,,,,,,,,,25,https://www.valueresearchonline.com/funds/45703/,,,,,,,,,,,,,,,,,,,,,,,,,,
",INF277KA1EM5,154064,1,1,1,3,1,1,1,3,2,1.5,1.5,1,6,1.5,1,2.5,0,0,0,0,0,14.5,Moderately High Risk,Average",,,,,,,,,,,,,,,,,,,,,,,,,,,,,,,,,,,,,,,,,,,,,,,
Tata India Consumer Reg,solution-oriented,Equity: Thematic (Infra),Regular,5.68,13.94,14.03,BSE 500 TRI,1.84,13.36,12.53,-0.56,0.81,0.76,14.35,17.01,,,,,25,https://www.valueresearchonline.com/funds/31358/,,,,,,,,,,,,,,,,,,,,,,,,,,
",INF277K010A2,135804,1,2,2,5,2,3,1,6,1,1,1,1,4,1,1,2,0,0,0,0,0,17,Moderately High Risk,Average",,,,,,,,,,,,,,,,,,,,,,,,,,,,,,,,,,,,,,,,,,,,,,,
Union Consumption Reg,solution-oriented,Equity: Thematic (Infra),Regular,,,,BSE 500 TRI,,,,,,,,,,,,,25,https://www.valueresearchonline.com/funds/45667/,,,,,,,,,,,,,,,,,,,,,,,,,,
",INF582M01MD2,154022,1,1,1,3,1,1,1,3,1,1.5,1.5,1,5,1,1,2,0,0,0,0,0,13,Moderately High Risk,Average",,,,,,,,,,,,,,,,,,,,,,,,,,,,,,,,,,,,,,,,,,,,,,,
UTI India Consumer Reg,solution-oriented,Equity: Thematic (Infra),Regular,-0.17,10.17,10.3,BSE 500 TRI,1.84,13.36,12.53,-2.83,0.84,0.63,14.21,15.12,,,,,25,https://www.valueresearchonline.com/funds/5437/,,,,,,,,,,,,,,,,,,,,,,,,,,
",INF789F01CE6,106425,1,2,2,5,2,3,1,6,1,1,1,1,4,1,1,2,0,0,0,0,0,17,Moderately High Risk,Average",,,,,,,,,,,,,,,,,,,,,,,,,,,,,,,,,,,,,,,,,,,,,,,
WhiteOak Capital Consumption Opportunities Reg,solution-oriented,Equity: Thematic (Infra),Regular,,,,BSE 500 TRI,,,,,,,,,,,,,25,https://www.valueresearchonline.com/funds/45779/,,,,,,,,,,,,,,,,,,,,,,,,,,
",INF03VN01AE1,154162,1,1,1,3,1,1,1,3,1,1,1,1,4,1,1,2,0,0,0,0,0,12,High Risk,Poor",,,,,,,,,,,,,,,,,,,,,,,,,,,,,,,,,,,,,,,,,,,,,,,
ABSL ESG Integration Strategy Reg,solution-oriented,Equity: Thematic (ESG),Regular,-0.17,11.72,9.33,BSE 100 TRI,0.05,11.38,11.41,0.05,0.98,0.76,12.46,15.57,,,,,25,https://www.valueresearchonline.com/funds/41219/,,,,,,,,,,,,,,,,,,,,,,,,,,
",INF209KB1U43,148635,2,2,2,6,2,3,1,6,1.5,1.5,1.5,1,5.5,1.5,1.5,3,0,0,0,0,0,20.5,Moderate Risk,Average",,,,,,,,,,,,,,,,,,,,,,,,,,,,,,,,,,,,,,,,,,,,,,,
Axis ESG Integration Strategy Reg,solution-oriented,Equity: Thematic (ESG),Regular,-1.09,9.16,7.28,BSE 100 TRI,0.05,11.38,11.41,-2.77,0.93,0.53,11.72,12.27,,,,,25,https://www.valueresearchonline.com/funds/40534/,,,,,,,,,,,,,,,,,,,,,,,,,,
",INF846K01W56,147929,1,2,2,5,2,3,1,6,1,1,1.5,1,4.5,2,2,4,0,0,0,0,0,19.5,Moderately High Risk,Average",,,,,,,,,,,,,,,,,,,,,,,,,,,,,,,,,,,,,,,,,,,,,,,
Baroda BNP Paribas ESG Best-in-class strategy Reg,solution-oriented,Equity: Thematic (ESG),Regular,,,,BSE 100 TRI,,,,,,,,,,,,,25,https://www.valueresearchonline.com/funds/45835/,,,,,,,,,,,,,,,,,,,,,,,,,,
",INF251K01VM0,154194,1,1,1,3,1,1,1,3,1,1,1,1,4,1,1,2,0,0,0,0,0,12,High Risk,Poor",,,,,,,,,,,,,,,,,,,,,,,,,,,,,,,,,,,,,,,,,,,,,,,
ICICI Pru ESG Exclusionary Strategy,solution-oriented,Equity: Thematic (ESG),Regular,-5.17,13.82,10.66,BSE 100 TRI,0.05,11.38,11.41,2.07,0.96,0.92,12.33,17.41,,,,,25,https://www.valueresearchonline.com/funds/41125/,,,,,,,,,,,,,,,,,,,,,,,,,,
",INF109K01902,102330,3,2,2,7,2,3,1,6,1.5,1,1,1,4.5,1.5,1.5,3,0,0,0,0,0,20.5,Moderate Risk,Average",,,,,,,,,,,,,,,,,,,,,,,,,,,,,,,,,,,,,,,,,,,,,,,
Invesco India ESG Integration Strategy Reg,solution-oriented,Equity: Thematic (ESG),Regular,-6.86,9.54,8.46,BSE 100 TRI,0.05,11.38,11.41,-3.27,0.98,0.48,12.77,12.29,,,,,25,https://www.valueresearchonline.com/funds/41337/,,,,,,,,,,,,,,,,,,,,,,,,,,
",INF205KA1304,148753,1,1,2,4,2,3,1,6,1,1,1.5,1,4.5,1.5,1.5,3,0,0,0,0,0,17.5,Moderately High Risk,Average",,,,,,,,,,,,,,,,,,,,,,,,,,,,,,,,,,,,,,,,,,,,,,,
Kotak ESG Exclusionary Strategy Reg,solution-oriented,Equity: Thematic (ESG),Regular,-1.44,10.3,8.07,BSE 100 TRI,0.05,11.38,11.41,-0.24,0.92,0.77,11.21,14.7,,,,,25,https://www.valueresearchonline.com/funds/41200/,,,,,,,,,,,,,,,,,,,,,,,,,,
",INF174KA1FF0,148602,1,2,2,5,2,3,1,6,1,1,1.5,1,4.5,2,1.5,3.5,0,0,0,0,0,19,Moderately High Risk,Average",,,,,,,,,,,,,,,,,,,,,,,,,,,,,,,,,,,,,,,,,,,,,,,
Mirae Asset Nifty 100 ESG Sector Leaders FoF Reg,solution-oriented,Equity: Thematic (ESG),Regular,-2.07,10,8.48,BSE 100 TRI,0.05,11.38,11.41,-1.49,0.95,0.67,11.43,13.79,,,,,1,https://www.valueresearchonline.com/funds/41158/,,,,,,,,,,,,,,,,,,,,,,,,,,
",INF769K01GN0,148576,1,2,2,5,2,3,1,6,1,1,1,1,4,1,1,2,0,0,0,0,0,17,Moderately High Risk,Average",,,,,,,,,,,,,,,,,,,,,,,,,,,,,,,,,,,,,,,,,,,,,,,
Quant ESG Integration Strategy Reg,solution-oriented,Equity: Thematic (ESG),Regular,15.79,19.62,19.8,BSE 100 TRI,0.05,11.38,11.41,-0.57,1.18,0.66,16.3,16.84,,,,,12,https://www.valueresearchonline.com/funds/41163/,,,,,,,,,,,,,,,,,,,,,,,,,,
",INF966L01AB8,148560,1,2,2,5,1,3,1,5,1,1,1,1,4,1,1.5,2.5,0,0,0,0,0,16.5,Moderately High Risk,Average",,,,,,,,,,,,,,,,,,,,,,,,,,,,,,,,,,,,,,,,,,,,,,,
Quantum ESG Best In Class Strategy Reg,solution-oriented,Equity: Thematic (ESG),Regular,-4.56,8.63,8.02,BSE 100 TRI,0.05,11.38,11.41,-2.62,0.98,0.55,12.25,12.88,,,,,25,https://www.valueresearchonline.com/funds/40009/,,,,,,,,,,,,,,,,,,,,,,,,,,
",INF082J01390,147371,1,2,2,5,2,3,1,6,1.5,1.5,1.5,1,5.5,1,1.5,2.5,0,0,0,0,0,19,Moderately High Risk,Average",,,,,,,,,,,,,,,,,,,,,,,,,,,,,,,,,,,,,,,,,,,,,,,
SBI ESG Exclusionary Strategy Reg,solution-oriented,Equity: Thematic (ESG),Regular,-0.22,10.64,10.24,BSE 100 TRI,0.05,11.38,11.41,-0.47,0.92,0.74,11.34,14.53,,,,,25,https://www.valueresearchonline.com/funds/190/,,,,,,,,,,,,,,,,,,,,,,,,,,
",INF200K01214,104523,1,2,2,5,2,3,1,6,1,1,1,1,4,1.5,1.5,3,0,0,0,0,0,18,Moderately High Risk,Average",,,,,,,,,,,,,,,,,,,,,,,,,,,,,,,,,,,,,,,,,,,,,,,
WhiteOak Capital ESG Best-In-Class Strategy Reg,solution-oriented,Equity: Thematic (ESG),Regular,-4.92,,,BSE 100 TRI,0.05,,,,,,,,,,,,25,https://www.valueresearchonline.com/funds/44644/,,,,,,,,,,,,,,,,,,,,,,,,,,
",INF03VN01969,152963,1,1,1,3,1,1,1,3,1.5,1.5,1,1,5,1.5,1.5,3,0,0,0,0,0,14,Moderately High Risk,Average",,,,,,,,,,,,,,,,,,,,,,,,,,,,,,,,,,,,,,,,,,,,,,,
ABSL CRISIL 10 Year Gilt ETF,solution-oriented,Debt: Others (Structured/Credit),Regular,1.95,,,Debt: Gilt with 10 year Constant Duration,2.29,,,,,,,,6.78,7.09,GOI/Cash,9.61,0,https://www.valueresearchonline.com/funds/44486/,,,,,,,,,,,,,,,,,,,,,,,,,,
",INF209KC1142,152802,1,1,1,3,1,1,1,3,1,1,1,1,4,1,1,2,0.5,0,0,1,1.5,13.5,Moderately High Risk,Average",,,,,,,,,,,,,,,,,,,,,,,,,,,,,,,,,,,,,,,,,,,,,,,
Bandhan Gilt Fund with 10 year Constant Duration Reg,solution-oriented,Debt: Others (Structured/Credit),Regular,4.04,7.37,5.87,Debt: Gilt with 10 year Constant Duration,2.29,6.7,5.41,,,0.81,2.67,8.26,6.87,6.8,GOI/Cash,9.37,0,https://www.valueresearchonline.com/funds/1243/,,,,,,,,,,,,,,,,,,,,,,,,,,
",INF194K01FA0,108753,1,2,2,5,4,2,1,7,1,1,1,1,4,1,1,2,0.5,0,0,1,1.5,19.5,Moderately High Risk,Average",,,,,,,,,,,,,,,,,,,,,,,,,,,,,,,,,,,,,,,,,,,,,,,
DSP 10Y G-Sec Reg,solution-oriented,Debt: Others (Structured/Credit),Regular,1.39,6.19,4.57,Debt: Gilt with 10 year Constant Duration,2.29,6.7,5.41,,,0.56,2.45,7.47,6.79,7.08,GOI/Cash,9.57,0,https://www.valueresearchonline.com/funds/28171/,,,,,,,,,,,,,,,,,,,,,,,,,,
",INF740K012I0,131297,1,2,2,5,4,1,1,6,1,1,1,1,4,1,1,2,0.5,0,0,1,1.5,18.5,Moderately High Risk,Average",,,,,,,,,,,,,,,,,,,,,,,,,,,,,,,,,,,,,,,,,,,,,,,
ICICI Pru Constant Maturity Gilt,solution-oriented,Debt: Others (Structured/Credit),Regular,3.41,7.13,5.97,Debt: Gilt with 10 year Constant Duration,2.29,6.7,5.41,,,0.79,2.53,8.1,6.94,7.13,GOI/Cash,10,0,https://www.valueresearchonline.com/funds/27952/,,,,,,,,,,,,,,,,,,,,,,,,,,
",INF109KA1N46,131051,1,2,2,5,4,2,1,7,1,1,1,1,4,1,1,2,0.5,0,0,1,1.5,19.5,Moderately High Risk,Average",,,,,,,,,,,,,,,,,,,,,,,,,,,,,,,,,,,,,,,,,,,,,,,
SBI Constant Maturity 10-Year Gilt Reg,solution-oriented,Debt: Others (Structured/Credit),Regular,2.75,6.64,5.71,Debt: Gilt with 10 year Constant Duration,2.29,6.7,5.41,,,0.63,2.57,7.73,6.88,7.16,GOI/Cash,9.76,0,https://www.valueresearchonline.com/funds/899/,,,,,,,,,,,,,,,,,,,,,,,,,,
",INF200K01AN9,101002,1,2,2,5,4,1,1,6,1,1,1,1,4,1,1,2,0.5,0,0,1,1.5,18.5,Moderately High Risk,Average",,,,,,,,,,,,,,,,,,,,,,,,,,,,,,,,,,,,,,,,,,,,,,,
SBI Nifty 10Y Benchmark G-Sec ETF,solution-oriented,Debt: Others (Structured/Credit),Regular,1.6,6.57,4.93,Debt: Gilt with 10 year Constant Duration,2.29,6.7,5.41,,1,0.68,2.52,7.83,,,GOI/Cash,,0,https://www.valueresearchonline.com/funds/32486/,,,,,,,,,,,,,,,,,,,,,,,,,,
",INF200KA1JT1,139430,1,2,2,5,4,1,1,6,1,1,1,1,4,1,1,2,0,0,0,1,1,18,Moderately High Risk,Average",,,,,,,,,,,,,,,,,,,,,,,,,,,,,,,,,,,,,,,,,,,,,,,
UTI Gilt Fund with 10 year Constant Duration Reg,solution-oriented,Debt: Others (Structured/Credit),Regular,2.5,6.49,,Debt: Gilt with 10 year Constant Duration,2.29,6.7,,,,0.58,2.52,7.57,6.78,6.96,GOI/Cash,9.47,0,https://www.valueresearchonline.com/funds/42369/,,,,,,,,,,,,,,,,,,,,,,,,,,
",INF789F1AVI6,150409,1,2,2,5,4,1,1,6,1,1,1,1,4,1,1,2,0.5,0,0,1,1.5,18.5,Moderately High Risk,Average",,,,,,,,,,,,,,,,,,,,,,,,,,,,,,,,,,,,,,,,,,,,,,,