Sr. No.,Company name,ISIN,BSE Symbol, BSE 6 month Avg Total Market Cap in (Rs. Crs.) ,NSE Symbol, NSE 6 month Avg Total Market Cap (Rs. Crs.) ,MSEI Symbol, MSEI 6 month Avg Total Market Cap in (Rs Crs.) ,Average of All Exchanges (Rs. Cr.),"Categorization as per SEBI Circular dated Oct 6, 2017"
1,Reliance Industries Ltd,INE002A01018,RELIANCE,"  1,970,806.49 ",RELIANCE,"  1,970,787.69 ",-, - ,"  1,970,797.09 ",Large Cap
2,HDFC Bank Ltd.,INE040A01034,HDFCBANK,"  1,516,760.98 ",HDFCBANK,"  1,515,580.90 ",-, - ,"  1,516,170.94 ",Large Cap
3,Bharti Airtel  Ltd.,INE397D01024,BHARTIARTL,"  1,195,614.68 ",BHARTIARTL,"  1,195,675.69 ",-, - ,"  1,195,645.18 ",Large Cap
4,Tata Consultancy Services Ltd.,INE467B01029,TCS,"  1,129,582.00 ",TCS,"  1,129,555.15 ",-, - ,"  1,129,568.57 ",Large Cap
5,ICICI Bank Ltd.,INE090A01021,ICICIBANK,"  999,123.08 ",ICICIBANK,"  998,630.64 ",-, - ,"  998,876.86 ",Large Cap
6,State Bank Of India,INE062A01020,SBIN,"  809,938.33 ",SBIN,"  800,557.85 ",-, - ,"  805,248.09 ",Large Cap
7,Infosys Ltd,INE009A01021,INFY,"  635,239.14 ",INFY,"  635,103.55 ",-, - ,"  635,171.35 ",Large Cap
8,Bajaj Finance Limited,INE296A01032,BAJFINANCE,"  608,134.07 ",BAJFINANCE,"  607,992.94 ",-, - ,"  608,063.50 ",Large Cap
9,Life Insurance Corporation of India,INE0J1Y01017,LICI,"  565,211.08 ",LICI,"  565,259.02 ",-, - ,"  565,235.05 ",Large Cap
10,Hindustan Unilever Ltd.,INE030A01027,HINDUNILVR,"  538,817.41 ",HINDUNILVR,"  538,863.09 ",-, - ,"  538,840.25 ",Large Cap
11,Larsen & Toubro Limited,INE018A01030,LT,"  518,705.11 ",LT,"  518,763.28 ",-, - ,"  518,734.19 ",Large Cap
12,ITC Ltd,INE154A01025,ITC,"  511,810.19 ",ITC,"  511,626.19 ",-, - ,"  511,718.19 ",Large Cap
13,Maruti Suzuki India  Ltd.,INE585B01010,MARUTI,"  470,436.83 ",MARUTI,"  470,458.29 ",-, - ,"  470,447.56 ",Large Cap
14,Mahindra & Mahindra Ltd.,INE101A01026,M&M,"  431,855.41 ",M&M,"  431,885.95 ",-, - ,"  431,870.68 ",Large Cap
15,HCL Technologies Ltd,INE860A01027,HCLTECH,"  418,792.29 ",HCLTECH,"  418,769.14 ",-, - ,"  418,780.71 ",Large Cap
16,Kotak Mahindra Bank Ltd.,INE237A01028,KOTAKBANK,"  415,421.99 ",KOTAKBANK,"  415,412.27 ",-, - ,"  415,417.13 ",Large Cap
17,Sun Pharmaceutical Industries Ltd.,INE044A01036,SUNPHARMA,"  404,420.99 ",SUNPHARMA,"  404,406.96 ",-, - ,"  404,413.97 ",Large Cap
18,AXIS Bank Ltd.,INE238A01034,AXISBANK,"  363,130.14 ",AXISBANK,"  363,033.27 ",-, - ,"  363,081.70 ",Large Cap
19,UltraTech Cement Ltd,INE481G01011,ULTRACEMCO,"  358,018.85 ",ULTRACEMCO,"  358,045.48 ",-, - ,"  358,032.16 ",Large Cap
20,Bajaj Finserv Limited,INE918I01026,BAJAJFINSV,"  324,489.30 ",BAJAJFINSV,"  324,505.59 ",-, - ,"  324,497.45 ",Large Cap
21,Titan Company Limited,INE280A01028,TITAN,"  323,564.13 ",TITAN,"  323,613.06 ",-, - ,"  323,588.60 ",Large Cap
22,NTPC Limited,INE733E01010,NTPC,"  323,250.29 ",NTPC,"  323,233.75 ",-, - ,"  323,242.02 ",Large Cap
23,Hindustan Aeronautics Limited,INE066F01020,HAL,"  309,430.25 ",HAL,"  309,448.61 ",-, - ,"  309,439.43 ",Large Cap
24,Adani Ports and Special Economic Zone Ltd,INE742F01042,ADANIPORTS,"  308,622.99 ",ADANIPORTS,"  308,664.31 ",-, - ,"  308,643.65 ",Large Cap
25,Oil And Natural Gas Corporation Ltd,INE213A01029,ONGC,"  303,870.15 ",ONGC,"  303,876.34 ",-, - ,"  303,873.25 ",Large Cap
26,Eternal Limited,INE758T01015,ETERNAL,"  297,118.98 ",ETERNAL,"  297,138.51 ",-, - ,"  297,128.74 ",Large Cap
27,Bharat Electronics Ltd.,INE263A01024,BEL,"  293,001.17 ",BEL,"  293,011.61 ",-, - ,"  293,006.39 ",Large Cap
28,Adani Enterprises Ltd.,INE423A01024,ADANIENT,"  284,353.71 ",ADANIENT,"  279,044.81 ",-, - ,"  281,699.26 ",Large Cap
29,Avenue Supermarts Limited,INE192R01011,DMART,"  275,699.87 ",DMART,"  275,707.96 ",-, - ,"  275,703.92 ",Large Cap
30,JSW Steel Limited,INE019A01038,JSWSTEEL,"  270,427.03 ",JSWSTEEL,"  270,419.85 ",-, - ,"  270,423.44 ",Large Cap
31,Adani Power Limited,INE814H01029,ADANIPOWER,"  264,347.71 ",ADANIPOWER,"  264,360.10 ",-, - ,"  264,353.91 ",Large Cap
32,Wipro  Ltd.,INE075A01022,WIPRO,"  263,358.28 ",WIPRO,"  263,356.98 ",-, - ,"  263,357.63 ",Large Cap
33,POWER GRID CORPORATION OF INDIA LIMITED,INE752E01010,POWERGRID,"  262,670.09 ",POWERGRID,"  262,651.64 ",-, - ,"  262,660.86 ",Large Cap
34,Asian Paints Ltd.,INE021A01026,ASIANPAINT,"  246,424.12 ",ASIANPAINT,"  246,425.22 ",-, - ,"  246,424.67 ",Large Cap
35,Bajaj Auto Limited,INE917I01010,BAJAJ-AUTO,"  245,111.96 ",BAJAJ-AUTO,"  245,143.41 ",-, - ,"  245,127.69 ",Large Cap
36,Coal India Limited,INE522F01014,COALINDIA,"  237,343.05 ",COALINDIA,"  237,339.14 ",-, - ,"  237,341.10 ",Large Cap
37,Nestle India Ltd.,INE239A01024,NESTLEIND,"  233,639.46 ",NESTLEIND,"  233,662.03 ",-, - ,"  233,650.75 ",Large Cap
38,InterGlobe Aviation Limited,INE646L01027,INDIGO,"  219,754.62 ",INDIGO,"  219,787.15 ",-, - ,"  219,770.89 ",Large Cap
39,Indian Oil Corporation Ltd.,INE242A01010,IOC,"  216,854.59 ",IOC,"  216,884.51 ",-, - ,"  216,869.55 ",Large Cap
40,TATA STEEL LIMITED,INE081A01020,TATASTEEL,"  209,335.94 ",TATASTEEL,"  209,360.74 ",-, - ,"  209,348.34 ",Large Cap
41,Hindustan Zinc Ltd.,INE267A01025,HINDZINC,"  200,291.02 ",HINDZINC,"  200,313.15 ",-, - ,"  200,302.09 ",Large Cap
42,Jio Financial Services Limited,INE758E01017,JIOFIN,"  197,591.78 ",JIOFIN,"  197,608.17 ",-, - ,"  197,599.97 ",Large Cap
43,HYUNDAI MOTOR INDIA LIMITED,INE0V6F01027,HYUNDAI,"  190,810.38 ",HYUNDAI,"  190,815.28 ",-, - ,"  190,812.83 ",Large Cap
44,Grasim Industries Ltd,INE047A01021,GRASIM,"  190,057.04 ",GRASIM,"  190,074.68 ",-, - ,"  190,065.86 ",Large Cap
45,SBI Life Insurance Company Limited,INE123W01016,SBILIFE,"  189,233.49 ",SBILIFE,"  189,234.15 ",-, - ,"  189,233.82 ",Large Cap
46,Vedanta Limited,INE205A01025,VEDL,"  188,331.12 ",VEDL,"  188,351.60 ",-, - ,"  188,341.36 ",Large Cap
47,DLF LIMITED,INE271C01023,DLF,"  187,698.27 ",DLF,"  187,715.12 ",-, - ,"  187,706.70 ",Large Cap
48,Eicher Motors Ltd.,INE066A01021,EICHERMOT,"  179,560.40 ",EICHERMOT,"  179,584.54 ",-, - ,"  179,572.47 ",Large Cap
49,Trent Ltd [Lakme Ltd],INE849A01020,TRENT,"  173,112.36 ",TRENT,"  173,133.76 ",-, - ,"  173,123.06 ",Large Cap
50,Hindalco Industries Ltd.,INE038A01020,HINDALCO,"  170,768.88 ",HINDALCO,"  170,787.34 ",-, - ,"  170,778.11 ",Large Cap
51,Divi's Laboratories Ltd.,INE361B01024,DIVISLAB,"  169,468.93 ",DIVISLAB,"  169,472.19 ",-, - ,"  169,470.56 ",Large Cap
52,HDFC LIFE INSURANCE COMPANY LIMITED,INE795G01014,HDFCLIFE,"  164,675.65 ",HDFCLIFE,"  164,620.82 ",-, - ,"  164,648.24 ",Large Cap
53,LTIMindtree Limited,INE214T01019,LTIM,"  163,646.75 ",LTIM,"  163,636.65 ",-, - ,"  163,641.70 ",Large Cap
54,Indian Railway Finance Corporation,INE053F01010,IRFC,"  163,095.99 ",IRFC,"  163,104.08 ",-, - ,"  163,100.04 ",Large Cap
55,Adani Green Energy Limited,INE364U01010,ADANIGREEN,"  163,194.78 ",ADANIGREEN,"  162,844.92 ",-, - ,"  163,019.85 ",Large Cap
56,Varun Beverages Limited,INE200M01039,VBL,"  160,499.84 ",VBL,"  160,506.28 ",-, - ,"  160,503.06 ",Large Cap
57,TVS Motor Company Ltd.,INE494B01023,TVSMOTOR,"  158,852.14 ",TVSMOTOR,"  158,857.10 ",-, - ,"  158,854.62 ",Large Cap
58,Pidilite Industries Ltd.,INE318A01026,PIDILITIND,"  152,292.46 ",PIDILITIND,"  152,306.18 ",-, - ,"  152,299.32 ",Large Cap
59,Bharat Petroleum Corpn. Ltd.,INE029A01011,BPCL,"  148,424.54 ",BPCL,"  148,449.37 ",-, - ,"  148,436.95 ",Large Cap
60,Tech Mahindra Limited,INE669C01036,TECHM,"  147,723.94 ",TECHM,"  147,707.03 ",-, - ,"  147,715.49 ",Large Cap
61,Bajaj Holdings & Investment Limited,INE118A01012,BAJAJHLDNG,"  141,510.23 ",BAJAJHLDNG,"  141,544.23 ",-, - ,"  141,527.23 ",Large Cap
62,Britannia Industries Ltd.,INE216A01030,BRITANNIA,"  141,269.72 ",BRITANNIA,"  141,277.57 ",-, - ,"  141,273.65 ",Large Cap
63,Ambuja Cements Ltd.,INE079A01024,AMBUJACEM,"  140,891.14 ",AMBUJACEM,"  140,858.10 ",-, - ,"  140,874.62 ",Large Cap
64,Tata Capital Limited,INE976I01016,TATACAP,"  138,787.15 ",TATACAP,"  138,783.29 ",-, - ,"  138,785.22 ",Large Cap
65,TATA MOTORS PASSENGER VEHICLES LIMITED,INE155A01022,TMPV,"  138,377.24 ",TMPV,"  138,382.08 ",-, - ,"  138,379.66 ",Large Cap
66,Bank Of Baroda,INE028A01039,BANKBARODA,"  135,270.73 ",BANKBARODA,"  135,283.90 ",-, - ,"  135,277.31 ",Large Cap
67,Cholamandalam Investment and Finance Company Ltd,INE121A01024,CHOLAFIN,"  134,986.51 ",CHOLAFIN,"  134,895.46 ",-, - ,"  134,940.99 ",Large Cap
68,Shriram Finance Limited,INE721A01047,SHRIRAMFIN,"  134,243.22 ",SHRIRAMFIN,"  134,229.53 ",-, - ,"  134,236.38 ",Large Cap
69,Tata Motors Limited,INE1TAE01010,TMCV,"  133,977.94 ",TMCV,"  133,946.91 ",-, - ,"  133,962.43 ",Large Cap
70,Punjab National Bank,INE160A01022,PNB,"  130,928.80 ",PNB,"  130,939.29 ",-, - ,"  130,934.04 ",Large Cap
71,ICICI Prudential Asset Management Company Limited,INE346A01027,ICICIAMC,"  129,961.88 ",ICICIAMC,"  129,972.07 ",-, - ,"  129,966.98 ",Large Cap
72,Power Finance Corporation Ltd,INE134E01011,PFC,"  129,277.43 ",PFC,"  129,271.27 ",-, - ,"  129,274.35 ",Large Cap
73,Solar Industries India Limited,INE343H01029,SOLARINDS,"  127,236.78 ",SOLARINDS,"  127,241.23 ",-, - ,"  127,239.01 ",Large Cap
74,MUTHOOT FINANCE LIMITED,INE414G01012,MUTHOOTFIN,"  125,431.07 ",MUTHOOTFIN,"  125,444.22 ",-, - ,"  125,437.65 ",Large Cap
75,Tata Power Co. Ltd,INE245A01021,TATAPOWER,"  124,846.99 ",TATAPOWER,"  124,860.56 ",-, - ,"  124,853.77 ",Large Cap
76,Cipla Ltd.,INE059A01026,CIPLA,"  123,546.65 ",CIPLA,"  123,553.81 ",-, - ,"  123,550.23 ",Large Cap
77,Torrent Pharmaceuticals Ltd.,INE685A01028,TORNTPHARM,"  122,668.10 ",TORNTPHARM,"  122,688.08 ",-, - ,"  122,678.09 ",Large Cap
78,Godrej Consumer Products Ltd.,INE102D01028,GODREJCP,"  121,715.49 ",GODREJCP,"  121,701.32 ",-, - ,"  121,708.41 ",Large Cap
79,Lodha Developers Limited,INE670K01029,LODHA,"  120,421.65 ",LODHA,"  120,401.05 ",-, - ,"  120,411.35 ",Large Cap
80,HDFC Asset Management Company Limited,INE127D01025,HDFCAMC,"  117,500.29 ",HDFCAMC,"  117,480.14 ",-, - ,"  117,490.21 ",Large Cap
81,Gail (India) Ltd.,INE129A01019,GAIL,"  117,132.53 ",GAIL,"  117,138.27 ",-, - ,"  117,135.40 ",Large Cap
82,Canara Bank,INE476A01022,CANBK,"  114,295.61 ",CANBK,"  114,315.04 ",-, - ,"  114,305.32 ",Large Cap
83,Max Healthcare Institute Limited,INE027H01010,MAXHEALTH,"  113,898.16 ",MAXHEALTH,"  113,887.31 ",-, - ,"  113,892.74 ",Large Cap
84,Siemens Energy India Limited,INE1NPP01017,ENRIN,"  112,972.26 ",ENRIN,"  112,966.29 ",-, - ,"  112,969.27 ",Large Cap
85,Siemens Ltd.,INE003A01024,SIEMENS,"  112,489.54 ",SIEMENS,"  112,488.49 ",-, - ,"  112,489.01 ",Large Cap
86,Mazagon Dock Shipbuilders Limited,INE249Z01020,MAZDOCK,"  112,305.49 ",MAZDOCK,"  112,306.27 ",-, - ,"  112,305.88 ",Large Cap
87,Bosch Ltd,INE323A01026,BOSCHLTD,"  112,075.27 ",BOSCHLTD,"  112,069.75 ",-, - ,"  112,072.51 ",Large Cap
88,ABB India Limited,INE117A01022,ABB,"  111,551.92 ",ABB,"  111,557.90 ",-, - ,"  111,554.91 ",Large Cap
89,Samvardhana Motherson International Limited,INE775A01035,MOTHERSON,"  111,481.18 ",MOTHERSON,"  111,482.98 ",-, - ,"  111,482.08 ",Large Cap
90,Cummins India Ltd.,INE298A01020,CUMMINSIND,"  111,413.27 ",CUMMINSIND,"  111,430.11 ",-, - ,"  111,421.69 ",Large Cap
91,TATA CONSUMER PRODUCTS LIMITED,INE192A01025,TATACONSUM,"  111,179.84 ",TATACONSUM,"  111,203.77 ",-, - ,"  111,191.80 ",Large Cap
92,CG Power and Industrial Solutions Limited,INE067A01029,CGPOWER,"  110,919.33 ",CGPOWER,"  109,459.40 ",-, - ,"  110,189.37 ",Large Cap
93,LG Electronics India Limited,INE324D01010,LGEINDIA,"  109,777.98 ",LGEINDIA,"  109,776.22 ",-, - ,"  109,777.10 ",Large Cap
94,Polycab India Limited,INE455K01017,POLYCAB,"  109,480.30 ",POLYCAB,"  109,467.88 ",-, - ,"  109,474.09 ",Large Cap
95,Union Bank of India,INE692A01016,UNIONBANK,"  108,930.04 ",UNIONBANK,"  108,951.30 ",-, - ,"  108,940.67 ",Large Cap
96,Adani Energy Solutions Limited,INE931S01010,ADANIENSOL,"  108,350.36 ",ADANIENSOL,"  108,357.17 ",-, - ,"  108,353.76 ",Large Cap
97,Apollo Hospitals Enterprises Ltd.,INE437A01024,APOLLOHOSP,"  107,947.81 ",APOLLOHOSP,"  107,953.35 ",-, - ,"  107,950.58 ",Large Cap
98,Indian Hotels Co. Ltd,INE053A01029,INDHOTEL,"  105,952.22 ",INDHOTEL,"  105,954.19 ",-, - ,"  105,953.21 ",Large Cap
99,Hero MotoCorp Limited,INE158A01026,HEROMOTOCO,"  105,539.37 ",HEROMOTOCO,"  105,543.51 ",-, - ,"  105,541.44 ",Large Cap
100,Dr. Reddy's Laboratories Ltd.,INE089A01031,DRREDDY,"  105,177.44 ",DRREDDY,"  105,170.30 ",-, - ,"  105,173.87 ",Large Cap
101,Shree Cements Ltd.,INE070A01015,SHREECEM,"  104,508.85 ",SHREECEM,"  104,522.78 ",-, - ,"  104,515.81 ",Mid Cap
102,JINDAL STEEL LIMITED,INE749A01030,JINDALSTEL,"  103,391.88 ",JINDALSTEL,"  103,413.66 ",-, - ,"  103,402.77 ",Mid Cap
103,IDBI Bank Ltd,INE008A01015,IDBI,"  102,939.06 ",IDBI,"  102,939.49 ",-, - ,"  102,939.27 ",Mid Cap
104,SWIGGY LIMITED,INE00H001014,SWIGGY ,"  103,022.26 ",SWIGGY,"  102,180.65 ",-, - ,"  102,601.46 ",Mid Cap
105,BSE Ltd.,INE118H01025,-, - ,BSE,"  101,299.27 ",-, - ,"  101,299.27 ",Mid Cap
106,Mankind Pharma Limited,INE634S01028,MANKIND,"  99,913.07 ",MANKIND,"  99,923.49 ",-, - ,"  99,918.28 ",Mid Cap
107,Indian Bank,INE562A01011,INDIANB,"  99,682.66 ",INDIANB,"  99,686.08 ",-, - ,"  99,684.37 ",Mid Cap
108,INDUS TOWERS LIMITED,INE121J01017,INDUSTOWER,"  99,636.18 ",INDUSTOWER,"  99,639.12 ",-, - ,"  99,637.65 ",Mid Cap
109,United Spirits Limited,INE854D01024,UNITDSPR,"  99,542.73 ",UNITDSPR,"  99,548.53 ",-, - ,"  99,545.63 ",Mid Cap
110,GMR Airports Limited,INE776C01039,GMRAIRPORT,"  98,984.11 ",GMRAIRPORT,"  98,997.44 ",-, - ,"  98,990.78 ",Mid Cap
111,REC LIMITED,INE020B01018,RECLTD,"  98,216.75 ",RECLTD,"  98,212.67 ",-, - ,"  98,214.71 ",Mid Cap
112,Zydus Lifesciences Limited,INE010B01027,ZYDUSLIFE,"  97,833.34 ",ZYDUSLIFE,"  97,840.48 ",-, - ,"  97,836.91 ",Mid Cap
113,ICICI Lombard General Insurance Company Limited ,INE765G01017,ICICIGI,"  96,784.33 ",ICICIGI,"  96,700.86 ",-, - ,"  96,742.59 ",Mid Cap
114,Billionbrains Garage Ventures Limited,INE0HOQ01053,GROWW,"  95,901.88 ",GROWW,"  95,890.42 ",-, - ,"  95,896.15 ",Mid Cap
115,Dixon Technologies (India) Limited,INE935N01020,DIXON,"  95,876.49 ",DIXON,"  95,826.20 ",-, - ,"  95,851.34 ",Mid Cap
116,VODAFONE IDEA LIMITED,INE669E01016,IDEA,"  94,047.77 ",IDEA,"  93,992.74 ",-, - ,"  94,020.26 ",Mid Cap
117,Havells India Limited,INE176B01034,HAVELLS,"  93,918.19 ",HAVELLS,"  93,920.58 ",-, - ,"  93,919.39 ",Mid Cap
118,Marico Limited,INE196A01026,MARICO,"  93,869.34 ",MARICO,"  93,828.48 ",-, - ,"  93,848.91 ",Mid Cap
119,Hindustan Petroleum Corporation Ltd,INE094A01015,HINDPETRO,"  93,187.56 ",HINDPETRO,"  93,198.71 ",-, - ,"  93,193.14 ",Mid Cap
120,Waaree Energies Limited,INE377N01017,WAAREEENER,"  92,834.51 ",WAAREEENER,"  92,778.22 ",-, - ,"  92,806.37 ",Mid Cap
121,Bajaj Housing Finance Limited,INE377Y01014,BAJAJHFL,"  91,541.61 ",BAJAJHFL,"  91,537.71 ",-, - ,"  91,539.66 ",Mid Cap
122,Dabur India Ltd.,INE016A01026,DABUR,"  90,962.01 ",DABUR,"  90,966.52 ",-, - ,"  90,964.26 ",Mid Cap
123,Lupin Ltd,INE326A01037,LUPIN,"  90,702.50 ",LUPIN,"  90,701.52 ",-, - ,"  90,702.01 ",Mid Cap
124,JSW Energy Limited,INE121E01018,JSWENERGY,"  90,092.40 ",JSWENERGY,"  90,095.94 ",-, - ,"  90,094.17 ",Mid Cap
125,ICICI Prudential Life Insurance Company Limited,INE726G01019,ICICIPRULI,"  89,707.08 ",ICICIPRULI,"  89,685.83 ",-, - ,"  89,696.46 ",Mid Cap
126,Persistent Systems Limited,INE262H01021,PERSISTENT,"  89,266.68 ",PERSISTENT,"  89,034.17 ",-, - ,"  89,150.43 ",Mid Cap
127,Bharti Hexacom Limited,INE343G01021,BHARTIHEXA,"  88,892.40 ",BHARTIHEXA,"  88,887.90 ",-, - ,"  88,890.15 ",Mid Cap
128,Info Edge(India) Ltd.,INE663F01032,NAUKRI,"  88,707.76 ",NAUKRI,"  88,709.24 ",-, - ,"  88,708.50 ",Mid Cap
129,SRF Ltd.,INE647A01010,SRF,"  88,539.71 ",SRF,"  88,555.48 ",-, - ,"  88,547.59 ",Mid Cap
130,Bharat Heavy Electricals Ltd.,INE257A01026,BHEL,"  87,271.84 ",BHEL,"  87,278.80 ",-, - ,"  87,275.32 ",Mid Cap
131,HITACHI ENERGY INDIA LIMITED,INE07Y701011,POWERINDIA,"  86,858.01 ",POWERINDIA,"  86,853.67 ",-, - ,"  86,855.84 ",Mid Cap
132,Meesho Limited,INE0VDM01015,MEESHO,"  86,452.03 ",MEESHO,"  86,428.26 ",-, - ,"  86,440.15 ",Mid Cap
133,NTPC GREEN ENERGY LIMITED,INE0ONG01011,NTPCGREEN,"  84,832.94 ",NTPCGREEN,"  84,831.07 ",-, - ,"  84,832.01 ",Mid Cap
134,NHPC Limited,INE848E01016,NHPC,"  83,001.88 ",NHPC,"  83,007.07 ",-, - ,"  83,004.47 ",Mid Cap
135,PB Fintech Limited,INE417T01026,POLICYBZR,"  83,049.35 ",POLICYBZR,"  82,915.54 ",-, - ,"  82,982.45 ",Mid Cap
136,SBI CARDS AND PAYMENT SERVICES LIMITED,INE018E01016,SBICARD,"  82,604.93 ",SBICARD,"  82,608.72 ",-, - ,"  82,606.82 ",Mid Cap
137,Ashok Leyland Ltd.,INE208A01029,ASHOKLEY,"  82,078.91 ",ASHOKLEY,"  82,093.21 ",-, - ,"  82,086.06 ",Mid Cap
138,SUZLON ENERGY LTD.,INE040H01021,SUZLON,"  79,526.98 ",SUZLON,"  79,491.63 ",-, - ,"  79,509.30 ",Mid Cap
139,Aditya Birla Capital Ltd,INE674K01013,ABCAPITAL,"  79,362.02 ",ABCAPITAL,"  79,334.16 ",-, - ,"  79,348.09 ",Mid Cap
140,One 97 Communications Limited,INE982J01020,PAYTM,"  76,908.32 ",PAYTM,"  76,862.92 ",-, - ,"  76,885.62 ",Mid Cap
141,Indian Overseas Bank,INE565A01014,IOB,"  74,120.30 ",IOB,"  74,113.11 ",-, - ,"  74,116.70 ",Mid Cap
142,Oracle Financial Services Software Limited,INE881D01027,OFSS,"  74,085.04 ",OFSS,"  74,059.83 ",-, - ,"  74,072.43 ",Mid Cap
143,Lenskart Solutions Limited,INE956O01016,LENSKART,"  73,287.72 ",LENSKART,"  73,312.57 ",-, - ,"  73,300.14 ",Mid Cap
144,GE Vernova T&D India Limited,INE200A01026,GVTD,"  72,679.42 ",GVT&D,"  72,684.76 ",-, - ,"  72,682.09 ",Mid Cap
145,Rail Vikas Nigam Limited,INE415G01027,RVNL,"  70,914.02 ",RVNL,"  70,911.04 ",-, - ,"  70,912.53 ",Mid Cap
146,Prestige Estates Projects Limited,INE811K01011,PRESTIGE,"  70,851.82 ",PRESTIGE,"  70,859.12 ",-, - ,"  70,855.47 ",Mid Cap
147,Lloyds Metals and Energy Limited,INE281B01032,LLOYDSME,"  70,818.96 ",LLOYDSME,"  70,799.22 ",-, - ,"  70,809.09 ",Mid Cap
148,UNO Minda Limited,INE405E01023,UNOMINDA,"  70,476.50 ",UNOMINDA,"  70,413.15 ",-, - ,"  70,444.82 ",Mid Cap
149,Fortis Healthcare Ltd,INE061F01013,FORTIS,"  70,000.68 ",FORTIS,"  69,998.43 ",-, - ,"  69,999.55 ",Mid Cap
150,FSN E-Commerce Ventures Limited,INE388Y01029,NYKAA,"  68,636.17 ",NYKAA,"  68,606.35 ",-, - ,"  68,621.26 ",Mid Cap
151,Oil India Limited,INE274J01014,OIL,"  68,181.46 ",OIL,"  68,182.36 ",-, - ,"  68,181.91 ",Mid Cap
152,ADANI TOTAL GAS LIMITED,INE399L01023,ATGL,"  67,979.87 ",ATGL,"  67,970.27 ",-, - ,"  67,975.07 ",Mid Cap
153,Coromandel International Limited,INE169A01031,COROMANDEL,"  67,915.15 ",COROMANDEL,"  67,892.55 ",-, - ,"  67,903.85 ",Mid Cap
154,General Insurance Corporation of India,INE481Y01014,GICRE,"  66,431.89 ",GICRE,"  66,432.65 ",-, - ,"  66,432.27 ",Mid Cap
155,Yes Bank Ltd.,INE528G01035,YESBANK,"  66,365.05 ",YESBANK,"  66,347.81 ",-, - ,"  66,356.43 ",Mid Cap
156,Vishal Mega Mart Limited,INE01EA01019,VMM,"  66,115.14 ",VMM,"  66,089.66 ",-, - ,"  66,102.40 ",Mid Cap
157,Abbott India Ltd.,INE358A01014,ABBOTINDIA,"  65,871.14 ",-, - ,-, - ,"  65,871.14 ",Mid Cap
158,TORRENT POWER LIMITED,INE813H01021,TORNTPOWER,"  65,811.80 ",TORNTPOWER,"  65,821.40 ",-, - ,"  65,816.60 ",Mid Cap
159,Aurobindo Pharma Ltd.,INE406A01037,AUROPHARMA,"  65,677.44 ",AUROPHARMA,"  65,683.64 ",-, - ,"  65,680.54 ",Mid Cap
160,NMDC Ltd,INE584A01023,NMDC,"  65,186.37 ",NMDC,"  65,185.61 ",-, - ,"  65,185.99 ",Mid Cap
161,Alkem Laboratories Limited,INE540L01014,ALKEM,"  64,336.27 ",ALKEM,"  64,347.50 ",-, - ,"  64,341.89 ",Mid Cap
162,Berger Paints India Ltd,INE463A01038,BERGEPAINT,"  64,186.04 ",BERGEPAINT,"  64,192.79 ",-, - ,"  64,189.42 ",Mid Cap
163,M.R.F. Ltd.,INE883A01011,MRF,"  64,072.74 ",MRF,"  64,074.43 ",-, - ,"  64,073.59 ",Mid Cap
164,Patanjali Foods Limited,INE619A01035,PATANJALI,"  63,746.91 ",PATANJALI,"  63,679.35 ",-, - ,"  63,713.13 ",Mid Cap
165,Godrej Properties Limited,INE484J01027,GODREJPROP,"  63,667.84 ",GODREJPROP,"  63,668.98 ",-, - ,"  63,668.41 ",Mid Cap
166,HDB FINANCIAL SERVICES LIMITED,INE756I01012,HDBFS,"  63,476.76 ",HDBFS,"  63,482.33 ",-, - ,"  63,479.55 ",Mid Cap
167,L&T Finance Limited,INE498L01015,LTF,"  63,084.07 ",LTF,"  63,048.52 ",-, - ,"  63,066.29 ",Mid Cap
168,JSW Infrastructure Limited,INE880J01026,JSWINFRA,"  62,718.71 ",JSWINFRA,"  62,722.96 ",-, - ,"  62,720.84 ",Mid Cap
169,Schaeffler India Limited,INE513A01022,SCHAEFFLER,"  62,598.42 ",SCHAEFFLER,"  62,603.85 ",-, - ,"  62,601.14 ",Mid Cap
170,IndusInd Bank Ltd.,INE095A01012,INDUSINDBK,"  62,528.05 ",INDUSINDBK,"  62,528.80 ",-, - ,"  62,528.43 ",Mid Cap
171,Jindal Stainless Limited,INE220G01021,JSL,"  61,867.59 ",JSL,"  61,849.28 ",-, - ,"  61,858.44 ",Mid Cap
172,AU Small Finance Bank Limited,INE949L01017,AUBANK,"  61,420.12 ",AUBANK,"  61,378.71 ",-, - ,"  61,399.42 ",Mid Cap
173,Colgate-Palmolive (India) Ltd.,INE259A01022,COLPAL,"  61,273.12 ",COLPAL,"  61,274.56 ",-, - ,"  61,273.84 ",Mid Cap
174,OBEROI REALTY LIMITED,INE093I01010,OBEROIRLTY,"  61,134.68 ",OBEROIRLTY,"  61,138.39 ",-, - ,"  61,136.53 ",Mid Cap
175,Bharat Forge Ltd,INE465A01025,BHARATFORG,"  61,062.14 ",BHARATFORG,"  61,069.83 ",-, - ,"  61,065.99 ",Mid Cap
176,Fertilizers and Chemicals Travancore Limited,INE188A01015,FACT,"  59,603.70 ",FACT,"  59,608.27 ",-, - ,"  59,605.98 ",Mid Cap
177,COFORGE LIMITED,INE591G01025,COFORGE,"  59,323.62 ",COFORGE,"  59,303.37 ",-, - ,"  59,313.49 ",Mid Cap
178,UPL Limited,INE628A01036,UPL,"  60,521.71 ",UPL,"  56,883.31 ",-, - ,"  58,702.51 ",Mid Cap
179,The Phoenix Mills Ltd.,INE211B01039,PHOENIXLTD,"  57,964.35 ",PHOENIXLTD,"  57,972.70 ",-, - ,"  57,968.52 ",Mid Cap
180,Bank of India,INE084A01016,BANKINDIA,"  57,802.62 ",BANKINDIA,"  57,811.37 ",-, - ,"  57,806.99 ",Mid Cap
181,Tube Investments of India Ltd,INE974X01010,TIINDIA,"  57,612.95 ",TIINDIA,"  57,620.24 ",-, - ,"  57,616.60 ",Mid Cap
182,Indian Railway Catering & Tourism Corporation Ltd,INE335Y01020,IRCTC,"  57,368.63 ",IRCTC,"  57,370.95 ",-, - ,"  57,369.79 ",Mid Cap
183,Bharat Dynamics Limited,INE171Z01026,BDL,"  57,203.13 ",BDL,"  57,206.15 ",-, - ,"  57,204.64 ",Mid Cap
184,IDFC FIRST BANK LIMITED,INE092T01019,IDFCFIRSTB,"  57,664.29 ",IDFCFIRSTB,"  56,605.59 ",-, - ,"  57,134.94 ",Mid Cap
185,PI Industries Limited,INE603J01030,PIIND,"  55,993.66 ",PIIND,"  55,996.59 ",-, - ,"  55,995.13 ",Mid Cap
186,Motilal Oswal Financial Services Limited,INE338I01027,MOTILALOFS,"  55,870.25 ",MOTILALOFS,"  55,855.06 ",-, - ,"  55,862.66 ",Mid Cap
187,Glenmark Pharmaceuticals ltd,INE935A01035,GLENMARK,"  55,712.57 ",GLENMARK,"  55,719.39 ",-, - ,"  55,715.98 ",Mid Cap
188,Max Financial Services Limited,INE180A01020,MFSL,"  55,402.53 ",MFSL,"  55,407.22 ",-, - ,"  55,404.88 ",Mid Cap
189,Steel Authority of India Ltd.,INE114A01011,SAIL,"  54,436.25 ",SAIL,"  54,443.86 ",-, - ,"  54,440.06 ",Mid Cap
190,Federal Bank Ltd.,INE171A01029,FEDERALBNK,"  54,269.80 ",FEDERALBNK,"  54,298.67 ",-, - ,"  54,284.24 ",Mid Cap
191,NIPPON LIFE INDIA ASSET MANAGEMENT LIMITED,INE298J01013,NAM-INDIA,"  53,988.84 ",NAM-INDIA,"  53,958.92 ",-, - ,"  53,973.88 ",Mid Cap
192,Mphasis Limited,INE356A01018,MPHASIS,"  53,515.51 ",MPHASIS,"  53,505.61 ",-, - ,"  53,510.56 ",Mid Cap
193,Kalyan Jewellers India Limited,INE303R01014,KALYANKJIL,"  53,383.73 ",KALYANKJIL,"  53,386.45 ",-, - ,"  53,385.09 ",Mid Cap
194,Linde India Limited,INE473A01011,LINDEINDIA,"  53,245.89 ",LINDEINDIA,"  53,250.35 ",-, - ,"  53,248.12 ",Mid Cap
195,SUNDARAM FINANCE LTD,INE660A01013,SUNDARMFIN,"  52,664.23 ",SUNDARMFIN,"  52,674.25 ",-, - ,"  52,669.24 ",Mid Cap
196,Supreme Industries Ltd.,INE195A01028,SUPREMEIND,"  51,140.48 ",SUPREMEIND,"  51,150.02 ",-, - ,"  51,145.25 ",Mid Cap
197,Biocon Ltd.,INE376G01013,BIOCON,"  50,156.72 ",BIOCON,"  50,163.67 ",-, - ,"  50,160.20 ",Mid Cap
198,Tata Communications Limited,INE151A01013,TATACOMM,"  49,907.59 ",TATACOMM,"  49,916.64 ",-, - ,"  49,912.12 ",Mid Cap
199,Laurus Labs Limited,INE947Q01028,LAURUSLABS,"  49,375.18 ",LAURUSLABS,"  49,354.41 ",-, - ,"  49,364.80 ",Mid Cap
200,Authum Investment & Infrastructure Limited,INE206F01022,AIIL,"  49,310.60 ",AIIL,"  49,318.29 ",-, - ,"  49,314.44 ",Mid Cap
201,Godfrey Phillips India Ltd.,INE260B01028,GODFRYPHLP,"  49,052.93 ",GODFRYPHLP,"  49,053.78 ",-, - ,"  49,053.35 ",Mid Cap
202,J.K. CEMENT LTD,INE823G01014,JKCEMENT,"  48,678.99 ",JKCEMENT,"  48,693.16 ",-, - ,"  48,686.08 ",Mid Cap
203,United Breweries Ltd.,INE686F01025,UBL,"  48,008.87 ",UBL,"  48,008.50 ",-, - ,"  48,008.69 ",Mid Cap
204,APL Apollo Tubes Limited,INE702C01027,APLAPOLLO,"  47,513.11 ",APLAPOLLO,"  47,509.21 ",-, - ,"  47,511.16 ",Mid Cap
205,Page Industries Ltd.,INE761H01022,PAGEIND,"  47,336.26 ",PAGEIND,"  47,338.68 ",-, - ,"  47,337.47 ",Mid Cap
206,GlaxoSmithkline Pharmaceuticals Ltd.,INE159A01016,GLAXO,"  46,769.58 ",GLAXO,"  46,786.06 ",-, - ,"  46,777.82 ",Mid Cap
207,Balkrishna Industries Ltd.,INE787D01026,BALKRISIND,"  46,618.72 ",BALKRISIND,"  46,627.57 ",-, - ,"  46,623.15 ",Mid Cap
208,ITC Hotels Limited,INE379A01028,ITCHOTELS,"  46,322.21 ",ITCHOTELS,"  46,313.66 ",-, - ,"  46,317.94 ",Mid Cap
209,Cochin Shipyard Limited,INE704P01025,COCHINSHIP,"  46,225.81 ",COCHINSHIP,"  46,226.59 ",-, - ,"  46,226.20 ",Mid Cap
210,Premier Energies Limited,INE0BS701011,PREMIERENE,"  45,789.41 ",PREMIERENE,"  45,678.34 ",-, - ,"  45,733.88 ",Mid Cap
211,Hexaware Technologies Limited,INE093A01041,HEXT ,"  45,651.85 ",HEXT,"  45,634.26 ",-, - ,"  45,643.06 ",Mid Cap
212,L&T Technology Services Limited,INE010V01017,LTTS,"  45,463.29 ",LTTS,"  45,466.68 ",-, - ,"  45,464.99 ",Mid Cap
213,Voltas Ltd.,INE226A01021,VOLTAS,"  45,322.25 ",VOLTAS,"  45,331.92 ",-, - ,"  45,327.09 ",Mid Cap
214,Multi Commodity Exchange of India Ltd,INE745G01035,MCX,"  45,092.61 ",-, - ,-, - ,"  45,092.61 ",Mid Cap
215,Housing &Urban Development Corporation Ltd.,INE031A01017,HUDCO,"  44,791.80 ",HUDCO,"  44,793.74 ",-, - ,"  44,792.77 ",Mid Cap
216,360 ONE WAM LIMITED,INE466L01038,360ONE,"  44,932.24 ",360ONE,"  44,381.13 ",-, - ,"  44,656.69 ",Mid Cap
217,Bank of maharashtra,INE457A01014,MAHABANK,"  43,642.98 ",MAHABANK,"  43,640.66 ",-, - ,"  43,641.82 ",Mid Cap
218,Procter & Gamble Hygiene & Health Care Ltd.,INE179A01014,PGHH,"  43,172.86 ",PGHH,"  43,182.00 ",-, - ,"  43,177.43 ",Mid Cap
219,PETRONET LNG LTD.,INE347G01014,PETRONET,"  42,178.04 ",PETRONET,"  42,177.03 ",-, - ,"  42,177.53 ",Mid Cap
220,Indian Renewable Energy Development Agency Limited,INE202E01016,IREDA,"  41,747.74 ",IREDA,"  41,748.52 ",-, - ,"  41,748.13 ",Mid Cap
221,Anthem Biosciences Limited,INE0CZ201020,ANTHEM,"  41,542.90 ",ANTHEM,"  41,550.97 ",-, - ,"  41,546.93 ",Mid Cap
222,Container Corporation Of India Ltd.,INE111A01025,CONCOR,"  41,501.97 ",CONCOR,"  41,502.80 ",-, - ,"  41,502.38 ",Mid Cap
223,Mahindra & Mahindra Financial Services Limited,INE774D01024,M&MFIN,"  41,376.19 ",M&MFIN,"  41,378.34 ",-, - ,"  41,377.26 ",Mid Cap
224,National Aluminium Co. Ltd.,INE139A01034,NATIONALUM,"  41,313.79 ",NATIONALUM,"  41,318.82 ",-, - ,"  41,316.31 ",Mid Cap
225,DALMIA BHARAT LIMITED,INE00R701025,DALBHARAT,"  41,112.53 ",DALBHARAT,"  41,110.64 ",-, - ,"  41,111.58 ",Mid Cap
226,Jubilant Foodworks Limited,INE797F01020,JUBLFOOD,"  40,943.76 ",JUBLFOOD,"  40,946.09 ",-, - ,"  40,944.93 ",Mid Cap
227,KAYNES TECHNOLOGY INDIA LIMITED,INE918Z01012,KAYNES,"  40,788.86 ",KAYNES,"  39,866.09 ",-, - ,"  40,327.47 ",Mid Cap
228,Escorts Kubota Limited,INE042A01014,ESCORTS,"  40,130.68 ",ESCORTS,"  40,134.20 ",-, - ,"  40,132.44 ",Mid Cap
229,Radico Khaitan Ltd.,INE944F01028,RADICO,"  40,110.83 ",RADICO,"  40,108.03 ",-, - ,"  40,109.43 ",Mid Cap
230,Gujarat Fluorochemicals Limited,INE09N301011,FLUOROCHEM,"  39,087.82 ",FLUOROCHEM,"  39,103.68 ",-, - ,"  39,095.75 ",Mid Cap
231,Endurance Technologies Limited,INE913H01037,ENDURANCE,"  38,667.47 ",ENDURANCE,"  38,671.91 ",-, - ,"  38,669.69 ",Mid Cap
232,KEI Industries Ltd.,INE878B01027,KEI,"  38,632.91 ",KEI,"  38,633.18 ",-, - ,"  38,633.05 ",Mid Cap
233,ASTRAL LIMITED,INE006I01046,ASTRAL,"  38,626.78 ",ASTRAL,"  38,629.75 ",-, - ,"  38,628.27 ",Mid Cap
234,Thermax Ltd.,INE152A01029,THERMAX,"  38,582.74 ",THERMAX,"  38,587.35 ",-, - ,"  38,585.04 ",Mid Cap
235,Physicswallah Limited,INE0LP301011,PWL,"  38,491.00 ",PWL,"  38,478.55 ",-, - ,"  38,484.77 ",Mid Cap
236,UCO Bank,INE691A01018,UCOBANK,"  38,062.84 ",UCOBANK,"  38,057.46 ",-, - ,"  38,060.15 ",Mid Cap
237,Blue Star Ltd,INE472A01039,BLUESTARCO,"  37,851.41 ",BLUESTARCO,"  37,850.99 ",-, - ,"  37,851.20 ",Mid Cap
238,Narayana Hrudayalaya Limited,INE410P01011,NH,"  37,851.07 ",NH,"  37,849.06 ",-, - ,"  37,850.07 ",Mid Cap
239,Tata Investment Corporation Ltd.,INE672A01026,TATAINVEST,"  37,809.03 ",TATAINVEST,"  37,805.03 ",-, - ,"  37,807.03 ",Mid Cap
240,Godrej Industries Ltd.,INE233A01035,GODREJIND,"  37,682.43 ",GODREJIND,"  37,680.96 ",-, - ,"  37,681.70 ",Mid Cap
241,POONAWALLA FINCORP LIMITED,INE511C01022,POONAWALLA,"  36,984.18 ",POONAWALLA,"  36,348.84 ",-, - ,"  36,666.51 ",Mid Cap
242,CRISIL Ltd.,INE007A01025,CRISIL,"  36,290.82 ",CRISIL,"  36,290.59 ",-, - ,"  36,290.70 ",Mid Cap
243,K.P.R. Mill Ltd.,INE930H01031,KPRMILL,"  36,165.54 ",KPRMILL,"  36,176.60 ",-, - ,"  36,171.07 ",Mid Cap
244,CHOLAMANDALAM FINANCIAL HOLDINGS LIMITED,INE149A01033,CHOLAHLDNG,"  35,795.09 ",CHOLAHLDNG,"  35,810.29 ",-, - ,"  35,802.69 ",Mid Cap
245,3M India Ltd.,INE470A01017,3MINDIA,"  35,768.38 ",3MINDIA,"  35,782.20 ",-, - ,"  35,775.29 ",Mid Cap
246,Ipca Laboratories Ltd.,INE571A01038,IPCALAB,"  35,215.54 ",IPCALAB,"  35,224.58 ",-, - ,"  35,220.06 ",Mid Cap
247,Piramal Finance Limited,INE202B01038,PIRAMALFIN,"  35,105.31 ",PIRAMALFIN,"  35,093.23 ",-, - ,"  35,099.27 ",Mid Cap
248,Apar Industries Ltd,INE372A01015,APARINDS,"  34,902.43 ",APARINDS,"  34,909.42 ",-, - ,"  34,905.93 ",Mid Cap
249,SJVN LIMITED,INE002L01015,SJVN,"  34,832.21 ",SJVN,"  34,833.08 ",-, - ,"  34,832.64 ",Mid Cap
250,Global Health Limited,INE474Q01031,MEDANTA,"  34,761.46 ",MEDANTA,"  34,755.30 ",-, - ,"  34,758.38 ",Mid Cap
251,ACC Ltd,INE012A01025,ACC,"  34,699.88 ",ACC,"  34,698.50 ",-, - ,"  34,699.19 ",Small Cap
252,Tata Elxsi Ltd,INE670A01012,TATAELXSI,"  34,603.20 ",TATAELXSI,"  34,604.08 ",-, - ,"  34,603.64 ",Small Cap
253,NLC India Limited,INE589A01014,NLCINDIA,"  34,423.14 ",NLCINDIA,"  34,428.58 ",-, - ,"  34,425.86 ",Small Cap
254,AWL AGRI BUSINESS LIMITED,INE699H01024,AWL,"  33,879.27 ",AWL,"  33,882.47 ",-, - ,"  33,880.87 ",Small Cap
255,Central Bank of India,INE483A01010,CENTRALBK,"  33,882.70 ",CENTRALBK,"  33,878.68 ",-, - ,"  33,880.69 ",Small Cap
256,KPIT Technologies Ltd,INE04I401011,KPITTECH,"  33,295.39 ",KPITTECH,"  33,301.38 ",-, - ,"  33,298.38 ",Small Cap
257,Central Depository Services (India) Ltd.,INE736A01011,-, - ,CDSL,"  32,985.81 ",-, - ,"  32,985.81 ",Small Cap
258,Delhivery Limited,INE148O01028,DELHIVERY,"  32,985.24 ",DELHIVERY,"  32,975.06 ",-, - ,"  32,980.15 ",Small Cap
259,Aster DM Healthcare Limited,INE914M01019,ASTERDM,"  32,945.32 ",ASTERDM,"  32,949.85 ",-, - ,"  32,947.58 ",Small Cap
260,Exide Industries Ltd.,INE302A01020,EXIDEIND,"  32,936.69 ",EXIDEIND,"  32,936.22 ",-, - ,"  32,936.45 ",Small Cap
261,Go Digit General Insurance Limited,INE03JT01014,GODIGIT,"  32,606.48 ",GODIGIT,"  32,606.84 ",-, - ,"  32,606.66 ",Small Cap
262,Honeywell Automation India Ltd.,INE671A01010,HONAUT,"  32,472.09 ",HONAUT,"  32,470.56 ",-, - ,"  32,471.32 ",Small Cap
263,Ajanta Pharma Ltd.,INE031B01049,AJANTPHARM,"  32,249.53 ",AJANTPHARM,"  32,251.71 ",-, - ,"  32,250.62 ",Small Cap
264,Metro Brands Limited,INE317I01021,METROBRAND,"  32,065.72 ",METROBRAND,"  32,062.81 ",-, - ,"  32,064.27 ",Small Cap
265,AIA Engineering Ltd.,INE212H01026,AIAENG,"  31,493.50 ",AIAENG,"  31,496.97 ",-, - ,"  31,495.23 ",Small Cap
266,Cohance Lifesciences Limited,INE03QK01018,COHANCE,"  31,438.30 ",COHANCE,"  31,444.47 ",-, - ,"  31,441.39 ",Small Cap
267,Lic Housing Finance Ltd.,INE115A01026,LICHSGFIN,"  31,409.73 ",LICHSGFIN,"  31,411.61 ",-, - ,"  31,410.67 ",Small Cap
268,Gillette India Ltd.,INE322A01010,GILLETTE,"  31,179.00 ",GILLETTE,"  31,176.05 ",-, - ,"  31,177.53 ",Small Cap
269, Gland Pharma Limited,INE068V01023,GLAND,"  31,064.63 ",GLAND,"  31,069.09 ",-, - ,"  31,066.86 ",Small Cap
270,Apollo Tyres Ltd,INE438A01022,APOLLOTYRE,"  30,841.61 ",APOLLOTYRE,"  30,841.41 ",-, - ,"  30,841.51 ",Small Cap
271,The New India Assurance Company Limited,INE470Y01017,NIACL,"  30,194.37 ",NIACL,"  30,188.64 ",-, - ,"  30,191.50 ",Small Cap
272,NBCC (India) Limited,INE095N01031,NBCC,"  30,065.06 ",NBCC,"  30,065.21 ",-, - ,"  30,065.13 ",Small Cap
273,ITI Limited (Indian Teleph.Ind.Ltd),INE248A01017,ITI,"  30,012.39 ",ITI,"  30,013.15 ",-, - ,"  30,012.77 ",Small Cap
274,Hindustan Copper Ltd.,INE531E01026,HINDCOPPER,"  29,929.32 ",HINDCOPPER,"  29,933.95 ",-, - ,"  29,931.63 ",Small Cap
275,Garden Reach Shipbuilders & Engineers Limited,INE382Z01011,GRSE,"  29,787.90 ",GRSE,"  29,786.16 ",-, - ,"  29,787.03 ",Small Cap
276,Motherson Sumi Wiring India Limited,INE0FS801015,MSUMI,"  29,601.56 ",MSUMI,"  29,602.63 ",-, - ,"  29,602.10 ",Small Cap
277,Gujarat Gas Limited,INE844O01030,GUJGASLTD,"  29,362.98 ",GUJGASLTD,"  29,365.41 ",-, - ,"  29,364.20 ",Small Cap
278,ICICI Securities Limited,INE763G01038,ISEC,"  29,132.36 ",-, - ,-, - ,"  29,132.36 ",Small Cap
279,Indraprashtha Gas Ltd.,INE203G01027,IGL,"  29,027.20 ",IGL,"  29,031.10 ",-, - ,"  29,029.15 ",Small Cap
280,Sona BLW Precision Forgings Limited,INE073K01018,SONACOMS,"  28,833.79 ",SONACOMS,"  28,832.66 ",-, - ,"  28,833.22 ",Small Cap
281,AEGIS VOPAK TERMINALS LIMITED,INE0INX01018,AEGISVOPAK,"  28,632.21 ",AEGISVOPAK,"  28,636.67 ",-, - ,"  28,634.44 ",Small Cap
282,Krishna Institute of Medical Sciences Limited,INE967H01025,KIMS,"  28,469.14 ",KIMS,"  28,472.97 ",-, - ,"  28,471.05 ",Small Cap
283,Tata Technologies Limited,INE142M01025,TATATECH,"  27,831.74 ",TATATECH,"  27,832.47 ",-, - ,"  27,832.10 ",Small Cap
284,Pine Labs Limited,INE15B701018,PINELABS,"  27,485.91 ",PINELABS,"  27,482.50 ",-, - ,"  27,484.20 ",Small Cap
285,INVENTURUS KNOWLEDGE SOLUTIONS LIMITED,INE115Q01022,IKS ,"  27,302.60 ",IKS,"  27,305.85 ",-, - ,"  27,304.23 ",Small Cap
286,ELITECON INTERNATIONAL LIMITED,INE669R01026,ELITECON,"  27,167.07 ",-, - ,-, - ,"  27,167.07 ",Small Cap
287,Star Health and Allied Insurance Company Limited,INE575P01011,STARHEALTH,"  26,983.32 ",STARHEALTH,"  26,977.36 ",-, - ,"  26,980.34 ",Small Cap
288,J.B. Chemicals & Pharmaceuticals Lt,INE572A01036,JBCHEPHARM,"  26,957.36 ",JBCHEPHARM,"  26,937.20 ",-, - ,"  26,947.28 ",Small Cap
289,TVS Holdings Limited,INE105A01035,TVSHLTD,"  26,832.86 ",TVSHLTD,"  26,839.89 ",-, - ,"  26,836.38 ",Small Cap
290,IRB Infrastructure Developers Limited,INE821I01022,IRB,"  26,589.24 ",IRB,"  26,587.32 ",-, - ,"  26,588.28 ",Small Cap
291,Navin Fluorine International Limited,INE048G01026,NAVINFLUOR,"  26,727.26 ",NAVINFLUOR,"  26,395.21 ",-, - ,"  26,561.23 ",Small Cap
292,SUMITOMO CHEMICAL INDIA LIMITED,INE258G01013,SUMICHEM,"  26,460.49 ",SUMICHEM,"  26,464.75 ",-, - ,"  26,462.62 ",Small Cap
293,AFFLE 3I LIMITED,INE00WC01027,AFFLE,"  26,433.39 ",AFFLE,"  26,428.18 ",-, - ,"  26,430.79 ",Small Cap
294,Aegis Logistics Ltd.,INE208C01025,AEGISLOG,"  26,422.61 ",AEGISLOG,"  26,424.77 ",-, - ,"  26,423.69 ",Small Cap
295,Syngene International Limited,INE398R01022,SYNGENE,"  26,232.12 ",SYNGENE,"  26,233.72 ",-, - ,"  26,232.92 ",Small Cap
296,Bandhan Bank Limited,INE545U01014,BANDHANBNK,"  26,207.69 ",BANDHANBNK,"  26,210.29 ",-, - ,"  26,208.99 ",Small Cap
297,Emcure Pharmaceuticals Limited,INE168P01015,EMCURE,"  26,076.33 ",EMCURE,"  26,075.36 ",-, - ,"  26,075.84 ",Small Cap
298,Piramal Enterprises Limited,INE140A01024,PEL,"  26,066.51 ",-, - ,-, - ,"  26,066.51 ",Small Cap
299,Dr. Lal Pathlabs Limited,INE600L01024,LALPATHLAB,"  26,017.44 ",LALPATHLAB,"  26,024.06 ",-, - ,"  26,020.75 ",Small Cap
300,Amber Enterprises India Limited,INE371P01015,AMBER,"  26,019.11 ",AMBER,"  25,985.14 ",-, - ,"  26,002.12 ",Small Cap
301,PIRAMAL PHARMA LIMITED,INE0DK501011,PPLPHARMA,"  25,718.79 ",PPLPHARMA,"  25,720.20 ",-, - ,"  25,719.50 ",Small Cap
302,ZF Commercial Vehicle Control Systems India Limited,INE342J01019,ZFCVINDIA,"  25,708.97 ",ZFCVINDIA,"  25,711.06 ",-, - ,"  25,710.02 ",Small Cap
303,Nuvama Wealth Management Limited,INE531F01023,NUVAMA,"  25,540.53 ",NUVAMA,"  25,487.64 ",-, - ,"  25,514.09 ",Small Cap
304,Mangalore Refinery & Petrochemicals,INE103A01014,MRPL,"  25,242.22 ",MRPL,"  25,243.01 ",-, - ,"  25,242.62 ",Small Cap
305,The Ramco Cements Limited,INE331A01037,RAMCOCEM,"  25,044.43 ",RAMCOCEM,"  25,052.46 ",-, - ,"  25,048.45 ",Small Cap
306,Shyam Metalics and Energy Limited,INE810G01011,SHYAMMETL,"  24,905.91 ",SHYAMMETL,"  24,915.61 ",-, - ,"  24,910.76 ",Small Cap
307,Emami Ltd,INE548C01032,EMAMILTD,"  24,544.82 ",EMAMILTD,"  24,404.61 ",-, - ,"  24,474.72 ",Small Cap
308,Firstsource Solutions Ltd.,INE684F01012,FSL,"  24,403.64 ",FSL,"  24,408.70 ",-, - ,"  24,406.17 ",Small Cap
309,Inox Wind Limited,INE066P01011,INOXWIND,"  24,539.03 ",INOXWIND,"  24,061.96 ",-, - ,"  24,300.50 ",Small Cap
310,Deepak Nitrite Limited,INE288B01029,DEEPAKNTR,"  24,199.42 ",DEEPAKNTR,"  24,200.74 ",-, - ,"  24,200.08 ",Small Cap
311,EIH Ltd,INE230A01023,EIHOTEL,"  23,927.82 ",EIHOTEL,"  23,933.78 ",-, - ,"  23,930.80 ",Small Cap
312,Wockhardt Ltd,INE049B01025,WOCKPHARMA,"  23,916.61 ",WOCKPHARMA,"  23,918.64 ",-, - ,"  23,917.62 ",Small Cap
313,PTC Industries Ltd.,INE596F01018,PTCIL,"  23,911.16 ",PTCIL,"  23,917.94 ",-, - ,"  23,914.55 ",Small Cap
314,Pfizer Ltd.,INE182A01018,PFIZER,"  23,802.19 ",PFIZER,"  23,807.76 ",-, - ,"  23,804.97 ",Small Cap
315,Anand Rathi Wealth Limited,INE463V01026,ANANDRATHI,"  23,643.42 ",ANANDRATHI,"  23,649.73 ",-, - ,"  23,646.57 ",Small Cap
316,KIOCL Limited,INE880L01014,KIOCL,"  23,624.30 ",KIOCL,"  23,625.05 ",KIOCL,"  23,635.03 ","  23,628.12 ",Small Cap
317,Manappuram Finance Limited,INE522D01027,MANAPPURAM,"  23,545.40 ",MANAPPURAM,"  23,550.47 ",-, - ,"  23,547.93 ",Small Cap
318,PNB Housing Finance Limited,INE572E01012,PNBHOUSING,"  23,490.96 ",PNBHOUSING,"  23,486.13 ",-, - ,"  23,488.54 ",Small Cap
319,Brigade Enterprises Limited,INE791I01019,BRIGADE,"  23,416.88 ",BRIGADE,"  23,423.85 ",-, - ,"  23,420.36 ",Small Cap
320,Bayer CropScience Limited.,INE462A01022,BAYERCROP,"  23,405.20 ",-, - ,-, - ,"  23,405.20 ",Small Cap
321,Aditya Birla Sun Life AMC Limited,INE404A01024,ABSLAMC,"  23,403.38 ",ABSLAMC,"  23,402.74 ",-, - ,"  23,403.06 ",Small Cap
322,National Securities Depository Limited,INE301O01023,NSDL,"  23,327.93 ",-, - ,-, - ,"  23,327.93 ",Small Cap
323,Timken India Ltd,INE325A01013,TIMKEN,"  23,199.59 ",TIMKEN,"  23,203.05 ",-, - ,"  23,201.32 ",Small Cap
324,Himadri Speciality Chemical Ltd.,INE019C01026,HSCL,"  23,186.92 ",HSCL,"  23,188.24 ",-, - ,"  23,187.58 ",Small Cap
325,Force Motors Limited,INE451A01017,FORCEMOT,"  23,014.93 ",FORCEMOT,"  23,018.52 ",-, - ,"  23,016.72 ",Small Cap
326,Welspun Corp Limited,INE191B01025,WELCORP,"  22,987.79 ",WELCORP,"  22,983.09 ",-, - ,"  22,985.44 ",Small Cap
327,ANGEL ONE LIMITED,INE732I01013,ANGELONE,"  22,921.14 ",ANGELONE,"  22,895.96 ",-, - ,"  22,908.55 ",Small Cap
328,Tata Chemicals Ltd,INE092A01019,TATACHEM,"  22,735.03 ",TATACHEM,"  22,736.12 ",-, - ,"  22,735.57 ",Small Cap
329,Asahi India Glass Ltd.,INE439A01020,ASAHIINDIA,"  22,714.94 ",ASAHIINDIA,"  22,676.66 ",-, - ,"  22,695.80 ",Small Cap
330,AstraZeneca Pharma India Ltd.,INE203A01020,ASTRAZEN,"  22,583.64 ",ASTRAZEN,"  22,590.87 ",-, - ,"  22,587.25 ",Small Cap
331,Eris Lifesciences Limited,INE406M01024,ERIS,"  22,572.77 ",ERIS,"  22,579.21 ",-, - ,"  22,575.99 ",Small Cap
332,CESC Limited,INE486A01021,CESC,"  22,519.02 ",CESC,"  22,520.55 ",-, - ,"  22,519.78 ",Small Cap
333,HBL ENGINEERING LIMITED,INE292B01021,HBLENGINE,"  22,517.02 ",HBLENGINE,"  22,519.55 ",-, - ,"  22,518.28 ",Small Cap
334,SUN TV NETWORK LIMITED,INE424H01027,SUNTV,"  22,228.17 ",SUNTV,"  22,231.80 ",-, - ,"  22,229.99 ",Small Cap
335,Karur Vysya Bank Ltd.,INE036D01028,KARURVYSYA,"  22,092.09 ",KARURVYSYA,"  22,230.72 ",-, - ,"  22,161.40 ",Small Cap
336,Sagility Limited,INE0W2G01015,SAGILITY,"  21,900.41 ",SAGILITY,"  21,899.29 ",-, - ,"  21,899.85 ",Small Cap
337,Jyoti CNC Automation Limited,INE980O01024,JYOTICNC,"  21,734.43 ",JYOTICNC,"  21,736.38 ",-, - ,"  21,735.40 ",Small Cap
338,KEC International Ltd.,INE389H01022,KEC,"  21,634.91 ",KEC,"  21,636.89 ",-, - ,"  21,635.90 ",Small Cap
339,Aadhar Housing Finance Limited,INE883F01010,AADHARHFC,"  21,636.16 ",AADHARHFC,"  21,627.10 ",-, - ,"  21,631.63 ",Small Cap
340,IIFL FINANCE LIMITED ,INE530B01024,IIFL,"  21,399.40 ",IIFL,"  21,398.64 ",-, - ,"  21,399.02 ",Small Cap
341,Redington Limited,INE891D01026,REDINGTON,"  21,393.29 ",REDINGTON,"  21,393.39 ",-, - ,"  21,393.34 ",Small Cap
342,Hatsun Agro Products Ltd.,INE473B01035,HATSUN,"  21,359.98 ",HATSUN,"  21,364.16 ",-, - ,"  21,362.07 ",Small Cap
343,CreditAccess Grameen Ltd.,INE741K01010,CREDITACC,"  21,268.38 ",CREDITACC,"  21,265.92 ",-, - ,"  21,267.15 ",Small Cap
344,Urban Company Limited,INE0CAZ01013,URBANCO,"  21,168.92 ",URBANCO,"  21,100.70 ",-, - ,"  21,134.81 ",Small Cap
345,JSW Holdings Limited,INE824G01012,JSWHL,"  21,053.46 ",JSWHL,"  21,062.70 ",-, - ,"  21,058.08 ",Small Cap
346,PUNJAB & SIND BANK,INE608A01012,PSB,"  21,026.53 ",PSB,"  21,025.18 ",-, - ,"  21,025.85 ",Small Cap
347,Onesource Specialty Pharma Limited,INE013P01021,ONESOURCE,"  20,904.41 ",ONESOURCE,"  20,905.79 ",-, - ,"  20,905.10 ",Small Cap
348,KALPATARU PROJECTS INTERNATIONAL LIMITED,INE220B01022,KPIL,"  20,879.38 ",KPIL,"  20,884.64 ",-, - ,"  20,882.01 ",Small Cap
349,Ather Energy Limited,INE0LEZ01016,ATHERENERG,"  20,851.53 ",ATHERENERG,"  20,750.02 ",-, - ,"  20,800.78 ",Small Cap
350,Sundram Fasteners Ltd.,INE387A01021,SUNDRMFAST,"  20,686.04 ",SUNDRMFAST,"  20,688.06 ",-, - ,"  20,687.05 ",Small Cap
351,ADITYA BIRLA REAL ESTATE LIMITED,INE055A01016,ABREL,"  20,443.24 ",ABREL,"  20,445.32 ",-, - ,"  20,444.28 ",Small Cap
352,Ola Electric Mobility Limited,INE0LXG01040,OLAELEC,"  20,391.20 ",OLAELEC,"  20,390.01 ",-, - ,"  20,390.60 ",Small Cap
353,Chalet Hotels Limited,INE427F01016,CHALET,"  20,367.89 ",CHALET,"  20,365.35 ",-, - ,"  20,366.62 ",Small Cap
354,Anant Raj Limited,INE242C01024,ANANTRAJ,"  20,543.64 ",ANANTRAJ,"  20,146.74 ",-, - ,"  20,345.19 ",Small Cap
355,Chambal Fertilisers & Chemicals Ltd,INE085A01013,CHAMBLFERT,"  20,317.27 ",CHAMBLFERT,"  20,316.46 ",-, - ,"  20,316.86 ",Small Cap
356,eClerx Services Limited,INE738I01010,ECLERX,"  20,100.75 ",ECLERX,"  20,101.35 ",-, - ,"  20,101.05 ",Small Cap
357,Castrol India Ltd,INE172A01027,CASTROLIND,"  19,988.71 ",CASTROLIND,"  19,987.94 ",-, - ,"  19,988.33 ",Small Cap
358,SCHNEIDER ELECTRIC INFRASTRUCTURE LIMITED,INE839M01018,SCHNEIDER,"  19,958.35 ",SCHNEIDER,"  19,958.39 ",-, - ,"  19,958.37 ",Small Cap
359,Poly Medicure Ltd,INE205C01021,POLYMED,"  19,949.92 ",POLYMED,"  19,948.66 ",-, - ,"  19,949.29 ",Small Cap
360,DCM Shriram Limited,INE499A01024,DCMSHRIRAM,"  19,787.72 ",DCMSHRIRAM,"  19,790.88 ",-, - ,"  19,789.30 ",Small Cap
361,Devyani International Limited,INE872J01023,DEVYANI,"  19,740.24 ",DEVYANI,"  19,546.76 ",-, - ,"  19,643.50 ",Small Cap
362,BASF India Ltd,INE373A01013,BASF,"  19,608.85 ",BASF,"  19,610.76 ",-, - ,"  19,609.81 ",Small Cap
363,Tenneco Clean Air India Limited,INE19RI01016,TENNIND,"  19,602.79 ",TENNIND,"  19,599.90 ",-, - ,"  19,601.35 ",Small Cap
364,Kansai Nerolac Paints,INE531A01024,KANSAINER,"  19,574.34 ",KANSAINER,"  19,574.82 ",-, - ,"  19,574.58 ",Small Cap
365,Neuland Laboratories Limited.,INE794A01010,NEULANDLAB,"  19,314.29 ",NEULANDLAB,"  19,317.16 ",-, - ,"  19,315.73 ",Small Cap
366,Crompton Greaves Consumer Electricals Limited,INE299U01018,CROMPTON,"  19,299.17 ",CROMPTON,"  19,297.92 ",-, - ,"  19,298.54 ",Small Cap
367,Computer Age Management Services Limited,INE596I01020,CAMS,"  19,283.89 ",CAMS,"  19,271.64 ",-, - ,"  19,277.76 ",Small Cap
368,E.I.D. Parry (India) Ltd.,INE126A01031,EIDPARRY,"  19,275.29 ",EIDPARRY,"  19,278.49 ",-, - ,"  19,276.89 ",Small Cap
369,KFin Technologies Limited,INE138Y01010,KFINTECH,"  19,261.81 ",KFINTECH,"  19,256.95 ",-, - ,"  19,259.38 ",Small Cap
370,Reliance Power Limited,INE614G01033,RPOWER,"  19,186.04 ",RPOWER,"  19,179.80 ",-, - ,"  19,182.92 ",Small Cap
371,Bikaji Foods International Limited,INE00E101023,BIKAJI,"  18,636.09 ",BIKAJI,"  18,639.89 ",-, - ,"  18,637.99 ",Small Cap
372,Kajaria Ceramics Ltd,INE217B01036,KAJARIACER,"  18,606.30 ",KAJARIACER,"  18,611.57 ",-, - ,"  18,608.94 ",Small Cap
373,Atul Limited.,INE100A01010,ATUL,"  18,555.17 ",ATUL,"  18,556.83 ",-, - ,"  18,556.00 ",Small Cap
374,Sarda Energy & Minerals Ltd,INE385C01021,SARDAEN,"  18,465.05 ",SARDAEN,"  18,466.71 ",-, - ,"  18,465.88 ",Small Cap
375,ALEMBIC PHARMACEUTICALS LIMITED,INE901L01018,APLLTD,"  18,407.28 ",APLLTD,"  18,406.97 ",-, - ,"  18,407.13 ",Small Cap
376,Deepak Fertilizers &Petrochemicals,INE501A01019,DEEPAKFERT,"  18,331.67 ",DEEPAKFERT,"  18,335.51 ",-, - ,"  18,333.59 ",Small Cap
377,Brainbees Solutions Limited,INE02RE01045,FIRSTCRY,"  18,306.37 ",FIRSTCRY,"  18,301.80 ",-, - ,"  18,304.09 ",Small Cap
378,JSW CEMENT LIMITED,INE718I01012,JSWCEMENT,"  18,253.21 ",JSWCEMENT,"  18,255.94 ",-, - ,"  18,254.57 ",Small Cap
379,Sai Life Sciences Limited,INE570L01029,SAILIFE,"  18,094.20 ",SAILIFE,"  18,063.51 ",-, - ,"  18,078.85 ",Small Cap
380,Capri Global Capital Limited,INE180C01042,CGCL,"  17,989.45 ",CGCL,"  17,988.26 ",-, - ,"  17,988.86 ",Small Cap
381,Amara Raja Energy & Mobility Limited,INE885A01032,ARE&M,"  17,871.56 ",ARE&M,"  17,873.44 ",-, - ,"  17,872.50 ",Small Cap
382,Grindwell Norton Ltd.,INE536A01023,GRINDWELL,"  17,855.91 ",GRINDWELL,"  17,857.48 ",-, - ,"  17,856.69 ",Small Cap
383,Vinati Organics Ltd.,INE410B01037,VINATIORGA,"  17,780.52 ",VINATIORGA,"  17,785.40 ",-, - ,"  17,782.96 ",Small Cap
384,Maharashtra Scooters Ltd.,INE288A01013,MAHSCOOTER,"  17,759.86 ",MAHSCOOTER,"  17,760.16 ",-, - ,"  17,760.01 ",Small Cap
385,JUBILANT PHARMOVA LIMITED,INE700A01033,JUBLPHARMA,"  17,701.55 ",JUBLPHARMA,"  17,704.96 ",-, - ,"  17,703.25 ",Small Cap
386,Zensar Technologies Ltd.,INE520A01027,ZENSARTECH,"  17,688.78 ",ZENSARTECH,"  17,686.83 ",-, - ,"  17,687.81 ",Small Cap
387,Five-Star Business Finance Ltd.,INE128S01021,FIVESTAR,"  17,604.03 ",FIVESTAR,"  17,602.73 ",-, - ,"  17,603.38 ",Small Cap
388,Triveni Turbine Limited,INE152M01016,TRITURBINE,"  17,480.38 ",TRITURBINE,"  17,481.71 ",-, - ,"  17,481.04 ",Small Cap
389,RBL Bank Limited,INE976G01028,RBLBANK,"  17,458.05 ",RBLBANK,"  17,414.11 ",-, - ,"  17,436.08 ",Small Cap
390,Carborundum Universal Ltd.,INE120A01034,CARBORUNIV,"  17,436.98 ",CARBORUNIV,"  17,434.39 ",-, - ,"  17,435.69 ",Small Cap
391,Gujarat State Petronet Ltd.,INE246F01010,GSPL,"  17,393.32 ",GSPL,"  17,393.70 ",-, - ,"  17,393.51 ",Small Cap
392,Ratnamani Metals & Tubes Ltd,INE703B01027,RATNAMANI,"  17,325.43 ",RATNAMANI,"  17,325.19 ",-, - ,"  17,325.31 ",Small Cap
393,PG Electroplast Limited,INE457L01029,PGEL,"  17,286.88 ",PGEL,"  17,271.74 ",-, - ,"  17,279.31 ",Small Cap
394,NAVA LIMITED,INE725A01030,NAVA,"  17,264.02 ",NAVA,"  17,264.80 ",-, - ,"  17,264.41 ",Small Cap
395,Ventive Hospitality Limited,INE781S01027,VENTIVE,"  17,258.99 ",VENTIVE,"  17,267.08 ",-, - ,"  17,263.04 ",Small Cap
396,City Union Bank Ltd,INE491A01021,CUB,"  17,207.04 ",CUB,"  17,204.29 ",-, - ,"  17,205.66 ",Small Cap
397,Century Plyboards (India) Ltd.,INE348B01021,CENTURYPLY,"  17,169.69 ",CENTURYPLY,"  17,180.06 ",-, - ,"  17,174.87 ",Small Cap
398,BEML Ltd,INE258A01024,BEML,"  16,943.38 ",BEML,"  16,944.92 ",-, - ,"  16,944.15 ",Small Cap
399,Vedant Fashions Limited,INE825V01034,MANYAVAR,"  16,924.38 ",MANYAVAR,"  16,925.30 ",-, - ,"  16,924.84 ",Small Cap
400,Aditya Birla Lifestyle Brands Limited,INE14LE01019,ABLBL,"  16,915.11 ",ABLBL,"  16,914.07 ",-, - ,"  16,914.59 ",Small Cap
401,NETWEB TECHNOLOGIES INDIA LIMITED,INE0NT901020,NETWEB,"  16,709.39 ",NETWEB,"  16,708.58 ",-, - ,"  16,708.98 ",Small Cap
402,TBO TEK LIMITED,INE673O01025,TBOTEK,"  16,664.44 ",TBOTEK,"  16,670.70 ",-, - ,"  16,667.57 ",Small Cap
403,Concord Biotech Limited,INE338H01029,CONCORDBIO,"  16,592.77 ",CONCORDBIO,"  16,595.52 ",-, - ,"  16,594.15 ",Small Cap
404,Aditya Infotech Limited,INE819V01029,CPPLUS,"  16,512.49 ",CPPLUS,"  16,501.70 ",-, - ,"  16,507.09 ",Small Cap
405,TRAVEL FOOD SERVICES LIMITED,INE103V01028,TRAVELFOOD,"  16,495.06 ",TRAVELFOOD,"  16,504.00 ",-, - ,"  16,499.53 ",Small Cap
406,UTI Asset Management Company Limited,INE094J01016,UTIAMC,"  16,428.23 ",UTIAMC,"  16,418.68 ",-, - ,"  16,423.46 ",Small Cap
407,Sobha Limited,INE671H01015,SOBHA,"  16,406.54 ",SOBHA,"  16,411.60 ",-, - ,"  16,409.07 ",Small Cap
408,LMW Limited,INE269B01029,LMW,"  16,312.50 ",LMW,"  16,315.09 ",-, - ,"  16,313.79 ",Small Cap
409,ACME Solar Holdings Limited,INE622W01025,ACMESOLAR,"  16,266.63 ",ACMESOLAR,"  16,261.38 ",-, - ,"  16,264.00 ",Small Cap
410,IRCON International Ltd,INE962Y01021,IRCON,"  16,191.09 ",IRCON,"  16,191.14 ",-, - ,"  16,191.11 ",Small Cap
411,Gabriel India Ltd.,INE524A01029,GABRIEL,"  16,167.58 ",GABRIEL,"  16,171.38 ",-, - ,"  16,169.48 ",Small Cap
412,Gujarat Mineral Development Corpora,INE131A01031,GMDCLTD,"  16,122.57 ",GMDCLTD,"  16,123.80 ",-, - ,"  16,123.19 ",Small Cap
413,Craftsman Automation Limited,INE00LO01017,CRAFTSMAN,"  16,014.38 ",CRAFTSMAN,"  16,020.43 ",-, - ,"  16,017.41 ",Small Cap
414,Choice International Ltd,INE102B01014,CHOICEIN,"  15,972.27 ",CHOICEIN,"  15,852.30 ",-, - ,"  15,912.29 ",Small Cap
415,Elgi Equipments Ltd.,INE285A01027,ELGIEQUIP,"  15,909.95 ",ELGIEQUIP,"  15,911.79 ",-, - ,"  15,910.87 ",Small Cap
416,Natco Pharma Ltd.,INE987B01026,NATCOPHARM,"  15,878.78 ",NATCOPHARM,"  15,876.80 ",-, - ,"  15,877.79 ",Small Cap
417,V-Guard Industries Ltd.,INE951I01027,VGUARD,"  15,852.18 ",VGUARD,"  15,849.24 ",-, - ,"  15,850.71 ",Small Cap
418,Aptus Value Housing Finance India Limited,INE852O01025,APTUS,"  15,833.18 ",APTUS,"  15,825.61 ",-, - ,"  15,829.39 ",Small Cap
419,CIE Automotive India Limited,INE536H01010,CIEINDIA,"  15,773.71 ",CIEINDIA,"  15,769.06 ",-, - ,"  15,771.38 ",Small Cap
420,SIGNATUREGLOBAL (INDIA) LIMITED,INE903U01023,SIGNATURE,"  15,769.05 ",SIGNATURE,"  15,770.96 ",-, - ,"  15,770.01 ",Small Cap
421,Techno Electric & Engineering Company Limited,INE285K01026,TECHNOE,"  15,738.63 ",TECHNOE,"  15,742.75 ",-, - ,"  15,740.69 ",Small Cap
422,Whirlpool of India Ltd,INE716A01013,WHIRLPOOL,"  15,738.00 ",WHIRLPOOL,"  15,740.42 ",-, - ,"  15,739.21 ",Small Cap
423,JM Financial Limited,INE780C01023,JMFINANCIL,"  15,704.79 ",JMFINANCIL,"  15,704.47 ",-, - ,"  15,704.63 ",Small Cap
424,GODAWARI POWER AND ISPAT LTD.,INE177H01039,GPIL,"  15,675.71 ",GPIL,"  15,675.54 ",-, - ,"  15,675.63 ",Small Cap
425,Afcons Infrastructure Limited,INE101I01011,AFCONS,"  15,616.87 ",AFCONS,"  15,615.64 ",-, - ,"  15,616.25 ",Small Cap
426,Akzo Nobel India Limited,INE133A01011,AKZOINDIA,"  15,607.75 ",AKZOINDIA,"  15,609.05 ",-, - ,"  15,608.40 ",Small Cap
427,Allied Blenders and Distillers Limited,INE552Z01027,ABDL,"  15,522.56 ",ABDL,"  15,523.35 ",-, - ,"  15,522.95 ",Small Cap
428,Caplin Point Laboratories Ltd.,INE475E01026,CAPLIPOINT,"  15,499.13 ",CAPLIPOINT,"  15,501.35 ",-, - ,"  15,500.24 ",Small Cap
429,Data Patterns (India) Limited,INE0IX101010,DATAPATTNS ,"  15,268.50 ",DATAPATTNS,"  15,270.23 ",-, - ,"  15,269.37 ",Small Cap
430,International Gemmological Institute India Limited,INE0Q9301021,IGIL,"  15,204.18 ",IGIL,"  15,203.77 ",-, - ,"  15,203.98 ",Small Cap
431,DOMS Industries Limited,INE321T01012,DOMS,"  15,193.51 ",DOMS,"  15,195.88 ",-, - ,"  15,194.70 ",Small Cap
432,LT Foods Limited,INE818H01020,LTFOODS,"  15,105.37 ",LTFOODS,"  15,104.14 ",-, - ,"  15,104.75 ",Small Cap
433,Kirloskar Brothers Ltd.,INE732A01036,KIRLOSBROS,"  15,092.88 ",KIRLOSBROS,"  15,093.49 ",-, - ,"  15,093.19 ",Small Cap
434,Dr. Agarwal's Health Care Limited,INE943P01029,AGARWALEYE,"  15,080.91 ",AGARWALEYE,"  15,076.22 ",-, - ,"  15,078.57 ",Small Cap
435,JBM Auto Limited,INE927D01051,JBMA,"  15,065.37 ",JBMA,"  15,063.36 ",-, - ,"  15,064.37 ",Small Cap
436,R R KABEL LIMITED,INE777K01022,RRKABEL,"  15,033.40 ",RRKABEL,"  15,035.22 ",-, - ,"  15,034.31 ",Small Cap
437,Great Eastern Shipping Co. Ltd.,INE017A01032,GESHIP,"  15,160.05 ",GESHIP,"  14,730.55 ",-, - ,"  14,945.30 ",Small Cap
438,GALLANTT ISPAT LIMITED,INE297H01019,GALLANTT,"  14,943.12 ",GALLANTT,"  14,937.67 ",-, - ,"  14,940.40 ",Small Cap
439,IFCI Ltd.,INE039A01010,IFCI,"  14,856.06 ",IFCI,"  14,853.16 ",-, - ,"  14,854.61 ",Small Cap
440,NIVA BUPA HEALTH INSURANCE COMPANY LIMITED,INE995S01015,NIVABUPA,"  14,769.67 ",NIVABUPA,"  14,761.88 ",-, - ,"  14,765.78 ",Small Cap
441,IndiaMART InterMESH Limited,INE933S01016,INDIAMART,"  14,757.15 ",INDIAMART,"  14,756.93 ",-, - ,"  14,757.04 ",Small Cap
442,Paradeep Phosphates Limited,INE088F01024,PARADEEP,"  14,728.40 ",PARADEEP,"  14,696.75 ",-, - ,"  14,712.57 ",Small Cap
443,Ceat Ltd.,INE482A01020,CEATLTD,"  14,685.81 ",CEATLTD,"  14,685.91 ",-, - ,"  14,685.86 ",Small Cap
444,Trident Ltd,INE064C01022,TRIDENT,"  14,666.16 ",TRIDENT,"  14,662.60 ",-, - ,"  14,664.38 ",Small Cap
445,Rainbow Children's Medicare Limited,INE961O01016,RAINBOW,"  14,494.07 ",RAINBOW,"  14,495.76 ",-, - ,"  14,494.92 ",Small Cap
446,INTELLECT DESIGN ARENA LIMITED,INE306R01017,INTELLECT,"  14,485.60 ",INTELLECT,"  14,475.84 ",-, - ,"  14,480.72 ",Small Cap
447,Syrma SGS Technology Limited,INE0DYJ01015,SYRMA,"  14,512.79 ",SYRMA,"  14,441.78 ",-, - ,"  14,477.29 ",Small Cap
448,Fine Organic Industries Limited,INE686Y01026,FINEORG,"  14,433.81 ",FINEORG,"  14,440.91 ",-, - ,"  14,437.36 ",Small Cap
449,Bata India Limited,INE176A01028,BATAINDIA,"  14,409.65 ",BATAINDIA,"  14,409.88 ",-, - ,"  14,409.76 ",Small Cap
450,Nuvoco Vistas Corporation Limited,INE118D01016,NUVOCO,"  14,409.37 ",NUVOCO,"  14,409.93 ",-, - ,"  14,409.65 ",Small Cap
451,Swan Corp Limited,INE665A01038,SWANCORP,"  14,373.52 ",SWANCORP,"  14,375.67 ",-, - ,"  14,374.59 ",Small Cap
452,Kirloskar Oil Engines Limited,INE146L01010,KIRLOSENG,"  14,319.85 ",KIRLOSENG,"  14,316.86 ",-, - ,"  14,318.36 ",Small Cap
453,BLS International Services Ltd,INE153T01027,BLS,"  14,271.30 ",BLS,"  14,268.15 ",-, - ,"  14,269.72 ",Small Cap
454,Aarti Industries Ltd,INE769A01020,AARTIIND,"  14,252.25 ",AARTIIND,"  14,250.61 ",-, - ,"  14,251.43 ",Small Cap
455,Leela Palaces Hotels & Resorts Limited,INE0AQ201015,THELEELA,"  14,179.89 ",THELEELA,"  14,180.04 ",-, - ,"  14,179.96 ",Small Cap
456,Emmvee Photovoltaic Power Limited,INE1C6T01020,EMMVEE,"  14,167.05 ",EMMVEE,"  14,164.33 ",-, - ,"  14,165.69 ",Small Cap
457,Supreme Petrochem Ltd.,INE663A01033,SPLPETRO,"  14,131.70 ",SPLPETRO,"  14,137.60 ",-, - ,"  14,134.65 ",Small Cap
458,Blue Dart Express Ltd.,INE233B01017,BLUEDART,"  14,036.27 ",BLUEDART,"  14,035.39 ",-, - ,"  14,035.83 ",Small Cap
459,Zydus Wellness Limited,INE768C01028,ZYDUSWELL,"  14,010.62 ",ZYDUSWELL,"  14,013.63 ",-, - ,"  14,012.13 ",Small Cap
460,KSB LIMITED,INE999A01023,KSB,"  13,962.97 ",KSB,"  13,968.64 ",-, - ,"  13,965.80 ",Small Cap
461,PCBL Chemical Limited,INE602A01031,PCBL,"  13,943.93 ",PCBL,"  13,896.25 ",-, - ,"  13,920.09 ",Small Cap
462,JUPITER WAGONS LIMITED,INE209L01016,JWL,"  13,826.91 ",JWL,"  13,827.72 ",-, - ,"  13,827.32 ",Small Cap
463,Cemindia Projects Limited,INE686A01026,CEMPRO,"  13,794.89 ",CEMPRO,"  13,797.07 ",-, - ,"  13,795.98 ",Small Cap
464,Zen Technologies Ltd.,INE251B01027,ZENTEC,"  13,549.35 ",ZENTEC,"  13,552.42 ",-, - ,"  13,550.89 ",Small Cap
465,Jain Resource Recycling Limited,INE0YD401026,JAINREC,"  13,342.52 ",JAINREC,"  13,339.89 ",-, - ,"  13,341.20 ",Small Cap
466,Indian Energy Exchange Limited,INE022Q01020,IEX,"  13,370.06 ",IEX,"  13,267.53 ",-, - ,"  13,318.80 ",Small Cap
467,Godrej Agrovet Limited,INE850D01014,GODREJAGRO,"  13,316.11 ",GODREJAGRO,"  13,318.14 ",-, - ,"  13,317.12 ",Small Cap
468,The Bombay Burmah Trading Corporation Ltd.,INE050A01025,BBTC,"  13,254.34 ",BBTC,"  13,255.59 ",-, - ,"  13,254.97 ",Small Cap
469,Cyient Limited,INE136B01020,CYIENT,"  13,217.84 ",CYIENT,"  13,215.58 ",-, - ,"  13,216.71 ",Small Cap
470,Indegene Limited,INE065X01017,INDGN,"  13,214.30 ",INDGN,"  13,214.10 ",-, - ,"  13,214.20 ",Small Cap
471,AAVAS Financiers Limited,INE216P01012,AAVAS,"  13,171.56 ",AAVAS,"  13,171.22 ",-, - ,"  13,171.39 ",Small Cap
472,Minda Corporation Limited,INE842C01021,MINDACORP,"  13,120.10 ",MINDACORP,"  13,122.02 ",-, - ,"  13,121.06 ",Small Cap
473,BELRISE INDUSTRIES LIMITED,INE894V01022,BELRISE,"  13,106.72 ",BELRISE,"  13,107.34 ",-, - ,"  13,107.03 ",Small Cap
474,Cello World Limited,INE0LMW01024,CELLO,"  13,099.16 ",CELLO,"  13,098.12 ",-, - ,"  13,098.64 ",Small Cap
475,Jaiprakash Power Ventures Limited,INE351F01018,JPPOWER,"  13,061.01 ",JPPOWER,"  13,056.87 ",-, - ,"  13,058.94 ",Small Cap
476,Transformers and Rectifiers (India) Limited,INE763I01026,TARIL,"  13,005.86 ",TARIL,"  13,004.89 ",-, - ,"  13,005.38 ",Small Cap
477,Newgen Software Technologies Limited,INE619B01017,NEWGEN,"  12,934.59 ",NEWGEN,"  12,917.28 ",-, - ,"  12,925.94 ",Small Cap
478,Anupam Rasayan India Limited,INE930P01018,ANURAS,"  12,912.65 ",ANURAS,"  12,878.62 ",-, - ,"  12,895.63 ",Small Cap
479,Granules India Ltd.,INE101D01020,GRANULES,"  12,802.41 ",GRANULES,"  12,804.91 ",-, - ,"  12,803.66 ",Small Cap
480,Home First Finance Company India Limited,INE481N01025,HOMEFIRST,"  12,797.70 ",HOMEFIRST,"  12,784.63 ",-, - ,"  12,791.17 ",Small Cap
481,GRAVITA INDIA LIMITED,INE024L01027,GRAVITA,"  12,784.91 ",GRAVITA,"  12,785.50 ",-, - ,"  12,785.21 ",Small Cap
482,Mahanagar Gas Limited,INE002S01010,MGL,"  12,768.83 ",MGL,"  12,769.51 ",-, - ,"  12,769.17 ",Small Cap
483,Usha Martin Ltd.,INE228A01035,USHAMART,"  12,707.77 ",USHAMART,"  12,709.41 ",-, - ,"  12,708.59 ",Small Cap
484,Tega Industries Limited,INE011K01018,TEGA,"  12,697.25 ",TEGA,"  12,681.98 ",-, - ,"  12,689.61 ",Small Cap
485,Lemon Tree Hotels Limited,INE970X01018,LEMONTREE,"  12,684.46 ",LEMONTREE,"  12,684.48 ",-, - ,"  12,684.47 ",Small Cap
486,Vardhman Textiles Limted,INE825A01020,VTL,"  12,679.56 ",VTL,"  12,677.56 ",-, - ,"  12,678.56 ",Small Cap
487,NCC Limited,INE868B01028,NCC,"  12,649.94 ",NCC,"  12,650.25 ",-, - ,"  12,650.09 ",Small Cap
488,Finolex Cables Ltd.,INE235A01022,FINCABLES,"  12,635.55 ",FINCABLES,"  12,637.25 ",-, - ,"  12,636.40 ",Small Cap
489,Action Construction Equipments Ltd.,INE731H01025,ACE,"  12,619.38 ",ACE,"  12,619.00 ",-, - ,"  12,619.19 ",Small Cap
490,SKF INDIA (INDUSTRIAL) LIMITED,INE2J8701016,SKFINDUS,"  12,609.77 ",SKFINDUS,"  12,626.10 ",-, - ,"  12,617.93 ",Small Cap
491,EMBASSY DEVELOPMENTS LIMITED,INE069I01010,EMBDL,"  12,701.47 ",EMBDL,"  12,445.45 ",-, - ,"  12,573.46 ",Small Cap
492,Elecon Engineering Co.Ltd.,INE205B01031,ELECON,"  12,486.16 ",ELECON,"  12,486.57 ",-, - ,"  12,486.37 ",Small Cap
493,Jindal Saw Ltd.,INE324A01032,JINDALSAW,"  12,425.67 ",JINDALSAW,"  12,426.31 ",-, - ,"  12,425.99 ",Small Cap
494,Inox Wind Energy Limited,INE0FLR01028,IWEL,"  12,410.75 ",-, - ,-, - ,"  12,410.75 ",Small Cap
495,WELSPUN LIVING LIMITED,INE192B01031,WELSPUNLIV,"  12,330.25 ",WELSPUNLIV,"  12,331.19 ",-, - ,"  12,330.72 ",Small Cap
496,NMDC Steel Limited,INE0NNS01018,NSLNISP,"  12,252.03 ",NSLNISP,"  12,248.42 ",-, - ,"  12,250.22 ",Small Cap
497,ACUTAAS CHEMICALS LIMITED,INE00FF01025,ACUTAAS,"  12,190.95 ",ACUTAAS,"  12,190.94 ",-, - ,"  12,190.94 ",Small Cap
498,RITES Limited,INE320J01015,RITES,"  12,178.35 ",RITES,"  12,178.07 ",-, - ,"  12,178.21 ",Small Cap
499,CCL Products (India) Ltd.,INE421D01022,CCL,"  12,161.65 ",CCL,"  12,168.42 ",-, - ,"  12,165.04 ",Small Cap
500,Finolex Industries Ltd.,INE183A01024,FINPIPE,"  12,094.47 ",FINPIPE,"  12,092.41 ",-, - ,"  12,093.44 ",Small Cap
501,Sammaan Capital Limited,INE148I01020,SAMMAANCAP,"  12,088.31 ",SAMMAANCAP,"  12,088.20 ",-, - ,"  12,088.26 ",Small Cap
502,Ingersoll-Rand (India) Ltd.,INE177A01018,INGERRAND,"  12,067.73 ",INGERRAND,"  12,067.44 ",-, - ,"  12,067.59 ",Small Cap
503,India Cements Ltd.,INE383A01012,INDIACEM,"  12,014.16 ",INDIACEM,"  12,016.88 ",-, - ,"  12,015.52 ",Small Cap
504,Blue Jet Healthcare Limited,INE0KBH01020,BLUEJET,"  11,961.87 ",BLUEJET,"  11,961.47 ",-, - ,"  11,961.67 ",Small Cap
505,CarTrade Tech Limited,INE290S01011,CARTRADE,"  11,969.09 ",CARTRADE,"  11,950.76 ",-, - ,"  11,959.93 ",Small Cap
506,Chennai Petroleum Corporation Ltd.,INE178A01016,CHENNPETRO,"  11,917.78 ",CHENNPETRO,"  11,920.69 ",-, - ,"  11,919.24 ",Small Cap
507,TSF Investments Ltd.,INE202Z01029,-, - ,TSFINV,"  11,907.24 ",-, - ,"  11,907.24 ",Small Cap
508,SBFC Finance Limited,INE423Y01016,SBFC,"  11,888.82 ",SBFC,"  11,872.31 ",-, - ,"  11,880.57 ",Small Cap
509,Canara HSBC Life Insurance Company Limited,INE01TY01017,CANHLIFE,"  11,799.65 ",CANHLIFE,"  11,802.04 ",-, - ,"  11,800.84 ",Small Cap
510,RailTel Corporation of India Limited,INE0DD101019,RAILTEL,"  11,782.60 ",RAILTEL,"  11,783.20 ",-, - ,"  11,782.90 ",Small Cap
511,Clean Science and Technology Limited,INE227W01023,CLEAN,"  11,732.73 ",CLEAN,"  11,731.51 ",-, - ,"  11,732.12 ",Small Cap
512,TITAGARH RAIL SYSTEMS LIMITED,INE615H01020,TITAGARH,"  11,720.93 ",TITAGARH,"  11,721.28 ",-, - ,"  11,721.11 ",Small Cap
513,JYOTHY LABS LIMITED,INE668F01031,JYOTHYLAB,"  11,720.50 ",JYOTHYLAB,"  11,719.65 ",-, - ,"  11,720.07 ",Small Cap
514,SHRIRAM PISTONS & RINGS LTD,INE526E01018,SHRIPISTON,"  11,708.64 ",SHRIPISTON,"  11,712.37 ",-, - ,"  11,710.50 ",Small Cap
515,ALIVUS LIFE SCIENCES LIMITED,INE03Q201024,ALIVUS,"  11,606.67 ",ALIVUS,"  11,605.41 ",-, - ,"  11,606.04 ",Small Cap
516,Engineers India Ltd.,INE510A01028,ENGINERSIN,"  11,601.29 ",ENGINERSIN,"  11,602.98 ",-, - ,"  11,602.13 ",Small Cap
517,Jammu and Kashmir Bank Ltd.,INE168A01041,J&KBANK,"  11,565.04 ",J&KBANK,"  11,564.68 ",-, - ,"  11,564.86 ",Small Cap
518,OLECTRA GREENTECH LIMITED,INE260D01016,OLECTRA,"  11,559.56 ",OLECTRA,"  11,558.75 ",-, - ,"  11,559.15 ",Small Cap
519,G R Infraprojects Limited,INE201P01022,GRINFRA,"  11,554.82 ",GRINFRA,"  11,556.65 ",-, - ,"  11,555.74 ",Small Cap
520,Sanofi India Ltd,INE058A01010,SANOFI,"  11,413.95 ",SANOFI,"  11,410.40 ",-, - ,"  11,412.18 ",Small Cap
521,Jubilant Ingrevia Limited,INE0BY001018,JUBLINGREA,"  11,409.71 ",JUBLINGREA,"  11,412.11 ",-, - ,"  11,410.91 ",Small Cap
522,Sanofi Consumer Healthcare India Limited,INE0UOS01011,SANOFICONR,"  11,294.48 ",SANOFICONR,"  11,300.20 ",-, - ,"  11,297.34 ",Small Cap
523,Eureka Forbes Limited,INE0KCE01017,EUREKAFORB,"  11,218.24 ",EUREKAFORB,"  11,220.36 ",-, - ,"  11,219.30 ",Small Cap
524,WAAREE RENEWABLE TECHNOLOGIES LIMITED,INE299N01021,WAAREERTL,"  11,173.19 ",WAAREERTL,"  11,170.46 ",-, - ,"  11,171.82 ",Small Cap
525,Relaxo Footwears Ltd.,INE131B01039,RELAXO,"  11,144.82 ",RELAXO,"  11,144.87 ",-, - ,"  11,144.85 ",Small Cap
526,Prudent Corporate Advisory Services Limited,INE00F201020,PRUDENT,"  11,144.25 ",PRUDENT,"  11,143.89 ",-, - ,"  11,144.07 ",Small Cap
527,Vikram Solar Limited,INE078V01014,VIKRAMSOLR,"  11,039.08 ",VIKRAMSOLR,"  11,033.45 ",-, - ,"  11,036.27 ",Small Cap
528,Tata Teleservices (Maharashtra) Ltd.,INE517B01013,TTML,"  11,031.58 ",TTML,"  11,028.69 ",-, - ,"  11,030.14 ",Small Cap
529,Can Fin Homes Ltd.,INE477A01020,CANFINHOME,"  10,931.58 ",CANFINHOME,"  10,933.63 ",-, - ,"  10,932.60 ",Small Cap
530,BIRLASOFT LIMITED,INE836A01035,BSOFT,"  10,900.63 ",BSOFT,"  10,896.54 ",-, - ,"  10,898.59 ",Small Cap
531,Graphite India Ltd.,INE371A01025,GRAPHITE,"  10,876.70 ",GRAPHITE,"  10,877.42 ",-, - ,"  10,877.06 ",Small Cap
532,JK Tyre & Industries Ltd.,INE573A01042,JKTYRE,"  10,822.24 ",JKTYRE,"  10,823.21 ",-, - ,"  10,822.73 ",Small Cap
533,BlackBuck Limited,INE0UIZ01018,BLACKBUCK,"  10,797.51 ",BLACKBUCK,"  10,757.39 ",-, - ,"  10,777.45 ",Small Cap
534,Zee Entertainment Enterprises Ltd.,INE256A01028,ZEEL,"  10,743.64 ",ZEEL,"  10,743.69 ",-, - ,"  10,743.67 ",Small Cap
535,Safari Industries (India) Ltd.,INE429E01023,SAFARI,"  10,742.31 ",SAFARI,"  10,740.36 ",-, - ,"  10,741.33 ",Small Cap
536,INOX India Limited,INE616N01034,INOXINDIA,"  10,689.96 ",INOXINDIA,"  10,691.27 ",-, - ,"  10,690.61 ",Small Cap
537,HFCL LIMITED,INE548A01028,HFCL,"  10,693.56 ",HFCL,"  10,679.80 ",-, - ,"  10,686.68 ",Small Cap
538,RUBICON RESEARCH LIMITED,INE506V01022,RUBICON,"  10,637.44 ",RUBICON,"  10,638.21 ",-, - ,"  10,637.82 ",Small Cap
539,PVR INOX LIMITED,INE191H01014,PVRINOX,"  10,616.16 ",PVRINOX,"  10,617.46 ",-, - ,"  10,616.81 ",Small Cap
540,JK Lakshmi Cement Limited,INE786A01032,JKLAKSHMI,"  10,578.23 ",JKLAKSHMI,"  10,558.64 ",-, - ,"  10,568.44 ",Small Cap
541,Shipping Corporation Of India Ltd,INE109A01011,SCI,"  10,561.47 ",SCI,"  10,562.20 ",-, - ,"  10,561.84 ",Small Cap
542,Vijaya Diagnostic Centre Limited,INE043W01024,VIJAYA,"  10,549.94 ",VIJAYA,"  10,551.41 ",-, - ,"  10,550.68 ",Small Cap
543,PRIVI SPECIALITY CHEMICALS LIMITED,INE959A01019,PRIVISCL,"  10,530.91 ",PRIVISCL,"  10,533.25 ",-, - ,"  10,532.08 ",Small Cap
544,Sonata Software Ltd.,INE269A01021,SONATSOFTW,"  10,506.78 ",SONATSOFTW,"  10,504.93 ",-, - ,"  10,505.85 ",Small Cap
545,Aether Industries Limited,INE0BWX01014,AETHER,"  10,420.65 ",AETHER,"  10,423.01 ",-, - ,"  10,421.83 ",Small Cap
546,Azad Engineering Limited,INE02IJ01035,AZAD,"  10,421.70 ",AZAD,"  10,421.34 ",-, - ,"  10,421.52 ",Small Cap
547,Nazara Technologies Limited,INE418L01047,NAZARA,"  10,458.62 ",NAZARA,"  10,381.03 ",-, - ,"  10,419.83 ",Small Cap
548,Edelweiss Financial Services Ltd.,INE532F01054,EDELWEISS,"  10,411.88 ",EDELWEISS,"  10,410.88 ",-, - ,"  10,411.38 ",Small Cap
549,Metropolis Healthcare Limited,INE112L01020,METROPOLIS,"  10,325.88 ",METROPOLIS,"  10,326.83 ",-, - ,"  10,326.35 ",Small Cap
550,Le Travenues Technology Limited,INE0HV901016,IXIGO,"  10,385.50 ",IXIGO,"  10,261.08 ",-, - ,"  10,323.29 ",Small Cap
551,LLOYDS ENTERPRISES LIMITED,INE080I01025,LLOYDSENT,"  10,403.13 ",LLOYDSENT,"  10,106.77 ",-, - ,"  10,254.95 ",Small Cap
552,Balrampur Chini Mills Ltd.,INE119A01028,BALRAMCHIN,"  10,252.41 ",BALRAMCHIN,"  10,253.10 ",-, - ,"  10,252.75 ",Small Cap
553,Vesuvius India Ltd.,INE386A01023,VESUVIUS,"  10,245.54 ",VESUVIUS,"  10,246.44 ",-, - ,"  10,245.99 ",Small Cap
554,WESTLIFE FOODWORLD LIMITED,INE274F01020,WESTLIFE,"  10,238.84 ",WESTLIFE,"  10,240.64 ",-, - ,"  10,239.74 ",Small Cap
555,ramkrishna forgings Ltd.,INE399G01023,RKFORGE,"  10,236.81 ",RKFORGE,"  10,237.36 ",-, - ,"  10,237.08 ",Small Cap
556,Genus Power Infrastructures Ltd,INE955D01029,GENUSPOWER,"  10,142.77 ",GENUSPOWER,"  10,142.07 ",-, - ,"  10,142.42 ",Small Cap
557,Star Cement Limited,INE460H01021,STARCEMENT,"  10,009.59 ",STARCEMENT,"  10,215.16 ",-, - ,"  10,112.38 ",Small Cap
558,HEG Ltd.,INE545A01024,HEG,"  10,079.20 ",HEG,"  10,079.19 ",-, - ,"  10,079.19 ",Small Cap
559,PROCTER & GAMBLE HEALTH LIMITED,INE199A01012,PGHL,"  10,014.12 ",PGHL,"  10,016.85 ",-, - ,"  10,015.49 ",Small Cap
560,Time Technoplast Limited,INE508G01029,TIMETECHNO,"  10,036.19 ",TIMETECHNO,"  9,964.94 ",-, - ,"  10,000.56 ",Small Cap
561,Reliance Infrastructure Ltd,INE036A01016,RELINFRA,"  10,042.88 ",RELINFRA,"  9,947.14 ",-, - ,"  9,995.01 ",Small Cap
562,Tejas Networks Limited,INE010J01012,TEJASNET,"  9,997.93 ",TEJASNET,"  9,989.20 ",-, - ,"  9,993.56 ",Small Cap
563,Alkyl Amines Chemicals Ltd.,INE150B01039,ALKYLAMINE,"  9,989.52 ",ALKYLAMINE,"  9,991.92 ",-, - ,"  9,990.72 ",Small Cap
564,Shaily Engineering Plastics Ltd.,INE151G01028,SHAILY,"  9,987.19 ",SHAILY,"  9,987.55 ",-, - ,"  9,987.37 ",Small Cap
565,Banco Products (India) Ltd.,INE213C01025,BANCOINDIA,"  9,932.05 ",BANCOINDIA,"  9,931.91 ",-, - ,"  9,931.98 ",Small Cap
566,RRP SEMICONDUCTOR LIMITED,INE713N01013,RRP,"  9,902.70 ",-, - ,-, - ,"  9,902.70 ",Small Cap
567,Avanti Feeds ltd.,INE871C01038,AVANTIFEED,"  9,879.68 ",AVANTIFEED,"  9,879.12 ",-, - ,"  9,879.40 ",Small Cap
568,IIFL CAPITAL SERVICES LIMITED,INE489L01022,IIFLCAPS,"  9,864.04 ",IIFLCAPS,"  9,856.99 ",-, - ,"  9,860.51 ",Small Cap
569,Shakti Pumps (India) Ltd.,INE908D01010,SHAKTIPUMP,"  9,917.98 ",SHAKTIPUMP,"  9,795.94 ",-, - ,"  9,856.96 ",Small Cap
570,ASK Automotive Limited,INE491J01022,ASKAUTOLTD,"  9,832.94 ",ASKAUTOLTD,"  9,831.24 ",-, - ,"  9,832.09 ",Small Cap
571,Medplus Health Services Limited,INE804L01022,MEDPLUS,"  9,822.32 ",MEDPLUS,"  9,823.77 ",-, - ,"  9,823.05 ",Small Cap
572,SKF India Ltd.,INE640A01023,SKFINDIA,"  9,790.61 ",SKFINDIA,"  9,779.39 ",-, - ,"  9,785.00 ",Small Cap
573,Aditya Birla Fashion and Retail Limited,INE647O01011,ABFRL,"  9,756.04 ",ABFRL,"  9,755.60 ",-, - ,"  9,755.82 ",Small Cap
574,MMTC Ltd.,INE123F01029,MMTC,"  9,732.12 ",MMTC,"  9,732.62 ",-, - ,"  9,732.37 ",Small Cap
575,Sudarshan Chemical Indus. Ltd.,INE659A01023,SUDARSCHEM,"  9,731.84 ",SUDARSCHEM,"  9,732.28 ",-, - ,"  9,732.06 ",Small Cap
576,RHI MAGNESITA INDIA LIMITED,INE743M01012,RHIM,"  9,721.70 ",RHIM,"  9,722.96 ",-, - ,"  9,722.33 ",Small Cap
577,Aequs Limited,INE947N01017,AEQUS,"  9,690.45 ",AEQUS,"  9,686.74 ",-, - ,"  9,688.59 ",Small Cap
578,India Shelter Finance Corporation Limited,INE922K01024,INDIASHLTR,"  9,626.97 ",INDIASHLTR,"  9,610.72 ",-, - ,"  9,618.84 ",Small Cap
579,Jupiter Life Line Hospitals Limited,INE682M01012,JLHL,"  9,608.91 ",JLHL,"  9,612.06 ",-, - ,"  9,610.49 ",Small Cap
580,Astra Microwave Products Ltd.,INE386C01029,ASTRAMICRO,"  9,591.94 ",ASTRAMICRO,"  9,593.73 ",-, - ,"  9,592.83 ",Small Cap
581,TD Power Systems Ltd,INE419M01027,TDPOWERSYS,"  9,556.07 ",TDPOWERSYS,"  9,559.58 ",-, - ,"  9,557.82 ",Small Cap
582,KPI Green Energy Limited,INE542W01025,KPIGREEN,"  9,517.57 ",KPIGREEN,"  9,517.86 ",-, - ,"  9,517.72 ",Small Cap
583,Transrail Lighting Limited,INE454P01035,TRANSRAILL,"  9,513.06 ",TRANSRAILL,"  9,513.51 ",-, - ,"  9,513.28 ",Small Cap
584,Kama Holdings Limited,INE411F01010,KAMAHOLD,"  9,505.36 ",-, - ,-, - ,"  9,505.36 ",Small Cap
585,Birla Corporation Ltd.,INE340A01012,BIRLACORPN,"  9,492.74 ",BIRLACORPN,"  9,493.29 ",-, - ,"  9,493.02 ",Small Cap
586,Sapphire Foods India Limited,INE806T01020,SAPPHIRE,"  9,452.06 ",SAPPHIRE,"  9,451.14 ",-, - ,"  9,451.60 ",Small Cap
587,C.E. Info Systems Limited,INE0BV301023,MAPMYINDIA,"  9,440.78 ",MAPMYINDIA,"  9,432.35 ",-, - ,"  9,436.57 ",Small Cap
588,Ujjivan Small Finance Bank Limited,INE551W01018,UJJIVANSFB,"  9,433.32 ",UJJIVANSFB,"  9,430.81 ",-, - ,"  9,432.06 ",Small Cap
589,HealthCare Global Enterprises Limited,INE075I01017,HCG,"  9,415.23 ",HCG,"  9,413.29 ",-, - ,"  9,414.26 ",Small Cap
590,Nesco Ltd,INE317F01035,NESCO,"  9,355.87 ",NESCO,"  9,356.71 ",-, - ,"  9,356.29 ",Small Cap
591,Happy Forgings Limited,INE330T01021,HAPPYFORGE,"  9,250.72 ",HAPPYFORGE,"  9,256.51 ",-, - ,"  9,253.61 ",Small Cap
592,Honasa Consumer Limited,INE0J5401028,HONASA,"  9,245.85 ",HONASA,"  9,245.36 ",-, - ,"  9,245.61 ",Small Cap
593,KRBL Ltd.,INE001B01026,KRBL,"  9,180.51 ",KRBL,"  9,179.62 ",-, - ,"  9,180.07 ",Small Cap
594,Jeena Sikho Lifecare Limited,INE0J5801029,JSLL,"  9,141.92 ",JSLL,"  9,138.47 ",-, - ,"  9,140.19 ",Small Cap
595,Varroc Engineering Limited,INE665L01035,VARROC,"  9,138.78 ",VARROC,"  9,139.95 ",-, - ,"  9,139.36 ",Small Cap
596,Sansera Engineering Limited,INE953O01021,SANSERA,"  9,119.66 ",SANSERA,"  9,107.24 ",-, - ,"  9,113.45 ",Small Cap
597,Latent View Analytics Limited,INE0I7C01011,LATENTVIEW,"  9,087.09 ",LATENTVIEW,"  9,083.20 ",-, - ,"  9,085.14 ",Small Cap
598,BlueStone Jewellery and Lifestyle Limited,INE304W01038,BLUESTONE,"  9,026.62 ",BLUESTONE,"  9,025.99 ",-, - ,"  9,026.31 ",Small Cap
599,VA Tech Wabag Limited,INE956G01038,WABAG,"  9,014.55 ",WABAG,"  9,012.45 ",-, - ,"  9,013.50 ",Small Cap
600,Tilaknagar Industries Ltd,INE133E01013,TI,"  9,049.27 ",TI,"  8,969.20 ",-, - ,"  9,009.23 ",Small Cap
601,Bengal & Assam Company Limited,INE083K01017,BENGALASM,"  8,958.97 ",-, - ,-, - ,"  8,958.97 ",Small Cap
602,Alok Industries Ltd.,INE270A01029,ALOKINDS,"  8,931.68 ",ALOKINDS,"  8,928.92 ",-, - ,"  8,930.30 ",Small Cap
603,Sandur Manganese & Iron Ores Ltd.,INE149K01016,SANDUMA,"  8,928.54 ",SANDUMA,"  8,926.57 ",-, - ,"  8,927.55 ",Small Cap
604,TTK Prestige Ltd.,INE690A01028,TTKPRESTIG,"  8,855.95 ",TTKPRESTIG,"  8,856.71 ",-, - ,"  8,856.33 ",Small Cap
605,Marksans Pharma Ltd.,INE750C01026,MARKSANS,"  8,841.84 ",MARKSANS,"  8,844.33 ",-, - ,"  8,843.08 ",Small Cap
606,Transport Corporation of India Ltd,INE688A01022,TCI,"  8,832.06 ",TCI,"  8,825.91 ",-, - ,"  8,828.98 ",Small Cap
607,LLOYDS ENGINEERING WORKS LIMITED,INE093R01011,LLOYDSENGG,"  8,931.22 ",LLOYDSENGG,"  8,716.17 ",-, - ,"  8,823.69 ",Small Cap
608,BLACK BOX LIMITED,INE676A01027,BBOX,"  8,804.33 ",BBOX,"  8,794.99 ",-, - ,"  8,799.66 ",Small Cap
609,Power Mech Projects Limited,INE211R01019,POWERMECH,"  8,795.14 ",POWERMECH,"  8,793.29 ",-, - ,"  8,794.22 ",Small Cap
610,Orkla India Limited,INE16NZ01023,ORKLAINDIA,"  8,782.17 ",ORKLAINDIA,"  8,782.31 ",-, - ,"  8,782.24 ",Small Cap
611,South Indian Bank Ltd.,INE683A01023,SOUTHBANK,"  8,752.13 ",SOUTHBANK,"  8,750.54 ",-, - ,"  8,751.34 ",Small Cap
612,Sri Lotus Developers and Realty Limited,INE0V9Q01010,LOTUSDEV,"  8,689.19 ",LOTUSDEV,"  8,686.98 ",-, - ,"  8,688.08 ",Small Cap
613,Jai Balaji Industries Limited,INE091G01026,JAIBALAJI,"  8,649.91 ",JAIBALAJI,"  8,647.07 ",-, - ,"  8,648.49 ",Small Cap
614,Saregama India Ltd.,INE979A01025,SAREGAMA,"  8,635.28 ",SAREGAMA,"  8,636.04 ",-, - ,"  8,635.66 ",Small Cap
615,Kirloskar Ferrous Industries Ltd.,INE884B01025,KIRLFER,"  8,620.59 ",-, - ,-, - ,"  8,620.59 ",Small Cap
616,PC JEWELLER LIMITED,INE785M01021,PCJEWELLER,"  8,577.06 ",PCJEWELLER,"  8,504.07 ",-, - ,"  8,540.57 ",Small Cap
617,Lumax Auto Technologies Ltd.,INE872H01027,LUMAXTECH,"  8,475.90 ",LUMAXTECH,"  8,477.54 ",-, - ,"  8,476.72 ",Small Cap
618,Corona Remedies Limited ,INE02ZQ01018,CORONA,"  8,453.45 ",CORONA,"  8,454.36 ",-, - ,"  8,453.90 ",Small Cap
619,TANLA PLATFORMS LIMITED,INE483C01032,TANLA,"  8,409.80 ",TANLA,"  8,414.86 ",-, - ,"  8,412.33 ",Small Cap
620,VALOR ESTATE LIMITED,INE879I01012,DBREALTY,"  8,405.74 ",DBREALTY,"  8,399.89 ",-, - ,"  8,402.82 ",Small Cap
621,Manorama Industries Limited,INE00VM01036,MANORAMA,"  8,395.09 ",MANORAMA,"  8,394.70 ",-, - ,"  8,394.90 ",Small Cap
622,Arvind Ltd.,INE034A01011,ARVIND,"  8,381.02 ",ARVIND,"  8,381.54 ",-, - ,"  8,381.28 ",Small Cap
623,Elantas Beck India Ltd,INE280B01018,ELANTAS,"  8,368.91 ",-, - ,-, - ,"  8,368.91 ",Small Cap
624,Apollo Micro Systems Limited,INE713T01028,APOLLO,"  8,395.17 ",APOLLO,"  8,332.11 ",-, - ,"  8,363.64 ",Small Cap
625,P N GADGIL JEWELLERS LIMITED,INE953R01016,PNGJL,"  8,329.52 ",PNGJL,"  8,328.24 ",-, - ,"  8,328.88 ",Small Cap
626,Maharashtra Seamless Ltd.,INE271B01025,MAHSEAMLES,"  8,327.11 ",MAHSEAMLES,"  8,328.22 ",-, - ,"  8,327.67 ",Small Cap
627,Happiest Minds Technologies Limited,INE419U01012,HAPPSTMNDS,"  8,327.36 ",HAPPSTMNDS,"  8,327.40 ",-, - ,"  8,327.38 ",Small Cap
628,Campus Activewear Limited,INE278Y01022,CAMPUS,"  8,324.99 ",CAMPUS,"  8,326.32 ",-, - ,"  8,325.66 ",Small Cap
629,Religare Enterprises Ltd,INE621H01010,RELIGARE,"  8,324.24 ",RELIGARE,"  8,325.77 ",-, - ,"  8,325.00 ",Small Cap
630,GMR Power and Urban Infra Limited,INE0CU601026,GMRP&UI,"  8,320.15 ",GMRP&UI,"  8,320.72 ",-, - ,"  8,320.44 ",Small Cap
631,Mrs. Bectors Food Specialities Limited,INE495P01020,BECTORFOOD,"  8,292.79 ",BECTORFOOD,"  8,293.02 ",-, - ,"  8,292.91 ",Small Cap
632,WeWork India Management Limited,INE085001019,WEWORK,"  8,219.83 ",WEWORK,"  8,227.38 ",-, - ,"  8,223.60 ",Small Cap
633,Rashtriya Chemicals & Fertilizers Limited,INE027A01015,RCF,"  8,221.14 ",RCF,"  8,221.55 ",-, - ,"  8,221.34 ",Small Cap
634,Esab India Ltd.,INE284A01012,ESABINDIA,"  8,216.61 ",ESABINDIA,"  8,218.83 ",-, - ,"  8,217.72 ",Small Cap
635,VOLTAMP TRANSFORMERS LIMITED,INE540H01012,VOLTAMP,"  8,126.69 ",VOLTAMP,"  8,127.52 ",-, - ,"  8,127.11 ",Small Cap
636,STRIDES PHARMA SCIENCE LIMITED,INE939A01011,STAR,"  8,100.60 ",STAR,"  8,103.00 ",-, - ,"  8,101.80 ",Small Cap
637,Galaxy Surfactants Limited,INE600K01018,GALAXYSURF,"  8,084.28 ",GALAXYSURF,"  8,083.47 ",-, - ,"  8,083.87 ",Small Cap
638,Mahindra Lifespace Developers Ltd.,INE813A01018,MAHLIFE,"  8,034.30 ",MAHLIFE,"  8,034.09 ",-, - ,"  8,034.19 ",Small Cap
639,Gujarat Pipavav Port Limited,INE517F01014,GPPL,"  8,014.92 ",GPPL,"  8,015.37 ",-, - ,"  8,015.14 ",Small Cap
640,Oswal Pumps Limited,INE0BYP01024,OSWALPUMPS,"  8,001.55 ",OSWALPUMPS,"  7,999.62 ",-, - ,"  8,000.59 ",Small Cap
641,Sharda Cropchem Limited,INE221J01015,SHARDACROP,"  7,999.07 ",SHARDACROP,"  8,001.52 ",-, - ,"  8,000.30 ",Small Cap
642,Dodla Dairy Limited,INE021O01019,DODLA,"  7,930.10 ",DODLA,"  7,928.91 ",-, - ,"  7,929.51 ",Small Cap
643,Network 18 Media & Investments Limited,INE870H01013,NETWORK18,"  7,923.11 ",NETWORK18,"  7,921.21 ",-, - ,"  7,922.16 ",Small Cap
644,Diamond Power Infrastructure Limited,INE989C01038,DIACABS,"  7,902.22 ",DIACABS,"  7,904.18 ",-, - ,"  7,903.20 ",Small Cap
645,GARWARE HI-TECH FILMS LIMITED,INE291A01017,GRWRHITECH,"  7,871.88 ",GRWRHITECH,"  7,870.85 ",-, - ,"  7,871.36 ",Small Cap
646,Cera Sanitaryware Ltd.,INE739E01017,CERA,"  7,863.70 ",CERA,"  7,863.99 ",-, - ,"  7,863.84 ",Small Cap
647,Kirloskar Pneumatic Co.Ltd.,INE811A01020,KIRLPNU,"  7,844.74 ",KIRLPNU,"  7,847.21 ",-, - ,"  7,845.98 ",Small Cap
648,BOROSIL RENEWABLES LIMITED,INE666D01022,BORORENEW,"  7,839.54 ",BORORENEW,"  7,832.08 ",-, - ,"  7,835.81 ",Small Cap
649,Kalpataru Limited,INE227J01012,KALPATARU,"  7,827.35 ",KALPATARU,"  7,829.97 ",-, - ,"  7,828.66 ",Small Cap
650,Triveni Engineering & Industries Ltd,INE256C01024,TRIVENI,"  7,821.41 ",TRIVENI,"  7,822.16 ",-, - ,"  7,821.78 ",Small Cap
651,Gujarat State Fertilizers & Chem.Ltd,INE026A01025,GSFC,"  7,800.62 ",GSFC,"  7,799.92 ",-, - ,"  7,800.27 ",Small Cap
652,GARWARE TECHNICAL FIBRES LIMITED,INE276A01018,GARFIBRES,"  7,781.04 ",GARFIBRES,"  7,780.36 ",-, - ,"  7,780.70 ",Small Cap
653,Archean Chemical Industries Limited,INE128X01021,ACI,"  7,771.45 ",ACI,"  7,772.49 ",-, - ,"  7,771.97 ",Small Cap
654,Shilpa Medicare Ltd.,INE790G01031,SHILPAMED,"  7,654.03 ",SHILPAMED,"  7,653.99 ",-, - ,"  7,654.01 ",Small Cap
655,Dilip Buildcon Limited,INE917M01012,DBL,"  7,654.80 ",DBL,"  7,617.72 ",-, - ,"  7,636.26 ",Small Cap
656,Max Estates Limited,INE03EI01018,MAXESTATES,"  7,580.83 ",MAXESTATES,"  7,576.32 ",-, - ,"  7,578.58 ",Small Cap
657,Thomas Cook (India) Ltd.,INE332A01027,THOMASCOOK,"  7,549.96 ",THOMASCOOK,"  7,550.77 ",-, - ,"  7,550.36 ",Small Cap
658,Sudeep Pharma Limited,INE0QPI01025,SUDEEPPHRM,"  7,546.05 ",SUDEEPPHRM,"  7,545.07 ",-, - ,"  7,545.56 ",Small Cap
659,Aarti Pharmalabs Limited,INE0LRU01027,AARTIPHARM,"  7,527.58 ",AARTIPHARM,"  7,527.40 ",-, - ,"  7,527.49 ",Small Cap
660,Gujarat Narmada Valley Fert.Co.Ltd,INE113A01013,GNFC,"  7,519.78 ",GNFC,"  7,520.16 ",-, - ,"  7,519.97 ",Small Cap
661,Thangamayil Jewellery Limited,INE085J01014,THANGAMAYL,"  7,505.41 ",THANGAMAYL,"  7,506.64 ",-, - ,"  7,506.02 ",Small Cap
662,PRISM JOHNSON LIMITED.,INE010A01011,PRSMJOHNSN,"  7,482.78 ",PRSMJOHNSN,"  7,481.78 ",-, - ,"  7,482.28 ",Small Cap
663,Keystone Realtors Limited,INE263M01029,RUSTOMJEE,"  7,450.66 ",RUSTOMJEE,"  7,447.66 ",-, - ,"  7,449.16 ",Small Cap
664,Akums Drugs and Pharmaceuticals Limited,INE09XN01023,AKUMS,"  7,433.24 ",AKUMS,"  7,432.50 ",-, - ,"  7,432.87 ",Small Cap
665,AJAX Engineering Limited,INE274Y01021,AJAXENGG,"  7,404.57 ",AJAXENGG,"  7,405.36 ",-, - ,"  7,404.96 ",Small Cap
666,ETHOS LIMITED,INE04TZ01018,ETHOSLTD,"  7,389.16 ",ETHOSLTD,"  7,391.26 ",-, - ,"  7,390.21 ",Small Cap
667,PNC Infratech Limited,INE195J01029,PNCINFRA,"  7,383.59 ",PNCINFRA,"  7,382.66 ",-, - ,"  7,383.13 ",Small Cap
668,Prime Focus Limited,INE367G01038,PFOCUS,"  7,572.10 ",PFOCUS,"  7,181.96 ",-, - ,"  7,377.03 ",Small Cap
669,FDC Ltd.,INE258B01022,FDC,"  7,370.31 ",FDC,"  7,372.23 ",-, - ,"  7,371.27 ",Small Cap
670,REDTAPE Limited,INE0LXT01019,REDTAPE,"  7,351.11 ",REDTAPE,"  7,348.33 ",-, - ,"  7,349.72 ",Small Cap
671,Tamilnad Mercantile Bank Limited,INE668A01016,TMB,"  7,312.66 ",TMB,"  7,313.67 ",-, - ,"  7,313.17 ",Small Cap
672,TIPS MUSIC LIMITED,INE716B01029,TIPSMUSIC,"  7,264.16 ",TIPSMUSIC,"  7,298.88 ",-, - ,"  7,281.52 ",Small Cap
673,Atlanta Electricals Limited,INE0Z4F01028,ATLANTAELE,"  7,260.04 ",ATLANTAELE,"  7,260.83 ",-, - ,"  7,260.43 ",Small Cap
674,Epigral Limited,INE071N01016,EPIGRAL,"  7,236.00 ",EPIGRAL,"  7,236.86 ",-, - ,"  7,236.43 ",Small Cap
675,V2 Retail Limited,INE945H01013,V2RETAIL,"  7,263.36 ",V2RETAIL,"  7,206.57 ",-, - ,"  7,234.97 ",Small Cap
676,INOX GREEN ENERGY SERVICES LIMITED,INE510W01014,INOXGREEN,"  7,232.39 ",INOXGREEN,"  7,235.50 ",-, - ,"  7,233.95 ",Small Cap
677,Sheela Foam Limited,INE916U01025,SFL,"  7,209.92 ",SFL,"  7,210.04 ",-, - ,"  7,209.98 ",Small Cap
678,Mastek Limited,INE759A01021,MASTEK,"  7,205.68 ",MASTEK,"  7,203.96 ",-, - ,"  7,204.82 ",Small Cap
679,BALU FORGE INDUSTRIES LIMITED,INE011E01029,BALUFORGE,"  7,196.39 ",BALUFORGE,"  7,201.87 ",-, - ,"  7,199.13 ",Small Cap
680,RATTANINDIA ENTERPRISES LIMITED,INE834M01019,RTNINDIA,"  7,200.66 ",RTNINDIA,"  7,197.54 ",-, - ,"  7,199.10 ",Small Cap
681,MOIL Limited,INE490G01020,MOIL,"  7,198.47 ",MOIL,"  7,198.95 ",-, - ,"  7,198.71 ",Small Cap
682,GANESH HOUSING LIMITED,INE460C01014,GANESHHOU,"  7,197.62 ",GANESHHOU,"  7,198.72 ",-, - ,"  7,198.17 ",Small Cap
683,Welspun Enterprises Limited,INE625G01013,WELENT,"  7,120.86 ",WELENT,"  7,121.97 ",-, - ,"  7,121.42 ",Small Cap
684,Raymond Lifestyle Limited,INE02ID01020,RAYMONDLSL,"  7,113.01 ",RAYMONDLSL,"  7,113.51 ",-, - ,"  7,113.26 ",Small Cap
685,ISGEC Heavy Engineering Limited,INE858B01029,ISGEC,"  7,078.19 ",ISGEC,"  7,077.64 ",-, - ,"  7,077.91 ",Small Cap
686,Praj Industries Ltd.,INE074A01025,PRAJIND,"  7,072.27 ",PRAJIND,"  7,071.78 ",-, - ,"  7,072.03 ",Small Cap
687,RateGain Travel Technologies Limited,INE0CLI01024,RATEGAIN,"  7,055.37 ",RATEGAIN,"  7,056.56 ",-, - ,"  7,055.97 ",Small Cap
688,Mishra Dhatu Nigam Limited,INE099Z01011,MIDHANI,"  7,042.79 ",MIDHANI,"  7,042.46 ",-, - ,"  7,042.63 ",Small Cap
689,Karnataka Bank Ltd.,INE614B01018,KTKBANK,"  6,991.12 ",KTKBANK,"  6,988.96 ",-, - ,"  6,990.04 ",Small Cap
690,YATHARTH HOSPITAL & TRAUMA CARE SERVICES LIMITED,INE0JO301016,YATHARTH,"  6,967.31 ",YATHARTH,"  6,966.60 ",-, - ,"  6,966.95 ",Small Cap
691,CSB Bank Limited,INE679A01013,CSBBANK,"  6,965.82 ",CSBBANK,"  6,966.31 ",-, - ,"  6,966.07 ",Small Cap
692,EPL LIMITED,INE255A01020,EPL,"  6,950.73 ",EPL,"  6,948.41 ",-, - ,"  6,949.57 ",Small Cap
693,Aurionpro Solutions Ltd.,INE132H01018,AURIONPRO,"  6,924.32 ",AURIONPRO,"  6,924.32 ",-, - ,"  6,924.32 ",Small Cap
694,Just Dial Limited,INE599M01018,JUSTDIAL,"  6,872.57 ",JUSTDIAL,"  6,871.56 ",JUSTDIAL,"  6,871.75 ","  6,871.96 ",Small Cap
695,Mahindra Holidays & Resorts India Limited,INE998I01010,MHRIL,"  6,857.15 ",MHRIL,"  6,856.52 ",-, - ,"  6,856.84 ",Small Cap
696,Thyrocare Technologies Limited,INE594H01019,THYROCARE,"  6,845.13 ",THYROCARE,"  6,843.64 ",-, - ,"  6,844.38 ",Small Cap
697,Arvind Fashions Limited,INE955V01021,ARVINDFASN,"  6,845.10 ",ARVINDFASN,"  6,839.58 ",-, - ,"  6,842.34 ",Small Cap
698,Kovai Medical Center & Hospital Ltd,INE177F01017,KOVAI,"  6,783.58 ",-, - ,-, - ,"  6,783.58 ",Small Cap
699,Equitas Small Finance Bank Limited,INE063P01018,EQUITASBNK,"  6,724.61 ",EQUITASBNK,"  6,724.68 ",-, - ,"  6,724.65 ",Small Cap
700,ELLENBARRIE INDUSTRIAL GASES LIMITED,INE236E01022,ELLEN,"  6,713.69 ",ELLEN,"  6,711.64 ",-, - ,"  6,712.66 ",Small Cap
701,CMS Info Systems Limited,INE925R01014,CMSINFO,"  6,693.34 ",CMSINFO,"  6,690.83 ",-, - ,"  6,692.09 ",Small Cap
702,Pearl Global Industries Limited,INE940H01022,PGIL,"  6,666.92 ",PGIL,"  6,664.84 ",-, - ,"  6,665.88 ",Small Cap
703,Dhanuka Agritech Ltd.,INE435G01025,DHANUKA,"  6,647.53 ",DHANUKA,"  6,648.68 ",-, - ,"  6,648.10 ",Small Cap
704,Symphony Limited,INE225D01027,SYMPHONY,"  6,552.46 ",SYMPHONY,"  6,551.16 ",-, - ,"  6,551.81 ",Small Cap
705,QUALITY POWER ELECTRICAL EQUIPMENTS LIMITED,INE0SII01026,QPOWER,"  6,529.42 ",QPOWER,"  6,529.72 ",-, - ,"  6,529.57 ",Small Cap
706,Cupid Limited,INE509F01029,CUPID,"  6,515.89 ",CUPID,"  6,516.75 ",-, - ,"  6,516.32 ",Small Cap
707,Ahluwalia Contracts (India) Ltd,INE758C01029,AHLUCONT,"  6,516.06 ",AHLUCONT,"  6,515.71 ",-, - ,"  6,515.88 ",Small Cap
708,IFB Industries Limited,INE559A01017,IFBIND,"  6,478.88 ",IFBIND,"  6,481.00 ",-, - ,"  6,479.94 ",Small Cap
709,PARK MEDI WORLD LIMITED,INE119201023,PARKHOSPS,"  6,447.22 ",PARKHOSPS,"  6,443.85 ",-, - ,"  6,445.53 ",Small Cap
710,Bajaj Electricals Ltd.,INE193E01025,BAJAJELEC,"  6,445.99 ",BAJAJELEC,"  6,444.61 ",-, - ,"  6,445.30 ",Small Cap
711,JK Paper Ltd.,INE789E01012,JKPAPER,"  6,436.29 ",JKPAPER,"  6,437.00 ",-, - ,"  6,436.64 ",Small Cap
712,Pricol Limited,INE726V01018,PRICOLLTD,"  6,432.48 ",PRICOLLTD,"  6,433.14 ",-, - ,"  6,432.81 ",Small Cap
713,Hindustan Foods Ltd.,INE254N01026,HNDFDS,"  6,393.86 ",HNDFDS,"  6,361.67 ",-, - ,"  6,377.77 ",Small Cap
714,Avalon Technologies Limited,INE0LCL01028,AVALON,"  6,368.67 ",AVALON,"  6,364.39 ",-, - ,"  6,366.53 ",Small Cap
715,Surya Roshni Ltd.,INE335A01020,SURYAROSNI,"  6,361.32 ",SURYAROSNI,"  6,362.24 ",-, - ,"  6,361.78 ",Small Cap
716,Puravankara Limited,INE323I01011,PURVA,"  6,356.04 ",PURVA,"  6,351.49 ",-, - ,"  6,353.77 ",Small Cap
717,Fujiyama Power Systems Limited,INE12UR01024,UTLSOLAR,"  6,342.13 ",UTLSOLAR,"  6,341.65 ",-, - ,"  6,341.89 ",Small Cap
718,Aditya Vision Limited,INE679V01027,AVL,"  6,326.60 ",AVL,"  6,324.99 ",-, - ,"  6,325.80 ",Small Cap
719,RattanIndia Power Limited,INE399K01017,RTNPOWER,"  6,318.40 ",RTNPOWER,"  6,314.22 ",-, - ,"  6,316.31 ",Small Cap
720,Shree Renuka Sugars Ltd.,INE087H01022,RENUKA,"  6,285.75 ",RENUKA,"  6,285.02 ",-, - ,"  6,285.39 ",Small Cap
721,Greenlam Industries Ltd,INE544R01021,GREENLAM,"  6,283.74 ",GREENLAM,"  6,283.51 ",-, - ,"  6,283.63 ",Small Cap
722,Suprajit Engineering Ltd.,INE399C01030,SUPRAJIT,"  6,274.26 ",SUPRAJIT,"  6,273.99 ",-, - ,"  6,274.12 ",Small Cap
723,Jayaswal Neco Industries Ltd,INE854B01010,JAYNECOIND,"  6,256.49 ",JAYNECOIND,"  6,254.94 ",-, - ,"  6,255.71 ",Small Cap
724,V-Mart Retail Limited,INE665J01013,VMART,"  6,203.89 ",VMART,"  6,204.96 ",-, - ,"  6,204.43 ",Small Cap
725,Ion Exchange (India) Ltd,INE570A01022,IONEXCHANG,"  6,178.39 ",IONEXCHANG,"  6,177.56 ",-, - ,"  6,177.97 ",Small Cap
726,Sunteck Realty Ltd,INE805D01034,SUNTECK,"  6,170.52 ",SUNTECK,"  6,168.63 ",-, - ,"  6,169.57 ",Small Cap
727,Juniper Hotels Limited,INE696F01016,JUNIPER,"  6,162.09 ",JUNIPER,"  6,163.69 ",-, - ,"  6,162.89 ",Small Cap
728,Wakefit Innovations Limited,INE0E7301029,WAKEFIT,"  6,153.64 ",WAKEFIT,"  6,151.43 ",-, - ,"  6,152.54 ",Small Cap
729,H.G. Infra Engineering Limited,INE926X01010,HGINFRA,"  6,148.02 ",HGINFRA,"  6,146.75 ",-, - ,"  6,147.39 ",Small Cap
730,ICRA Limited,INE725G01011,ICRA,"  6,140.12 ",ICRA,"  6,141.17 ",-, - ,"  6,140.64 ",Small Cap
731,Subros Ltd.,INE287B01021,SUBROS,"  6,125.35 ",SUBROS,"  6,126.41 ",-, - ,"  6,125.88 ",Small Cap
732,AXISCADES TECHNOLOGIES LIMITED,INE555B01013,AXISCADES,"  6,081.90 ",AXISCADES,"  6,081.07 ",-, - ,"  6,081.48 ",Small Cap
733,Canara Robeco Asset Management Company Limited,INE218I01013,CRAMC,"  6,074.37 ",CRAMC,"  6,073.33 ",-, - ,"  6,073.85 ",Small Cap
734,Rallis India Ltd,INE613A01020,RALLIS,"  6,039.54 ",RALLIS,"  6,039.04 ",-, - ,"  6,039.29 ",Small Cap
735,Gokaldas Exports Ltd,INE887G01027,GOKEX,"  6,022.85 ",GOKEX,"  6,018.21 ",-, - ,"  6,020.53 ",Small Cap
736,Gulf Oil Lubricants India Limited,INE635Q01029,GULFOILLUB,"  6,012.09 ",GULFOILLUB,"  6,012.49 ",-, - ,"  6,012.29 ",Small Cap
737,MTAR Technologies Limited,INE864I01014,MTARTECH ,"  6,011.49 ",MTARTECH,"  6,012.95 ",-, - ,"  6,012.22 ",Small Cap
738,Chemplast Sanmar Limited,INE488A01050,CHEMPLASTS,"  5,980.33 ",CHEMPLASTS,"  5,980.28 ",-, - ,"  5,980.30 ",Small Cap
739,Ashapura Minechem Ltd,INE348A01023,ASHAPURMIN,"  5,957.74 ",ASHAPURMIN,"  5,958.08 ",-, - ,"  5,957.91 ",Small Cap
740,STERLING AND WILSON RENEWABLE ENERGY LIMITED,INE00M201021,SWSOLAR,"  5,958.26 ",SWSOLAR,"  5,956.87 ",-, - ,"  5,957.56 ",Small Cap
741,Sharda Motor Industries Ltd,INE597I01028,SHARDAMOTR,"  5,946.50 ",SHARDAMOTR,"  5,945.91 ",-, - ,"  5,946.20 ",Small Cap
742,MAN INFRACONSTRUCTION LIMITED,INE949H01023, MANINFRA,"  5,965.71 ",MANINFRA,"  5,905.69 ",-, - ,"  5,935.70 ",Small Cap
743,Piccadily Agro Industries ltd.,INE546C01010,PICCADIL,"  5,925.67 ",PICCADIL,"  5,923.77 ",-, - ,"  5,924.72 ",Small Cap
744,India Glycols Ltd,INE560A01023,INDIAGLYCO,"  5,917.25 ",INDIAGLYCO,"  5,918.00 ",-, - ,"  5,917.63 ",Small Cap
745,V.I.P. Industries Ltd.,INE054A01027,VIPIND,"  5,892.57 ",VIPIND,"  5,893.65 ",-, - ,"  5,893.11 ",Small Cap
746,Electrosteel Castings Ltd.,INE086A01029,ELECTCAST,"  5,878.27 ",ELECTCAST,"  5,877.37 ",-, - ,"  5,877.82 ",Small Cap
747,Technocraft Industries (India) Ltd.,INE545H01011,TIIL,"  5,863.96 ",TIIL,"  5,865.37 ",-, - ,"  5,864.67 ",Small Cap
748,Pilani Investment And Industries Corporation Limited,INE417C01014,PILANIINVS,"  5,809.51 ",PILANIINVS,"  5,812.45 ",-, - ,"  5,810.98 ",Small Cap
749,SMARTWORKS COWORKING SPACES LIMITED,INE0NAZ01010,SMARTWORKS,"  5,802.74 ",SMARTWORKS,"  5,801.10 ",-, - ,"  5,801.92 ",Small Cap
750,Indian Metals & Ferro Alloys Limited,INE919H01018,IMFA,"  5,772.45 ",IMFA,"  5,773.34 ",-, - ,"  5,772.89 ",Small Cap
751,Supriya Lifescience Limited,INE07RO01027,SUPRIYA,"  5,757.72 ",SUPRIYA,"  5,759.70 ",-, - ,"  5,758.71 ",Small Cap
752,Paras Defence and Space Technologies Limited,INE045601023,PARAS,"  5,720.14 ",PARAS,"  5,720.51 ",-, - ,"  5,720.33 ",Small Cap
753,GHCL Ltd.,INE539A01019,GHCL,"  5,707.44 ",GHCL,"  5,706.08 ",-, - ,"  5,706.76 ",Small Cap
754,Saatvik Green Energy Limited,INE13B501022,SAATVIKGL,"  5,695.92 ",SAATVIKGL,"  5,696.63 ",-, - ,"  5,696.27 ",Small Cap
755,MAS Financial Services Limited,INE348L01012,MASFIN,"  5,662.80 ",MASFIN,"  5,663.89 ",-, - ,"  5,663.35 ",Small Cap
756,Texmaco Rail & Engineering Limited,INE621L01012,TEXRAIL,"  5,653.11 ",TEXRAIL,"  5,626.29 ",-, - ,"  5,639.70 ",Small Cap
757,Skipper Limited,INE439E01022,SKIPPER,"  5,620.90 ",SKIPPER,"  5,621.30 ",-, - ,"  5,621.10 ",Small Cap
758,Rajesh Exports Ltd.,INE343B01030,RAJESHEXPO,"  5,610.08 ",RAJESHEXPO,"  5,609.36 ",-, - ,"  5,609.72 ",Small Cap
759,Sterlite Technologies Limited.,INE089C01029,STLTECH,"  5,608.30 ",STLTECH,"  5,608.85 ",-, - ,"  5,608.57 ",Small Cap
760,Senco Gold Limited,INE602W01027,SENCO,"  5,559.61 ",SENCO,"  5,559.29 ",-, - ,"  5,559.45 ",Small Cap
761,FISCHER MEDICAL VENTURES LIMITED,INE771F01041,FISCHER,"  5,546.73 ",FISCHER,"  5,553.50 ",-, - ,"  5,550.12 ",Small Cap
762,Seshaasai Technologies Limited,INE04VU01023,STYL,"  5,542.35 ",STYL,"  5,543.57 ",-, - ,"  5,542.96 ",Small Cap
763,Kaveri Seed Company Ltd,INE455I01029,KSCL,"  5,535.58 ",KSCL,"  5,536.48 ",-, - ,"  5,536.03 ",Small Cap
764,eMudhra Limited,INE01QM01018,EMUDHRA,"  5,364.23 ",EMUDHRA,"  5,690.11 ",-, - ,"  5,527.17 ",Small Cap
765,Indo Count Industries Ltd,INE483B01026,ICIL,"  5,515.64 ",ICIL,"  5,515.59 ",-, - ,"  5,515.62 ",Small Cap
766,Shoppers Stop Ltd,INE498B01024,SHOPERSTOP,"  5,497.22 ",SHOPERSTOP,"  5,498.41 ",-, - ,"  5,497.82 ",Small Cap
767,Indigo Paints Limited,INE09VQ01012,INDIGOPNTS,"  5,493.56 ",INDIGOPNTS,"  5,493.14 ",-, - ,"  5,493.35 ",Small Cap
768,FIEM INDUSTRIES LIMITED,INE737H01014,FIEMIND,"  5,481.08 ",FIEMIND,"  5,482.17 ",-, - ,"  5,481.62 ",Small Cap
769,TVS Supply Chain Solutions Limited,INE395N01027,TVSSCS,"  5,471.57 ",TVSSCS,"  5,470.86 ",-, - ,"  5,471.21 ",Small Cap
770,Responsive Industries Ltd,INE688D01026,RESPONIND,"  5,456.12 ",RESPONIND,"  5,455.17 ",-, - ,"  5,455.64 ",Small Cap
771,Bansal Wire Industries Limited,INE0B9K01025,BANSALWIRE,"  5,445.56 ",BANSALWIRE,"  5,446.49 ",-, - ,"  5,446.02 ",Small Cap
772,Laxmi Organic Industries Limited,INE576O01020,LXCHEM,"  5,444.38 ",LXCHEM,"  5,444.09 ",-, - ,"  5,444.23 ",Small Cap
773,CRIZAC LIMITED,INE0S4R01014,CRIZAC,"  5,442.19 ",CRIZAC,"  5,442.22 ",-, - ,"  5,442.21 ",Small Cap
774,AGI GREENPAC LIMITED,INE415A01038,AGI,"  5,412.90 ",AGI,"  5,412.79 ",-, - ,"  5,412.85 ",Small Cap
775,Capillary Technologies India Limited,INE0ILV01024,CAPILLARY,"  5,378.36 ",CAPILLARY,"  5,372.83 ",-, - ,"  5,375.60 ",Small Cap
776,KNR Constructions Limited,INE634I01029,KNRCON,"  5,343.18 ",KNRCON,"  5,342.68 ",-, - ,"  5,342.93 ",Small Cap
777,Unimech Aerospace and Manufacturing Limited,INE0U3I01011,UNIMECH,"  5,336.09 ",UNIMECH,"  5,333.80 ",-, - ,"  5,334.94 ",Small Cap
778,GMM Pfaudler Ltd.,INE541A01023,GMMPFAUDLR,"  5,329.76 ",GMMPFAUDLR,"  5,330.89 ",-, - ,"  5,330.33 ",Small Cap
779,Ashoka Buildcon Limited,INE442H01029,ASHOKA,"  5,298.33 ",ASHOKA,"  5,297.65 ",-, - ,"  5,297.99 ",Small Cap
780,Dynamatic Technologies Ltd.,INE221B01012,DYNAMATECH,"  5,255.46 ",DYNAMATECH,"  5,255.83 ",-, - ,"  5,255.65 ",Small Cap
781,E2E Networks Ltd.,INE255Z01019,-, - ,E2E,"  5,239.78 ",-, - ,"  5,239.78 ",Small Cap
782,Gokul Agro Resources Ltd,INE314T01033,GOKULAGRO,"  5,234.30 ",GOKULAGRO,"  5,234.25 ",-, - ,"  5,234.27 ",Small Cap
783,Fedbank Financial Services Limited,INE007N01010,FEDFINA,"  5,221.93 ",FEDFINA,"  5,218.71 ",-, - ,"  5,220.32 ",Small Cap
784,Kingfa Science & Technology (India) Ltd,INE473D01015,KINGFA,"  5,224.26 ",KINGFA,"  5,187.87 ",-, - ,"  5,206.07 ",Small Cap
785,Optiemus Infracom Limited,INE350C01017,OPTIEMUS,"  5,203.72 ",OPTIEMUS,"  5,200.43 ",-, - ,"  5,202.08 ",Small Cap
786,KRN HEAT EXCHANGER AND REFRIGERATION LIMITED,INE0Q3J01015,KRN,"  5,183.22 ",KRN,"  5,183.74 ",-, - ,"  5,183.48 ",Small Cap
787,Datamatics Global Services Limited,INE365B01017,DATAMATICS,"  5,172.43 ",DATAMATICS,"  5,172.69 ",-, - ,"  5,172.56 ",Small Cap
788,Websol Energy System Limited,INE855C01023,WEBELSOLAR,"  5,131.69 ",WEBELSOLAR,"  5,132.07 ",-, - ,"  5,131.88 ",Small Cap
789,Electronics Mart India Limited,INE02YR01019,EMIL,"  5,127.86 ",EMIL,"  5,127.12 ",-, - ,"  5,127.49 ",Small Cap
790,PTC India Ltd,INE877F01012,PTC,"  5,094.98 ",PTC,"  5,094.84 ",-, - ,"  5,094.91 ",Small Cap
791,Route Mobile Limited,INE450U01017,ROUTE,"  5,081.52 ",ROUTE,"  5,080.64 ",-, - ,"  5,081.08 ",Small Cap
792,India Tourism Development Corporati,INE353K01014,ITDC,"  5,048.84 ",ITDC,"  5,047.80 ",-, - ,"  5,048.32 ",Small Cap
793,R Systems International Limited,INE411H01032,RSYSTEMS,"  5,046.72 ",RSYSTEMS,"  5,047.01 ",-, - ,"  5,046.86 ",Small Cap
794,ZAGGLE PREPAID OCEAN SERVICES LIMITED,INE07K301024,ZAGGLE,"  5,042.30 ",ZAGGLE,"  5,040.61 ",-, - ,"  5,041.46 ",Small Cap
795,Gujarat Ambuja Exports Ltd.,INE036B01030,GAEL,"  5,031.73 ",GAEL,"  5,031.85 ",-, - ,"  5,031.79 ",Small Cap
796,SIS LIMITED,INE285J01028,SIS,"  4,983.75 ",SIS,"  4,987.40 ",-, - ,"  4,985.57 ",Small Cap
797,Sequent Scientific Limited,INE807F01027,SEQUENT,"  4,985.67 ",SEQUENT,"  4,974.99 ",-, - ,"  4,980.33 ",Small Cap
798,PDS LIMITED,INE111Q01021,PDSL,"  4,964.16 ",PDSL,"  4,962.11 ",-, - ,"  4,963.14 ",Small Cap
799,SML Mahindra Limited,INE294B01019,SMLMAH,"  4,950.18 ",SMLMAH,"  4,948.69 ",-, - ,"  4,949.43 ",Small Cap
800,Hindustan Construction Co. Ltd.,INE549A01026,HCC,"  4,947.94 ",HCC,"  4,947.10 ",-, - ,"  4,947.52 ",Small Cap
801,Entero Healthcare Solutions Limited,INE010601016,ENTERO,"  4,936.01 ",ENTERO,"  4,936.17 ",-, - ,"  4,936.09 ",Small Cap
802,VRL Logistics Limited,INE366I01010,VRLLOG,"  4,898.50 ",VRLLOG,"  4,946.40 ",-, - ,"  4,922.45 ",Small Cap
803,Sunflag Iron & Steel Co. Ltd.,INE947A01014,SUNFLAG,"  4,918.67 ",SUNFLAG,"  4,918.93 ",-, - ,"  4,918.80 ",Small Cap
804,INFIBEAM AVENUES LIMITED,INE483S01020,INFIBEAM,"  5,050.12 ",INFIBEAM,"  4,769.30 ",-, - ,"  4,909.71 ",Small Cap
805,Shilchar Technologies Ltd.,INE024F01011,SHILCTECH,"  5,261.66 ",SHILCTECH,"  4,553.06 ",-, - ,"  4,907.36 ",Small Cap
806,Swaraj Engines Ltd.,INE277A01016,SWARAJENG,"  4,900.84 ",SWARAJENG,"  4,901.49 ",-, - ,"  4,901.17 ",Small Cap
807,JANA SMALL FINANCE BANK LIMITED,INE953L01027,JSFB,"  4,886.32 ",JSFB,"  4,885.48 ",-, - ,"  4,885.90 ",Small Cap
808,J. Kumar Infraprojects Limited,INE576I01022,JKIL,"  4,845.46 ",JKIL,"  4,845.18 ",-, - ,"  4,845.32 ",Small Cap
809,CARE Ratings Limited,INE752H01013,CARERATING,"  4,836.43 ",CARERATING,"  4,834.87 ",-, - ,"  4,835.65 ",Small Cap
810,Midwest Limited,INE0XAD01024,MIDWESTLTD,"  4,818.55 ",MIDWESTLTD,"  4,819.40 ",-, - ,"  4,818.97 ",Small Cap
811,The Anup Engineering Ltd,INE294Z01018,ANUP,"  4,809.80 ",ANUP,"  4,809.97 ",-, - ,"  4,809.88 ",Small Cap
812,Greaves Cotton Ltd.,INE224A01026,GREAVESCOT,"  4,808.76 ",GREAVESCOT,"  4,808.67 ",-, - ,"  4,808.71 ",Small Cap
813,Kennametal India Limtied,INE717A01029,KENNAMET,"  4,802.84 ",-, - ,-, - ,"  4,802.84 ",Small Cap
814,Suven Life Sciences Ltd.,INE495B01038,SUVEN,"  4,816.87 ",SUVEN,"  4,779.95 ",-, - ,"  4,798.41 ",Small Cap
815,Sky Gold And Diamonds Limited,INE01IU01018,SKYGOLD,"  4,795.40 ",SKYGOLD,"  4,769.19 ",-, - ,"  4,782.30 ",Small Cap
816,Refex Industries Limited,INE056I01025,REFEX,"  4,787.73 ",REFEX,"  4,768.93 ",-, - ,"  4,778.33 ",Small Cap
817,L.g.Balkrishnan & Bros. Ltd.,INE337A01034,LGBBROSLTD,"  4,769.20 ",LGBBROSLTD,"  4,770.43 ",-, - ,"  4,769.82 ",Small Cap
818,TARC LIMITED,INE0EK901012,TARC,"  4,765.24 ",TARC,"  4,765.51 ",-, - ,"  4,765.38 ",Small Cap
819,NIIT Learning Systems Limited,INE342G01023,NIITMTS,"  4,751.33 ",NIITMTS,"  4,745.52 ",-, - ,"  4,748.43 ",Small Cap
820,D.B.Corp Limited,INE950I01011,DBCORP,"  4,737.20 ",DBCORP,"  4,735.56 ",-, - ,"  4,736.38 ",Small Cap
821,INNOVA CAPTAB LIMITED,INE0DUT01020,INNOVACAP,"  4,719.78 ",INNOVACAP,"  4,721.54 ",-, - ,"  4,720.66 ",Small Cap
822,Blue Pearl Agriventures Limited,INE439N01031,BPAGRI,"  4,703.26 ",-, - ,-, - ,"  4,703.26 ",Small Cap
823,Nephrocare Health Services Limited,INE428V01029,NEPHROPLUS,"  4,677.38 ",NEPHROPLUS,"  4,675.38 ",-, - ,"  4,676.38 ",Small Cap
824,Nirlon Limited,INE910A01012,NIRLON,"  4,671.91 ",-, - ,-, - ,"  4,671.91 ",Small Cap
825,ASM Technologies Ltd.,INE867C01010,ASMTEC,"  4,666.53 ",-, - ,-, - ,"  4,666.53 ",Small Cap
826,DCB Bank Limited,INE503A01015,DCBBANK,"  4,660.96 ",DCBBANK,"  4,637.81 ",-, - ,"  4,649.38 ",Small Cap
827,Balaji Amines Ltd.,INE050E01027,BALAMINES,"  4,645.34 ",BALAMINES,"  4,644.79 ",-, - ,"  4,645.06 ",Small Cap
828,S.J.S. Enterprises Limited,INE284S01014,SJS,"  4,658.34 ",SJS,"  4,631.45 ",-, - ,"  4,644.90 ",Small Cap
829,NACL Industries Limited,INE295D01020,NACLIND,"  4,642.96 ",NACLIND,"  4,641.12 ",-, - ,"  4,642.04 ",Small Cap
830,Cigniti Technologies Ltd,INE675C01017,CIGNITITEC,"  4,639.28 ",CIGNITITEC,"  4,639.38 ",-, - ,"  4,639.33 ",Small Cap
831,Hawkins Cooker Ltd.,INE979B01015,HAWKINCOOK,"  4,608.96 ",-, - ,-, - ,"  4,608.96 ",Small Cap
832,BOSCH HOME COMFORT INDIA LIMITED,INE782A01015,BOSCH-HCIL,"  4,605.78 ",BOSCH-HCIL,"  4,605.96 ",-, - ,"  4,605.87 ",Small Cap
833,National Fertilizers Ltd.,INE870D01012,NFL,"  4,598.24 ",NFL,"  4,598.60 ",-, - ,"  4,598.42 ",Small Cap
834,Sun Pharma Advanced Research Company Ltd.,INE232I01014,SPARC,"  4,597.56 ",SPARC,"  4,596.57 ",-, - ,"  4,597.07 ",Small Cap
835,INDIQUBE SPACES LIMITED,INE06ST01018,INDIQUBE,"  4,593.76 ",INDIQUBE,"  4,594.55 ",-, - ,"  4,594.16 ",Small Cap
836,Bannari Amman Sugars Ltd.,INE459A01010,BANARISUG,"  4,576.65 ",BANARISUG,"  4,582.08 ",-, - ,"  4,579.36 ",Small Cap
837,Shreeji Shipping Global Limited,INE1B6101010,SHREEJISPG,"  4,577.82 ",SHREEJISPG,"  4,578.54 ",-, - ,"  4,578.18 ",Small Cap
838,Sital Leasing And Finance Limited,INE341O01029,-, - ,-, - ,SITAL,"  4,565.74 ","  4,565.74 ",Small Cap
839,V.S.T.Tillers Tractors Ltd.,INE764D01017,VSTTILLERS,"  4,549.39 ",VSTTILLERS,"  4,549.61 ",-, - ,"  4,549.50 ",Small Cap
840,Indraprastha Medical Corporation Lt,INE681B01017,INDRAMEDCO,"  4,544.36 ",INDRAMEDCO,"  4,544.09 ",-, - ,"  4,544.23 ",Small Cap
841,Pace Digitek Limited,INE0S3G01027,PACEDIGITK,"  4,536.31 ",PACEDIGITK,"  4,536.34 ",-, - ,"  4,536.33 ",Small Cap
842,VST Industries Ltd.,INE710A01016,VSTIND,"  4,536.45 ",VSTIND,"  4,536.15 ",-, - ,"  4,536.30 ",Small Cap
843,Rain Industries Limited,INE855B01025,RAIN,"  4,526.06 ",RAIN,"  4,525.69 ",-, - ,"  4,525.88 ",Small Cap
844,Samhi Hotels Limited,INE08U801020,SAMHI,"  4,524.74 ",SAMHI,"  4,524.75 ",-, - ,"  4,524.74 ",Small Cap
845,Bondada Engineering Limited,INE0Q8P01029,BONDADA,"  4,521.15 ",-, - ,-, - ,"  4,521.15 ",Small Cap
846,HeidelbergCement  India Limited,INE578A01017,HEIDELBERG,"  4,516.02 ",HEIDELBERG,"  4,516.86 ",-, - ,"  4,516.44 ",Small Cap
847,Ceigall India Limited,INE0AG901020,CEIGALL,"  4,466.90 ",CEIGALL,"  4,466.62 ",-, - ,"  4,466.76 ",Small Cap
848,Kothari Industrial Corpn. Ltd.,INE972A01020,KOTIC,"  4,463.59 ",-, - ,-, - ,"  4,463.59 ",Small Cap
849,Heritage Foods Limited,INE978A01027,HERITGFOOD,"  4,444.24 ",HERITGFOOD,"  4,444.48 ",-, - ,"  4,444.36 ",Small Cap
850,Styrenix Performance Materials Limited,INE189B01011,STYRENIX,"  4,425.44 ",STYRENIX,"  4,426.66 ",-, - ,"  4,426.05 ",Small Cap
851,SpiceJet Limited,INE285B01017,SPICEJET,"  4,417.42 ",-, - ,-, - ,"  4,417.42 ",Small Cap
852,Bharat Rasayan Limited,INE838B01021,BHARATRAS,"  4,410.52 ",BHARATRAS,"  4,320.49 ",-, - ,"  4,365.51 ",Small Cap
853,ORIENT CEMENT LIMITED,INE876N01018,ORIENTCEM,"  4,358.24 ",ORIENTCEM,"  4,358.09 ",-, - ,"  4,358.16 ",Small Cap
854,Aarti Drugs Limited,INE767A01016,AARTIDRUGS,"  4,349.14 ",AARTIDRUGS,"  4,350.11 ",-, - ,"  4,349.62 ",Small Cap
855,Gujarat Themis Biosyn Ltd.,INE942C01045,GUJTHEM,"  4,349.63 ",GUJTHEM,"  4,347.16 ",-, - ,"  4,348.40 ",Small Cap
856,Orient Electric Limited,INE142Z01019,ORIENTELEC,"  4,348.25 ",ORIENTELEC,"  4,347.49 ",-, - ,"  4,347.87 ",Small Cap
857,Gopal Snacks Limited,INE0L9R01028,GOPAL,"  4,337.62 ",GOPAL,"  4,337.92 ",-, - ,"  4,337.77 ",Small Cap
858,Restaurant Brands Asia Limited,INE07T201019,RBA,"  4,316.76 ",RBA,"  4,315.41 ",-, - ,"  4,316.08 ",Small Cap
859,SG MART LIMITED,INE385F01024,SGMART,"  4,137.14 ",SGMART,"  4,464.95 ",-, - ,"  4,301.05 ",Small Cap
860,Lumax Industries Ltd.,INE162B01018,LUMAXIND,"  4,280.74 ",LUMAXIND,"  4,281.30 ",-, - ,"  4,281.02 ",Small Cap
861,Zota Health Care Ltd.,INE358U01012,-, - ,ZOTA,"  4,272.21 ",-, - ,"  4,272.21 ",Small Cap
862,TANFAC Industries Ltd.,INE639B01015,TANFACIND,"  4,266.97 ",-, - ,-, - ,"  4,266.97 ",Small Cap
863,Avantel Limited,INE005B01027,AVANTEL,"  4,252.38 ",AVANTEL,"  4,252.25 ",-, - ,"  4,252.32 ",Small Cap
864,INSOLATION ENERGY LIMITED,INE0LGX01024,INA,"  4,222.49 ",-, - ,-, - ,"  4,222.49 ",Small Cap
865,ENVIRO INFRA ENGINEERS LIMITED,INE0LLY01014,EIEL,"  4,220.97 ",EIEL,"  4,221.46 ",-, - ,"  4,221.21 ",Small Cap
866,Hubtown Limited,INE703H01016,HUBTOWN,"  4,231.33 ",HUBTOWN,"  4,207.59 ",-, - ,"  4,219.46 ",Small Cap
867,Kitex Garmenets Ltd.,INE602G01020,KITEX,"  4,184.63 ",KITEX,"  4,183.01 ",-, - ,"  4,183.82 ",Small Cap
868,WPIL Ltd,INE765D01022,WPIL,"  4,173.57 ",-, - ,-, - ,"  4,173.57 ",Small Cap
869,Raymond Realty Limited,INE1SY401010,RAYMONDREL,"  4,168.80 ",RAYMONDREL,"  4,168.86 ",-, - ,"  4,168.83 ",Small Cap
870,Sanathan Textiles Limited,INE0JPD01013,SANATHAN,"  4,153.55 ",SANATHAN,"  4,153.51 ",-, - ,"  4,153.53 ",Small Cap
871,Northern Arc Capital Ltd.,INE850M01015,NORTHARC,"  4,152.84 ",NORTHARC,"  4,151.31 ",-, - ,"  4,152.08 ",Small Cap
872,Jamna Auto Industries Ltd.,INE039C01032,JAMNAAUTO,"  4,137.58 ",JAMNAAUTO,"  4,137.49 ",-, - ,"  4,137.54 ",Small Cap
873,Gujarat Alkalis & Chemicals Ltd.,INE186A01019,GUJALKALI,"  4,116.52 ",GUJALKALI,"  4,117.24 ",-, - ,"  4,116.88 ",Small Cap
874,Awfis Space Solutions Limited,INE108V01019,AWFIS,"  4,104.35 ",AWFIS,"  4,103.21 ",-, - ,"  4,103.78 ",Small Cap
875,Dishman Carbogen Amcis Limited,INE385W01011,DCAL,"  4,100.46 ",DCAL,"  4,104.47 ",-, - ,"  4,102.47 ",Small Cap
876,Goldiam International Ltd.,INE025B01025,GOLDIAM,"  4,091.27 ",GOLDIAM,"  4,080.22 ",-, - ,"  4,085.74 ",Small Cap
877,MOSCHIP TECHNOLOGIES LIMITED,INE935B01025,MOSCHIP,"  4,087.94 ",MOSCHIP,"  4,082.36 ",-, - ,"  4,085.15 ",Small Cap
878,Ramky Infrastructure Limited,INE874I01013,RAMKY,"  4,080.82 ",RAMKY,"  4,081.33 ",-, - ,"  4,081.08 ",Small Cap
879,JTEKT India Limited,INE643A01035,JTEKTINDIA,"  4,071.33 ",JTEKTINDIA,"  4,072.83 ",-, - ,"  4,072.08 ",Small Cap
880,Hemisphere Properties India Limited,INE0AJG01018,HEMIPROP,"  4,072.07 ",HEMIPROP,"  4,071.72 ",-, - ,"  4,071.90 ",Small Cap
881,63 Moons Technologies Limited,INE111B01023,63MOONS,"  4,050.68 ",63MOONS,"  4,050.73 ",-, - ,"  4,050.71 ",Small Cap
882,Grauer & Weil (India) Ltd.,INE266D01021,GRAUWEIL,"  4,036.53 ",-, - ,-, - ,"  4,036.53 ",Small Cap
883,Marathon Nextgen Realty Ltd,INE182D01020,MARATHON,"  4,116.89 ",MARATHON,"  3,952.42 ",-, - ,"  4,034.65 ",Small Cap
884,Kirloskar Industries Ltd,INE250A01039,KIRLOSIND,"  4,020.62 ",KIRLOSIND,"  4,007.13 ",-, - ,"  4,013.88 ",Small Cap
885,Shanthi Gears Ltd.,INE631A01022,SHANTIGEAR,"  3,973.19 ",SHANTIGEAR,"  3,972.55 ",-, - ,"  3,972.87 ",Small Cap
886,Sindhu Trade Links Limited,INE325D01025,SINDHUTRAD,"  3,970.26 ",SINDHUTRAD,"  3,969.67 ",-, - ,"  3,969.96 ",Small Cap
887,Borosil Limited,INE02PY01013,BOROLTD,"  3,964.85 ",BOROLTD,"  3,964.52 ",-, - ,"  3,964.69 ",Small Cap
888,Camlin Fine Sciences Ltd,INE052I01032,CAMLINFINE,"  3,934.60 ",CAMLINFINE,"  3,936.75 ",-, - ,"  3,935.67 ",Small Cap
889,Uflex Limited,INE516A01017,UFLEX,"  3,930.03 ",UFLEX,"  3,929.67 ",-, - ,"  3,929.85 ",Small Cap
890,Vaibhav Global Ltd,INE884A01027,VAIBHAVGBL,"  3,930.74 ",VAIBHAVGBL,"  3,927.93 ",-, - ,"  3,929.33 ",Small Cap
891,RPG Life Sciences Limited,INE105J01010,RPGLIFE,"  3,900.90 ",RPGLIFE,"  3,902.31 ",-, - ,"  3,901.60 ",Small Cap
892,Raymond Limited,INE301A01014,RAYMOND,"  3,882.48 ",RAYMOND,"  3,882.03 ",-, - ,"  3,882.26 ",Small Cap
893,Orchid Pharma Limited,INE191A01027,ORCHPHARMA,"  3,872.39 ",ORCHPHARMA,"  3,873.55 ",-, - ,"  3,872.97 ",Small Cap
894,LUX Industries Limited,INE150G01020,LUXIND,"  3,866.78 ",LUXIND,"  3,868.50 ",-, - ,"  3,867.64 ",Small Cap
895,MPS Limited,INE943D01017,MPSLTD,"  3,862.66 ",MPSLTD,"  3,864.26 ",-, - ,"  3,863.46 ",Small Cap
896,MAGELLANIC CLOUD LIMITED,INE613C01026,MCLOUD,"  3,827.62 ",MCLOUD,"  3,825.58 ",-, - ,"  3,826.60 ",Small Cap
897,TRUALT BIOENERGY LIMITED,INE0MWH01014,TRUALT,"  3,821.92 ",TRUALT,"  3,820.90 ",-, - ,"  3,821.41 ",Small Cap
898,Ajmera Realty & Infra India Limited,INE298G01027,AJMERA,"  3,803.21 ",AJMERA,"  3,803.51 ",-, - ,"  3,803.36 ",Small Cap
899,Goodluck India Limited,INE127I01024,GOODLUCK,"  3,801.57 ",GOODLUCK,"  3,801.93 ",-, - ,"  3,801.75 ",Small Cap
900,Vadilal Industries Ltd.,INE694D01016,VADILALIND,"  3,796.56 ",VADILALIND,"  3,797.69 ",-, - ,"  3,797.13 ",Small Cap
901,GNG Electronics Limited,INE18JU01028,EBGNG,"  3,783.19 ",EBGNG,"  3,783.35 ",-, - ,"  3,783.27 ",Small Cap
902,Quess Corp Limited,INE615P01015,QUESS,"  3,775.32 ",QUESS,"  3,773.53 ",-, - ,"  3,774.42 ",Small Cap
903,Wonderla Holidays Limited,INE066O01014,WONDERLA,"  3,770.62 ",WONDERLA,"  3,770.28 ",-, - ,"  3,770.45 ",Small Cap
904,Mangalore Chemicals & Fertilisers L,INE558B01017,MANGCHEFER,"  3,759.21 ",-, - ,-, - ,"  3,759.21 ",Small Cap
905,Greenply Industries Ltd,INE461C01038,GREENPLY,"  3,751.47 ",GREENPLY,"  3,751.27 ",-, - ,"  3,751.37 ",Small Cap
906,Neogen Chemicals Limited,INE136S01016,NEOGEN,"  3,704.87 ",NEOGEN,"  3,705.48 ",-, - ,"  3,705.17 ",Small Cap
907,Kolte-Patil Developers Ltd,INE094I01018,KOLTEPATIL,"  3,709.49 ",KOLTEPATIL,"  3,687.56 ",-, - ,"  3,698.53 ",Small Cap
908,Interarch Building Solutions Limited,INE00M901018,INTERARCH,"  3,696.43 ",INTERARCH,"  3,694.29 ",-, - ,"  3,695.36 ",Small Cap
909,Precision Wires India ltd.,INE372C01037,PRECWIRE,"  3,695.98 ",PRECWIRE,"  3,692.44 ",-, - ,"  3,694.21 ",Small Cap
910,Jindal Worldwide Ltd.,INE247D01039,JINDWORLD,"  3,673.16 ",JINDWORLD,"  3,673.22 ",-, - ,"  3,673.19 ",Small Cap
911,SWAN DEFENCE AND HEAVY INDUSTRIES LIMITED,INE542F01020,SWANDEF,"  3,763.24 ",SWANDEF,"  3,582.72 ",-, - ,"  3,672.98 ",Small Cap
912,Madhya Bharat Agro Products Ltd.,INE900L01010,-, - ,MBAPL,"  3,668.30 ",-, - ,"  3,668.30 ",Small Cap
913,ANAND RATHI SHARE AND STOCK BROKERS LIMITED,INE549H01021,ARSSBL,"  3,667.75 ",ARSSBL,"  3,667.95 ",-, - ,"  3,667.85 ",Small Cap
914,Medi Assist Healthcare Services Limited,INE456Z01021,MEDIASSIST,"  3,677.12 ",MEDIASSIST,"  3,649.71 ",-, - ,"  3,663.41 ",Small Cap
915,CIAN Agro Industries & Infrastructure Limited,INE052V01019,CIANAGRO,"  3,662.76 ",-, - ,-, - ,"  3,662.76 ",Small Cap
916,Network People Services Technologies Limited,INE0FFK01017,NPST,"  3,669.58 ",NPST,"  3,648.87 ",-, - ,"  3,659.23 ",Small Cap
917,Centum Electronics Ltd,INE320B01020,CENTUM,"  3,643.69 ",CENTUM,"  3,643.71 ",-, - ,"  3,643.70 ",Small Cap
918,Dhani Services Limited,INE274G01010,DHANI,"  3,642.50 ",-, - ,-, - ,"  3,642.50 ",Small Cap
919,Harsha Engineers International Limited,INE0JUS01029,HARSHA,"  3,631.93 ",HARSHA,"  3,633.40 ",-, - ,"  3,632.67 ",Small Cap
920,Go Fashion (India) Limited,INE0BJS01011,GOCOLORS,"  3,631.08 ",GOCOLORS,"  3,631.80 ",-, - ,"  3,631.44 ",Small Cap
921,National Standard (India) Limited,INE166R01015, NATIONSTD,"  3,629.65 ",-, - ,-, - ,"  3,629.65 ",Small Cap
922,Nalwa Sons Investment Ltd,INE023A01030,NSIL,"  3,625.95 ",NSIL,"  3,626.50 ",-, - ,"  3,626.23 ",Small Cap
923,GK ENERGY LIMITED,INE1AG301022,GKENERGY,"  3,623.11 ",GKENERGY,"  3,622.01 ",-, - ,"  3,622.56 ",Small Cap
924,IndoStar Capital Finance Limited,INE896L01010,INDOSTAR,"  3,616.05 ",INDOSTAR,"  3,616.67 ",-, - ,"  3,616.36 ",Small Cap
925,Kalyani Steels Ltd,INE907A01026,KSL,"  3,613.67 ",KSL,"  3,614.85 ",-, - ,"  3,614.26 ",Small Cap
926,Pondy Oxides & Chemicals Limited,INE063E01053,POCL,"  3,628.67 ",POCL,"  3,578.96 ",-, - ,"  3,603.81 ",Small Cap
927,Share India Securities Limited,INE932X01026,SHAREINDIA,"  3,613.67 ",SHAREINDIA,"  3,587.29 ",-, - ,"  3,600.48 ",Small Cap
928,Rolex Rings Limited,INE645S01024,ROLEXRINGS,"  3,594.10 ",ROLEXRINGS,"  3,594.19 ",-, - ,"  3,594.15 ",Small Cap
929,Advanced Enzyme Technologies Limited,INE837H01020,ADVENZYMES,"  3,589.91 ",ADVENZYMES,"  3,590.08 ",-, - ,"  3,590.00 ",Small Cap
930,Gufic BioSciences Ltd.,INE742B01025,GUFICBIO,"  3,569.80 ",GUFICBIO,"  3,570.53 ",-, - ,"  3,570.17 ",Small Cap
931,Jain Irrigation Systems Ltd.,INE175A01038,JISLJALEQS,"  3,580.35 ",JISLJALEQS,"  3,541.18 ",-, - ,"  3,560.77 ",Small Cap
932,MSTC Limited,INE255X01014,MSTCLTD,"  3,560.82 ",MSTCLTD,"  3,559.50 ",-, - ,"  3,560.16 ",Small Cap
933,Unichem Laboratories Ltd.,INE351A01035,UNICHEMLAB,"  3,559.31 ",UNICHEMLAB,"  3,560.01 ",-, - ,"  3,559.66 ",Small Cap
934,Jubilant Agri and Consumer Products Limited,INE03CC01015,JUBLCPL,"  3,564.34 ",JUBLCPL,"  3,547.94 ",-, - ,"  3,556.14 ",Small Cap
935,ROSSARI BIOTECH LIMITED,INE02A801020,ROSSARI,"  3,550.48 ",ROSSARI,"  3,551.79 ",-, - ,"  3,551.13 ",Small Cap
936,Cyient DLM Limited,INE055S01018,CYIENTDLM,"  3,544.45 ",CYIENTDLM,"  3,543.75 ",-, - ,"  3,544.10 ",Small Cap
937,SUNDARAM-CLAYTON LIMITED,INE0Q3R01026,SUNCLAY,"  3,534.39 ",SUNCLAY,"  3,534.32 ",-, - ,"  3,534.36 ",Small Cap
938,RAGHAV PRODUCTIVITY ENHANCERS LIMITED,INE912T01018,RPEL,"  3,524.70 ",RPEL,"  3,525.18 ",-, - ,"  3,524.94 ",Small Cap
939,Balmer Lawrie & Co. Ltd.,INE164A01016,BALMLAWRIE,"  3,502.04 ",BALMLAWRIE,"  3,502.00 ",-, - ,"  3,502.02 ",Small Cap
940,Artemis Medicare Services Limited,INE025R01021,ARTEMISMED,"  3,509.09 ",ARTEMISMED,"  3,490.11 ",-, - ,"  3,499.60 ",Small Cap
941,Prince Pipes and Fittings Limited,INE689W01016,PRINCEPIPE,"  3,484.09 ",PRINCEPIPE,"  3,485.40 ",-, - ,"  3,484.74 ",Small Cap
942,Foseco India Ltd,INE519A01011,FOSECOIND,"  3,478.10 ",FOSECOIND,"  3,466.01 ",-, - ,"  3,472.06 ",Small Cap
943,PITTI ENGINEERING LIMITED,INE450D01021,PITTIENG,"  3,468.21 ",PITTIENG,"  3,469.14 ",-, - ,"  3,468.67 ",Small Cap
944,D P ABHUSHAN LIMITED,INE266Y01019,DPABHUSHAN,"  3,466.24 ",DPABHUSHAN,"  3,463.17 ",-, - ,"  3,464.70 ",Small Cap
945,Steel Strips & Wheels Ltd,INE802C01033,SSWL,"  3,462.41 ",SSWL,"  3,459.42 ",-, - ,"  3,460.91 ",Small Cap
946,STANDARD GLASS LINING TECHNOLOGY LIMITED,INE0M4D01010,SGLTL,"  3,446.08 ",SGLTL,"  3,448.56 ",-, - ,"  3,447.32 ",Small Cap
947,Indo Thai Securities Limited,INE337M01021,INDOTHAI,"  3,446.18 ",INDOTHAI,"  3,404.92 ",-, - ,"  3,425.55 ",Small Cap
948,Bhagiradha Chemicals and Industries,INE414D01027,BHAGCHEM,"  3,416.70 ",BHAGCHEM,"  3,417.39 ",-, - ,"  3,417.04 ",Small Cap
949,BAJAJ CONSUMER CARE LIMITED,INE933K01021,BAJAJCON,"  3,366.16 ",BAJAJCON,"  3,412.06 ",-, - ,"  3,389.11 ",Small Cap
950,Greenpanel Industries Limited,INE08ZM01014,GREENPANEL,"  3,385.76 ",GREENPANEL,"  3,386.17 ",-, - ,"  3,385.96 ",Small Cap
951,BN AGROCHEM LIMITED,INE00HZ01011,BNAGROCHEM,"  3,384.34 ",-, - ,-, - ,"  3,384.34 ",Small Cap
952,Bharat Bijlee Ltd.,INE464A01036,BBL,"  3,380.50 ",BBL,"  3,380.58 ",-, - ,"  3,380.54 ",Small Cap
953,Navneet Education Limited,INE060A01024,NAVNETEDUL,"  3,336.68 ",NAVNETEDUL,"  3,411.85 ",-, - ,"  3,374.26 ",Small Cap
954,Protean eGov Technologies Limited,INE004A01022,PROTEAN,"  3,368.59 ",PROTEAN,"  3,365.92 ",-, - ,"  3,367.26 ",Small Cap
955,Vishnu Chemicals Limited,INE270I01022,VISHNU,"  3,361.51 ",VISHNU,"  3,361.89 ",-, - ,"  3,361.70 ",Small Cap
956,SAMBHV STEEL TUBES LIMITED,INE12NJ01018,SAMBHV,"  3,361.35 ",SAMBHV,"  3,361.04 ",-, - ,"  3,361.20 ",Small Cap
957,Parag Milk Foods Limited,INE883N01014,PARAGMILK,"  3,382.94 ",PARAGMILK,"  3,328.04 ",-, - ,"  3,355.49 ",Small Cap
958,Bombay Dyeing & Mfg. Co. Ltd.,INE032A01023,BOMDYEING,"  3,354.01 ",BOMDYEING,"  3,354.09 ",-, - ,"  3,354.05 ",Small Cap
959,Ujaas Energy Limited,INE899L01030,UEL,"  2,771.53 ",UEL,"  3,902.64 ",-, - ,"  3,337.09 ",Small Cap
960,SENORES PHARMACEUTICALS LIMITED,INE0RB801010,SENORES,"  3,322.10 ",SENORES,"  3,323.67 ",-, - ,"  3,322.88 ",Small Cap
961,TechNVision Ventures Limited,INE314H01012,TECHNVISN,"  3,321.13 ",-, - ,-, - ,"  3,321.13 ",Small Cap
962,HLE GLASCOAT LIMITED,INE461D01028,HLEGLAS,"  3,301.99 ",HLEGLAS,"  3,294.63 ",-, - ,"  3,298.31 ",Small Cap
963,Hikal Ltd.,INE475B01022,HIKAL,"  3,280.94 ",HIKAL,"  3,280.93 ",-, - ,"  3,280.94 ",Small Cap
964,KIRI INDUSTRIES LIMITED,INE415I01015,KIRIINDUS,"  3,294.30 ",KIRIINDUS,"  3,265.07 ",-, - ,"  3,279.68 ",Small Cap
965,Flair Writing Industries Limited,INE00Y201027,FLAIR,"  3,268.81 ",FLAIR,"  3,269.49 ",-, - ,"  3,269.15 ",Small Cap
966,Kewal Kiran Clothing Ltd.,INE401H01017,KKCL,"  3,258.66 ",KKCL,"  3,258.43 ",-, - ,"  3,258.54 ",Small Cap
967,Mahindra Logistics Limited,INE766P01016,MAHLOG,"  3,247.78 ",MAHLOG,"  3,248.04 ",-, - ,"  3,247.91 ",Small Cap
968,Timex Group India Ltd,INE064A01026,TIMEX,"  3,243.50 ",-, - ,-, - ,"  3,243.50 ",Small Cap
969,EPACK Durable Limited,INE0G5901015,EPACK,"  3,237.94 ",EPACK,"  3,234.94 ",-, - ,"  3,236.44 ",Small Cap
970,ARKADE DEVELOPERS LIMITED,INE0QRL01017,ARKADE ,"  3,232.82 ",ARKADE,"  3,233.25 ",-, - ,"  3,233.03 ",Small Cap
971,Pennar Industries Ltd.,INE932A01024,PENIND,"  3,315.97 ",PENIND,"  3,148.19 ",-, - ,"  3,232.08 ",Small Cap
972,PSP Projects Limited,INE488V01015,PSPPROJECT,"  3,212.98 ",PSPPROJECT,"  3,214.42 ",-, - ,"  3,213.70 ",Small Cap
973,Krishana Phoschem Ltd.,INE506W01012,-, - ,KRISHANA,"  3,180.43 ",-, - ,"  3,180.43 ",Small Cap
974,Stylam Industries Limited,INE239C01020,STYLAMIND,"  3,179.36 ",STYLAMIND,"  3,181.13 ",-, - ,"  3,180.25 ",Small Cap
975,Apeejay Surrendra Park Hotels Limited,INE988S01028,PARKHOTELS,"  3,176.07 ",PARKHOTELS,"  3,175.32 ",-, - ,"  3,175.69 ",Small Cap
976,Gateway Distriparks Limited,INE079J01017,GATEWAY,"  3,169.64 ",GATEWAY,"  3,169.65 ",-, - ,"  3,169.65 ",Small Cap
977,Prabha Energy Limited,INE0I0M01023,PRABHA,"  3,167.47 ",PRABHA,"  3,167.34 ",-, - ,"  3,167.40 ",Small Cap
978,IMAGICAAWORLD ENTERTAINMENT LIMITED,INE172N01012,IMAGICAA,"  3,165.57 ",IMAGICAA,"  3,164.65 ",-, - ,"  3,165.11 ",Small Cap
979,Globus Spirits Limited,INE615I01010,GLOBUSSPR,"  3,165.46 ",GLOBUSSPR,"  3,161.35 ",-, - ,"  3,163.40 ",Small Cap
980,Jash Engineering Ltd.,INE039O01011,-, - ,JASH,"  3,163.09 ",-, - ,"  3,163.09 ",Small Cap
981,JASH ENGINEERING LIMITED,INE039O01029,JASH,"  3,161.82 ",-, - ,-, - ,"  3,161.82 ",Small Cap
982,PAISALO DIGITAL LIMITED,INE420C01059,PAISALO,"  3,164.11 ",PAISALO,"  3,157.44 ",-, - ,"  3,160.78 ",Small Cap
983,SPICE LOUNGE FOOD WORKS LIMITED,INE631E01024,SPICELOUNG,"  3,068.54 ",-, - ,SPICELOUNG,"  3,244.14 ","  3,156.34 ",Small Cap
984,DDEV PLASTIKS INDUSTRIES LIMITED,INE0HR601026,DDEVPLSTIK,"  3,155.33 ",DDEVPLSTIK,"  3,155.90 ",-, - ,"  3,155.62 ",Small Cap
985,Patel Engineering Ltd,INE244B01030,PATELENG,"  3,154.58 ",PATELENG,"  3,154.41 ",-, - ,"  3,154.49 ",Small Cap
986,West Coast Paper Mills Limited,INE976A01021,WSTCSTPAPR,"  3,140.51 ",WSTCSTPAPR,"  3,140.88 ",-, - ,"  3,140.70 ",Small Cap
987,Ganesha Ecosphere Limited,INE845D01014,GANECOS,"  3,140.51 ",GANECOS,"  3,136.45 ",-, - ,"  3,138.48 ",Small Cap
988,KDDL Ltd,INE291D01011,KDDL,"  3,133.72 ",KDDL,"  3,133.66 ",-, - ,"  3,133.69 ",Small Cap
989,Maithan Alloys Limited,INE683C01011,MAITHANALL,"  3,132.75 ",MAITHANALL,"  3,132.92 ",-, - ,"  3,132.84 ",Small Cap
990,Polyplex Corporation Ltd.,INE633B01018,POLYPLEX,"  3,127.18 ",POLYPLEX,"  3,127.14 ",-, - ,"  3,127.16 ",Small Cap
991,Deep Industries Limited,INE0FHS01024,DEEPINDS,"  3,126.39 ",DEEPINDS,"  3,127.13 ",-, - ,"  3,126.76 ",Small Cap
992,Sagar Cements Ltd,INE229C01021,SAGCEM,"  3,123.06 ",SAGCEM,"  3,122.62 ",-, - ,"  3,122.84 ",Small Cap
993,Siyaram Silk Mills Ltd.,INE076B01028,SIYSIL,"  3,120.89 ",SIYSIL,"  3,120.85 ",-, - ,"  3,120.87 ",Small Cap
994,EURO PRATIK SALES LIMITED,INE198501012,EUROPRATIK,"  3,101.51 ",EUROPRATIK,"  3,102.55 ",-, - ,"  3,102.03 ",Small Cap
995,MARSONS LIMITED,INE415B01044,MARSONS,"  3,091.18 ",-, - ,-, - ,"  3,091.18 ",Small Cap
996,Easy Trip Planners Limited,INE07O001026,EASEMYTRIP,"  3,093.16 ",EASEMYTRIP,"  3,076.65 ",-, - ,"  3,084.91 ",Small Cap
997,HPL Electric & Power Limited,INE495S01016,HPL,"  3,080.51 ",HPL,"  3,079.93 ",-, - ,"  3,080.22 ",Small Cap
998,Ashiana Housing Limited,INE365D01021,ASHIANA,"  3,067.65 ",ASHIANA,"  3,066.77 ",-, - ,"  3,067.21 ",Small Cap
999,TCPL Packaging Limited,INE822C01015,TCPLPACK,"  3,066.47 ",TCPLPACK,"  3,065.73 ",-, - ,"  3,066.10 ",Small Cap
1000,Brigade Hotel Ventures Limited,INE03NU01014,BRIGHOTEL,"  3,050.31 ",BRIGHOTEL,"  3,049.93 ",-, - ,"  3,050.12 ",Small Cap
1001,EFC (I) LIMITED,INE886D01026,EFCIL,"  3,074.39 ",EFCIL,"  2,993.95 ",-, - ,"  3,034.17 ",Small Cap
1002,Sandhar Technologies Limited,INE278H01035,SANDHAR,"  3,029.50 ",SANDHAR,"  3,029.56 ",-, - ,"  3,029.53 ",Small Cap
1003,S H Kelkar and Company Limited,INE500L01026,SHK,"  3,022.18 ",SHK,"  3,021.82 ",-, - ,"  3,022.00 ",Small Cap
1004,Tourism Finance Corpn. Of India Ltd,INE305A01023,TFCILTD,"  3,021.88 ",TFCILTD,"  3,021.76 ",-, - ,"  3,021.82 ",Small Cap
1005,Ram Ratna Wires Ltd.,INE207E01023,RAMRAT,"  3,030.19 ",RAMRAT,"  3,009.90 ",-, - ,"  3,020.05 ",Small Cap
1006,STRING METAVERSE LIMITED,INE958L01026,META,"  3,018.50 ",-, - ,-, - ,"  3,018.50 ",Small Cap
1007,SUNDROP BRANDS LIMITED,INE209A01019,SUNDROP,"  3,007.23 ",SUNDROP,"  3,007.90 ",-, - ,"  3,007.57 ",Small Cap
1008,Orissa Minerals Development Company Limited,INE725E01024,ORISSAMINE,"  2,987.52 ",ORISSAMINE,"  2,987.98 ",-, - ,"  2,987.75 ",Small Cap
1009,VEEDOL CORPORATION LIMITED,INE484C01030,VEEDOL,"  2,986.09 ",VEEDOL,"  2,987.55 ",-, - ,"  2,986.82 ",Small Cap
1010,TeamLease Services Limited,INE985S01024,TEAMLEASE,"  2,980.96 ",TEAMLEASE,"  2,981.76 ",-, - ,"  2,981.36 ",Small Cap
1011,AGI Infra Limited,INE976R01033,AGIIL,"  2,977.77 ",AGIIL,"  2,976.52 ",-, - ,"  2,977.15 ",Small Cap
1012,NOCIL Ltd,INE163A01018,NOCIL,"  2,973.76 ",NOCIL,"  2,974.01 ",-, - ,"  2,973.88 ",Small Cap
1013,SOLARA ACTIVE PHARMA SCIENCES LIMITED,INE624Z01016,SOLARA,"  3,233.57 ",SOLARA,"  2,699.74 ",-, - ,"  2,966.66 ",Small Cap
1014,CITY PULSE MULTIVENTURES LIMITED,INE056001014,CPML,"  2,955.59 ",-, - ,-, - ,"  2,955.59 ",Small Cap
1015,EMS LIMITED,INE0OV601013,EMSLIMITED,"  2,948.90 ",EMSLIMITED,"  2,949.20 ",-, - ,"  2,949.05 ",Small Cap
1016,Man Industries (India) Ltd,INE993A01026,MANINDS,"  2,982.89 ",MANINDS,"  2,910.53 ",-, - ,"  2,946.71 ",Small Cap
1017,Premier Explosives Ltd.,INE863B01029,PREMEXPLN,"  2,945.27 ",PREMEXPLN,"  2,944.71 ",-, - ,"  2,944.99 ",Small Cap
1018,Thirumalai Chemicals Ltd.,INE338A01024,TIRUMALCHM,"  2,947.77 ",TIRUMALCHM,"  2,902.96 ",-, - ,"  2,925.36 ",Small Cap
1019,Sanghvi Movers Ltd.,INE989A01032,SANGHVIMOV,"  2,895.44 ",SANGHVIMOV,"  2,893.82 ",-, - ,"  2,894.63 ",Small Cap
1020,Federal-Mogul Goetze (India) Ltd,INE529A01010,FMGOETZE,"  2,881.29 ",FMGOETZE,"  2,882.27 ",-, - ,"  2,881.78 ",Small Cap
1021,Vimta Labs Ltd.,INE579C01029,VIMTALABS,"  2,881.09 ",VIMTALABS,"  2,879.66 ",-, - ,"  2,880.37 ",Small Cap
1022,Shivalik Bimetal Controls Ltd.,INE386D01027,SBCL,"  2,880.21 ",SBCL,"  2,879.78 ",-, - ,"  2,880.00 ",Small Cap
1023,Fineotex Chemical Limited,INE045J01034,FCL,"  2,879.74 ",FCL,"  2,879.70 ",-, - ,"  2,879.72 ",Small Cap
1024,Muthoot Microfin Limited,INE046W01019,MUTHOOTMF,"  2,850.05 ",MUTHOOTMF,"  2,850.98 ",-, - ,"  2,850.51 ",Small Cap
1025,Marine Electricals (India) Ltd.,INE01JE01028,-, - ,MARINE,"  2,849.98 ",-, - ,"  2,849.98 ",Small Cap
1026,Arvind SmartSpaces Limited,INE034S01021,ARVSMART,"  2,845.72 ",ARVSMART,"  2,846.75 ",-, - ,"  2,846.24 ",Small Cap
1027,K.P. Energy Limited,INE127T01021,KPEL,"  2,840.88 ",KPEL,"  2,840.23 ",-, - ,"  2,840.55 ",Small Cap
1028,Gujarat Industries Power Co. Ltd,INE162A01010,GIPCL,"  2,839.19 ",GIPCL,"  2,838.88 ",-, - ,"  2,839.03 ",Small Cap
1029,Prakash Industries Ltd.,INE603A01013,PRAKASH,"  2,822.49 ",PRAKASH,"  2,822.16 ",-, - ,"  2,822.32 ",Small Cap
1030,Sri Adhikari Brothers Television Ne,INE416A01044,SABTNL,"  2,818.26 ",SABTNL,"  2,822.06 ",-, - ,"  2,820.16 ",Small Cap
1031,RPSG VENTURES LIMITED,INE425Y01011,RPSGVENT,"  2,818.13 ",RPSGVENT,"  2,817.98 ",-, - ,"  2,818.06 ",Small Cap
1032,Tatva Chintan Pharma Chem Limited,INE0GK401011,TATVA,"  2,815.35 ",TATVA,"  2,815.49 ",-, - ,"  2,815.42 ",Small Cap
1033,IOL Chemicals & Pharmaceuticals Ltd,INE485C01029,IOLCP,"  2,803.72 ",IOLCP,"  2,803.61 ",-, - ,"  2,803.66 ",Small Cap
1034,Bajaj Hindusthan Sugar Limited,INE306A01021,BAJAJHIND,"  2,801.47 ",BAJAJHIND,"  2,800.09 ",-, - ,"  2,800.78 ",Small Cap
1035,BF Utilities Ltd.,INE243D01012,BFUTILITIE,"  2,798.04 ",BFUTILITIE,"  2,798.41 ",-, - ,"  2,798.23 ",Small Cap
1036,LS Industries Limited,INE345D01031,LSIND,"  2,780.06 ",-, - ,-, - ,"  2,780.06 ",Small Cap
1037,Ramco Industries Ltd,INE614A01028,RAMCOIND,"  2,777.89 ",RAMCOIND,"  2,777.67 ",-, - ,"  2,777.78 ",Small Cap
1038,TVS Srichakra Ltd.,INE421C01016,TVSSRICHAK,"  2,772.84 ",TVSSRICHAK,"  2,773.19 ",-, - ,"  2,773.02 ",Small Cap
1039,Epack Prefab Technologies Limited,INE0MLS01022,EPACKPEB,"  2,768.41 ",EPACKPEB,"  2,768.50 ",-, - ,"  2,768.46 ",Small Cap
1040,BRIGHTCOM GROUP LIMITED,INE425B01027,BCG,"  2,761.81 ",BCG,"  2,762.36 ",-, - ,"  2,762.09 ",Small Cap
1041,Pokarna Ltd.,INE637C01025,POKARNA,"  2,760.18 ",POKARNA,"  2,760.07 ",-, - ,"  2,760.13 ",Small Cap
1042,Eveready Industries India Ltd.,INE128A01029,EVEREADY,"  2,753.01 ",EVEREADY,"  2,752.38 ",-, - ,"  2,752.69 ",Small Cap
1043,CARRARO INDIA LIMITED,INE0V7W01012,CARRARO,"  2,750.61 ",CARRARO,"  2,751.34 ",-, - ,"  2,750.97 ",Small Cap
1044,NRB Bearings Ltd.,INE349A01021,NRBBEARING,"  2,749.61 ",NRBBEARING,"  2,750.51 ",-, - ,"  2,750.06 ",Small Cap
1045,HONDA INDIA POWER PRODUCTS LIMITED,INE634A01018,HONDAPOWER,"  2,747.49 ",HONDAPOWER,"  2,747.68 ",-, - ,"  2,747.58 ",Small Cap
1046,Morepen Laboratories Ltd.,INE083A01026,MOREPENLAB,"  2,738.56 ",MOREPENLAB,"  2,738.10 ",-, - ,"  2,738.33 ",Small Cap
1047,Hind Rectifiers Ltd.,INE835D01023,HIRECT,"  2,738.37 ",HIRECT,"  2,737.35 ",-, - ,"  2,737.86 ",Small Cap
1048,Venus Pipes & Tubes Limited,INE0JA001018,VENUSPIPES,"  2,734.70 ",VENUSPIPES,"  2,730.39 ",-, - ,"  2,732.54 ",Small Cap
1049,Savita Oil Technologies Limited,INE035D01020,SOTL,"  2,728.01 ",SOTL,"  2,729.47 ",-, - ,"  2,728.74 ",Small Cap
1050,Kilburn Engineering Ltd,INE338F01015,KLBRENG-B,"  2,722.47 ",-, - ,-, - ,"  2,722.47 ",Small Cap
1051,JTL INDUSTRIES LIMITED,INE391J01032,JTLIND,"  2,677.20 ",JTLIND,"  2,754.72 ",-, - ,"  2,715.96 ",Small Cap
1052,Mahanagar Telephone Nigam Ltd.,INE153A01019,MTNL,"  2,707.52 ",MTNL,"  2,706.75 ",-, - ,"  2,707.14 ",Small Cap
1053,RAVINDRA ENERGY LIMITED,INE206N01018,RELTD,"  2,706.12 ",RELTD,"  2,705.02 ",-, - ,"  2,705.57 ",Small Cap
1054,Alembic  Ltd,INE426A01027,ALEMBICLTD,"  2,701.78 ",ALEMBICLTD,"  2,702.12 ",-, - ,"  2,701.95 ",Small Cap
1055,Digitide Solutions Limited,INE0U4701011,DIGITIDE,"  2,689.81 ",DIGITIDE,"  2,689.86 ",-, - ,"  2,689.84 ",Small Cap
1056,Midwest Gold Ltd,INE519N01014,MIDWEST,"  2,666.49 ",-, - ,-, - ,"  2,666.49 ",Small Cap
1057,Elcid Investments Ltd.,INE927X01018,ELCIDIN,"  2,665.25 ",-, - ,-, - ,"  2,665.25 ",Small Cap
1058,Saksoft Limited,INE667G01023,SAKSOFT,"  2,586.08 ",SAKSOFT,"  2,742.13 ",-, - ,"  2,664.11 ",Small Cap
1059,UTKARSH SMALL FINANCE BANK LIMITED,INE735W01017,UTKARSHBNK,"  2,663.47 ",UTKARSHBNK,"  2,662.58 ",-, - ,"  2,663.03 ",Small Cap
1060,Nucleus Software Exports Ltd,INE096B01018,NUCLEUS,"  2,660.29 ",NUCLEUS,"  2,660.57 ",-, - ,"  2,660.43 ",Small Cap
1061,Servotech Renewable Power System Ltd.,INE782X01033,-, - ,SERVOTECH,"  2,659.58 ",-, - ,"  2,659.58 ",Small Cap
1062,HMT Limited,INE262A01018,HMT,"  2,662.26 ",HMT,"  2,652.20 ",-, - ,"  2,657.23 ",Small Cap
1063,Automotive Axles Ltd.,INE449A01011,AUTOAXLES,"  2,654.56 ",AUTOAXLES,"  2,654.87 ",-, - ,"  2,654.71 ",Small Cap
1064,La Opala RG Ltd.,INE059D01020,LAOPALA,"  2,649.81 ",LAOPALA,"  2,649.28 ",-, - ,"  2,649.54 ",Small Cap
1065,DCX Systems Limited,INE0KL801015,DCXINDIA,"  2,626.40 ",DCXINDIA,"  2,626.18 ",-, - ,"  2,626.29 ",Small Cap
1066,Hindware Home Innovation Limited,INE05AN01011,HINDWAREAP,"  2,612.59 ",HINDWAREAP,"  2,613.91 ",-, - ,"  2,613.25 ",Small Cap
1067,Indoco Remedies Ltd.,INE873D01024,INDOCO,"  2,608.28 ",INDOCO,"  2,607.87 ",-, - ,"  2,608.08 ",Small Cap
1068,Solarworld Energy Solutions Limited,INE0TY101024,SOLARWORLD,"  2,602.48 ",SOLARWORLD,"  2,601.39 ",-, - ,"  2,601.93 ",Small Cap
1069,Windsor Machines Limited,INE052A01021,WINDMACHIN,"  2,601.95 ",WINDMACHIN,"  2,601.42 ",-, - ,"  2,601.69 ",Small Cap
1070,Taj GVK Hotels & Resorts Ltd.,INE586B01026,TAJGVK,"  2,598.97 ",TAJGVK,"  2,598.55 ",-, - ,"  2,598.76 ",Small Cap
1071,Sirca Paints India Limited,INE792Z01011,SIRCA,"  2,597.55 ",SIRCA,"  2,594.59 ",-, - ,"  2,596.07 ",Small Cap
1072,Nitco Ltd.,INE858F01012,NITCO,"  2,594.84 ",NITCO,"  2,594.90 ",-, - ,"  2,594.87 ",Small Cap
1073,Universal Cables Ltd.,INE279A01012,UNIVCABLES,"  2,698.04 ",UNIVCABLES,"  2,488.51 ",-, - ,"  2,593.27 ",Small Cap
1074,Vikran Engineering Limited,INE01R501028,VIKRAN,"  2,592.09 ",VIKRAN,"  2,592.10 ",-, - ,"  2,592.10 ",Small Cap
1075,Vardhman Special Steels Ltd,INE050M01012,VSSL,"  2,598.10 ",VSSL,"  2,584.78 ",-, - ,"  2,591.44 ",Small Cap
1076,Sai Silks (Kalamandir) Limited,INE438K01021,KALAMANDIR,"  2,591.14 ",KALAMANDIR,"  2,590.95 ",-, - ,"  2,591.05 ",Small Cap
1077,KP GREEN ENGINEERING LIMITED,INE0QVH01025,KPGEL,"  2,588.20 ",-, - ,-, - ,"  2,588.20 ",Small Cap
1078,Krsnaa Diagnostics Limited,INE08LI01020,KRSNAA,"  2,588.85 ",KRSNAA,"  2,584.41 ",-, - ,"  2,586.63 ",Small Cap
1079,COLAB PLATFORMS LIMITED,INE317W01030,COLAB,"  2,579.68 ",-, - ,-, - ,"  2,579.68 ",Small Cap
1080,CARYSIL LIMITED,INE482D01024,CARYSIL,"  2,577.15 ",CARYSIL,"  2,577.81 ",-, - ,"  2,577.48 ",Small Cap
1081,TCI Express Limited,INE586V01016,TCIEXP,"  2,572.52 ",TCIEXP,"  2,573.09 ",-, - ,"  2,572.80 ",Small Cap
1082,Som Distilleries & Breweries Ltd.,INE480C01038,SDBL,"  2,564.68 ",SDBL,"  2,580.27 ",-, - ,"  2,572.47 ",Small Cap
1083,Knowledge Marine & Engineering Works Limited,INE0CJD01029,KMEW,"  2,578.86 ",KMEW,"  2,530.44 ",-, - ,"  2,554.65 ",Small Cap
1084,K.C.P. LTD,INE805C01028,KCP,"  2,541.20 ",KCP,"  2,541.21 ",-, - ,"  2,541.21 ",Small Cap
1085,CEINSYS TECH LIMITED,INE016Q01014,CEINSYSTECH,"  2,540.31 ",-, - ,-, - ,"  2,540.31 ",Small Cap
1086,Bhansali Engineering Polymers Ltd.,INE922A01025,BEPL,"  2,537.28 ",BEPL,"  2,537.13 ",-, - ,"  2,537.20 ",Small Cap
1087,Hathway Cable & Datacom Limited,INE982F01036,HATHWAY,"  2,503.84 ",HATHWAY,"  2,503.01 ",-, - ,"  2,503.43 ",Small Cap
1088,Monarch Networth Capital Limited,INE903D01011,MONARCH,"  2,589.46 ",MONARCH,"  2,414.32 ",-, - ,"  2,501.89 ",Small Cap
1089,Dalmia Bharat Sugar and Industries Ltd,INE495A01022,DALMIASUG,"  2,497.23 ",DALMIASUG,"  2,495.17 ",-, - ,"  2,496.20 ",Small Cap
1090,Repco Home Finance Limited,INE612J01015,REPCOHOME,"  2,495.04 ",REPCOHOME,"  2,495.98 ",-, - ,"  2,495.51 ",Small Cap
1091,RAJESH POWER SERVICES LIMITED ,INE0VN801010,RAJESH,"  2,494.32 ",-, - ,-, - ,"  2,494.32 ",Small Cap
1092,ADF Foods Limited.,INE982B01027,ADFFOODS,"  2,490.84 ",ADFFOODS,"  2,490.69 ",-, - ,"  2,490.77 ",Small Cap
1093,Panacea Biotec Ltd.,INE922B01023,PANACEABIO,"  2,480.34 ",PANACEABIO,"  2,480.65 ",-, - ,"  2,480.49 ",Small Cap
1094,Jaykay Enterprises Limited,INE903A01025,JAYKAY,"  2,346.77 ",JAYKAY,"  2,610.00 ",-, - ,"  2,478.38 ",Small Cap
1095,GRM Overseas Ltd.,INE192H01020,GRMOVER,"  2,474.87 ",GRMOVER,"  2,468.03 ",-, - ,"  2,471.45 ",Small Cap
1096,Prataap Snacks Limited,INE393P01035,DIAMONDYD,"  2,468.17 ",DIAMONDYD,"  2,467.76 ",-, - ,"  2,467.97 ",Small Cap
1097,Capacit'e Infraprojects Limited,INE264T01014,CAPACITE,"  2,455.26 ",CAPACITE,"  2,455.17 ",-, - ,"  2,455.22 ",Small Cap
1098,Xpro India Ltd.,INE445C01015,XPROINDIA,"  2,387.70 ",XPROINDIA,"  2,518.53 ",-, - ,"  2,453.12 ",Small Cap
1099,Rossell Techsys Limited,INE0OJW01016,ROSSTECH,"  2,450.42 ",ROSSTECH,"  2,449.14 ",-, - ,"  2,449.78 ",Small Cap
1100,Filatex India Ltd.,INE816B01035,FILATEX,"  2,448.06 ",FILATEX,"  2,447.21 ",-, - ,"  2,447.63 ",Small Cap
1101,SMS Pharmaceuticals Ltd,INE812G01025,SMSPHARMA,"  2,445.86 ",SMSPHARMA,"  2,428.47 ",-, - ,"  2,437.17 ",Small Cap
1102,Jindal Poly Films Ltd.,INE197D01010,JINDALPOLY,"  2,436.04 ",JINDALPOLY,"  2,436.18 ",-, - ,"  2,436.11 ",Small Cap
1103,Sika Interplant Systems Ltd.,INE438E01032,SIKA,"  2,417.41 ",-, - ,-, - ,"  2,417.41 ",Small Cap
1104,Tasty Bite Eatables Ltd.,INE488B01017,TASTYBITE,"  2,411.58 ",TASTYBITE,"  2,411.91 ",-, - ,"  2,411.74 ",Small Cap
1105,Hinduja Global Solutions Limited,INE170I01016,HGS,"  2,398.64 ",HGS,"  2,398.01 ",-, - ,"  2,398.32 ",Small Cap
1106,Aeroflex Industries Limited,INE024001021,AEROFLEX,"  2,398.27 ",AEROFLEX,"  2,398.29 ",-, - ,"  2,398.28 ",Small Cap
1107,JOHN COCKERILL INDIA LIMITED,INE515A01019,COCKERILL,"  2,395.66 ",-, - ,-, - ,"  2,395.66 ",Small Cap
1108,Jai Corp Limited,INE070D01027,JAICORPLTD,"  2,393.55 ",JAICORPLTD,"  2,392.83 ",-, - ,"  2,393.19 ",Small Cap
1109,Mold-Tek Packaging Limited,INE893J01029,MOLDTKPAC,"  2,395.08 ",MOLDTKPAC,"  2,387.78 ",-, - ,"  2,391.43 ",Small Cap
1110,Cosmo First Limited,INE757A01017,COSMOFIRST,"  2,386.74 ",COSMOFIRST,"  2,387.21 ",-, - ,"  2,386.97 ",Small Cap
1111,PTC India Financial Services Limited,INE560K01014,PFS,"  2,378.64 ",PFS,"  2,378.68 ",-, - ,"  2,378.66 ",Small Cap
1112,M & B ENGINEERING LIMITED,INE08N601015,MBEL,"  2,370.21 ",MBEL,"  2,370.32 ",-, - ,"  2,370.26 ",Small Cap
1113,Bajel Projects Limited,INE0KQN01018,BAJEL,"  2,359.94 ",BAJEL,"  2,358.67 ",-, - ,"  2,359.30 ",Small Cap
1114,WELSPUN SPECIALTY SOLUTIONS LIMITED,INE731F01037,WELSPLSOL,"  2,352.48 ",-, - ,-, - ,"  2,352.48 ",Small Cap
1115,KSH INTERNATIONAL LIMITED,INE987S01020,KSHINTL,"  2,350.45 ",KSHINTL,"  2,351.86 ",-, - ,"  2,351.15 ",Small Cap
1116,Insecticides India Ltd.,INE070I01018,INSECTICID,"  2,346.45 ",INSECTICID,"  2,346.65 ",-, - ,"  2,346.55 ",Small Cap
1117,Shalby Limited,INE597J01018,SHALBY,"  2,339.83 ",SHALBY,"  2,339.93 ",-, - ,"  2,339.88 ",Small Cap
1118,NDR Auto Components Limited,INE07OG01012,NDRAUTO,"  2,332.62 ",NDRAUTO,"  2,333.19 ",-, - ,"  2,332.91 ",Small Cap
1119,Dr.Agarwals Eye Hospital Ltd.,INE934C01018,DRAGARWQ,"  2,330.94 ",-, - ,-, - ,"  2,330.94 ",Small Cap
1120,Fino Payments Bank Limited,INE02NC01014,FINOPB,"  2,328.19 ",FINOPB,"  2,328.12 ",-, - ,"  2,328.15 ",Small Cap
1121,Oriental Hotels Ltd.,INE750A01020,ORIENTHOT,"  2,327.85 ",ORIENTHOT,"  2,327.59 ",-, - ,"  2,327.72 ",Small Cap
1122,Baazar Style Retail Limited,INE01FR01028,STYLEBAAZA ,"  2,324.74 ",STYLEBAAZA,"  2,325.33 ",-, - ,"  2,325.04 ",Small Cap
1123,Shipping Corporation of India Land and Assets Limited,INE0PB301013,SCILAL,"  2,324.46 ",SCILAL,"  2,324.43 ",-, - ,"  2,324.44 ",Small Cap
1124,Nilkamal Limited,INE310A01015,NILKAMAL,"  2,320.82 ",NILKAMAL,"  2,321.33 ",-, - ,"  2,321.08 ",Small Cap
1125,LANDMARK CARS LIMITED,INE559R01029,LANDMARK,"  2,319.38 ",LANDMARK,"  2,320.28 ",-, - ,"  2,319.83 ",Small Cap
1126,EIH Associated Hotels Ltd.,INE276C01014,EIHAHOTELS,"  2,318.42 ",EIHAHOTELS,"  2,318.13 ",-, - ,"  2,318.27 ",Small Cap
1127,India Pesticides Limited,INE0D6701023,IPL,"  2,315.13 ",IPL,"  2,315.15 ",-, - ,"  2,315.14 ",Small Cap
1128,SUMMIT SECURITIES LTD.,INE519C01017,SUMMITSEC,"  2,310.59 ",SUMMITSEC,"  2,309.63 ",-, - ,"  2,310.11 ",Small Cap
1129,FUSION FINANCE LIMITED,INE139R01012,FUSION,"  2,828.67 ",FUSION,"  1,762.59 ",-, - ,"  2,295.63 ",Small Cap
1130,Seamec Ltd,INE497B01018,SEAMECLTD,"  2,287.82 ",SEAMECLTD,"  2,288.85 ",-, - ,"  2,288.33 ",Small Cap
1131,Mayur Uniquoters ltd.,INE040D01038,MAYURUNIQ,"  2,285.84 ",MAYURUNIQ,"  2,286.99 ",-, - ,"  2,286.41 ",Small Cap
1132,Rane (Madras)  Ltd.,INE050H01012,RML,"  2,283.04 ",RML,"  2,284.34 ",-, - ,"  2,283.69 ",Small Cap
1133,YATRA ONLINE LIMITED,INE0JR601024,YATRA,"  2,276.78 ",YATRA,"  2,276.56 ",-, - ,"  2,276.67 ",Small Cap
1134,Steelcast Ltd.,INE124E01038,STEELCAS,"  2,226.19 ",STEELCAS,"  2,226.92 ",-, - ,"  2,226.56 ",Small Cap
1135,Genesys International Corporation Ltd.,INE727B01026,GENESYS,"  2,221.78 ",GENESYS,"  2,218.84 ",-, - ,"  2,220.31 ",Small Cap
1136,Novartis India Limited.,INE234A01025,NOVARTIND,"  2,216.26 ",-, - ,-, - ,"  2,216.26 ",Small Cap
1137,GE Power India Limited,INE878A01011,GVPIL,"  2,211.24 ",GVPIL,"  2,211.01 ",-, - ,"  2,211.12 ",Small Cap
1138,Kalyani Investment Company Limited,INE029L01018,KICL,"  2,203.64 ",KICL,"  2,202.69 ",-, - ,"  2,203.17 ",Small Cap
1139,Simplex Infrastructures Limited,INE059B01024,SIMPLEXINF,"  2,223.50 ",SIMPLEXINF,"  2,174.34 ",-, - ,"  2,198.92 ",Small Cap
1140,Goodyear India Ltd.,INE533A01012,GOODYEAR,"  2,198.23 ",-, - ,-, - ,"  2,198.23 ",Small Cap
1141,Spectrum Electrical Industries Limited,INE01EO01010,SPECTRUM,"  2,192.64 ",SPECTRUM,"  2,189.56 ",-, - ,"  2,191.10 ",Small Cap
1142,Afcom Holdings Limited,INE0OXY01013,AFCOM,"  2,184.69 ",-, - ,-, - ,"  2,184.69 ",Small Cap
1143,GHV INFRA PROJECTS LIMITED,INE809Q01020,GHVINFRA,"  2,183.85 ",-, - ,-, - ,"  2,183.85 ",Small Cap
1144,Sula Vineyards Limited,INE142Q01026,SULA,"  2,183.95 ",SULA,"  2,183.35 ",-, - ,"  2,183.65 ",Small Cap
1145,SG FINSERVE LIMITED,INE618R01015,SGFIN,"  2,185.20 ",SGFIN,"  2,165.05 ",-, - ,"  2,175.12 ",Small Cap
1146,CANTABIL RETAIL INDIA LIMITED,INE068L01024,CANTABIL,"  2,160.62 ",CANTABIL,"  2,160.61 ",-, - ,"  2,160.61 ",Small Cap
1147,Delta Corp Limited,INE124G01033,DELTACORP,"  2,142.87 ",DELTACORP,"  2,142.40 ",-, - ,"  2,142.64 ",Small Cap
1148,Studds Accessories Limited,INE00Q601028,STUDDS,"  2,142.25 ",STUDDS,"  2,141.88 ",-, - ,"  2,142.07 ",Small Cap
1149,Sasken Technologies Limited,INE231F01020,SASKEN,"  2,140.08 ",SASKEN,"  2,139.73 ",-, - ,"  2,139.91 ",Small Cap
1150,Rane Holdings Ltd.,INE384A01010,RANEHOLDIN,"  2,138.11 ",RANEHOLDIN,"  2,138.97 ",-, - ,"  2,138.54 ",Small Cap
1151,Sangam (India) Ltd,INE495C01010,SANGAMIND,"  2,137.34 ",SANGAMIND,"  2,139.35 ",-, - ,"  2,138.34 ",Small Cap
1152,Hindustan Oil Exploration Co. Ltd.,INE345A01011,HINDOILEXP,"  2,136.58 ",HINDOILEXP,"  2,137.37 ",-, - ,"  2,136.98 ",Small Cap
1153,Spandana Sphoorty Financial Limited,INE572J01011,SPANDANA,"  2,148.47 ",SPANDANA,"  2,091.25 ",-, - ,"  2,119.86 ",Small Cap
1154,STOVE KRAFT LIMITED,INE00IN01015,STOVEKRAFT,"  2,113.06 ",STOVEKRAFT,"  2,112.75 ",-, - ,"  2,112.91 ",Small Cap
1155,Geojit Financial Services Limited,INE007B01023,GEOJITFSL,"  2,112.35 ",GEOJITFSL,"  2,112.07 ",-, - ,"  2,112.21 ",Small Cap
1156,IDEAFORGE TECHNOLOGY LIMITED,INE349Y01013,IDEAFORGE,"  2,105.41 ",IDEAFORGE,"  2,103.64 ",-, - ,"  2,104.52 ",Small Cap
1157,Citurgia Biochemicals Ltd.,INE795B01031,CITURGIA,"  2,089.75 ",-, - ,-, - ,"  2,089.75 ",Small Cap
1158,ACCELYA SOLUTIONS INDIA LIMITED,INE793A01012,ACCELYA,"  2,080.46 ",ACCELYA,"  2,079.97 ",-, - ,"  2,080.21 ",Small Cap
1159,Rashi Peripherals Limited,INE0J1F01024,RPTECH,"  2,079.76 ",RPTECH,"  2,079.98 ",-, - ,"  2,079.87 ",Small Cap
1160,Venky's (India) ltd.,INE398A01010,VENKEYS,"  2,074.12 ",VENKEYS,"  2,073.96 ",-, - ,"  2,074.04 ",Small Cap
1161,TIL Ltd.,INE806C01018,TIL,"  2,074.72 ",TIL,"  2,072.88 ",-, - ,"  2,073.80 ",Small Cap
1162,YASHO INDUSTRIES LIMITED,INE616Z01012,YASHO,"  2,070.87 ",YASHO,"  2,070.96 ",-, - ,"  2,070.91 ",Small Cap
1163,Deccan Gold Mines Ltd.,INE945F01025,DECNGOLD,"  2,070.50 ",-, - ,-, - ,"  2,070.50 ",Small Cap
1164,WONDER ELECTRICALS LIMITED,INE02WG01024,WEL,"  2,069.93 ",WEL,"  2,070.55 ",-, - ,"  2,070.24 ",Small Cap
1165,Dollar Industries Limited,INE325C01035,DOLLAR,"  2,069.57 ",DOLLAR,"  2,069.71 ",-, - ,"  2,069.64 ",Small Cap
1166,Indian Hume Pipe Co. Ltd.,INE323C01030,INDIANHUME,"  2,067.06 ",INDIANHUME,"  2,066.99 ",-, - ,"  2,067.03 ",Small Cap
1167,Dredging Corporation of India Ltd.,INE506A01018,DREDGECORP,"  2,065.01 ",DREDGECORP,"  2,065.33 ",-, - ,"  2,065.17 ",Small Cap
1168,Meghmani Organics Limited,INE0CT101020,MOL,"  2,064.57 ",MOL,"  2,064.36 ",-, - ,"  2,064.47 ",Small Cap
1169,DCW Ltd.,INE500A01029,DCW,"  2,058.70 ",DCW,"  2,058.18 ",-, - ,"  2,058.44 ",Small Cap
1170,Amrutanjan Health Care Limited,INE098F01031,AMRUTANJAN,"  2,060.20 ",AMRUTANJAN,"  2,038.89 ",-, - ,"  2,049.55 ",Small Cap
1171,Thejo Engineering Ltd.,INE121N01019,-, - ,THEJO,"  2,047.87 ",-, - ,"  2,047.87 ",Small Cap
1172,UGRO CAPITAL LIMITED,INE583D01011,UGROCAP,"  2,039.54 ",UGROCAP,"  2,050.47 ",-, - ,"  2,045.00 ",Small Cap
1173,HI-TECH PIPES LIMITED,INE106T01025,HITECH,"  2,045.05 ",HITECH,"  2,044.67 ",-, - ,"  2,044.86 ",Small Cap
1174,RIR POWER ELECTRONICS LIMITED,INE302D01024,RIR,"  2,044.16 ",-, - ,-, - ,"  2,044.16 ",Small Cap
1175,Mangalam Cement Ltd.,INE347A01017,MANGLMCEM,"  2,043.32 ",MANGLMCEM,"  2,043.70 ",-, - ,"  2,043.51 ",Small Cap
1176,SHRINGAR HOUSE OF MANGALSUTRA LIMITED,INE1B3L01017,SHRINGARMS,"  2,031.32 ",SHRINGARMS,"  2,030.05 ",-, - ,"  2,030.69 ",Small Cap
1177,WHEELS INDIA LTD,INE715A01015,WHEELS,"  2,028.48 ",WHEELS,"  2,028.65 ",-, - ,"  2,028.56 ",Small Cap
1178,Apcotex Industries Limited,INE116A01032,APCOTEXIND,"  2,027.33 ",APCOTEXIND,"  2,027.57 ",-, - ,"  2,027.45 ",Small Cap
1179,Systematix Corporate Services Ltd.,INE356B01024,SYSTMTXC,"  1,903.44 ",SYSTMTXC,"  2,150.52 ",-, - ,"  2,026.98 ",Small Cap
1180,Veranda Learning Solutions Limited,INE0IQ001011,VERANDA,"  2,036.66 ",VERANDA,"  1,997.54 ",-, - ,"  2,017.10 ",Small Cap
1181,Udaipur Cement Works Limited,INE225C01029,UDAICEMENT,"  2,017.01 ",-, - ,-, - ,"  2,017.01 ",Small Cap
1182,G.M. Breweries Ltd.,INE075D01018,GMBREW,"  2,016.69 ",GMBREW,"  2,016.47 ",-, - ,"  2,016.58 ",Small Cap
1183,SEPC LIMITED,INE964H01014,SEPC,"  2,212.97 ",SEPC,"  1,806.38 ",-, - ,"  2,009.68 ",Small Cap
1184,One Mobikwik Systems Limited,INE0HLU01028,MOBIKWIK,"  1,997.81 ",MOBIKWIK,"  1,985.69 ",-, - ,"  1,991.75 ",Small Cap
1185,Pix Transmissions Ltd.,INE751B01018,PIXTRANS,"  1,989.60 ",PIXTRANS,"  1,989.69 ",-, - ,"  1,989.64 ",Small Cap
1186,Shanti Educational Initiatives Limited,INE440T01028,SEIL,"  1,984.28 ",-, - ,-, - ,"  1,984.28 ",Small Cap
1187,Uniparts India Limited,INE244O01017,UNIPARTS,"  1,983.78 ",UNIPARTS,"  1,983.78 ",-, - ,"  1,983.78 ",Small Cap
1188,Rajratan Global Wire Ltd,INE451D01029,RAJRATAN,"  1,981.37 ",RAJRATAN,"  1,980.46 ",-, - ,"  1,980.91 ",Small Cap
1189,VINTAGE COFFEE AND BEVERAGES LIMITED,INE498Q01014,VINCOFE,"  2,001.87 ",VINCOFE,"  1,959.89 ",-, - ,"  1,980.88 ",Small Cap
1190,Disa India Ltd.,INE131C01011,DISAQ,"  1,968.19 ",-, - ,-, - ,"  1,968.19 ",Small Cap
1191,India Nippon Electricals Ltd,INE092B01025,INDNIPPON,"  1,965.41 ",INDNIPPON,"  1,965.58 ",-, - ,"  1,965.50 ",Small Cap
1192,ADVAIT ENERGY TRANSITIONS LIMITED,INE0ALI01010,ADVAIT,"  1,963.55 ",-, - ,-, - ,"  1,963.55 ",Small Cap
1193,Mukand Ltd.,INE304A01026,MUKANDLTD,"  1,959.86 ",MUKANDLTD,"  1,959.53 ",-, - ,"  1,959.69 ",Small Cap
1194,Somany Ceramics Limited,INE355A01028,SOMANYCERA,"  1,951.78 ",SOMANYCERA,"  1,951.31 ",-, - ,"  1,951.55 ",Small Cap
1195,Emrald Commercial Limited,INE162D01014,-, - ,-, - ,EMRALD,"  1,948.87 ","  1,948.87 ",Small Cap
1196,Dynamic Cables Limited,INE600Y01019,DYCL,"  1,945.79 ",DYCL,"  1,944.86 ",-, - ,"  1,945.33 ",Small Cap
1197,Nelco Ltd,INE045B01015,NELCO,"  1,937.94 ",NELCO,"  1,937.44 ",-, - ,"  1,937.69 ",Small Cap
1198,DIVGI TORQTRANSFER SYSTEMS LIMITED,INE753U01022,DIVGIITTS,"  1,937.18 ",DIVGIITTS,"  1,936.31 ",-, - ,"  1,936.75 ",Small Cap
1199,MSP STEEL & POWER LTD.,INE752G01015,MSPL,"  1,935.44 ",MSPL,"  1,934.24 ",-, - ,"  1,934.84 ",Small Cap
1200,Kernex Microsystems (India) Ltd.,INE202H01019,KERNEX,"  1,925.51 ",KERNEX,"  1,924.99 ",-, - ,"  1,925.25 ",Small Cap
1201,INDOSOLAR LIMITED,INE866K01023,WAAREEINDO,"  1,923.16 ",WAAREEINDO,"  1,923.49 ",-, - ,"  1,923.32 ",Small Cap
1202,KESAR INDIA LIMITED,INE0L1C01019,KESAR,"  1,920.19 ",-, - ,-, - ,"  1,920.19 ",Small Cap
1203,Nitin Spinners Ltd.,INE229H01012,NITINSPIN,"  1,920.11 ",NITINSPIN,"  1,920.04 ",-, - ,"  1,920.07 ",Small Cap
1204,BGR ENERGY SYSTEMS LIMITED,INE661I01014,BGRENERGY,"  1,914.65 ",BGRENERGY,"  1,914.40 ",-, - ,"  1,914.53 ",Small Cap
1205,Windlas Biotech Limited,INE0H5O01029,WINDLAS,"  1,909.71 ",WINDLAS,"  1,902.78 ",-, - ,"  1,906.24 ",Small Cap
1206,GRAND OAK CANYONS DISTILLERY LIMITED,INE926B01016,GRANDOAK,"  1,899.40 ",-, - ,-, - ,"  1,899.40 ",Small Cap
1207,Ramco Systems Ltd,INE246B01019,RAMCOSYS,"  1,895.56 ",RAMCOSYS,"  1,896.02 ",-, - ,"  1,895.79 ",Small Cap
1208,S.P. Apparels Limited,INE212I01016,SPAL,"  1,891.70 ",SPAL,"  1,892.48 ",-, - ,"  1,892.09 ",Small Cap
1209,R M DRIP AND SPRINKLERS SYSTEMS LIMITED,INE219Y01026,RMDRIP,"  1,890.91 ",RMDRIP,"  1,889.85 ",-, - ,"  1,890.38 ",Small Cap
1210,GTL Infrastructure Limited,INE221H01019,GTLINFRA,"  1,892.32 ",GTLINFRA,"  1,885.58 ",-, - ,"  1,888.95 ",Small Cap
1211,Associated Alcohols & Breweries Ltd,INE073G01016,ASALCBR,"  1,902.01 ",ASALCBR,"  1,871.20 ",-, - ,"  1,886.61 ",Small Cap
1212,NIBE LIMITED,INE149O01018,NIBE,"  1,887.33 ",NIBE,"  1,882.13 ",-, - ,"  1,884.73 ",Small Cap
1213,Southern Petrochemical Industries Corporation Limited,INE147A01011,SPIC,"  1,879.07 ",SPIC,"  1,878.70 ",-, - ,"  1,878.88 ",Small Cap
1214,ALGOQUANT FINTECH LIMITED,INE598D01035,ALGOQUANT,"  1,876.41 ",-, - ,-, - ,"  1,876.41 ",Small Cap
1215,Laxmi Dental Limited,INE0WO601020,LAXMIDENTL,"  1,875.06 ",LAXMIDENTL,"  1,875.16 ",-, - ,"  1,875.11 ",Small Cap
1216,TCC CONCEPT LIMITED,INE887D01016,TCC,"  1,874.95 ",-, - ,-, - ,"  1,874.95 ",Small Cap
1217,Panama Petrochem Ltd.,INE305C01029,PANAMAPET,"  1,853.53 ",PANAMAPET,"  1,853.13 ",-, - ,"  1,853.33 ",Small Cap
1218,Indo Tech Transformers Limited,INE332H01014,INDOTECH,"  1,848.40 ",INDOTECH,"  1,848.08 ",-, - ,"  1,848.24 ",Small Cap
1219,ALL TIME PLASTICS LIMITED,INE0GV601021,ALLTIME,"  1,847.38 ",ALLTIME,"  1,847.75 ",-, - ,"  1,847.56 ",Small Cap
1220,Vidhi Specialty Food Ingredients Limited,INE632C01026,VIDHIING,"  1,840.84 ",VIDHIING,"  1,842.95 ",-, - ,"  1,841.89 ",Small Cap
1221,Wendt (India) Ltd.,INE274C01019,WENDT,"  1,831.51 ",WENDT,"  1,831.67 ",-, - ,"  1,831.59 ",Small Cap
1222,Unitech Ltd.,INE694A01020,UNITECH,"  1,824.77 ",UNITECH,"  1,824.45 ",-, - ,"  1,824.61 ",Small Cap
1223,Motisons Jewellers Limited,INE0FRK01020,MOTISONS,"  1,811.27 ",MOTISONS,"  1,811.20 ",-, - ,"  1,811.23 ",Small Cap
1224,DEE DEVELOPMENT ENGINEERS LIMITED,INE841L01016,DEEDEV,"  1,810.55 ",DEEDEV,"  1,810.46 ",-, - ,"  1,810.50 ",Small Cap
1225,Ador Welding Ltd.,INE045A01017,ADOR,"  1,803.87 ",ADOR,"  1,804.48 ",-, - ,"  1,804.18 ",Small Cap
1226,Garuda Construction and Engineering Limited,INE0JVO01026,GARUDA,"  1,801.35 ",GARUDA,"  1,801.05 ",-, - ,"  1,801.20 ",Small Cap
1227,Frontier Springs Ltd.,INE572D01014,FRONTSP,"  1,799.36 ",-, - ,-, - ,"  1,799.36 ",Small Cap
1228,Balmer Lawrie Investments Ltd.,INE525F01025,BLIL,"  1,791.69 ",-, - ,-, - ,"  1,791.69 ",Small Cap
1229,Vindhya Telelinks Ltd.,INE707A01012,VINDHYATEL,"  1,780.32 ",VINDHYATEL,"  1,780.02 ",-, - ,"  1,780.17 ",Small Cap
1230,Precision Camshafts Limited,INE484I01029,PRECAM,"  1,777.65 ",PRECAM,"  1,777.23 ",-, - ,"  1,777.44 ",Small Cap
1231,ASTEC LIFESCIENCES LIMITED,INE563J01010,ASTEC,"  1,772.92 ",ASTEC,"  1,776.46 ",-, - ,"  1,774.69 ",Small Cap
1232,EXICOM TELE-SYSTEMS LIMITED,INE777F01014,EXICOM,"  1,562.23 ",EXICOM,"  1,974.51 ",-, - ,"  1,768.37 ",Small Cap
1233,Talbros Automotive Components Ltd.,INE187D01029,TALBROAUTO,"  1,760.73 ",TALBROAUTO,"  1,760.92 ",-, - ,"  1,760.83 ",Small Cap
1234,IFGL Refractories Limited,INE133Y01011,IFGLEXPOR,"  1,755.35 ",IFGLEXPOR,"  1,756.13 ",-, - ,"  1,755.74 ",Small Cap
1235,BLS E-Services Limited,INE0NLT01010,BLSE,"  1,750.76 ",BLSE,"  1,750.56 ",-, - ,"  1,750.66 ",Small Cap
1236,Rhetan TMT Limited,INE0KKN01029,RHETAN,"  1,646.44 ",RHETAN,"  1,839.08 ",-, - ,"  1,742.76 ",Small Cap
1237,BF Investment Limited,INE878K01010,BFINVEST,"  1,739.72 ",BFINVEST,"  1,739.95 ",-, - ,"  1,739.83 ",Small Cap
1238,Navkar Corporation Limited,INE278M01019,NAVKARCORP,"  1,732.62 ",NAVKARCORP,"  1,732.71 ",-, - ,"  1,732.67 ",Small Cap
1239,SPML Infra Limited,INE937A01023,SPMLINFRA,"  1,724.94 ",SPMLINFRA,"  1,721.28 ",-, - ,"  1,723.11 ",Small Cap
1240,Jyoti Structures Ltd.,INE197A01024,JYOTISTRUC,"  1,722.25 ",JYOTISTRUC,"  1,720.74 ",-, - ,"  1,721.50 ",Small Cap
1241,J.G.Chemicals Limited,INE0MB501011,JGCHEM,"  1,716.87 ",JGCHEM,"  1,717.36 ",-, - ,"  1,717.12 ",Small Cap
1242,GOCL Corporation Limited,INE077F01035,GOCLCORP,"  1,716.81 ",GOCLCORP,"  1,716.67 ",-, - ,"  1,716.74 ",Small Cap
1243,HUHTAMAKI INDIA LIMITED,INE275B01026,HUHTAMAKI,"  1,716.20 ",HUHTAMAKI,"  1,716.14 ",-, - ,"  1,716.17 ",Small Cap
1244,Quick Heal Technologies Limited,INE306L01010,QUICKHEAL,"  1,709.03 ",QUICKHEAL,"  1,707.22 ",-, - ,"  1,708.13 ",Small Cap
1245,Concord Control Systems Limited,INE0N0J01014,CNCRD,"  1,706.23 ",-, - ,-, - ,"  1,706.23 ",Small Cap
1246,PNB Gilts Ltd,INE859A01011,PNBGILTS,"  1,702.06 ",PNBGILTS,"  1,702.27 ",-, - ,"  1,702.17 ",Small Cap
1247,Jindal Drilling & Industries Ltd.,INE742C01031,JINDRILL,"  1,701.34 ",JINDRILL,"  1,701.66 ",-, - ,"  1,701.50 ",Small Cap
1248,D-Link (India) Ltd,INE250K01012,DLINKINDIA,"  1,697.04 ",DLINKINDIA,"  1,696.87 ",-, - ,"  1,696.95 ",Small Cap
1249,Solex Energy Ltd.,INE880Y01017,-, - ,SOLEX,"  1,690.69 ",-, - ,"  1,690.69 ",Small Cap
1250,BHARAT GLOBAL DEVELOPERS LIMITED,INE893C01032,BGDL,"  1,684.25 ",-, - ,-, - ,"  1,684.25 ",Small Cap
1251,Bliss GVS Pharma Limited,INE416D01022,BLISSGVS,"  1,677.94 ",BLISSGVS,"  1,675.85 ",-, - ,"  1,676.90 ",Small Cap
1252,SANSTAR LIMITED,INE08NE01025,SANSTAR,"  1,673.59 ",SANSTAR,"  1,673.69 ",-, - ,"  1,673.64 ",Small Cap
1253,Sanghi Industries Ltd.,INE999B01013,SANGHIIND,"  1,673.48 ",SANGHIIND,"  1,673.78 ",-, - ,"  1,673.63 ",Small Cap
1254,EXPLEO SOLUTIONS LIMITED,INE201K01015,EXPLEOSOL,"  1,667.15 ",EXPLEOSOL,"  1,666.96 ",-, - ,"  1,667.05 ",Small Cap
1255,Mobavenue AI Tech Limited,INE622Q01019,MOBAVENUE,"  1,660.18 ",-, - ,-, - ,"  1,660.18 ",Small Cap
1256,CROPSTER AGRO LIMITED,INE293E01031,CROPSTER,"  1,655.35 ",-, - ,-, - ,"  1,655.35 ",Small Cap
1257,Seshasayee Paper & Boards Ltd.,INE630A01024,SESHAPAPER,"  1,652.90 ",SESHAPAPER,"  1,652.45 ",-, - ,"  1,652.68 ",Small Cap
1258,DEN Networks Limited,INE947J01015,DEN,"  1,652.67 ",DEN,"  1,652.25 ",-, - ,"  1,652.46 ",Small Cap
1259,TTK Healthcare Ltd.,INE910C01018,TTKHLTCARE,"  1,651.11 ",TTKHLTCARE,"  1,649.36 ",-, - ,"  1,650.23 ",Small Cap
1260,DAM Capital Advisors Limited,INE284H01025,DAMCAPITAL,"  1,649.36 ",DAMCAPITAL,"  1,648.93 ",-, - ,"  1,649.14 ",Small Cap
1261,Arman Financial Services Limited,INE109C01017,ARMANFIN,"  1,643.83 ",ARMANFIN,"  1,644.06 ",-, - ,"  1,643.94 ",Small Cap
1262,Arihant Superstructures Limited,INE643K01018,ARIHANTSUP,"  1,643.64 ",ARIHANTSUP,"  1,642.07 ",-, - ,"  1,642.86 ",Small Cap
1263,SATIN CREDITCARE NETWORK LIMITED,INE836B01017,SATIN,"  1,640.41 ",SATIN,"  1,641.15 ",-, - ,"  1,640.78 ",Small Cap
1264,Rama Steel Tubes Limited,INE230R01035,RAMASTEEL,"  1,649.51 ",RAMASTEEL,"  1,630.70 ",-, - ,"  1,640.10 ",Small Cap
1265,Beta Drugs Ltd.,INE351Y01019,-, - ,BETA,"  1,634.12 ",-, - ,"  1,634.12 ",Small Cap
1266,MUFIN GREEN FINANCE LIMITED,INE08KJ01020,MUFIN,"  1,644.59 ",MUFIN,"  1,613.87 ",-, - ,"  1,629.23 ",Small Cap
1267,Rajoo Engineers Ltd.,INE535F01024,RAJOOENG,"  1,629.70 ",RAJOOENG,"  1,622.19 ",-, - ,"  1,625.94 ",Small Cap
1268,Dolphin Offshore Enterprises (India) ltd.,INE920A01037,DOLPHIN,"  1,624.88 ",DOLPHIN,"  1,622.67 ",-, - ,"  1,623.78 ",Small Cap
1269,STANLEY LIFESTYLES LIMITED,INE01A001028,STANLEY,"  1,619.00 ",STANLEY,"  1,618.27 ",-, - ,"  1,618.64 ",Small Cap
1270,JNK India Limited,INE0OAF01028,JNKINDIA,"  1,613.79 ",JNKINDIA,"  1,613.08 ",-, - ,"  1,613.43 ",Small Cap
1271,Tarsons Products Limited,INE144Z01023,TARSONS,"  1,608.40 ",TARSONS,"  1,608.49 ",-, - ,"  1,608.45 ",Small Cap
1272,Himatsingka Seide Ltd.,INE049A01027,HIMATSEIDE,"  1,604.64 ",HIMATSEIDE,"  1,604.15 ",-, - ,"  1,604.39 ",Small Cap
1273,M.M.Forgings Ltd.,INE227C01017,MMFL,"  1,599.70 ",MMFL,"  1,599.49 ",-, - ,"  1,599.59 ",Small Cap
1274,Amic Forging Limited,INE0P9J01013,AMIC,"  1,599.51 ",-, - ,-, - ,"  1,599.51 ",Small Cap
1275,Khazanchi Jewellers Limited,INE0OWC01011,KHAZANCHI ,"  1,594.59 ",-, - ,-, - ,"  1,594.59 ",Small Cap
1276,Tinna Rubber and Infrastructure Limited,INE015C01016,TINNARUBR,"  1,597.34 ",TINNARUBR,"  1,582.24 ",-, - ,"  1,589.79 ",Small Cap
1277,Updater Services Limited,INE851I01011,UDS,"  1,587.27 ",UDS,"  1,587.08 ",-, - ,"  1,587.17 ",Small Cap
1278,Syncom Formulations (India) Ltd.,INE312C01025,SYNCOMF,"  1,586.11 ",SYNCOMF,"  1,585.12 ",-, - ,"  1,585.62 ",Small Cap
1279,Igarashi Motors India Ltd.,INE188B01013,IGARASHI,"  1,585.30 ",IGARASHI,"  1,584.95 ",-, - ,"  1,585.13 ",Small Cap
1280,PAUSHAK LIMITED (formerly known as Darshak Limited),INE111F01024,PAUSHAKLTD,"  1,712.59 ",PAUSHAKLTD,"  1,448.02 ",-, - ,"  1,580.30 ",Small Cap
1281,Orient Green Power Company Limited,INE999K01014,GREENPOWER,"  1,580.25 ",GREENPOWER,"  1,579.99 ",-, - ,"  1,580.12 ",Small Cap
1282,Punjab Chemicals and Crop Protection Ltd.,INE277B01014,PUNJABCHEM,"  1,578.61 ",PUNJABCHEM,"  1,579.33 ",-, - ,"  1,578.97 ",Small Cap
1283,SURAKSHA DIAGNOSTIC LIMITED,INE877V01027,SURAKSHA,"  1,576.68 ",SURAKSHA,"  1,577.37 ",-, - ,"  1,577.03 ",Small Cap
1284,Master Trust Ltd.,INE677D01037,MASTERTR,"  1,577.73 ",MASTERTR,"  1,569.01 ",-, - ,"  1,573.37 ",Small Cap
1285,SHANTI GOLD INTERNATIONAL LIMITED,INE06ZD01017,SHANTIGOLD,"  1,572.34 ",SHANTIGOLD,"  1,571.31 ",-, - ,"  1,571.82 ",Small Cap
1286,APOLLO PIPES LIMITED,INE126J01016,APOLLOPIPE,"  1,571.81 ",APOLLOPIPE,"  1,571.61 ",-, - ,"  1,571.71 ",Small Cap
1287,IKIO Technologies Limited,INE0LOJ01019,IKIO,"  1,569.26 ",IKIO,"  1,568.61 ",-, - ,"  1,568.93 ",Small Cap
1288,Antony Waste Handling Cell Limited,INE01BK01022,AWHCL,"  1,565.16 ",AWHCL,"  1,564.97 ",-, - ,"  1,565.07 ",Small Cap
1289,Stallion India Fluorochemicals Limited,INE0RYC01010,STALLION,"  1,564.21 ",STALLION,"  1,563.16 ",-, - ,"  1,563.69 ",Small Cap
1290,Laxmi Goldorna House Ltd.,INE258Y01016,-, - ,LGHL,"  1,562.79 ",-, - ,"  1,562.79 ",Small Cap
1291,ECOS (India) Mobility & Hospitality Limited,INE06HJ01020,ECOSMOBLTY,"  1,557.05 ",ECOSMOBLTY,"  1,556.59 ",-, - ,"  1,556.82 ",Small Cap
1292,Jagran Prakashan Limited,INE199G01027,JAGRAN,"  1,556.82 ",JAGRAN,"  1,556.48 ",-, - ,"  1,556.65 ",Small Cap
1293,RUPA & COMPANY LIMITED,INE895B01021,RUPA,"  1,551.00 ",RUPA,"  1,551.59 ",-, - ,"  1,551.29 ",Small Cap
1294,OMAXE LIMITED,INE800H01010,OMAXE,"  1,548.73 ",OMAXE,"  1,548.25 ",-, - ,"  1,548.49 ",Small Cap
1295,Shriram Properties Limited,INE217L01019,SHRIRAMPPS,"  1,548.36 ",SHRIRAMPPS,"  1,546.92 ",-, - ,"  1,547.64 ",Small Cap
1296,IVALUE INFOSOLUTIONS LIMITED,INE056801025,IVALUE,"  1,547.01 ",IVALUE,"  1,546.78 ",-, - ,"  1,546.90 ",Small Cap
1297,Hester Biosciences Ltd,INE782E01017,HESTERBIO,"  1,540.11 ",HESTERBIO,"  1,540.63 ",-, - ,"  1,540.37 ",Small Cap
1298,Quadrant Future Tek Limited,INE0LRY01011,QUADFUTURE,"  1,534.53 ",QUADFUTURE,"  1,533.94 ",-, - ,"  1,534.23 ",Small Cap
1299,Indokem Ltd,INE716F01012,INDOKEM,"  1,533.18 ",-, - ,-, - ,"  1,533.18 ",Small Cap
1300,SMC Global Securities Limited,INE103C01036,SMCGLOBAL,"  1,576.49 ",SMCGLOBAL,"  1,489.65 ",-, - ,"  1,533.07 ",Small Cap
1301,HMA Agro Industries Limited,INE0ECP01024,HMAAGRO,"  1,529.78 ",HMAAGRO,"  1,528.91 ",-, - ,"  1,529.34 ",Small Cap
1302,Finkurve Financial Services Limited,INE734I01027,FINKURVE,"  1,515.62 ",FINKURVE,"  1,535.48 ",-, - ,"  1,525.55 ",Small Cap
1303,Jagsonpal Pharmaceuticals Limited,INE048B01035,JAGSNPHARM,"  1,526.58 ",JAGSNPHARM,"  1,524.32 ",-, - ,"  1,525.45 ",Small Cap
1304,Platinum Industries Limited,INE0PT501018,PLATIND,"  1,522.60 ",PLATIND,"  1,522.38 ",-, - ,"  1,522.49 ",Small Cap
1305,Elpro International Ltd.,INE579B01039,ELPROINTL,"  1,517.05 ",-, - ,-, - ,"  1,517.05 ",Small Cap
1306,Orient Technologies Limited,INE0PPK01015,ORIENTTECH,"  1,513.50 ",ORIENTTECH,"  1,513.26 ",-, - ,"  1,513.38 ",Small Cap
1307,Everest Kanto Cylinders Ltd.,INE184H01027,EKC,"  1,511.06 ",EKC,"  1,510.94 ",-, - ,"  1,511.00 ",Small Cap
1308,Jyoti Resins & Adhesives Ltd,INE577D01013,JYOTIRES,"  1,507.54 ",-, - ,-, - ,"  1,507.54 ",Small Cap
1309,ANDHRA PAPER LIMITED,INE435A01051,ANDHRAPAP,"  1,506.84 ",ANDHRAPAP,"  1,507.23 ",-, - ,"  1,507.03 ",Small Cap
1310,Salasar Techno Engineering Limited,INE170V01027,SALASAR,"  1,504.65 ",SALASAR,"  1,504.22 ",-, - ,"  1,504.43 ",Small Cap
1311,ESAF Small Finance Bank Ltd,INE818W01011,ESAFSFB,"  1,504.36 ",ESAFSFB,"  1,504.22 ",-, - ,"  1,504.29 ",Small Cap
1312,Confidence Petroleum India Limited,INE552D01024,CONFIPET,"  1,497.91 ",CONFIPET,"  1,496.83 ",-, - ,"  1,497.37 ",Small Cap
1313,Centrum Capital Limited,INE660C01027,CENTRUM,"  1,496.87 ",CENTRUM,"  1,481.25 ",-, - ,"  1,489.06 ",Small Cap
1314,DOLAT ALGOTECH LIMITED,INE966A01022,DOLATALGO,"  1,474.66 ",DOLATALGO,"  1,474.37 ",-, - ,"  1,474.52 ",Small Cap
1315,Roto Pumps Ltd.,INE535D01037,ROTO,"  1,466.63 ",ROTO,"  1,466.23 ",-, - ,"  1,466.43 ",Small Cap
1316,NIIT Ltd.,INE161A01038,NIITLTD,"  1,466.46 ",NIITLTD,"  1,464.22 ",-, - ,"  1,465.34 ",Small Cap
1317,Media Matrix Worldwide Ltd.,INE200D01020,MMWL,"  1,464.46 ",-, - ,-, - ,"  1,464.46 ",Small Cap
1318,Polo Queen Industrial and Fintech Limited ,INE689M01025,PQIF,"  1,460.01 ",-, - ,PQIF,"  1,460.43 ","  1,460.22 ",Small Cap
1319,Shukra Pharmaceuticals Limited,INE551C01044,SHUKRAPHAR,"  1,457.42 ",-, - ,-, - ,"  1,457.42 ",Small Cap
1320,GPT Infraprojects limited,INE390G01014,GPTINFRA,"  1,454.34 ",GPTINFRA,"  1,454.75 ",-, - ,"  1,454.55 ",Small Cap
1321,Suryoday Small Finance Bank Limited,INE428Q01011,SURYODAY,"  1,453.19 ",SURYODAY,"  1,453.45 ",-, - ,"  1,453.32 ",Small Cap
1322,BIRLANU LIMITED,INE557A01011,BIRLANU,"  1,451.87 ",BIRLANU,"  1,451.39 ",-, - ,"  1,451.63 ",Small Cap
1323,Rishabh Instruments Limited,INE0N2P01017,RISHABH,"  1,450.22 ",RISHABH,"  1,449.29 ",-, - ,"  1,449.75 ",Small Cap
1324,ASIAN ENERGY SERVICES LTD,INE276G01015,ASIANENE,"  1,447.05 ",ASIANENE,"  1,447.05 ",-, - ,"  1,447.05 ",Small Cap
1325,Saraswati Commercial (India) Ltd.,INE967G01019,ZSARACOM,"  1,439.72 ",-, - ,-, - ,"  1,439.72 ",Small Cap
1326,Gandhar Oil Refinery (India) Limited,INE717W01049,GANDHAR,"  1,437.75 ",GANDHAR,"  1,437.41 ",-, - ,"  1,437.58 ",Small Cap
1327,Haryana Financial Corporation ltd.,INE737G01016,HARAFIN,"  1,434.23 ",-, - ,-, - ,"  1,434.23 ",Small Cap
1328,Excell Industries Ltd.,INE369A01029,EXCELINDUS,"  1,433.10 ",EXCELINDUS,"  1,433.70 ",-, - ,"  1,433.40 ",Small Cap
1329,Bajaj Healthcare Limited,INE411U01027,BAJAJHCARE,"  1,433.17 ",BAJAJHCARE,"  1,432.95 ",-, - ,"  1,433.06 ",Small Cap
1330,Alicon Castalloy Limited,INE062D01024,ALICON,"  1,430.65 ",ALICON,"  1,430.91 ",-, - ,"  1,430.78 ",Small Cap
1331,Manaksia Coated Metals & Industries Ltd,INE830Q01018,MANAKCOAT,"  1,432.09 ",MANAKCOAT,"  1,407.64 ",-, - ,"  1,419.87 ",Small Cap
1332,Chaman Lal Setia Exports Ltd.,INE419D01026,CLSEL,"  1,418.25 ",CLSEL,"  1,418.21 ",-, - ,"  1,418.23 ",Small Cap
1333,Raj Rayon Industries Limited,INE533D01032,RAJRILTD,"  1,417.75 ",RAJRILTD,"  1,416.34 ",-, - ,"  1,417.04 ",Small Cap
1334,Indo Rama Synthetics (India) Ltd.,INE156A01020,INDORAMA,"  1,415.74 ",INDORAMA,"  1,414.96 ",-, - ,"  1,415.35 ",Small Cap
1335,Paramount Communications Ltd.,INE074B01023,PARACABLES,"  1,414.11 ",PARACABLES,"  1,413.70 ",-, - ,"  1,413.90 ",Small Cap
1336,A-1 LIMITED,INE911Z01017,A1L,"  1,413.69 ",-, - ,-, - ,"  1,413.69 ",Small Cap
1337,VISHNU PRAKASH R PUNGLIA LIMITED,INE0AE001013,VPRPL,"  1,412.67 ",VPRPL,"  1,412.75 ",-, - ,"  1,412.71 ",Small Cap
1338,Salzer Electronics Ltd.,INE457F01013,SALZERELEC,"  1,412.05 ",SALZERELEC,"  1,411.70 ",-, - ,"  1,411.87 ",Small Cap
1339,Sigachi Industries Limited,INE0D0K01022,SIGACHI,"  1,404.82 ",SIGACHI,"  1,403.91 ",-, - ,"  1,404.37 ",Small Cap
1340,Yash Highvoltage Limited,INE00GK01023,YASHHV,"  1,399.53 ",-, - ,-, - ,"  1,399.53 ",Small Cap
1341,Alldigi Tech Limited,INE835G01018,ALLDIGI,"  1,397.37 ",ALLDIGI,"  1,397.88 ",-, - ,"  1,397.62 ",Small Cap
1342,B L Kashyap and Sons Ltd,INE350H01032,BLKASHYAP,"  1,397.19 ",BLKASHYAP,"  1,396.76 ",-, - ,"  1,396.97 ",Small Cap
1343,InfoBeans Technologies Limited,INE344S01016,INFOBEAN,"  1,386.21 ",INFOBEAN,"  1,398.25 ",-, - ,"  1,392.23 ",Small Cap
1344,Godavari Biorefineries Limited,INE497S01012,GODAVARIB,"  1,389.99 ",GODAVARIB,"  1,388.16 ",-, - ,"  1,389.07 ",Small Cap
1345,Ashika Credit Capital Ltd.,INE094B01013,ASHIKA,"  1,388.82 ",-, - ,-, - ,"  1,388.82 ",Small Cap
1346,Ultramarine & Pigments Ltd.,INE405A01021,ULTRAMAR,"  1,388.38 ",-, - ,-, - ,"  1,388.38 ",Small Cap
1347,UNICOMMERCE ESOLUTIONS LIMITED,INE00U401027,UNIECOM,"  1,391.76 ",UNIECOM,"  1,379.96 ",-, - ,"  1,385.86 ",Small Cap
1348,Lotus Chocolate Co. Ltd.,INE026D01011,LOTUSCHO,"  1,384.24 ",-, - ,-, - ,"  1,384.24 ",Small Cap
1349,Jaro Institute of Technology Management and Research Limited,INE00YJ01010,JARO,"  1,383.84 ",JARO,"  1,383.35 ",-, - ,"  1,383.60 ",Small Cap
1350,Suraj Estate Developers Limited,INE843S01025,SURAJEST,"  1,383.44 ",SURAJEST,"  1,382.54 ",-, - ,"  1,382.99 ",Small Cap
1351,CAPITAL INDIA FINANCE LIMITED,INE345H01024,CIFL,"  1,383.88 ",CIFL,"  1,380.97 ",-, - ,"  1,382.43 ",Small Cap
1352,Monte Carlo Fashions Limited,INE950M01013,MONTECARLO,"  1,370.95 ",MONTECARLO,"  1,370.94 ",-, - ,"  1,370.95 ",Small Cap
1353,Madras Fertilizers Ltd,INE414A01015,MADRASFERT,"  1,367.60 ",MADRASFERT,"  1,368.12 ",-, - ,"  1,367.86 ",Small Cap
1354,Hariom Pipe Industries Limited,INE00EV01017,HARIOMPIPE,"  1,366.10 ",HARIOMPIPE,"  1,365.66 ",-, - ,"  1,365.88 ",Small Cap
1355,Sportking India Ltd.,INE885H01029,SPORTKING,"  1,331.97 ",SPORTKING,"  1,392.67 ",-, - ,"  1,362.32 ",Small Cap
1356,Sumeet Industries Ltd,INE235C01036,SUMEETINDS,"  1,394.64 ",SUMEETINDS,"  1,324.21 ",-, - ,"  1,359.43 ",Small Cap
1357,Deccan Cements Ltd.,INE583C01021,DECCANCE,"  1,358.21 ",DECCANCE,"  1,358.30 ",-, - ,"  1,358.25 ",Small Cap
1358,Virtuoso Optoelectronics Limited,INE0I0T01010,VOEPL,"  1,350.66 ",-, - ,-, - ,"  1,350.66 ",Small Cap
1359,The Hi-Tech Gears Limited,INE127B01011,HITECHGEAR,"  1,353.61 ",HITECHGEAR,"  1,345.81 ",-, - ,"  1,349.71 ",Small Cap
1360,G N A Axles Limited,INE934S01014,GNA,"  1,344.53 ",GNA,"  1,344.32 ",-, - ,"  1,344.43 ",Small Cap
1361,Reliance Industrial Infrastructure,INE046A01015,RIIL,"  1,338.06 ",RIIL,"  1,338.23 ",-, - ,"  1,338.14 ",Small Cap
1362,ASIAN GRANITO INDIA LIMITED,INE022I01019,ASIANTILES,"  1,368.01 ",ASIANTILES,"  1,284.79 ",-, - ,"  1,326.40 ",Small Cap
1363,INDIA MOTOR PARTS & ACCESSORIES LTD,INE547E01014,IMPAL,"  1,323.97 ",IMPAL,"  1,323.80 ",-, - ,"  1,323.89 ",Small Cap
1364,IG Petrochemicals Ltd,INE204A01010,IGPL,"  1,321.50 ",IGPL,"  1,321.19 ",-, - ,"  1,321.35 ",Small Cap
1365,Bombay Super Hybrid Seeds Ltd.,INE032Z01020,-, - ,BSHSL,"  1,313.61 ",-, - ,"  1,313.61 ",Small Cap
1366,RENAISSANCE GLOBAL LIMITED,INE722H01024,RGL,"  1,311.74 ",RGL,"  1,313.80 ",-, - ,"  1,312.77 ",Small Cap
1367,Shree Digvijay Cement Co. Ltd.,INE232A01011,SHREDIGCEM,"  1,309.36 ",SHREDIGCEM,"  1,309.61 ",-, - ,"  1,309.48 ",Small Cap
1368,CFF FLUID CONTROL LIMITED,INE0NJ001013,CFF,"  1,307.78 ",-, - ,-, - ,"  1,307.78 ",Small Cap
1369,Signpost India Limited,INE0KGZ01021,SIGNPOST,"  1,304.62 ",SIGNPOST,"  1,305.25 ",-, - ,"  1,304.93 ",Small Cap
1370,Andrew Yule & Company Ltd,INE449C01025,ANDREWYU,"  1,302.09 ",-, - ,-, - ,"  1,302.09 ",Small Cap
1371,Balaji Telefilms Ltd.,INE794B01026,BALAJITELE,"  1,299.55 ",BALAJITELE,"  1,299.06 ",-, - ,"  1,299.30 ",Small Cap
1372,Atul Auto Limited,INE951D01028,ATULAUTO,"  1,290.98 ",ATULAUTO,"  1,290.95 ",-, - ,"  1,290.96 ",Small Cap
1373,Agarwal Industrial Corporation Limited,INE204E01012,AGARIND,"  1,288.78 ",AGARIND,"  1,289.16 ",-, - ,"  1,288.97 ",Small Cap
1374,Diffusion Engineers Limited,INE184O01015,DIFFNKG,"  1,287.95 ",DIFFNKG,"  1,288.15 ",-, - ,"  1,288.05 ",Small Cap
1375,AAYUSH ART AND BULLION LIMITED,INE777X01017,AAYUSHBULL,"  1,287.35 ",-, - ,-, - ,"  1,287.35 ",Small Cap
1376,One Point One Solutions Ltd.,INE840Y01029,-, - ,ONEPOINT,"  1,286.30 ",-, - ,"  1,286.30 ",Small Cap
1377,Capital Small Finance Bank Ltd,INE646H01017,CAPITALSFB,"  1,285.55 ",CAPITALSFB,"  1,285.90 ",-, - ,"  1,285.72 ",Small Cap
1378,Yuken India Ltd.,INE384C01016,YUKEN,"  1,277.18 ",YUKEN,"  1,288.98 ",-, - ,"  1,283.08 ",Small Cap
1379, Aurum PropTech Limited,INE898S01029,AURUM,"  1,287.50 ",AURUM,"  1,276.68 ",-, - ,"  1,282.09 ",Small Cap
1380,RICO Auto Industries Ltd.,INE209B01025,RICOAUTO,"  1,280.17 ",RICOAUTO,"  1,279.74 ",-, - ,"  1,279.95 ",Small Cap
1381,Advent Hotels International Limited,INE28GN01010,ADVENTHTL,"  1,273.03 ",ADVENTHTL,"  1,274.87 ",-, - ,"  1,273.95 ",Small Cap
1382,Butterfly Gandhimathi Appliances Limited,INE295F01017,BUTTERFLY,"  1,271.32 ",BUTTERFLY,"  1,271.14 ",-, - ,"  1,271.23 ",Small Cap
1383,MIC Electronics Limited,INE287C01037,MICEL,"  1,264.77 ",MICEL,"  1,264.18 ",-, - ,"  1,264.47 ",Small Cap
1384,Faze Three Ltd.,INE963C01033,FAZE3Q,"  1,264.42 ",FAZE3Q,"  1,264.42 ",-, - ,"  1,264.42 ",Small Cap
1385,Bharat Wire Ropes Limited,INE316L01019,BHARATWIRE,"  1,263.72 ",BHARATWIRE,"  1,263.13 ",-, - ,"  1,263.43 ",Small Cap
1386,Vascon Engineers Limited,INE893I01013,VASCONEQ,"  1,263.51 ",VASCONEQ,"  1,262.73 ",-, - ,"  1,263.12 ",Small Cap
1387,Walchandnagar Industries Ltd,INE711A01022,WALCHANNAG,"  1,263.27 ",WALCHANNAG,"  1,261.27 ",-, - ,"  1,262.27 ",Small Cap
1388,Texmaco Infrastructure & Holdings Ltd,INE435C01024,TEXINFRA,"  1,260.08 ",TEXINFRA,"  1,259.50 ",-, - ,"  1,259.79 ",Small Cap
1389,Western Carriers (India) Limited,INE0CJF01024,WCIL,"  1,258.64 ",WCIL,"  1,258.86 ",-, - ,"  1,258.75 ",Small Cap
1390,Heranba Industries Limited,INE694N01015,HERANBA,"  1,250.87 ",HERANBA,"  1,251.00 ",-, - ,"  1,250.94 ",Small Cap
1391,TGV SRAAC LIMITED,INE284B01028,TGVSL,"  1,249.90 ",-, - ,-, - ,"  1,249.90 ",Small Cap
1392,PANORAMA STUDIOS INTERNATIONAL LIMITED ,INE258R01028,PANORAMA,"  1,249.83 ",-, - ,-, - ,"  1,249.83 ",Small Cap
1393,Borosil Scientific Limited,INE02L001032,BOROSCI,"  1,248.79 ",BOROSCI,"  1,248.21 ",-, - ,"  1,248.50 ",Small Cap
1394,Heubach Colorants India Limited,INE492A01029,HEUBACHIND,"  1,245.19 ",HEUBACHIND,"  1,245.34 ",-, - ,"  1,245.26 ",Small Cap
1395,GPT Healthcare Limited,INE486R01017,GPTHEALTH,"  1,244.57 ",GPTHEALTH,"  1,244.98 ",-, - ,"  1,244.78 ",Small Cap
1396,IRM ENERGY LIMITED,INE07U701015,IRMENERGY,"  1,243.60 ",IRMENERGY,"  1,243.31 ",-, - ,"  1,243.46 ",Small Cap
1397,Le Merite Exports Ltd.,INE0G1L01017,-, - ,LEMERITE,"  1,241.89 ",-, - ,"  1,241.89 ",Small Cap
1398,LEGEND INFOWAYS (INDIA) LIMITED,INE00R201018,-, - ,-, - ,LEGEND,"  1,240.81 ","  1,240.81 ",Small Cap
1399,Shree Pushkar Chemicals & Fertilisers Limited,INE712K01011,SHREEPUSHK,"  1,240.07 ",SHREEPUSHK,"  1,240.23 ",-, - ,"  1,240.15 ",Small Cap
1400,MANGAL ELECTRICAL INDUSTRIES LIMITED,INE0PKD01011,MEIL,"  1,239.84 ",MEIL,"  1,239.56 ",-, - ,"  1,239.70 ",Small Cap
1401,GTPL Hathway Limited,INE869I01013,GTPL,"  1,238.63 ",GTPL,"  1,238.01 ",-, - ,"  1,238.32 ",Small Cap
1402,Royal Orchid Hotels Ltd,INE283H01019,ROHLTD,"  1,238.20 ",ROHLTD,"  1,237.68 ",-, - ,"  1,237.94 ",Small Cap
1403,Vardhman Holdings Limited,INE701A01023,VHL,"  1,234.32 ",VHL,"  1,231.49 ",-, - ,"  1,232.90 ",Small Cap
1404,Benares Hotels Ltd,INE664D01019,BENARAS,"  1,232.37 ",-, - ,-, - ,"  1,232.37 ",Small Cap
1405,Dynacons Systems & Solutions Ltd.,INE417B01040,DSSL,"  1,231.04 ",DSSL,"  1,230.97 ",-, - ,"  1,231.00 ",Small Cap
1406,Indef Manufacturing Limited,INE0O9T01021,BAJAJINDEF,"  1,229.93 ",BAJAJINDEF,"  1,229.09 ",-, - ,"  1,229.51 ",Small Cap
1407,Tribhovandas Bhimji Zaveri Limited,INE760L01018,TBZ,"  1,229.44 ",TBZ,"  1,229.43 ",-, - ,"  1,229.44 ",Small Cap
1408,STL Networks Limited,INE1VXE01018,STLNETWORK,"  1,227.51 ",STLNETWORK,"  1,227.29 ",-, - ,"  1,227.40 ",Small Cap
1409,ArisInfra Solutions Limited,INE0H9P01028,ARISINFRA,"  1,225.87 ",ARISINFRA,"  1,224.16 ",-, - ,"  1,225.01 ",Small Cap
1410,Blue Cloud Softech Solutions Limited,INE373T01047,BLUECLOUDS,"  1,224.18 ",-, - ,-, - ,"  1,224.18 ",Small Cap
1411,3B BlackBio Dx Limited,INE994E01018,3BBLACKBIO,"  1,218.93 ",-, - ,-, - ,"  1,218.93 ",Small Cap
1412,Control Print (India) Ltd.,INE663B01015,CONTROLPR,"  1,218.34 ",CONTROLPR,"  1,218.31 ",-, - ,"  1,218.32 ",Small Cap
1413,Jindal Photo Limited,INE796G01012,JINDALPHOT,"  1,215.94 ",JINDALPHOT,"  1,215.35 ",-, - ,"  1,215.65 ",Small Cap
1414,Allcargo Logistics Ltd,INE418H01029,ALLCARGO,"  1,214.16 ",ALLCARGO,"  1,212.98 ",-, - ,"  1,213.57 ",Small Cap
1415,Electrotherm (India) Ltd,INE822G01016,ELECTHERM,"  1,213.01 ",ELECTHERM,"  1,213.83 ",-, - ,"  1,213.42 ",Small Cap
1416,A B INFRABUILD LIMITED,INE00YB01025,ABINFRA,"  1,208.71 ",ABINFRA,"  1,207.26 ",-, - ,"  1,207.98 ",Small Cap
1417,Meghna Infracon Infrastructure Limited,INE898Q01015,MIIL,"  1,206.89 ",-, - ,-, - ,"  1,206.89 ",Small Cap
1418,SRM CONTRACTORS LIMITED,INE0R6Z01013,SRM,"  1,206.43 ",SRM,"  1,206.53 ",-, - ,"  1,206.48 ",Small Cap
1419,Krishna Defence and Allied Industries Ltd.,INE0J5601015,-, - ,KRISHNADEF,"  1,201.02 ",-, - ,"  1,201.02 ",Small Cap
1420,Kross Limited,INE0O6601022,KROSS ,"  1,200.45 ",KROSS,"  1,200.54 ",-, - ,"  1,200.49 ",Small Cap
1421,Cosmic CRF Limited,INE0ORA01015,COSMICCRF,"  1,190.86 ",-, - ,-, - ,"  1,190.86 ",Small Cap
1422,Amines & Plasticizers Ltd,INE275D01022,AMNPLST,"  1,190.62 ",AMNPLST,"  1,188.07 ",-, - ,"  1,189.34 ",Small Cap
1423,Wealth First Portfolio Managers Limited,INE658T01017,WEALTH,"  1,153.57 ",WEALTH,"  1,222.49 ",-, - ,"  1,188.03 ",Small Cap
1424,ZUARI AGRO CHEMICALS LIMITED,INE840M01016,ZUARI,"  1,186.85 ",ZUARI,"  1,186.51 ",-, - ,"  1,186.68 ",Small Cap
1425,Kellton Tech Solutions Ltd.,INE164B01030,KELLTONTEC,"  1,194.47 ",KELLTONTEC,"  1,178.56 ",-, - ,"  1,186.52 ",Small Cap
1426,Steel Exchange India Ltd.,INE503B01021,STEELXIND,"  1,186.39 ",STEELXIND,"  1,185.64 ",-, - ,"  1,186.01 ",Small Cap
1427,RACL Geartech Limited,INE704B01017,RACLGEAR,"  1,191.62 ",RACLGEAR,"  1,175.67 ",-, - ,"  1,183.64 ",Small Cap
1428,Antelopus Selan Energy Limited,INE818A01017,ANTELOPUS,"  1,250.59 ",ANTELOPUS,"  1,115.37 ",-, - ,"  1,182.98 ",Small Cap
1429,Pashupati Cotspin Limited,INE124Y01010,PASHUPATI,"  1,180.47 ",PASHUPATI,"  1,178.80 ",-, - ,"  1,179.63 ",Small Cap
1430,Ice Make Refrigeration Ltd.,INE520Y01019,-, - ,ICEMAKE,"  1,178.99 ",-, - ,"  1,178.99 ",Small Cap
1431,Automobile Corpn. of Goa Ltd.,INE451C01013,ACGL,"  1,177.38 ",-, - ,-, - ,"  1,177.38 ",Small Cap
1432,Bluspring Enterprises Limited,INE0U4101014,BLUSPRING,"  1,173.09 ",BLUSPRING,"  1,172.53 ",-, - ,"  1,172.81 ",Small Cap
1433,Manali Petrochemicals Ltd.,INE201A01024,MANALIPETC,"  1,165.74 ",MANALIPETC,"  1,165.39 ",-, - ,"  1,165.56 ",Small Cap
1434,Dhunseri Ventures Limited,INE477B01010,DVL,"  1,162.20 ",DVL,"  1,162.30 ",-, - ,"  1,162.25 ",Small Cap
1435,Arihant Foundations & Housing Ltd.,INE413D01011,ARIHANT,"  1,158.99 ",-, - ,-, - ,"  1,158.99 ",Small Cap
1436,BCL INDUSTRIES LIMITED,INE412G01024,BCLIND,"  1,158.20 ",BCLIND,"  1,158.34 ",-, - ,"  1,158.27 ",Small Cap
1437,DPSC Ltd.,INE360C01024,-, - ,DPSCLTD,"  1,157.81 ",DPSCLTD,"  1,157.89 ","  1,157.85 ",Small Cap
1438,Bajaj Steel Industries Ltd.,INE704G01024,BAJAJST,"  1,157.68 ",-, - ,-, - ,"  1,157.68 ",Small Cap
1439,Nelcast Limited,INE189I01024,NELCAST,"  1,155.34 ",NELCAST,"  1,155.39 ",-, - ,"  1,155.37 ",Small Cap
1440,EIMCO Elecon India Ltd.,INE158B01016,EIMCOELECO,"  1,152.94 ",EIMCOELECO,"  1,153.49 ",-, - ,"  1,153.22 ",Small Cap
1441,Asian Star Co. Ltd.,INE194D01017,ASTAR,"  1,149.83 ",-, - ,-, - ,"  1,149.83 ",Small Cap
1442,Megasoft Ltd.,INE933B01012,MEGASOFT,"  1,146.20 ",MEGASOFT,"  1,144.64 ",-, - ,"  1,145.42 ",Small Cap
1443,ORIENTAL AROMATICS LIMITED,INE959C01023,OAL,"  1,142.48 ",OAL,"  1,142.95 ",-, - ,"  1,142.71 ",Small Cap
1444,KMC Speciality Hospitals India Limited,INE879K01018,KMCSHIL,"  1,141.34 ",-, - ,-, - ,"  1,141.34 ",Small Cap
1445,Sterling Tools Ltd.,INE334A01023,STERTOOLS,"  1,139.58 ",STERTOOLS,"  1,139.56 ",-, - ,"  1,139.57 ",Small Cap
1446,Saurashtra Cement Limited,INE626A01014,SAURASHCEM,"  1,132.91 ",SAURASHCEM,"  1,131.72 ",-, - ,"  1,132.31 ",Small Cap
1447,Gem Aromatics Limited,INE06XZ01023,GEMAROMA,"  1,132.13 ",GEMAROMA,"  1,131.66 ",-, - ,"  1,131.90 ",Small Cap
1448,GRP Limited,INE137I01015,GRPLTD,"  1,130.54 ",GRPLTD,"  1,131.88 ",-, - ,"  1,131.21 ",Small Cap
1449,Excelsoft Technologies Limited,INE606N01019,EXCELSOFT,"  1,123.24 ",EXCELSOFT,"  1,123.58 ",-, - ,"  1,123.41 ",Small Cap
1450,PROSTARM INFO SYSTEMS LIMITED,INE0BX301013,PROSTARM,"  1,118.68 ",PROSTARM,"  1,118.19 ",-, - ,"  1,118.43 ",Small Cap
1451,IZMO Limited,INE848A01014,IZMO,"  1,119.15 ",IZMO,"  1,116.69 ",-, - ,"  1,117.92 ",Small Cap
1452,The Yamuna Syndicate Ltd ,INE868X01014,YSL,"  1,113.44 ",-, - ,-, - ,"  1,113.44 ",Small Cap
1453,Matrimony.com Limited,INE866R01028,MATRIMONY,"  1,111.75 ",MATRIMONY,"  1,112.19 ",-, - ,"  1,111.97 ",Small Cap
1454,Swelect Energy Systems Limited,INE409B01013,SWELECTES,"  1,110.23 ",SWELECTES,"  1,110.25 ",-, - ,"  1,110.24 ",Small Cap
1455,Pudumjee Paper Products Limited,INE865T01018,PDMJEPAPER,"  1,109.52 ",PDMJEPAPER,"  1,109.57 ",-, - ,"  1,109.55 ",Small Cap
1456,AYM Syntex Limited,INE193B01039,AYMSYNTEX,"  1,108.29 ",AYMSYNTEX,"  1,108.30 ",-, - ,"  1,108.29 ",Small Cap
1457,OM INFRA LIMITED,INE239D01028,OMINFRAL,"  1,102.04 ",OMINFRAL,"  1,102.17 ",-, - ,"  1,102.11 ",Small Cap
1458,Eco Recycling Limited,INE316A01038,ECORECO,"  1,100.35 ",-, - ,-, - ,"  1,100.35 ",Small Cap
1459,VIDYA WIRES LIMITED,INE14UN01029,VIDYAWIRES,"  1,094.22 ",VIDYAWIRES,"  1,094.36 ",-, - ,"  1,094.29 ",Small Cap
1460,5paisa Capital Limited,INE618L01018,5PAISA,"  1,094.33 ",5PAISA,"  1,093.88 ",-, - ,"  1,094.11 ",Small Cap
1461,Peninsula Land Limited,INE138A01028,PENINLAND,"  1,089.89 ",PENINLAND,"  1,089.06 ",-, - ,"  1,089.47 ",Small Cap
1462,Ester Industries Ltd.,INE778B01029,ESTER,"  1,097.79 ",ESTER,"  1,079.83 ",-, - ,"  1,088.81 ",Small Cap
1463,Bhartiya International Ltd.,INE828A01016,BIL,"  1,088.49 ",BIL,"  1,087.83 ",-, - ,"  1,088.16 ",Small Cap
1464,MAMATA MACHINERY LIMITED,INE0TO701015,MAMATA,"  1,086.33 ",MAMATA,"  1,086.06 ",-, - ,"  1,086.20 ",Small Cap
1465,ABANS FINANCIAL SERVICES LIMITED,INE00ZE01026,AFSL,"  1,081.16 ",AFSL,"  1,080.17 ",-, - ,"  1,080.67 ",Small Cap
1466,Tamil Nadu Newsprint And Papers Ltd,INE107A01015,TNPL,"  1,077.88 ",TNPL,"  1,077.56 ",-, - ,"  1,077.72 ",Small Cap
1467,Ganesh Consumer Products Limited,INE652V01016,GANESHCP,"  1,077.03 ",GANESHCP,"  1,077.00 ",-, - ,"  1,077.01 ",Small Cap
1468,Mafatlal Industries Ltd.,INE270B01035,MAFATIND,"  1,076.40 ",-, - ,-, - ,"  1,076.40 ",Small Cap
1469,AVT Natural Products Ltd.,INE488D01021,AVTNPL,"  1,074.96 ",AVTNPL,"  1,074.83 ",-, - ,"  1,074.90 ",Small Cap
1470,Kokuyo Camlin Ltd,INE760A01029,KOKUYOCMLN,"  1,074.41 ",KOKUYOCMLN,"  1,073.78 ",-, - ,"  1,074.09 ",Small Cap
1471, Max India Limited,INE0CG601016,MAXIND,"  1,074.95 ",MAXIND,"  1,070.73 ",-, - ,"  1,072.84 ",Small Cap
1472,The Andhra Sugars Ltd.,INE715B01021,ANDHRSUGAR,"  1,065.74 ",ANDHRSUGAR,"  1,065.35 ",-, - ,"  1,065.55 ",Small Cap
1473,Lincoln Pharmaceuticals ltd.,INE405C01035,LINCOLN,"  1,064.58 ",LINCOLN,"  1,064.80 ",-, - ,"  1,064.69 ",Small Cap
1474,CREST VENTURES LIMITED,INE559D01011,CREST,"  1,062.87 ",CREST,"  1,065.09 ",-, - ,"  1,063.98 ",Small Cap
1475,Themis Medicare Ltd.,INE083B01024,THEMISMED,"  1,062.25 ",THEMISMED,"  1,062.14 ",-, - ,"  1,062.19 ",Small Cap
1476,Industrial & Prudential Inv. Co. Lt,INE620D01011,INDPRUD,"  1,060.12 ",-, - ,-, - ,"  1,060.12 ",Small Cap
1477,CREATIVE NEWTECH LIMITED,INE985W01018,CNL,"  1,116.26 ",CNL,  991.01 ,-, - ,"  1,053.64 ",Small Cap
1478,R&B Denims Limited,INE012Q01021,RNBDENIMS,"  1,004.25 ",RNBDENIMS,"  1,101.33 ",-, - ,"  1,052.79 ",Small Cap
1479,Century Enka Ltd.,INE485A01015,CENTENKA,"  1,051.26 ",CENTENKA,"  1,051.58 ",-, - ,"  1,051.42 ",Small Cap
1480,ORIENTAL RAIL INFRASTRUCTURE LIMITED,INE457G01029,ORIRAIL,"  1,051.31 ",-, - ,-, - ,"  1,051.31 ",Small Cap
1481,Arihant Capital Markets Ltd.,INE420B01036,ARIHANTCAP,"  1,050.89 ",ARIHANTCAP,"  1,049.98 ",-, - ,"  1,050.43 ",Small Cap
1482,Dhanlaxmi Bank Limited,INE680A01011,DHANBANK,"  1,049.70 ",DHANBANK,"  1,049.61 ",-, - ,"  1,049.66 ",Small Cap
1483,Uniphos Enterprises Limited.,INE037A01022,UNIENTER,"  1,050.22 ",UNIENTER,"  1,048.96 ",-, - ,"  1,049.59 ",Small Cap
1484,Scoda Tubes Limited,INE090501011,SCODATUBES,"  1,047.78 ",SCODATUBES,"  1,047.52 ",-, - ,"  1,047.65 ",Small Cap
1485,INDO FARM EQUIPMENT LIMITED,INE622H01018,INDOFARM,"  1,045.49 ",INDOFARM,"  1,045.32 ",-, - ,"  1,045.40 ",Small Cap
1486,SBC EXPORTS LIMITED,INE04AK01028,SBC,"  1,044.69 ",SBC,"  1,044.73 ",-, - ,"  1,044.71 ",Small Cap
1487,Concord Enviro Systems Limited,INE037Z01029,CEWATER,"  1,043.77 ",CEWATER,"  1,043.78 ",-, - ,"  1,043.77 ",Small Cap
1488,Radhika Jeweltech Limited,INE583V01021,RADHIKAJWE,"  1,038.06 ",RADHIKAJWE,"  1,037.98 ",-, - ,"  1,038.02 ",Small Cap
1489,Kwality Pharmaceuticals Limited,INE552U01010,KPL,"  1,035.01 ",-, - ,-, - ,"  1,035.01 ",Small Cap
1490,Innovana Thinklabs Limited,INE403Y01018,INNOVANA,"  1,034.55 ",INNOVANA,"  1,027.69 ",-, - ,"  1,031.12 ",Small Cap
1491,GKW Ltd.,INE528A01020,-, - ,GKWLIMITED,"  1,030.11 ",-, - ,"  1,030.11 ",Small Cap
1492,New Delhi Television Limited,INE155G01029,NDTV,"  1,030.03 ",NDTV,"  1,029.07 ",-, - ,"  1,029.55 ",Small Cap
1493,Fairchem Organics Limited,INE0DNW01011,FAIRCHEMOR,"  1,026.86 ",FAIRCHEMOR,"  1,027.09 ",-, - ,"  1,026.98 ",Small Cap
1494,Khaitan Chemicals & Fertilizers Ltd,INE745B01028,KHAICHEM,"  1,024.92 ",KHAICHEM,"  1,027.40 ",-, - ,"  1,026.16 ",Small Cap
1495,LKP Finance Limited,INE724A01017,LKPFIN,"  1,024.37 ",-, - ,-, - ,"  1,024.37 ",Small Cap
1496,Saint-Gobain Sekurit India Ltd.,INE068B01017,SEKURITIND,"  1,022.22 ",-, - ,-, - ,"  1,022.22 ",Small Cap
1497,FEDDERS HOLDING LIMITED,INE417D01020,FEDDERSHOL,"  1,022.12 ",-, - ,-, - ,"  1,022.12 ",Small Cap
1498,Amal Ltd,INE841D01013,AMAL,"  1,021.65 ",-, - ,-, - ,"  1,021.65 ",Small Cap
1499,AEROFLEX ENTERPRISES LIMITED,INE065D01027,AEROENTER,"  1,019.39 ",AEROENTER,"  1,019.81 ",-, - ,"  1,019.60 ",Small Cap
1500,Indo Amines Ltd.,INE760F01028,INDOAMIN,"  1,014.68 ",INDOAMIN,"  1,014.87 ",-, - ,"  1,014.77 ",Small Cap
1501,IST Limited,INE684B01029,ISTLTD,"  1,014.68 ",-, - ,-, - ,"  1,014.68 ",Small Cap
1502,Dharmaj Crop Guard Limited,INE00OQ01016,DHARMAJ,"  1,014.09 ",DHARMAJ,"  1,014.24 ",-, - ,"  1,014.16 ",Small Cap
1503,Bharat Seats Ltd,INE415D01024,BHARATSE,"  1,013.39 ",BHARATSE,"  1,013.73 ",-, - ,"  1,013.56 ",Small Cap
1504,Gala Precision Engineering Limited,INE0RE001014,GALAPREC,"  1,012.82 ",GALAPREC,"  1,012.45 ",-, - ,"  1,012.64 ",Small Cap
1505,Oswal Greentech Limited,INE143A01010,OSWALGREEN,"  1,012.66 ",OSWALGREEN,"  1,012.45 ",-, - ,"  1,012.56 ",Small Cap
1506,BMW INDUSTRIES LIMITED,INE374E01021,BMW,"  1,009.51 ",-, - ,-, - ,"  1,009.51 ",Small Cap
1507,Denta Water and Infra Solutions Limited,INE0R4L01018,DENTA,"  1,002.90 ",DENTA,"  1,002.68 ",-, - ,"  1,002.79 ",Small Cap
1508,Gujarat Natural Resources Limited,INE207H01018,GNRL,  998.42 ,-, - ,-, - ,  998.42 ,Small Cap
1509,PRAVEG LIMITED,INE722B01019,PRAVEG,  997.82 ,-, - ,-, - ,  997.82 ,Small Cap
1510,Sree Rayalaseema Hi-Strength Hypo Limited,INE917H01012,SRHHYPOLTD,  996.33 ,SRHHYPOLTD,  997.09 ,-, - ,  996.71 ,Small Cap
1511,Gandhi Special Tubes Ltd.,INE524B01027,GANDHITUBE,  995.27 ,GANDHITUBE,  995.51 ,-, - ,  995.39 ,Small Cap
1512,Fabtech Technologies Limited,INE0HF201011,FABTECH,  988.66 ,FABTECH,  988.40 ,-, - ,  988.53 ,Small Cap
1513,Jaybharat Textiles And Real Estate Limited,INE091E01039,JAYTEX,  986.71 ,-, - ,-, - ,  986.71 ,Small Cap
1514,KRISHIVAL FOODS LIMITED,INE0GGO01015,KRISHIVAL,  989.33 ,KRISHIVAL,  977.58 ,-, - ,  983.45 ,Small Cap
1515,Uttam Sugar Mills Ltd,INE786F01031,UTTAMSUGAR,  980.51 ,UTTAMSUGAR,  980.98 ,-, - ,  980.75 ,Small Cap
1516,Xchanging Solutions Limited,INE692G01013,XCHANGING,  979.18 ,XCHANGING,  979.05 ,-, - ,  979.12 ,Small Cap
1517,JINDAL POLY INVESTMENT AND FINANCE COMPANY LIMITED,INE147P01019,JPOLYINVST,  977.13 ,JPOLYINVST,  977.38 ,-, - ,  977.26 ,Small Cap
1518,Oswal Agro Mills Ltd.,INE142A01012,OSWALAGRO,  976.86 ,OSWALAGRO,  976.60 ,-, - ,  976.73 ,Small Cap
1519,TAAL Enterprises Limited,INE524T01011,TAALENT,  976.21 ,-, - ,-, - ,  976.21 ,Small Cap
1520,PNGS GARGI FASHION JEWELLERY LIMITED,INE0NT601018,GARGI,  971.74 ,-, - ,-, - ,  971.74 ,Small Cap
1521,MANOJ VAIBHAV GEMS 'N' JEWELLERS LIMITED,INE0KNT01012,MVGJL,  971.20 ,MVGJL,  971.14 ,-, - ,  971.17 ,Small Cap
1522,Allied Digital Services Limited,INE102I01027,ADSL,  969.13 ,ADSL,  968.27 ,-, - ,  968.70 ,Small Cap
1523,INDIA SOLOMON HOLDINGS LIMITED,INE00WT01013,-, - ,-, - ,ISHL,  968.68 ,  968.68 ,Small Cap
1524,Taneja Aerospace & Aviation Ltd.,INE692C01020,TANAA,  967.78 ,-, - ,-, - ,  967.78 ,Small Cap
1525,Hexa Tradex Limited,INE750M01017,HEXATRADEX,  968.17 ,HEXATRADEX,  966.01 ,-, - ,  967.09 ,Small Cap
1526,Gulshan Polyols Ltd.,INE255D01024,GULPOLY,  965.30 ,GULPOLY,  965.13 ,-, - ,  965.21 ,Small Cap
1527,Silver Touch Technologies Limited,INE625X01018,SILVERTUC,  961.03 ,SILVERTUC,  961.51 ,-, - ,  961.27 ,Small Cap
1528,Jay Bharat Maruti Ltd.,INE571B01036,JAYBARMARU,  960.43 ,JAYBARMARU,  960.18 ,-, - ,  960.31 ,Small Cap
1529,Kuantum Papers Limited,INE529I01021,KUANTUM,  960.11 ,KUANTUM,  959.02 ,-, - ,  959.57 ,Small Cap
1530,Tamilnadu Petroproducts Ltd,INE148A01019,TNPETRO,  956.31 ,TNPETRO,  956.49 ,-, - ,  956.40 ,Small Cap
1531,GIC Housing Finance Ltd.,INE289B01019,GICHSGFIN,  955.28 ,GICHSGFIN,  955.21 ,-, - ,  955.24 ,Small Cap
1532,Prime Securities Ltd.,INE032B01021,PRIMESECU,  954.54 ,PRIMESECU,  953.46 ,-, - ,  954.00 ,Small Cap
1533,IFB Agro Industries Ltd,INE076C01018,IFBAGRO,  953.91 ,IFBAGRO,  951.86 ,-, - ,  952.88 ,Small Cap
1534,FERMENTA BIOTECH LIMITED,INE225B01021,FERMENTA,  952.39 ,-, - ,-, - ,  952.39 ,Small Cap
1535,Aditya Birla  Money Ltd,INE865C01022,BIRLAMONEY,  950.88 ,BIRLAMONEY,  950.16 ,-, - ,  950.52 ,Small Cap
1536,Popular Vehicles and Services Limited,INE772T01024,PVSL,  945.49 ,PVSL,  946.01 ,-, - ,  945.75 ,Small Cap
1537,NCL Industries Limited,INE732C01016,NCLIND,  945.07 ,NCLIND,  945.95 ,-, - ,  945.51 ,Small Cap
1538,ALLCARGO GATI LIMITED,INE152B01027,ACLGATI,  945.43 ,-, - ,-, - ,  945.43 ,Small Cap
1539,Sastasundar Ventures Limited,INE019J01013,SASTASUNDR,  943.92 ,SASTASUNDR,  945.12 ,-, - ,  944.52 ,Small Cap
1540,Elin Electronics Limited,INE050401020,ELIN,  941.71 ,ELIN,  941.81 ,-, - ,  941.76 ,Small Cap
1541,SKM Egg Products Exports (India) Lt,INE411D01015,SKMEGGPROD,  940.89 ,SKMEGGPROD,  941.10 ,-, - ,  940.99 ,Small Cap
1542,Vakrangee Limited,INE051B01021,VAKRANGEE,  940.43 ,VAKRANGEE,  939.50 ,-, - ,  939.96 ,Small Cap
1543,Zuari Industries Limited,INE217A01012,ZUARIIND,  939.25 ,ZUARIIND,  939.11 ,-, - ,  939.18 ,Small Cap
1544,Everest Industries Ltd.,INE295A01018,EVERESTIND,  936.49 ,EVERESTIND,  936.37 ,-, - ,  936.43 ,Small Cap
1545,Sar  Auto Products Limited,INE002E01010,SAPL,  935.27 ,-, - ,-, - ,  935.27 ,Small Cap
1546,AVISHKAR INFRA REALTY LIMITED,INE433O01024,AIRLTD,  935.18 ,-, - ,AIRLTD,  934.95 ,  935.06 ,Small Cap
1547,Likhitha Infrastructure Limited,INE060901027,LIKHITHA,  934.11 ,LIKHITHA,  933.97 ,-, - ,  934.04 ,Small Cap
1548,REGAAL RESOURCES LIMITED,INE0MHO01029,REGAAL,  930.77 ,REGAAL,  930.26 ,-, - ,  930.52 ,Small Cap
1549,TVS Electronics Ltd.,INE236G01019,TVSELECT,  925.47 ,TVSELECT,  924.37 ,-, - ,  924.92 ,Small Cap
1550,UNITED FOODBRANDS LIMITED,INE382M01027,UFBL,  924.84 ,UFBL,  924.65 ,-, - ,  924.75 ,Small Cap
1551,Aryaman Financial Services Ltd.,INE032E01017,ARYAMAN,  924.18 ,-, - ,-, - ,  924.18 ,Small Cap
1552,A B Cotspin India Limited,INE08PH01015,ABCOTS ,  921.02 ,ABCOTS,  920.23 ,-, - ,  920.62 ,Small Cap
1553,Macpower CNC Machines Ltd.,INE155Z01011,-, - ,MACPOWER,  915.67 ,-, - ,  915.67 ,Small Cap
1554,Valiant Organics Limited,INE565V01010,VALIANTORG,  920.72 ,VALIANTORG,  906.20 ,-, - ,  913.46 ,Small Cap
1555,Z.F. Steering Gear (India) Limited,INE116C01012,ZFSTEERING,  907.59 ,-, - ,-, - ,  907.59 ,Small Cap
1556,Tembo Global Industries Ltd.,INE869Y01010,-, - ,TEMBO,  907.53 ,-, - ,  907.53 ,Small Cap
1557,Beekay Steel Industries Ltd.,INE213D01015,BEEKAY,  907.21 ,-, - ,-, - ,  907.21 ,Small Cap
1558,Forbes Precision Tools and Machine Parts Limited,INE0TT901016,TOTEM,  906.90 ,-, - ,-, - ,  906.90 ,Small Cap
1559,U.P. Hotels Ltd.,INE726E01014,UPHOT,  905.35 ,-, - ,-, - ,  905.35 ,Small Cap
1560,Kabra Extrusion Technik Ltd,INE900B01029,KABRAEXTRU,  903.37 ,KABRAEXTRU,  903.57 ,-, - ,  903.47 ,Small Cap
1561,Enkei wheels (India) Limited,INE130L01014,ENKEIWHEL,  898.40 ,-, - ,-, - ,  898.40 ,Small Cap
1562,Arrow Greentech Limited,INE570D01018,ARROWGREEN,  895.46 ,ARROWGREEN,  895.40 ,-, - ,  895.43 ,Small Cap
1563,Bharat Parenterals Limited,INE365Y01019,BPLPHARMA,  895.30 ,-, - ,-, - ,  895.30 ,Small Cap
1564,BEST AGROLIFE LIMITED,INE052T01013,BESTAGRO,  894.76 ,BESTAGRO,  894.39 ,-, - ,  894.57 ,Small Cap
1565,Dish TV India Limited,INE836F01026,DISHTV,  893.78 ,DISHTV,  892.45 ,-, - ,  893.12 ,Small Cap
1566,Consolidated Construction Consortium Ltd,INE429I01024,CCCL,  892.59 ,CCCL,  891.53 ,-, - ,  892.06 ,Small Cap
1567,Mac Charles (India) Ltd.,INE435D01014,MCCHRLS-B,  889.47 ,-, - ,-, - ,  889.47 ,Small Cap
1568,Vadilal Enterprises Ltd.,INE693D01018,VADILENT,  888.79 ,-, - ,-, - ,  888.79 ,Small Cap
1569,VEEFIN SOLUTIONS LIMITED,INE0Q0M01015,VEEFIN,  888.37 ,-, - ,-, - ,  888.37 ,Small Cap
1570,T.V.Today Network Limited,INE038F01029,TVTODAY,  888.03 ,TVTODAY,  887.92 ,-, - ,  887.98 ,Small Cap
1571,Kothari Petrochem Ltd.,INE720A01015,-, - ,KOTHARIPET,  886.80 ,-, - ,  886.80 ,Small Cap
1572,Trans Globe NKS Holdings Limited,INE00R101010,-, - ,-, - ,TRANSGLOB,  886.59 ,  886.59 ,Small Cap
1573,Chemfab Alkalis Ltd,INE783X01023,CHEMFAB,  885.62 ,CHEMFAB,  885.61 ,-, - ,  885.61 ,Small Cap
1574,Sandesh Ltd.,INE583B01015,SANDESH,  885.35 ,SANDESH,  885.52 ,-, - ,  885.43 ,Small Cap
1575,Dhampur Sugar Mills Ltd.,INE041A01016,DHAMPURSUG,  872.79 ,DHAMPURSUG,  880.61 ,-, - ,  876.70 ,Small Cap
1576,MERCURY EV-TECH LIMITED,INE763M01028,MERCURYEV,  876.61 ,-, - ,-, - ,  876.61 ,Small Cap
1577,Morganite Crucible (India) Limited,INE599F01020,MORGANITE,  876.22 ,-, - ,-, - ,  876.22 ,Small Cap
1578,Anuh Pharma Ltd.,INE489G01022,ANUHPHR,  876.19 ,ANUHPHR,  876.06 ,-, - ,  876.12 ,Small Cap
1579,BEML Land Assets Limited,INE0N7W01012,BLAL,  875.12 ,BLAL,  875.13 ,-, - ,  875.13 ,Small Cap
1580,Hazoor Multi Projects Limited,INE550F01049,HAZOOR,  874.18 ,-, - ,-, - ,  874.18 ,Small Cap
1581,Mahamaya Steel Industries Limited,INE451L01014,MAHASTEEL,  874.32 ,MAHASTEEL,  872.36 ,-, - ,  873.34 ,Small Cap
1582,RDB INFRASTRUCTURE AND POWER LIMITED,INE245L01028,RDBIPL,  870.82 ,-, - ,-, - ,  870.82 ,Small Cap
1583,Shiva Cement Ltd.,INE555C01029,SHIVACEM,  870.23 ,-, - ,-, - ,  870.23 ,Small Cap
1584,AIRFLOA RAIL TECHNOLOGY LIMITED,INE0XBS01012,AIRFLOA,  868.55 ,-, - ,-, - ,  868.55 ,Small Cap
1585,Shree Vasu Logistics Ltd.,INE00CE01017,-, - ,SVLL,  867.23 ,-, - ,  867.23 ,Small Cap
1586,Munjal Auto Industries Ltd.,INE672B01032,MUNJALAU,  855.23 ,MUNJALAU,  855.07 ,-, - ,  855.15 ,Small Cap
1587,Suyog Telematics Limited,INE442P01014,SUYOG,  850.79 ,SUYOG,  858.58 ,-, - ,  854.69 ,Small Cap
1588,AVADH SUGAR & ENERGY LIMITED,INE349W01017,AVADHSUGAR,  854.55 ,AVADHSUGAR,  854.48 ,-, - ,  854.51 ,Small Cap
1589,Jaiprakash Associates Limited,INE455F01025,JPASSOCIAT,  859.52 ,JPASSOCIAT,  847.75 ,-, - ,  853.63 ,Small Cap
1590,NGL Fine Chem Ltd.,INE887E01022,NGLFINE,  852.68 ,NGLFINE,  852.72 ,-, - ,  852.70 ,Small Cap
1591,SNOWMAN LOGISTICS LIMITED,INE734N01019,SNOWMAN,  852.04 ,SNOWMAN,  851.73 ,-, - ,  851.89 ,Small Cap
1592,TUTICORIN ALKALI CHEMICALS AND FERTILIZERS LIMITED,INE400A01014,TUTIALKA,  849.70 ,-, - ,-, - ,  849.70 ,Small Cap
1593,JITF INFRALOGISTICS LIMITED,INE863T01013,JITFINFRA,  845.96 ,JITFINFRA,  844.71 ,-, - ,  845.34 ,Small Cap
1594,Dhunseri Investments Ltd,INE320L01011,DHUNINV,  844.92 ,DHUNINV,  845.02 ,-, - ,  844.97 ,Small Cap
1595,KRYSTAL INTEGRATED SERVICES LIMITED,INE0QN801017,KRYSTAL,  843.91 ,KRYSTAL,  843.72 ,-, - ,  843.82 ,Small Cap
1596,Oricon Enterprises Ltd.,INE730A01022,ORICONENT,  842.19 ,ORICONENT,  842.94 ,-, - ,  842.56 ,Small Cap
1597,STEL Holdings Limited,INE577L01016,STEL,  840.33 ,STEL,  840.87 ,-, - ,  840.60 ,Small Cap
1598,Synergy Green Industries Limited,INE00QT01015,SGIL,  838.81 ,SGIL,  839.44 ,-, - ,  839.13 ,Small Cap
1599,Veritas (India) Limited,INE379J01029,VERITAS,  838.27 ,-, - ,-, - ,  838.27 ,Small Cap
1600,Wanbury Limited,INE107F01022,WANBURY,  835.69 ,WANBURY,  833.92 ,-, - ,  834.81 ,Small Cap
1601,Chemcon Speciality Chemicals Limited,INE03YM01018,CHEMCON,  834.15 ,CHEMCON,  833.86 ,-, - ,  834.00 ,Small Cap
1602,Bhageria Industries Limited,INE354C01027,BHAGERIA,  831.45 ,BHAGERIA,  831.43 ,-, - ,  831.44 ,Small Cap
1603,Automotive Stampings and Assemblies Ltd.,INE900C01027,ASAL,  830.10 ,ASAL,  830.00 ,-, - ,  830.05 ,Small Cap
1604,Sarla Performance Fibers Ltd,INE453D01025,SARLAPOLY,  829.54 ,SARLAPOLY,  829.44 ,-, - ,  829.49 ,Small Cap
1605,Bigbloc Construction Limited,INE412U01025,BIGBLOC,  828.29 ,BIGBLOC,  827.49 ,-, - ,  827.89 ,Small Cap
1606,Coffee Day Enterprises Limited,INE335K01011,COFFEEDAY,  827.76 ,COFFEEDAY,  827.66 ,-, - ,  827.71 ,Small Cap
1607,Allcargo Terminals Limited,INE0NN701020,ATL,  836.84 ,ATL,  817.08 ,-, - ,  826.96 ,Small Cap
1608,VLS Finance Limited,INE709A01018,VLSFINANCE,  818.92 ,VLSFINANCE,  833.74 ,-, - ,  826.33 ,Small Cap
1609,Voith Paper Fabrics India Ltd,INE285C01015,VOITHPAPR,  824.40 ,-, - ,-, - ,  824.40 ,Small Cap
1610,Zelio E Mobility Limited,INE1B3501014,ZELIO,  819.28 ,-, - ,-, - ,  819.28 ,Small Cap
1611,GUJARAT KIDNEY AND SUPER SPECIALITY LIMITED,INE0V0W01025,GKSL,  817.60 ,GKSL,  818.04 ,-, - ,  817.82 ,Small Cap
1612,Ratnaveer Precision Engineering Limited,INE05CZ01011,RATNAVEER,  827.48 ,RATNAVEER,  803.30 ,-, - ,  815.39 ,Small Cap
1613,Jagatjit Industries Ltd.,INE574A01016,JAGAJITIND,  815.01 ,-, - ,-, - ,  815.01 ,Small Cap
1614,Rajapalayam Mills Limited,INE296E01026,RAJPALAYAM,  813.34 ,-, - ,-, - ,  813.34 ,Small Cap
1615,Ambika Cotton Mills Ltd.,INE540G01014,AMBIKCO,  810.66 ,AMBIKCO,  810.51 ,-, - ,  810.58 ,Small Cap
1616,UTSAV SECURITIES LIMITED,INE01A801013,-, - ,-, - ,UTSAV,  810.04 ,  810.04 ,Small Cap
1617,Permanent Magnets Ltd.,INE418E01018,PERMAGN,  809.45 ,-, - ,-, - ,  809.45 ,Small Cap
1618,United Polyfab Gujarat Ltd.,INE368U01029,-, - ,UNITEDPOLY,  808.35 ,-, - ,  808.35 ,Small Cap
1619,Viceroy Hotels Ltd.,INE048C01025,VHLTD,  809.69 ,VHLTD,  805.63 ,-, - ,  807.66 ,Small Cap
1620,A.K.Capital Services Ltd.,INE701G01012,AKCAPIT,  807.55 ,-, - ,-, - ,  807.55 ,Small Cap
1621,VTM Ltd,INE222F01029,VTMLTD,  807.38 ,-, - ,-, - ,  807.38 ,Small Cap
1622,Arfin India Limited,INE784R01023,ARFIN,  784.63 ,ARFIN,  829.92 ,-, - ,  807.28 ,Small Cap
1623,Bright Outdoor Media Limited,INE0OMI01019,BRIGHT,  806.40 ,-, - ,-, - ,  806.40 ,Small Cap
1624,NISUS FINANCE SERVICES CO LIMITED,INE0DQN01013,NISUS,  805.34 ,-, - ,-, - ,  805.34 ,Small Cap
1625,Indo Borax & Chemicals Ltd.,INE803D01021,INDOBORAX,  804.53 ,INDOBORAX,  804.58 ,-, - ,  804.55 ,Small Cap
1626,Advance Agrolife Limited,INE1B0W01010,ADVANCE,  804.22 ,ADVANCE,  804.72 ,-, - ,  804.47 ,Small Cap
1627,Eldeco Housing & Ind. Ltd.,INE668G01021,ELDEHSG,  805.14 ,ELDEHSG,  802.96 ,-, - ,  804.05 ,Small Cap
1628,Sakar Healthcare Ltd.,INE732S01012,-, - ,SAKAR,  803.10 ,-, - ,  803.10 ,Small Cap
1629,NINtec Systems Limited,INE395U01014,NINSYS,  801.54 ,NINSYS,  801.08 ,-, - ,  801.31 ,Small Cap
1630,MALLCOM (INDIA) LTD.,INE389C01015,MALLCOM,  799.54 ,MALLCOM,  799.92 ,-, - ,  799.73 ,Small Cap
1631,Bodal Chemicals Ltd,INE338D01028,BODALCHEM,  799.80 ,BODALCHEM,  799.61 ,-, - ,  799.71 ,Small Cap
1632,Mukka Proteins Limited,INE0CG401037,MUKKA,  799.28 ,MUKKA,  799.31 ,-, - ,  799.29 ,Small Cap
1633,Modern Insulators Ltd.,INE219W01012,MODINSU,  797.91 ,-, - ,-, - ,  797.91 ,Small Cap
1634,Transpek Industry Ltd.,INE687A01016,TRANSPEK,  793.71 ,-, - ,-, - ,  793.71 ,Small Cap
1635,Credo Brands Marketing Limited,INE220Q01020,MUFTI,  792.46 ,MUFTI,  792.07 ,-, - ,  792.27 ,Small Cap
1636,Kamat Hotels (India) ltd.,INE967C01018,KAMATHOTEL,  791.72 ,KAMATHOTEL,  791.91 ,-, - ,  791.82 ,Small Cap
1637,Valiant Communications Ltd.,INE760B01019,VALIANT,  787.49 ,-, - ,-, - ,  787.49 ,Small Cap
1638,SATIA INDUSTRIES LIMITED,INE170E01023,SATIA,  787.18 ,SATIA,  787.39 ,-, - ,  787.29 ,Small Cap
1639,Dwarikesh Sugar Industries Ltd.,INE366A01041,DWARKESH,  787.11 ,DWARKESH,  786.96 ,-, - ,  787.03 ,Small Cap
1640,KIRLOSKAR ELECTRIC COMPANY LTD.,INE134B01017,KECL,  787.01 ,KECL,  786.89 ,-, - ,  786.95 ,Small Cap
1641,Nahar Spinning Mills Ltd.,INE290A01027,NAHARSPING,  785.97 ,NAHARSPING,  786.35 ,-, - ,  786.16 ,Small Cap
1642,Kamdhenu Limited,INE390H01020,KAMDHENU,  786.05 ,KAMDHENU,  785.57 ,-, - ,  785.81 ,Small Cap
1643,Ritco Logistics Limited,INE01EG01016,RITCO,  786.73 ,RITCO,  784.69 ,-, - ,  785.71 ,Small Cap
1644,Nitta Gelatin India Ltd,INE265B01019,NITTAGELA,  781.16 ,-, - ,-, - ,  781.16 ,Small Cap
1645,Integra Engineering India Ltd.,INE984B01023,INTEGRAEN,  778.93 ,-, - ,-, - ,  778.93 ,Small Cap
1646,Apex Frozen Foods Limited,INE346W01013,APEX ,  778.33 ,APEX,  778.29 ,-, - ,  778.31 ,Small Cap
1647,Kopran Ltd.,INE082A01010,KOPRAN,  777.89 ,KOPRAN,  777.79 ,-, - ,  777.84 ,Small Cap
1648,KSE Ltd.,INE953E01022,KSE,  775.77 ,-, - ,-, - ,  775.77 ,Small Cap
1649,Magadh Sugar & Energy Limited,INE347W01011,MAGADSUGAR,  774.42 ,MAGADSUGAR,  774.70 ,-, - ,  774.56 ,Small Cap
1650,Anand Rayons Limited,INE02GA01012,ARL,  772.92 ,-, - ,-, - ,  772.92 ,Small Cap
1651,SHREE REFRIGERATIONS LIMITED,INE0FMZ01045,SHREEREF,  772.21 ,-, - ,-, - ,  772.21 ,Small Cap
1652,PATEL RETAIL LIMITED,INE0R8B01010,PATELRMART,  771.84 ,PATELRMART,  772.03 ,-, - ,  771.93 ,Small Cap
1653,20 Microns Limited,INE144J01027,20MICRONS,  771.22 ,20MICRONS,  771.02 ,-, - ,  771.12 ,Small Cap
1654,Ruby Mills Ltd.,INE301D01026,RUBYMILLS,  767.54 ,RUBYMILLS,  767.70 ,-, - ,  767.62 ,Small Cap
1655,GHCL Textiles Limited,INE0PA801013,GHCLTEXTIL,  767.50 ,GHCLTEXTIL,  767.47 ,-, - ,  767.48 ,Small Cap
1656,Shriram Asset Management Co.Ltd.,INE777G01012,SRAMSET,  767.22 ,-, - ,-, - ,  767.22 ,Small Cap
1657,Sunshield Chemicals Ltd.,INE199E01014,SUNSHIEL,  764.89 ,-, - ,-, - ,  764.89 ,Small Cap
1658,PROZONE REALTY LIMITED,INE195N01013,PROZONER,  763.30 ,PROZONER,  763.89 ,-, - ,  763.60 ,Small Cap
1659,State Trading Corporation of India,INE655A01013,STCINDIA,  763.85 ,STCINDIA,  763.25 ,-, - ,  763.55 ,Small Cap
1660,SPEL Semiconductor Ltd.,INE252A01019,SPELS,  763.06 ,-, - ,-, - ,  763.06 ,Small Cap
1661,LINC LIMITED,INE802B01027,LINC,  762.28 ,LINC,  759.16 ,-, - ,  760.72 ,Small Cap
1662,SHRADDHA PRIME PROJECTS LTD,INE311M01018,SHRADDHA,  759.98 ,-, - ,-, - ,  759.98 ,Small Cap
1663,Transindia Real Estate Limited,INE0O3901029,TREL,  760.01 ,TREL,  759.45 ,-, - ,  759.73 ,Small Cap
1664,Shri Jagdamba Polymers Ltd,INE564J01026,SHRJAGP,  758.20 ,-, - ,-, - ,  758.20 ,Small Cap
1665,Ksolves India Limited,INE0D6I01023,KSOLVES,  753.62 ,KSOLVES,  753.26 ,-, - ,  753.44 ,Small Cap
1666,Axtel Industries Ltd.,INE767C01012,AXTEL,  753.29 ,-, - ,-, - ,  753.29 ,Small Cap
1667,Worth Investment & Trading Co Limited,INE114O01020,WORTH,  752.67 ,-, - ,-, - ,  752.67 ,Small Cap
1668,Rushil Decor Limited,INE573K01025,RUSHIL,  753.68 ,RUSHIL,  751.50 ,-, - ,  752.59 ,Small Cap
1669,LAXMI INDIA FINANCE LIMITED,INE06WU01026,LAXMIINDIA,  752.54 ,LAXMIINDIA,  752.53 ,-, - ,  752.53 ,Small Cap
1670,GeeCee Ventures Limited,INE916G01016,GEECEE,  752.06 ,GEECEE,  751.92 ,-, - ,  751.99 ,Small Cap
1671,N. B. I. Industrial Finance Company Ltd.,INE365I01020,-, - ,NBIFIN,  751.34 ,-, - ,  751.34 ,Small Cap
1672,HLV LIMITED,INE102A01024,HLVLTD,  751.12 ,HLVLTD,  750.71 ,-, - ,  750.91 ,Small Cap
1673,UNIFIED DATA TECH SOLUTIONS LIMITED,INE1ABX01018,UNIFIED,  745.42 ,-, - ,-, - ,  745.42 ,Small Cap
1674,THE INVESTMENT TRUST OF INDIA LIMITED,INE924D01017,THEINVEST,  743.27 ,THEINVEST,  741.49 ,-, - ,  742.38 ,Small Cap
1675,PVP Ventures Ltd,INE362A01016,PVP,  741.61 ,PVP,  740.16 ,-, - ,  740.89 ,Small Cap
1676,Prakash Pipes Limited,INE050001010,PPL,  740.40 ,PPL,  740.16 ,-, - ,  740.28 ,Small Cap
1677,RSWM Limited,INE611A01016,RSWM,  734.14 ,RSWM,  734.19 ,-, - ,  734.17 ,Small Cap
1678,DMCC SPECIALITY CHEMICALS LIMITED,INE505A01010,DMCC,  732.99 ,DMCC,  732.87 ,-, - ,  732.93 ,Small Cap
1679,ERAAYA LIFESPACES LIMITED,INE432F01032,EBIX,  732.07 ,-, - ,-, - ,  732.07 ,Small Cap
1680,Dalmia Bharat Refractories Limited,INE0EB001012,-, - ,-, - ,DALMIARF,  729.87 ,  729.87 ,Small Cap
1681,Shivalik Rasayan Ltd.,INE788J01021,SHIVALIK,  727.49 ,SHIVALIK,  727.19 ,-, - ,  727.34 ,Small Cap
1682,Mangalam Worldwide Ltd.,INE0JYY01011,-, - ,MWL,  727.07 ,-, - ,  727.07 ,Small Cap
1683,R K Swamy Limited,INE0NQ801033,RKSWAMY,  726.61 ,RKSWAMY,  726.06 ,-, - ,  726.34 ,Small Cap
1684,Nahar Polyfilms Ltd.,INE308A01027,NAHARPOLY,  726.47 ,NAHARPOLY,  725.48 ,-, - ,  725.98 ,Small Cap
1685,Venus Remedies Ltd.,INE411B01019,VENUSREM,  723.31 ,VENUSREM,  724.08 ,-, - ,  723.70 ,Small Cap
1686,Subex  Ltd,INE754A01055,SUBEXLTD,  723.65 ,SUBEXLTD,  723.47 ,-, - ,  723.56 ,Small Cap
1687,Vishal Fabrics Limited,INE755Q01025,VISHAL,  722.74 ,-, - ,-, - ,  722.74 ,Small Cap
1688,Macfos Limited,INE0OLH01013,ROBU,  722.47 ,-, - ,-, - ,  722.47 ,Small Cap
1689,Sarveshwar Foods Limited,INE324X01026,SARVESHWAR,  722.49 ,SARVESHWAR,  721.98 ,-, - ,  722.23 ,Small Cap
1690,RMC SWITCHGEARS LIMITED,INE655V01019,RMC,  722.23 ,-, - ,-, - ,  722.23 ,Small Cap
1691,SEJAL GLASS LIMITED,INE955I01044,SEJALLTD,  722.74 ,SEJALLTD,  717.98 ,-, - ,  720.36 ,Small Cap
1692,Repro India Ltd.,INE461B01014,REPRO,  718.84 ,REPRO,  719.00 ,-, - ,  718.92 ,Small Cap
1693,Zee Media Corporation Limited,INE966H01019,ZEEMEDIA,  718.92 ,ZEEMEDIA,  718.49 ,-, - ,  718.70 ,Small Cap
1694,Gloster Ltd,INE350Z01018,GLOSTERLTD,  717.96 ,GLOSTERLTD,  717.44 ,-, - ,  717.70 ,Small Cap
1695,Mindteck (India) Ltd,INE110B01017,MINDTECK,  717.07 ,MINDTECK,  716.96 ,-, - ,  717.02 ,Small Cap
1696,N.R.Agarwal Industries Ltd.,INE740D01017,NRAIL,  717.02 ,NRAIL,  715.63 ,-, - ,  716.33 ,Small Cap
1697,ANLON HEALTHCARE LIMITED,INE0Y8W01017,AHCL,  716.91 ,AHCL,  715.66 ,-, - ,  716.29 ,Small Cap
1698,HARDWYN INDIA LIMITED,INE626Z01029,HARDWYN,  714.59 ,HARDWYN,  714.71 ,-, - ,  714.65 ,Small Cap
1699,Pine Animation Limited,INE452N01026,PINEANIM,  709.12 ,-, - ,-, - ,  709.12 ,Small Cap
1700,DREAMFOLKS SERVICES LIMITED,INE0JS101016,DREAMFOLKS,  707.83 ,DREAMFOLKS,  707.41 ,-, - ,  707.62 ,Small Cap
1701,Kinetic Engineering Ltd.,INE266B01017,KINETICENG,  707.54 ,-, - ,-, - ,  707.54 ,Small Cap
1702,Onward Technologies Ltd.,INE229A01017,ONWARDTEC,  705.06 ,ONWARDTEC,  705.19 ,-, - ,  705.12 ,Small Cap
1703,SOLARIUM GREEN ENERGY LIMITED,INE0W0H01017,SOLARIUM,  704.90 ,-, - ,-, - ,  704.90 ,Small Cap
1704,Shree Rama Multi-tech Ltd.,INE879A01019,SHREERAMA,  704.87 ,SHREERAMA,  704.04 ,-, - ,  704.46 ,Small Cap
1705,Sobhagya Merchantile Ltd.,INE754D01018,SOBME,  702.16 ,-, - ,-, - ,  702.16 ,Small Cap
1706,Andhra Cement Ltd.,INE666E01020,ACL,  699.78 ,ACL,  698.77 ,-, - ,  699.27 ,Small Cap
1707,Jayant Agro-Organics Limited.,INE785A01026,JAYAGROGN,  698.94 ,JAYAGROGN,  697.82 ,-, - ,  698.38 ,Small Cap
1708,Aptech Ltd.,INE266F01018,APTECHT,  696.93 ,APTECHT,  696.85 ,-, - ,  696.89 ,Small Cap
1709,Manba Finance Limited,INE939X01013,MANBA,  695.73 ,MANBA,  695.73 ,-, - ,  695.73 ,Small Cap
1710,CWD Limited,INE0H8H01019,CWD,  695.49 ,-, - ,-, - ,  695.49 ,Small Cap
1711,MAAN ALUMINIUM LIMITED,INE215I01027,MAANALU,  694.82 ,MAANALU,  694.54 ,-, - ,  694.68 ,Small Cap
1712,Emkay Global Financial Services Ltd,INE296H01011,EMKAY,  694.58 ,EMKAY,  692.92 ,-, - ,  693.75 ,Small Cap
1713,Niyogin Fintech Limited,INE480D01010,NIYOGIN,  693.38 ,-, - ,-, - ,  693.38 ,Small Cap
1714,Urja Global Limited,INE550C01020,URJA,  692.73 ,URJA,  692.64 ,-, - ,  692.69 ,Small Cap
1715,IRIS RegTech Solutions Limited,INE864K01010,IRIS,  689.59 ,IRIS,  689.17 ,-, - ,  689.38 ,Small Cap
1716,Visaka Industries Ltd.,INE392A01021,VISAKAIND,  689.04 ,VISAKAIND,  688.74 ,-, - ,  688.89 ,Small Cap
1717,MMP Industries Ltd.,INE511Y01018,-, - ,MMP,  686.25 ,-, - ,  686.25 ,Small Cap
1718,Parsvnath Developers Ltd.,INE561H01026,PARSVNATH,  684.69 ,PARSVNATH,  683.66 ,-, - ,  684.18 ,Small Cap
1719,Hindustan Composites Ltd,INE310C01029,HINDCOMPOS,  683.53 ,HINDCOMPOS,  683.85 ,-, - ,  683.69 ,Small Cap
1720,Entertainment Network (India) Ltd,INE265F01028,ENIL,  683.02 ,ENIL,  683.17 ,-, - ,  683.10 ,Small Cap
1721,PAKKA LIMITED,INE551D01018,PAKKA,  682.97 ,PAKKA,  682.88 ,-, - ,  682.93 ,Small Cap
1722,GFL LIMITED,INE538A01037,GFLLIMITED,  680.87 ,GFLLIMITED,  680.68 ,-, - ,  680.78 ,Small Cap
1723,Menon Bearings Ltd,INE071D01033,MENONBE,  680.62 ,MENONBE,  680.66 ,-, - ,  680.64 ,Small Cap
1724,Titan Bio-Tech Ltd.,INE150C01011,TITANBIO,  677.99 ,-, - ,-, - ,  677.99 ,Small Cap
1725,CSL Finance Limited,INE718F01018,CSLFINANCE,  677.52 ,CSLFINANCE,  677.47 ,-, - ,  677.50 ,Small Cap
1726,Mirc Electronics Ltd,INE831A01028,MIRCELECTR,  674.66 ,MIRCELECTR,  674.51 ,-, - ,  674.58 ,Small Cap
1727,SUDARSHAN PHARMA INDUSTRIES LIMITED,INE00TV01023,SUDARSHAN,  673.43 ,-, - ,-, - ,  673.43 ,Small Cap
1728,Cheviot Co.Ltd.,INE974B01016,CHEVIOT,  671.95 ,CHEVIOT,  672.03 ,-, - ,  671.99 ,Small Cap
1729,Ind-Swift Laboratories Ltd.,INE915B01019,INDSWFTLAB,  685.87 ,INDSWFTLAB,  657.18 ,-, - ,  671.52 ,Small Cap
1730,POCL ENTERPRISES LTD,INE035S01028,POEL,  671.35 ,-, - ,-, - ,  671.35 ,Small Cap
1731,Shree Ganesh Remedies Limited,INE414Y01015,SGRL,  670.77 ,-, - ,-, - ,  670.77 ,Small Cap
1732,Exhicon Events Media Solutions Limited,INE0O8901016,EXHICON,  669.07 ,-, - ,-, - ,  669.07 ,Small Cap
1733,Gretex Corporate Services Limited,INE199P01028,GCSL,  662.88 ,GCSL,  674.77 ,-, - ,  668.83 ,Small Cap
1734,BANGANGA PAPER INDUSTRIES LIMITED,INE767M01029,BANGANGA,  667.15 ,-, - ,-, - ,  667.15 ,Small Cap
1735,S Chand And Company Limited,INE807K01035,SCHAND,  666.47 ,SCHAND,  666.32 ,-, - ,  666.40 ,Small Cap
1736,SUNRAKSHAKK INDUSTRIES INDIA LIMITED,INE671K01027,SUNRAKSHAK,  665.64 ,-, - ,-, - ,  665.64 ,Small Cap
1737,Apis India Ltd,INE070K01014,APIS,  664.84 ,-, - ,-, - ,  664.84 ,Small Cap
1738,Kilitch Drugs (I) Ltd.,INE729D01010,KILITCH,  664.06 ,KILITCH,  663.06 ,-, - ,  663.56 ,Small Cap
1739,ADC India Communications Limited,INE833A01016,ADCINDIA,  663.00 ,-, - ,-, - ,  663.00 ,Small Cap
1740,Kriti Industries (India) Ltd.,INE479D01038,KRITI,  665.10 ,KRITI,  659.76 ,-, - ,  662.43 ,Small Cap
1741,Deepak Builders and Engineers India Limited,INE0OPA01019,DBEIL,  658.21 ,DBEIL,  658.13 ,-, - ,  658.17 ,Small Cap
1742,Sical Logistics Limited,INE075B01020,SICALLOG,  663.82 ,SICALLOG,  648.79 ,-, - ,  656.30 ,Small Cap
1743,Vertoz Ltd.,INE188Y01031,-, - ,VERTOZ,  654.85 ,-, - ,  654.85 ,Small Cap
1744,Foods & Inns Ltd.,INE976E01023,FOODSIN,  655.23 ,FOODSIN,  653.99 ,-, - ,  654.61 ,Small Cap
1745,Orissa Sponge Iron And Steel Limited,INE228D01013,ORISSASP,  653.59 ,-, - ,-, - ,  653.59 ,Small Cap
1746,AZAD INDIA MOBILITY LIMITED,INE566M01017,AZADIND,  649.90 ,-, - ,-, - ,  649.90 ,Small Cap
1747,Asian Hotels (North) Limited,INE363A01022,ASIANHOTNR,  649.88 ,ASIANHOTNR,  646.94 ,-, - ,  648.41 ,Small Cap
1748,Fredun Pharmaceuticals Limited,INE194R01017,FREDUN,  647.62 ,-, - ,-, - ,  647.62 ,Small Cap
1749,MODI’S NAVNIRMAN LIMITED,INE0L0L01012,MODIS,  607.87 ,MODIS,  686.54 ,-, - ,  647.20 ,Small Cap
1750,Uni-Abex Alloy Products Ltd.,INE361D01012,UNIABEXAL,  645.35 ,-, - ,-, - ,  645.35 ,Small Cap
1751,ARTSON LIMITED,INE133D01023,ARTSON,  645.04 ,-, - ,-, - ,  645.04 ,Small Cap
1752,Ganesh Benzoplast Ltd.,INE388A01029,GANESHBE,  644.50 ,GANESHBE,  644.60 ,-, - ,  644.55 ,Small Cap
1753,Indogulf Cropsciences Limited,INE05J901018,IGCL,  643.36 ,IGCL,  643.10 ,-, - ,  643.23 ,Small Cap
1754,BORANA WEAVES LIMITED,INE16SF01016,BORANA,  640.42 ,BORANA,  640.69 ,-, - ,  640.56 ,Small Cap
1755,ESPIRE HOSPITALITY LIMITED,INE176O01011,ESPIRE,  639.31 ,-, - ,-, - ,  639.31 ,Small Cap
1756,Shalimar Paints Ltd.,INE849C01026,SHALPAINTS,  638.52 ,SHALPAINTS,  638.04 ,-, - ,  638.28 ,Small Cap
1757,SURATWWALA BUSINESS GROUP LIMITED,INE05ST01028,SBGLP,  636.18 ,SBGLP,  635.76 ,-, - ,  635.97 ,Small Cap
1758,Tolins Tyres Limited,INE0RWQ01014,TOLINS,  635.30 ,TOLINS,  635.19 ,-, - ,  635.24 ,Small Cap
1759,Empire Industries Ltd.,INE515H01014,EMPIND,  634.89 ,-, - ,-, - ,  634.89 ,Small Cap
1760,Prevest Denpro Limited,INE0GAO01018,PREVEST,  632.79 ,-, - ,-, - ,  632.79 ,Small Cap
1761,OnMobile Global Ltd.,INE809I01019,ONMOBILE,  632.64 ,ONMOBILE,  632.78 ,-, - ,  632.71 ,Small Cap
1762,Glottis Limited,INE0TQE01026,GLOTTIS,  632.83 ,GLOTTIS,  632.45 ,-, - ,  632.64 ,Small Cap
1763,MONIKA ALCOBEV LIMITED,INE0LCG01010,MONIKA,  628.14 ,-, - ,-, - ,  628.14 ,Small Cap
1764,Iris Clothings Ltd.,INE01GN01025,-, - ,IRISDOREME,  626.59 ,-, - ,  626.59 ,Small Cap
1765,Nila Spaces Ltd,INE00S901012,NILASPACES,  623.95 ,NILASPACES,  623.80 ,-, - ,  623.88 ,Small Cap
1766,Alphalogic Techsys Limited,INE08E401029,ALPHALOGIC,  623.68 ,-, - ,-, - ,  623.68 ,Small Cap
1767,SIL Investments Ltd,INE923A01015,SILINV,  621.75 ,SILINV,  621.29 ,-, - ,  621.52 ,Small Cap
1768,Speciality Restaurants Limited,INE247M01014,SPECIALITY,  619.50 ,SPECIALITY,  619.12 ,-, - ,  619.31 ,Small Cap
1769,OCCL Limited,INE0PK601023,OCCLLTD,  615.77 ,OCCLLTD,  615.49 ,-, - ,  615.63 ,Small Cap
1770,Lakshmi Mills Company ltd,INE938C01019,LAKSHMIMIL,  611.49 ,-, - ,-, - ,  611.49 ,Small Cap
1771,Delton Cables Ltd.,INE872E01016,DLTNCBL,  610.36 ,-, - ,-, - ,  610.36 ,Small Cap
1772,International Conveyors Ltd.,INE575C01027,INTLCONV,  629.10 ,INTLCONV,  590.50 ,-, - ,  609.80 ,Small Cap
1773,Artemis Electricals and Projects Limited,INE757T01025,AEPL,  608.55 ,-, - ,-, - ,  608.55 ,Small Cap
1774,SUTLEJ TEXTILES & INDUSTRIES LIMITED,INE645H01027,SUTLEJTEX,  607.94 ,SUTLEJTEX,  607.57 ,-, - ,  607.76 ,Small Cap
1775,RPP INFRA PROJECTS LIMITED,INE324L01013,RPPINFRA,  606.15 ,RPPINFRA,  606.17 ,-, - ,  606.16 ,Small Cap
1776,Mishtann Foods Limited,INE094S01041,MISHTANN ,  605.85 ,-, - ,MISHTANN,  606.08 ,  605.96 ,Small Cap
1777,Pyramid Technoplast Limited,INE0MIS01010,PYRAMID,  605.24 ,PYRAMID,  605.37 ,-, - ,  605.30 ,Small Cap
1778,Primo Chemicals Limited,INE607A01022,PRIMO,  605.67 ,PRIMO,  604.73 ,-, - ,  605.20 ,Small Cap
1779,Focus Lighting and Fixtures Ltd.,INE593W01028,-, - ,FOCUS,  603.88 ,-, - ,  603.88 ,Small Cap
1780,Tara Chand InfraLogistic Solutions Ltd.,INE555Z01020,-, - ,TARACHAND,  599.16 ,-, - ,  599.16 ,Small Cap
1781,DCM Shriram Industries Ltd.,INE843D01027,DCMSRIND,  696.35 ,DCMSRIND,  501.60 ,-, - ,  598.97 ,Small Cap
1782,Consolidated Finvest & Holdings Ltd.,INE025A01027,-, - ,CONSOFINVT,  598.74 ,-, - ,  598.74 ,Small Cap
1783,KRONOX LAB SCIENCES LIMITED,INE0ATZ01017,KRONOX,  596.73 ,KRONOX,  596.85 ,-, - ,  596.79 ,Small Cap
1784,Kaya Limited,INE587G01015,KAYA,  599.27 ,KAYA,  592.16 ,-, - ,  595.72 ,Small Cap
1785,YOGI LIMITED,INE290E01011,YOGI,  593.85 ,-, - ,-, - ,  593.85 ,Small Cap
1786,Radiant Cash Management Services Limited,INE855R01021,RADIANTCMS,  593.70 ,RADIANTCMS,  593.79 ,-, - ,  593.75 ,Small Cap
1787,Wim Plast Ltd.,INE015B01018,WIMPLAST,  592.93 ,-, - ,-, - ,  592.93 ,Small Cap
1788,Hindustan Media Ventures Limited,INE871K01015,HMVL,  592.99 ,HMVL,  592.22 ,-, - ,  592.61 ,Small Cap
1789,Essar Shipping Ltd,INE122M01019,ESSARSHPNG,  592.31 ,ESSARSHPNG,  591.12 ,-, - ,  591.72 ,Small Cap
1790,AMRIT INDIA LIMITED,INE00RY01013,-, - ,-, - ,AMRITINDIA,  590.81 ,  590.81 ,Small Cap
1791,Kiran Vyapar Limited,INE555P01013,KIRANVYPAR,  588.39 ,-, - ,-, - ,  588.39 ,Small Cap
1792,Zodiac Energy Limited,INE761Y01019,ZODIAC,  588.26 ,ZODIAC,  587.28 ,-, - ,  587.77 ,Small Cap
1793,Emami Paper Mills Ltd.,INE830C01026,EMAMIPAP,  587.83 ,EMAMIPAP,  587.63 ,-, - ,  587.73 ,Small Cap
1794,Aryaman Capital Markets Limited,INE229R01011,ARYACAPM,  584.39 ,-, - ,-, - ,  584.39 ,Small Cap
1795,DIGISPICE TECHNOLOGIES LIMITED,INE927C01020,DIGISPICE,  584.37 ,DIGISPICE,  582.86 ,-, - ,  583.62 ,Small Cap
1796,Euro India Fresh Foods Ltd.,INE546V01010,-, - ,EIFFL,  582.88 ,-, - ,  582.88 ,Small Cap
1797,MBL Infrastructure Ltd,INE912H01013,MBLINFRA,  586.01 ,MBLINFRA,  573.40 ,-, - ,  579.70 ,Small Cap
1798,Shri Venkatesh Refineries Limited,INE0HLJ01013,SVRL,  577.61 ,-, - ,-, - ,  577.61 ,Small Cap
1799,Rane Brake Lining Limited,INE244J01017,RBL,  575.53 ,-, - ,-, - ,  575.53 ,Small Cap
1800,VASHU BHAGNANI INDUSTRIES LIMITED,INE147C01017,POOJAENT,  574.25 ,-, - ,-, - ,  574.25 ,Small Cap
1801,Commercial Syn Bags Limited,INE073V01015,COMSYN,  574.27 ,COMSYN,  573.18 ,-, - ,  573.73 ,Small Cap
1802,Suraj Ltd.,INE713C01016,SURAJLTD,  573.57 ,SURAJLTD,  573.73 ,-, - ,  573.65 ,Small Cap
1803,Haldyn Glass Limited,INE506D01020,HALDYNGL,  572.95 ,-, - ,-, - ,  572.95 ,Small Cap
1804,Precot Ltd.,INE283A01014,-, - ,PRECOT,  572.37 ,-, - ,  572.37 ,Small Cap
1805,MAAGH ADVERTISING AND MARKETING SERVICES LIMITED,INE0KY201021,MAAGHADV,  571.98 ,-, - ,-, - ,  571.98 ,Small Cap
1806,TPL Plastech Limited,INE413G01022,TPLPLASTEH,  570.59 ,TPLPLASTEH,  570.40 ,-, - ,  570.50 ,Small Cap
1807,INTEGRATED INDUSTRIES LIMITED,INE882B01037,IIL,  566.23 ,-, - ,-, - ,  566.23 ,Small Cap
1808,Bemco Hydraulics Ltd.,INE142E01022,BEMHY,  565.90 ,-, - ,-, - ,  565.90 ,Small Cap
1809,RBZ Jewellers Limited,INE0PEQ01016,RBZJEWEL,  563.55 ,RBZJEWEL,  563.43 ,-, - ,  563.49 ,Small Cap
1810,Adventz Securities Enterprises Limited,INE810E01016,-, - ,-, - ,ADVENTZSEC,  563.32 ,  563.32 ,Small Cap
1811,Hercules Investments Limited,INE688E01024,HERCULES,  563.73 ,HERCULES,  562.17 ,-, - ,  562.95 ,Small Cap
1812,CLN ENERGY LIMITED,INE0WDX01010,CLN,  562.56 ,-, - ,-, - ,  562.56 ,Small Cap
1813,Highway Infrastructure Limited,INE00RL01028,HILINFRA ,  562.74 ,HILINFRA,  561.65 ,-, - ,  562.19 ,Small Cap
1814,SWISS MILITARY CONSUMER GOODS LIMITED,INE010C01025,SWISSMLTRY,  561.32 ,-, - ,-, - ,  561.32 ,Small Cap
1815,Rama Phosphates Ltd.,INE809A01032,RAMAPHO,  560.82 ,RAMAPHO,  561.63 ,-, - ,  561.22 ,Small Cap
1816,Orient Paper & Industries Ltd.,INE592A01026,ORIENTPPR,  561.23 ,ORIENTPPR,  561.06 ,-, - ,  561.14 ,Small Cap
1817,High Energy Batteries (India) Ltd.,INE783E01023,HIGHENE,  560.82 ,-, - ,-, - ,  560.82 ,Small Cap
1818,GVK Power & Infrastructure Ltd,INE251H01024,GVKPIL,  559.17 ,GVKPIL,  556.53 ,-, - ,  557.85 ,Small Cap
1819,Liberty Shoes Ltd.,INE557B01019,LIBERTSHOE,  558.10 ,LIBERTSHOE,  556.39 ,-, - ,  557.24 ,Small Cap
1820,Fratelli Vineyards Limited,INE401Z01019,FRATELLI,  556.12 ,-, - ,-, - ,  556.12 ,Small Cap
1821,Bella Casa Fashion & Retail Limited,INE344T01014,BELLACASA,  555.89 ,BELLACASA,  550.36 ,-, - ,  553.12 ,Small Cap
1822,Maa Jagdambe Tradelinks Limited,INE403N01029,MAAJTL,  552.50 ,-, - ,-, - ,  552.50 ,Small Cap
1823,BMW VENTURES LIMITED,INE965W01036,BMWVENTLTD,  551.36 ,BMWVENTLTD,  549.75 ,-, - ,  550.56 ,Small Cap
1824,Veljan Denison Limited,INE232E01013,VELJAN,  545.09 ,-, - ,-, - ,  545.09 ,Small Cap
1825,Kapston Services Ltd.,INE542Z01028,-, - ,KAPSTON,  544.37 ,-, - ,  544.37 ,Small Cap
1826,Advani Hotels & Resorts (India) Ltd.,INE199C01026,ADVANIHOTR,  544.46 ,ADVANIHOTR,  544.14 ,-, - ,  544.30 ,Small Cap
1827,Dhampur Bio Organics Limited,INE0I3401014,DBOL,  543.51 ,DBOL,  543.11 ,-, - ,  543.31 ,Small Cap
1828,IIRM HOLDINGS INDIA LIMITED,INE670C01026,IIRM,  541.89 ,-, - ,-, - ,  541.89 ,Small Cap
1829,MKVENTURES CAPITAL LIMITED,INE874A01010,MKVENTURES,  541.70 ,-, - ,-, - ,  541.70 ,Small Cap
1830,Kerala Ayurveda Limited,INE817B01025,KERALAYUR,  541.19 ,-, - ,-, - ,  541.19 ,Small Cap
1831,Munjal Showa Ltd.,INE577A01027,MUNJALSHOW,  539.60 ,MUNJALSHOW,  539.26 ,-, - ,  539.43 ,Small Cap
1832,Nile Ltd.,INE445D01013,NILE,  539.42 ,-, - ,-, - ,  539.42 ,Small Cap
1833,Tracxn Technologies Limited,INE0HMF01019,TRACXN,  539.39 ,TRACXN,  539.31 ,-, - ,  539.35 ,Small Cap
1834,Orbit Exports Ltd.,INE231G01010,ORBTEXP,  539.07 ,ORBTEXP,  537.83 ,-, - ,  538.45 ,Small Cap
1835,Sreeleathers Limited,INE099F01013,SREEL,  538.93 ,SREEL,  537.84 ,-, - ,  538.38 ,Small Cap
1836,Panchmahal Steel Ltd.,INE798F01010,PANCHMAHQ,  537.50 ,-, - ,-, - ,  537.50 ,Small Cap
1837,Modi Naturals Limited,INE537F01012,MODINATUR,  580.35 ,MODINATUR,  494.59 ,-, - ,  537.47 ,Small Cap
1838,Mazda Ltd.,INE885E01042,MAZDA,  535.95 ,MAZDA,  536.10 ,-, - ,  536.02 ,Small Cap
1839,Gujarat Apollo Industries Ltd.,INE826C01016,GUJAPOLLO,  534.70 ,GUJAPOLLO,  533.82 ,-, - ,  534.26 ,Small Cap
1840,HT Media Ltd,INE501G01024,HTMEDIA,  577.11 ,HTMEDIA,  491.13 ,-, - ,  534.12 ,Small Cap
1841,HAMPTON SKY REALTY LIMITED,INE299D01022,HAMPTON,  533.43 ,-, - ,-, - ,  533.43 ,Small Cap
1842,TRANSWORLD SHIPPING LINES LIMITED,INE757B01015,TRANSWORLD,  533.37 ,TRANSWORLD,  533.48 ,-, - ,  533.42 ,Small Cap
1843,Visa Steel Limited,INE286H01012,VISASTEEL,  533.54 ,VISASTEEL,  532.79 ,-, - ,  533.17 ,Small Cap
1844,PTL Enterprises Ltd,INE034D01049,PTL,  532.98 ,PTL,  532.91 ,-, - ,  532.95 ,Small Cap
1845,Naperol Investments Limited,INE585A01020,NAPEROL,  532.83 ,-, - ,-, - ,  532.83 ,Small Cap
1846,TRUE COLORS LIMITED,INE1LDV01015,TRUECOLORS,  527.39 ,-, - ,-, - ,  527.39 ,Small Cap
1847,Black Rose Industries Ltd,INE761G01016,BLACKROSE,  525.45 ,-, - ,-, - ,  525.45 ,Small Cap
1848,Avonmore Capital & Management Services Limited,INE323B01024,AVONMORE,  522.47 ,AVONMORE,  522.32 ,-, - ,  522.40 ,Small Cap
1849,WORKMATES CORE2CLOUD SOLUTION LIMITED,INE1I1301016,WORKMATES,  522.12 ,-, - ,-, - ,  522.12 ,Small Cap
1850,W.S. Industries (India) Ltd.,INE100D01014,WSI,  522.83 ,WSI,  520.56 ,-, - ,  521.70 ,Small Cap
1851,SHIV TEXCHEM LIMITED,INE0YRO01015,SHIVTEXCHEM,  521.56 ,-, - ,-, - ,  521.56 ,Small Cap
1852,Sukhjit Starch & Chemicals Ltd.,INE450E01029,SUKHJITS,  517.60 ,SUKHJITS,  517.26 ,-, - ,  517.43 ,Small Cap
1853,Jenburkt Pharmaceuticals Ltd.,INE354A01013,JENBURPH,  516.36 ,-, - ,-, - ,  516.36 ,Small Cap
1854,MANGALAM GLOBAL ENTERPRISE LIMITED,INE0APB01032,MGEL,  516.29 ,MGEL,  516.00 ,-, - ,  516.14 ,Small Cap
1855,Donear Industries Ltd,INE668D01028,DONEAR,  515.14 ,DONEAR,  515.07 ,-, - ,  515.10 ,Small Cap
1856,Riddhi Siddhi Gluco Biols Ltd,INE249D01019,RIDDHI,  513.44 ,-, - ,-, - ,  513.44 ,Small Cap
1857,Tera Software Ltd.,INE482B01010,TERASOFT,  512.69 ,TERASOFT,  511.87 ,-, - ,  512.28 ,Small Cap
1858,MODISON LIMITED,INE737D01021,MODISONLTD,  511.50 ,MODISONLTD,  511.46 ,-, - ,  511.48 ,Small Cap
1859,Vinyl Chemicals (India) Ltd.,INE250B01029,VINYLINDIA,  510.89 ,VINYLINDIA,  511.02 ,-, - ,  510.96 ,Small Cap
1860,Euro Panel Products Limited,INE505V01016,EUROBOND,  510.62 ,EUROBOND,  510.40 ,-, - ,  510.51 ,Small Cap
1861,Vikram Thermo (India) Ltd.,INE337E01010,VIKRAMTH,  509.73 ,-, - ,-, - ,  509.73 ,Small Cap
1862,DIC India Ltd,INE303A01010,DICIND,  508.27 ,DICIND,  507.28 ,-, - ,  507.78 ,Small Cap
1863,Career Point Edutech Limited,INE0P6P01016,CPEDU,  507.09 ,CPEDU,  507.19 ,-, - ,  507.14 ,Small Cap
1864,Captain Technocast Limited,INE931X01010,CTCL,  506.04 ,-, - ,-, - ,  506.04 ,Small Cap
1865,Mirza International  Limited,INE771A01026,MIRZAINT,  505.83 ,MIRZAINT,  505.84 ,-, - ,  505.84 ,Small Cap
1866,Sayaji Hotel Ltd,INE318C01014,SAYAJIHOTL,  503.65 ,-, - ,-, - ,  503.65 ,Small Cap
1867,CL Educate Limited,INE201M01029,CLEDUCATE,  504.21 ,CLEDUCATE,  502.76 ,-, - ,  503.49 ,Small Cap
1868,Pavna Industries Limited,INE07S101038,PAVNAIND,  503.42 ,PAVNAIND,  502.71 ,-, - ,  503.06 ,Small Cap
1869,Nahar Industrial Enterprises Ltd,INE289A01011,NAHARINDUS,  502.38 ,NAHARINDUS,  501.75 ,-, - ,  502.06 ,Small Cap
1870,SoftTech Engineers Limited,INE728Z01015,SOFTTECH,  502.03 ,SOFTTECH,  501.89 ,-, - ,  501.96 ,Small Cap
1871,Cybertech Systems and Software Ltd.,INE214A01019,CYBERTECH,  501.57 ,CYBERTECH,  501.48 ,-, - ,  501.52 ,Small Cap
1872,KN Agri Resources Ltd.,INE0KNW01016,-, - ,KNAGRI,  499.72 ,-, - ,  499.72 ,Small Cap
1873,Medicamen Biotech Ltd.,INE646B01010,MEDICAMEQ,  498.81 ,MEDICAMEQ,  498.86 ,-, - ,  498.83 ,Small Cap
1874,Panache Digilife Ltd.,INE895W01019,-, - ,PANACHE,  498.14 ,-, - ,  498.14 ,Small Cap
1875,UNIFINZ CAPITAL INDIA LIMITED,INE926R01012,UCIL,  496.13 ,-, - ,-, - ,  496.13 ,Small Cap
1876,HCL Infosystems Ltd,INE236A01020,HCL-INSYS,  495.78 ,HCL-INSYS,  495.44 ,-, - ,  495.61 ,Small Cap
1877,Kothari Products Ltd.,INE823A01017,KOTHARIPRO,  494.78 ,KOTHARIPRO,  494.01 ,-, - ,  494.39 ,Small Cap
1878,Forbes & Company Ltd,INE518A01013,FORBESCO,  494.08 ,-, - ,-, - ,  494.08 ,Small Cap
1879,VRAJ IRON AND STEEL LIMITED,INE0S2V01010,VRAJ,  491.36 ,VRAJ,  490.73 ,-, - ,  491.05 ,Small Cap
1880,Sharat Industries Ltd.,INE220Z01013,SHINDL,  490.68 ,-, - ,-, - ,  490.68 ,Small Cap
1881,Ugar Sugar Works Ltd.,INE071E01023,UGARSUGAR,  490.50 ,UGARSUGAR,  490.36 ,-, - ,  490.43 ,Small Cap
1882,XTGLOBAL INFOTECH LIMITED,INE547B01028,XTGLOBAL,  490.89 ,XTGLOBAL,  489.95 ,-, - ,  490.42 ,Small Cap
1883,Bhatia Colour Chem Limited,INE0KQ001017,BCCL,  490.27 ,-, - ,-, - ,  490.27 ,Small Cap
1884,Investment & Precision Castings Ltd,INE155E01016,INVPRECQ,  489.83 ,-, - ,-, - ,  489.83 ,Small Cap
1885,LAST MILE ENTERPRISES LIMITED,INE404B01022,LASTMILE,  489.81 ,-, - ,-, - ,  489.81 ,Small Cap
1886,Sinclairs Hotels  Ltd,INE985A01022,SINCLAIR,  488.88 ,SINCLAIR,  489.03 ,-, - ,  488.96 ,Small Cap
1887,Davangere Sugar Company Limited,INE179G01029,DAVANGERE,  488.57 ,DAVANGERE,  488.09 ,-, - ,  488.33 ,Small Cap
1888,Batliboi Ltd,INE177C01022,BATLIBOI,  485.99 ,-, - ,-, - ,  485.99 ,Small Cap
1889,Madhuveer Com 18 Network Limited,INE312M01016,MADHUVEER,  485.36 ,-, - ,-, - ,  485.36 ,Small Cap
1890,Premier Polyfilm Ltd.,INE309M01020,PREMIERPOL,  485.20 ,PREMIERPOL,  484.80 ,-, - ,  485.00 ,Small Cap
1891,Mold-Tek Technologies Ltd,INE835B01035,MOLDTECH,  484.89 ,MOLDTECH,  484.93 ,-, - ,  484.91 ,Small Cap
1892,Aries Agro Limited,INE298I01015,ARIES,  484.71 ,ARIES,  484.62 ,-, - ,  484.67 ,Small Cap
1893,SIGMA SOLVE LIMITED,INE0A0S01028,SIGMA,  485.15 ,SIGMA,  483.99 ,-, - ,  484.57 ,Small Cap
1894,Nandan Denim Limited,INE875G01048,NDL,  484.75 ,NDL,  484.15 ,-, - ,  484.45 ,Small Cap
1895,MONEYBOXX FINANCE LIMITED,INE296Q01012,MONEYBOXX,  497.43 ,MONEYBOXX,  469.65 ,-, - ,  483.54 ,Small Cap
1896,Nahar Capital & Financial Services Ltd.,INE049I01012,NAHARCAP,  483.21 ,NAHARCAP,  481.75 ,-, - ,  482.48 ,Small Cap
1897,AAYUSH WELLNESS LIMITED,INE430R01023,AAYUSH,  481.99 ,-, - ,AAYUSH,  482.10 ,  482.05 ,Small Cap
1898,Spencer's Retail Limited,INE020801028,SPENCERS,  478.98 ,SPENCERS,  478.65 ,-, - ,  478.81 ,Small Cap
1899,THOMAS SCOTT (INDIA) LIMITED,INE480M01011,THOMASCOTT,  483.73 ,THOMASCOTT,  473.42 ,-, - ,  478.58 ,Small Cap
1900,RRP DEFENSE LIMITED,INE535P01015,RRPDEFENSE,  477.65 ,-, - ,-, - ,  477.65 ,Small Cap
1901,Nikhil Adhesives Ltd.,INE926C01022,NIKHILAD,  477.53 ,-, - ,-, - ,  477.53 ,Small Cap
1902,ORIENT CERATECH LIMITED,INE569C01020,ORIENTCER,  477.58 ,ORIENTCER,  477.14 ,-, - ,  477.36 ,Small Cap
1903,India Finsec Limited,INE474O01010,IFINSEC,  477.34 ,-, - ,-, - ,  477.34 ,Small Cap
1904,Plastiblends India Ltd.,INE083C01022,PLASTIBLEN,  476.94 ,PLASTIBLEN,  476.95 ,-, - ,  476.95 ,Small Cap
1905,Kanpur Plastipack Limited,INE694E01014,KANPRPLA,  479.65 ,KANPRPLA,  472.86 ,-, - ,  476.25 ,Small Cap
1906,Sunita Tools Limited,INE0Q1S01010,SUNITATOOL,  474.98 ,-, - ,-, - ,  474.98 ,Small Cap
1907,Birla Cable Limited,INE800A01015,BIRLACABLE,  475.39 ,BIRLACABLE,  474.55 ,-, - ,  474.97 ,Small Cap
1908,Global Surfaces Limited,INE0JSX01015,GSLSU,  475.83 ,GSLSU,  474.09 ,-, - ,  474.96 ,Small Cap
1909,Neetu Yoshi Limited,INE0UZO01024,NEETUYOSHI,  474.86 ,-, - ,-, - ,  474.86 ,Small Cap
1910,Lords Chloro Alkali Ltd,INE846D01012,LORDSCHLO,  475.16 ,LORDSCHLO,  474.52 ,-, - ,  474.84 ,Small Cap
1911,Amanta Healthcare Limited,INE084K01015,AMANTA,  474.06 ,AMANTA,  474.39 ,-, - ,  474.22 ,Small Cap
1912,Nupur Recyclers Ltd.,INE0JM501013,-, - ,NRL,  472.75 ,-, - ,  472.75 ,Small Cap
1913,McLeod Russel India Limited,INE942G01012,MCLEODRUSS,  473.09 ,MCLEODRUSS,  472.31 ,-, - ,  472.70 ,Small Cap
1914,Muthoot Capital Services Ltd.,INE296G01013,MUTHOOTCAP,  470.60 ,MUTHOOTCAP,  470.87 ,-, - ,  470.73 ,Small Cap
1915,CUPID BREWERIES AND DISTILLERIES LIMITED,INE108G01010,CUPIDALBV,  470.62 ,-, - ,-, - ,  470.62 ,Small Cap
1916,Pansari Developers Ltd.,INE697V01011,-, - ,PANSARI,  470.52 ,-, - ,  470.52 ,Small Cap
1917,Fluidomat Ltd.,INE459C01016,FLUIDOM,  470.37 ,-, - ,-, - ,  470.37 ,Small Cap
1918,Nicco Parks And Resorts Ltd.,INE653C01022,NICCOPAR,  469.62 ,-, - ,-, - ,  469.62 ,Small Cap
1919,FABTECH TECHNOLOGIES CLEANROOMS LIMITED,INE0HSD01011,FABCLEAN,  469.34 ,-, - ,-, - ,  469.34 ,Small Cap
1920,UVS HOSPITALITY AND SERVICES LIMITED,INE528C01018,UVS,  468.38 ,-, - ,-, - ,  468.38 ,Small Cap
1921,South West Pinnacle Exploration Limited,INE980Y01015,SOUTHWEST,  468.30 ,SOUTHWEST,  467.94 ,-, - ,  468.12 ,Small Cap
1922,Albert David Ltd.,INE155C01010,ALBERTDAVD,  467.88 ,ALBERTDAVD,  467.55 ,-, - ,  467.72 ,Small Cap
1923,Shankar Lal Rampal Dye-Chem Limited,INE01NE01012,SRD,  468.63 ,SRD,  466.59 ,-, - ,  467.61 ,Small Cap
1924,Singer India Limited,INE638A01035,SINGER,  464.74 ,-, - ,-, - ,  464.74 ,Small Cap
1925,Stovec Industries Ltd.,INE755D01015,STOVACQ,  463.88 ,-, - ,-, - ,  463.88 ,Small Cap
1926,SRG Housing Finance Limited,INE559N01010,SRGHFL,  462.23 ,SRGHFL,  465.29 ,-, - ,  463.76 ,Small Cap
1927,GOEL CONSTRUCTION COMPANY LIMITED,INE0ZOM01013,GOELCONS,  463.58 ,-, - ,-, - ,  463.58 ,Small Cap
1928,Raghuvir Synthetics Ltd.,INE969C01022,RAGHUSYN,  463.53 ,-, - ,-, - ,  463.53 ,Small Cap
1929,Shree Rama Newsprint Limited,INE278B01020,RAMANEWS,  463.65 ,RAMANEWS,  462.90 ,-, - ,  463.27 ,Small Cap
1930,Kriti Nutrients Ltd,INE798K01010,KRITINUT,  462.69 ,KRITINUT,  462.28 ,-, - ,  462.49 ,Small Cap
1931,Tiger Logistics (India) Limited,INE906O01029,TIGERLOGS,  470.10 ,TIGERLOGS,  441.29 ,-, - ,  455.69 ,Small Cap
1932,CHEMBOND CHEMICALS  LIMITED,INE0TGX01019,CHEMBONDCH,  454.39 ,CHEMBONDCH,  454.50 ,-, - ,  454.45 ,Small Cap
1933,Tirupati Forge Ltd.,INE319Y01024,-, - ,TIRUPATIFL,  453.52 ,-, - ,  453.52 ,Small Cap
1934,Magna Electro Castings Ltd.,INE437D01010,MAGNAELQ,  453.46 ,-, - ,-, - ,  453.46 ,Small Cap
1935,Ace Software Exports ltd.,INE849B01010,ACESOFT,  452.92 ,-, - ,-, - ,  452.92 ,Small Cap
1936,LEHAR FOOTWEARS LIMITED,INE976H01018,LEHAR,  451.78 ,-, - ,-, - ,  451.78 ,Small Cap
1937,Sealmatic India Limited,INE0O4601016,SEALMATIC,  451.25 ,-, - ,-, - ,  451.25 ,Small Cap
1938,Valiant Laboratories Limited,INE0JWS01017,VALIANTLAB,  451.04 ,VALIANTLAB,  450.48 ,-, - ,  450.76 ,Small Cap
1939,EMAMI REALTY LIMITED,INE778K01012,EMAMIREAL,  449.75 ,EMAMIREAL,  449.35 ,-, - ,  449.55 ,Small Cap
1940,SYSTEMATIC INDUSTRIES LIMITED,INE1KLZ01011,SYSTEMATIC,  449.50 ,-, - ,-, - ,  449.50 ,Small Cap
1941,MANAKSIA LIMITED,INE015D01022,MANAKSIA,  448.95 ,MANAKSIA,  448.69 ,-, - ,  448.82 ,Small Cap
1942,MIZZEN VENTURES LIMITED,INE681K01026,MIZVEN,  448.08 ,-, - ,-, - ,  448.08 ,Small Cap
1943,Nova Agritech Limited,INE02H701025,NOVAAGRI,  445.91 ,NOVAAGRI,  445.83 ,-, - ,  445.87 ,Small Cap
1944,Hindustan Motors Ltd.,INE253A01025,HINDMOTORS,  445.09 ,-, - ,-, - ,  445.09 ,Small Cap
1945,Mangalam Organics Limited,INE370D01013,MANORG,  445.07 ,MANORG,  444.27 ,-, - ,  444.67 ,Small Cap
1946,Sunrise Efficient Marketing Limited,INE0KPY01017,SEML,  443.57 ,-, - ,-, - ,  443.57 ,Small Cap
1947,Remsons Industries Ltd.,INE474C01023,REMSONSIND,  442.65 ,REMSONSIND,  442.50 ,-, - ,  442.57 ,Small Cap
1948,Pradeep Metals Ltd.,INE770A01010,PRADPME,  442.57 ,-, - ,-, - ,  442.57 ,Small Cap
1949,Andhra Petrochemicals Ltd.,INE714B01016,ANDHRAPET,  442.30 ,-, - ,-, - ,  442.30 ,Small Cap
1950,ABM Knowledgeware Ltd.,INE850B01026,ABMKNO,  441.80 ,-, - ,-, - ,  441.80 ,Small Cap
1951,GLOBE CIVIL PROJECTS LIMITED,INE0V3U01015,GLOBECIVIL,  440.66 ,GLOBECIVIL,  440.72 ,-, - ,  440.69 ,Small Cap
1952,CAPTAIN POLYPLAST LIMITED,INE536P01021,CPL,  440.67 ,-, - ,-, - ,  440.67 ,Small Cap
1953,Khadim India Limited,INE834I01025,KHADIM,  439.41 ,KHADIM,  439.29 ,-, - ,  439.35 ,Small Cap
1954,Bizotic Commercial Limited,INE0OJ401014,BIZOTIC,  439.24 ,-, - ,-, - ,  439.24 ,Small Cap
1955,Pasupati Acrylon Ltd.,INE818B01023,PASUPTAC,  439.19 ,PASUPTAC,  439.20 ,-, - ,  439.20 ,Small Cap
1956,Ashima Ltd,INE440A01010,ASHIMASYN,  438.81 ,ASHIMASYN,  438.37 ,-, - ,  438.59 ,Small Cap
1957,Banswara Syntex Ltd.,INE629D01020,BANSWRAS,  438.19 ,BANSWRAS,  438.21 ,-, - ,  438.20 ,Small Cap
1958,Filatex Fashions Ltd,INE185E01021,FILATFASH,  439.26 ,FILATFASH,  434.63 ,-, - ,  436.94 ,Small Cap
1959,S & S Power Switchgears Ltd.,INE902B01017,S&SPOWER,  436.65 ,S&SPOWER,  434.62 ,-, - ,  435.63 ,Small Cap
1960,HP Adhesives Limited,INE0GSL01024,HPAL,  434.87 ,HPAL,  434.46 ,-, - ,  434.67 ,Small Cap
1961,Rubfila International Ltd.,INE642C01025,RUBFILA,  433.84 ,RUBFILA,  433.88 ,-, - ,  433.86 ,Small Cap
1962,India Homes Limited,INE072A01029,INDIAHOMES,  433.68 ,-, - ,-, - ,  433.68 ,Small Cap
1963,GENUS PAPER & BOARDS LIMITED,INE949P01018,GENUSPAPER,  432.52 ,GENUSPAPER,  432.23 ,-, - ,  432.38 ,Small Cap
1964,TWAMEV CONSTRUCTION AND INFRASTRUCTURE LIMITED,INE388G01026,TICL,  434.75 ,TICL,  428.39 ,-, - ,  431.57 ,Small Cap
1965,GEE Ltd.,INE064H01021,GEE,  430.55 ,-, - ,-, - ,  430.55 ,Small Cap
1966,De Nora India Limited,INE244A01016,DENORA,  430.51 ,DENORA,  430.46 ,-, - ,  430.48 ,Small Cap
1967,Orient Bell Limited,INE607D01018,ORIENTBELL,  430.17 ,ORIENTBELL,  430.37 ,-, - ,  430.27 ,Small Cap
1968,ROBUST HOTELS LIMITED,INE508K01013,RHL,  429.74 ,RHL,  429.42 ,-, - ,  429.58 ,Small Cap
1969,Mehai Technology  Limited,INE062Y01020,MEHAI,  428.38 ,-, - ,-, - ,  428.38 ,Small Cap
1970,Spacenet Enterprises India Ltd.,INE970N01027,-, - ,SPCENET,  427.35 ,-, - ,  427.35 ,Small Cap
1971,Ludlow Jute & Specialities Ltd,INE983C01015,LUDLOWJUT,  425.32 ,-, - ,-, - ,  425.32 ,Small Cap
1972,Goodricke Group Ltd.,INE300A01016,GOODRICKE,  424.70 ,-, - ,-, - ,  424.70 ,Small Cap
1973,Dhabriya Polywood Limited,INE260R01016,DHABRIYA,  422.96 ,-, - ,-, - ,  422.96 ,Small Cap
1974,Jinkushal Industries Limited,INE1FF001016,JKIPL,  422.69 ,JKIPL,  422.46 ,-, - ,  422.58 ,Small Cap
1975,Rainbow Foundations Ltd,INE230F01014,RAINBOWF,  421.12 ,-, - ,-, - ,  421.12 ,Small Cap
1976,Bedmutha Industries Limited,INE844K01012,BEDMUTHA,  420.40 ,BEDMUTHA,  420.19 ,-, - ,  420.29 ,Small Cap
1977,Danlaw Technologies India Ltd.,INE310B01013,DANLAW,  418.14 ,-, - ,-, - ,  418.14 ,Small Cap
1978,Welspun Investments and Commercials Ltd.,INE389K01018,WELINV,  419.27 ,WELINV,  416.36 ,-, - ,  417.82 ,Small Cap
1979,Nila Infrastructures Ltd,INE937C01029,NILAINFRA,  416.66 ,NILAINFRA,  416.35 ,-, - ,  416.51 ,Small Cap
1980,United Drilling Tools Ltd.,INE961D01019,UNIDT,  416.70 ,UNIDT,  415.88 ,-, - ,  416.29 ,Small Cap
1981,Dev Accelerator Limited,INE0VOV01021,DEVX,  415.42 ,DEVX,  415.01 ,-, - ,  415.21 ,Small Cap
1982,Trident Texofab Limited,INE071Y01013,TTFL,  412.35 ,-, - ,-, - ,  412.35 ,Small Cap
1983,Keltech Energies Ltd.,INE881E01017,KELENRG,  412.22 ,-, - ,-, - ,  412.22 ,Small Cap
1984,Aaron Industries Ltd.,INE721Z01010,-, - ,AARON,  411.14 ,-, - ,  411.14 ,Small Cap
1985,Gokul Refoils and Solvent Limited,INE020J01029,GOKUL,  408.91 ,GOKUL,  408.44 ,-, - ,  408.67 ,Small Cap
1986,Josts Engineering Co. Ltd.,INE636D01041,JOSTS,  407.49 ,-, - ,-, - ,  407.49 ,Small Cap
1987,Goa Carbon Ltd.,INE426D01013,GOACARBON,  406.99 ,GOACARBON,  407.10 ,-, - ,  407.04 ,Small Cap
1988,ARUNIS ABODE LIMITED,INE377D01018,ARUNIS,  406.51 ,-, - ,-, - ,  406.51 ,Small Cap
1989,Ruchira Papers Ltd,INE803H01014,RUCHIRA,  406.34 ,RUCHIRA,  406.33 ,-, - ,  406.33 ,Small Cap
1990,Kisan Mouldings Ltd.,INE017C01012,KISAN,  403.44 ,-, - ,-, - ,  403.44 ,Small Cap
1991,Manaksia Steels Limited,INE824Q01011,MANAKSTEEL,  403.75 ,MANAKSTEEL,  403.05 ,-, - ,  403.40 ,Small Cap
1992,BAI-KAKAJI POLYMERS LIMITED,INE1IJQ01026,BAIKAKAJI,  402.83 ,-, - ,-, - ,  402.83 ,Small Cap
1993,ADCOUNTY MEDIA INDIA LIMITED,INE0W1601012,ADCOUNTY,  402.81 ,-, - ,-, - ,  402.81 ,Small Cap
1994,Aarti Surfactants Limited,INE09EO01013,AARTISURF,  403.09 ,AARTISURF,  402.49 ,-, - ,  402.79 ,Small Cap
1995,Sakuma Exports Ltd.,INE190H01024,SAKUMA,  403.08 ,SAKUMA,  402.42 ,-, - ,  402.75 ,Small Cap
1996,Shardul Securities Ltd.,INE037B01020,SHARDUL,  402.13 ,-, - ,-, - ,  402.13 ,Small Cap
1997,Bartronics India Ltd.,INE855F01042,ASMS,  401.95 ,ASMS,  402.09 ,-, - ,  402.02 ,Small Cap
1998,VIKAS LIFECARE LIMITED,INE161L01027,VIKASLIFE,  402.19 ,VIKASLIFE,  401.33 ,-, - ,  401.76 ,Small Cap
1999,B&B Triplewall Containers Limited,INE01EE01011,BBTCL,  401.49 ,BBTCL,  400.92 ,-, - ,  401.20 ,Small Cap
2000,IL&FS Engineering and Construction Company Ltd,INE369I01014,IL&FSENGG,  403.57 ,IL&FSENGG,  398.23 ,-, - ,  400.90 ,Small Cap
2001,MAHINDRA EPC IRRIGATION LIMITED,INE215D01010,MAHEPC,  400.71 ,MAHEPC,  400.50 ,-, - ,  400.61 ,Small Cap
2002,Dynemic Products Ltd.,INE256H01015,DYNPRO,  399.08 ,DYNPRO,  400.32 ,-, - ,  399.70 ,Small Cap
2003,VVIP Infratech Limited,INE0MNP01016,VVIPIL,  399.34 ,-, - ,-, - ,  399.34 ,Small Cap
2004,Balgopal Commercial limited,INE119R01014,BALGOPAL,  398.08 ,-, - ,-, - ,  398.08 ,Small Cap
2005,RUDRA ECOVATION LIMITED,INE723D01021,RUDRAECO,  396.55 ,-, - ,-, - ,  396.55 ,Small Cap
2006,Brand Concepts Limited,INE977Y01011,BCONCEPTS,  399.83 ,BCONCEPTS,  392.23 ,-, - ,  396.03 ,Small Cap
2007,FCS Software Solutions Ltd.,INE512B01022,FCSSOFT,  395.60 ,FCSSOFT,  394.47 ,-, - ,  395.04 ,Small Cap
2008,ZIM Laboratories Limited,INE518E01015,ZIMLAB,  394.72 ,ZIMLAB,  394.38 ,-, - ,  394.55 ,Small Cap
2009,Anjani Portland Cement Ltd.,INE071F01012,APCL,  394.06 ,APCL,  393.57 ,-, - ,  393.82 ,Small Cap
2010,Sumit Woods Ltd.,INE748Z01013,-, - ,SUMIT,  393.45 ,-, - ,  393.45 ,Small Cap
2011,Industrial Investment Trust Ltd.,INE886A01014,IITL,  399.20 ,IITL,  387.30 ,-, - ,  393.25 ,Small Cap
2012,Shiv Aum Steels Ltd.,INE719F01016,-, - ,SHIVAUM,  393.12 ,-, - ,  393.12 ,Small Cap
2013,Vardhman Polytex Ltd.,INE835A01029,VARDMNPOLY,  392.19 ,VARDMNPOLY,  391.80 ,-, - ,  392.00 ,Small Cap
2014,Qualitek Labs Limited,INE0Q1R01012,QLL,  390.67 ,-, - ,-, - ,  390.67 ,Small Cap
2015,Oil Country Tubular Ltd.,INE591A01010,OILCOUNTUB,  391.01 ,OILCOUNTUB,  388.34 ,-, - ,  389.67 ,Small Cap
2016,VARVEE GLOBAL LIMITED,INE273D01019,VGL,  389.56 ,VGL,  387.90 ,-, - ,  388.73 ,Small Cap
2017,3i Infotech limited,INE748C01038,3IINFOLTD,  387.53 ,3IINFOLTD,  387.38 ,-, - ,  387.45 ,Small Cap
2018,Jet Airways (India) Ltd,INE802G01018,JETAIRWAYS,  386.69 ,-, - ,-, - ,  386.69 ,Small Cap
2019,Inspirisys Solutions Limited,INE020G01017,INSPIRISYS,  387.20 ,INSPIRISYS,  384.79 ,-, - ,  385.99 ,Small Cap
2020,Dc Infotech and Communication Limited,INE0A1101019,DCI,  386.63 ,DCI,  385.20 ,-, - ,  385.92 ,Small Cap
2021,B-RIGHT REALESTATE LIMITED,INE0IZQ01016,BRRL,  385.59 ,-, - ,-, - ,  385.59 ,Small Cap
2022,Everest Organics Ltd.,INE334C01029,EVERESTO,  384.13 ,-, - ,-, - ,  384.13 ,Small Cap
2023,Kalyani Cast-Tech Limited,INE0N6U01018,KALYANI,  383.80 ,-, - ,-, - ,  383.80 ,Small Cap
2024,Reliance Communications Limited,INE330H01018,RCOM,  385.18 ,RCOM,  380.15 ,-, - ,  382.66 ,Small Cap
2025,SHIVAM AUTOTECH LIMITED,INE637H01024,SHIVAMAUTO,  382.48 ,SHIVAMAUTO,  382.46 ,-, - ,  382.47 ,Small Cap
2026,EVEXIA LIFECARE LIMITED,INE313M01030,EVEXIA,  381.05 ,-, - ,-, - ,  381.05 ,Small Cap
2027,LOGICA INFOWAY LIMITED,INE0BSU01018,LOGICA,  380.86 ,-, - ,-, - ,  380.86 ,Small Cap
2028,Innovators Facade Systems Limited,INE870Z01015,INNOVATORS,  380.13 ,-, - ,-, - ,  380.13 ,Small Cap
2029,MEDICO REMEDIES LIMITED,INE630Y01024,MEDICO,  379.99 ,MEDICO,  378.80 ,-, - ,  379.40 ,Small Cap
2030,SHREE TIRUPATI BALAJEE AGRO TRADING COMPANY LIMITED,INE0S2G01011,BALAJEE,  378.76 ,BALAJEE,  378.68 ,-, - ,  378.72 ,Small Cap
2031,Pervasive Commodities Limited,INE443P01038,PERVASIVE,  378.29 ,-, - ,-, - ,  378.29 ,Small Cap
2032,BROOKS LABORATORIES LIMITED,INE650L01011,BROOKS,  377.49 ,BROOKS,  376.90 ,-, - ,  377.20 ,Small Cap
2033,Indiabulls Enterprises Limited,INE059901020,IEL,  376.65 ,-, - ,-, - ,  376.65 ,Small Cap
2034,Supershakti Metaliks Limited,INE00SY01011,SUPERSHAKT,  375.88 ,-, - ,-, - ,  375.88 ,Small Cap
2035,Naga Dhunseri Group Ltd.,INE756C01015,-, - ,NDGL,  375.63 ,-, - ,  375.63 ,Small Cap
2036,MARBLE CITY INDIA LIMITED,INE807H01023,MARBLE,  374.38 ,-, - ,-, - ,  374.38 ,Small Cap
2037,Lokesh Machines Limited,INE397H01017,LOKESHMACH,  375.15 ,LOKESHMACH,  373.46 ,-, - ,  374.30 ,Small Cap
2038,Pajson Agro India Limited,INE14LM01012,PAJSON,  373.80 ,-, - ,-, - ,  373.80 ,Small Cap
2039,JD CABLES LIMITED,INE14VP01014,JDCABLES,  372.17 ,-, - ,-, - ,  372.17 ,Small Cap
2040,Ginni Filaments Ltd.,INE424C01010,GINNIFILA,  360.87 ,GINNIFILA,  380.99 ,-, - ,  370.93 ,Small Cap
2041,Nectar Lifesciences Limited,INE023H01027,NECLIFE,  369.81 ,NECLIFE,  369.17 ,-, - ,  369.49 ,Small Cap
2042,BOMBAY OXYGEN INVESTMENTS LIMITED,INE01TL01014,BOMOXY-B1,  369.04 ,-, - ,-, - ,  369.04 ,Small Cap
2043,Vipul Organics Limited,INE834D01018,VIPULORG,  368.82 ,-, - ,-, - ,  368.82 ,Small Cap
2044,Exxaro Tiles Limited,INE0GFE01026,EXXARO,  368.94 ,EXXARO,  368.55 ,-, - ,  368.74 ,Small Cap
2045,BPL Ltd.,INE110A01019,BPL,  368.57 ,BPL,  368.40 ,-, - ,  368.49 ,Small Cap
2046,TRF Ltd,INE391D01019,TRF,  367.53 ,TRF,  367.32 ,-, - ,  367.42 ,Small Cap
2047,Mini Diamonds (India) Ltd.,INE281E01028,MINID,  367.30 ,-, - ,-, - ,  367.30 ,Small Cap
2048,DSM Fresh Foods Limited,INE0SUM01015,ZAPPFRESH,  366.75 ,-, - ,-, - ,  366.75 ,Small Cap
2049,Kings Infra Ventures Limited,INE050N01010,KINGSINFR,  366.63 ,-, - ,-, - ,  366.63 ,Small Cap
2050,International Travel House Ltd,INE262B01016,ITHL,  366.33 ,-, - ,-, - ,  366.33 ,Small Cap
2051,Mangal Credit and Fincorp Limited,INE545L01039,MANCREDIT,  368.20 ,MANCREDIT,  364.36 ,-, - ,  366.28 ,Small Cap
2052,Ekansh Concepts Limited,INE005E01013,EKANSH,  365.96 ,-, - ,-, - ,  365.96 ,Small Cap
2053,Kaycee Industries Ltd.,INE813G01023,KAYCEEI,  365.95 ,-, - ,-, - ,  365.95 ,Small Cap
2054,HALEOS LABS LIMITED,INE320X01016,HALEOSLABS,  365.32 ,HALEOSLABS,  364.92 ,-, - ,  365.12 ,Small Cap
2055,Harrisons Malayalam Ltd.,INE544A01019,HARRMALAYA,  364.50 ,HARRMALAYA,  364.50 ,-, - ,  364.50 ,Small Cap
2056,Uravi Defence and Technology Limited,INE568Z01015,URAVIDEF,  366.78 ,URAVIDEF,  362.02 ,-, - ,  364.40 ,Small Cap
2057,Asahi Songwon Colors Ltd.,INE228I01012,ASAHISONG,  363.92 ,ASAHISONG,  362.87 ,-, - ,  363.39 ,Small Cap
2058,EXATO TECHNOLOGIES LIMITED,INE1E4401010,EXATO,  363.19 ,-, - ,-, - ,  363.19 ,Small Cap
2059,AELEA COMMODITIES LIMITED,INE0T3401029,ACLD,  363.08 ,-, - ,-, - ,  363.08 ,Small Cap
2060,Global Education Ltd.,INE291W01037,-, - ,GLOBAL,  362.13 ,-, - ,  362.13 ,Small Cap
2061,RACE ECO CHAIN LIMITED,INE084Q01012,RACE,  361.03 ,RACE,  360.84 ,-, - ,  360.93 ,Small Cap
2062,Kanoria Chemicals & Industries Ltd.,INE138C01024,KANORICHEM,  360.61 ,KANORICHEM,  359.40 ,-, - ,  360.01 ,Small Cap
2063,Monarch Surveyors and Engineering Consultants Limited,INE0V0L01028,MSECL,  359.10 ,-, - ,-, - ,  359.10 ,Small Cap
2064,Uday Jewellery Industries Limited.,INE551B01012,UDAYJEW,  358.82 ,-, - ,-, - ,  358.82 ,Small Cap
2065,Markolines Pavement Technologies Limited,INE0FW001016,MARKOLINES,  354.71 ,MARKOLINES,  357.67 ,-, - ,  356.19 ,Small Cap
2066,Alankit Limited,INE914E01040,ALANKIT,  356.27 ,ALANKIT,  356.09 ,-, - ,  356.18 ,Small Cap
2067,RDB Real Estate Constructions Limited,INE0AK901016,RRECL,  356.03 ,-, - ,-, - ,  356.03 ,Small Cap
2068,Geekay Wires Ltd.,INE669X01032,-, - ,GEEKAYWIRE,  355.43 ,-, - ,  355.43 ,Small Cap
2069,Dhanashree Electronics Limited,INE413F01016,DEL,  354.72 ,-, - ,-, - ,  354.72 ,Small Cap
2070,Shalibhadra Finance Ltd.,INE861D01011,SAHLIBHFI,  354.42 ,-, - ,-, - ,  354.42 ,Small Cap
2071,VL E-Governance & IT Solutions Limited,INE03HW01020,VLEGOV,  354.06 ,VLEGOV,  354.45 ,-, - ,  354.25 ,Small Cap
2072,SoftSol India Limited.,INE002B01016,SOFTSOL,  353.59 ,-, - ,-, - ,  353.59 ,Small Cap
2073,D.P. WIRES LIMITED,INE864X01013,DPWIRES,  352.50 ,DPWIRES,  352.54 ,-, - ,  352.52 ,Small Cap
2074,Vikas EcoTech Limited,INE806A01020,VIKASECO,  352.58 ,VIKASECO,  351.90 ,-, - ,  352.24 ,Small Cap
2075,Bhagyanagar India Limited,INE458B01036,BHAGYANGR,  351.99 ,BHAGYANGR,  351.29 ,-, - ,  351.64 ,Small Cap
2076,K C P SUGAR AND INDUSTRIES CORPORATION LTD.,INE790B01024,KCPSUGIND,  351.41 ,KCPSUGIND,  351.26 ,-, - ,  351.34 ,Small Cap
2077,Shish Industries Limited,INE145Y01023,SHISHIND,  351.27 ,-, - ,-, - ,  351.27 ,Small Cap
2078,Mawana Sugars Ltd,INE636A01039,MAWANASUG,  350.66 ,MAWANASUG,  350.51 ,-, - ,  350.58 ,Small Cap
2079,Triton Valves Ltd.,INE440G01017,TRITONV,  350.22 ,-, - ,-, - ,  350.22 ,Small Cap
2080,Apollo Sindoori Hotels Ltd.,INE451F01024,-, - ,APOLSINHOT,  349.71 ,-, - ,  349.71 ,Small Cap
2081,Avance Technologies Ltd.,INE758A01072,AVANCE,  349.68 ,-, - ,-, - ,  349.68 ,Small Cap
2082,Suraj Products Ltd.,INE069E01019,SURAJ,  349.25 ,-, - ,-, - ,  349.25 ,Small Cap
2083,The Byke Hospitality    Ltd,INE319B01014,BYKE,  348.16 ,BYKE,  347.61 ,BYKE,  347.64 ,  347.80 ,Small Cap
2084,SARASWATI SAREE DEPOT LIMITED,INE0PQ101010,SSDL,  347.55 ,SSDL,  347.58 ,-, - ,  347.56 ,Small Cap
2085,Vardhaman Acrylics Ltd.,INE116G01013,-, - ,VARDHACRLC,  347.40 ,-, - ,  347.40 ,Small Cap
2086,Shradha Infraprojects Ltd.,INE715Y01031,-, - ,SHRADHA,  345.66 ,-, - ,  345.66 ,Small Cap
2087,Aerpace Industries Limited,INE175N01023,AERPACE,  345.21 ,-, - ,-, - ,  345.21 ,Small Cap
2088,National Peroxide Limited,INE0PO601011,NPL,  344.90 ,-, - ,-, - ,  344.90 ,Small Cap
2089,Majestic Auto Ltd.,INE201B01022,MAJESAUT,  344.49 ,-, - ,-, - ,  344.49 ,Small Cap
2090,Manomay Tex India Limited,INE784W01015,MANOMAY,  344.57 ,MANOMAY,  344.16 ,-, - ,  344.36 ,Small Cap
2091,MAHAMAYA LIFESCIENCES LIMITED,INE0U9D01019,MAHALIFE,  343.69 ,-, - ,-, - ,  343.69 ,Small Cap
2092,Lancer Container Lines Limited,INE359U01028,LANCER,  343.52 ,-, - ,-, - ,  343.52 ,Small Cap
2093,Lyka Labs Ltd.,INE933A01014,LYKALABS,  342.03 ,LYKALABS,  341.85 ,-, - ,  341.94 ,Small Cap
2094,AVG Logistics Limited,INE680Z01018,AVG,  340.41 ,AVG,  340.23 ,-, - ,  340.32 ,Small Cap
2095,Affordable Robotic & Automation Limited,INE692Z01013,AFFORDABLE,  338.15 ,AFFORDABLE,  338.02 ,-, - ,  338.08 ,Small Cap
2096,QUEST CAPITAL MARKETS LIMITED,INE418C01012,QUESTCAP,  338.00 ,-, - ,-, - ,  338.00 ,Small Cap
2097,Indo National Limited,INE567A01028,NIPPOBATRY,  337.92 ,NIPPOBATRY,  337.79 ,-, - ,  337.86 ,Small Cap
2098,B.R.GOYAL INFRASTRUCTURE LIMITED,INE00ST01011,BRGIL,  337.10 ,-, - ,-, - ,  337.10 ,Small Cap
2099,Trident Lifeline Limited,INE0MKA01014,TLL,  336.47 ,-, - ,-, - ,  336.47 ,Small Cap
2100,Alufluoride  Ltd.,INE058F01019,ALUFLUOR,  335.67 ,-, - ,-, - ,  335.67 ,Small Cap
2101,ATLANTAA LIMITED,INE285H01022,ATLANTAA,  335.66 ,ATLANTAA,  334.75 ,-, - ,  335.20 ,Small Cap
2102,SUBAM PAPERS LIMITED,INE0U6201010,SUBAM,  335.08 ,-, - ,-, - ,  335.08 ,Small Cap
2103,GTV Engineering Limited,INE910R01024,GTV,  334.48 ,-, - ,-, - ,  334.48 ,Small Cap
2104,Indag Rubber Ltd.,INE802D01023,INDAG,  334.10 ,-, - ,-, - ,  334.10 ,Small Cap
2105,Emerald Leisures Limited,INE044N01021,EMERALL,  332.74 ,-, - ,-, - ,  332.74 ,Small Cap
2106,Almondz Global Securities Limited,INE326B01035,ALMONDZ,  332.80 ,ALMONDZ,  332.68 ,-, - ,  332.74 ,Small Cap
2107,WARDWIZARD INNOVATIONS AND MOBILITY LIMITED,INE945P01024,WARDINMOBI,  332.41 ,-, - ,-, - ,  332.41 ,Small Cap
2108,Shri Keshav Cements and Infra Limited,INE260E01014,SKCIL,  331.89 ,-, - ,-, - ,  331.89 ,Small Cap
2109,Sintercom India Ltd.,INE129Z01016,-, - ,SINTERCOM,  330.95 ,-, - ,  330.95 ,Small Cap
2110,LIKHAMI CONSULTING LIMITED,INE920T01011,LIKHAMI,  330.79 ,-, - ,-, - ,  330.79 ,Small Cap
2111,AION-TECH SOLUTIONS LIMITED,INE805A01014,GOLDTECH,  330.23 ,GOLDTECH,  329.73 ,-, - ,  329.98 ,Small Cap
2112,PPAP Automotive Limited,INE095I01015,PPAP,  329.61 ,PPAP,  328.67 ,-, - ,  329.14 ,Small Cap
2113,Jay Ushin Ltd.,INE289D01015,JAYUSH,  329.04 ,-, - ,-, - ,  329.04 ,Small Cap
2114,Nath Biogene India Ltd.,INE448G01010,NATHBIOGEN,  328.63 ,NATHBIOGEN,  328.11 ,-, - ,  328.37 ,Small Cap
2115,Hitech Corporation Limited,INE120D01012,HITECHCORP,  327.75 ,HITECHCORP,  328.38 ,-, - ,  328.06 ,Small Cap
2116,VMS TMT LIMITED,INE0SJA01013,VMSTMT,  327.45 ,VMSTMT,  327.39 ,-, - ,  327.42 ,Small Cap
2117,Simplex Castings Ltd.,INE658D01011,SIMPLEXCAS,  327.15 ,-, - ,-, - ,  327.15 ,Small Cap
2118,Shankara Building Products Limited,INE274V01019,SHANKARA,  325.47 ,SHANKARA,  327.34 ,-, - ,  326.40 ,Small Cap
2119,Bhatia Communications & Retail (India) Limited,INE341Z01025,BHATIA,  325.89 ,-, - ,-, - ,  325.89 ,Small Cap
2120,RAJASTHAN SECURITIES LIMITED,INE184D01026,RAJSEC,  325.73 ,-, - ,-, - ,  325.73 ,Small Cap
2121,Zenotech Laboratories Limited,INE486F01012,ZENOTECH,  325.73 ,-, - ,-, - ,  325.73 ,Small Cap
2122,Trejhara Solutions Limited,INE00CA01015,TREJHARA ,  323.91 ,TREJHARA,  322.57 ,-, - ,  323.24 ,Small Cap
2123,Diamines & Chemicals Ltd.,INE591D01014,DIAMINESQ,  323.01 ,DIAMINESQ,  323.15 ,-, - ,  323.08 ,Small Cap
2124,VIP Clothing Limited,INE450G01024,VIPCLOTHNG,  322.85 ,VIPCLOTHNG,  322.76 ,-, - ,  322.81 ,Small Cap
2125,Axita Cotton Limited,INE02EZ01022,AXITA,  321.93 ,AXITA,  321.84 ,-, - ,  321.88 ,Small Cap
2126,PHOENIX TOWNSHIP LIMITED,INE977M01024,PHOENIXTN,  321.17 ,-, - ,-, - ,  321.17 ,Small Cap
2127,AUTOLINE INDUSTRIES LTD.,INE718H01014,AUTOIND,  320.71 ,AUTOIND,  319.85 ,-, - ,  320.28 ,Small Cap
2128,Akme Fintrade (India) Limited,INE916Y01027,AFIL,  319.46 ,AFIL,  319.08 ,-, - ,  319.27 ,Small Cap
2129,A2Z Infra Engineering Limited,INE619I01012,A2ZINFRA,  319.53 ,A2ZINFRA,  318.82 ,-, - ,  319.18 ,Small Cap
2130,PRIME FRESH LIMITED,INE442V01012,PRIMEFRESH,  319.07 ,-, - ,-, - ,  319.07 ,Small Cap
2131,Ravinder Heights Limited,INE09E501017,RVHL,  320.68 ,RVHL,  317.34 ,-, - ,  319.01 ,Small Cap
2132,SHEMAROO ENTERTAINMENT LIMITED,INE363M01019,SHEMAROO,  319.17 ,SHEMAROO,  318.04 ,-, - ,  318.60 ,Small Cap
2133,Soma Textile & Industries Ltd,INE314C01013,SOMATEX,  319.59 ,SOMATEX,  315.96 ,-, - ,  317.78 ,Small Cap
2134,Menon Pistons Ltd.,INE650G01029,MENNPIS,  317.71 ,-, - ,-, - ,  317.71 ,Small Cap
2135,Baroda Rayon Corpn. Ltd.,INE461A01024,BARODARY,  317.54 ,-, - ,-, - ,  317.54 ,Small Cap
2136,Madhav Infra Projects Limited,INE631R01026,MADHAVIPL,  316.07 ,-, - ,-, - ,  316.07 ,Small Cap
2137,NAGARJUNA FERTILIZERS AND CHEMICALS LTD.,INE454M01024,NAGAFERT,  315.94 ,NAGAFERT,  315.31 ,-, - ,  315.63 ,Small Cap
2138,Rossell India Limited,INE847C01020,ROSSELLIND,  237.43 ,ROSSELLIND,  392.96 ,-, - ,  315.20 ,Small Cap
2139,Binny Ltd.,INE118K01011,BINNY,  314.59 ,-, - ,-, - ,  314.59 ,Small Cap
2140,HINDUSTHAN URBAN INFRASTRUCTURE LIMITED,INE799B01017,HUIL,  314.08 ,-, - ,-, - ,  314.08 ,Small Cap
2141,L. T. ELEVATOR LIMITED,INE0TJ801010,LTELEVATOR,  311.32 ,-, - ,-, - ,  311.32 ,Small Cap
2142,Supreme Holdings & Hospitality (India) Ltd,INE822E01011,SUPREME,  311.18 ,SUPREME,  310.98 ,-, - ,  311.08 ,Small Cap
2143,Om Freight Forwarders Limited,INE1BZC01019,OMFREIGHT,  310.14 ,OMFREIGHT,  310.00 ,-, - ,  310.07 ,Small Cap
2144,Bafna Pharmaceuticals Limited,INE878I01022,BAFNAPH,  312.92 ,BAFNAPH,  307.14 ,-, - ,  310.03 ,Small Cap
2145,Multibase India Ltd,INE678F01014,MULTIBASE,  309.56 ,-, - ,-, - ,  309.56 ,Small Cap
2146,Pune E - Stock Broking Limited,INE510U01018,PESB,  309.54 ,-, - ,-, - ,  309.54 ,Small Cap
2147,EKI Energy Services Limited,INE0CPR01018,EKI,  308.97 ,-, - ,-, - ,  308.97 ,Small Cap
2148,Pil Italica Lifestyle Limited,INE600A01035,PILITA,  308.89 ,PILITA,  308.66 ,-, - ,  308.77 ,Small Cap
2149,Mercantile Ventures Limited,INE689O01013,MERCANTILE,  307.50 ,-, - ,-, - ,  307.50 ,Small Cap
2150,Pro Fin Capital Services Ltd,INE732K01027,PROFINC,  307.38 ,-, - ,-, - ,  307.38 ,Small Cap
2151,Virat Industries Ltd.,INE467D01017,VIRAT,  307.24 ,-, - ,-, - ,  307.24 ,Small Cap
2152,TALBROS ENGINEERING LIMITED,INE717E01013,TALBROSENG,  306.70 ,-, - ,-, - ,  306.70 ,Small Cap
2153,Sayaji Hotels (Indore) Limited,INE0MGS01014,SHILINDORE,  304.78 ,-, - ,-, - ,  304.78 ,Small Cap
2154,Global Vectra Helicorp Ltd.,INE792H01019,GLOBALVECT,  304.15 ,GLOBALVECT,  303.99 ,-, - ,  304.07 ,Small Cap
2155,ITCONS E-Solutions Limited,INE0O6A01019,ITCONS,  303.82 ,-, - ,-, - ,  303.82 ,Small Cap
2156,Cineline India Limited,INE704H01022,CINELINE,  303.28 ,CINELINE,  302.59 ,-, - ,  302.93 ,Small Cap
2157,SUNDARAM BRAKE LININGS LTD,INE073D01013,SUNDRMBRAK,  302.51 ,SUNDRMBRAK,  302.62 ,-, - ,  302.57 ,Small Cap
2158,Alstone Textiles (India) Limited,INE184S01024,ALSTONE,  302.49 ,-, - ,-, - ,  302.49 ,Small Cap
2159,AIRAN LIMITED,INE645W01026,AIRAN,  302.48 ,AIRAN,  302.08 ,-, - ,  302.28 ,Small Cap
2160,DJ Mediaprint & Logistics Limited,INE0B1K01014,DJML,  302.38 ,DJML,  301.29 ,-, - ,  301.84 ,Small Cap
2161,STARTECK FINANCE LIMITED,INE992I01013,STARTECK,  301.32 ,STARTECK,  301.17 ,-, - ,  301.24 ,Small Cap
2162,Hemant Surgical Industries Limited,INE0GYI01028,HSIL,  301.19 ,-, - ,-, - ,  301.19 ,Small Cap
2163,DELPHI WORLD MONEY LIMITED,INE726L01019,DELPHIFX,  300.23 ,DELPHIFX,  299.98 ,-, - ,  300.11 ,Small Cap
2164,Modi Rubber Ltd.,INE832A01018,MODIRUBBER,  300.16 ,MODIRUBBER,  299.69 ,-, - ,  299.92 ,Small Cap
2165,Gennex Laboratories Ltd,INE509C01026,GENNEX,  299.80 ,-, - ,-, - ,  299.80 ,Small Cap
2166,WAAREE TECHNOLOGIES LIMITED ,INE725P01012,WAAREE,  299.26 ,-, - ,-, - ,  299.26 ,Small Cap
2167,ASARFI HOSPITAL LIMITED,INE0DN001027,ASARFI,  298.63 ,-, - ,-, - ,  298.63 ,Small Cap
2168,Elgi Rubber Company Ltd.,INE819L01012,-, - ,ELGIRUBCO,  298.57 ,-, - ,  298.57 ,Small Cap
2169,Suyog Gurbaxani Funicular Ropeways Limited,INE07GA01011,SGFRL,  298.42 ,-, - ,-, - ,  298.42 ,Small Cap
2170,Manbro Industries Limited,INE348N01034,MANBRO,  298.39 ,-, - ,-, - ,  298.39 ,Small Cap
2171,Birla Precision Technologies Ltd,INE372E01025,BIRLAPREC,  298.01 ,-, - ,-, - ,  298.01 ,Small Cap
2172,Shreyans Industries Limited.,INE231C01019,SHREYANIND,  297.95 ,SHREYANIND,  297.81 ,-, - ,  297.88 ,Small Cap
2173,Osia Hyper Retail Ltd.,INE06IR01021,-, - ,OSIAHYPER,  296.94 ,-, - ,  296.94 ,Small Cap
2174,SAHYADRI INDUSTRIES LTD.,INE280H01015,SAHYADRI,  296.37 ,SAHYADRI,  296.95 ,-, - ,  296.66 ,Small Cap
2175,ABATE AS INDUSTRIES LIMITED,INE454E01013,ABATEAS,  296.21 ,-, - ,-, - ,  296.21 ,Small Cap
2176,Poddar Pigments Ltd.,INE371C01013,PODDARMENT,  295.71 ,PODDARMENT,  296.52 ,-, - ,  296.12 ,Small Cap
2177,GTT DATA SOLUTIONS LIMITED,INE959B01017,GTTDATA,  296.08 ,-, - ,-, - ,  296.08 ,Small Cap
2178,DCM NOUVELLE LIMITED,INE08KP01019,DCMNVL,  296.09 ,DCMNVL,  295.54 ,-, - ,  295.82 ,Small Cap
2179,UFO Moviez India Limited,INE527H01019,UFO,  295.82 ,UFO,  295.74 ,-, - ,  295.78 ,Small Cap
2180,Beezaasan Explotech Limited,INE13VU01016,BEEZAASAN,  295.66 ,-, - ,-, - ,  295.66 ,Small Cap
2181,UCAL LIMITED,INE139B01016,UCAL,  294.78 ,UCAL,  294.81 ,-, - ,  294.79 ,Small Cap
2182,Kaka Industries Limited,INE0P3N01018,KAKA,  294.77 ,-, - ,-, - ,  294.77 ,Small Cap
2183,Tierra Agrotech Limited,INE05CY01014,TIERRA,  294.57 ,-, - ,-, - ,  294.57 ,Small Cap
2184,U. Y. FINCORP LIMITED,INE152C01025,UYFINCORP,  294.54 ,UYFINCORP,  294.38 ,-, - ,  294.46 ,Small Cap
2185,LEADING LEASING FINANCE AND INVESTMENT CO. LIMITED,INE715Q01029,LLFICL,  287.82 ,-, - ,LLFICL,  299.78 ,  293.80 ,Small Cap
2186,Halder Venture Limited,INE115S01010,HALDER,  293.30 ,-, - ,-, - ,  293.30 ,Small Cap
2187,CAPITALNUMBERS INFOTECH  LIMITED,INE0WXM01011,CNINFOTECH,  291.17 ,-, - ,-, - ,  291.17 ,Small Cap
2188,HRS ALUGLAZE LIMITED,INE1E1V01017,HRS,  290.80 ,-, - ,-, - ,  290.80 ,Small Cap
2189,RDB Rasayans Limited,INE123M01017,RDBRL,  290.15 ,-, - ,-, - ,  290.15 ,Small Cap
2190,Methodhub Software Limited,INE0QZR01017,METHODHUB,  290.07 ,-, - ,-, - ,  290.07 ,Small Cap
2191,Aveer Foods Limited,INE09BN01011,AVEER,  289.10 ,-, - ,-, - ,  289.10 ,Small Cap
2192,BHAVIK ENTERPRISES LIMITED,INE18PB01017,BHAVIK,  288.56 ,-, - ,-, - ,  288.56 ,Small Cap
2193,Capital Trade Links Limited,INE172D01021,CTL,  288.37 ,-, - ,-, - ,  288.37 ,Small Cap
2194,Northern Spirits Limited,INE01BL01012,NSL,  287.75 ,-, - ,-, - ,  287.75 ,Small Cap
2195,Nitin Castings Limited,INE861H01020,NITINCAST,  287.06 ,-, - ,-, - ,  287.06 ,Small Cap
2196,Refex Renewables & Infrastructure Limited,INE332F01018,REFEXRENEW,  286.92 ,-, - ,-, - ,  286.92 ,Small Cap
2197,VIBHOR STEEL TUBES LIMITED,INE0QTF01015,VSTL,  287.02 ,VSTL,  286.73 ,-, - ,  286.88 ,Small Cap
2198,Indo US Bio-Tech Limited,INE250Z01010,INDOUS,  286.57 ,INDOUS,  286.76 ,-, - ,  286.67 ,Small Cap
2199,META INFOTECH LIMITED,INE162901016,METAINFO ,  286.56 ,-, - ,-, - ,  286.56 ,Small Cap
2200,Ratnabhumi Developers Limited,INE821Y01011,RATNABHUMI,  285.74 ,-, - ,-, - ,  285.74 ,Small Cap
2201,UNIVERSUS PHOTO IMAGINGS LIMITED,INE03V001013,UNIVPHOTO,  286.42 ,UNIVPHOTO,  284.62 ,-, - ,  285.52 ,Small Cap
2202,Jay Shree Tea & Industries Ltd.,INE364A01020,JAYSREETEA,  285.28 ,JAYSREETEA,  285.09 ,-, - ,  285.18 ,Small Cap
2203,QUEST FLOW CONTROLS LIMITED,INE0OYE01013,QUESTFLOW,  284.38 ,-, - ,-, - ,  284.38 ,Small Cap
2204,Univastu India Ltd.,INE562X01013,-, - ,UNIVASTU,  284.36 ,-, - ,  284.36 ,Small Cap
2205,EMERGENT INDUSTRIAL SOLUTIONS LIMITED,INE668L01013,EMERGENT,  284.18 ,-, - ,-, - ,  284.18 ,Small Cap
2206,ZEE LEARN LIMITED,INE565L01011,ZEELEARN,  283.98 ,ZEELEARN,  283.71 ,-, - ,  283.85 ,Small Cap
2207,Vaarad Ventures Ltd,INE418B01048,VAARAD,  283.52 ,-, - ,-, - ,  283.52 ,Small Cap
2208,Graviss Hospitality Ltd,INE214F01026,GRAVISSHO,  282.83 ,-, - ,-, - ,  282.83 ,Small Cap
2209,Sakthi Finance Ltd.,INE302E01014,SAKTHIFIN,  282.77 ,-, - ,-, - ,  282.77 ,Small Cap
2210,ASI INDUSTRIES LIMITED,INE443A01030,ASIIL,  282.16 ,-, - ,-, - ,  282.16 ,Small Cap
2211,Brady & Morris Engineering Co. Ltd.,INE856A01017,BRADYM,  281.77 ,-, - ,-, - ,  281.77 ,Small Cap
2212,NDL Ventures Limited,INE353A01023,NDLVENTURE,  280.73 ,NDLVENTURE,  281.53 ,-, - ,  281.13 ,Small Cap
2213,Kesar Petroproducts Ltd,INE133C01033,KESARPE,  280.89 ,-, - ,-, - ,  280.89 ,Small Cap
2214,OXYGENTA PHARMACEUTICAL LIMITED,INE102E01018,OXYGENTAPH,  280.35 ,-, - ,-, - ,  280.35 ,Small Cap
2215,Emerald Finance Limited,INE030Q01015,EMERALD,  279.74 ,-, - ,-, - ,  279.74 ,Small Cap
2216,Khemani Distributors & Marketing Limited,INE030U01025,KDML,  279.59 ,-, - ,-, - ,  279.59 ,Small Cap
2217,Country Club Hospitality & Holidays Ltd,INE652F01027,CCHHL,  279.34 ,CCHHL,  279.39 ,-, - ,  279.36 ,Small Cap
2218,OK Play India Ltd.,INE870B01024,OKPLA,  279.07 ,-, - ,-, - ,  279.07 ,Small Cap
2219,Megastar Foods Limited,INE00EM01016,MEGASTAR,  278.97 ,MEGASTAR,  278.84 ,-, - ,  278.91 ,Small Cap
2220,Revathi Equipment India Limited,INE0DAB01012,RVTH,  279.44 ,RVTH,  278.10 ,-, - ,  278.77 ,Small Cap
2221,Take Solutions Ltd,INE142I01023,TAKE,  278.37 ,TAKE,  278.10 ,-, - ,  278.24 ,Small Cap
2222,Surana Telecom And Power Limited,INE130B01031,SURANAT&P,  278.07 ,SURANAT&P,  278.12 ,-, - ,  278.10 ,Small Cap
2223,T T Ltd,INE592B01024,TTL,  277.34 ,TTL,  277.21 ,-, - ,  277.28 ,Small Cap
2224,Precision Electronics Ltd.,INE143C01024,PRECISIO,  277.04 ,-, - ,-, - ,  277.04 ,Small Cap
2225,RUDRA GLOBAL INFRA PRODUCTS LIMITED,INE027T01023,RUDRA,  293.84 ,RUDRA,  260.23 ,-, - ,  277.03 ,Small Cap
2226,Music Broadcast Limited,INE919I01024,RADIOCITY,  277.09 ,RADIOCITY,  276.80 ,-, - ,  276.95 ,Small Cap
2227,Pritika Auto Industries Limited,INE583R01029,PRITIKAUTO,  276.21 ,PRITIKAUTO,  275.83 ,-, - ,  276.02 ,Small Cap
2228,Virinchi Limited,INE539B01017,VIRINCHI,  275.35 ,VIRINCHI,  274.77 ,-, - ,  275.06 ,Small Cap
2229,Indian Toners & Developers Ltd.,INE826B01018,INDTONER,  273.32 ,-, - ,-, - ,  273.32 ,Small Cap
2230,BRAHMAPUTRA INFRASTRUCTURE LIMITED,INE320I01017,BRAHMINFRA,  273.19 ,-, - ,-, - ,  273.19 ,Small Cap
2231,Radix Industries (India) Limited,INE576N01014,RADIXIND,  272.83 ,-, - ,-, - ,  272.83 ,Small Cap
2232,Nimbus Projects Limited,INE875B01015,NIMBSPROJ,  272.13 ,-, - ,-, - ,  272.13 ,Small Cap
2233,SHEETAL COOL PRODUCTS LIMITED,INE501Y01019,SCPL,  272.08 ,SCPL,  271.48 ,-, - ,  271.78 ,Small Cap
2234,Cosmo Ferrites Ltd.,INE124B01018,COSMOFE,  271.40 ,-, - ,-, - ,  271.40 ,Small Cap
2235,G.G.Automotive Gears Ltd.,INE493B01017,GGAUTO,  270.26 ,-, - ,-, - ,  270.26 ,Small Cap
2236,Rudrabhishek Enterprises Ltd.,INE364Z01019,-, - ,REPL,  269.60 ,-, - ,  269.60 ,Small Cap
2237,Nidhi Granites Limited,INE276H01013,NIDHGRN,  268.99 ,-, - ,-, - ,  268.99 ,Small Cap
2238,Kamdhenu Ventures Limited,INE0BTI01037,KAMOPAINTS,  268.65 ,KAMOPAINTS,  268.50 ,-, - ,  268.57 ,Small Cap
2239,Supreme Infrastructure India Limited,INE550H01011,SUPREMEINF,  269.73 ,SUPREMEINF,  266.34 ,-, - ,  268.04 ,Small Cap
2240,Sanjivani Paranteral Ltd.,INE860D01013,SANJIVIN,  267.35 ,-, - ,-, - ,  267.35 ,Small Cap
2241,Alacrity Securities Limited,INE030P01017,ALSL,  267.24 ,-, - ,-, - ,  267.24 ,Small Cap
2242,Ajanta Soya Limited,INE601B01023,AJANTSOY,  266.91 ,-, - ,-, - ,  266.91 ,Small Cap
2243,S V Global Mill Limited,INE159L01013,SVGLOBAL,  266.85 ,-, - ,-, - ,  266.85 ,Small Cap
2244,M. K. Exim (India) Ltd.,INE227F01010,MKEXIM,  266.69 ,-, - ,-, - ,  266.69 ,Small Cap
2245,EARKART LIMITED,INE1A8F01035,EARKART,  266.51 ,-, - ,-, - ,  266.51 ,Small Cap
2246,Star Paper Mills Ltd.,INE733A01018,STARPAPER,  265.94 ,STARPAPER,  265.80 ,-, - ,  265.87 ,Small Cap
2247,EMMFORCE AUTOTECH LIMITED,INE0SDC01012,EMMFORCE,  265.55 ,-, - ,-, - ,  265.55 ,Small Cap
2248,Panasonic Energy India Co. Ltd.,INE795A01017,PANAENERG,  264.97 ,-, - ,-, - ,  264.97 ,Small Cap
2249,Garg Acrylics Limited,INE244E01018,-, - ,-, - ,GARG,  264.86 ,  264.86 ,Small Cap
2250,Nureca Limited,INE0DSF01015,NURECA,  263.80 ,NURECA,  263.50 ,-, - ,  263.65 ,Small Cap
2251,Sicagen India Limited,INE176J01011,SICAGEN,  263.44 ,-, - ,-, - ,  263.44 ,Small Cap
2252,Bhilwara Technical Textiles Limited,INE274K01012,BTTL,  262.82 ,-, - ,-, - ,  262.82 ,Small Cap
2253,IL & FS Investment Managers Ltd.,INE050B01023,IVC,  261.95 ,IVC,  261.75 ,-, - ,  261.85 ,Small Cap
2254,NTC INDUSTRIES LIMITED,INE920C01017,NTCIND,  261.04 ,-, - ,-, - ,  261.04 ,Small Cap
2255,Innovassynth Investments Limited,INE690J01011,INOVSYNTH,  259.98 ,-, - ,-, - ,  259.98 ,Small Cap
2256,Galaxy Bearings Ltd.,INE020S01012,GALXBRG,  259.73 ,-, - ,-, - ,  259.73 ,Small Cap
2257,Kothari Sugars & Chemicals Ltd.,INE419A01022,-, - ,KOTARISUG,  259.52 ,-, - ,  259.52 ,Small Cap
2258,Sadhana Nitrochem Ltd.,INE888C01040,SADHNANIQ,  260.44 ,SADHNANIQ,  258.58 ,-, - ,  259.51 ,Small Cap
2259,Competent Automobiles Co. Ltd.,INE823B01015,COMPEAU,  258.81 ,-, - ,-, - ,  258.81 ,Small Cap
2260,Gillanders Arbuthnot & Co. Ltd.,INE047B01011,GILLANDERS,  258.39 ,GILLANDERS,  258.28 ,-, - ,  258.34 ,Small Cap
2261,The Indian Wood Products Co. Ltd.,INE586E01020,IWP,  258.12 ,-, - ,-, - ,  258.12 ,Small Cap
2262,Coastal Corporation Limited,INE377E01024,COASTCORP,  257.81 ,COASTCORP,  257.95 ,-, - ,  257.88 ,Small Cap
2263,JASCH GAUGING TECHNOLOGIES LIMITED,INE0QXV01014,JGTL,  257.83 ,-, - ,-, - ,  257.83 ,Small Cap
2264,Asian Hotels (East) Limited,INE926K01017,AHLEAST,  257.58 ,AHLEAST,  257.77 ,-, - ,  257.68 ,Small Cap
2265,Sakthi Sugars Ltd.,INE623A01011,SAKHTISUG,  257.53 ,SAKHTISUG,  257.26 ,-, - ,  257.39 ,Small Cap
2266,Karbonsteel Engineering Limited,INE0V8A01016,KARBON,  256.41 ,-, - ,-, - ,  256.41 ,Small Cap
2267,DRC Systems India Limited,INE03RS01027,DRCSYSTEMS,  257.06 ,DRCSYSTEMS,  255.70 ,-, - ,  256.38 ,Small Cap
2268,Zodiac Clothing Co. Ltd.,INE206B01013,ZODIACLOTH,  256.15 ,ZODIACLOTH,  255.79 ,-, - ,  255.97 ,Small Cap
2269,Vijay Solvex Ltd.,INE362D01010,VIJSOLX,  255.82 ,-, - ,-, - ,  255.82 ,Small Cap
2270,Comfort Intech Ltd,INE819A01049,COMFINTE,  255.82 ,-, - ,-, - ,  255.82 ,Small Cap
2271,K. M. Sugar Mills Ltd.,INE157H01023,KMSUGAR,  255.83 ,KMSUGAR,  255.71 ,-, - ,  255.77 ,Small Cap
2272,Intense Technologies,INE781A01025,INTENTECH,  256.18 ,INTENTECH,  255.19 ,-, - ,  255.69 ,Small Cap
2273,Omax Autos Ltd.,INE090B01011,OMAXAUTO,  255.96 ,OMAXAUTO,  255.22 ,-, - ,  255.59 ,Small Cap
2274,ARCL Organics Ltd,INE372M01010,ARCL,  254.95 ,-, - ,-, - ,  254.95 ,Small Cap
2275,Power & Instrumentation (Gujarat) Limited,INE557Z01018,PIGL,  254.95 ,PIGL,  254.21 ,-, - ,  254.58 ,Small Cap
2276,Loyal Equipments Limited,INE876S01017,LOYAL,  254.31 ,-, - ,-, - ,  254.31 ,Small Cap
2277,Indiabulls Limited,INE126M01010,IBULLSLTD,  298.62 ,IBULLSLTD,  209.55 ,-, - ,  254.09 ,Small Cap
2278,ONE GLOBAL SERVICE PROVIDER LIMITED,INE670O01013,ONEGLOBAL,  254.05 ,-, - ,-, - ,  254.05 ,Small Cap
2279,Kalyani Forge Ltd.,INE314G01014,KALYANIFRG,  253.93 ,KALYANIFRG,  253.51 ,-, - ,  253.72 ,Small Cap
2280,Trishakti Industries Limited,INE238C01022,TRISHAKT,  253.60 ,-, - ,-, - ,  253.60 ,Small Cap
2281,Rikhav Securities Limited,INE0CFH01028,RIKHAV,  253.05 ,-, - ,-, - ,  253.05 ,Small Cap
2282,M.K.Proteins Limited,INE964W01021,MKPL,  253.24 ,MKPL,  252.65 ,-, - ,  252.94 ,Small Cap
2283,Suditi Industries Ltd.,INE691D01012,SUDTIND-B,  252.42 ,-, - ,-, - ,  252.42 ,Small Cap
2284,Ponni Sugars (Erode) Ltd.,INE838E01017,PONNIERODE,  252.20 ,PONNIERODE,  252.11 ,-, - ,  252.16 ,Small Cap
2285,Sayaji Hotels (Pune) Limited,INE07G501017,SHPLPUNE,  251.10 ,-, - ,-, - ,  251.10 ,Small Cap
2286,MACH CONFERENCES AND EVENTS LIMITED,INE0UYT01018,MCEL,  250.96 ,-, - ,-, - ,  250.96 ,Small Cap
2287,Murudeshwar Ceramics Ltd.,INE692B01014,MURUDCERA,  251.07 ,MURUDCERA,  250.80 ,-, - ,  250.93 ,Small Cap
2288,NILACHAL CARBO METALICKS LIMITED,INE346R01013,NCML,  250.57 ,-, - ,-, - ,  250.57 ,Small Cap
2289,Chemkart India Limited,INE0VWL01017,CHEMKART,  246.84 ,-, - ,-, - ,  246.84 ,Small Cap
2290,CP CAPITAL LIMITED,INE521J01018,CPCAP,  246.95 ,CPCAP,  246.71 ,-, - ,  246.83 ,Small Cap
2291,Niraj Cement Structurals Limited,INE368I01016,NIRAJ,  249.00 ,NIRAJ,  242.64 ,-, - ,  245.82 ,Small Cap
2292,Aeroflex Neu Limited,INE035801013,AERONEU,  245.61 ,AERONEU,  245.81 ,-, - ,  245.71 ,Small Cap
2293,Ambalal Sarabhai Enterprise Ltd.,INE432A01017,AMBALALSA,  245.70 ,-, - ,-, - ,  245.70 ,Small Cap
2294,Super Sales India Ltd.,INE091C01017,SUPER,  245.61 ,-, - ,-, - ,  245.61 ,Small Cap
2295,Kavi Commercial Company Limited,INE828V01012,-, - ,-, - ,KCCL,  245.00 ,  245.00 ,Small Cap
2296,Generic Engineering Construction and Projects Limited,INE854S01022,GENCON,  245.42 ,GENCON,  244.49 ,-, - ,  244.95 ,Small Cap
2297,JAYSYNTH ORGOCHEM LIMITED,INE263B01022,JAYSYNTH,  244.88 ,-, - ,-, - ,  244.88 ,Small Cap
2298,SUGS LLOYD LIMITED,INE0XX801016,SUGSLLOYD,  244.80 ,-, - ,-, - ,  244.80 ,Small Cap
2299,India Gelatine & Chemicals Ltd.,INE342D01012,INDGELA,  244.71 ,-, - ,-, - ,  244.71 ,Small Cap
2300,KPT INDUSTRIES LIMITED,INE731D01024,KPT,  244.21 ,-, - ,-, - ,  244.21 ,Small Cap
2301,S.A.L. Steel Ltd.,INE658G01014,SALSTEEL,  244.80 ,SALSTEEL,  243.42 ,-, - ,  244.11 ,Small Cap
2302,REGENCY FINCORP LIMITED,INE964R01013,REGENCY,  243.49 ,-, - ,-, - ,  243.49 ,Small Cap
2303,Atal Realtech Limited,INE0ALR01029,ATALREAL,  242.91 ,ATALREAL,  242.57 ,-, - ,  242.74 ,Small Cap
2304,Alfred Herbert (India) Ltd.,INE782D01027,ALFREDHE,  242.73 ,-, - ,-, - ,  242.73 ,Small Cap
2305,P.G.Foils Ltd.,INE078D01012,PGFOILQ,  242.73 ,-, - ,-, - ,  242.73 ,Small Cap
2306,Videocon Industries Ltd.,INE703A01011,VIDEOIND,  242.48 ,-, - ,-, - ,  242.48 ,Small Cap
2307,BCC Fuba India Ltd.,INE788D01016,BCCFUBA,  242.23 ,-, - ,-, - ,  242.23 ,Small Cap
2308,SHAH METACORP LIMITED,INE482J01021,SHAH,  244.36 ,SHAH,  239.97 ,-, - ,  242.16 ,Small Cap
2309,Shiva Texyarn Ltd.,INE705C01020,SHIVATEX,  242.11 ,SHIVATEX,  241.15 ,-, - ,  241.63 ,Small Cap
2310,Chembond Material Technologies Limited,INE995D01025,CHEMBOND,  241.55 ,CHEMBOND,  241.05 ,-, - ,  241.30 ,Small Cap
2311,NAVKAR URBANSTRUCTURE LIMITED,INE268H01044,NAVKARURB,  241.04 ,NAVKARURB,  239.33 ,-, - ,  240.18 ,Small Cap
2312,Bimetal Bearings Ltd,INE469A01019,BIMETAL,  239.91 ,-, - ,-, - ,  239.91 ,Small Cap
2313,SERA INVESTMENTS & FINANCE INDIA LIMITED,INE017I01027,SERA,  239.72 ,-, - ,-, - ,  239.72 ,Small Cap
2314,Cords Cable Industries Limited,INE792I01017,CORDSCABLE,  238.99 ,CORDSCABLE,  238.99 ,-, - ,  238.99 ,Small Cap
2315,Aban  Offshore Ltd.,INE421A01028,ABAN,  238.78 ,ABAN,  238.60 ,-, - ,  238.69 ,Small Cap
2316,United Van Der Horst Ltd.,INE890G01021,UVDRHOR,  238.56 ,-, - ,-, - ,  238.56 ,Small Cap
2317,Panasonic Carbon India Co.Ltd,INE013E01017,PANCARBON,  238.49 ,-, - ,-, - ,  238.49 ,Small Cap
2318,Aplab Ltd.,INE273A01015,APLAB,  238.14 ,-, - ,-, - ,  238.14 ,Small Cap
2319,DEV INFORMATION TECHNOLOGY LIMITED,INE060X01034,DEVIT,  237.40 ,DEVIT,  237.23 ,-, - ,  237.31 ,Small Cap
2320,GAME CHANGERS TEXFAB LIMITED,INE1GUJ01014,TRADEUNO,  237.06 ,-, - ,-, - ,  237.06 ,Small Cap
2321,Trigyn Technologies Ltd.,INE948A01012,TRIGYN,  236.73 ,TRIGYN,  236.43 ,-, - ,  236.58 ,Small Cap
2322,Worth Peripherals Limited,INE196Y01018,WORTHPERI,  234.17 ,WORTHPERI,  238.06 ,-, - ,  236.12 ,Small Cap
2323,Indian Link Chain Mnfrs. Ltd.,INE359D01024,INLCM,  235.67 ,-, - ,-, - ,  235.67 ,Small Cap
2324,Swadeshi Polytex Ltd.,INE243N01029,SWADPOL,  235.46 ,-, - ,-, - ,  235.46 ,Small Cap
2325,Alpine Housing Development Corporat,INE840D01015,ALPINEHOU,  234.41 ,-, - ,-, - ,  234.41 ,Small Cap
2326,Shradha AI Technologies Limited,INE489B01031,SHRAAITECH,  233.55 ,-, - ,SHRAAITECH,  233.53 ,  233.54 ,Small Cap
2327,BALAXI PHARMACEUTICALS LTD.,INE618N01022,-, - ,BALAXI,  233.48 ,-, - ,  233.48 ,Small Cap
2328,DHARAN INFRA-EPC LIMITED,INE278R01034,DHARAN,  237.13 ,DHARAN,  228.65 ,-, - ,  232.89 ,Small Cap
2329,Mahalaxmi Rubtech Ltd.,INE112D01035,MHLXMIRU,  232.61 ,MHLXMIRU,  232.48 ,-, - ,  232.55 ,Small Cap
2330,PATEL CHEM SPECIALITIES LIMITED,INE161701011,PATELCHEM,  232.38 ,-, - ,-, - ,  232.38 ,Small Cap
2331,Rathi Steel & Power Ltd,INE336C01016,RATHIST,  232.29 ,-, - ,-, - ,  232.29 ,Small Cap
2332,Frick India Limited,INE499C01012,-, - ,-, - ,FRICKINDIA,  231.74 ,  231.74 ,Small Cap
2333,Hindustan Organic Chemicals Ltd.,INE048A01011,HOCL,  231.63 ,-, - ,-, - ,  231.63 ,Small Cap
2334,LGB Forge Limited,INE201J01017,LGBFORGE,  230.77 ,-, - ,-, - ,  230.77 ,Small Cap
2335,CRYOGENIC OGS LIMITED,INE0TL001013,CRYOGENIC,  230.50 ,-, - ,-, - ,  230.50 ,Small Cap
2336,Cochin Minerals & Rutile Ltd.,INE105D01013,COCHINM,  230.18 ,-, - ,-, - ,  230.18 ,Small Cap
2337,The United Nilgiri Tea Estates Company Ltd.,INE458F01011,-, - ,UNITEDTEA,  230.17 ,-, - ,  230.17 ,Small Cap
2338,The Peria Karamalai Tea & Produce Company Ltd.,INE431F01018,-, - ,PKTEA,  230.14 ,-, - ,  230.14 ,Small Cap
2339,Rane Engine Valve Limited,INE222J01013,RANEENGINE,  230.06 ,-, - ,-, - ,  230.06 ,Small Cap
2340,ORGANIC RECYCLING SYSTEMS LIMITED,INE0MIO01019,ORGANICREC,  229.62 ,-, - ,-, - ,  229.62 ,Small Cap
2341,Artificial Electronics Intelligent Material Limited,INE072B01027,AEIM,  229.62 ,-, - ,-, - ,  229.62 ,Small Cap
2342,Bannari Amman Spinning Mills Ltd,INE186H01022,BASML,  229.66 ,BASML,  229.45 ,-, - ,  229.56 ,Small Cap
2343,Coromandel Engineering Company Limited,INE312J01012,COROENGG,  229.34 ,-, - ,-, - ,  229.34 ,Small Cap
2344,SELLWIN TRADERS LIMITED,INE195F01027,SELLWIN,  229.33 ,-, - ,-, - ,  229.33 ,Small Cap
2345,Kritika Wires Ltd.,INE00Z501029,-, - ,KRITIKA,  229.13 ,-, - ,  229.13 ,Small Cap
2346,Glen Industries Limited,INE0UMC01019,GLEN,  228.95 ,-, - ,-, - ,  228.95 ,Small Cap
2347,ABans Enterprises Limited,INE365O01028,ABANSENT,  228.76 ,-, - ,ABANS,  228.74 ,  228.75 ,Small Cap
2348,AGRIBIO SPIRITS LIMITED,INE679E01015,AGRIBIO,  228.71 ,-, - ,-, - ,  228.71 ,Small Cap
2349,RRIL LIMITED,INE951M01037,RRIL,  228.61 ,-, - ,-, - ,  228.61 ,Small Cap
2350,AMJ LAND HOLDINGS LIMITED,INE606A01024,AMJLAND,  228.44 ,AMJLAND,  228.23 ,-, - ,  228.33 ,Small Cap
2351,TEAM INDIA GUARANTY LIMITED,INE289C01025,TEAMGTY,  229.07 ,TEAMGTY,  227.39 ,-, - ,  228.23 ,Small Cap
2352,Indowind Energy Ltd.,INE227G01018,INDOWIND,  228.09 ,INDOWIND,  227.87 ,-, - ,  227.98 ,Small Cap
2353,CHATHA FOODS LIMITED,INE0AH901011,CHATHA,  227.01 ,-, - ,-, - ,  227.01 ,Small Cap
2354,Anka India Ltd.,INE067C01025,ANKIN,  226.92 ,-, - ,-, - ,  226.92 ,Small Cap
2355,Neelamalai Agro Industries Ltd.,INE605D01012,NEAGI,  226.46 ,-, - ,-, - ,  226.46 ,Small Cap
2356,Chandrima Mercantiles limited ,INE371F01024,CHANDRIMA,  226.11 ,-, - ,-, - ,  226.11 ,Small Cap
2357,Maral Overseas Ltd.,INE882A01013,MARALOVER,  226.35 ,MARALOVER,  225.81 ,-, - ,  226.08 ,Small Cap
2358,Syschem (India) Ltd.,INE121D01036,SYSCHEM,  225.84 ,-, - ,-, - ,  225.84 ,Small Cap
2359,Vintron Informatics Ltd.,INE043B01028,VINTRON,  225.65 ,-, - ,-, - ,  225.65 ,Small Cap
2360,PARADEEP PARIVAHAN LIMITED,INE0SMW01011,PPARIVAH,  225.59 ,-, - ,-, - ,  225.59 ,Small Cap
2361,VETO SWITCHGEARS AND CABLES LIMITED,INE918N01018,VETO,  225.41 ,VETO,  225.31 ,-, - ,  225.36 ,Small Cap
2362,Plaza Wires Limited,INE0INJ01017,PLAZACABLE,  224.44 ,PLAZACABLE,  224.21 ,-, - ,  224.33 ,Small Cap
2363,BHARATROHAN AIRBORNE INNOVATIONS LIMITED,INE0QMV01017,BHARATROHAN,  224.20 ,-, - ,-, - ,  224.20 ,Small Cap
2364,STAR IMAGING AND PATH LAB LIMITED,INE0YG001013,STARIMAGIN,  223.88 ,-, - ,-, - ,  223.88 ,Small Cap
2365,Purple Finance Limited,INE0CYK01015,PURPLEFIN,  223.86 ,-, - ,-, - ,  223.86 ,Small Cap
2366,Lakshmi Electrical Control Systems,INE284C01018,LAKSELEC,  223.70 ,-, - ,-, - ,  223.70 ,Small Cap
2367,Schneider Electric President Systems Limited,INE155D01018,-, - ,-, - ,SELECTRIC,  223.06 ,  223.06 ,Small Cap
2368,SAB INDUSTRIES LIMITED,INE137M01017,SAB,  222.63 ,-, - ,-, - ,  222.63 ,Small Cap
2369,Setco Automotive Limited,INE878E01021,SETCO,  222.86 ,SETCO,  222.27 ,-, - ,  222.56 ,Small Cap
2370,Taylormade Renewables Limited,INE459Z01017,TRL,  222.39 ,-, - ,-, - ,  222.39 ,Small Cap
2371,ICONIK SPORTS AND EVENTS LIMITED,INE088P01015,ICONIKSPEV,  222.00 ,-, - ,-, - ,  222.00 ,Small Cap
2372,Global Offshore Services Ltd,INE446C01013,GLOBOFFS,  221.47 ,-, - ,-, - ,  221.47 ,Small Cap
2373,STRATMONT INDUSTRIES LIMITED,INE473C01025,STRATMONT,  220.14 ,-, - ,-, - ,  220.14 ,Small Cap
2374,Lotus Eye Hospital And Institute Limited,INE947I01017,LOTUSEYE,  219.94 ,LOTUSEYE,  219.68 ,-, - ,  219.81 ,Small Cap
2375,Siyaram Recycling Industries Limited,INE0QSK01017,SIYARAM,  219.74 ,-, - ,-, - ,  219.74 ,Small Cap
2376,Rana Sugars Ltd.,INE625B01014,RANASUG,  218.97 ,RANASUG,  218.93 ,-, - ,  218.95 ,Small Cap
2377,Quint Digital Limited,INE641R01017,QUINT,  218.56 ,-, - ,-, - ,  218.56 ,Small Cap
2378,Raj Television Network Ltd,INE952H01027,RAJTV,  218.21 ,RAJTV,  217.52 ,-, - ,  217.87 ,Small Cap
2379,Dai-Ichi Karkaria Ltd.,INE928C01010,DAICHI,  217.50 ,-, - ,-, - ,  217.50 ,Small Cap
2380,Anik Industries Limited,INE087B01017,ANIKINDS,  217.80 ,ANIKINDS,  217.04 ,-, - ,  217.42 ,Small Cap
2381,GAMCO LIMITED,INE890S01026,GAMCO,  217.21 ,-, - ,-, - ,  217.21 ,Small Cap
2382,AksharChem (India) Ltd.,INE542B01011,AKSHARCHEM,  216.69 ,AKSHARCHEM,  217.04 ,-, - ,  216.86 ,Small Cap
2383,Justo Realfintech Limited,INE0W5Q01017,JUSTO,  216.76 ,-, - ,-, - ,  216.76 ,Small Cap
2384,Narmada Gelatines Ltd.,INE869A01010,SHAWGELTIN,  216.75 ,-, - ,-, - ,  216.75 ,Small Cap
2385,Praxis Home Retail Limited ,INE546Y01022,PRAXIS,  217.13 ,PRAXIS,  215.21 ,-, - ,  216.17 ,Small Cap
2386,Aarey Drugs & Pharmaceuticals Ltd,INE198H01019,AAREYDRUGS,  215.59 ,AAREYDRUGS,  216.36 ,-, - ,  215.98 ,Small Cap
2387,Paul Merchants Ltd.,INE291E01019,PML,  215.69 ,-, - ,-, - ,  215.69 ,Small Cap
2388,VARIMAN GLOBAL ENTERPRISES LIMITED,INE717F01028,VARIMAN,  215.31 ,-, - ,-, - ,  215.31 ,Small Cap
2389,BDH Industries Ltd.,INE278D01018,BDH,  215.30 ,-, - ,-, - ,  215.30 ,Small Cap
2390,Natural Capsules Ltd.,INE936B01015,NATCAPSUQ,  215.22 ,NATCAPSUQ,  215.23 ,-, - ,  215.22 ,Small Cap
2391,TRUE GREEN BIO ENERGY LIMITED,INE672K01025,TRUEGREEN,  215.07 ,-, - ,-, - ,  215.07 ,Small Cap
2392,Digicontent Limited,INE03JI01017,DGCONTENT,  215.23 ,DGCONTENT,  214.61 ,-, - ,  214.92 ,Small Cap
2393,Scan Steels Limited,INE099G01011,SCANSTL,  214.26 ,-, - ,-, - ,  214.26 ,Small Cap
2394,Veer Global Infraconstruction Limited,INE244W01010,VGIL,  213.62 ,-, - ,-, - ,  213.62 ,Small Cap
2395,Sadbhav Engineering Ltd.,INE226H01026,SADBHAV,  213.52 ,SADBHAV,  213.26 ,-, - ,  213.39 ,Small Cap
2396,LAXMIPATI ENGINEERING WORKS LIMITED,INE920P01019,LAXMIPATI,  213.39 ,-, - ,-, - ,  213.39 ,Small Cap
2397,Sri Sarvaraya Sugars Limited,INE658W01011,-, - ,-, - ,SARVARAYA,  212.44 ,  212.44 ,Small Cap
2398,NSB BPO Solutions Limited,INE0SLP01017,NSBBPO,  211.99 ,-, - ,-, - ,  211.99 ,Small Cap
2399,Garnet International Limited,INE590B01010,GARNETINT,  211.45 ,-, - ,-, - ,  211.45 ,Small Cap
2400,Captain Pipes Limited,INE513R01026,CAPPIPES,  210.99 ,-, - ,-, - ,  210.99 ,Small Cap
2401,CANDOUR TECHTEX LIMITED,INE713D01055,CANDOUR,  209.56 ,-, - ,CANDOUR,  212.34 ,  210.95 ,Small Cap
2402,Landmarc Leisure Corporation Ltd.,INE394C01023,LANDMARC,  210.51 ,-, - ,-, - ,  210.51 ,Small Cap
2403,Sampre Nutritions Ltd.,INE375C01022,SAMPRE,  210.36 ,-, - ,-, - ,  210.36 ,Small Cap
2404,MILGREY FINANCE & INVESTMENT LTD,INE679T01013,ZMILGFIN,  209.21 ,-, - ,-, - ,  209.21 ,Small Cap
2405,APOLLO TECHNO INDUSTRIES LIMITED,INE0X4A01013,ATIL,  208.00 ,-, - ,-, - ,  208.00 ,Small Cap
2406,Omnitex Industries (India) Ltd.,INE814D01010,OMNITEX,  207.33 ,-, - ,-, - ,  207.33 ,Small Cap
2407,Shree Ajit Pulp And Paper Ltd,INE185C01017,SAPPL,  207.07 ,-, - ,-, - ,  207.07 ,Small Cap
2408,Aspinwall and Company Ltd.,INE991I01015,-, - ,ASPINWALL,  206.92 ,-, - ,  206.92 ,Small Cap
2409,Ashapuri Gold Ornament Limited,INE05FR01029,AGOL,  206.84 ,-, - ,-, - ,  206.84 ,Small Cap
2410,K. V. TOYS INDIA LIMITED,INE1IE301018,KVTOYS,  206.73 ,-, - ,-, - ,  206.73 ,Small Cap
2411,Silverline Technologies Ltd.,INE368A01021,SILVERLINE,  206.65 ,-, - ,-, - ,  206.65 ,Small Cap
2412,Infinity Infoway Limited,INE16XA01017,INFINITY,  206.64 ,-, - ,-, - ,  206.64 ,Small Cap
2413,GOURMET GATEWAY INDIA LIMITED,INE512D01028,GOURMET,  206.17 ,-, - ,-, - ,  206.17 ,Small Cap
2414,Bambino Agro Industries Ltd,INE921D01013,BAMBINO,  205.81 ,-, - ,-, - ,  205.81 ,Small Cap
2415,GP Petroleums Limited,INE586G01017,GULFPETRO,  205.32 ,GULFPETRO,  205.18 ,-, - ,  205.25 ,Small Cap
2416,HIM TEKNOFORGE LIMITED,INE705G01021,HIMTEK,  205.15 ,-, - ,-, - ,  205.15 ,Small Cap
2417,Aashka Hospitals Limited,INE0EAX01014,AASHKA,  204.83 ,-, - ,-, - ,  204.83 ,Small Cap
2418,Waterbase Limited,INE054C01015,WATERBASE,  204.06 ,-, - ,-, - ,  204.06 ,Small Cap
2419,North Eastern Carrying Corporation Limited,INE553C01016,NECCLTD,  205.77 ,NECCLTD,  202.23 ,-, - ,  204.00 ,Small Cap
2420,Diksat Transworld Limited,INE942P01013,DIKSAT,  203.75 ,-, - ,-, - ,  203.75 ,Small Cap
2421,Suraj Industries Limited.,INE170U01011,SURJIND,  203.48 ,-, - ,-, - ,  203.48 ,Small Cap
2422,Som Datt Finance Corporation Ltd.,INE754C01010,SODFC,  203.17 ,-, - ,-, - ,  203.17 ,Small Cap
2423,Jullundur Motor Agency (Delhi) Ltd.,INE412C01023,-, - ,JMA,  202.93 ,-, - ,  202.93 ,Small Cap
2424,Nitiraj Engineers Ltd.,INE439T01012,-, - ,NITIRAJ,  202.00 ,-, - ,  202.00 ,Small Cap
2425,EQUIPPP SOCIAL IMPACT TECHNOLOGIES LIMITED,INE217G01035,EQUIPPP,  202.59 ,EQUIPPP,  200.69 ,-, - ,  201.64 ,Small Cap
2426,Wardwizard Foods and Beverages Limited,INE761D01021,WARDWIZFBL,  201.47 ,-, - ,-, - ,  201.47 ,Small Cap
2427,JK Agri Genetics Limited,INE690O01011,JKAGRI,  201.28 ,-, - ,-, - ,  201.28 ,Small Cap
2428,Swastika Investmart Ltd,INE691C01022,SWASTIKA,  199.56 ,-, - ,-, - ,  199.56 ,Small Cap
2429,INCREDIBLE INDUSTRIES LIMITED,INE452L01012,INCREDIBLE,  200.61 ,INCREDIBLE,  198.23 ,-, - ,  199.42 ,Small Cap
2430,Reliance Home Finance Limited,INE217K01011,RHFL,  200.07 ,RHFL,  198.67 ,-, - ,  199.37 ,Small Cap
2431,Amba Enterprises Ltd.,INE829P01020,AEL,  198.76 ,-, - ,-, - ,  198.76 ,Small Cap
2432,STAR HOUSING FINANCE LIMITED,INE526R01028,STARHFL,  198.73 ,-, - ,-, - ,  198.73 ,Small Cap
2433,Jhaveri Credits & Capital Ltd.,INE865D01012,JHACC,  198.58 ,-, - ,-, - ,  198.58 ,Small Cap
2434,Tips Films Limited,INE0LQS01015,TIPSFILMS,  198.23 ,TIPSFILMS,  198.05 ,-, - ,  198.14 ,Small Cap
2435,Emmbi Industries Limited,INE753K01015,EMMBI,  199.43 ,EMMBI,  196.80 ,-, - ,  198.11 ,Small Cap
2436,Archidply Industries Limited,INE877I01016,ARCHIDPLY,  198.36 ,ARCHIDPLY,  197.74 ,-, - ,  198.05 ,Small Cap
2437,Century Extrusions Ltd.,INE281A01026,CENTEXT,  197.39 ,CENTEXT,  196.88 ,-, - ,  197.14 ,Small Cap
2438,Inflame Appliances Limited,INE464Z01017,INFLAME,  196.46 ,-, - ,-, - ,  196.46 ,Small Cap
2439,DUROPLY INDUSTRIES LIMITED,INE932D01010,DUROPLY,  196.18 ,-, - ,-, - ,  196.18 ,Small Cap
2440,KEYNOTE FINANCIAL SERVICES LIMITED,INE681C01015,KEYFINSERV,  196.40 ,KEYFINSERV,  195.80 ,-, - ,  196.10 ,Small Cap
2441,Empower India Limited,INE507F01023,EMPOWER,  196.07 ,-, - ,-, - ,  196.07 ,Small Cap
2442,Mother Nutri Foods Limited,INE0UH001016,MNFL,  195.97 ,-, - ,-, - ,  195.97 ,Small Cap
2443,KIMIA BIOSCIENCES LIMITED,INE285U01025,KIMIABL,  195.81 ,-, - ,-, - ,  195.81 ,Small Cap
2444,Integra Essentia Limited,INE418N01035,ESSENTIA,  196.01 ,ESSENTIA,  195.57 ,-, - ,  195.79 ,Small Cap
2445,Tainwala Chemicals & Plastics Ltd,INE123C01018,TAINWALCHM,  195.50 ,TAINWALCHM,  195.42 ,-, - ,  195.46 ,Small Cap
2446,Gallard Steel Limited,INE0BUQ01012,GALLARD,  195.14 ,-, - ,-, - ,  195.14 ,Small Cap
2447,MAURIA UDYOG LIMITED,INE150D01027,MUL,  195.09 ,-, - ,-, - ,  195.09 ,Small Cap
2448,Pharmaids Pharmaceuticals Ltd.,INE117D01018,PHARMAID,  194.99 ,-, - ,-, - ,  194.99 ,Small Cap
2449,Active Clothing Co  Limited,INE380Z01015,ACTIVE,  194.90 ,-, - ,-, - ,  194.90 ,Small Cap
2450,CHL Limited,INE790D01020,CHLLTD,  194.86 ,-, - ,-, - ,  194.86 ,Small Cap
2451,Kavveri Defence & Wireless Technologies Limited,INE641C01019,KAVDEFENCE,  173.65 ,KAVDEFENCE,  215.18 ,-, - ,  194.41 ,Small Cap
2452,Arvee Laboratories (India) Ltd.,INE006Z01016,-, - ,ARVEE,  194.01 ,-, - ,  194.01 ,Small Cap
2453,Excel Realty N Infra Limited,INE688J01023,EXCEL,  195.00 ,EXCEL,  192.94 ,-, - ,  193.97 ,Small Cap
2454,Sikko Industries Ltd.,INE112X01025,-, - ,SIKKO,  193.56 ,-, - ,  193.56 ,Small Cap
2455,CHEMTECH INDUSTRIAL VALVES LIMITED,INE212P01011,CHEMTECH,  193.19 ,-, - ,-, - ,  193.19 ,Small Cap
2456,ATV Projects India Ltd,INE447A01015,ATVPR,  192.61 ,-, - ,-, - ,  192.61 ,Small Cap
2457,Bilcare Ltd.,INE986A01012,BI,  191.98 ,-, - ,-, - ,  191.98 ,Small Cap
2458,Machino Plastics Ltd,INE082B01018,MACPLASQ,  191.76 ,-, - ,-, - ,  191.76 ,Small Cap
2459,Alpa Laboratories Limited,INE385I01010,ALPA,  191.81 ,ALPA,  191.51 ,-, - ,  191.66 ,Small Cap
2460,ACS TECHNOLOGIES LIMITED,INE366C01021,ACSTECH,  191.34 ,-, - ,-, - ,  191.34 ,Small Cap
2461,Gayatri Projects Limited,INE336H01023,GAYAPROJ,  191.18 ,-, - ,-, - ,  191.18 ,Small Cap
2462,Rajasthan Tube Mfg. Co,INE497E01020,RAJTUBE,  190.49 ,-, - ,-, - ,  190.49 ,Small Cap
2463,HCP PLASTENE BULKPACK LIMITED,INE136C01044,HPBL,  190.02 ,-, - ,-, - ,  190.02 ,Small Cap
2464,Panchsheel Organic Ltd.,INE316G01019,PANCHSHEEL,  189.78 ,-, - ,-, - ,  189.78 ,Small Cap
2465,Dolfin Rubbers Limited,INE666Y01010,DOLFIN,  189.73 ,-, - ,-, - ,  189.73 ,Small Cap
2466,Kesoram Industries Ltd,INE087A01019,KESORAMIND,  189.24 ,KESORAMIND,  188.91 ,-, - ,  189.07 ,Small Cap
2467,Dhunseri Tea & Industries Ltd,INE341R01014,DTIL,  188.98 ,DTIL,  188.69 ,-, - ,  188.83 ,Small Cap
2468,Umang Dairies Limited,INE864B01027,UMANGDAIRY,  188.74 ,-, - ,-, - ,  188.74 ,Small Cap
2469,Mangalam Industrial Finance Limited,INE717C01025,MANGIND,  188.72 ,-, - ,-, - ,  188.72 ,Small Cap
2470,STAR DELTA TRANSFORMERS LIMITED,INE541K01014,STARDELTA,  188.61 ,-, - ,-, - ,  188.61 ,Small Cap
2471,Avro India Limited,INE652Z01017,AVROIND,  188.33 ,AVROIND,  187.79 ,-, - ,  188.06 ,Small Cap
2472,W.H. Brady & Co. Ltd.,INE855A01019,WHBRADY,  187.62 ,-, - ,-, - ,  187.62 ,Small Cap
2473,Upsurge Investment And Finance Ltd.,INE890B01014,UPSURGE,  186.93 ,-, - ,-, - ,  186.93 ,Small Cap
2474,VJTF Eduservices Limited,INE117F01013,VJTFEDU,  186.45 ,-, - ,-, - ,  186.45 ,Small Cap
2475,DHP India Ltd.,INE590D01016,DHPIND,  186.27 ,-, - ,-, - ,  186.27 ,Small Cap
2476,Ace Alpha Tech Limited,INE0S9X01011,ACEALPHA,  185.88 ,-, - ,-, - ,  185.88 ,Small Cap
2477,Manaksia Aluminium Company Ltd,INE859Q01017,MANAKALUCO,  186.18 ,MANAKALUCO,  185.28 ,-, - ,  185.73 ,Small Cap
2478,Bharat Road Network Limited,INE727S01012,BRNL,  185.61 ,BRNL,  185.48 ,-, - ,  185.54 ,Small Cap
2479,DCM Ltd.,INE498A01018,DCM,  184.89 ,DCM,  184.87 ,-, - ,  184.88 ,Small Cap
2480,Atvo Enterprises Limited,INE219M01021,ATVOENT,  184.14 ,-, - ,-, - ,  184.14 ,Small Cap
2481,Nutricircle Limited,INE536C01029,NUTRICIRCLE,  184.03 ,-, - ,-, - ,  184.03 ,Small Cap
2482,Coral Laboratories Ltd.,INE683E01017,CORALAB,  183.96 ,-, - ,-, - ,  183.96 ,Small Cap
2483,Ecoplast Ltd.,INE423D01010,ECOPLAST,  183.84 ,-, - ,-, - ,  183.84 ,Small Cap
2484,Bright Brothers Ltd.,INE630D01010,BRIGHTBR,  183.37 ,-, - ,-, - ,  183.37 ,Small Cap
2485,SILICON RENTAL SOLUTIONS LIMITED,INE0MNV01014,SRSOLTD,  183.12 ,-, - ,-, - ,  183.12 ,Small Cap
2486,Sayaji Industries Limited,INE327G01032,SAYAJIIND,  182.89 ,-, - ,-, - ,  182.89 ,Small Cap
2487,Patels Airtemp (I) Ltd.,INE082C01024,PATELSAI,  182.87 ,-, - ,-, - ,  182.87 ,Small Cap
2488,EYANTRA VENTURES LIMITED,INE750G01019,EY,  182.83 ,-, - ,-, - ,  182.83 ,Small Cap
2489,SK Minerals & Additives Limited,INE13YH01017,SKM,  182.65 ,-, - ,-, - ,  182.65 ,Small Cap
2490,Aartech Solonics Limited,INE01C001026,AARTECH,  182.51 ,AARTECH,  182.49 ,-, - ,  182.50 ,Small Cap
2491,LORENZINI APPARELS LIMITED,INE740X01023,LAL,  182.79 ,LAL,  182.16 ,-, - ,  182.48 ,Small Cap
2492,SHARVAYA METALS LIMITED,INE0UJF01018,SHARVAYA,  182.19 ,-, - ,-, - ,  182.19 ,Small Cap
2493,Tulive Developers Limited,INE637D01015,TULIVE,  182.15 ,-, - ,-, - ,  182.15 ,Small Cap
2494,Ahmedabad Steelcraft Ltd.,INE868C01018,AHMDSTE,  182.03 ,-, - ,-, - ,  182.03 ,Small Cap
2495,IP Rings Ltd.,INE558A01019,IPRINGLTD,  181.81 ,-, - ,-, - ,  181.81 ,Small Cap
2496,Sonam Ltd.,INE00LM01029,-, - ,SONAMLTD,  181.61 ,-, - ,  181.61 ,Small Cap
2497,Savera Industries Ltd.,INE104E01014,SAVERA,  181.55 ,-, - ,-, - ,  181.55 ,Small Cap
2498,Vishwaraj Sugar Industries Limited,INE430N01022,VISHWARAJ,  181.49 ,VISHWARAJ,  181.42 ,-, - ,  181.45 ,Small Cap
2499,7SEAS ENTERTAINMENT LIMITED,INE454F01010,7SEASL,  181.39 ,-, - ,-, - ,  181.39 ,Small Cap
2500,Milkfood Ltd.,INE588G01021,MLKFOOD,  181.31 ,-, - ,-, - ,  181.31 ,Small Cap
2501,Winsome Textile Industries Ltd,INE837B01031,WINSOMTX,  181.11 ,-, - ,-, - ,  181.11 ,Small Cap
2502,Parshva Enterprises Limited,INE05MV01019,PARSHVA,  181.07 ,-, - ,-, - ,  181.07 ,Small Cap
2503,Desco Infratech Limited,INE0TGG01014,DESCO,  180.24 ,-, - ,-, - ,  180.24 ,Small Cap
2504,Indian Terrain Fashions Limited,INE611L01021,INDTERRAIN,  180.75 ,INDTERRAIN,  179.17 ,-, - ,  179.96 ,Small Cap
2505,EXPO ENGINEERING AND PROJECTS LIMITED,INE561D01025,EXPOEAPL,  179.92 ,-, - ,-, - ,  179.92 ,Small Cap
2506,Prajay Engineers Syndicate Ltd.,INE505C01016,PRAENG,  180.12 ,PRAENG,  179.66 ,-, - ,  179.89 ,Small Cap
2507,AXIS SOLUTIONS LIMITED,INE520G01024,AXISOL,  179.78 ,-, - ,-, - ,  179.78 ,Small Cap
2508,HB Estate Developers Ltd.,INE640B01021,HBESD,  179.76 ,-, - ,-, - ,  179.76 ,Small Cap
2509,Bharat Agri Fert and Realty Ltd,INE842D01029,BHARATAGRI,  179.74 ,-, - ,-, - ,  179.74 ,Small Cap
2510,Mangalam Seeds Limited,INE829S01016,MSL,  179.66 ,-, - ,-, - ,  179.66 ,Small Cap
2511,SHRI BAJRANG ALLIANCE LIMITED,INE402H01015,SHBAJRG,  179.40 ,-, - ,-, - ,  179.40 ,Small Cap
2512,SBEC Sugar Ltd.,INE948G01019,SBECSUG,  179.10 ,-, - ,-, - ,  179.10 ,Small Cap
2513,KANORIA ENERGY AND INFRASTRUCTURE LIMITED,INE534E01020,KEIL,  179.04 ,-, - ,-, - ,  179.04 ,Small Cap
2514,Lancor Holdings Ltd.,INE572G01025,LANCORHOL,  178.08 ,LANCORHOL,  177.58 ,-, - ,  177.83 ,Small Cap
2515,Vaswani Industries Limited,INE590L01019,VASWANI,  177.48 ,VASWANI,  177.14 ,-, - ,  177.31 ,Small Cap
2516,Aarvi Encon Ltd.,INE754X01016,-, - ,AARVI,  177.28 ,-, - ,  177.28 ,Small Cap
2517,Deccan Bearings Ltd.,INE498D01012,DECANBRG,  177.16 ,-, - ,-, - ,  177.16 ,Small Cap
2518,Superhouse limited,INE712B01010,SUPERHOUSE,  176.90 ,SUPERHOUSE,  177.01 ,-, - ,  176.95 ,Small Cap
2519,Kanchi Karpooram Ltd.,INE081G01019,KANCHI,  176.66 ,-, - ,-, - ,  176.66 ,Small Cap
2520,Ambar Protein Industries Limited,INE072V01017,AMBARPIL,  176.38 ,-, - ,-, - ,  176.38 ,Small Cap
2521,International Combustion (India) Lt,INE403C01014,INTLCOMBQ,  176.00 ,-, - ,-, - ,  176.00 ,Small Cap
2522,R S Software India Ltd.,INE165B01029,RSSOFTWARE,  175.81 ,RSSOFTWARE,  175.94 ,-, - ,  175.88 ,Small Cap
2523,Apollo Finvest (India) Ltd.,INE412D01013,APOLLOFI,  175.87 ,-, - ,-, - ,  175.87 ,Small Cap
2524,Chemcrux Enterprises Limited,INE298W01016,CHEMCRUX,  174.44 ,-, - ,-, - ,  174.44 ,Small Cap
2525,Golden Crest Education & Services Limited,INE222U01010,GOLDENCREST,  174.42 ,-, - ,-, - ,  174.42 ,Small Cap
2526,Caprihans India Ltd.,INE479A01018,CAPRIHANS,  174.05 ,-, - ,-, - ,  174.05 ,Small Cap
2527,TAHMAR ENTERPRISES LIMITED,INE385D01029,TAHMARENT,  173.82 ,-, - ,-, - ,  173.82 ,Small Cap
2528,Soma Papers & Industries Ltd.,INE737E01011,SOMAPPR,  173.82 ,-, - ,-, - ,  173.82 ,Small Cap
2529,Coral India Finance And Housing Ltd,INE558D01021,CORALFINAC,  173.77 ,CORALFINAC,  173.73 ,-, - ,  173.75 ,Small Cap
2530,Shahlon Silk Industries Limited,INE052001026,SHAHLON,  173.74 ,-, - ,-, - ,  173.74 ,Small Cap
2531,IVP Ltd.,INE043C01018,IVP,  173.69 ,IVP,  173.54 ,-, - ,  173.61 ,Small Cap
2532,BSL Ltd.,INE594B01012,BSL,  173.07 ,BSL,  172.78 ,-, - ,  172.93 ,Small Cap
2533,OSIAJEE TEXFAB LIMITED,INE186R01013,OSIAJEE,  172.60 ,-, - ,-, - ,  172.60 ,Small Cap
2534,Akar Auto Industries Limited,INE864E01021,AAIL,  172.41 ,-, - ,-, - ,  172.41 ,Small Cap
2535,Tirupati Starch & Chemicals Ltd.,INE314D01011,TIRUSTA,  172.34 ,-, - ,-, - ,  172.34 ,Small Cap
2536,Ruchi Infrastructure Ltd,INE413B01023,RUCHINFRA,  172.09 ,RUCHINFRA,  171.92 ,-, - ,  172.01 ,Small Cap
2537,AG VENTURES LIMITED,INE321D01016,AGVENTURES,  171.45 ,-, - ,-, - ,  171.45 ,Small Cap
2538,AXENTRA CORP LIMITED,INE919M01026,AXENTRA,  171.27 ,-, - ,-, - ,  171.27 ,Small Cap
2539,NIS MANAGEMENT LIMITED,INE0M3X01010,NISMGMT,  171.18 ,-, - ,-, - ,  171.18 ,Small Cap
2540,Crown Lifters Ltd.,INE491V01019,-, - ,CROWN,  170.97 ,-, - ,  170.97 ,Small Cap
2541,Thacker & Co. Ltd.,INE077P01034,THACKER,  170.93 ,-, - ,-, - ,  170.93 ,Small Cap
2542,ASTONEA LABS LIMITED,INE0TG901011,ASTONEALAB,  170.61 ,-, - ,-, - ,  170.61 ,Small Cap
2543,Duncan Engineering Limited,INE340F01011,DUNCANENG,  170.27 ,-, - ,-, - ,  170.27 ,Small Cap
2544,Naturite Agro Products Limited,INE223R01014,NAPL,  170.27 ,-, - ,-, - ,  170.27 ,Small Cap
2545,SATTRIX INFORMATION SECURITY LIMITED,INE0QUV01010,SATTRIX,  170.15 ,-, - ,-, - ,  170.15 ,Small Cap
2546,Available Finance Ltd.,INE325G01010,AVAILFC,  169.86 ,-, - ,-, - ,  169.86 ,Small Cap
2547,Weizmann Limited.,INE080A01014,WEIZMANIND,  169.95 ,WEIZMANIND,  169.59 ,-, - ,  169.77 ,Small Cap
2548,S.V.J.ENTERPRISES LIMITED,INE0JZS01010,SVJ,  169.73 ,-, - ,-, - ,  169.73 ,Small Cap
2549,SOMI CONVEYOR BELTINGS LIMITED,INE323J01019,SOMICONVEY,  169.71 ,SOMICONVEY,  169.41 ,-, - ,  169.56 ,Small Cap
2550,Khoday India Ltd.,INE687B01014,KHODAY,  169.38 ,-, - ,-, - ,  169.38 ,Small Cap
2551,GVP Infotech Ltd.,INE382T01030,-, - ,GVPTECH,  168.73 ,-, - ,  168.73 ,Small Cap
2552,Autoriders International Ltd,INE340U01010,AUTOINT,  168.54 ,-, - ,-, - ,  168.54 ,Small Cap
2553,RESGEN LIMITED,INE0NYN01016,RESGEN,  168.31 ,-, - ,-, - ,  168.31 ,Small Cap
2554,Udayshivakumar infra Limited,INE0N0Y01013,USK,  168.29 ,USK,  168.14 ,-, - ,  168.22 ,Small Cap
2555,CRESSANDA RAILWAY SOLUTIONS LIMITED,INE716D01033,CRSL,  167.62 ,-, - ,-, - ,  167.62 ,Small Cap
2556,Modern Thread (India) Ltd.,INE794W01014,MODTHREAD,  168.50 ,MODTHREAD,  165.97 ,-, - ,  167.24 ,Small Cap
2557,Maheshwari Logistics Ltd.,INE263W01010,-, - ,MAHESHWARI,  167.17 ,-, - ,  167.17 ,Small Cap
2558,RKEC Projects Ltd.,INE786W01010,-, - ,RKEC,  165.85 ,-, - ,  165.85 ,Small Cap
2559,AARNAV FASHIONS LIMITED,INE750R01016,AARNAV,  165.41 ,-, - ,-, - ,  165.41 ,Small Cap
2560,Signet Industries Limited,INE529F01035,SIGIND,  165.54 ,SIGIND,  165.19 ,-, - ,  165.36 ,Small Cap
2561,Ducon Infratechnologies Limited,INE741L01018,DUCON,  165.36 ,DUCON,  165.23 ,-, - ,  165.30 ,Small Cap
2562,Mapro Industries Ltd,INE848M01019,MAPROIN,  164.99 ,-, - ,-, - ,  164.99 ,Small Cap
2563,Asian Hotels (West) Ltd,INE915K01010,AHLWEST,  164.57 ,-, - ,-, - ,  164.57 ,Small Cap
2564,Hindustan Adhesives Ltd.,INE074C01013,HINDADH,  164.33 ,-, - ,-, - ,  164.33 ,Small Cap
2565,Xelpmoc Design and Tech Limited,INE01P501012,XELPMOC,  164.67 ,XELPMOC,  163.35 ,-, - ,  164.01 ,Small Cap
2566,Hindcon Chemicals Ltd.,INE642Y01029,-, - ,HINDCON,  163.47 ,-, - ,  163.47 ,Small Cap
2567,Jyoti Ltd.,INE511D01012,JYOTI,  163.47 ,-, - ,-, - ,  163.47 ,Small Cap
2568,National Fittings Limited,INE643C01015,NATFIT,  163.19 ,-, - ,-, - ,  163.19 ,Small Cap
2569,Texmo Pipes and Products Limited,INE141K01013,TEXMOPIPES,  163.11 ,TEXMOPIPES,  163.06 ,-, - ,  163.08 ,Small Cap
2570,AI CHAMPDANY INDUSTRIES LIMITED,INE768E01024,AICHAMP,  162.55 ,-, - ,-, - ,  162.55 ,Small Cap
2571,UMIYA BUILDCON LIMITED,INE398B01018,UMIYA-MRO,  162.69 ,UMIYA-MRO,  162.32 ,-, - ,  162.51 ,Small Cap
2572,Manas Properties Limited,INE800W01019,MANAS,  162.24 ,-, - ,-, - ,  162.24 ,Small Cap
2573,KIFS Financial Services Ltd,INE902D01013,KIFS,  162.18 ,-, - ,-, - ,  162.18 ,Small Cap
2574,Atishay Limited,INE011R01013,ATISHAY,  162.14 ,-, - ,-, - ,  162.14 ,Small Cap
2575,MAGNUM VENTURES LIMITED,INE387I01016,MAGNUM,  162.28 ,MAGNUM,  161.91 ,-, - ,  162.10 ,Small Cap
2576,Sodhani Academy of Fintech Enablers Limited,INE0Q3401017,SAFE,  161.81 ,-, - ,-, - ,  161.81 ,Small Cap
2577,Intrasoft Technologies Limited,INE566K01011,ISFT,  161.82 ,ISFT,  161.64 ,-, - ,  161.73 ,Small Cap
2578,Polson Ltd.,INE339F01021,POLSON,  161.67 ,-, - ,-, - ,  161.67 ,Small Cap
2579,HINDUSTAN HARDY LIMITED,INE724D01011,HINDHARD,  161.67 ,-, - ,-, - ,  161.67 ,Small Cap
2580,Airo Lam Ltd.,INE801L01010,-, - ,AIROLAM,  161.22 ,-, - ,  161.22 ,Small Cap
2581,Sumuka Agro Industries Limited,INE311N01016,SUMUKA,  160.90 ,-, - ,-, - ,  160.90 ,Small Cap
2582,RNIT AI SOLUTIONS LIMITED,INE335Q01026,RNITAI,  160.78 ,-, - ,-, - ,  160.78 ,Small Cap
2583,Mukta Arts Ltd.,INE374B01019,MUKTAARTS,  161.13 ,MUKTAARTS,  160.29 ,-, - ,  160.71 ,Small Cap
2584,Chatterbox Technologies Limited,INE1B4801017,CHTR,  160.68 ,-, - ,-, - ,  160.68 ,Small Cap
2585,National Plastic Technologies Ltd,INE896D01017,NATPLASTI,  160.57 ,-, - ,-, - ,  160.57 ,Small Cap
2586,Ceenik Exports (india) Ltd.,INE418D01010,CEENIK,  160.51 ,-, - ,-, - ,  160.51 ,Small Cap
2587,Binayak Tex Processors  Ltd.,INE626H01019,ZBINTXPP,  160.34 ,-, - ,-, - ,  160.34 ,Small Cap
2588,Dhoot Industrial Finance Ltd.,INE313G01016,DHOOTIN,  160.29 ,-, - ,-, - ,  160.29 ,Small Cap
2589,BLUEGOD ENTERTAINMENT LIMITED,INE924N01024,BLUEGOD,  160.05 ,-, - ,-, - ,  160.05 ,Small Cap
2590,Yash Trading & Finance Ltd.,INE745A01012,YASTF,  160.04 ,-, - ,-, - ,  160.04 ,Small Cap
2591,Indian Card Clothing Ltd,INE061A01014,INDIANCARD,  159.83 ,INDIANCARD,  159.67 ,-, - ,  159.75 ,Small Cap
2592,Alphageo (India)Ltd.,INE137C01018,ALPHAGEO,  159.48 ,ALPHAGEO,  159.38 ,-, - ,  159.43 ,Small Cap
2593,HARSHDEEP HORTICO LIMITED,INE0OLZ01015,HARSHDEEP,  159.34 ,-, - ,-, - ,  159.34 ,Small Cap
2594,Indian Sucrose Ltd.,INE557C01017,INDSUCR,  158.89 ,-, - ,-, - ,  158.89 ,Small Cap
2595,Bharat Gears Ltd.,INE561C01019,BHARATGEAR,  158.44 ,BHARATGEAR,  158.36 ,-, - ,  158.40 ,Small Cap
2596,Krebs Biochemicals & Industries Ltd.,INE268B01013,KREBSBIO,  158.46 ,KREBSBIO,  158.07 ,-, - ,  158.27 ,Small Cap
2597,Indbank Merchant Banking Services L,INE841B01017,INDBANK,  157.82 ,INDBANK,  157.71 ,-, - ,  157.76 ,Small Cap
2598,Maruti Interior Products Limited,INE0JSJ01014,SPITZE,  157.76 ,-, - ,-, - ,  157.76 ,Small Cap
2599,Remi Edelstahl Tubulars Limited,INE158G01015,REMIEDEL,  157.50 ,-, - ,-, - ,  157.50 ,Small Cap
2600,Rajshree PolyPack Ltd.,INE760W01023,-, - ,RPPL,  157.47 ,-, - ,  157.47 ,Small Cap
2601,Uma Exports Limited,INE0GIU01018,UMAEXPORTS,  157.48 ,UMAEXPORTS,  157.43 ,-, - ,  157.45 ,Small Cap
2602,Arunjyoti Bio Ventures Limited ,INE485K01022,ABVL,  157.44 ,-, - ,-, - ,  157.44 ,Small Cap
2603,East India Drums and Barrels Manufacturing Limited,INE191C01023,EASTINDIA,  157.29 ,-, - ,-, - ,  157.29 ,Small Cap
2604,AMEENJI RUBBER LIMITED ,INE14QA01016,AMEENJI,  157.18 ,-, - ,-, - ,  157.18 ,Small Cap
2605,Sangam Finserv Limited,INE475D01010,SANGAMFIN,  157.05 ,-, - ,-, - ,  157.05 ,Small Cap
2606,Shri Dinesh Mills Ltd.,INE204C01024,SHRIDINE,  156.89 ,-, - ,-, - ,  156.89 ,Small Cap
2607,Maximus International Limited,INE544W01021,MAXIMUS,  156.61 ,-, - ,-, - ,  156.61 ,Small Cap
2608,TAMBOLI INDUSTRIES LIMITED,INE864J01012,TAMBOLIIN,  156.59 ,-, - ,-, - ,  156.59 ,Small Cap
2609,HEC Infra Projects Ltd.,INE558R01013,-, - ,HECPROJECT,  155.96 ,-, - ,  155.96 ,Small Cap
2610,MODULEX CONSTRUCTION TECHNOLOGIES LIMITED,INE064R01012,MODULEX,  155.87 ,-, - ,-, - ,  155.87 ,Small Cap
2611,B. D. Industries (Pune) Limited,INE1LJ801017,BDI,  155.78 ,-, - ,-, - ,  155.78 ,Small Cap
2612,HINDPRAKASH INDUSTRIES LIMITED,INE05X901010,HPIL,  155.75 ,HPIL,  155.54 ,-, - ,  155.65 ,Small Cap
2613,Metroglobal Limited,INE085D01033,METROGLOBL,  155.58 ,-, - ,-, - ,  155.58 ,Small Cap
2614,IKOMA TECHNOLOGIES LIMITED,INE164D01010,IKOMA,  155.47 ,-, - ,-, - ,  155.47 ,Small Cap
2615,Simmonds-Marshall Ltd,INE657D01021,SIMMOND,  155.43 ,-, - ,-, - ,  155.43 ,Small Cap
2616,Ganges Securities Ltd.,INE335W01016,GANGESSECU,  155.59 ,GANGESSECU,  154.89 ,-, - ,  155.24 ,Small Cap
2617,Droneacharya Aerial Innovations Limited,INE0MQD01015,DRONACHRYA,  155.21 ,-, - ,-, - ,  155.21 ,Small Cap
2618,Surana Solar Limited,INE272L01022,SURANASOL,  154.51 ,SURANASOL,  154.51 ,-, - ,  154.51 ,Small Cap
2619,Shri Gang Industries & Allied Products Limited,INE241V01018,SHRIGANG,  153.79 ,-, - ,-, - ,  153.79 ,Small Cap
2620,SOFCOM SYSTEMS LIMITED,INE499Q01012,SOFCOM,  153.72 ,-, - ,-, - ,  153.72 ,Small Cap
2621,Shyam Century Ferrous Limited,INE979R01011,SHYAMCENT,  157.39 ,SHYAMCENT,  150.00 ,-, - ,  153.69 ,Small Cap
2622,LKP Securities Limited,INE341H01023,LKPSEC,  153.46 ,-, - ,-, - ,  153.46 ,Small Cap
2623,INVENTURE GROWTH & SECURITIES LIMITED,INE878H01024,INVENTURE,  153.64 ,INVENTURE,  153.22 ,-, - ,  153.43 ,Small Cap
2624,South India Paper Mills Ltd.,INE088G01014,STHINPA,  153.26 ,-, - ,-, - ,  153.26 ,Small Cap
2625,BODHI TREE MULTIMEDIA LIMITED,INE0EEJ01023,BTML,  153.29 ,BTML,  153.17 ,-, - ,  153.23 ,Small Cap
2626,LAKSHMI ENGINEERING AND WAREHOUSING LIMITED,INE718M01022,LAKSHMIEW,  153.22 ,-, - ,-, - ,  153.22 ,Small Cap
2627,Steel City Securities Ltd.,INE395H01011,-, - ,STEELCITY,  153.21 ,-, - ,  153.21 ,Small Cap
2628,James Warren Tea Limited,INE718P01017,JAMESWARREN,  152.80 ,-, - ,-, - ,  152.80 ,Small Cap
2629,Bansal Roofing Products Limited,INE319Q01012,BRPL,  152.73 ,-, - ,-, - ,  152.73 ,Small Cap
2630,Calcom Vision Ltd.,INE216C01010,CALCOM,  152.32 ,-, - ,-, - ,  152.32 ,Small Cap
2631,Shree Ram Urban Infrastructure Ltd,INE164H01011,SHREERAM,  152.20 ,-, - ,-, - ,  152.20 ,Small Cap
2632,Naapbooks Limited,INE0GOA01018,NBL,  152.18 ,-, - ,-, - ,  152.18 ,Small Cap
2633,Compucom Software Lt.,INE453B01029,COMPUSOFT,  150.99 ,COMPUSOFT,  150.83 ,-, - ,  150.91 ,Small Cap
2634,Tilak Ventures Limited,INE026L01022,TILAK,  150.90 ,-, - ,-, - ,  150.90 ,Small Cap
2635,Auro Laboratories Ltd.,INE292C01011,AUROLAB,  150.81 ,-, - ,-, - ,  150.81 ,Small Cap
2636,Munoth Capital Market Ltd,INE910G01027,MUNCAPM,  150.69 ,-, - ,-, - ,  150.69 ,Small Cap
2637,STARLINEPS ENTERPRISES LIMITED,INE594W01042,STARLENT,  150.51 ,-, - ,-, - ,  150.51 ,Small Cap
2638,Kaira Can Co. Ltd.,INE375D01012,KAIRA,  150.41 ,-, - ,-, - ,  150.41 ,Small Cap
2639,Sambhaav Media Ltd.,INE699B01027,SAMBHAAV,  150.14 ,SAMBHAAV,  149.88 ,-, - ,  150.01 ,Small Cap
2640,Lagnam Spintex Ltd.,INE548Z01017,-, - ,LAGNAM,  149.91 ,-, - ,  149.91 ,Small Cap
2641,Silgo Retail Ltd.,INE01II01013,-, - ,SILGO,  149.85 ,-, - ,  149.85 ,Small Cap
2642,Lahoti Overseas Ltd.,INE515C01023,LAHOTIOV,  149.74 ,-, - ,-, - ,  149.74 ,Small Cap
2643,Gabriel Pet Straps Limited,INE0QZF01012,GPSL,  148.97 ,-, - ,-, - ,  148.97 ,Small Cap
2644,VEGA JEWELLERS LIMITED,INE603D01017,VEGA,  148.96 ,-, - ,-, - ,  148.96 ,Small Cap
2645,Premco Global Ltd.,INE001E01012,PREMCO,  148.94 ,-, - ,-, - ,  148.94 ,Small Cap
2646,Sonal Mercantile Limited,INE321M01017,SONAL,  148.93 ,-, - ,-, - ,  148.93 ,Small Cap
2647,Gujarat Intrux Limited,INE877E01015,GUJINTRX,  148.85 ,-, - ,-, - ,  148.85 ,Small Cap
2648,Prima Plastics Ltd.,INE573B01016,PRIMAPLA,  148.74 ,-, - ,-, - ,  148.74 ,Small Cap
2649,Escorp Asset Management Limited,INE953W01016,ESCORP,  148.69 ,-, - ,-, - ,  148.69 ,Small Cap
2650,Globus Constructors & Developers Limited,INE064L01015,GLOBUSCON,  148.62 ,-, - ,-, - ,  148.62 ,Small Cap
2651,SIZEMASTERS TECHNOLOGY LIMITED,INE235U01012,SIZEMASTER,  148.01 ,-, - ,-, - ,  148.01 ,Small Cap
2652,JSL Industries Ltd.,INE581L01018,JSLINDL,  147.87 ,-, - ,-, - ,  147.87 ,Small Cap
2653,SPRIGHT AGRO LIMITED,INE179O01031,SPRIGHT,  147.63 ,-, - ,-, - ,  147.63 ,Small Cap
2654,Shilp Gravures Ltd.,INE960A01017,SHILGRAVQ,  147.60 ,-, - ,-, - ,  147.60 ,Small Cap
2655,Sunshine Capital Ltd.,INE974F01025,SCL,  147.45 ,-, - ,-, - ,  147.45 ,Small Cap
2656,Indian Infotech And Software Ltd.,INE300B01022,INDINFO,  147.25 ,-, - ,-, - ,  147.25 ,Small Cap
2657,Manoj Ceramic Limited,INE0A6N01026,MCPL,  146.64 ,-, - ,-, - ,  146.64 ,Small Cap
2658,KRISHANVEER FORGE LIMITED,INE013J01016,KVFORGE,  146.55 ,-, - ,-, - ,  146.55 ,Small Cap
2659,Varun Shipping Co. Ltd.,INE702A01013,VARUNSHIP,  146.41 ,-, - ,-, - ,  146.41 ,Small Cap
2660,Optimus Finance Limited,INE031G01022,OPTIFIN,  146.24 ,-, - ,-, - ,  146.24 ,Small Cap
2661,Smruthi Organics Limited,INE172E01011,SMRUTHIORG,  146.02 ,-, - ,SMRUTHI,  146.01 ,  146.02 ,Small Cap
2662,Cenlub Industries Ltd.,INE627F01011,CENLUB,  145.77 ,-, - ,-, - ,  145.77 ,Small Cap
2663,Elnet Technologies Ltd.,INE033C01019,ELNET,  145.52 ,-, - ,-, - ,  145.52 ,Small Cap
2664,Sanmit Infra Limited,INE799C01031,SANINFRA,  145.36 ,-, - ,-, - ,  145.36 ,Small Cap
2665,Thakker's Developers Ltd.,INE403F01017,THAKDEV,  145.20 ,-, - ,-, - ,  145.20 ,Small Cap
2666,SCOOBEE DAY GARMENTS (INDIA) LIMITED,INE962E01015,SCOOBEEDAY,  145.00 ,-, - ,-, - ,  145.00 ,Small Cap
2667,AuSom Enterprise Limited,INE218C01016,AUSOMENT,  145.41 ,AUSOMENT,  144.37 ,-, - ,  144.89 ,Small Cap
2668,Hindustan Tin Works Ltd.,INE428D01019,HINDTIN,  144.60 ,-, - ,-, - ,  144.60 ,Small Cap
2669,Gensol Engineering Limited,INE06H201014,GENSOL,  144.36 ,GENSOL,  144.81 ,-, - ,  144.58 ,Small Cap
2670,NATH INDUSTRIES LIMITED,INE777A01023,NATHIND,  144.55 ,-, - ,-, - ,  144.55 ,Small Cap
2671,Sarthak Metals Limited,INE017W01010,SMLT,  144.57 ,SMLT,  144.48 ,-, - ,  144.53 ,Small Cap
2672,Greenhitech Ventures Limited,INE0S0701019,GVL,  144.30 ,-, - ,-, - ,  144.30 ,Small Cap
2673,GTL Ltd,INE043A01012,GTL,  144.16 ,GTL,  144.05 ,-, - ,  144.10 ,Small Cap
2674,Standard Capital Markets Ltd.,INE625D01028,STANCAP,  144.00 ,-, - ,-, - ,  144.00 ,Small Cap
2675,Ovobel Foods Ltd.,INE812S01012,OVOBELE,  143.68 ,-, - ,-, - ,  143.68 ,Small Cap
2676,Kemp & Company Limited,INE060E01018,KEMP,  143.61 ,-, - ,-, - ,  143.61 ,Small Cap
2677,Parnax Lab Limited,INE383L01019,PARNAXLAB,  143.60 ,-, - ,-, - ,  143.60 ,Small Cap
2678,CREDENT GLOBAL FINANCE LIMITED,INE727C01024,CGFL,  143.54 ,-, - ,-, - ,  143.54 ,Small Cap
2679,Kanishk Steel Industries Ltd,INE791E01018,KANSHST,  143.46 ,-, - ,-, - ,  143.46 ,Small Cap
2680,Mitsu Chem Plast Limited,INE317V01016,MITSU,  143.28 ,-, - ,-, - ,  143.28 ,Small Cap
2681,D & H India Limited,INE589D01018,DHINDIA,  142.99 ,-, - ,-, - ,  142.99 ,Small Cap
2682,PMC Fincorp Limited,INE793G01035,PMCFIN,  142.98 ,-, - ,-, - ,  142.98 ,Small Cap
2683,BAID FINSERV LIMITED,INE020D01022,BAIDFIN,  142.62 ,BAIDFIN,  142.48 ,-, - ,  142.55 ,Small Cap
2684,Smartlink Holdings Limited,INE178C01020,SMARTLINK,  142.61 ,SMARTLINK,  142.45 ,-, - ,  142.53 ,Small Cap
2685,Maha Rashtra Apex Corporation Ltd,INE843B01013,MAHAPEXLTD,  142.54 ,MAHAPEXLTD,  142.36 ,-, - ,  142.45 ,Small Cap
2686,Sadbhav Infrastructure Project Limited,INE764L01010,SADBHIN,  142.47 ,SADBHIN,  142.04 ,-, - ,  142.25 ,Small Cap
2687,Lactose (India) Ltd.,INE058I01013,LACTOSE,  142.17 ,-, - ,-, - ,  142.17 ,Small Cap
2688,DEEPAK CHEMTEX LIMITED,INE0RDM01013,DEEPAKCHEM,  141.42 ,-, - ,-, - ,  141.42 ,Small Cap
2689,Suryalata Spinning Mills Ltd.,INE132C01027,SURYALA,  141.30 ,-, - ,-, - ,  141.30 ,Small Cap
2690,Samor Reality Limited,INE0GD201014,SAMOR,  140.99 ,-, - ,-, - ,  140.99 ,Small Cap
2691,Semac Construction Limited,INE617A01013,SEMAC,  140.67 ,SEMAC,  141.02 ,-, - ,  140.84 ,Small Cap
2692,SNL Bearings Ltd.,INE568F01017,SNL,  139.69 ,-, - ,-, - ,  139.69 ,Small Cap
2693,Samrat Forgings Limited,INE412J01010,SAMRATFORG,  139.26 ,-, - ,-, - ,  139.26 ,Small Cap
2694,Indsil Hydro Power and Manganese Limited,INE867D01018,INDSILHYD,  139.24 ,-, - ,-, - ,  139.24 ,Small Cap
2695,TruCap Finance Limited,INE615R01029,TRU,  138.98 ,TRU,  138.53 ,-, - ,  138.75 ,Small Cap
2696,CONFIDENCE FUTURISTIC ENERGETECH LIMITED,INE700F01024,CFEL,  138.72 ,-, - ,-, - ,  138.72 ,Small Cap
2697,Ishan Dyes and Chemicals Limited,INE561M01018,ISHANCH,  141.91 ,ISHANCH,  135.52 ,-, - ,  138.72 ,Small Cap
2698,Jocil Ltd.,INE839G01010,-, - ,JOCIL,  138.35 ,-, - ,  138.35 ,Small Cap
2699,RTS Power Corporation Ltd.,INE005C01017,RTSPOWR,  138.29 ,-, - ,-, - ,  138.29 ,Small Cap
2700,Narbada Gems and Jewellery Limited,INE540C01021,NARBADA,  137.85 ,-, - ,-, - ,  137.85 ,Small Cap
2701,PRODOCS SOLUTIONS LIMITED,INE10XK01019,PRODOCS,  137.36 ,-, - ,-, - ,  137.36 ,Small Cap
2702,R.R.Financial Consultants Ltd.,INE229D01011,RRFIN,  137.33 ,-, - ,-, - ,  137.33 ,Small Cap
2703,Salona Cotspin Ltd.,INE498E01010,SALONA,  138.07 ,SALONA,  136.09 ,-, - ,  137.08 ,Small Cap
2704,ALAN SCOTT ENTERPRISES LIMITED,INE273F01022,ALANSCOTT,  137.02 ,-, - ,-, - ,  137.02 ,Small Cap
2705,Sharp India Ltd,INE207B01011,SHARP,  136.91 ,-, - ,-, - ,  136.91 ,Small Cap
2706,Housing Development & Infrastructure  Ltd,INE191I01012,HDIL,  137.21 ,HDIL,  136.46 ,-, - ,  136.83 ,Small Cap
2707,Texel Industries Ltd.,INE594V01028,TEXELIN,  136.41 ,-, - ,-, - ,  136.41 ,Small Cap
2708,Vipul Limited,INE946H01037,VIPULLTD,  136.42 ,VIPULLTD,  136.21 ,-, - ,  136.32 ,Small Cap
2709,MADHAV COPPER Ltd.,INE813V01022,-, - ,MCL,  136.31 ,-, - ,  136.31 ,Small Cap
2710,Bal Pharma Ltd.,INE083D01012,BALPHARMA,  136.34 ,BALPHARMA,  136.23 ,-, - ,  136.29 ,Small Cap
2711,The Western India Plywoods Ltd.,INE215F01023,-, - ,WIPL,  136.28 ,-, - ,  136.28 ,Small Cap
2712,Tyche Industries Ltd.,INE443B01012,TYCHE,  136.13 ,-, - ,-, - ,  136.13 ,Small Cap
2713,ADMACH SYSTEMS LIMITED,INE0XLO01010,ADMACH,  135.96 ,-, - ,-, - ,  135.96 ,Small Cap
2714,Lovable Lingerie Limited,INE597L01014,LOVABLE,  135.95 ,LOVABLE,  135.88 ,-, - ,  135.92 ,Small Cap
2715,Jetking Infotrain Ltd.,INE919C01019,JETKINGQ,  135.40 ,-, - ,-, - ,  135.40 ,Small Cap
2716,Loyal Textiles Mills Ltd,INE970D01010,LOYALTEX,  135.70 ,LOYALTEX,  134.77 ,-, - ,  135.24 ,Small Cap
2717,Zeal Aqua Limited,INE819S01025,ZEAL,  135.16 ,-, - ,-, - ,  135.16 ,Small Cap
2718,GEM Enviro Management Limited,INE0RUJ01013,GEMENVIRO,  134.98 ,-, - ,-, - ,  134.98 ,Small Cap
2719,Nagpur Power & Industries Ltd,INE099E01016,NAGPI,  134.61 ,-, - ,-, - ,  134.61 ,Small Cap
2720,K&R RAIL ENGINEERING LIMITED,INE078T01026,KRRAIL,  134.55 ,-, - ,-, - ,  134.55 ,Small Cap
2721,OVAL PROJECTS ENGINEERING LIMITED,INE0RTI01017,OVAL,  134.00 ,-, - ,-, - ,  134.00 ,Small Cap
2722,Rajshree Sugars & Chemicals Ltd.,INE562B01019,RAJSREESUG,  133.93 ,RAJSREESUG,  133.84 ,-, - ,  133.89 ,Small Cap
2723,Surat Trade and Mercantile Limited,INE936A01025,SURATRAML,  133.78 ,-, - ,-, - ,  133.78 ,Small Cap
2724,ShreeOswal Seeds And Chemicals Ltd.,INE00IK01029,-, - ,OSWALSEEDS,  133.37 ,-, - ,  133.37 ,Small Cap
2725,B.A.G. Films & Media Ltd,INE116D01028,BAGFILMS,  133.44 ,BAGFILMS,  133.17 ,-, - ,  133.31 ,Small Cap
2726,BCPL Railway Infrastructure Limited,INE00SW01015,BCPL,  133.26 ,-, - ,-, - ,  133.26 ,Small Cap
2727,Shah Alloys Limited,INE640C01011,SHAHALLOYS,  133.34 ,SHAHALLOYS,  133.06 ,-, - ,  133.20 ,Small Cap
2728,Sanco Trans Ltd.,INE391G01012,SANCTRN,  132.98 ,-, - ,-, - ,  132.98 ,Small Cap
2729,Secmark Consultancy Limited,INE0BTM01013,SECMARK,  133.69 ,SECMARK,  132.16 ,-, - ,  132.93 ,Small Cap
2730,B & A Ltd.,INE489D01011,BNALTD,  132.89 ,-, - ,-, - ,  132.89 ,Small Cap
2731,Aztec Fluids & Machinery Limited,INE0SCB01016,AZTEC,  132.77 ,-, - ,-, - ,  132.77 ,Small Cap
2732,Samkrg Pistons and Rings Ltd.,INE706B01012,SAMKRG,  132.63 ,-, - ,-, - ,  132.63 ,Small Cap
2733,Baroda Extrusion Ltd.,INE927K01023,BAROEXT,  132.10 ,-, - ,-, - ,  132.10 ,Small Cap
2734,MIDEAST INTEGRATED STEELS LIMITED,INE170N01016,MESCON,  132.08 ,-, - ,-, - ,  132.08 ,Small Cap
2735,Gujarat Toolroom Ltd.,INE145J01032,GUJTLRM,  132.00 ,-, - ,-, - ,  132.00 ,Small Cap
2736,RSD Finance Limited,INE616F01022,RSDFIN,  131.83 ,-, - ,-, - ,  131.83 ,Small Cap
2737,Zenith Exports Ltd.,INE058B01018,ZENITHEXPO,  131.99 ,ZENITHEXPO,  131.61 ,-, - ,  131.80 ,Small Cap
2738,Cubex Tubings Ltd,INE144D01012,CUBEXTUB,  131.88 ,CUBEXTUB,  131.47 ,-, - ,  131.68 ,Small Cap
2739,Newtime Infrastructure Limited,INE997D01021,NEWINFRA,  131.65 ,-, - ,-, - ,  131.65 ,Small Cap
2740,Latteys Industries Ltd.,INE262Z01023,-, - ,LATTEYS,  131.36 ,-, - ,  131.36 ,Small Cap
2741,Bhagwati Autocast Limited,INE106G01014,BGWTATO,  131.09 ,-, - ,-, - ,  131.09 ,Small Cap
2742,Future Retail Ltd.,INE752P01024,FRETAIL,  130.69 ,-, - ,-, - ,  130.69 ,Small Cap
2743,Sampann Utpadan India Limited,INE735M01018,SAMPANN,  130.44 ,SAMPANN,  130.39 ,-, - ,  130.42 ,Small Cap
2744,KG Petrochem Ltd.,INE902G01016,KGPETRO,  130.19 ,-, - ,-, - ,  130.19 ,Small Cap
2745,Cg-Vak Software & Exports Ltd.,INE084D01010,CGVAK,  130.10 ,-, - ,-, - ,  130.10 ,Small Cap
2746,Pacific Industries ltd.,INE883C01025,PACIFICI,  129.78 ,-, - ,-, - ,  129.78 ,Small Cap
2747,Art Nirman Ltd.,INE738V01013,-, - ,ARTNIRMAN,  129.73 ,-, - ,  129.73 ,Small Cap
2748,La Tim Metal & Industries Limited,INE501N01020,LATIMMETAL,  129.65 ,-, - ,-, - ,  129.65 ,Small Cap
2749,Shipwaves Online Limited,INE0O9L01010,SHIPWAVES,  129.65 ,-, - ,-, - ,  129.65 ,Small Cap
2750,LEO DRYFRUITS & SPICES TRADING LIMITED,INE0RH001011,VANDU,  129.48 ,-, - ,-, - ,  129.48 ,Small Cap
2751,KVS Castings Limited,INE163701019,KVSCASTING,  129.18 ,-, - ,-, - ,  129.18 ,Small Cap
2752,Golkunda Diamonds & Jewellery Ltd.,INE798D01015,GOLKUNDIA,  129.11 ,-, - ,-, - ,  129.11 ,Small Cap
2753,Tarmat Limited,INE924H01018,TARMAT,  128.96 ,TARMAT,  128.85 ,-, - ,  128.90 ,Small Cap
2754,Odyssey Technologies Ltd.,INE213B01019,ODYSSEY,  128.73 ,-, - ,-, - ,  128.73 ,Small Cap
2755,Visesh Infotecnics Ltd.,INE861A01058,VISESHINFO,  128.33 ,-, - ,-, - ,  128.33 ,Small Cap
2756,Sir Shadi Lal Enterprises Ltd,INE117H01019,SSLEL,  128.14 ,-, - ,-, - ,  128.14 ,Small Cap
2757,Partap Industries Limited,INE480Y01016,-, - ,-, - ,PARTAPIND,  128.00 ,  128.00 ,Small Cap
2758,Saptarishi Agro Industries Ltd,INE233P01017,SPTRSHI,  127.82 ,-, - ,-, - ,  127.82 ,Small Cap
2759,Denis Chem Lab Limited,INE051G01012,DENISCHEM,  127.79 ,-, - ,-, - ,  127.79 ,Small Cap
2760,Athena Global Technologies Limited,INE576B01019,ATHENAGLO,  127.06 ,-, - ,-, - ,  127.06 ,Small Cap
2761,TCI Industries Ltd.,INE920B01019,TCIIND,  127.04 ,-, - ,-, - ,  127.04 ,Small Cap
2762,ZR2 BIOENERGY LIMITED,INE218N01021,ZR2,  126.34 ,-, - ,-, - ,  126.34 ,Small Cap
2763,SMT ENGINEERING LIMITED,INE673E01018,SMTEL,  126.33 ,-, - ,-, - ,  126.33 ,Small Cap
2764,FIBERWEB (INDIA) LTD.,INE296C01020,FIBERWEB,  126.18 ,FIBERWEB,  126.15 ,-, - ,  126.16 ,Small Cap
2765,NANTA TECH LIMITED,INE0YJA01011,NANTA,  126.05 ,-, - ,-, - ,  126.05 ,Small Cap
2766,Lambodhara Textiles Ltd.,INE112F01022,LAMBODHARA,  114.90 ,LAMBODHARA,  135.97 ,-, - ,  125.43 ,Small Cap
2767,Basant Agro-Tech (India) Ltd.,INE473E01021,BASANTGL,  125.39 ,-, - ,-, - ,  125.39 ,Small Cap
2768,Rungta Irrigation Ltd.,INE347C01013,RUNGTAIR,  124.99 ,-, - ,-, - ,  124.99 ,Small Cap
2769,New Swan Multitech Limited,INE0GEN01012,SWANAGRO,  124.86 ,-, - ,-, - ,  124.86 ,Small Cap
2770,Hindustan Appliances Ltd,INE02XD01011,HINDAPL,  124.74 ,-, - ,-, - ,  124.74 ,Small Cap
2771,Rishi Laser  Ltd.,INE988D01012,RISHILASE,  124.64 ,-, - ,-, - ,  124.64 ,Small Cap
2772,Achyut Healthcare Limited,INE0K1401020,ACHYUT,  124.63 ,-, - ,-, - ,  124.63 ,Small Cap
2773,Fortis Malar Hospitals Limited,INE842B01015,FORTISMLR,  124.54 ,-, - ,-, - ,  124.54 ,Small Cap
2774,Sharda Ispat Ltd.,INE385M01012,SHRDAIS,  124.52 ,-, - ,-, - ,  124.52 ,Small Cap
2775,Rajnandini Metal Ltd.,INE00KV01022,-, - ,RAJMET,  124.30 ,-, - ,  124.30 ,Small Cap
2776,Bengal Tea & fabrics Ltd.,INE665D01016,BENGALT,  124.27 ,-, - ,-, - ,  124.27 ,Small Cap
2777,YUVRAAJ HYGIENE PRODUCTS LTD,INE139D01020,YUVRAAJHPL,  124.25 ,-, - ,-, - ,  124.25 ,Small Cap
2778,Par Drugs and Chemicals Ltd.,INE04LG01015,-, - ,PAR,  124.05 ,-, - ,  124.05 ,Small Cap
2779,Beardsell Ltd.,INE520H01022,-, - ,BEARDSELL,  124.05 ,-, - ,  124.05 ,Small Cap
2780,Global Ocean Logistics India Limited,INE1ITY01011,GLOBALLOG,  124.02 ,-, - ,-, - ,  124.02 ,Small Cap
2781,Reliable Data Services Limited,INE375Y01018,RELIABLE,  124.21 ,RELIABLE,  123.78 ,-, - ,  124.00 ,Small Cap
2782,Maruti Infrastructure Ltd.,INE392G01028,MAINFRA,  123.79 ,-, - ,-, - ,  123.79 ,Small Cap
2783,Aksh Optifibre Ltd.,INE523B01011,AKSHOPTFBR,  123.77 ,AKSHOPTFBR,  123.60 ,-, - ,  123.69 ,Small Cap
2784,Valencia Nutrition Limited,INE08RT01016,VALENCIA,  123.55 ,-, - ,-, - ,  123.55 ,Small Cap
2785,Moksh Ornaments Ltd.,INE514Y01020,-, - ,MOKSH,  123.54 ,-, - ,  123.54 ,Small Cap
2786,Rotographics (India) Limited,INE364S01014,RGIL,  123.43 ,-, - ,-, - ,  123.43 ,Small Cap
2787,ALPHALOGIC INDUSTRIES LIMITED,INE0NZF01019,ALPHAIND,  123.37 ,-, - ,-, - ,  123.37 ,Small Cap
2788,The Grob Tea Company Ltd.,INE646C01018,-, - ,GROBTEA,  122.86 ,-, - ,  122.86 ,Small Cap
2789,Regency Ceramics Ltd,INE277C01012,REGENCERAM,  123.12 ,REGENCERAM,  122.49 ,-, - ,  122.80 ,Small Cap
2790,Addi Industries Ltd.,INE757C01021,ADDIND,  122.29 ,-, - ,-, - ,  122.29 ,Small Cap
2791,BHUDEVI INFRA PROJECTS LIMITED,INE432N01010,BHUDEVI,  122.02 ,-, - ,-, - ,  122.02 ,Small Cap
2792,Gujarat State Financial corporation,INE944A01011,GUJSTATFIN,  121.87 ,-, - ,-, - ,  121.87 ,Small Cap
2793,Edvenswa Enterprises Limited,INE125G01014,EDVENSWA,  121.82 ,-, - ,-, - ,  121.82 ,Small Cap
2794,Suryalakshmi Cotton Mills Ltd.,INE713B01026,SURYALAXMI,  122.06 ,SURYALAXMI,  121.37 ,-, - ,  121.71 ,Small Cap
2795,SHLOKKA DYES LIMITED,INE1EUB01016,SHLOKKA,  121.58 ,-, - ,-, - ,  121.58 ,Small Cap
2796,Dachepalli Publishers Limited,INE1F9M01018,DACHEPALLI,  121.49 ,-, - ,-, - ,  121.49 ,Small Cap
2797,Bihar Sponge Iron Ltd,INE819C01011,BIHSPONG,  121.49 ,-, - ,-, - ,  121.49 ,Small Cap
2798,ARSS Infrastructure Projects Limited,INE267I01010,ARSSINFRA,  120.63 ,-, - ,-, - ,  120.63 ,Small Cap
2799,Reliance Chemotex Industries Ltd.,INE750D01016,RELCHEMQ,  120.64 ,RELCHEMQ,  120.44 ,-, - ,  120.54 ,Small Cap
2800,Kohinoor Foods Ltd,INE080B01012,KOHINOOR,  120.33 ,KOHINOOR,  120.33 ,-, - ,  120.33 ,Small Cap
2801,Ultracab (India) Limited,INE010R01023,ULTRACAB,  120.10 ,-, - ,-, - ,  120.10 ,Small Cap
2802,Cospower Engineering Limited,INE0CQB01010,COSPOWER,  120.07 ,-, - ,-, - ,  120.07 ,Small Cap
2803,Shetron Ltd.,INE278C01010,SHETR,  119.69 ,-, - ,-, - ,  119.69 ,Small Cap
2804,PARMESHWAR METAL LIMITED,INE0QQJ01021,PARMESHWAR,  119.62 ,-, - ,-, - ,  119.62 ,Small Cap
2805,Jasch Industries Ltd.,INE711C01028,JASCH,  119.56 ,-, - ,-, - ,  119.56 ,Small Cap
2806,TOMORROW TECHNOLOGIES GLOBAL INNOVATIONS LIMITED,INE135H01029,TTGIL,  119.51 ,-, - ,-, - ,  119.51 ,Small Cap
2807,Pee Cee Cosma Sope Ltd.,INE417E01010,PCCOSMA,  119.44 ,-, - ,-, - ,  119.44 ,Small Cap
2808,Choksi Laboratories Ltd.,INE493D01013,CHOKSILA,  119.44 ,-, - ,-, - ,  119.44 ,Small Cap
2809,HILTON METAL FORGING LIMITED,INE788H01017,HILTON,  119.37 ,HILTON,  119.14 ,-, - ,  119.26 ,Small Cap
2810,Modern Dairies Ltd.,INE617B01011,MODAIRY,  119.23 ,-, - ,-, - ,  119.23 ,Small Cap
2811,Jattashankar Industries Limited,INE722N01014,JATTAINDUS,  119.02 ,-, - ,-, - ,  119.02 ,Small Cap
2812,Royal Sense Limited,INE0QQG01019,ROYAL,  118.96 ,-, - ,-, - ,  118.96 ,Small Cap
2813,Umiya Mobile Limited,INE1P1A01018,UML,  118.66 ,-, - ,-, - ,  118.66 ,Small Cap
2814,Palash Securities Limited,INE471W01019,PALASHSECU,  118.72 ,PALASHSECU,  118.15 ,-, - ,  118.44 ,Small Cap
2815,Cura Technologies Limited,INE117B01020,CURAA,  143.84 ,CURAA,  92.86 ,-, - ,  118.35 ,Small Cap
2816,JAY AMBE SUPERMARKETS LIMITED,INE1DRH01011,CITYSQUARE,  118.11 ,-, - ,-, - ,  118.11 ,Small Cap
2817,Rexnord Electronics & Controls Ltd.,INE687C01012,REXNORD,  118.10 ,-, - ,-, - ,  118.10 ,Small Cap
2818,Total Transport Systems Ltd.,INE336X01012,-, - ,TOTAL,  118.07 ,-, - ,  118.07 ,Small Cap
2819,Patdiam Jewellery Limited,INE473T01011,PJL,  117.98 ,-, - ,-, - ,  117.98 ,Small Cap
2820,SAL AUTOMOTIVE LIMITED,INE724G01014,SALAUTO,  117.98 ,-, - ,-, - ,  117.98 ,Small Cap
2821,BITS Ltd,INE839A01021,BITS,  117.93 ,-, - ,-, - ,  117.93 ,Small Cap
2822,Resonance Specialties Limited,INE486D01017,RESONANCE,  117.73 ,-, - ,-, - ,  117.73 ,Small Cap
2823,Deep Polymers Limited,INE00IY01012,DEEP,  117.71 ,-, - ,-, - ,  117.71 ,Small Cap
2824,Standard Industries Ltd.,INE173A01025,SIL,  117.44 ,SIL,  117.24 ,-, - ,  117.34 ,Small Cap
2825,Vaishali Pharma Ltd.,INE972X01022,-, - ,VAISHALI,  117.27 ,-, - ,  117.27 ,Small Cap
2826,FUNDVISER CAPITAL (INDIA) LIMITED,INE365H01014,FUNDVISER,  117.09 ,-, - ,-, - ,  117.09 ,Small Cap
2827,Orissa Bengal Carrier Limited,INE426Z01016,OBCL,  116.93 ,OBCL,  117.04 ,-, - ,  116.99 ,Small Cap
2828,LANDMARK GLOBAL LEARNING LIMITED,INE12QA01010,LGLL,  116.98 ,-, - ,-, - ,  116.98 ,Small Cap
2829,Maiden Forgings Limited,INE0O1T01010,MAIDEN,  116.85 ,-, - ,-, - ,  116.85 ,Small Cap
2830,Tokyo Plast International Ltd.,INE932C01012,TOKYOPLAST,  116.78 ,TOKYOPLAST,  116.88 ,-, - ,  116.83 ,Small Cap
2831,Shine Fashions (India) Limited,INE0BLY01023,SHINEFASH,  116.39 ,-, - ,-, - ,  116.39 ,Small Cap
2832,DHARNI CAPITAL SERVICES LIMITED,INE0M9Q01011,DHARNI,  116.32 ,-, - ,-, - ,  116.32 ,Small Cap
2833,Vivimed Labs Ltd.,INE526G01021,VIVIMEDLAB,  50.64 ,VIVIMEDLAB,  181.30 ,-, - ,  115.97 ,Small Cap
2834,Radhe Developers (India) ltd.,INE986B01044,RADHEDE,  115.64 ,-, - ,-, - ,  115.64 ,Small Cap
2835,DIGIDRIVE DISTRIBUTORS LIMITED,INE0PSC01024,DIGIDRIVE,  115.36 ,DIGIDRIVE,  115.29 ,-, - ,  115.33 ,Small Cap
2836,Bhandari Hosiery Exports Ltd.,INE474E01029,BHANDARI,  115.21 ,BHANDARI,  115.04 ,-, - ,  115.12 ,Small Cap
2837,Ballarpur Industries Ltd.,INE294A01037,BALLARPUR,  115.12 ,-, - ,-, - ,  115.12 ,Small Cap
2838,Odigma Consultancy Solutions Limited,INE054301028,ODIGMA,  115.25 ,ODIGMA,  114.96 ,-, - ,  115.10 ,Small Cap
2839,Kakatiya Cement Sugar & Industries Ltd.,INE437B01014,KAKATCEM,  115.15 ,KAKATCEM,  114.95 ,-, - ,  115.05 ,Small Cap
2840,Mitcon Consultancy & Engineering Services Ltd.,INE828O01033,-, - ,MITCON,  114.86 ,-, - ,  114.86 ,Small Cap
2841,Valplast Technologies Limited,INE0QP701017,VALPLAST,  114.76 ,-, - ,-, - ,  114.76 ,Small Cap
2842,Touchwood Entertainment Ltd.,INE486Y01013,-, - ,TOUCHWOOD,  114.75 ,-, - ,  114.75 ,Small Cap
2843,Oswal Overseas Ltd,INE906K01027,OSWALOR,  114.65 ,-, - ,-, - ,  114.65 ,Small Cap
2844,GALAXY CLOUD KITCHENS LIMITED,INE403B01016,GCKL,  114.44 ,-, - ,-, - ,  114.44 ,Small Cap
2845,Mayank Cattle Food Limited,INE0R5Z01015,MCFL,  114.31 ,-, - ,-, - ,  114.31 ,Small Cap
2846,SPL INDUSTRIES LIMITED,INE978G01016,SPLIL,  114.61 ,SPLIL,  113.79 ,-, - ,  114.20 ,Small Cap
2847,AAA TECHNOLOGIES LIMITED,INE0D0U01013,AAATECH,  114.08 ,AAATECH,  113.79 ,-, - ,  113.93 ,Small Cap
2848,TECHKNOWGREEN SOLUTIONS LIMITED,INE0P4P01011,TECHKGREEN,  113.76 ,-, - ,-, - ,  113.76 ,Small Cap
2849,COVANCE SOFTSOL LIMITED,INE0R8101016,COVANCE,  113.41 ,-, - ,-, - ,  113.41 ,Small Cap
2850,ZENITH STEEL PIPES AND  INDUSTRIES LIMITED,INE318D01020,ZENITHSTL,  113.36 ,ZENITHSTL,  113.33 ,-, - ,  113.35 ,Small Cap
2851,REMEDIUM LIFECARE LIMITED,INE549S01036,REMLIFE,  113.24 ,-, - ,-, - ,  113.24 ,Small Cap
2852,NEPTUNE LOGITEK LIMITED,INE1NQ501012,NEPLOG,  113.19 ,-, - ,-, - ,  113.19 ,Small Cap
2853,Piccadily Sugar  & Allied Ltd.,INE544C01023,PICCASUG,  113.08 ,-, - ,-, - ,  113.08 ,Small Cap
2854,Raja Bahadur International Ltd,INE491N01016,RAJABAH,  112.98 ,-, - ,-, - ,  112.98 ,Small Cap
2855,KIC Metaliks Ltd.,INE434C01027,KAJARIR,  112.83 ,-, - ,-, - ,  112.83 ,Small Cap
2856,MRP Agro Limited,INE0D7801012,MRP,  111.86 ,-, - ,-, - ,  111.86 ,Small Cap
2857,Asit C Mehta Financial Services Limited,INE041B01014,ASITCFIN,  111.72 ,-, - ,-, - ,  111.72 ,Small Cap
2858,Tanvi Foods (India) Limited,INE978V01015,TANVI,  111.62 ,-, - ,-, - ,  111.62 ,Small Cap
2859,Vantage Knowledge Academy Limited,INE427T01025,VKAL,  111.62 ,-, - ,-, - ,  111.62 ,Small Cap
2860,Rishiroop Limited,INE582D01013,RISHIROOP,  111.44 ,-, - ,-, - ,  111.44 ,Small Cap
2861,Shri Krishna Devcon Limited,INE997I01012,SHRIKRISH,  111.40 ,-, - ,-, - ,  111.40 ,Small Cap
2862,Fervent Synergies Limited,INE258M01011,FERVENTSYN,  111.37 ,-, - ,-, - ,  111.37 ,Small Cap
2863,Panyam Cements & Mineral Inds. Ltd.,INE167E01037,PANCM,  111.30 ,-, - ,-, - ,  111.30 ,Small Cap
2864,REGIS INDUSTRIES LIMITED,INE745R01024,REGIS,  110.94 ,-, - ,-, - ,  110.94 ,Small Cap
2865,Prithvi Exchange (India) Limited,INE621B01021,PRITHVIEXCH,  110.78 ,-, - ,-, - ,  110.78 ,Small Cap
2866,Pioneer Embroideries Ltd.,INE156C01018,PIONEEREMB,  110.45 ,PIONEEREMB,  110.30 ,-, - ,  110.37 ,Small Cap
2867,The Ramaraju Surgical Cotton Mills Limited,INE328E01027,-, - ,-, - ,RAMARAJU,  110.14 ,  110.14 ,Small Cap
2868,ITL Industries Ltd.,INE478D01014,ITL,  109.96 ,-, - ,-, - ,  109.96 ,Small Cap
2869,SHANTI SPINTEX LIMITED,INE0QZQ01019,SHANTIDENM,  109.94 ,-, - ,-, - ,  109.94 ,Small Cap
2870,PURETROP FRUITS LIMITED,INE795D01011,PURETROP,  109.66 ,-, - ,-, - ,  109.66 ,Small Cap
2871,PURPLE WAVE INFOCOM LIMITED,INE0VDK01019,PURPLEWAVE,  109.61 ,-, - ,-, - ,  109.61 ,Small Cap
2872,SHIVAM CHEMICALS LIMITED,INE0SGR01013,SHIVAM,  109.48 ,-, - ,-, - ,  109.48 ,Small Cap
2873,Citizen Infoline Ltd.,INE473L01018,CIL,  109.45 ,-, - ,-, - ,  109.45 ,Small Cap
2874,STEELMAN TELECOM LIMITED,INE0MSK01016,STML,  109.41 ,-, - ,-, - ,  109.41 ,Small Cap
2875,Karnawati Innovation Limited,INE214D01021,KARNAWATI,  109.33 ,-, - ,-, - ,  109.33 ,Small Cap
2876,Cravatex Ltd.,INE145E01017,CRAVATEX,  109.33 ,-, - ,-, - ,  109.33 ,Small Cap
2877,KOVILPATTI LAKSHMI ROLLER FLOUR MILLS  LTD,INE014E01015,KLRFM,  109.15 ,-, - ,-, - ,  109.15 ,Small Cap
2878,TELGE PROJECTS LIMITED,INE0SRP01014,TELGE,  108.85 ,-, - ,-, - ,  108.85 ,Small Cap
2879,Jolly Plastic Industries Ltd.,INE289M01016,JOLYPLS,  108.82 ,-, - ,-, - ,  108.82 ,Small Cap
2880,Parvati Sweetners and Power Ltd.,INE295Z01015,PARVATI,  108.78 ,-, - ,-, - ,  108.78 ,Small Cap
2881,Kranti Industries Limited,INE911T01010,KRANTI,  108.78 ,-, - ,-, - ,  108.78 ,Small Cap
2882,Amwill Health Care Limited,INE0U2L01017,AMWILL,  108.74 ,-, - ,-, - ,  108.74 ,Small Cap
2883,HEALTHY LIFE AGRITEC LIMITED,INE0L3501015,HEALTHYLIFE,  108.59 ,-, - ,-, - ,  108.59 ,Small Cap
2884,FLOMIC GLOBAL LOGISTICS LIMITED,INE952M01019,FLOMIC,  108.38 ,-, - ,-, - ,  108.38 ,Small Cap
2885,Globe Enterprises (India) Ltd.,INE581X01021,-, - ,GLOBE,  108.18 ,-, - ,  108.18 ,Small Cap
2886,Dhruv Consultancy Services Limited,INE506Z01015,DHRUV,  107.65 ,DHRUV,  108.07 ,-, - ,  107.86 ,Small Cap
2887,M P K STEELS (I) LIMITED,INE1PJP01015,MPKSTEELS,  107.73 ,-, - ,-, - ,  107.73 ,Small Cap
2888,SEL Manufacturing Company Limited,INE105I01020,SELMC,  107.72 ,SELMC,  107.20 ,-, - ,  107.46 ,Small Cap
2889,PRABHAT TECHNOLOGIES (INDIA) LIMITED,INE171P01019,PTIL,  107.06 ,-, - ,-, - ,  107.06 ,Small Cap
2890,Murae Organisor Limited,INE060601031,MURAE,  107.02 ,-, - ,-, - ,  107.02 ,Small Cap
2891,Bhilwara Spinners Ltd,INE436C01014,BHILSPIN,  106.72 ,-, - ,-, - ,  106.72 ,Small Cap
2892,Amarjothi Spinning Mills Ltd,INE484D01012,AMARJOTHI,  106.59 ,-, - ,-, - ,  106.59 ,Small Cap
2893,JAGSONPAL SERVICES LIMITED,INE582C01015,JAGSONSER,  106.53 ,-, - ,-, - ,  106.53 ,Small Cap
2894,Retina Paints Limited,INE0NTC01019,RETINA,  106.43 ,-, - ,-, - ,  106.43 ,Small Cap
2895,Kkalpana Industries (India) Ltd,INE301C01028,KKALPANAIND,  105.99 ,-, - ,-, - ,  105.99 ,Small Cap
2896,Atam Valves Limited,INE09KD01013,ATAM,  105.76 ,ATAM,  105.72 ,-, - ,  105.74 ,Small Cap
2897,Raaj Medisafe India Limited,INE548H01015, RAAJMEDI,  105.56 ,-, - ,-, - ,  105.56 ,Small Cap
2898,Landmark Property Development Company Ltd.,INE197J01017,LPDC,  105.47 ,LPDC,  105.34 ,-, - ,  105.40 ,Small Cap
2899,Shervani Industrial syndicate Ltd,INE011D01013,SHERVANI,  105.32 ,-, - ,-, - ,  105.32 ,Small Cap
2900,RAJNISH RETAIL LIMITED,INE786J01033,RRETAIL,  105.20 ,-, - ,-, - ,  105.20 ,Small Cap
2901,GENESIS IBRC INDIA LIMITED,INE194N01016,GENESIS,  105.19 ,-, - ,-, - ,  105.19 ,Small Cap
2902,JCT Ltd,INE945A01026,JCTLTD,  105.07 ,-, - ,-, - ,  105.07 ,Small Cap
2903,Gujarat Containers Ltd.,INE276I01011,GUJCONT,  104.87 ,-, - ,-, - ,  104.87 ,Small Cap
2904,G M Polyplast Limited,INE0E2801015,GMPL,  104.87 ,-, - ,-, - ,  104.87 ,Small Cap
2905,Saumya Consultants Ltd.,INE563C01015,SAUMYA,  104.72 ,-, - ,-, - ,  104.72 ,Small Cap
2906,Patel Integrated Logistics Ltd,INE529D01014,PATINTLOG,  104.52 ,PATINTLOG,  104.35 ,-, - ,  104.44 ,Small Cap
2907,Rama Vision Ltd,INE763B01013,RAMAVISION,  104.43 ,-, - ,-, - ,  104.43 ,Small Cap
2908,GOYAL ALUMINIUMS LIMITED,INE705X01026,GOYALALUM,  104.13 ,GOYALALUM,  104.11 ,-, - ,  104.12 ,Small Cap
2909,Wallfort Financial Services Ltd.,INE121B01014,WALLFORT,  104.02 ,-, - ,-, - ,  104.02 ,Small Cap
2910,Auto Pins (India) Ltd.,INE706C01028,AUTOPINS,  103.77 ,-, - ,-, - ,  103.77 ,Small Cap
2911,TITAN INTECH LIMITED,INE807M01031,TITANIN,  103.70 ,-, - ,-, - ,  103.70 ,Small Cap
2912,IL&FS Transportation Networks Limited,INE975G01012,IL&FSTRANS,  103.87 ,IL&FSTRANS,  103.24 ,-, - ,  103.55 ,Small Cap
2913,Skyline Millars Ltd,INE178E01026,SKYLMILAR,  103.45 ,-, - ,-, - ,  103.45 ,Small Cap
2914,Softrak Venture Investments Ltd.,INE562E01021,SOFTRAKV,  103.32 ,-, - ,-, - ,  103.32 ,Small Cap
2915,Mangalam Drugs and Organics Ltd.,INE584F01014,MANGALAM,  103.19 ,MANGALAM,  103.25 ,-, - ,  103.22 ,Small Cap
2916,Prime Industries Ltd.,INE543F01028,PRIMIND,  103.13 ,-, - ,-, - ,  103.13 ,Small Cap
2917,Prudential Sugar Corporation Ltd,INE024D01016,PRUDMOULI,  102.92 ,PRUDMOULI,  102.54 ,-, - ,  102.73 ,Small Cap
2918,Mercury Laboratories Limited,INE947G01011,MERCURYLAB,  102.51 ,-, - ,-, - ,  102.51 ,Small Cap
2919,AMD Industries Ltd,INE005I01014,AMDIND,  102.47 ,AMDIND,  102.29 ,-, - ,  102.38 ,Small Cap
2920,Hari Govind International Ltd.,INE167F01018,HARIGOV,  102.30 ,-, - ,-, - ,  102.30 ,Small Cap
2921,DIGJAM LIMITED,INE731U01028,DIGJAMLMTD,  103.02 ,DIGJAMLMTD,  101.35 ,-, - ,  102.18 ,Small Cap
2922,Capital Trust Ltd.,INE707C01018,CAPTRUST,  98.54 ,CAPTRUST,  105.79 ,-, - ,  102.16 ,Small Cap
2923,SGL RESOURCES LIMITED,INE967B01028,SGLRES,  102.07 ,-, - ,-, - ,  102.07 ,Small Cap
2924,F MEC INTERNATIONAL FINANCIAL SERVICES LIMITED,INE108T01013,FMEC,  102.04 ,-, - ,-, - ,  102.04 ,Small Cap
2925,SRIGEE DLM LIMITED,INE0RJ901010,SRIGEE,  102.04 ,-, - ,-, - ,  102.04 ,Small Cap
2926,Ravelcare Limited,INE0W4D01018,RAVEL,  101.71 ,-, - ,-, - ,  101.71 ,Small Cap
2927,Acme Resources Limited,INE636B01011,ACME,  101.27 ,-, - ,-, - ,  101.27 ,Small Cap
2928,Indian Acrylics Ltd,INE862B01013,INDIANACRY,  101.24 ,-, - ,-, - ,  101.24 ,Small Cap
2929,Super Iron Foundry Limited,INE16IQ01014,SUPERIRON,  101.14 ,-, - ,-, - ,  101.14 ,Small Cap
2930,HIMALAYA FOOD INTERNATIONAL LIMITED,INE552B01010,HFIL,  101.10 ,-, - ,-, - ,  101.10 ,Small Cap
2931,Cinevista Limited,INE039B01026,CINEVISTA,  100.98 ,CINEVISTA,  100.63 ,-, - ,  100.81 ,Small Cap
2932,BARAK VALLEY CEMENTS LIMITED,INE139I01011,BVCL,  100.94 ,BVCL,  100.67 ,-, - ,  100.81 ,Small Cap
2933,Motor & General Finance (M.G.F.) Lt,INE861B01023,MOTOGENFIN,  100.81 ,MOTOGENFIN,  100.50 ,-, - ,  100.65 ,Small Cap
2934,Kesar Terminals & Infrastructure Limited,INE096L01025,KTIL,  100.23 ,-, - ,-, - ,  100.23 ,Small Cap
2935,Haryana Capfin Ltd.,INE928H01019,HARYNACAP,  99.83 ,-, - ,-, - ,  99.83 ,Small Cap
2936,Hisar Metal Industries Ltd.,INE598C01011,HISARMETAL,  99.58 ,HISARMETAL,  99.40 ,-, - ,  99.49 ,Small Cap
2937,Luxury Time Limited,INE1CJB01013,LUXURY,  99.48 ,-, - ,-, - ,  99.48 ,Small Cap
2938,JHS Svendgaard Laboratories Ltd.,INE544H01014,JHS,  99.37 ,JHS,  99.24 ,-, - ,  99.31 ,Small Cap
2939,Vippy Spinpro Ltd.,INE660D01017,VIPPYSP,  99.18 ,-, - ,-, - ,  99.18 ,Small Cap
2940,Riddhi Steel and Tube Limited,INE367U01013,RSTL,  98.90 ,-, - ,-, - ,  98.90 ,Small Cap
2941,Prerna Infrabuild Limited,INE426H01014,PRERINFRA,  98.67 ,-, - ,-, - ,  98.67 ,Small Cap
2942,Cosco (India) ltd.,INE949B01018,COSCO,  98.59 ,-, - ,-, - ,  98.59 ,Small Cap
2943,E-Land Apparel Limited,INE311H01018,ELAND,  98.58 ,-, - ,-, - ,  98.58 ,Small Cap
2944,Priti International Ltd.,INE974Z01015,-, - ,PRITI,  98.49 ,-, - ,  98.49 ,Small Cap
2945,GENPHARMASEC LIMITED,INE861N01036,GENPHARMA,  98.37 ,-, - ,-, - ,  98.37 ,Small Cap
2946,Assam Entrade Limited,INE165G01010,ASSAMENT,  98.15 ,-, - ,-, - ,  98.15 ,Small Cap
2947,Apt Packaging Ltd,INE046E01025,APTPACK,  98.04 ,-, - ,-, - ,  98.04 ,Small Cap
2948,Energy Development Company Ltd.,INE306C01019,ENERGYDEV,  97.96 ,ENERGYDEV,  97.65 ,-, - ,  97.80 ,Small Cap
2949,Deepak Spinners Ltd.,INE272C01013,DEEPAKSP,  97.65 ,-, - ,-, - ,  97.65 ,Small Cap
2950,Supra Pacific Financial Services Limited,INE268T01015,SUPRAPFSL,  97.57 ,-, - ,-, - ,  97.57 ,Small Cap
2951,Aakash Exploration Services Ltd.,INE087Z01024,-, - ,AAKASH,  97.27 ,-, - ,  97.27 ,Small Cap
2952,Ganga Papers India Ltd,INE278O01015,GANGAPA,  97.22 ,-, - ,-, - ,  97.22 ,Small Cap
2953,Safa Systems & Technologies Limited,INE0JNA01014,SSTL,  96.93 ,-, - ,-, - ,  96.93 ,Small Cap
2954,McDowell Holdings Limited,INE836H01014,MCDHOLDING,  96.90 ,-, - ,-, - ,  96.90 ,Small Cap
2955,Shri Balaji Valve Components Limited,INE0RNZ01014,SBVCL,  96.88 ,-, - ,-, - ,  96.88 ,Small Cap
2956,Aptus Pharma Limited,INE15XJ01010,APPL,  96.38 ,-, - ,-, - ,  96.38 ,Small Cap
2957,Accuracy Shipping Limited,INE648Z01023,ACCURACY,  89.73 ,ACCURACY,  102.56 ,-, - ,  96.14 ,Small Cap
2958,Storage Technologies and Automation Limited,INE0RGM01016,STAL,  95.98 ,-, - ,-, - ,  95.98 ,Small Cap
2959,Gujarat Hotels Ltd.,INE621C01011,GUJHOTE,  95.94 ,-, - ,-, - ,  95.94 ,Small Cap
2960,SHRI VASUPRADA PLANTATIONS LIMITED,INE574G01013,VASUPRADA,  95.74 ,-, - ,-, - ,  95.74 ,Small Cap
2961,Vibrant Global Capital Limited,INE761Q01015,VGCL,  95.66 ,-, - ,-, - ,  95.66 ,Small Cap
2962,Olatech Solutions Limited,INE0M3901015,OLATECH,  95.62 ,-, - ,-, - ,  95.62 ,Small Cap
2963,WEP Solutions Ltd,INE434B01029,WEPSOLN,  95.61 ,-, - ,-, - ,  95.61 ,Small Cap
2964,GARMENT MANTRA LIFESTYLE LIMITED,INE653S01028,GARMNTMNTR,  95.58 ,-, - ,-, - ,  95.58 ,Small Cap
2965,Rathi Industries Limited,INE173X01019,-, - ,-, - ,RATHIIND,  95.57 ,  95.57 ,Small Cap
2966,ORCHASP LIMITED,INE215B01022,ORCHASP,  95.73 ,ORCHASP,  95.35 ,-, - ,  95.54 ,Small Cap
2967,Polychem Ltd,INE752B01024,POLYCHEM,  95.33 ,-, - ,-, - ,  95.33 ,Small Cap
2968,Abhinav Capital Services Limited,INE516F01016,ABHICAP,  95.05 ,-, - ,-, - ,  95.05 ,Small Cap
2969,VIRYA RESOURCES LIMITED,INE661K01010,VIRYA,  95.01 ,-, - ,-, - ,  95.01 ,Small Cap
2970,VIKRAM KAMATS HOSPITALITY LIMITED,INE564S01019,KAMATS,  94.61 ,-, - ,-, - ,  94.61 ,Small Cap
2971,ECO HOTELS AND RESORTS LIMITED,INE638N01012,ECOHOTELS,  94.58 ,-, - ,-, - ,  94.58 ,Small Cap
2972,KRETTO SYSCON LIMITED,INE128R01023,KRETTOSYS,  94.51 ,-, - ,-, - ,  94.51 ,Small Cap
2973,THRIVE FUTURE HABITATS LIMITED,INE628D01014,THRIVE,  94.14 ,-, - ,-, - ,  94.14 ,Small Cap
2974,Samrat Pharmachem Ltd.,INE103E01016,SAMRATPH,  94.13 ,-, - ,-, - ,  94.13 ,Small Cap
2975,Titan Securities Ltd.,INE090D01017,TITANSEC,  93.90 ,-, - ,-, - ,  93.90 ,Small Cap
2976,Rajnish Wellness Limited,INE685Z01033,RAJNISH,  93.89 ,-, - ,-, - ,  93.89 ,Small Cap
2977,Atlas Jewellery India Limited,INE022N01019,AJIL,  93.31 ,-, - ,-, - ,  93.31 ,Small Cap
2978,G G Engineering Limited,INE694X01030,GGENG,  93.27 ,-, - ,-, - ,  93.27 ,Small Cap
2979,CASPIAN CORPORATE SERVICES LIMITED,INE176N01021,CASPIAN,  93.25 ,-, - ,-, - ,  93.25 ,Small Cap
2980,CLARA INDUSTRIES LIMITED,INE0JJS01014,CLARA,  93.13 ,-, - ,-, - ,  93.13 ,Small Cap
2981,Prakash Steelage Limited,INE696K01024,PRAKASHSTL,  93.05 ,PRAKASHSTL,  92.99 ,-, - ,  93.02 ,Small Cap
2982,T & I Global Ltd.,INE811B01010,TIGLOB,  92.44 ,-, - ,-, - ,  92.44 ,Small Cap
2983,Sundaram Multi Pap Ltd.,INE108E01023,SUNDARAM,  92.49 ,SUNDARAM,  92.30 ,-, - ,  92.39 ,Small Cap
2984,Welcure Drugs & Pharmaceuticals ltd,INE331C01025,WELCURE,  92.36 ,-, - ,-, - ,  92.36 ,Small Cap
2985,Pioneer Investcorp Ltd,INE746D01014,PIONRINV,  92.23 ,-, - ,-, - ,  92.23 ,Small Cap
2986,Bharat Immunologicals & Biologicals,INE994B01014,BIBCL,  92.04 ,-, - ,-, - ,  92.04 ,Small Cap
2987,DB(INTERNATIONAL)Stock Brokers Ltd,INE921B01025,DBSTOCKBRO,  92.00 ,DBSTOCKBRO,  91.98 ,-, - ,  91.99 ,Small Cap
2988,Kesar Enterprises Ltd.,INE133B01027,KESARENT,  91.89 ,-, - ,-, - ,  91.89 ,Small Cap
2989,Tayo Rolls Ltd.,INE895C01011,TATAYODOGA,  91.73 ,-, - ,-, - ,  91.73 ,Small Cap
2990,Archit Organosys Limited,INE078I01011,ARCHITORG,  91.54 ,-, - ,-, - ,  91.54 ,Small Cap
2991,Focus Business Solution Limited,INE0DXR01010,FOCUS,  91.53 ,-, - ,-, - ,  91.53 ,Small Cap
2992,IFL ENTERPRISES LIMITED,INE714U01024,IFL,  91.40 ,-, - ,-, - ,  91.40 ,Small Cap
2993,ASTAL LABORATORIES LIMITED,INE307N01014,ASTALLTD,  91.40 ,-, - ,-, - ,  91.40 ,Small Cap
2994,ACCEL LIMITED,INE258C01038,ACCEL,  91.06 ,-, - ,-, - ,  91.06 ,Small Cap
2995,AKI India Limited,INE642Z01026,AKI,  91.94 ,AKI,  89.71 ,-, - ,  90.82 ,Small Cap
2996,Source Natural Foods & Herbal Suppl Ltd,INE679C01027,SOURCENTRL,  90.78 ,-, - ,-, - ,  90.78 ,Small Cap
2997,Auri Grow India Ltd.,INE925Y01036,-, - ,AURIGROW,  90.74 ,-, - ,  90.74 ,Small Cap
2998,Alkali Metals Limited,INE773I01017,ALKALI,  90.81 ,ALKALI,  90.62 ,-, - ,  90.71 ,Small Cap
2999,Raghuvansh Agrofarms Limited,INE865P01016,RAFL,  90.50 ,-, - ,-, - ,  90.50 ,Small Cap
3000,Chartered Logistics Ltd,INE558F01026,CHLOGIST,  90.48 ,-, - ,-, - ,  90.48 ,Small Cap
3001,Cerebra Integrated Technologies Ltd.,INE345B01019,CEREBRAINT,  94.33 ,CEREBRAINT,  86.60 ,-, - ,  90.46 ,Small Cap
3002,Future Consumer Limited,INE220J01025,FCONSUMER,  90.93 ,FCONSUMER,  89.90 ,-, - ,  90.41 ,Small Cap
3003,KATI PATANG LIFESTYLE LIMITED,INE237C01016,KATIPATANG,  89.86 ,-, - ,-, - ,  89.86 ,Small Cap
3004,GUJARAT PEANUT AND AGRI PRODUCTS LIMITED,INE0SIK01014,GPAPL,  89.43 ,-, - ,-, - ,  89.43 ,Small Cap
3005,LE LAVOIR LIMITED,INE204S01012,LELAVOIR,  89.33 ,-, - ,-, - ,  89.33 ,Small Cap
3006,AMBO AGRITEC LIMITED,INE0N6V01016,AMBOAGRI,  89.31 ,-, - ,-, - ,  89.31 ,Small Cap
3007,TECHNICHEM ORGANICS LIMITED,INE0ZHT01012,TECHNICHEM,  89.12 ,-, - ,-, - ,  89.12 ,Small Cap
3008,Sunsky Logistics Limited,INE10CM01027,SUNSKY,  89.10 ,-, - ,-, - ,  89.10 ,Small Cap
3009,Transchem Limited.,INE019B01010,TRANSCHEM,  89.03 ,-, - ,-, - ,  89.03 ,Small Cap
3010,GROWINGTON VENTURES INDIA LIMITED,INE451S01027,GROWINGTON,  88.92 ,-, - ,-, - ,  88.92 ,Small Cap
3011,Aeonx Digital Technology Limited,INE994D01010,AEONXDIGI,  88.73 ,-, - ,-, - ,  88.73 ,Small Cap
3012,Virat Crane Industries Ltd,INE295C01014,VIRATCRA,  88.66 ,-, - ,-, - ,  88.66 ,Small Cap
3013,Acknit Industries Ltd,INE326C01017,ACKNIT,  88.63 ,-, - ,-, - ,  88.63 ,Small Cap
3014,Ajooni Biotech Ltd.,INE820Y01021,-, - ,AJOONI,  88.63 ,-, - ,  88.63 ,Small Cap
3015,ADTECH SYSTEMS LIMITED,INE257C01014,ADTECH ,  88.52 ,-, - ,ADTECH,  88.54 ,  88.53 ,Small Cap
3016,Anmol India Limited,INE02AR01019,ANMOL,  88.50 ,ANMOL,  88.41 ,-, - ,  88.45 ,Small Cap
3017,Nagreeka Exports Ltd.,INE123B01028,NAGREEKEXP,  88.62 ,NAGREEKEXP,  88.22 ,-, - ,  88.42 ,Small Cap
3018,Rajeshwari Cans Limited,INE0CQ101015,RCAN,  88.41 ,-, - ,-, - ,  88.41 ,Small Cap
3019,Shalimar Wires Industries Ltd.,INE655D01025,SHALIWIR,  88.35 ,-, - ,-, - ,  88.35 ,Small Cap
3020,Banka Bioloo Ltd.,INE862Y01015,-, - ,BANKA,  88.27 ,-, - ,  88.27 ,Small Cap
3021,Mysore Paper Mills Limited,INE924F01012,MYSPAPE,  88.22 ,-, - ,-, - ,  88.22 ,Small Cap
3022,DELTA MANUFACTURING LIMITED ,INE393A01011,DELTAMAGNT,  88.45 ,DELTAMAGNT,  87.89 ,-, - ,  88.17 ,Small Cap
3023,Mukesh Babu Financial Services Ltd.,INE596B01017,MUKESHB,  88.15 ,-, - ,-, - ,  88.15 ,Small Cap
3024,Advik Capital Limited,INE178T01024,ADVIKCA,  88.15 ,-, - ,-, - ,  88.15 ,Small Cap
3025,Chartered Capital & Investment Ltd.,INE953B01010,CHRTEDCA,  87.76 ,-, - ,-, - ,  87.76 ,Small Cap
3026,IEL LIMITED,INE056E01024,INDXTRA,  87.65 ,-, - ,-, - ,  87.65 ,Small Cap
3027,Royale Manor Hotels & Industries Lt,INE008C01011,RAYALEMA,  87.57 ,-, - ,-, - ,  87.57 ,Small Cap
3028,J.A. Finance Limited,INE825B01010,JAFINANCE,  87.44 ,-, - ,-, - ,  87.44 ,Small Cap
3029,Alliance Integrated Metaliks Limited,INE123D01024,AIML,  87.14 ,-, - ,-, - ,  87.14 ,Small Cap
3030,GANESHA ECOVERSE LIMITED,INE369Q01017,GANVERSE,  87.07 ,-, - ,-, - ,  87.07 ,Small Cap
3031,JUNGLE CAMPS INDIA LIMITED,INE0WCH01015,JUNGLECAMP,  87.06 ,-, - ,-, - ,  87.06 ,Small Cap
3032,Super Tannery Limited,INE460D01038,SUPTANERY,  87.02 ,-, - ,-, - ,  87.02 ,Small Cap
3033,HANDSON GLOBAL MANAGEMENT (HGM) LIMITED,INE596H01014,HGM,  87.38 ,HGM,  86.61 ,-, - ,  86.99 ,Small Cap
3034,Cambridge Technology Enterprises Ltd.,INE627H01017,CTE,  87.26 ,CTE,  86.58 ,-, - ,  86.92 ,Small Cap
3035,EVANS ELECTRIC LIMITED,INE06TD01010,EVANS,  86.92 ,-, - ,-, - ,  86.92 ,Small Cap
3036,Kemistar Corporation Limited,INE971L01029,KEMISTAR,  86.70 ,-, - ,-, - ,  86.70 ,Small Cap
3037,Dynavision Limited,INE083E01010,DYNAVSN,  86.67 ,-, - ,-, - ,  86.67 ,Small Cap
3038,Ind-Swift Ltd.,INE788B01028,INDSWFTLTD,  86.57 ,-, - ,-, - ,  86.57 ,Small Cap
3039,FYNX CAPITAL LIMITED,INE455H01013,FYNX,  86.57 ,-, - ,-, - ,  86.57 ,Small Cap
3040,Virat Leasing Limited,INE347L01022,VLL,  86.54 ,-, - ,-, - ,  86.54 ,Small Cap
3041,Shri Niwas Leasing and Finance Limited,INE201F01015,SHRINIWAS,  86.46 ,-, - ,-, - ,  86.46 ,Small Cap
3042,California Software Co. Ltd.,INE526B01014,CALSOFT,  124.40 ,CALSOFT,  47.99 ,-, - ,  86.20 ,Small Cap
3043,Suvidhaa Infoserve Limited,INE018401013,SUVIDHAA,  85.87 ,SUVIDHAA,  85.77 ,-, - ,  85.82 ,Small Cap
3044,Orient Press ltd.,INE609C01024,ORIENTLTD,  85.94 ,ORIENTLTD,  85.54 ,-, - ,  85.74 ,Small Cap
3045,Universal Autofoundry Limited,INE203T01012,UNIAUTO,  85.69 ,-, - ,-, - ,  85.69 ,Small Cap
3046,PORWAL AUTO COMPONENTS LIMITED,INE386I01018,PORWAL,  85.40 ,-, - ,-, - ,  85.40 ,Small Cap
3047,Restile Ceramics Ltd.,INE298E01022,RESTILE,  85.33 ,-, - ,-, - ,  85.33 ,Small Cap
3048,Ansal Buildwell Ltd.,INE030C01015,ANSALBU,  85.31 ,-, - ,-, - ,  85.31 ,Small Cap
3049,H.M. ELECTRO MECH LIMITED,INE0DZD01015,HMEML,  85.25 ,-, - ,-, - ,  85.25 ,Small Cap
3050,Gautam Exim Limited,INE721X01015,GEL,  85.12 ,-, - ,-, - ,  85.12 ,Small Cap
3051,Garg Furnace Ltd.,INE194E01015,GARGFUR,  84.99 ,-, - ,-, - ,  84.99 ,Small Cap
3052,Narmada Agrobase Limited,INE117Z01011,NARMADA,  85.09 ,NARMADA,  84.86 ,-, - ,  84.97 ,Small Cap
3053,MEHUL COLOURS LIMITED,INE1KH601014,MEHUL,  84.87 ,-, - ,-, - ,  84.87 ,Small Cap
3054,Hira Automobiles Ltd.,INE258Z01013,HIRAUTO,  84.58 ,-, - ,-, - ,  84.58 ,Small Cap
3055,Blue Coast Hotels Ltd,INE472B01011,BLUECOAST,  86.36 ,BLUECOAST,  82.50 ,-, - ,  84.43 ,Small Cap
3056,Waa Solar Limited,INE799N01012,WAA,  84.40 ,-, - ,-, - ,  84.40 ,Small Cap
3057,ICODEX PUBLISHING SOLUTIONS LIMITED,INE111601014,ICODEX ,  84.35 ,-, - ,-, - ,  84.35 ,Small Cap
3058,B.N.Rathi Securities Ltd.,INE710D01028,BNRSEC,  84.26 ,-, - ,-, - ,  84.26 ,Small Cap
3059,Morgan Ventures Ltd.,INE902C01015,MORGAN,  84.18 ,-, - ,-, - ,  84.18 ,Small Cap
3060,Yamini Investments Company Limited,INE457N01025,YAMNINV,  84.12 ,-, - ,-, - ,  84.12 ,Small Cap
3061,HB Portfolio Ltd.,INE638B01025,HBPOR,  83.90 ,-, - ,-, - ,  83.90 ,Small Cap
3062,Transwarranty Finance Limited,INE804H01012,TFL,  83.98 ,TFL,  83.12 ,-, - ,  83.55 ,Small Cap
3063,Chowgule Steamships Ltd.,INE490A01015,CHOWGULSTM,  83.39 ,-, - ,-, - ,  83.39 ,Small Cap
3064,Swadeshi Industries Leasing Co. Ltd,INE716M01034,SWADEIN,  83.04 ,-, - ,-, - ,  83.04 ,Small Cap
3065,Cals Refineries Ltd,INE040C01022,CALSREF,  82.94 ,-, - ,-, - ,  82.94 ,Small Cap
3066,Aashrit Capital Limited,INE172F01018,-, - ,-, - ,AASHRIT,  82.90 ,  82.90 ,Small Cap
3067,Starlog Enterprises Limited,INE580C01019,STARLOG,  82.89 ,-, - ,-, - ,  82.89 ,Small Cap
3068,Royal Cushion Vinyl Products Ltd.,INE618A01011,ROYALCU,  82.87 ,-, - ,-, - ,  82.87 ,Small Cap
3069,Narmada Macplast Drip Irrigation Sy,INE060D01028,NARMP,  82.82 ,-, - ,-, - ,  82.82 ,Small Cap
3070,Agri-Tech India Ltd.,INE449G01018,AGRITECH,  82.80 ,AGRITECH,  82.83 ,-, - ,  82.82 ,Small Cap
3071,Nexxus Petro Industries Limited,INE0QUL01011,NEXXUS,  82.75 ,-, - ,-, - ,  82.75 ,Small Cap
3072,BLB Limited,INE791A01024,BLBLIMITED,  82.76 ,BLBLIMITED,  82.58 ,-, - ,  82.67 ,Small Cap
3073,Yash Chemex Limited,INE571U01010,YASHCHEM,  82.57 ,-, - ,-, - ,  82.57 ,Small Cap
3074,ASSTON PHARMACEUTICALS LIMITED,INE0SJX01015,APL,  82.51 ,-, - ,-, - ,  82.51 ,Small Cap
3075,APM Industries Ltd.,INE170D01025,APMIN,  82.45 ,-, - ,-, - ,  82.45 ,Small Cap
3076,Banaras Beads Ltd.,INE655B01011,BANARBEADS,  82.45 ,BANARBEADS,  82.41 ,-, - ,  82.43 ,Small Cap
3077,SEACOAST SHIPPING SERVICES LIMITED,INE277T01024,SEACOAST,  82.27 ,-, - ,-, - ,  82.27 ,Small Cap
3078,Dev Labtech Venture Limited,INE0NIJ01017,DEVLAB,  81.95 ,-, - ,-, - ,  81.95 ,Small Cap
3079,Royal India Corporation Limited,INE510H01015,ROYALIND,  81.95 ,-, - ,-, - ,  81.95 ,Small Cap
3080,Agro Phos India Ltd.,INE740V01019,-, - ,AGROPHOS,  81.94 ,-, - ,  81.94 ,Small Cap
3081,JAYANT INFRATECH LIMITED,INE0KR801019,JAYANT,  81.87 ,-, - ,-, - ,  81.87 ,Small Cap
3082,ALKOSIGN LIMITED,INE0KA601012,ALKOSIGN,  81.85 ,-, - ,-, - ,  81.85 ,Small Cap
3083,VEDAVAAG Systems Limited,INE359B01010,VEDAVAAG,  81.82 ,-, - ,-, - ,  81.82 ,Small Cap
3084,Vishal Bearings Limited,INE060T01024,VISHALBL,  81.81 ,-, - ,-, - ,  81.81 ,Small Cap
3085,Synthiko Foils Ltd.,INE363L01045,SYNTHFO,  81.81 ,-, - ,-, - ,  81.81 ,Small Cap
3086,Nilachal Refractories Ltd.,INE416N01013,NILACHAL,  81.76 ,-, - ,-, - ,  81.76 ,Small Cap
3087,DHANSAFAL FINSERVE LIMITED,INE195E01020,DHANSAFAL,  81.59 ,-, - ,-, - ,  81.59 ,Small Cap
3088,Shreeji Translogistics Limited,INE402Y01028,STL,  81.49 ,-, - ,-, - ,  81.49 ,Small Cap
3089,MALPANI PIPES AND FITTINGS LIMITED,INE0YON01014,MALPANI,  81.43 ,-, - ,-, - ,  81.43 ,Small Cap
3090,Winsome Breweries Ltd.,INE391C01011,WINSOMBR,  81.37 ,-, - ,-, - ,  81.37 ,Small Cap
3091,GACM Technologies Limited,INE224E01028,GATECH,  82.26 ,GATECH,  80.27 ,-, - ,  81.27 ,Small Cap
3092,REPONO LIMITED,INE15WN01014,REPONO,  81.23 ,-, - ,-, - ,  81.23 ,Small Cap
3093,SKP Securities Ltd.,INE709B01016,SKPSEC,  81.16 ,-, - ,-, - ,  81.16 ,Small Cap
3094,Riddhi Corporate Services Limited,INE325X01015,RIDDHICORP,  81.02 ,-, - ,-, - ,  81.02 ,Small Cap
3095,Sagarsoft (India) Limited,INE184B01012,SAGARSOFT,  80.75 ,-, - ,-, - ,  80.75 ,Small Cap
3096,Makers Laboratories Ltd.,INE987A01010,MAKERSL,  80.70 ,-, - ,-, - ,  80.70 ,Small Cap
3097,VMS INDUSTRIES LIMITED,INE932K01015,VMS,  80.68 ,-, - ,-, - ,  80.68 ,Small Cap
3098,SODHANI CAPITAL LIMITED,INE0QU501030,SODHACAP,  80.57 ,-, - ,-, - ,  80.57 ,Small Cap
3099,Damodar Industries Limited,INE497D01022,DAMODARIND,  80.46 ,DAMODARIND,  80.46 ,-, - ,  80.46 ,Small Cap
3100,Amrapali Industries Ltd,INE762C01021,AMRAPLIN,  79.81 ,-, - ,-, - ,  79.81 ,Small Cap
3101,Gayatri Sugars Ltd.,INE622E01023,GAYATRI,  79.58 ,-, - ,-, - ,  79.58 ,Small Cap
3102,WSFX Global Pay Limited,INE549D01012,WSFX,  79.35 ,-, - ,-, - ,  79.35 ,Small Cap
3103,MRC AGROTECH LIMITED,INE333Y01017,MRCAGRO,  79.31 ,-, - ,-, - ,  79.31 ,Small Cap
3104,Noida Toll Bridge Company Ltd,INE781B01015,NOIDATOLL,  79.33 ,NOIDATOLL,  79.16 ,-, - ,  79.25 ,Small Cap
3105,Shree Krishna Paper Mills & Industr,INE970C01012,SKPMIL,  79.20 ,-, - ,-, - ,  79.20 ,Small Cap
3106,Banas Finance Limited,INE521L01030,BANASFN,  79.17 ,-, - ,-, - ,  79.17 ,Small Cap
3107,Riba Textiles Ltd.,INE811H01017,RIBATEX,  79.16 ,-, - ,-, - ,  79.16 ,Small Cap
3108,MENA MANI INDUSTRIES LIMITED,INE148B01033,MENAMANI,  79.03 ,-, - ,-, - ,  79.03 ,Small Cap
3109,Share Samadhan Limited,INE0LY301010,SSL,  78.85 ,-, - ,-, - ,  78.85 ,Small Cap
3110,Sanrhea Technical Textiles Ltd.,INE589J01015,SANTETX,  78.84 ,-, - ,-, - ,  78.84 ,Small Cap
3111,CONSTRONICS INFRA LIMITED,INE537B01011,CONSTRONIC,  78.68 ,-, - ,-, - ,  78.68 ,Small Cap
3112,3P LAND HOLDINGS LTD.,INE105C01023,3PLAND,  78.64 ,3PLAND,  78.63 ,-, - ,  78.63 ,Small Cap
3113,Kothari Fermanatation & Biochem Ltd,INE991B01010,KFBL,  78.58 ,-, - ,-, - ,  78.58 ,Small Cap
3114,Inter Globe Finance Ltd.,INE661M01016,INTRGLB,  78.44 ,-, - ,-, - ,  78.44 ,Small Cap
3115,SECUREKLOUD TECHNOLOGIES LIMITED,INE650K01021,SECURKLOUD,  78.47 ,SECURKLOUD,  78.18 ,-, - ,  78.32 ,Small Cap
3116,Sunil Healthcare Limited,INE671C01016,SUNLOC,  78.32 ,-, - ,-, - ,  78.32 ,Small Cap
3117,VSF Projects Limited,INE923K01014,VSFPROJ,  78.27 ,-, - ,-, - ,  78.27 ,Small Cap
3118,Dhampure Speciality Sugars Ltd.,INE956B01013,DHAMPURE,  78.11 ,-, - ,-, - ,  78.11 ,Small Cap
3119,Creative Castings Limited,INE146E01015,CREATIVE,  77.99 ,-, - ,-, - ,  77.99 ,Small Cap
3120,Jeevan Scientific Technology Limited,INE237B01018,JSTL,  77.88 ,-, - ,-, - ,  77.88 ,Small Cap
3121,HYPERSOFT TECHNOLOGIES LIMITED,INE039D01014,HYPERSOFT,  77.84 ,-, - ,-, - ,  77.84 ,Small Cap
3122,LAKHOTIA POLYESTERS (INDIA) LIMITED,INE191O01010,LAKHOTIA,  77.57 ,-, - ,-, - ,  77.57 ,Small Cap
3123,TRESCON LIMITED,INE088D01011,TRESCON,  77.50 ,-, - ,-, - ,  77.50 ,Small Cap
3124,THREE M PAPER BOARDS LIMITED,INE0UK501010,THREEMPAPE,  77.37 ,-, - ,-, - ,  77.37 ,Small Cap
3125,EVERLON FINANCIALS LIMITED,INE339D01034,EVERFIN,  77.12 ,-, - ,-, - ,  77.12 ,Small Cap
3126,3B FILMS LIMITED,INE0TE101010,3BFILMS,  77.05 ,-, - ,-, - ,  77.05 ,Small Cap
3127,Logiciel Solutions Limited,INE1BA901016,LOGICIEL,  76.98 ,-, - ,-, - ,  76.98 ,Small Cap
3128,PRARUH TECHNOLOGIES LIMITED,INE0TI501017,PRARUH,  76.81 ,-, - ,-, - ,  76.81 ,Small Cap
3129,Sylph Industries Limited,INE706F01021,SYLPH,  76.77 ,-, - ,-, - ,  76.77 ,Small Cap
3130,MAESTROS ELECTRONICS & TELECOMMUNICATIONS SYSTEMS LTD,INE318N01011,METSL,  76.73 ,-, - ,-, - ,  76.73 ,Small Cap
3131,Gayatri BioOrganics Ltd,INE052E01015,GAYATRIBI,  76.65 ,-, - ,-, - ,  76.65 ,Small Cap
3132,TEAM24 CONSUMER PRODUCTS LIMITED,INE601A01017,TEAM24,  76.44 ,-, - ,-, - ,  76.44 ,Small Cap
3133,Teamo Productions HQ Limited,INE065J01024,TPHQ,  76.78 ,TPHQ,  75.71 ,-, - ,  76.24 ,Small Cap
3134,Mysore Petro Chemicals Ltd.,INE741A01011,MYSORPETRO,  76.24 ,-, - ,-, - ,  76.24 ,Small Cap
3135,RAJ OIL MILLS LIMITED,INE294G01026,ROML,  76.16 ,ROML,  76.14 ,-, - ,  76.15 ,Small Cap
3136,Paras Petrofils Ltd.,INE162C01024,PARASPETRO,  76.21 ,PARASPETRO,  76.03 ,-, - ,  76.12 ,Small Cap
3137,Franklin Industries Limited,INE789R01022,FRANKLININD,  75.99 ,-, - ,-, - ,  75.99 ,Small Cap
3138,Bombay Cycle & Motor Agency Ltd.,INE691K01017,BOMBCYC,  75.98 ,-, - ,-, - ,  75.98 ,Small Cap
3139,Ahlada Engineers Ltd.,INE00PV01013,-, - ,AHLADA,  75.97 ,-, - ,  75.97 ,Small Cap
3140,Trustedge Capital Limited,INE398H01015,TRUSTEDGE,  75.77 ,-, - ,-, - ,  75.77 ,Small Cap
3141,Ascensive Educare Limited,INE0E4I01027,ASCENSIVE,  75.74 ,-, - ,-, - ,  75.74 ,Small Cap
3142,SHRISTI INFRASTRUCTURE DEVELOPMENT CORPORATION LTD.,INE472C01027,SHRISTI,  75.68 ,-, - ,-, - ,  75.68 ,Small Cap
3143,Eros International Media Limited,INE416L01017,EROSMEDIA,  75.68 ,-, - ,-, - ,  75.68 ,Small Cap
3144,Transcorp International Ltd.,INE330E01023,TRANSCOR,  75.66 ,-, - ,-, - ,  75.66 ,Small Cap
3145,Sunayana Investment Company Limited,INE724R01011,-, - ,-, - ,SUNAYANA,  75.62 ,  75.62 ,Small Cap
3146,Dhanlaxmi Cotex Ltd.,INE977F01010,DHANCOT,  75.46 ,-, - ,-, - ,  75.46 ,Small Cap
3147,Atlas Cycles (Haryana) Ltd.,INE446A01025,ATLASCYCLE,  75.40 ,ATLASCYCLE,  75.22 ,-, - ,  75.31 ,Small Cap
3148,Sky Industries Ltd,INE765B01018,SKYIND,  75.24 ,-, - ,-, - ,  75.24 ,Small Cap
3149,MAXGROW INDIA LIMITED,INE485D01043,MAXGROW,  75.17 ,-, - ,-, - ,  75.17 ,Small Cap
3150,Aris International Limited,INE588E01026,ARISINT,  75.16 ,-, - ,-, - ,  75.16 ,Small Cap
3151,KAIZEN AGRO INFRABUILD LIMITED,INE891N01017,KAIZENAGRO,  75.12 ,-, - ,-, - ,  75.12 ,Small Cap
3152,BIOGEN PHARMACHEM INDUSTRIES LIMITED,INE703D01023,BIOGEN,  75.06 ,-, - ,-, - ,  75.06 ,Small Cap
3153,Ashnoor Textiles Mills Ltd.,INE372I01018,ASHNOOR,  74.97 ,-, - ,-, - ,  74.97 ,Small Cap
3154,STELLANT SECURITIES (INDIA) LIMITED,INE395F01023,STELLANT,  74.89 ,-, - ,-, - ,  74.89 ,Small Cap
3155,SHEKHAWATI INDUSTRIES LIMITED,INE268L01046,SHEKHAWATI,  74.86 ,-, - ,-, - ,  74.86 ,Small Cap
3156,Punj LLoyd Ltd,INE701B01021,PUNJLLOYD,  74.84 ,-, - ,-, - ,  74.84 ,Small Cap
3157,TRANS INDIA HOUSE IMPEX LIMITED,INE502D01011,TIHIL,  74.63 ,-, - ,-, - ,  74.63 ,Small Cap
3158,Elegant Marbles & Grani Industries,INE095B01010,ELEMARB,  74.49 ,-, - ,-, - ,  74.49 ,Small Cap
3159,Shekhawati Industries Ltd.,INE268L01020,-, - ,SHEKHAWATI,  74.49 ,-, - ,  74.49 ,Small Cap
3160,Mangal Compusolution Limited,INE0RU901015,MANGALCOMP,  74.33 ,-, - ,-, - ,  74.33 ,Small Cap
3161,Tirupati Fincorp Limited,INE642O01012,TIRUFIN,  74.16 ,-, - ,-, - ,  74.16 ,Small Cap
3162,Minal Industries Limited,INE097E01028,MINALIND,  74.12 ,-, - ,-, - ,  74.12 ,Small Cap
3163,Terai Tea Co. Ltd.,INE390D01011,TERAI,  74.03 ,-, - ,-, - ,  74.03 ,Small Cap
3164,Filtra Consultants and Engineers Limited,INE541R01019,FILTRA,  73.73 ,-, - ,-, - ,  73.73 ,Small Cap
3165,Oriental Trimex Limited,INE998H01012,ORIENTALTL,  73.74 ,ORIENTALTL,  73.64 ,-, - ,  73.69 ,Small Cap
3166,EIKO LIFESCIENCES LIMITED,INE666Q01016,EIKO,  73.67 ,-, - ,-, - ,  73.67 ,Small Cap
3167,Daikaffil Chemicals India Ltd.,INE789B01018,DAIKAFFI,  73.62 ,-, - ,-, - ,  73.62 ,Small Cap
3168,Garnet Construction Ltd.,INE797D01017,GARNET,  73.56 ,-, - ,-, - ,  73.56 ,Small Cap
3169,Future Market Networks Limited,INE360L01017,FMNL,  73.69 ,FMNL,  73.36 ,-, - ,  73.53 ,Small Cap
3170,Oceanic Foods Limited,INE711V01010,OCEANIC,  73.49 ,-, - ,-, - ,  73.49 ,Small Cap
3171,Odyssey Corporation Ltd.,INE839E01023,ODYCORP,  73.31 ,-, - ,-, - ,  73.31 ,Small Cap
3172,Ecoboard Industries Ltd,INE866A01016,ECOBOAR,  73.25 ,-, - ,-, - ,  73.25 ,Small Cap
3173,Dhatre Udyog Limited,INE715T01031,DHATRE,  73.22 ,-, - ,-, - ,  73.22 ,Small Cap
3174,My Money Securities Ltd.,INE232L01018,MYMONEY,  73.14 ,-, - ,-, - ,  73.14 ,Small Cap
3175,V R Woodart Ltd,INE317D01014,VRWODAR,  73.13 ,-, - ,-, - ,  73.13 ,Small Cap
3176,COMFORT FINCAP LIMITED,INE274M01026,COMFINCAP,  72.67 ,-, - ,-, - ,  72.67 ,Small Cap
3177,FLEXITUFF VENTURES INTERNATIONAL LIMITED,INE060J01017,FLEXITUFF,  73.87 ,FLEXITUFF,  71.42 ,-, - ,  72.64 ,Small Cap
3178,G.V. Films  Ltd.,INE395B01048,GVFILM,  72.60 ,-, - ,-, - ,  72.60 ,Small Cap
3179,Swashthik Plascon Limited,INE0RDR01012,SPL,  72.56 ,-, - ,-, - ,  72.56 ,Small Cap
3180,Norben Tea & Exports Ltd,INE369C01017,NORBTEAEXP,  73.16 ,NORBTEAEXP,  71.91 ,-, - ,  72.53 ,Small Cap
3181,JAMSHRI REALTY LIMITED,INE462D01034,JAMSHRI,  72.39 ,-, - ,-, - ,  72.39 ,Small Cap
3182,Dutron  Polymers Ltd.,INE940C01015,DUTRON,  72.35 ,-, - ,-, - ,  72.35 ,Small Cap
3183,Kreon Finnancial Services Limited,INE302C01018,KREONFIN,  72.10 ,-, - ,-, - ,  72.10 ,Small Cap
3184,Dhanalaxmi Roto Spinners Ltd.,INE220C01012,DHANROTO,  72.03 ,-, - ,-, - ,  72.03 ,Small Cap
3185,Deep Diamond India Limited,INE005G01026,DDIL,  71.98 ,-, - ,-, - ,  71.98 ,Small Cap
3186,Rudra Gas Enterprise Limited,INE0OYK01010,RUDRAGAS,  71.93 ,-, - ,-, - ,  71.93 ,Small Cap
3187,Bang Overseas Ltd,INE863I01016,BANG,  72.07 ,BANG,  71.70 ,-, - ,  71.89 ,Small Cap
3188,Joindre Capital Services Ltd.,INE024B01010,JOINDRE,  71.86 ,-, - ,-, - ,  71.86 ,Small Cap
3189,Gujarat Poly Electronics Limited,INE541F01022,GUJARATPOLY,  71.80 ,-, - ,-, - ,  71.80 ,Small Cap
3190,HARSHIL AGROTECH LIMITED,INE098E01026,HARSHILAGR,  71.75 ,-, - ,-, - ,  71.75 ,Small Cap
3191,TOYAM SPORTS LIMITED,INE457P01020,TOYAMSL,  71.53 ,-, - ,TOYAMSL,  71.51 ,  71.52 ,Small Cap
3192,Meera Industries Limited,INE343X01018,MEERA,  71.49 ,-, - ,-, - ,  71.49 ,Small Cap
3193,Aimco Pesticides Ltd.,INE008B01013,AIMCOPEST,  71.41 ,-, - ,-, - ,  71.41 ,Small Cap
3194,Ansal Properties & Infrastructure Ltd.,INE436A01026,ANSALAPI,  70.95 ,ANSALAPI,  70.75 ,-, - ,  70.85 ,Small Cap
3195,Jhandewalas Foods Limited,INE841Y01019,JFL,  70.69 ,-, - ,-, - ,  70.69 ,Small Cap
3196,Hariyana Ship Breakers Ltd.,INE400G01011,HRYNSHP,  70.64 ,-, - ,-, - ,  70.64 ,Small Cap
3197,NEXOME CAPITAL MARKETS LIMITED,INE641A01013,NEXOME,  70.63 ,-, - ,-, - ,  70.63 ,Small Cap
3198,ANSAL HOUSING LIMITED,INE880B01015,ANSALHSG,  70.28 ,-, - ,-, - ,  70.28 ,Small Cap
3199,TPI India Ltd.,INE578C01021,TPINDIA,  70.12 ,-, - ,-, - ,  70.12 ,Small Cap
3200,ARC Finance Limited,INE202R01026,ARCFIN,  70.05 ,-, - ,-, - ,  70.05 ,Small Cap
3201,ADITYA CONSUMER MARKETING LIMITED,INE427V01013,ACML,  70.04 ,-, - ,-, - ,  70.04 ,Small Cap
3202,Vistar Amar Limited,INE878P01019,VISTARAMAR,  70.04 ,-, - ,-, - ,  70.04 ,Small Cap
3203,Anjani Foods Limited,INE096I01021,ANJANIFOODS,  70.03 ,-, - ,-, - ,  70.03 ,Small Cap
3204,Identixweb Limited,INE0PA401012,IDENTIXWEB,  70.02 ,-, - ,-, - ,  70.02 ,Small Cap
3205,Corporate Merchant Bankers Limited,INE850R01014,CMBL,  70.01 ,-, - ,CMBL,  69.99 ,  70.00 ,Small Cap
3206,ONIX SOLAR ENERGY LIMITED,INE173M01012,ONIXSOLAR,  69.71 ,-, - ,-, - ,  69.71 ,Small Cap
3207,Balkrishna Paper Mills Ltd,INE875R01011,BALKRISHNA,  69.71 ,BALKRISHNA,  69.62 ,-, - ,  69.66 ,Small Cap
3208,Padam Cotton Yarns Ltd.,INE448D01025,PADAMCO,  69.65 ,-, - ,-, - ,  69.65 ,Small Cap
3209,Lykis Limited,INE624M01014,LYKISLTD,  69.43 ,-, - ,-, - ,  69.43 ,Small Cap
3210,NUKLEUS OFFICE SOLUTIONS LIMITED,INE0VYX01018,NUKLEUS,  69.38 ,-, - ,-, - ,  69.38 ,Small Cap
3211,Apoorva Leasing Finance & Investment Company Limited,INE217S01014,APOORVA,  69.32 ,-, - ,-, - ,  69.32 ,Small Cap
3212,Krypton Industries Ltd,INE951B01014,KRYPTONQ,  69.23 ,-, - ,-, - ,  69.23 ,Small Cap
3213,Phoenix International Ltd.,INE245B01011,PHOENXINTL,  68.78 ,-, - ,-, - ,  68.78 ,Small Cap
3214,NRB INDUSTRIAL BEARINGS LIMITED,INE047O01014,NIBL,  68.75 ,NIBL,  68.71 ,-, - ,  68.73 ,Small Cap
3215,Roni Households Limited,INE02AP01013,RONI,  68.71 ,-, - ,-, - ,  68.71 ,Small Cap
3216,Shree Pacetronix Ltd,INE847D01010,SHREEPAC,  68.68 ,-, - ,-, - ,  68.68 ,Small Cap
3217,Nandani Creation Ltd.,INE696V01013,-, - ,JAIPURKURT,  68.56 ,-, - ,  68.56 ,Small Cap
3218,Promax Power Limited,INE0I2F01015,PROMAX,  68.51 ,-, - ,-, - ,  68.51 ,Small Cap
3219,Comrade Appliances Limited,INE0NXA01015,COMRADE,  68.44 ,-, - ,-, - ,  68.44 ,Small Cap
3220,Aastamangalam Finance Limited,INE819K01014,AASTAFIN,  68.29 ,-, - ,-, - ,  68.29 ,Small Cap
3221,Vivo Bio tech Ltd.,INE380K01017,VIVOBIOT,  68.29 ,-, - ,-, - ,  68.29 ,Small Cap
3222,Unique Organics Ltd.,INE333E01019,UNIQUEO,  68.23 ,-, - ,-, - ,  68.23 ,Small Cap
3223,Celebrity Fashions Ltd.,INE185H01016,CELEBRITY,  68.25 ,CELEBRITY,  68.14 ,-, - ,  68.20 ,Small Cap
3224,TAKYON NETWORKS LIMITED,INE14OX01013,TAKYON,  68.19 ,-, - ,-, - ,  68.19 ,Small Cap
3225,Mishka Finance and Trading Limited,INE231N01024,MISHKAFIN,  68.10 ,-, - ,-, - ,  68.10 ,Small Cap
3226,Sai Capital Ltd.,INE531X01018,SAICAPI,  68.08 ,-, - ,-, - ,  68.08 ,Small Cap
3227,RAMINFO LIMITED,INE357B01022,RAMINFO,  68.05 ,-, - ,-, - ,  68.05 ,Small Cap
3228,Concord Drugs Limited,INE858L01010,CONCORD,  67.77 ,-, - ,-, - ,  67.77 ,Small Cap
3229,UNISEM AGRITECH LIMITED,INE1FHV01026,UNISEM,  67.71 ,-, - ,-, - ,  67.71 ,Small Cap
3230,Punjab Communications Limited,INE609A01010,PUNJCOMMU,  67.55 ,-, - ,-, - ,  67.55 ,Small Cap
3231,Alka India Ltd.,INE061B01020,ALKA,  67.50 ,-, - ,-, - ,  67.50 ,Small Cap
3232,Mefcom Capital Markets Ltd.,INE186C01023,MEFCOMCAP,  67.47 ,-, - ,-, - ,  67.47 ,Small Cap
3233,Jet Freight Logistics Limited,INE982V01025,JETFREIGHT,  67.25 ,JETFREIGHT,  67.16 ,-, - ,  67.21 ,Small Cap
3234,Teesta Agro Industries Ltd,INE757D01011,TEEAI,  67.14 ,-, - ,-, - ,  67.14 ,Small Cap
3235,GSS Infotech Ltd,INE871H01011,GSS,  66.73 ,GSS,  66.64 ,-, - ,  66.68 ,Small Cap
3236,SAMPAT ALUMINIUM LIMITED,INE10XS01012,SAMPAT,  66.67 ,-, - ,-, - ,  66.67 ,Small Cap
3237,Conart Engineers Ltd.,INE714D01020,CONART,  66.66 ,-, - ,-, - ,  66.66 ,Small Cap
3238,Biofil Chemicals & Pharmaceuticals,INE829A01014,BIOFILCHEM,  66.68 ,BIOFILCHEM,  66.63 ,-, - ,  66.65 ,Small Cap
3239,Wires & Fabriks (SA) Ltd.,INE469D01013,WIREFABR,  66.60 ,-, - ,-, - ,  66.60 ,Small Cap
3240,Karma Energy Limited,INE725L01011,KARMAENG,  67.29 ,KARMAENG,  65.73 ,-, - ,  66.51 ,Small Cap
3241,GAYATRI HIGHWAYS LTD,INE287Z01012,GAYAHWS,  66.79 ,GAYAHWS,  66.12 ,-, - ,  66.46 ,Small Cap
3242,Archies Ltd.,INE731A01020,ARCHIES,  66.49 ,ARCHIES,  66.41 ,-, - ,  66.45 ,Small Cap
3243,Hilltone Software and Gases Ltd,INE168C01013,HILLTONE,  66.39 ,-, - ,-, - ,  66.39 ,Small Cap
3244,Associated Ceramics Ltd.,INE771E01010,ASSOCER,  66.36 ,-, - ,-, - ,  66.36 ,Small Cap
3245,iStreet Network Limited,INE532B01020,ISTRNETWK,  66.35 ,-, - ,-, - ,  66.35 ,Small Cap
3246,Ceejay Finance Limited,INE358C01010,CEEJAY,  66.27 ,-, - ,-, - ,  66.27 ,Small Cap
3247,SWARNSARITA JEWELS INDIA LIMITED,INE967A01012,SWARNSAR,  66.13 ,-, - ,-, - ,  66.13 ,Small Cap
3248,SHARIKA ENTERPRISES LIMITED,INE669Y01022,SHARIKA,  66.13 ,-, - ,-, - ,  66.13 ,Small Cap
3249,TOSS THE COIN LIMITED,INE0XAY01012,TTC,  66.11 ,-, - ,-, - ,  66.11 ,Small Cap
3250,Perfectpac Limited,INE759I01024,PERFEPA,  66.10 ,-, - ,-, - ,  66.10 ,Small Cap
3251,Tamilnadu Telecommunications Ltd.,INE141D01018,TNTELE,  66.40 ,TNTELE,  65.72 ,-, - ,  66.06 ,Small Cap
3252,SUPERTECH EV LIMITED,INE0SC101013,SEVL,  65.97 ,-, - ,-, - ,  65.97 ,Small Cap
3253,Saboo Sodium Chloro Ltd.,INE440C01016,SABOOSOD,  65.95 ,-, - ,-, - ,  65.95 ,Small Cap
3254,Diligent Industries Limited,INE650C01036,DILIGENT,  65.89 ,-, - ,-, - ,  65.89 ,Small Cap
3255,Welcast Steels Ltd.,INE380G01015,ZWELCAST,  65.89 ,-, - ,-, - ,  65.89 ,Small Cap
3256,Superior Industrial Enterprises Limited,INE843L01012,SIEL,  65.88 ,-, - ,-, - ,  65.88 ,Small Cap
3257,Dangee Dums Ltd.,INE688Y01022,-, - ,DANGEE,  65.85 ,-, - ,  65.85 ,Small Cap
3258,Malu Paper Mills Limited,INE383H01017,MALUPAPER,  65.72 ,MALUPAPER,  65.59 ,-, - ,  65.66 ,Small Cap
3259,Uniply Industries Ltd.,INE950G01023,UNIPLY,  65.59 ,-, - ,-, - ,  65.59 ,Small Cap
3260,Real Touch Finance Limited,INE840I01014,RTFL,  65.50 ,-, - ,-, - ,  65.50 ,Small Cap
3261,Key Corp Ltd,INE130F01016,KEYCORP,  65.41 ,-, - ,-, - ,  65.41 ,Small Cap
3262,Gujarat Craft Industries Ltd.,INE372D01019,GUJCRAFT,  65.35 ,-, - ,-, - ,  65.35 ,Small Cap
3263,Jumbo Bag ltd.,INE699D01015,JUMBO,  65.23 ,-, - ,-, - ,  65.23 ,Small Cap
3264,Bampsl Securities Ltd.,INE802A01037,BAMPSL,  65.12 ,-, - ,-, - ,  65.12 ,Small Cap
3265,ISL Consulting Ltd,INE569B01022,ISLCONSUL,  65.06 ,-, - ,-, - ,  65.06 ,Small Cap
3266,Sam Industries Ltd.,INE653D01012,SAMINDUS,  64.83 ,-, - ,-, - ,  64.83 ,Small Cap
3267,Flex Foods Ltd.,INE954B01018,FLEXFO,  64.83 ,-, - ,-, - ,  64.83 ,Small Cap
3268,Ravi Kumar Distilleries Limited,INE722J01012,RKDL,  64.77 ,RKDL,  64.63 ,-, - ,  64.70 ,Small Cap
3269,Aspira Pathlab & Diagnostics Limited,INE500C01017,ASPIRA,  64.62 ,-, - ,-, - ,  64.62 ,Small Cap
3270,Sudal Industries Limited,INE618D01015,SUDAI,  64.61 ,-, - ,-, - ,  64.61 ,Small Cap
3271,Mittal Sections Limited,INE833Q01012,MITTALSTL,  64.54 ,-, - ,-, - ,  64.54 ,Small Cap
3272,IRONWOOD EDUCATION LIMITED,INE791H01011,IRONWOOD,  64.33 ,-, - ,-, - ,  64.33 ,Small Cap
3273,Continental Petroleums Ltd.,INE369D01023,CONTPTR,  64.15 ,-, - ,-, - ,  64.15 ,Small Cap
3274,AJR INFRA AND TOLLING LIMITED,INE181G01025,AJRINFRA,  64.04 ,-, - ,-, - ,  64.04 ,Small Cap
3275,Cranes Software International Ltd.,INE234B01023,CRANESSOFT,  64.00 ,-, - ,-, - ,  64.00 ,Small Cap
3276,Binny Mills Limited,INE160L01011,BINNYMILLS,  63.96 ,-, - ,-, - ,  63.96 ,Small Cap
3277,Relicab Cable Manufacturing Limited,INE773T01014,RELICAB,  63.78 ,-, - ,-, - ,  63.78 ,Small Cap
3278,Indobell Insulations Limited,INE0FK501019,INDOBELL,  63.78 ,-, - ,-, - ,  63.78 ,Small Cap
3279,Elixir Capital Limited,INE785D01012,ELIXIR,  63.75 ,-, - ,-, - ,  63.75 ,Small Cap
3280,Sri Chakra Cement Limited,INE827D01020,SRICC,  63.70 ,-, - ,-, - ,  63.70 ,Small Cap
3281,Unison Metals Ltd,INE099D01026,UNISON,  63.68 ,-, - ,-, - ,  63.68 ,Small Cap
3282,FACOR Alloys Limited,INE828G01013,FACORALL,  63.67 ,-, - ,-, - ,  63.67 ,Small Cap
3283,Mohindra Fasteners Limited,INE705H01011,-, - ,-, - ,MFL,  63.55 ,  63.55 ,Small Cap
3284,Victoria Mills Ltd.,INE203D01016,VICTMILL,  63.50 ,-, - ,-, - ,  63.50 ,Small Cap
3285,Swastika Castal Limited,INE0PTF01017,SWASTIKAAL,  63.46 ,-, - ,-, - ,  63.46 ,Small Cap
3286,POPULAR FOUNDATIONS LIMITED,INE0PZB01013,PFL,  63.46 ,-, - ,-, - ,  63.46 ,Small Cap
3287,NHC FOODS LIMITED,INE141C01036,NHCFOODS,  63.17 ,-, - ,-, - ,  63.17 ,Small Cap
3288,Era Buildsys Limited,INE040E01028,ERABUILD,  63.04 ,-, - ,-, - ,  63.04 ,Small Cap
3289,ICDS Ltd.,INE613B01010,ICDSLTD,  63.24 ,ICDSLTD,  62.77 ,-, - ,  63.00 ,Small Cap
3290,Betex India Ltd.,INE765L01017,BETXIND,  62.95 ,-, - ,-, - ,  62.95 ,Small Cap
3291,DIVYASHAKTI LIMITED,INE410G01010,DIVSHKT,  62.84 ,-, - ,-, - ,  62.84 ,Small Cap
3292,Viram Suvarn Limited,INE607V01028,VSL,  62.79 ,-, - ,-, - ,  62.79 ,Small Cap
3293,Warren Tea Ltd.,INE712A01012,WARRENTEA,  62.77 ,-, - ,-, - ,  62.77 ,Small Cap
3294,Chiraharit Limited,INE12P101018,CHIRAHARIT,  62.74 ,-, - ,-, - ,  62.74 ,Small Cap
3295,Universal Starch-Chem Allied Ltd.,INE113E01015,UNIVSTAR,  62.69 ,-, - ,-, - ,  62.69 ,Small Cap
3296,SHANMUGA HOSPITAL LIMITED,INE0TD301017,SHANMUGA,  62.67 ,-, - ,-, - ,  62.67 ,Small Cap
3297,Palred Technologies Limited,INE218G01033,PALREDTEC,  62.55 ,PALREDTEC,  62.49 ,-, - ,  62.52 ,Small Cap
3298,Godavari Drugs Ltd.,INE362C01012,GODAVARI,  62.41 ,-, - ,-, - ,  62.41 ,Small Cap
3299,Simran Farms Ltd.,INE354D01017,SIMRAN,  62.39 ,-, - ,-, - ,  62.39 ,Small Cap
3300,Indrayani Biotech Ltd.,INE007C01021,INDRANIB,  62.38 ,-, - ,-, - ,  62.38 ,Small Cap
3301,ANNVRRIDHHI VENTURES LIMITED,INE075K01013,ANVRDHI,  62.26 ,-, - ,-, - ,  62.26 ,Small Cap
3302,NCL Research And Financial Services,INE132F01038,NCLRESE,  62.22 ,-, - ,-, - ,  62.22 ,Small Cap
3303,Shreyas Intermediates Ltd.,INE115F01017,SHREYASI,  61.40 ,-, - ,-, - ,  61.40 ,Small Cap
3304,Dhruva Capital Services Ltd.,INE972E01014,DHRUVCA,  61.39 ,-, - ,-, - ,  61.39 ,Small Cap
3305,AGS TRANSACT TECHNOLOGIES LIMITED,INE583L01014,AGSTRA ,  61.43 ,AGSTRA,  61.19 ,-, - ,  61.31 ,Small Cap
3306,Manugraph India Ltd,INE867A01022,MANUGRAPH,  61.55 ,MANUGRAPH,  60.93 ,-, - ,  61.24 ,Small Cap
3307,Bodhtree Consulting Limited,INE104F01029,BODHTREE,  61.11 ,-, - ,-, - ,  61.11 ,Small Cap
3308,EAST WEST FREIGHT CARRIERS LTD,INE595R01023,EASTWEST,  60.97 ,-, - ,-, - ,  60.97 ,Small Cap
3309,Titaanium Ten Enterprise Limited,INE120V01014,TITAANIUM,  60.93 ,-, - ,-, - ,  60.93 ,Small Cap
3310,RUKMANI DEVI GARG AGRO IMPEX LIMITED,INE0S5T01017,RDGAIL,  60.88 ,-, - ,-, - ,  60.88 ,Small Cap
3311,Golden Tobacco Ltd.,INE973A01010,GOLDENTOBC,  60.94 ,GOLDENTOBC,  60.71 ,-, - ,  60.83 ,Small Cap
3312,Lakshmi Finance & Industrial Corporation Ltd.,INE850E01012,-, - ,LFIC,  60.81 ,-, - ,  60.81 ,Small Cap
3313,Tulsyan NEC Ltd,INE463D01016,TULSYAN,  60.80 ,-, - ,-, - ,  60.80 ,Small Cap
3314,Ceeta Industries Ltd.,INE760J01012,CEETAIN,  60.78 ,-, - ,-, - ,  60.78 ,Small Cap
3315,VINNY OVERSEAS LIMITED,INE01KI01027,VINNY,  60.47 ,VINNY,  60.25 ,-, - ,  60.36 ,Small Cap
3316,Ladderup Finance Ltd.,INE519D01015,LADDERUP,  60.31 ,-, - ,-, - ,  60.31 ,Small Cap
3317,BONLON INDUSTRIES LIMITED,INE0B9A01018,BONLON,  60.30 ,-, - ,-, - ,  60.30 ,Small Cap
3318,Bhaskar Agrochemicals Ltd.,INE972C01018,BHASKAGR,  60.20 ,-, - ,-, - ,  60.20 ,Small Cap
3319,Vista Pharmaceuticals Ltd.,INE427C01021,VISTAPH,  60.13 ,-, - ,-, - ,  60.13 ,Small Cap
3320,SVC INDUSTRIES LIMITED,INE038B01010,SVCIND,  60.00 ,-, - ,-, - ,  60.00 ,Small Cap
3321,BLS Infotech Limited,INE606B01022,BLSINFOTE,  59.96 ,-, - ,-, - ,  59.96 ,Small Cap
3322,Shiva Mills Limited,INE644Y01017,SHIVAMILLS,  60.15 ,SHIVAMILLS,  59.71 ,-, - ,  59.93 ,Small Cap
3323,Lords Mark Industries Limited,INE567L01017,LORDSMARK,  59.79 ,-, - ,-, - ,  59.79 ,Small Cap
3324,Rodium Realty Limited,INE513E01024,RODIUM,  59.78 ,-, - ,-, - ,  59.78 ,Small Cap
3325,NOVELIX PHARMACEUTICALS LIMITED,INE314I01036,NOVELIX,  59.73 ,-, - ,-, - ,  59.73 ,Small Cap
3326,Rachit Prints Limited,INE0ZN101029,RACHIT,  59.66 ,-, - ,-, - ,  59.66 ,Small Cap
3327,Lexus Granito (India) Ltd.,INE500X01013,-, - ,LEXUS,  59.60 ,-, - ,  59.60 ,Small Cap
3328,Vasundhara Rasayans Ltd.,INE406F01010,VRL,  59.58 ,-, - ,-, - ,  59.58 ,Small Cap
3329,Palco Metals Limited,INE239L01013,PALCO,  59.53 ,-, - ,-, - ,  59.53 ,Small Cap
3330,P.H. Capital Ltd.,INE160F01013,PHCAP,  59.29 ,-, - ,-, - ,  59.29 ,Small Cap
3331,YASH INNOVENTURES LIMITED,INE823D01011,YASHINNO,  59.11 ,-, - ,-, - ,  59.11 ,Small Cap
3332,Abram Food Limited,INE0ZDY01011,ABRFL,  59.11 ,-, - ,-, - ,  59.11 ,Small Cap
3333,AUSTERE SYSTEMS LIMITED,INE104201012,AUSTERE,  59.06 ,-, - ,-, - ,  59.06 ,Small Cap
3334,VIVID MERCANTILE LIMITED,INE647Z01025,VIVIDM,  58.82 ,-, - ,-, - ,  58.82 ,Small Cap
3335,AMPVOLTS LIMITED,INE989J01017,AMPVOLTS,  58.54 ,-, - ,-, - ,  58.54 ,Small Cap
3336,HB Stockholdings Ltd.,INE550B01022,HBSL,  58.60 ,HBSL,  58.32 ,-, - ,  58.46 ,Small Cap
3337,Rolcon Engineering Co. Ltd.,INE775R01013,ROLCOEN,  58.42 ,-, - ,-, - ,  58.42 ,Small Cap
3338,Mohite Industries Limited,INE154B01023,MOHITE,  58.41 ,-, - ,-, - ,  58.41 ,Small Cap
3339,National Oxygen Ltd.,INE296D01010,NOL,  58.34 ,-, - ,-, - ,  58.34 ,Small Cap
3340,Adroit Infotech Limited,INE737B01033,ADROITINFO,  58.31 ,ADROITINFO,  58.21 ,-, - ,  58.26 ,Small Cap
3341,Bombay Rayon Fashions Ltd.,INE589G01011,BRFL,  57.78 ,-, - ,-, - ,  57.78 ,Small Cap
3342,Jindal Hotels Ltd.,INE726D01016,JINDHOT,  57.73 ,-, - ,-, - ,  57.73 ,Small Cap
3343,Gowra Leasing & Finance Ltd.,INE225G01012,GOWRALE,  57.72 ,-, - ,-, - ,  57.72 ,Small Cap
3344,Burnpur Cement Limited,INE817H01014,BURNPUR,  57.36 ,-, - ,-, - ,  57.36 ,Small Cap
3345,TARAPUR TRANSFORMERS LIMITED,INE747K01017,TARAPUR,  57.20 ,TARAPUR,  57.06 ,-, - ,  57.13 ,Small Cap
3346,SATCHMO HOLDINGS LIMITED,INE639K01016,SATCH,  57.01 ,-, - ,-, - ,  57.01 ,Small Cap
3347,BSEL ALGO LIMITED,INE395A01016,BSELALGO,  56.96 ,-, - ,-, - ,  56.96 ,Small Cap
3348,GOKAK TEXTILES LTD.,INE642I01014,GOKAKTEX,  56.94 ,-, - ,-, - ,  56.94 ,Small Cap
3349,Solitaire Machine Tools Ltd,INE410A01013,SOLIMAC,  56.89 ,-, - ,-, - ,  56.89 ,Small Cap
3350,Keerthi Industries Ltd,INE145L01012,KEERTHI,  56.87 ,-, - ,-, - ,  56.87 ,Small Cap
3351,Kamadgiri Fashion Limited,INE535C01013,KAMADGIRI,  56.78 ,-, - ,-, - ,  56.78 ,Small Cap
3352,Ashnisha Industries Limited,INE694W01024,ASHNI,  56.71 ,-, - ,-, - ,  56.71 ,Small Cap
3353,Grovy India Limited,INE343C01012,GROVY,  56.69 ,-, - ,-, - ,  56.69 ,Small Cap
3354,Omansh Enterprises Limited,INE378P01036,OMANSH,  56.51 ,-, - ,-, - ,  56.51 ,Small Cap
3355,AJC Jewel Manufacturers Limited,INE0XRR01010,AJCJEWEL,  56.49 ,-, - ,-, - ,  56.49 ,Small Cap
3356,HILIKS TECHNOLOGIES LIMITED,INE966Q01010,HILIKS,  54.58 ,-, - ,HILIKS,  58.36 ,  56.47 ,Small Cap
3357,Vruddhi Engineering Works Limited,INE0OMZ01013,VRUDDHI,  56.38 ,-, - ,-, - ,  56.38 ,Small Cap
3358,CCL International Ltd,INE778E01031,CCLINTER,  56.26 ,-, - ,-, - ,  56.26 ,Small Cap
3359,GlobalSpace Technologies Limited,INE632W01016,GSTL,  56.07 ,-, - ,-, - ,  56.07 ,Small Cap
3360,Mishka Exim Limited,INE540S01019,MISHKA,  55.98 ,-, - ,-, - ,  55.98 ,Small Cap
3361,Rasi Electrodes Ltd.,INE822D01021,RASIELEC,  55.87 ,-, - ,-, - ,  55.87 ,Small Cap
3362,Srestha Finvest Limited,INE606K01049,SRESTHA,  62.50 ,-, - ,SRESTHA,  49.20 ,  55.85 ,Small Cap
3363,McNally Bharat Engineering Company Limited,INE748A01016,MBECL,  55.78 ,-, - ,-, - ,  55.78 ,Small Cap
3364,Eureka Industries Ltd.,INE958A01011,EUREKAI,  55.77 ,-, - ,-, - ,  55.77 ,Small Cap
3365,Shubham Polyspin Limited,INE01J501010,SHUBHAM,  55.75 ,-, - ,-, - ,  55.75 ,Small Cap
3366,Jagan Lamps Ltd.,INE144C01014,JAGANLAM,  55.72 ,-, - ,-, - ,  55.72 ,Small Cap
3367,The Phosphate Company Limited,INE398C01016,PHOSPHATE,  55.70 ,-, - ,-, - ,  55.70 ,Small Cap
3368,Sugal & Damani Share Brokers Ltd.,INE309D01011,SUGALDAM,  55.70 ,-, - ,-, - ,  55.70 ,Small Cap
3369,Ajcon Global Services Ltd.,INE759C01027,AJCON,  55.63 ,-, - ,-, - ,  55.63 ,Small Cap
3370,Astron Paper & Board Mill Limited,INE646X01014,ASTRON,  55.45 ,ASTRON,  55.26 ,-, - ,  55.35 ,Small Cap
3371,CHOKSI ASIA LIMITED,INE865B01016,CHOKSI,  55.24 ,-, - ,-, - ,  55.24 ,Small Cap
3372,Khaitan (India) Ltd.,INE731C01018,KHAITANLTD,  55.21 ,KHAITANLTD,  55.17 ,-, - ,  55.19 ,Small Cap
3373,DMR ENGINEERING LIMITED,INE07L501010,DMR,  55.12 ,-, - ,-, - ,  55.12 ,Small Cap
3374,SSMD AGROTECH INDIA LIMITED,INE1U2R01013,SSMD,  54.99 ,-, - ,-, - ,  54.99 ,Small Cap
3375,Mystic Electronics Limited,INE159O01033,MYSTICELE,  54.90 ,-, - ,-, - ,  54.90 ,Small Cap
3376,Sacheta Metals Ltd.,INE433G01020,SACHEMT,  54.90 ,-, - ,-, - ,  54.90 ,Small Cap
3377,Aro Granite Industries Ltd.,INE210C01013,AROGRANITE,  54.86 ,AROGRANITE,  54.85 ,-, - ,  54.86 ,Small Cap
3378,Simbhaoli Sugars Ltd,INE748T01016,SIMBHALS,  54.86 ,SIMBHALS,  54.52 ,-, - ,  54.69 ,Small Cap
3379,Sri KPR Industries Ltd,INE009C01019,SRIKPRIND,  54.51 ,-, - ,-, - ,  54.51 ,Small Cap
3380,HYBRID FINANCIAL SERVICES LIMITED,INE965B01022,HYBRIDFIN,  54.76 ,HYBRIDFIN,  54.20 ,-, - ,  54.48 ,Small Cap
3381,Nettlinx Ltd.,INE027D01019,NETTLINX,  54.66 ,-, - ,NETTLINX,  53.95 ,  54.30 ,Small Cap
3382,Arshiya Limited,INE968D01022,ARSHIYA,  55.02 ,ARSHIYA,  53.35 ,-, - ,  54.19 ,Small Cap
3383,Prime Property Development Corporation Ltd.,INE233C01023,PRIMEPRO,  53.93 ,-, - ,-, - ,  53.93 ,Small Cap
3384,Lee & Nee Softwares (Exports) Ltd.,INE791B01014,LEENEE,  53.90 ,-, - ,-, - ,  53.90 ,Small Cap
3385,National Plastic Industries Ltd.,INE233D01013,NATPLAS,  53.87 ,-, - ,-, - ,  53.87 ,Small Cap
3386,Sancode Technologies Limited,INE0P7001013,SANCODE,  53.84 ,-, - ,-, - ,  53.84 ,Small Cap
3387,Twentyfirst Century Management Serv,INE253B01015,21STCENMGM,  54.05 ,21STCENMGM,  53.62 ,-, - ,  53.84 ,Small Cap
3388,Simplex Realty Limited,INE167H01014,SIMPLXREA,  53.79 ,-, - ,-, - ,  53.79 ,Small Cap
3389,Nanavati Ventures Limited,INE0E5R01017,NVENTURES,  53.77 ,-, - ,-, - ,  53.77 ,Small Cap
3390,MODERN ENGINEERING AND PROJECTS LIMITED,INE250S01015,MEAPL,  53.63 ,-, - ,-, - ,  53.63 ,Small Cap
3391,Kiduja  India  Ltd,INE845A01028,KIDUJA,  53.51 ,-, - ,-, - ,  53.51 ,Small Cap
3392,Opto Circuits (India) Ltd.,INE808B01016,OPTOCIRCUI,  53.51 ,-, - ,-, - ,  53.51 ,Small Cap
3393,Mega Corporation Ltd,INE804B01023,MEGACOR,  53.49 ,-, - ,-, - ,  53.49 ,Small Cap
3394,Gammon India Ltd.,INE259B01020,GAMMONIND,  53.48 ,-, - ,-, - ,  53.48 ,Small Cap
3395,SHANTIDOOT INFRA SERVICES LIMITED,INE0LU301014,SISL,  53.40 ,-, - ,-, - ,  53.40 ,Small Cap
3396,Cargotrans Maritime Limited,INE0M4L01013,CARGOTRANS,  53.40 ,-, - ,-, - ,  53.40 ,Small Cap
3397,SPA Capital Services Limited,INE726X01014,SPACAPS,  53.34 ,-, - ,-, - ,  53.34 ,Small Cap
3398,Sharma East India Hospitals And Res,INE465H01012,SHARMEH,  53.25 ,-, - ,-, - ,  53.25 ,Small Cap
3399,Lasa Supergenerics Limited,INE670X01014,LASA,  53.41 ,LASA,  53.00 ,-, - ,  53.20 ,Small Cap
3400,Futuristic Solutions Ltd.,INE241F01011,FUTSOL,  53.20 ,-, - ,-, - ,  53.20 ,Small Cap
3401,GOGIA CAPITAL GROWTH LIMITED,INE832C01014,GOGIACAPGL,  53.20 ,-, - ,-, - ,  53.20 ,Small Cap
3402,NITIN FIRE PROTECTION INDUSTRIES LIMITED,INE489H01020,NITINFIRE,  53.19 ,-, - ,-, - ,  53.19 ,Small Cap
3403,Arex Industries Ltd.,INE480H01011,AREXMIS,  53.15 ,-, - ,-, - ,  53.15 ,Small Cap
3404,SJ Corporation Limited,INE312B01027,SJCORP,  53.11 ,-, - ,-, - ,  53.11 ,Small Cap
3405,Diligent Media Corporation Limited,INE016M01021,DNAMEDIA,  53.03 ,DNAMEDIA,  53.05 ,-, - ,  53.04 ,Small Cap
3406,Smiths & Founders (India) Limited,INE728B01032,SMFIL,  53.01 ,-, - ,-, - ,  53.01 ,Small Cap
3407,Ramsons Projects Ltd.,INE609D01014,RAMSONS,  52.97 ,-, - ,-, - ,  52.97 ,Small Cap
3408,Mardia Samyoung Capillary Tubes Co.,INE277E01026,MSCTC,  52.95 ,-, - ,-, - ,  52.95 ,Small Cap
3409,NEWTRAC FOODS & BEVERAGES LIMITED,INE229N01010,NEWTRAC,  52.91 ,-, - ,-, - ,  52.91 ,Small Cap
3410,Citadel Realty And Developers Limited,INE906D01014,CITADEL,  52.85 ,-, - ,-, - ,  52.85 ,Small Cap
3411,India Home Loan Limited,INE274E01015,INDIAHOME,  52.84 ,-, - ,-, - ,  52.84 ,Small Cap
3412,ANIRIT VENTURES LIMITED,INE161F01011,ANIRIT,  52.81 ,-, - ,-, - ,  52.81 ,Small Cap
3413,PCS Technology Ltd.,INE834B01012,PCS,  52.75 ,-, - ,-, - ,  52.75 ,Small Cap
3414,Austin Engineering Co. Ltd.,INE759F01012,AUSTENG,  52.75 ,-, - ,-, - ,  52.75 ,Small Cap
3415,Bheema Cements Limited,INE333H01020,BHEEMACEM,  52.67 ,-, - ,-, - ,  52.67 ,Small Cap
3416,RUPAREL FOOD PRODUCTS LIMITED,INE239B01014,RFL,  52.50 ,-, - ,-, - ,  52.50 ,Small Cap
3417,Insilco Ltd,INE901A01011,INSILCO,  52.43 ,-, - ,-, - ,  52.43 ,Small Cap
3418,Polylink Polymers (india) Ltd.,INE323D01020,POLYLINK,  52.41 ,-, - ,-, - ,  52.41 ,Small Cap
3419,Cranex Ltd.,INE608B01010,CRANEX,  52.32 ,-, - ,-, - ,  52.32 ,Small Cap
3420,Alfa Transformers ltd.,INE209C01015,ALFATRAN,  52.24 ,-, - ,-, - ,  52.24 ,Small Cap
3421,CDG PETCHEM LIMITED,INE198N01017,CDG,  52.21 ,-, - ,-, - ,  52.21 ,Small Cap
3422,Kapil Raj Finance Ltd.,INE332Q01023,KAPILRAJ,  52.13 ,-, - ,KAPILRAJ,  52.14 ,  52.13 ,Small Cap
3423,Arnold Holdings Ltd,INE185K01036,ARNOLD,  52.09 ,-, - ,-, - ,  52.09 ,Small Cap
3424,REAL ECO-ENERGY LIMITED,INE055E01034,REALECO,  52.05 ,-, - ,-, - ,  52.05 ,Small Cap
3425,Innovative Tech Pack Ltd,INE965C01038,INNOVTEC,  52.02 ,-, - ,-, - ,  52.02 ,Small Cap
3426,Zodiac-JRD-MKJ Ltd.,INE077B01018,ZODJRDMKJ,  52.02 ,-, - ,-, - ,  52.02 ,Small Cap
3427,Nova Iron & Steel Ltd.,INE608C01026,NOVIS,  51.93 ,-, - ,-, - ,  51.93 ,Small Cap
3428,Sita Enterprises LTD.,INE579D01019,SITAENT,  51.93 ,-, - ,-, - ,  51.93 ,Small Cap
3429,Shree Hari Chemicals Export Ltd.,INE065E01017,SHHARICH,  51.85 ,-, - ,-, - ,  51.85 ,Small Cap
3430,LCC Infotech Ltd.,INE938A01021,LCCINFOTEC,  47.41 ,LCCINFOTEC,  56.29 ,-, - ,  51.85 ,Small Cap
3431,LGT Business Connextions Limited,INE191201016,LGT,  51.85 ,-, - ,-, - ,  51.85 ,Small Cap
3432,M.M. Rubber Company Ltd.,INE159E01026,MMRUBBR-B,  51.77 ,-, - ,-, - ,  51.77 ,Small Cap
3433,Seya Industries Ltd,INE573R01012,SEYAIND,  52.82 ,SEYAIND,  50.57 ,-, - ,  51.69 ,Small Cap
3434,Super Spinning Mills Ltd.,INE662A01027,SUPERSPIN,  51.46 ,SUPERSPIN,  51.34 ,-, - ,  51.40 ,Small Cap
3435,Jigar Cables Limited,INE943X01015,JIGAR,  51.31 ,-, - ,-, - ,  51.31 ,Small Cap
3436,Country Condo's Ltd,INE695B01025,COUNCODOS,  51.34 ,COUNCODOS,  51.26 ,-, - ,  51.30 ,Small Cap
3437,Punctual Trading Ltd.,INE07NX01019,PUNCTRD,  51.25 ,-, - ,-, - ,  51.25 ,Small Cap
3438,We Win Limited,INE082W01014,WEWIN,  51.31 ,WEWIN,  51.11 ,-, - ,  51.21 ,Small Cap
3439,PARLE INDUSTRIES LIMITED,INE272G01014,PARLEIND,  51.20 ,-, - ,-, - ,  51.20 ,Small Cap
3440,Kabra Drugs Ltd,INE323K01017,KABRADG,  51.11 ,-, - ,-, - ,  51.11 ,Small Cap
3441,Metal Coatings (India) Ltd.,INE161E01014,METALCO,  50.97 ,-, - ,-, - ,  50.97 ,Small Cap
3442,Madhucon Projects Ltd.,INE378D01032,MADHUCON,  50.72 ,MADHUCON,  50.40 ,-, - ,  50.56 ,Small Cap
3443,Sambandam Spinning Mills Ltd.,INE304D01012,SAMBANDAM,  50.54 ,-, - ,-, - ,  50.54 ,Small Cap
3444,AD-Manum Finance Ltd,INE556D01017,ADMANUM,  50.47 ,-, - ,-, - ,  50.47 ,Small Cap
3445,Riddhi Display Equipments Limited,INE1DKT01011,RDEL,  50.44 ,-, - ,-, - ,  50.44 ,Small Cap
3446,B&A Packaging India Limited,INE00FM01013,BAPACK,  50.43 ,-, - ,-, - ,  50.43 ,Small Cap
3447,Pratik Panels Ltd.,INE206C01029,PRATIK,  50.42 ,-, - ,-, - ,  50.42 ,Small Cap
3448,Bacil Pharma Ltd.,INE711D01018,BACPHAR,  50.41 ,-, - ,-, - ,  50.41 ,Small Cap
3449,Dhanlaxmi Fabrics Ltd.,INE953D01016,DHANFAB,  50.17 ,-, - ,-, - ,  50.17 ,Small Cap
3450,N. E. Electronics Limited,INE955E01019,-, - ,-, - ,NEELEC,  50.01 ,  50.01 ,Small Cap
3451,Saven Technologies Ltd.,INE856B01023,7TEC,  50.00 ,-, - ,-, - ,  50.00 ,Small Cap
3452,NAKODA GROUP OF INDUSTRIES LIMITED,INE236Y01012,NGIL,  52.31 ,NGIL,  47.56 ,-, - ,  49.94 ,Small Cap
3453,PACE E-COMMERCE VENTURES LIMITED,INE0N1L01018,PACE,  49.85 ,-, - ,-, - ,  49.85 ,Small Cap
3454,Mask Investments Ltd.,INE885F01015,-, - ,MASKINVEST,  49.85 ,-, - ,  49.85 ,Small Cap
3455,Globtier Infotech limited,INE12P601017,GLOBTIER,  49.84 ,-, - ,-, - ,  49.84 ,Small Cap
3456,Hardcastle & Waud Mfg. Co. Ltd.,INE722D01015,HARDCAS,  49.80 ,-, - ,-, - ,  49.80 ,Small Cap
3457,Sainik Finance and Industries Ltd,INE584B01013,SAINIK,  49.65 ,-, - ,-, - ,  49.65 ,Small Cap
3458,SHELTER PHARMA LIMITED,INE013V01011,SHELTER,  49.58 ,-, - ,-, - ,  49.58 ,Small Cap
3459,Nagarjuna Agritech Ltd.,INE793H01017,NAGTECH,  49.42 ,-, - ,-, - ,  49.42 ,Small Cap
3460,Sanathnagar Enterprises Limited,INE367E01033,SEL,  49.41 ,-, - ,-, - ,  49.41 ,Small Cap
3461,K K SILK MILLS LIMITED,INE0EOJ01014,KKSILK,  49.40 ,-, - ,-, - ,  49.40 ,Small Cap
3462,Rithwik Facility Management Services Limited,INE819Y01015,RITHWIKFMS,  49.20 ,-, - ,-, - ,  49.20 ,Small Cap
3463,G.S. Auto International Ltd.,INE736H01024,GSAUTO,  49.06 ,-, - ,-, - ,  49.06 ,Small Cap
3464,Artefact Projects Ltd,INE885B01014,ARTEFACT,  48.94 ,-, - ,-, - ,  48.94 ,Small Cap
3465,Capfin India Limited,INE960C01013,CAPFIN,  48.86 ,-, - ,-, - ,  48.86 ,Small Cap
3466,Rapicut Carbides Ltd.,INE350D01015,RAPICUT,  48.67 ,-, - ,-, - ,  48.67 ,Small Cap
3467,SVP GLOBAL TEXTILES LIMITED,INE308E01029,SVPGLOB,  48.76 ,SVPGLOB,  48.46 ,-, - ,  48.61 ,Small Cap
3468,Parsoli Corporation Ltd.,INE905D01016,PARSOLI,  48.60 ,-, - ,-, - ,  48.60 ,Small Cap
3469,N.G.Industries Ltd.,INE825C01018,NGIND,  48.51 ,-, - ,-, - ,  48.51 ,Small Cap
3470,Pearl Polymers Ltd.,INE844A01013,PEARLPOLY,  48.52 ,PEARLPOLY,  48.47 ,-, - ,  48.49 ,Small Cap
3471,Rasandik Engg. Industries India Ltd,INE682D01011,RASANDIK,  48.44 ,-, - ,-, - ,  48.44 ,Small Cap
3472,RATHI BARS LIMITED,INE575I01016,RATHIBAR,  48.40 ,-, - ,-, - ,  48.40 ,Small Cap
3473,Nam Securities Ltd.,INE792G01011,NAM,  48.27 ,-, - ,-, - ,  48.27 ,Small Cap
3474,Shalimar Productions Ltd.,INE435E01020,SHALPRO,  48.23 ,-, - ,-, - ,  48.23 ,Small Cap
3475,DIPNA PHARMACHEM LIMITED,INE0MC401013,DPL,  48.16 ,-, - ,-, - ,  48.16 ,Small Cap
3476,Spectrum Foods Limited,INE547C01018,SPECFOOD,  47.97 ,-, - ,-, - ,  47.97 ,Small Cap
3477,Medi-Caps Ltd.,INE442D01010,MEDICAPQ,  47.80 ,-, - ,-, - ,  47.80 ,Small Cap
3478,Sagardeep Alloys Ltd.,INE976T01013,-, - ,SAGARDEEP,  47.76 ,-, - ,  47.76 ,Small Cap
3479,Ganga Forging Ltd.,INE691Z01023,-, - ,GANGAFORGE,  47.63 ,-, - ,  47.63 ,Small Cap
3480,Modipon Ltd.,INE170C01019,MODIPON,  47.54 ,-, - ,-, - ,  47.54 ,Small Cap
3481,Omega Interactive Technologies Ltd.,INE113B01029,OMEGAIN,  47.45 ,-, - ,-, - ,  47.45 ,Small Cap
3482,Archidply Decor Limited,INE0CHO01012,ADL,  47.62 ,ADL,  47.28 ,-, - ,  47.45 ,Small Cap
3483,ERA Infra Engineering Ltd,INE039E01020,ERAINFRA,  47.42 ,-, - ,-, - ,  47.42 ,Small Cap
3484,DINDIGUL FARM PRODUCT LIMITED,INE0S6R01027,DFPL,  47.26 ,-, - ,-, - ,  47.26 ,Small Cap
3485,TCFC Finance Ltd,INE389D01013,TCFCFINQ,  47.25 ,-, - ,-, - ,  47.25 ,Small Cap
3486,DANUBE INDUSTRIES LIMITED,INE575D01041,DANUBE,  47.16 ,-, - ,-, - ,  47.16 ,Small Cap
3487,MALANKARA PLANTATIONS LIMITED,INE09SR01016,-, - ,-, - ,MPL,  47.10 ,  47.10 ,Small Cap
3488,Anjani Synthetics Limited,INE364D01032,ANJANI,  47.08 ,-, - ,-, - ,  47.08 ,Small Cap
3489,Salem Erode Investments Ltd.,INE894E01028,SALEM,  46.96 ,-, - ,-, - ,  46.96 ,Small Cap
3490,Standard Surfactants Ltd.,INE307D01015,STDSFAC,  46.90 ,-, - ,-, - ,  46.90 ,Small Cap
3491,Lakhani India Ltd.,INE935C01015,LAKHANI,  46.82 ,-, - ,-, - ,  46.82 ,Small Cap
3492,K.G.Denim Ltd,INE104A01012,KGDENIM,  46.81 ,-, - ,-, - ,  46.81 ,Small Cap
3493,Integra Switchgear Ltd.,INE0IPL01018,INTEGSW,  46.78 ,-, - ,-, - ,  46.78 ,Small Cap
3494,ABM International Ltd.,INE251C01025,-, - ,ABMINTLLTD,  46.62 ,-, - ,  46.62 ,Small Cap
3495,Jupiter Infomedia Limited,INE524N01014,JUPITERIN,  46.60 ,-, - ,-, - ,  46.60 ,Small Cap
3496,Akash infra projects ltd.,INE737W01013,-, - ,AKASH,  46.26 ,-, - ,  46.26 ,Small Cap
3497,Kalyan Capitals Limited,INE149Q01021,KALYANCAP,  46.25 ,-, - ,-, - ,  46.25 ,Small Cap
3498,Swasti Vinayaka Synthetics Ltd.,INE804A01025,SWASTIVI,  46.06 ,-, - ,-, - ,  46.06 ,Small Cap
3499,Amkay Products Limited,INE0QSB01016,AMKAY,  46.02 ,-, - ,-, - ,  46.02 ,Small Cap
3500,Orient Beverages Ltd.,INE247F01018,ORIBEVER,  45.92 ,-, - ,-, - ,  45.92 ,Small Cap
3501,Premier Energy and Infrastructure  Limited,INE429K01012,PEIL,  45.91 ,-, - ,-, - ,  45.91 ,Small Cap
3502,Arman Holdings Limited,INE510P01018,ARMAN,  45.82 ,-, - ,-, - ,  45.82 ,Small Cap
3503,Sprayking Limited,INE537U01037,SPRAYKING,  45.79 ,-, - ,-, - ,  45.79 ,Small Cap
3504,Manoj Jewellers Limited,INE0MV001018,MANOJJEWEL,  45.68 ,-, - ,-, - ,  45.68 ,Small Cap
3505,P.B.M. Polytex Ltd.,INE501F01018,PBMPOLY,  45.56 ,-, - ,-, - ,  45.56 ,Small Cap
3506,Silver Oak (India) Ltd.,INE870J01019,SILVOAK,  45.52 ,-, - ,-, - ,  45.52 ,Small Cap
3507,Safecure Services Limited,INE0SVZ01015,SAFECURE,  45.51 ,-, - ,-, - ,  45.51 ,Small Cap
3508,Khyati Global Ventures Limited,INE0S9501014,KGVL,  45.41 ,-, - ,-, - ,  45.41 ,Small Cap
3509,Ambica Agarbathies & Aroma Ind. Ltd.,INE792B01012,AMBICAAGAR,  45.35 ,AMBICAAGAR,  45.32 ,-, - ,  45.33 ,Small Cap
3510,Angel Fibers Limited,INE339Z01011,ANGEL,  45.23 ,-, - ,-, - ,  45.23 ,Small Cap
3511,Misquita Engineering Limited,INE957W01025,MISQUITA,  45.13 ,-, - ,-, - ,  45.13 ,Small Cap
3512,Diana Tea Co.Ltd.,INE012E01035,DIANATEA,  45.12 ,-, - ,-, - ,  45.12 ,Small Cap
3513,Mohit Industries Limited,INE954E01012,MOHITIND,  45.30 ,MOHITIND,  44.85 ,-, - ,  45.08 ,Small Cap
3514,SAMSRITA LABS LIMITED,INE579N01018,SAMSRITA,  42.52 ,-, - ,SAMSRITA,  47.55 ,  45.03 ,Small Cap
3515,Super Crop Safe Ltd.,INE366G01022,SUCROSA,  45.03 ,-, - ,-, - ,  45.03 ,Small Cap
3516,Manjeera Constructions Limited,INE320D01018,MANJEERA,  45.03 ,-, - ,-, - ,  45.03 ,Small Cap
3517,Acrow (India) Ltd.,INE950D01012,ACROW,  44.89 ,-, - ,-, - ,  44.89 ,Small Cap
3518,TIRUPATI INNOVAR LIMITED,INE812Q01016,TIRUPATIIN,  69.05 ,-, - ,TIRUPATIIN,  20.49 ,  44.77 ,Small Cap
3519,Morarka Finance Ltd.,INE367A01015,MORARKFI,  44.71 ,-, - ,-, - ,  44.71 ,Small Cap
3520,VIJI FINANCE LIMITED,INE159N01027,VIJIFIN,  44.85 ,VIJIFIN,  44.44 ,-, - ,  44.65 ,Small Cap
3521,ABC India Ltd.,INE125D01011,ABCINDQ,  44.62 ,-, - ,-, - ,  44.62 ,Small Cap
3522,Indus Finance Limited,INE935D01013,INDUSFINL,  44.52 ,-, - ,-, - ,  44.52 ,Small Cap
3523,MARG TECHNO PROJECTS LIMITED,INE245H01018,MTPL,  44.50 ,-, - ,MTPL,  44.50 ,  44.50 ,Small Cap
3524,CLENON ENTERPRISES LIMITED,INE769B01028,CLENON,  44.41 ,-, - ,-, - ,  44.41 ,Small Cap
3525,Yarn Syndicate Ltd.,INE564C01013,YARNSYN,  44.37 ,-, - ,-, - ,  44.37 ,Small Cap
3526,Mohit Paper Mills Ltd.,INE388C01017,MOHITPPR,  44.35 ,-, - ,-, - ,  44.35 ,Small Cap
3527,Glance Finance Ltd.,INE580D01017,GLANCE,  44.33 ,-, - ,-, - ,  44.33 ,Small Cap
3528,Akshar Spintex Limited,INE256Z01025,AKSHAR,  44.50 ,AKSHAR,  44.05 ,-, - ,  44.28 ,Small Cap
3529,STANBIK AGRO LIMITED,INE16QA01011,STANBIK,  44.26 ,-, - ,-, - ,  44.26 ,Small Cap
3530,Rex Sealing and Packing Industries Limited,INE0MFT01014,REXSEAL,  44.26 ,-, - ,-, - ,  44.26 ,Small Cap
3531,CHENNAI FERROUS INDUSTRIES LIMITED,INE777O01016,CHENFERRO,  44.17 ,-, - ,-, - ,  44.17 ,Small Cap
3532,DSJ KEEP LEARNING LIMITED,INE055C01020,KEEPLEARN,  44.24 ,KEEPLEARN,  43.84 ,-, - ,  44.04 ,Small Cap
3533,Sumedha Fiscal Services Ltd.,INE886B01012,SUMEDHA,  43.97 ,-, - ,-, - ,  43.97 ,Small Cap
3534,SHREENATH PAPER PRODUCTS LIMITED,INE0RXS01018,SHREENATH,  43.93 ,-, - ,-, - ,  43.93 ,Small Cap
3535,GITA RENEWABLE ENERGY LIMITED,INE776O01018,GITARENEW,  43.89 ,-, - ,-, - ,  43.89 ,Small Cap
3536,Kashyap Tele-Medicines Limited,INE108B01029,KASHYAP,  43.88 ,-, - ,-, - ,  43.88 ,Small Cap
3537,HELLOJI HOLIDAYS LIMITED,INE1FJE01010,HELLOJI,  43.85 ,-, - ,-, - ,  43.85 ,Small Cap
3538,Centenial Surgical Suture Ltd.,INE405H01018,CSURGSU,  43.77 ,-, - ,-, - ,  43.77 ,Small Cap
3539,Bridge Securities Ltd.,INE958C01025,BRIDGESE,  43.76 ,-, - ,-, - ,  43.76 ,Small Cap
3540,Sandu Pharmaceuticals Ltd.,INE751D01014,SANDUPHQ,  43.68 ,-, - ,-, - ,  43.68 ,Small Cap
3541,Retaggio Industries Limited,INE0KWJ01014,RETAGGIO,  43.66 ,-, - ,-, - ,  43.66 ,Small Cap
3542,VANDAN FOODS LIMITED,INE0RDJ01019,VANDAN,  43.64 ,-, - ,-, - ,  43.64 ,Small Cap
3543,PVV Infra Limited,INE428B01021,PVVINFRA,  43.63 ,-, - ,-, - ,  43.63 ,Small Cap
3544,TIRUPATI FOAM LIMITED,INE115G01015,TIRUFOAM,  43.57 ,-, - ,-, - ,  43.57 ,Small Cap
3545,Matra Kaushal Enterprise Limited,INE265N01030,MKEL,  43.57 ,-, - ,-, - ,  43.57 ,Small Cap
3546,Ravileela Granites Limited,INE427E01027,RALEGRA,  43.53 ,-, - ,-, - ,  43.53 ,Small Cap
3547,Gothi Plascon (India) Ltd.,INE538G01018,GOTHIPL,  43.43 ,-, - ,-, - ,  43.43 ,Small Cap
3548,IMEC SERVICES LIMITED,INE611C01020,IMEC,  43.40 ,-, - ,-, - ,  43.40 ,Small Cap
3549,GTN Industries Limited,INE537A01013,GTNINDS,  43.31 ,-, - ,-, - ,  43.31 ,Small Cap
3550,SPINAROO COMMERCIAL LIMITED,INE10XX01012,SPINAROO,  43.27 ,-, - ,-, - ,  43.27 ,Small Cap
3551,Shiva Global Agro Industries Limited,INE960E01019,SHIVAAGRO,  43.22 ,-, - ,-, - ,  43.22 ,Small Cap
3552,ANUPAM FINSERV LIMITED,INE069B01023,ANUPAM,  43.13 ,-, - ,-, - ,  43.13 ,Small Cap
3553,MKP Mobility Limited,INE676G01024,MKPMOB,  43.13 ,-, - ,-, - ,  43.13 ,Small Cap
3554,Orient Tradelink Ltd.,INE681D01039,ORIENTTR,  43.05 ,-, - ,-, - ,  43.05 ,Small Cap
3555,Next Mediaworks Ltd,INE747B01016,NEXTMEDIA,  43.25 ,NEXTMEDIA,  42.84 ,-, - ,  43.04 ,Small Cap
3556,Incap Ltd,INE437C01012,INCAP,  43.03 ,-, - ,-, - ,  43.03 ,Small Cap
3557,Pritish Nandy Communications Ltd,INE392B01011,PNC,  43.11 ,PNC,  42.84 ,-, - ,  42.98 ,Small Cap
3558,Tatia Global Vennture Limited,INE083G01031,TATIAGLOB,  42.88 ,-, - ,-, - ,  42.88 ,Small Cap
3559,Gini Silk Mills Ltd.,INE548B01018,GINISILK,  42.85 ,-, - ,-, - ,  42.85 ,Small Cap
3560,Travels & rentals Limited,INE0SG001011,TRAVELS,  42.85 ,-, - ,-, - ,  42.85 ,Small Cap
3561,TUSALDAH LIMITED,INE319M01011,TUSALDAH,  42.81 ,-, - ,-, - ,  42.81 ,Small Cap
3562,Valecha Engineering Ltd.,INE624C01015,VALECHAENG,  42.81 ,-, - ,-, - ,  42.81 ,Small Cap
3563,Continental Securities Limited,INE183Q01020,CSL,  42.80 ,-, - ,-, - ,  42.80 ,Small Cap
3564,SWOJAS FOODS LIMITED,INE295B01016,SWOJAS,  42.79 ,-, - ,-, - ,  42.79 ,Small Cap
3565,Tirupati Sarjan Ltd.,INE297J01023,TIRSARJ,  42.74 ,-, - ,-, - ,  42.74 ,Small Cap
3566,Central Provinces Railways Co. Ltd.,INE631B01038,CENTPROV,  42.70 ,-, - ,-, - ,  42.70 ,Small Cap
3567,Mac Hotels Limited,INE004Z01011,MACH,  42.42 ,-, - ,-, - ,  42.42 ,Small Cap
3568,ESSEX MARINE LIMITED,INE1IBY01019,ESSEX,  42.41 ,-, - ,-, - ,  42.41 ,Small Cap
3569,Icon Facilitators Limited,INE0Y0E01012,ICON,  42.38 ,-, - ,-, - ,  42.38 ,Small Cap
3570,SPARKLE GOLD ROCK LIMITED,INE618F01010,SPARKLEGR,  42.34 ,-, - ,-, - ,  42.34 ,Small Cap
3571,Fortune International Ltd.,INE501D01013,FORINTL,  42.30 ,-, - ,-, - ,  42.30 ,Small Cap
3572,Deccan Health Care Limited,INE452W01019,DECCAN,  42.30 ,-, - ,-, - ,  42.30 ,Small Cap
3573,Axel Polymers Ltd.,INE197C01012,AXELPOLY,  42.25 ,-, - ,-, - ,  42.25 ,Small Cap
3574,PROSPECT CONSUMER PRODUCTS LIMITED,INE0OKG01017,PCL,  42.11 ,-, - ,-, - ,  42.11 ,Small Cap
3575,Contil India Limited,INE080G01029,CONTILI,  42.07 ,-, - ,-, - ,  42.07 ,Small Cap
3576,Hawa Engineers ltd.,INE230I01018,HAWAENG,  41.99 ,-, - ,-, - ,  41.99 ,Small Cap
3577,Baba Arts Ltd,INE893A01036,BABA,  41.93 ,-, - ,-, - ,  41.93 ,Small Cap
3578,Ritesh International Ltd,INE534D01014,RITESHIN,  41.93 ,-, - ,-, - ,  41.93 ,Small Cap
3579,SHINING TOOLS LIMITED,INE0D8001018,SHTL,  41.91 ,-, - ,-, - ,  41.91 ,Small Cap
3580,MARC LOIRE FASHIONS LIMITED,INE0TBQ01014,MARCLOIRE,  41.84 ,-, - ,-, - ,  41.84 ,Small Cap
3581,Siti Networks Limited,INE965H01011,SITINET,  43.61 ,SITINET,  40.04 ,-, - ,  41.82 ,Small Cap
3582,Ashoka Metcast Limited,INE760Y01011,ASHOKAMET,  41.81 ,ASHOKAMET,  41.77 ,-, - ,  41.79 ,Small Cap
3583,Medinova Diagnostic Services Ltd.,INE047C01019,MEDINOV,  41.70 ,-, - ,-, - ,  41.70 ,Small Cap
3584,KMS Medisurgi Limited,INE870V01014,KMSMEDI,  41.70 ,-, - ,-, - ,  41.70 ,Small Cap
3585,United Cotfab Limited,INE0S0I01011,COTFAB,  41.65 ,-, - ,-, - ,  41.65 ,Small Cap
3586,Roopa Industries Ltd.,INE443C01010,ROOPAIND,  41.60 ,-, - ,-, - ,  41.60 ,Small Cap
3587,Roopshri Resorts Limited,INE03WT01017,ROOPSHRI,  41.55 ,-, - ,-, - ,  41.55 ,Small Cap
3588,USG Tech Solutions Ltd,INE718B01017,USGTECH,  41.52 ,-, - ,-, - ,  41.52 ,Small Cap
3589,HIND ALUMINIUM INDUSTRIES LTD.,INE227B01019,HINDALUMI,  41.47 ,-, - ,-, - ,  41.47 ,Small Cap
3590,Bohra Industries Ltd.,INE802W01023,-, - ,BOHRAIND,  41.45 ,-, - ,  41.45 ,Small Cap
3591,N.K.Industries Ltd.,INE542C01019,NKIND,  41.76 ,NKIND,  40.96 ,-, - ,  41.36 ,Small Cap
3592,Oasis Securities Limited,INE876A01023,OASISEC,  41.31 ,-, - ,-, - ,  41.31 ,Small Cap
3593,CHALLANI CAPITAL LIMITED,INE807A01010,CHALLANI,  41.27 ,-, - ,-, - ,  41.27 ,Small Cap
3594,Relic Technologies Ltd.,INE452B01013,RELICTEC,  41.22 ,-, - ,-, - ,  41.22 ,Small Cap
3595,Netlink Solutions (India) Ltd.,INE040F01033,NETLINK,  41.17 ,-, - ,-, - ,  41.17 ,Small Cap
3596,Poona Dal And Oil Industries Ltd.,INE809E01018,POONADAL,  41.15 ,-, - ,-, - ,  41.15 ,Small Cap
3597,H.P. Cotton Textile Mills Ltd.,INE950C01014,HPCOTTON,  41.04 ,-, - ,-, - ,  41.04 ,Small Cap
3598,Walchand Peoplefirst Limited,INE695D01021,WALCHPF,  41.03 ,-, - ,-, - ,  41.03 ,Small Cap
3599,Picturehouse Media Limited,INE448B01029,PICTUREHS,  40.92 ,-, - ,-, - ,  40.92 ,Small Cap
3600,AKG Exim Ltd.,INE00Y801016,-, - ,AKG,  40.79 ,-, - ,  40.79 ,Small Cap
3601,Dolphin Kitchen Utencils and Appliances Limited,INE0QXT01018,DKUAL,  40.75 ,-, - ,-, - ,  40.75 ,Small Cap
3602,ERP Soft Systems Ltd.,INE308B01017,ERPSOFT,  40.73 ,-, - ,-, - ,  40.73 ,Small Cap
3603,ADVANCE METERING TECHNOLOGY LIMITED,INE436N01029,AMTL,  40.68 ,-, - ,-, - ,  40.68 ,Small Cap
3604,PRABHHANS INDUSTRIES LIMITED,INE428P01013,PRABHHANS,  40.65 ,-, - ,-, - ,  40.65 ,Small Cap
3605,IEC Education Limited,INE172B01017,IECEDU,  40.60 ,-, - ,-, - ,  40.60 ,Small Cap
3606,BANDARAM PHARMA PACKTECH LIMITED,INE875N01036,BANDARAM,  40.59 ,-, - ,-, - ,  40.59 ,Small Cap
3607,Monotype India Ltd.,INE811D01024,MONOT,  40.58 ,-, - ,MONOT,  40.57 ,  40.57 ,Small Cap
3608,Shreeshay Engineers Limited,INE452Z01012,SHREESHAY,  40.57 ,-, - ,-, - ,  40.57 ,Small Cap
3609,Rose Merc.Limited,INE649C01012,ROSEMER,  40.56 ,-, - ,-, - ,  40.56 ,Small Cap
3610,TRILIANCE POLYMERS LIMITED,INE778N01016,TRILIANCE,  40.55 ,-, - ,-, - ,  40.55 ,Small Cap
3611,GB Logistics Commerce Limited,INE0RWU01016,GBLOGISTIC,  40.53 ,-, - ,-, - ,  40.53 ,Small Cap
3612,CHOTHANI FOODS LIMITED,INE344X01016,CHOTHANI,  40.48 ,-, - ,-, - ,  40.48 ,Small Cap
3613,Valencia India Limited,INE130701019,VALINDIA,  40.36 ,-, - ,-, - ,  40.36 ,Small Cap
3614,Crestchem Ltd.,INE293N01016,CRSTCHM,  40.34 ,-, - ,-, - ,  40.34 ,Small Cap
3615,Duropack Ltd,INE138B01018,DUROPACK,  40.31 ,-, - ,-, - ,  40.31 ,Small Cap
3616,Fine-line Circuits Ltd.,INE087E01011,FINELINE,  40.29 ,-, - ,-, - ,  40.29 ,Small Cap
3617,Laxmi cotspin ltd.,INE801V01019,-, - ,LAXMICOT,  40.14 ,-, - ,  40.14 ,Small Cap
3618,Ranjeet Mechatronics Limited,INE01A501027,RANJEET,  40.12 ,-, - ,-, - ,  40.12 ,Small Cap
3619,Suryaamba Spinning Mills Limited,INE360J01011,SURYAAMBA,  40.09 ,-, - ,-, - ,  40.09 ,Small Cap
3620,ANG Lifesciences India Limited,INE236W01016,ANG,  40.03 ,-, - ,-, - ,  40.03 ,Small Cap
3621,LERTHAI FINANCE LIMITED,INE347D01011,LERTHAI,  40.03 ,-, - ,-, - ,  40.03 ,Small Cap
3622,WEST LEISURE RESORTS LIMITED,INE266P01017,WESTLEIRES,  39.81 ,-, - ,-, - ,  39.81 ,Small Cap
3623,INFONATIVE SOLUTIONS LIMITED,INE12IB01015,INFONATIVE,  39.75 ,-, - ,-, - ,  39.75 ,Small Cap
3624,Shree Rajasthan Syntex Ltd.,INE796C01011,SHRAJSYNQ,  39.65 ,-, - ,-, - ,  39.65 ,Small Cap
3625,JOHNSON PHARMACARE LIMITED,INE560F01022,JOHNPHARMA,  39.63 ,-, - ,-, - ,  39.63 ,Small Cap
3626,Ind Bank Housing Ltd,INE969D01012,INDBNK,  39.51 ,-, - ,-, - ,  39.51 ,Small Cap
3627,KSS Limited,INE216D01026,KSERASERA,  39.51 ,-, - ,-, - ,  39.51 ,Small Cap
3628,Pearl Green Clubs and Resorts Limited,INE0GTX01019,PGCRL,  39.46 ,-, - ,-, - ,  39.46 ,Small Cap
3629,Inland Printers Ltd.,INE055O01033,INLANPR,  39.43 ,-, - ,-, - ,  39.43 ,Small Cap
3630,TELOGICA LIMITED,INE778I01024,TELOGICA,  39.39 ,-, - ,-, - ,  39.39 ,Small Cap
3631,Lex Nimble Solutions Limited,INE860Y01019,LEX,  39.31 ,-, - ,-, - ,  39.31 ,Small Cap
3632,NIVAKA FASHIONS LIMITED,INE139E01028,NIVAKA,  39.25 ,-, - ,NIVAKA,  39.23 ,  39.24 ,Small Cap
3633,G. G. Dandekar Properties Limited,INE631D01026,GGDPROP,  39.21 ,-, - ,-, - ,  39.21 ,Small Cap
3634,Madhav Marbles & Granites Ltd.,INE925C01016,MADHAV,  39.16 ,MADHAV,  39.10 ,-, - ,  39.13 ,Small Cap
3635,Ramchandra Leasing & Finance Limited,INE516P01015,RLFL,  39.12 ,-, - ,-, - ,  39.12 ,Small Cap
3636,SM Auto Stamping Limited,INE0C4I01011,SMAUTO,  39.07 ,-, - ,-, - ,  39.07 ,Small Cap
3637,Dynamic Industries Ltd.,INE457C01010,DYNAMIND,  39.03 ,-, - ,-, - ,  39.03 ,Small Cap
3638,Nirmitee Robotics India Limited,INE0CPQ01010,NIRMITEE,  38.88 ,-, - ,-, - ,  38.88 ,Small Cap
3639,KJMC Financial Services Ltd.,INE533C01018,KJMCFIN,  38.78 ,-, - ,-, - ,  38.78 ,Small Cap
3640,Veerhealth Care Limited,INE882C01035,VEERHEALTH,  38.76 ,-, - ,-, - ,  38.76 ,Small Cap
3641,STL Global Ltd,INE353H01010,SGL,  38.92 ,SGL,  38.25 ,-, - ,  38.58 ,Small Cap
3642,NACDAC Infrastructure Limited,INE0LB101011,NACDAC,  38.55 ,-, - ,-, - ,  38.55 ,Small Cap
3643,Gorani Industries Ltd.,INE792J01015,GORANIN,  38.53 ,-, - ,-, - ,  38.53 ,Small Cap
3644,ACCEDERE LIMITED,INE578B01015,ACCEDERE,  38.46 ,-, - ,-, - ,  38.46 ,Small Cap
3645,Ashirwad Steels & Industries  Ltd.,INE338C01012,ASHSI,  38.32 ,-, - ,-, - ,  38.32 ,Small Cap
3646,Camex  Ltd.,INE198C01010,CAMEXLTD,  38.23 ,-, - ,-, - ,  38.23 ,Small Cap
3647,Kridhan Infra Limited,INE524L01026,KRIDHANINF,  38.23 ,KRIDHANINF,  38.07 ,-, - ,  38.15 ,Small Cap
3648,Future Enterprises Limited,INE623B01027,FEL,  38.86 ,FEL,  37.32 ,-, - ,  38.09 ,Small Cap
3649,Shree Krishna Infrastructure Limited,INE951Z01013,SKIFL,  37.99 ,-, - ,-, - ,  37.99 ,Small Cap
3650,Kanani Industries Ltd,INE879E01037,KANANIIND,  38.04 ,KANANIIND,  37.90 ,-, - ,  37.97 ,Small Cap
3651,THINKINK PICTUREZ LIMITED,INE365S01045,THINKINK,  37.96 ,-, - ,-, - ,  37.96 ,Small Cap
3652,El Forge Ltd.,INE158F01017,ELFORGE,  37.91 ,-, - ,-, - ,  37.91 ,Small Cap
3653,Zodiac Ventures Limited,INE945J01027,ZODIACVEN,  37.85 ,-, - ,-, - ,  37.85 ,Small Cap
3654,VASHISHTHA LUXURY FASHION LIMITED,INE0WRP01016,VASHISHTHA,  37.81 ,-, - ,-, - ,  37.81 ,Small Cap
3655,North Eastern Publishing And Advertising Co Ltd,INE930E01012,-, - ,-, - ,NEPACL,  37.67 ,  37.67 ,Small Cap
3656,TCM Ltd.,INE034F01010,TCMLMTD,  37.67 ,-, - ,-, - ,  37.67 ,Small Cap
3657,Kapil Cotex  Ltd.,INE393H01016,KAPILCO,  37.63 ,-, - ,-, - ,  37.63 ,Small Cap
3658,KSR Footwear Limited,INE1SPP01016,KSR,  37.67 ,KSR,  37.49 ,-, - ,  37.58 ,Small Cap
3659,Kailash Auto Finance Ltd,INE410O01022,KAILASH,  37.57 ,-, - ,-, - ,  37.57 ,Small Cap
3660,PECOS Hotels And Pubs Limited,INE484S01010,PECOS,  37.57 ,-, - ,-, - ,  37.57 ,Small Cap
3661,Soni Medicare Limited,INE848R01018,SML,  37.52 ,-, - ,-, - ,  37.52 ,Small Cap
3662,Shashijit Infraprojects Limited,INE700V01021,SHASHIJIT,  37.52 ,-, - ,-, - ,  37.52 ,Small Cap
3663,Starcom Information Technology Ltd,INE347I01010,STARCOM,  37.46 ,-, - ,-, - ,  37.46 ,Small Cap
3664,SARUP INDUSTRIES LIMITED,INE305D01019,SARUPINDUS,  37.33 ,-, - ,-, - ,  37.33 ,Small Cap
3665,Gujarat Petrosynthese Ltd.,INE636P01011,GUJPETR,  37.27 ,-, - ,-, - ,  37.27 ,Small Cap
3666,Sujala Trading & Holdings Ltd.,INE029H01016,SUJALA,  37.26 ,-, - ,-, - ,  37.26 ,Small Cap
3667,Kenvi Jewels Limited,INE923Y01023,KENVI,  37.09 ,-, - ,-, - ,  37.09 ,Small Cap
3668,Tecil Chemicals & Hydro Power Limit,INE014B01011,TECILCHEM,  37.90 ,TECILCHEM,  36.21 ,-, - ,  37.05 ,Small Cap
3669,Salora International Limited,INE924A01013,SALORAINTL,  37.03 ,-, - ,-, - ,  37.03 ,Small Cap
3670,Solvex Edibles Limited,INE1IIQ01028,SOLVEX,  36.99 ,-, - ,-, - ,  36.99 ,Small Cap
3671,Katare Spinning Mills Ltd.,INE498G01015,KATRSPG,  36.84 ,-, - ,-, - ,  36.84 ,Small Cap
3672,Vineet Laboratories Limited,INE505Y01010,VINEETLAB,  36.70 ,VINEETLAB,  36.69 ,-, - ,  36.70 ,Small Cap
3673,MEP Infrastructure Developers Limited,INE776I01010,MEP,  37.09 ,MEP,  36.13 ,-, - ,  36.61 ,Small Cap
3674,Envair Electrodyne Ltd.,INE601C01013,ENVAIREL,  36.54 ,-, - ,-, - ,  36.54 ,Small Cap
3675,William Magor & Company Limited,INE210A01017,WILLAMAGOR,  36.58 ,WILLAMAGOR,  36.34 ,-, - ,  36.46 ,Small Cap
3676,Infomedia Press Limited,INE669A01022,INFOMEDIA,  38.34 ,INFOMEDIA,  34.46 ,-, - ,  36.40 ,Small Cap
3677,Margo Finance Limited,INE680B01019,MARGOFIN,  36.36 ,-, - ,-, - ,  36.36 ,Small Cap
3678,JBF Industries Ltd.,INE187A01017,JBFIND,  36.19 ,-, - ,-, - ,  36.19 ,Small Cap
3679,Tejnaksh Healthcare Limited,INE030T01027,TEJNAKSH,  36.15 ,-, - ,-, - ,  36.15 ,Small Cap
3680,Unick Fix-A- Form and Printers Limited,INE250G01010,UNICK,  36.00 ,-, - ,-, - ,  36.00 ,Small Cap
3681,Bhanderi Infracon Limited,INE336Q01016,BHANDERI,  35.78 ,-, - ,-, - ,  35.78 ,Small Cap
3682,SPICE ISLANDS INDUSTRIES LIMITED,INE882D01017,SPICEISLIN,  35.75 ,-, - ,-, - ,  35.75 ,Small Cap
3683,Rishi Techtex Limited,INE989D01010,RISHITECH,  35.74 ,-, - ,-, - ,  35.74 ,Small Cap
3684,SER Industries Ltd,INE358F01013,SERIND,  35.72 ,-, - ,-, - ,  35.72 ,Small Cap
3685,Inani Marbles & Industries Ltd.,INE635D01027,INANI,  35.68 ,-, - ,-, - ,  35.68 ,Small Cap
3686,Southern Latex Ltd.,INE410M01018,SOUTLAT,  35.64 ,-, - ,-, - ,  35.64 ,Small Cap
3687,Sunil Industries Ltd.,INE124M01015,SUNILTX,  35.64 ,-, - ,-, - ,  35.64 ,Small Cap
3688,Chandra Bhagat Pharma Limited,INE07QQ01016,CBPL,  35.61 ,-, - ,-, - ,  35.61 ,Small Cap
3689,Sinnar Bidi Udyog Ltd.,INE896E01023,SINNAR,  35.61 ,-, - ,-, - ,  35.61 ,Small Cap
3690,Khandwala Securities Ltd.,INE060B01014,KHANDSE,  35.61 ,KHANDSE,  35.60 ,-, - ,  35.61 ,Small Cap
3691,Sri Ramakrishna Mills (Coimbatore) Ltd.,INE306D01017,SRMCL,  35.59 ,-, - ,-, - ,  35.59 ,Small Cap
3692,Alfa Ica (India) Ltd,INE042C01010,ALFAICA,  35.57 ,-, - ,-, - ,  35.57 ,Small Cap
3693,B.J.Duplex Boards Ltd.,INE265C01025,BJDUP,  35.57 ,-, - ,-, - ,  35.57 ,Small Cap
3694,Tavernier Resources Limited,INE355H01015,TAVERNIER,  35.55 ,-, - ,-, - ,  35.55 ,Small Cap
3695,Nagreeka Capital & Infrastructure Limited,INE245I01016,NAGREEKCAP,  35.66 ,NAGREEKCAP,  35.39 ,-, - ,  35.52 ,Small Cap
3696,CMX HOLDINGS LIMITED,INE027F01014,CMXLTD,  35.48 ,-, - ,-, - ,  35.48 ,Small Cap
3697,Nuway Organic Naturals (India) Ltd.,INE414L01012,NUWAY,  35.46 ,-, - ,-, - ,  35.46 ,Small Cap
3698,Medico Intercontinental Limited,INE858Q01019,MIL,  35.34 ,-, - ,-, - ,  35.34 ,Small Cap
3699,POLYSPIN EXPORTS LIMITED,INE914G01029,POLYSPIN,  35.27 ,-, - ,-, - ,  35.27 ,Small Cap
3700,Gujarat Inject (Kerala) Ltd.,INE659F01014,GUJINJEC,  35.27 ,-, - ,-, - ,  35.27 ,Small Cap
3701,India Cements Capital Limited,INE429D01017,INDCEMCAP,  35.26 ,-, - ,-, - ,  35.26 ,Small Cap
3702,GENUS PRIME INFRA LIMITED,INE256D01014,GENUSPRIME,  35.24 ,-, - ,-, - ,  35.24 ,Small Cap
3703,Sarthak Industries Ltd.,INE074H01012,SARTHAKIND,  35.22 ,-, - ,-, - ,  35.22 ,Small Cap
3704,Kaushalya Infrastructure Development Corporation Ltd,INE234I01028,KAUSHALYA,  35.30 ,KAUSHALYA,  35.11 ,-, - ,  35.21 ,Small Cap
3705,The Ravalgaon Sugar Farm Limited,INE615A01025,RAVALSUGAR,  35.20 ,-, - ,-, - ,  35.20 ,Small Cap
3706,Tyroon Tea Co. Ltd.,INE945B01016,TYROON,  35.19 ,-, - ,-, - ,  35.19 ,Small Cap
3707,Haryana Leather Chemicals Ltd.,INE681F01018,HARLETH,  35.17 ,-, - ,-, - ,  35.17 ,Small Cap
3708,ABRIL PAPER TECH LIMITED,INE15MX01014,ABRIL,  35.13 ,-, - ,-, - ,  35.13 ,Small Cap
3709,AIK Pipes and Polymers Limited,INE0QFT01015,AIKPIPES,  35.12 ,-, - ,-, - ,  35.12 ,Small Cap
3710,RKD AGRI & RETAIL LIMITED,INE552N01023,RKDAGRRTL,  35.11 ,-, - ,-, - ,  35.11 ,Small Cap
3711,D.S.Kulkarni Developers Ltd,INE891A01022,DSKULKARNI,  35.09 ,-, - ,-, - ,  35.09 ,Small Cap
3712,Swasti Vinayaka Art And Heritage Corporation Ltd,INE895A01023,SVARTCORP,  35.07 ,-, - ,-, - ,  35.07 ,Small Cap
3713,Vaghani Techno-Build Limited,INE554H01021,VAGHANI,  35.03 ,-, - ,-, - ,  35.03 ,Small Cap
3714,BIL VYAPAR LIMITED,INE071A01013,BILVYAPAR,  35.12 ,BILVYAPAR,  34.86 ,-, - ,  34.99 ,Small Cap
3715,Birla Cotsyn (India) Limited,INE655I01024,BIRLACOT,  34.93 ,-, - ,-, - ,  34.93 ,Small Cap
3716,Aditya Spinners Ltd.,INE122D01026,ADITYASP,  34.92 ,-, - ,-, - ,  34.92 ,Small Cap
3717,SKIL Infrastructure Limited,INE429F01012,SKIL,  35.02 ,SKIL,  34.78 ,-, - ,  34.90 ,Small Cap
3718,Shree Marutinandan Tubes Limited,INE0QIS01011,SHREE,  34.89 ,-, - ,-, - ,  34.89 ,Small Cap
3719,Southern Magnesium And Chemicals Lt,INE308N01012,SOUTHMG,  34.87 ,-, - ,-, - ,  34.87 ,Small Cap
3720,Ushdev International Ltd,INE981D01025,USHDI,  34.86 ,-, - ,-, - ,  34.86 ,Small Cap
3721,MPDL LIMITED,INE493H01014,MPDL,  34.72 ,-, - ,-, - ,  34.72 ,Small Cap
3722,EPIC Energy Ltd.,INE932F01015,EPIC,  34.67 ,-, - ,-, - ,  34.67 ,Small Cap
3723,GCCL Infrastructure & Projects Ltd.,INE438F01013,GCCLINP,  34.65 ,-, - ,-, - ,  34.65 ,Small Cap
3724,Purbanchal Prestressed Limited,INE931E01010,-, - ,-, - ,PURBANCHAL,  34.57 ,  34.57 ,Small Cap
3725,JULIEN AGRO INFRATECH LIMITED,INE890N01027,JULIEN,  34.55 ,-, - ,-, - ,  34.55 ,Small Cap
3726,Marble Finvest Limited,INE476K01013,-, - ,-, - ,MARBLE,  34.53 ,  34.53 ,Small Cap
3727,B2B Software Technologies Ltd.,INE151B01011,B2BSOFT,  34.51 ,-, - ,-, - ,  34.51 ,Small Cap
3728,Gem Spinners India Ltd,INE165F01020,GEMSPIN,  34.45 ,-, - ,-, - ,  34.45 ,Small Cap
3729,Galactico Corporate Services Limited,INE906Y01028,GALACTICO,  34.43 ,-, - ,-, - ,  34.43 ,Small Cap
3730,Bhakti Gems And Jewellery Limited,INE986W01016,BGJL,  34.38 ,-, - ,-, - ,  34.38 ,Small Cap
3731,Jaihind Synthetics Ltd.,INE156E01014,JAIHINDS,  34.26 ,-, - ,-, - ,  34.26 ,Small Cap
3732,Supra Trends Limited,INE533B01028,SUPRATRE,  34.26 ,-, - ,-, - ,  34.26 ,Small Cap
3733,Innovatus Entertainment Networks Limited,INE0LYO01018,INNOVATUS,  34.25 ,-, - ,-, - ,  34.25 ,Small Cap
3734,KANCO TEA & INDUSTRIES LIMITED,INE398L01017,KANCOTEA,  34.14 ,-, - ,-, - ,  34.14 ,Small Cap
3735,Quality RO Industries Limited,INE0KAF01018,QRIL,  34.07 ,-, - ,-, - ,  34.07 ,Small Cap
3736,Amco India Ltd.,INE924B01011,AMCOIND,  34.06 ,-, - ,-, - ,  34.06 ,Small Cap
3737,GKB Ophthalmics Ltd.,INE265D01015,GKB,  34.03 ,-, - ,-, - ,  34.03 ,Small Cap
3738,Mittal Life Style Ltd.,INE997Y01027,-, - ,MITTAL,  34.01 ,-, - ,  34.01 ,Small Cap
3739,Gujarat Terce Laboratories Ltd,INE499G01013,GUJTERC,  33.99 ,-, - ,-, - ,  33.99 ,Small Cap
3740,Chandra Prabhu International Ltd.,INE368D01025,CHANDRAP,  33.92 ,-, - ,-, - ,  33.92 ,Small Cap
3741,Humming Bird Education Limited,INE02PC01027,HBEL,  33.90 ,-, - ,-, - ,  33.90 ,Small Cap
3742,Smart Finsec Limited,INE766D01020,SMARTFIN,  33.86 ,-, - ,-, - ,  33.86 ,Small Cap
3743,Asahi Industries Limited,INE745I01015,ASAHIIND,  33.82 ,-, - ,-, - ,  33.82 ,Small Cap
3744,Eighty Jewellers Limited,INE0KSN01014,EIGHTY,  33.78 ,-, - ,-, - ,  33.78 ,Small Cap
3745,Kabsons Industries Ltd.,INE645C01010,KABSON,  33.73 ,-, - ,-, - ,  33.73 ,Small Cap
3746,Sahara One Media And Entertainment Limited,INE479B01016,SAHARA,  33.69 ,-, - ,-, - ,  33.69 ,Small Cap
3747,Rollatainters Ltd.,INE927A01040,ROLLT,  33.71 ,ROLLT,  33.50 ,-, - ,  33.61 ,Small Cap
3748,JMJ Fintech Limited,INE242Q01016,JMJFIN,  33.53 ,-, - ,-, - ,  33.53 ,Small Cap
3749,Operational Energy Group India Limited,INE239V01012,-, - ,-, - ,OEGIL,  33.52 ,  33.52 ,Small Cap
3750,TGB Banquets and Hotels Limited,INE797H01018,TGBHOTELS,  33.54 ,TGBHOTELS,  33.47 ,-, - ,  33.51 ,Small Cap
3751,Shrenik Ltd.,INE632X01030,-, - ,SHRENIK,  33.35 ,-, - ,  33.35 ,Small Cap
3752,LAKE SHORE REALTY LIMITED,INE734D01010,LAKESHORE,  33.33 ,-, - ,-, - ,  33.33 ,Small Cap
3753,Rolta India Ltd.,INE293A01013,ROLTA,  33.31 ,-, - ,-, - ,  33.31 ,Small Cap
3754,Gujarat Hy-Spin Limited,INE578V01013,GUJHYSPIN,  33.26 ,-, - ,-, - ,  33.26 ,Small Cap
3755,Kay Power And Paper Ltd,INE961B01013,KAYPOWR,  33.20 ,-, - ,-, - ,  33.20 ,Small Cap
3756,Future Lifestyle Fashions Limited,INE452O01016,FLFL,  33.50 ,FLFL,  32.87 ,-, - ,  33.18 ,Small Cap
3757,Checkpoint Trends Limited,INE396H01019,CHECKPOINT,  33.05 ,-, - ,-, - ,  33.05 ,Small Cap
3758,Neueon Corporation Limited,INE333I01044,NEUEON,  29.22 ,NEUEON,  36.84 ,-, - ,  33.03 ,Small Cap
3759,Bervin Investments And Leasing Ltd.,INE348I01018,BERVINL,  32.90 ,-, - ,-, - ,  32.90 ,Small Cap
3760,Nalin Lease Finance Ltd.,INE606C01012,NLFL,  32.86 ,-, - ,-, - ,  32.86 ,Small Cap
3761,Sonalis Consumer Products Limited,INE0N5O01013,SONALIS,  32.75 ,-, - ,-, - ,  32.75 ,Small Cap
3762,Megri Soft Limited,INE756R01013,MEGRISOFT,  32.64 ,-, - ,MEGRISOFT,  32.64 ,  32.64 ,Small Cap
3763,Tuni Textile Mills Ltd.,INE560D01027,TUNITEX,  32.63 ,-, - ,-, - ,  32.63 ,Small Cap
3764,Tree House Education & Accessories Limited,INE040M01013,TREEHOUSE,  32.63 ,TREEHOUSE,  32.57 ,TREEHOUSE,  32.57 ,  32.59 ,Small Cap
3765,Bombay Potteries & Tiles Ltd.,INE06AE01018,BOMBPOT,  32.57 ,-, - ,-, - ,  32.57 ,Small Cap
3766,Prime Urban Development India Ltd,INE419E01024,PRIMEURB,  32.48 ,-, - ,-, - ,  32.48 ,Small Cap
3767,S.P.Capital Financing Ltd.,INE102F01015,SPCAPIT,  32.47 ,-, - ,-, - ,  32.47 ,Small Cap
3768,Cyber Media (India) Ltd.,INE278G01037,CYBERMEDIA,  33.78 ,CYBERMEDIA,  31.13 ,-, - ,  32.46 ,Small Cap
3769,Goenka Diamond & Jewels Ltd,INE516K01024,GOENKA,  32.45 ,-, - ,-, - ,  32.45 ,Small Cap
3770,Modern Malleables Limited,INE834C01028,MODMA,  32.44 ,-, - ,-, - ,  32.44 ,Small Cap
3771,Pasupati Spg. & Wvg. Mills Ltd.,INE909B01020,PASUSPG,  32.44 ,-, - ,-, - ,  32.44 ,Small Cap
3772,Informed Technologies India Ltd.,INE123E01014,INFORTEC,  32.41 ,-, - ,-, - ,  32.41 ,Small Cap
3773,Dynamic Protfolio Management & Serv,INE118C01018,DYNAMICP,  32.41 ,-, - ,-, - ,  32.41 ,Small Cap
3774,Yuranus Infrastructure Ltd,INE156M01017,YURANUS,  32.37 ,-, - ,-, - ,  32.37 ,Small Cap
3775,Madhusudan Securities Ltd,INE856D01011,MADHUSE,  32.33 ,-, - ,-, - ,  32.33 ,Small Cap
3776,Savani Financials Ltd.,INE304E01010,SAVFI,  32.26 ,-, - ,-, - ,  32.26 ,Small Cap
3777,Pressure Sensitive Systems (India),INE891E01024,PRESSURS,  32.24 ,-, - ,-, - ,  32.24 ,Small Cap
3778,Swati Projects Limited,INE210F01016,SWATIPRO,  32.21 ,-, - ,SWATI,  32.21 ,  32.21 ,Small Cap
3779,SIHORA INDUSTRIES LIMITED,INE0SFA01011,SIHORA,  32.20 ,-, - ,-, - ,  32.20 ,Small Cap
3780,QGO FINANCE LIMITED,INE837C01013,QGO,  32.20 ,-, - ,-, - ,  32.20 ,Small Cap
3781,Pincon Spirit Limited,INE675G01018,PINCON,  32.18 ,-, - ,-, - ,  32.18 ,Small Cap
3782,EQUILATERAL ENTERPRISES LIMITED,INE060N01019,EQUILATERA,  32.14 ,-, - ,-, - ,  32.14 ,Small Cap
3783,Libas Consumer Products Ltd.,INE908V01012,-, - ,LIBAS,  32.04 ,-, - ,  32.04 ,Small Cap
3784,Polymechplast Machines Ltd.,INE809B01014,POLYCHMP,  32.02 ,-, - ,-, - ,  32.02 ,Small Cap
3785,Debock Industries Ltd.,INE411Y01011,-, - ,DIL,  32.01 ,-, - ,  32.01 ,Small Cap
3786,PAOS INDUSTRIES LIMITED,INE791C01012,PAOS,  31.90 ,-, - ,-, - ,  31.90 ,Small Cap
3787,Premier Capital Services Ltd.,INE946K01023,PREMCAP,  31.85 ,-, - ,-, - ,  31.85 ,Small Cap
3788,PIOTEX INDUSTRIES LIMITED,INE0R4W01015,PIOTEX,  31.84 ,-, - ,-, - ,  31.84 ,Small Cap
3789,Vivanta Industries Limited,INE299W01022,VIVANTA,  31.77 ,-, - ,-, - ,  31.77 ,Small Cap
3790,Lesha Industries Limited,INE050L01048,LESHAIND,  31.68 ,-, - ,-, - ,  31.68 ,Small Cap
3791,SATTVA SUKUN LIFECARE LIMITED,INE280E01038,SATTVASUKU,  31.62 ,-, - ,-, - ,  31.62 ,Small Cap
3792,Martin Burn Ltd,INE199D01016,MARBU,  31.45 ,-, - ,-, - ,  31.45 ,Small Cap
3793,Chordia Food Products Ltd,INE975C01011,CHORDIA,  31.45 ,-, - ,-, - ,  31.45 ,Small Cap
3794,Chennai Meenakshi Multispeciality Hospital Ltd.,INE889F01017,CMMHOSP,  31.44 ,-, - ,-, - ,  31.44 ,Small Cap
3795,Deco-Mica Ltd.,INE907E01010,DECOMIC,  31.43 ,-, - ,-, - ,  31.43 ,Small Cap
3796,Sulabh Engineers & Services Limited,INE673M01029,SULABEN,  31.42 ,-, - ,-, - ,  31.42 ,Small Cap
3797,Aten Papers & Foam Limited,INE0XCV01014,ATENPAPERS,  31.34 ,-, - ,-, - ,  31.34 ,Small Cap
3798,CITY CROPS AGRO LIMITED,INE0M7501019,CCAL,  31.30 ,-, - ,-, - ,  31.30 ,Small Cap
3799,India Nivesh Limited,INE131H01028,INDIANVSH,  31.25 ,-, - ,-, - ,  31.25 ,Small Cap
3800,Balurghat Technologies Ltd.,INE654B01014,BALTE,  31.20 ,-, - ,-, - ,  31.20 ,Small Cap
3801,RR METALMAKERS INDIA LIMITED,INE117K01013,RRMETAL,  31.17 ,-, - ,-, - ,  31.17 ,Small Cap
3802,Panjon Ltd.,INE744D01019,PANJON,  31.15 ,-, - ,-, - ,  31.15 ,Small Cap
3803,SRI HAVISHA HOSPITALITY AND INFRASTRUCTURE LIMITED,INE293B01029,HAVISHA,  31.13 ,HAVISHA,  31.08 ,-, - ,  31.10 ,Small Cap
3804,Venlon Enterprises Ltd.,INE204D01022,VENLONENT,  31.09 ,-, - ,-, - ,  31.09 ,Small Cap
3805,Poddar Housing and Development Limited,INE888B01018,PODDARHOUS,  31.08 ,-, - ,-, - ,  31.08 ,Small Cap
3806,AHASOLAR TECHNOLOGIES LIMITED,INE0NEV01011,AHASOLAR,  31.04 ,-, - ,-, - ,  31.04 ,Small Cap
3807,PRADHIN LIMITED,INE656B01027,PRADHIN,  31.00 ,-, - ,-, - ,  31.00 ,Small Cap
3808,Yug Decor Limited,INE796W01019,YUG,  30.97 ,-, - ,-, - ,  30.97 ,Small Cap
3809,Poojawestern Metaliks Limited,INE973X01012,POOJA,  30.95 ,-, - ,-, - ,  30.95 ,Small Cap
3810,Goel Food Products Limited,INE0K6L01010,GOEL,  30.94 ,-, - ,-, - ,  30.94 ,Small Cap
3811,KBS INDIA LIMITED,INE883D01023,KBSINDIA,  30.93 ,-, - ,-, - ,  30.93 ,Small Cap
3812,Ashirwad Capital Ltd.,INE894A01026,ASHCAP,  30.92 ,-, - ,-, - ,  30.92 ,Small Cap
3813,PRISMX GLOBAL VENTURES LIMITED,INE286N01028,PRISMX,  30.87 ,-, - ,-, - ,  30.87 ,Small Cap
3814,Phaarmasia Limited.,INE486I01016,PHRMASI,  30.85 ,-, - ,-, - ,  30.85 ,Small Cap
3815,Mahalaxmi Fabric Mills Limited,INE0US801024,MFML,  30.75 ,MFML,  30.52 ,-, - ,  30.63 ,Small Cap
3816,Winro Commercial (India) Ltd.,INE837E01019,WINROC,  30.62 ,-, - ,-, - ,  30.62 ,Small Cap
3817,SRU Steels Limited,INE425C01017,SRUSTEELS,  30.60 ,-, - ,-, - ,  30.60 ,Small Cap
3818,Vama Industries Limited,INE685D01022,VAMA,  30.59 ,-, - ,-, - ,  30.59 ,Small Cap
3819,Hemadri Cements Limited,INE07BK01011,HEMACEM,  30.58 ,-, - ,-, - ,  30.58 ,Small Cap
3820,Sahara HousingFina Corporation Ltd.,INE135C01012,SAHARAHOUS,  30.56 ,-, - ,-, - ,  30.56 ,Small Cap
3821,IVRCL LTD,INE875A01025,IVRCLINFRA,  30.53 ,-, - ,-, - ,  30.53 ,Small Cap
3822,Hindustan Flurocarbons Ltd.,INE806J01013,HINFLUR,  30.47 ,-, - ,-, - ,  30.47 ,Small Cap
3823,Fancy Fittings Limited,INE240F01013,-, - ,-, - ,FFL,  30.43 ,  30.43 ,Small Cap
3824,ARYAVAN ENTERPRISE LIMITED,INE360S01012,ARYAVAN,  30.41 ,-, - ,-, - ,  30.41 ,Small Cap
3825,Patspin India Ltd.,INE790C01014,PATSPINLTD,  30.18 ,-, - ,-, - ,  30.18 ,Small Cap
3826,Hindoostan Mills Ltd.,INE832D01020,HINDMILL,  30.16 ,-, - ,-, - ,  30.16 ,Small Cap
3827,Faalcon Concepts Limited,INE0Q9W01015,FAALCON,  30.14 ,-, - ,-, - ,  30.14 ,Small Cap
3828,Invigorated Business Consulting Limited,INE359A01012,INVIGO,  30.11 ,-, - ,-, - ,  30.11 ,Small Cap
3829,OM METALLOGIC LIMITED,INE0R8Q01018,OML,  30.05 ,-, - ,-, - ,  30.05 ,Small Cap
3830,Popular Estate Management Ltd,INE370C01015,POPULARES,  30.03 ,-, - ,-, - ,  30.03 ,Small Cap
3831,Sonal Adhesives Ltd.,INE344I01017,SONALAD,  29.98 ,-, - ,-, - ,  29.98 ,Small Cap
3832,Mudunuru Limited,INE491C01027,MUDUNURU,  29.98 ,-, - ,-, - ,  29.98 ,Small Cap
3833,Linkson International Limited,INE996E01021,LINKSONI,  29.97 ,-, - ,-, - ,  29.97 ,Small Cap
3834,RSC International Limited,INE015F01019,RSCINT,  29.94 ,-, - ,-, - ,  29.94 ,Small Cap
3835,Aruna Hotels Ltd.,INE957C01019,ARUNAHTEL,  29.86 ,-, - ,-, - ,  29.86 ,Small Cap
3836,Morarjee Textiles Limited,INE161G01027,MORARJEE,  29.91 ,MORARJEE,  29.76 ,-, - ,  29.84 ,Small Cap
3837,Libord Finance Limited,INE212B01011,LIBORDFIN,  29.83 ,-, - ,-, - ,  29.83 ,Small Cap
3838,SANWARIA CONSUMER LIMITED,INE890C01046,SANWARIA,  36.07 ,SANWARIA,  23.52 ,-, - ,  29.79 ,Small Cap
3839,IITL PROJECTS LIMITED,INE786E01018,IITLPROJ,  29.79 ,-, - ,-, - ,  29.79 ,Small Cap
3840,WinPro Industries Limited,INE974C01022,WINPRO,  29.71 ,-, - ,-, - ,  29.71 ,Small Cap
3841,Jagadishwar Pharmaceuticals Works Limited,INE832F01017,-, - ,-, - ,JPWL,  29.70 ,  29.70 ,Small Cap
3842,ACCELERATEBS INDIA LIMITED,INE0POP01017,ACCELERATE,  29.64 ,-, - ,-, - ,  29.64 ,Small Cap
3843,Vertex Securities Ltd.,INE316D01024,VERTEX,  29.64 ,-, - ,-, - ,  29.64 ,Small Cap
3844,Maris Spinners Ltd.,INE866D01010,MARIS,  29.60 ,-, - ,-, - ,  29.60 ,Small Cap
3845,Shree Ganesh Biotech (India) Limited,INE051N01026,SHREEGANES,  29.55 ,-, - ,SHREEGANES,  29.63 ,  29.59 ,Small Cap
3846,Containerway International Limited,INE319U01022,CONTAINER ,  29.53 ,-, - ,-, - ,  29.53 ,Small Cap
3847,Prakash Woollen & Synthetic Mills Ltd ,INE523I01016,PWASML,  29.52 ,-, - ,-, - ,  29.52 ,Small Cap
3848,EPUJA SPIRITECH LIMITED,INE807D01030,EPUJA,  29.51 ,-, - ,-, - ,  29.51 ,Small Cap
3849,Grand Foundry Ltd.,INE534A01028,GFSTEELS,  27.98 ,GFSTEELS,  30.92 ,-, - ,  29.45 ,Small Cap
3850,CELLA SPACE LIMITED,INE266H01014,CELLA,  29.44 ,-, - ,-, - ,  29.44 ,Small Cap
3851,Krupalu Metals Limited,INE0XZB01017,KRUPALU,  29.43 ,-, - ,-, - ,  29.43 ,Small Cap
3852,Khoobsurat Ltd.,INE731G01027,KHOOBSURAT,  29.35 ,-, - ,-, - ,  29.35 ,Small Cap
3853,Kamanwala Housing Construction Ltd,INE344D01018,KAMANWALA,  29.34 ,-, - ,-, - ,  29.34 ,Small Cap
3854,Command Polymers Limited,INE0LKQ01012,COMMAND,  29.31 ,-, - ,-, - ,  29.31 ,Small Cap
3855,JAINEX AAMCOL LTD.,INE280F01019,JAINEX,  29.31 ,-, - ,-, - ,  29.31 ,Small Cap
3856,Standard Batteries Ltd.,INE502C01039,STDBAT,  29.30 ,-, - ,-, - ,  29.30 ,Small Cap
3857,TRANSVOY LOGISTICS INDIA LIMITED,INE0MPU01011,TRANSVOY,  29.28 ,-, - ,-, - ,  29.28 ,Small Cap
3858,Esha Media Research Limited,INE328F01016,ESHAMEDIA,  29.21 ,-, - ,-, - ,  29.21 ,Small Cap
3859,Bombay Wire Ropes Ltd.,INE089T01023,BOMBWIR,  29.16 ,-, - ,-, - ,  29.16 ,Small Cap
3860,Kshitij Polyline Ltd.,INE013801027,-, - ,KSHITIJPOL,  29.14 ,-, - ,  29.14 ,Small Cap
3861,RAPID MULTIMODAL LOGISTICS LIMITED,INE0QA901010,RAPID,  29.11 ,-, - ,-, - ,  29.11 ,Small Cap
3862,Parshwanath Corporation Limited,INE635I01018,PARSHWANA,  29.11 ,-, - ,-, - ,  29.11 ,Small Cap
3863,MPIL CORPORATION LIMITED,INE844C01027,MPILCORPL,  29.11 ,-, - ,-, - ,  29.11 ,Small Cap
3864,ONESOURCE INDUSTRIES AND VENTURES LIMITED,INE125F01032,OIVL,  29.08 ,-, - ,-, - ,  29.08 ,Small Cap
3865,Spenta International Ltd.,INE175C01018,SPENTA,  29.03 ,-, - ,-, - ,  29.03 ,Small Cap
3866,UTIQUE ENTERPRISES LIMITED,INE096A01010,UTIQUE,  28.94 ,-, - ,-, - ,  28.94 ,Small Cap
3867,Glittek Granites Ltd.,INE741B01027,GLITTEKG,  28.93 ,-, - ,-, - ,  28.93 ,Small Cap
3868,KK Shah Hospitals Limited,INE0OH401016,KKSHL,  28.92 ,-, - ,-, - ,  28.92 ,Small Cap
3869,Subhash Silk Mills Ltd.,INE690D01014,SUBSM,  28.91 ,-, - ,-, - ,  28.91 ,Small Cap
3870,BOMBAY TALKIES LIMITED,INE910D01024,BOMTALKIES,  28.91 ,-, - ,-, - ,  28.91 ,Small Cap
3871,Hemang Resources Limited,INE930A01010,HEMANG,  28.73 ,-, - ,-, - ,  28.73 ,Small Cap
3872,Maharashtra Corporation Ltd.,INE272E01027,MAHACORP,  28.72 ,-, - ,-, - ,  28.72 ,Small Cap
3873,Esaar (India) Ltd.,INE404L01039,ESARIND,  28.67 ,-, - ,-, - ,  28.67 ,Small Cap
3874,Dharani Sugars & Chemicals Ltd,INE988C01014,DHARSUGAR,  28.65 ,-, - ,-, - ,  28.65 ,Small Cap
3875,Shree Ram Proteins Ltd.,INE008Z01020,-, - ,SRPL,  28.63 ,-, - ,  28.63 ,Small Cap
3876,Trade Wings Ltd.,INE961E01017,TRADWIN,  28.61 ,-, - ,-, - ,  28.61 ,Small Cap
3877,VIKRAM AROMA LIMITED,INE0NR501012,VIKRAMAR,  28.61 ,-, - ,-, - ,  28.61 ,Small Cap
3878,ARIGATO UNIVERSE LIMITED,INE021N01011,ARIGATO,  28.56 ,-, - ,-, - ,  28.56 ,Small Cap
3879,Intec Capital Limited,INE017E01018,INTECCAP,  28.56 ,-, - ,-, - ,  28.56 ,Small Cap
3880,Asian Tea & Exports Ltd.,INE822B01017,ASIANTNE,  28.47 ,-, - ,-, - ,  28.47 ,Small Cap
3881,Purshottam Investofin Limited,INE729C01020,PURSHOTTAM,  28.36 ,-, - ,-, - ,  28.36 ,Small Cap
3882,Pentokey Organy (India) Ltd.,INE702E01015,PNTKYOR,  28.36 ,-, - ,-, - ,  28.36 ,Small Cap
3883,Kaiser Corporation Limited,INE229G01022,KACL,  28.35 ,-, - ,-, - ,  28.35 ,Small Cap
3884,Jindal Capital Ltd.,INE356F01017,JINDCAP,  28.35 ,-, - ,-, - ,  28.35 ,Small Cap
3885,Jyotirgamya Enterprises Limited,INE805R01018,JEL,  28.33 ,-, - ,-, - ,  28.33 ,Small Cap
3886,Cybele  Industries Limited,INE183D01010,CYBELEIND,  28.24 ,-, - ,-, - ,  28.24 ,Small Cap
3887,U. H. ZAVERI LIMITED,INE556Z01010,UHZAVERI,  28.23 ,-, - ,-, - ,  28.23 ,Small Cap
3888,Stanrose Mafatlal Investments & Fin,INE441L01015,STANROS,  28.22 ,-, - ,-, - ,  28.22 ,Small Cap
3889,Amit Securities Ltd.,INE137E01014,AMITSEC,  28.20 ,-, - ,-, - ,  28.20 ,Small Cap
3890,SMC Credits ltd.,INE440E01012,SMCREDT,  28.19 ,-, - ,-, - ,  28.19 ,Small Cap
3891,Munoth Financial Services Ltd.,INE348D01019,MUNOTHFI,  28.18 ,-, - ,-, - ,  28.18 ,Small Cap
3892,Pan India Corporation Ltd,INE376A01032,PANINDIAC,  28.18 ,-, - ,-, - ,  28.18 ,Small Cap
3893,Earthstahl & Alloys Limited,INE0O4V01010,EARTH,  28.16 ,-, - ,-, - ,  28.16 ,Small Cap
3894,Rajkamal Synthetics Ltd.,INE376L01013,RAJKSYN,  28.15 ,-, - ,-, - ,  28.15 ,Small Cap
3895,VAPI ENTERPRISE LIMITED,INE464D01014,VAPIENTER,  28.14 ,-, - ,-, - ,  28.14 ,Small Cap
3896,Narendra Properties Ltd.,INE603F01012,NARPROP,  28.13 ,-, - ,-, - ,  28.13 ,Small Cap
3897,Manraj Housing Finance Ltd.,INE948I01015,MANRAJH,  28.13 ,-, - ,-, - ,  28.13 ,Small Cap
3898,Hindustan Agrigenetics Ltd.,INE092301014,HINDUST,  28.10 ,-, - ,-, - ,  28.10 ,Small Cap
3899,Saffron Industries Limited,INE474D01013,SAFFRON,  28.03 ,-, - ,-, - ,  28.03 ,Small Cap
3900,Richfield Financial Services Ltd.,INE201C01012,RFSL,  27.90 ,-, - ,-, - ,  27.90 ,Small Cap
3901,Veejay Lakshmi Engineering Works Lt,INE466D01019,VJLAXMIE,  27.89 ,-, - ,-, - ,  27.89 ,Small Cap
3902,Adarsh Plant Project Ltd.,INE627D01016,ADARSHPL,  27.88 ,-, - ,-, - ,  27.88 ,Small Cap
3903,Supreme Engineering Ltd.,INE319Z01021,-, - ,SUPREMEENG,  27.87 ,-, - ,  27.87 ,Small Cap
3904,COLORCHIPS NEW MEDIA LIMITED,INE621I01042,COLORCHIPS,  27.85 ,-, - ,-, - ,  27.85 ,Small Cap
3905,Sunil Agro Foods ltd.,INE224D01012,SUNILAGR,  27.85 ,-, - ,-, - ,  27.85 ,Small Cap
3906,Ajwa Fun World & Resorts Ltd,INE863E01015,AJWAFUN,  27.79 ,-, - ,-, - ,  27.79 ,Small Cap
3907,Blue Chip Tex Industries Ltd.,INE472D01017,BLUECHIPT,  27.78 ,-, - ,-, - ,  27.78 ,Small Cap
3908,7NR Retail Limited,INE413X01035,7NR,  27.78 ,-, - ,-, - ,  27.78 ,Small Cap
3909,Visagar Financial Services Ltd,INE309H01038,VISAGAR,  27.76 ,-, - ,-, - ,  27.76 ,Small Cap
3910,IB Infotech Enterprises Ltd,INE678B01021,IBINFO,  27.74 ,-, - ,-, - ,  27.74 ,Small Cap
3911,Roselabs Finance Ltd.,INE475C01012,ROSELABS,  27.64 ,-, - ,-, - ,  27.64 ,Small Cap
3912,Astron Multigrain Limited,INE0RUY01012,ASTRONMULT,  27.64 ,-, - ,-, - ,  27.64 ,Small Cap
3913,Kartik Investments Trust Ltd.,INE524U01019,KARTKIN,  27.63 ,-, - ,-, - ,  27.63 ,Small Cap
3914,Shree Vatsaa Finance & Leasing Ltd.,INE981C01019,SHVFL,  27.63 ,-, - ,-, - ,  27.63 ,Small Cap
3915,LADDU GOPAL ONLINE SERVICES LIMITED,INE546I01025,LADDU,  27.62 ,-, - ,-, - ,  27.62 ,Small Cap
3916,Maruti Securities Ltd.,INE368C01019,MARUTISE,  27.53 ,-, - ,-, - ,  27.53 ,Small Cap
3917,National General Industries Ltd.,INE654H01011,NATGENI,  27.47 ,-, - ,-, - ,  27.47 ,Small Cap
3918,Mewar Hi-Tech Engineering Limited,INE957U01011,MHEL,  27.44 ,-, - ,-, - ,  27.44 ,Small Cap
3919,Vikas WSP Ltd.,INE706A01022,VIKASWSP,  27.43 ,-, - ,-, - ,  27.43 ,Small Cap
3920,Sanblue Corporation Limited,INE602D01027,SANBLUE,  27.39 ,-, - ,-, - ,  27.39 ,Small Cap
3921,Nirav Commercials Ltd.,INE242B01018,NIRAVCOM,  27.37 ,-, - ,-, - ,  27.37 ,Small Cap
3922,Western Overseas Study Abroad Limited,INE1MF401019,WOSAL,  27.35 ,-, - ,-, - ,  27.35 ,Small Cap
3923,Laffans Petrochemicals Ltd.,INE919B01011,LAFFANSQ,  27.28 ,-, - ,-, - ,  27.28 ,Small Cap
3924,Cochin Malabar Estates & Indus. Ltd,INE788M01017,COCHMAL,  27.27 ,-, - ,-, - ,  27.27 ,Small Cap
3925,Omkar Pharmachem Ltd.,INE501C01015,OMKARPH,  27.22 ,-, - ,-, - ,  27.22 ,Small Cap
3926,KSL AND INDUSTRIES LTD,INE219A01026,KSLIND,  27.18 ,-, - ,-, - ,  27.18 ,Small Cap
3927,TV VISION LIMITED,INE871L01013,TVVISION,  27.29 ,TVVISION,  27.04 ,-, - ,  27.16 ,Small Cap
3928,Add-Shop E-Retail Limited,INE01B501018,ASRL,  27.14 ,-, - ,-, - ,  27.14 ,Small Cap
3929,Desh Rakshak Aushdhalaya Ltd.,INE971E01016,DESHRAK,  27.14 ,-, - ,-, - ,  27.14 ,Small Cap
3930,Mediaone Global Entertainment Limited,INE828I01019,MEDIAONE,  27.01 ,-, - ,-, - ,  27.01 ,Small Cap
3931,APEX CAPITAL AND FINANCE LIMITED,INE758W01019,ACFL,  27.00 ,-, - ,-, - ,  27.00 ,Small Cap
3932,YAAN ENTERPRISES LIMITED,INE969E01010,YAANENT,  26.83 ,-, - ,-, - ,  26.83 ,Small Cap
3933,Umiya Tubes Limited,INE173U01015,UMIYA,  26.76 ,-, - ,-, - ,  26.76 ,Small Cap
3934,Reliable Ventures India Ltd,INE419H01019,RELIABVEN,  26.73 ,-, - ,-, - ,  26.73 ,Small Cap
3935,Sangal Papers Ltd.,INE384D01022,SANPA,  26.70 ,-, - ,-, - ,  26.70 ,Small Cap
3936,Ankit Metal  & Power Limited,INE106I01010,ANKITMETAL,  26.80 ,ANKITMETAL,  26.34 ,-, - ,  26.57 ,Small Cap
3937,Vas Infrastructure  Ltd.,INE192C01013,VASINFRA,  26.54 ,-, - ,-, - ,  26.54 ,Small Cap
3938,Zenith Fibres Limited,INE106C01013,ZENIFIB,  26.50 ,-, - ,-, - ,  26.50 ,Small Cap
3939,Iykot Hitech Toolroom Ltd,INE079L01013,IYKOTHITE,  26.46 ,-, - ,-, - ,  26.46 ,Small Cap
3940,Vinyoflex Ltd.,INE526H01011,VINYOFL,  26.40 ,-, - ,-, - ,  26.40 ,Small Cap
3941,Logic Infotech Limited,INE566F01011,-, - ,-, - ,LOGICINFO,  26.40 ,  26.40 ,Small Cap
3942,Response Informatics Limited,INE401B01010,RESPONSINF,  26.39 ,-, - ,-, - ,  26.39 ,Small Cap
3943,Transgene Biotek Ltd.,INE773D01018,TRABI,  26.36 ,-, - ,-, - ,  26.36 ,Small Cap
3944,Vrundavan Plantation Limited,INE0Q6901013,VPL,  26.34 ,-, - ,-, - ,  26.34 ,Small Cap
3945,Sanginita Chemicals Ltd.,INE753W01010,-, - ,SANGINITA,  26.34 ,-, - ,  26.34 ,Small Cap
3946,Bloom Industries Ltd,INE373E01015,BLOIN,  26.32 ,-, - ,-, - ,  26.32 ,Small Cap
3947,Navigant Corporate Advisors Limited,INE364T01012,NAVIGANT,  26.28 ,-, - ,-, - ,  26.28 ,Small Cap
3948,Ema India Ltd.,INE279D01016,EMAINDIA,  26.27 ,-, - ,-, - ,  26.27 ,Small Cap
3949,AA Plus Tradelink Limited,INE0C5901022,AAPLUSTRAD,  26.26 ,-, - ,-, - ,  26.26 ,Small Cap
3950,INDONG TEA COMPANY LIMITED,INE0KN201016,INDONG,  26.25 ,-, - ,-, - ,  26.25 ,Small Cap
3951,ACE MEN ENGG WORKS LIMITED,INE023R01018,ACEMEN,  26.13 ,-, - ,-, - ,  26.13 ,Small Cap
3952,LWS Knitwear Ltd,INE281M01013,LWSKNIT,  26.12 ,-, - ,-, - ,  26.12 ,Small Cap
3953,Mega Nirman & Industries Limited,INE216Q01010,MNIL,  26.04 ,-, - ,-, - ,  26.04 ,Small Cap
3954,Senthil Infotek Limited,INE564B01015,SENINFO,  26.00 ,-, - ,-, - ,  26.00 ,Small Cap
3955,MAGNUS STEEL AND INFRA LIMITED,INE898E01011,MAGNUS,  25.97 ,-, - ,-, - ,  25.97 ,Small Cap
3956,UR SUGAR INDUSTRIES LIMITED,INE904R01027,URSUGAR,  25.96 ,-, - ,-, - ,  25.96 ,Small Cap
3957,KJMC Corporate Advisors (India) Ltd.,INE602C01011,KJMCCORP,  25.93 ,-, - ,-, - ,  25.93 ,Small Cap
3958,Comfort Commotrade Limited,INE456N01019,COMCL,  25.89 ,-, - ,-, - ,  25.89 ,Small Cap
3959,Mansi Finance (Chennai) Ltd,INE094E01017,MANSIFIN,  25.86 ,-, - ,-, - ,  25.86 ,Small Cap
3960,Shree Bhavya Fabrics Limited,INE363D01018,SBFL,  25.84 ,-, - ,-, - ,  25.84 ,Small Cap
3961,Enbee Trade & Finance Ltd.,INE993I01029,ENBETRD,  25.73 ,-, - ,-, - ,  25.73 ,Small Cap
3962,Prima Industries Ltd.,INE723N01012,PRIMAIN,  25.71 ,-, - ,-, - ,  25.71 ,Small Cap
3963,Adeshwar Meditex Limited,INE0H8J01015,ADESHWAR,  25.69 ,-, - ,-, - ,  25.69 ,Small Cap
3964,Gujarat Raffia Ind. Ltd.,INE610B01024,GUJRAFFIA,  25.78 ,GUJRAFFIA,  25.55 ,-, - ,  25.66 ,Small Cap
3965,Shoora Designs Limited,INE0OJZ01019,SHOORA,  25.64 ,-, - ,-, - ,  25.64 ,Small Cap
3966,Mega Fin (India) Ltd.,INE524D01015,MEGFI,  25.58 ,-, - ,-, - ,  25.58 ,Small Cap
3967,BLT Logistics Limited,INE0W4K01013,BLT,  25.58 ,-, - ,-, - ,  25.58 ,Small Cap
3968,Hipolin Ltd.,INE963A01011,HIPOLIN,  25.57 ,-, - ,-, - ,  25.57 ,Small Cap
3969,Global Capital Markets Ltd.,INE062C01042,GLOBALCA,  25.54 ,-, - ,-, - ,  25.54 ,Small Cap
3970,The Delhi Safe Deposit Company Limited,INE639Y01017,-, - ,-, - ,DELHISAFE,  25.49 ,  25.49 ,Small Cap
3971,Ganodaya Finlease Limited,INE917C01013,-, - ,-, - ,GANODAYA,  25.45 ,  25.45 ,Small Cap
3972,KMG Milk Food Limited,INE873N01015,KMGMILK,  25.44 ,-, - ,-, - ,  25.44 ,Small Cap
3973,Mercator Limited,INE934B01028,MERCATOR,  25.41 ,-, - ,-, - ,  25.41 ,Small Cap
3974,GRAMEVA LIMITED,INE578R01011,GRAMEVA,  25.35 ,-, - ,-, - ,  25.35 ,Small Cap
3975,Triumph International Finance India,INE382B01012,TRIUMPIN,  25.22 ,-, - ,-, - ,  25.22 ,Small Cap
3976,Easun Capital Markets Limited,INE771C01014,EASUN,  25.17 ,-, - ,-, - ,  25.17 ,Small Cap
3977,G-TEC Jainx Education Ltd.,INE586X01012,-, - ,GTECJAINX,  25.16 ,-, - ,  25.16 ,Small Cap
3978,dynamic Archistructures Limited,INE874E01012,DAL,  24.99 ,-, - ,-, - ,  24.99 ,Small Cap
3979,Naturewings Holidays Limited,INE0N4701016,NHL,  24.89 ,-, - ,-, - ,  24.89 ,Small Cap
3980,Miven Machine Tools Ltd.,INE338P01014,MIVENMACH,  24.87 ,-, - ,-, - ,  24.87 ,Small Cap
3981,Quadrant Televentures Limited,INE527B01020,QUADRANT,  24.81 ,-, - ,-, - ,  24.81 ,Small Cap
3982,Raw Edge Industrial Solutions Limited,INE960Z01014,RAWEDGE,  24.80 ,-, - ,-, - ,  24.80 ,Small Cap
3983,Triton Corp. Ltd.,INE982C01033,TRITON,  24.79 ,-, - ,-, - ,  24.79 ,Small Cap
3984,K-Lifestyle & Industries Limited,INE218A01028,KLIFESTYL,  24.72 ,-, - ,-, - ,  24.72 ,Small Cap
3985,Dr. Fresh Assets Limited,INE412A01019,-, - ,-, - ,DRFRESH,  24.68 ,  24.68 ,Small Cap
3986,SBEC Systems (Ind) Ltd.,INE689V01018,SBECSYS,  24.66 ,-, - ,-, - ,  24.66 ,Small Cap
3987,Inducto Steels ltd.,INE146H01018,INDCTST,  24.65 ,-, - ,-, - ,  24.65 ,Small Cap
3988,Vaxfab Enterprises Limited,INE560T01015,VEL,  24.61 ,-, - ,-, - ,  24.61 ,Small Cap
3989,Ace Integrated Solutions Ltd.,INE543V01017,-, - ,ACEINTEG,  24.57 ,-, - ,  24.57 ,Small Cap
3990,Arcotech Limited (Formerly SKS Ltd),INE574I01035,ARCOTECH,  24.57 ,-, - ,-, - ,  24.57 ,Small Cap
3991,SAWACA ENTERPRISES LIMITED,INE248B01023,SAWACA,  24.54 ,-, - ,-, - ,  24.54 ,Small Cap
3992,GDL Leasing & Finance ltd.,INE545E01018,GDLLEAS,  24.48 ,-, - ,-, - ,  24.48 ,Small Cap
3993,Karuturi Global Limited,INE299C01024,KGL,  24.47 ,-, - ,-, - ,  24.47 ,Small Cap
3994,JHS SVENDGAARD RETAIL VENTURES LIMITED,INE03DD01011,RETAIL,  24.71 ,RETAIL,  24.16 ,-, - ,  24.44 ,Small Cap
3995,Global Longlife Hospital and Research Limited,INE0J2K01014,GLHRL,  24.40 ,-, - ,-, - ,  24.40 ,Small Cap
3996,EASY FINCORP LIMITED,INE407F01018,EASYFIN,  24.26 ,-, - ,-, - ,  24.26 ,Small Cap
3997,MIL INDUSTRIES & AEROSPACE LIMITED,INE02ZJ01013,-, - ,-, - ,MILIAIND,  24.18 ,  24.18 ,Small Cap
3998,KSK Energy Ventures  Limited,INE143H01015,KSK,  24.17 ,-, - ,-, - ,  24.17 ,Small Cap
3999,Veer Energy & Infrastructure Limited,INE255E01030,VEERENRGY,  24.16 ,-, - ,-, - ,  24.16 ,Small Cap
4000,Scan Projects Ltd,INE393D01015,SCANPRO,  24.09 ,-, - ,-, - ,  24.09 ,Small Cap
4001,Shahi Shipping Limited,INE825D01016,SHAHISHIP,  24.06 ,-, - ,-, - ,  24.06 ,Small Cap
4002,Abirami Financial Services (India),INE195I01013,ABIRAFN,  24.00 ,-, - ,-, - ,  24.00 ,Small Cap
4003,Cindrella Hotels Ltd.,INE908C01012,CINDHO,  23.91 ,-, - ,-, - ,  23.91 ,Small Cap
4004,Modern Steels Limited,INE001F01019,MDRNSTL,  23.86 ,-, - ,-, - ,  23.86 ,Small Cap
4005,SVS VENTURES LIMITED,INE0MID01012,SVS,  23.85 ,-, - ,-, - ,  23.85 ,Small Cap
4006,NDA Securities ltd.,INE026C01013,NDASEC,  23.80 ,-, - ,-, - ,  23.80 ,Small Cap
4007,Benara Bearings and Pistons Limited,INE495Z01011,BENARA,  23.77 ,-, - ,-, - ,  23.77 ,Small Cap
4008,KCL Infra Projects Limited,INE469F01026,KCLINFRA,  23.71 ,-, - ,-, - ,  23.71 ,Small Cap
4009,Intertec Technologies Limited,INE137B01010,-, - ,-, - ,INTERTEC,  23.70 ,  23.70 ,Small Cap
4010,Palm Jewels Limited,INE838Z01012,PALMJEWELS,  23.65 ,-, - ,-, - ,  23.65 ,Small Cap
4011,Blue Chip India Ltd,INE657B01025,BLUECHIP,  24.58 ,BLUECHIP,  22.64 ,-, - ,  23.61 ,Small Cap
4012,Greencrest Financial Services Limited,INE414C01045,GREENCREST,  23.59 ,-, - ,-, - ,  23.59 ,Small Cap
4013,Spentex Industries Ltd.,INE376C01020,SPENTEX,  23.43 ,-, - ,-, - ,  23.43 ,Small Cap
4014,Cil Securities Ltd.,INE830A01012,CILSEC,  23.43 ,-, - ,-, - ,  23.43 ,Small Cap
4015,KCD INDUSTRIES INDIA LIMITED,INE185U01035,KCDGROUP,  23.37 ,-, - ,-, - ,  23.37 ,Small Cap
4016,Raghunath Tobacco Co. Ltd.,INE754B01012,RAGHUTOB,  23.29 ,-, - ,-, - ,  23.29 ,Small Cap
4017,Best Eastern Hotels Limited,INE553F01035,BESTEAST,  23.29 ,-, - ,-, - ,  23.29 ,Small Cap
4018,Aagam Capital Limited,INE817D01013,AAGAMCAP,  23.25 ,-, - ,-, - ,  23.25 ,Small Cap
4019,Bijoy Hans Ltd,INE491D01017,BIJHANS,  23.02 ,-, - ,-, - ,  23.02 ,Small Cap
4020,CONTAINE TECHNOLOGIES LIMITED,INE0M8901010,CONTAINE,  23.00 ,-, - ,-, - ,  23.00 ,Small Cap
4021,FAMILY CARE HOSPITALS LIMITED,INE146N01016,FAMILYCARE,  22.96 ,-, - ,-, - ,  22.96 ,Small Cap
4022,Kotia Enterprises Limited,INE079C01012,KEL,  22.95 ,-, - ,KEL,  22.95 ,  22.95 ,Small Cap
4023,Cargosol Logistics Limited,INE0KZM01011,CARGOSOL,  22.93 ,-, - ,-, - ,  22.93 ,Small Cap
4024,Vaxtex Cotfab Ltd.,INE098201036,-, - ,VCL,  22.93 ,-, - ,  22.93 ,Small Cap
4025,Paragon Finance Ltd.,INE015E01012,PARAGONF,  22.90 ,-, - ,-, - ,  22.90 ,Small Cap
4026,RAUNAQ INTERNATIONAL LIMITED,INE523K01012,RAUNAQ,  22.89 ,-, - ,-, - ,  22.89 ,Small Cap
4027,INFRONICS SYSTEMS LIMITED,INE463B01036,INFRONICS,  22.87 ,-, - ,-, - ,  22.87 ,Small Cap
4028,TTI Enterprise Limited,INE404F01031,TTIENT,  22.76 ,-, - ,-, - ,  22.76 ,Small Cap
4029,Visagar Polytex Ltd,INE370E01029,VIVIDHA,  22.80 ,VIVIDHA,  22.67 ,-, - ,  22.73 ,Small Cap
4030,Amalgamated Electricity Co. Ltd.,INE492N01022,AMALGAM,  22.72 ,-, - ,-, - ,  22.72 ,Small Cap
4031,Howard Hotels Limited,INE931B01016,HOWARHO,  22.66 ,-, - ,-, - ,  22.66 ,Small Cap
4032,Polo Hotels Ltd.,INE084C01012,POLOHOT,  22.66 ,-, - ,-, - ,  22.66 ,Small Cap
4033,Taparia Tools Ltd.,INE614R01014,TAPARIA,  22.65 ,-, - ,-, - ,  22.65 ,Small Cap
4034,DRA CONSULTANTS LIMITED,INE746V01016,DRA,  22.63 ,-, - ,-, - ,  22.63 ,Small Cap
4035,Machhar Industries Limited,INE01BT01015,MACIND,  22.62 ,-, - ,-, - ,  22.62 ,Small Cap
4036,Ishita Drugs & Industries Ltd.,INE806D01016,ISHITADR,  22.59 ,-, - ,-, - ,  22.59 ,Small Cap
4037,Helpage Finlease Ltd.,INE738P01015,HELPAGE,  22.58 ,-, - ,-, - ,  22.58 ,Small Cap
4038,VIRTUAL GLOBAL EDUCATION LTD.,INE247C01023,VIRTUALG,  22.57 ,-, - ,-, - ,  22.57 ,Small Cap
4039,Tulasee Bio-Ethanol Ltd.,INE276N01011,TULASEEBIOE,  22.56 ,-, - ,-, - ,  22.56 ,Small Cap
4040,Pulsar International Limited,INE183U01022,PULSRIN,  22.55 ,-, - ,-, - ,  22.55 ,Small Cap
4041,Jay Kailash Namkeen Limited,INE0MSS01019,JAYKAILASH,  22.55 ,-, - ,-, - ,  22.55 ,Small Cap
4042,Eastern Silk Industries Limited,INE962C01035,EASTSILK,  14.60 ,EASTSILK,  30.48 ,-, - ,  22.54 ,Small Cap
4043,TGIF AGRIBUSINESS LIMITED,INE0SMU01015,TGIF,  22.54 ,-, - ,-, - ,  22.54 ,Small Cap
4044,Innovative Ideals and Services (India) Limited,INE492Y01011,INNOVATIVE,  22.51 ,-, - ,-, - ,  22.51 ,Small Cap
4045,Heads UP Ventures Limited,INE759V01019,HEADSUP,  22.40 ,HEADSUP,  22.35 ,-, - ,  22.38 ,Small Cap
4046,Shree Securities Ltd.,INE397C01026,SHREESEC,  22.37 ,-, - ,-, - ,  22.37 ,Small Cap
4047,Abhishek Finlease limited,INE723C01015,ABHIFIN,  22.36 ,-, - ,-, - ,  22.36 ,Small Cap
4048,Balaji Agro Oils Limited,INE049E01011,-, - ,-, - ,BALAJIAGRO,  22.32 ,  22.32 ,Small Cap
4049,PlatinumOne Business Services Limited,INE0DTJ01015,POBS ,  22.28 ,-, - ,-, - ,  22.28 ,Small Cap
4050,CRYSTAL BUSINESS SYSTEM LIMITED,INE994R01028,CRYSTAL,  22.27 ,-, - ,CRYSTAL,  22.27 ,  22.27 ,Small Cap
4051,Chitrakut Holdings Limited,INE228E01011,-, - ,-, - ,CHITRAKUT,  22.25 ,  22.25 ,Small Cap
4052,Ace Stone Craft Limited,INE026E01019,-, - ,-, - ,ACESTONE,  22.20 ,  22.20 ,Small Cap
4053,MIL Industries Limited,INE651L01019,-, - ,-, - ,MILIND,  22.03 ,  22.03 ,Small Cap
4054,NEELKANTH LIMITED,INE581D01015,NEELKANTH,  22.02 ,-, - ,-, - ,  22.02 ,Small Cap
4055,KISAAN PARIVAR INDUSTRIES LIMITED,INE102C01020,KISAAN,  21.99 ,-, - ,-, - ,  21.99 ,Small Cap
4056,Vamshi Rubber Ltd.,INE380C01014,VAMSHIRU,  21.98 ,-, - ,-, - ,  21.98 ,Small Cap
4057,SSPDL Limited,INE838C01011,SSPDL,  21.92 ,-, - ,-, - ,  21.92 ,Small Cap
4058,Olympia Industries Ltd.,INE482O01021,OLYMPTX,  21.91 ,-, - ,-, - ,  21.91 ,Small Cap
4059,N.D.Metal Industries Ltd,INE643D01013,NDMETAL,  21.91 ,-, - ,-, - ,  21.91 ,Small Cap
4060,White Organic Retail Limited,INE06CG01019,WORL,  21.85 ,-, - ,-, - ,  21.85 ,Small Cap
4061,Oswal Minerals Limited,INE469B01017,-, - ,-, - ,OSWALMIN,  21.82 ,  21.82 ,Small Cap
4062,H.S.India Ltd.,INE731B01010,HOTLSILV,  21.82 ,-, - ,-, - ,  21.82 ,Small Cap
4063,Alfavision Overseas (India) Ltd.,INE883B01027,ALFAVIO,  21.80 ,-, - ,-, - ,  21.80 ,Small Cap
4064,Technopack Polymers Limited,INE0MXP01015,TECHNOPACK,  21.77 ,-, - ,-, - ,  21.77 ,Small Cap
4065,SHARANAM INFRAPROJECT AND TRADING LIMITED,INE104S01022,SIPTL,  21.75 ,-, - ,-, - ,  21.75 ,Small Cap
4066,TECHINDIA NIRMAN LIMITED,INE778A01021,TECHIN,  21.73 ,-, - ,-, - ,  21.73 ,Small Cap
4067,HAMPS BIO LIMITED,INE0QBD01018,HAMPS,  21.72 ,-, - ,-, - ,  21.72 ,Small Cap
4068,RAP CORP LIMITED,INE483D01014,RAP,  21.68 ,-, - ,-, - ,  21.68 ,Small Cap
4069,Caprolactam Chemicals ltd.,INE470N01010,CAPRO,  21.65 ,-, - ,-, - ,  21.65 ,Small Cap
4070,Davin Sons Retail Limited,INE0Q2L01013,DAVIN,  21.59 ,-, - ,-, - ,  21.59 ,Small Cap
4071,AMIN TANNERY LIMITED,INE572Z01017,AMINTAN,  21.56 ,-, - ,-, - ,  21.56 ,Small Cap
4072,Niks Technology Limited,INE0GX601011,NIKSTECH,  21.48 ,-, - ,-, - ,  21.48 ,Small Cap
4073,NAPS Global India Limited,INE0VNH01014,NAPSGLOBAL,  21.45 ,-, - ,-, - ,  21.45 ,Small Cap
4074,Suncare Traders Limited,INE452S01025,SCTL,  21.40 ,-, - ,-, - ,  21.40 ,Small Cap
4075,Zenith Health Care Ltd.,INE812B01026,ZENITHHE,  21.39 ,-, - ,-, - ,  21.39 ,Small Cap
4076,Steel Strips Infrastructures Limited,INE205F01016,STLSTRINF,  21.37 ,-, - ,-, - ,  21.37 ,Small Cap
4077,Scarnose International Limited,INE0IXR01019,SCARNOSE,  21.35 ,-, - ,-, - ,  21.35 ,Small Cap
4078,SPML India Limited,INE103F01013,-, - ,-, - ,SPMLINDIA,  21.35 ,  21.35 ,Small Cap
4079,York Exports Ltd.,INE057Q01018,YORKEXP,  21.30 ,-, - ,-, - ,  21.30 ,Small Cap
4080,Kachchh Minerals Ltd.,INE059E01010,KACHCHH,  21.26 ,-, - ,-, - ,  21.26 ,Small Cap
4081,O. P. Chains Limited,INE118Q01018,OPCHAINS,  21.24 ,-, - ,-, - ,  21.24 ,Small Cap
4082,Asian Petroproducts & Exports Ltd.,INE810M01019,ASINPET,  21.22 ,-, - ,-, - ,  21.22 ,Small Cap
4083,Madhusudan Industries Ltd.,INE469C01023,MADHUDIN,  21.21 ,-, - ,-, - ,  21.21 ,Small Cap
4084,Jonjua Overseas Limited,INE793Z01027,JONJUA,  21.19 ,-, - ,-, - ,  21.19 ,Small Cap
4085,GOBLIN INDIA LIMITED,INE492Z01018,GOBLIN,  21.18 ,-, - ,-, - ,  21.18 ,Small Cap
4086,NMS RESOURCES GLOBAL LIMITED,INE169F01014,NMSRESRC,  21.18 ,-, - ,NMSRESRC,  21.17 ,  21.17 ,Small Cap
4087,Svarnim Trade Udyog Limited,INE730R01042,SNIM,  38.49 ,-, - ,SVARNIM,  3.85 ,  21.17 ,Small Cap
4088,Konark Synthetics  Ltd,INE517D01019,KONARKSY,  21.16 ,-, - ,-, - ,  21.16 ,Small Cap
4089,Step Two Corporation Ltd.,INE623D01015,STEP2COR,  21.15 ,-, - ,-, - ,  21.15 ,Small Cap
4090,Futura Polyesters Ltd.,INE564A01017,FUTURAPOLY,  21.13 ,-, - ,-, - ,  21.13 ,Small Cap
4091,RITA FINANCE AND LEASING LIMITED,INE018S01016,RFLL,  21.08 ,-, - ,RFLL,  21.08 ,  21.08 ,Small Cap
4092,SHARPLINE BROADCAST LIMITED,INE647W01014,SHARPLINE,  21.07 ,-, - ,SHARPLINE,  21.07 ,  21.07 ,Small Cap
4093,Frontline Corporation Limited,INE092D01013,FRONTCORP,  21.04 ,-, - ,-, - ,  21.04 ,Small Cap
4094,NEOPOLITAN PIZZA AND FOODS LIMITED,INE471R01019,NPFL,  21.02 ,-, - ,-, - ,  21.02 ,Small Cap
4095,PDP Shipping & Projects Limited,INE0ABU01016,PSPL,  21.00 ,-, - ,-, - ,  21.00 ,Small Cap
4096,STEPHANOTIS FINANCE LIMITED,INE902L01016,STEPHANOTIS,  20.95 ,-, - ,-, - ,  20.95 ,Small Cap
4097,NEERAJ PAPER MARKETING LIMITED,INE894J01019,NEERAJ,  20.94 ,-, - ,-, - ,  20.94 ,Small Cap
4098,Max heights Infrastucture Ltd,INE393F01010,MAXHEIGHTS,  20.91 ,-, - ,-, - ,  20.91 ,Small Cap
4099,Pan Electronics India Ltd.,INE648E01010,PANELEC,  20.91 ,-, - ,-, - ,  20.91 ,Small Cap
4100,Valson Industries Ltd.,INE808A01018,VALSONQ,  20.89 ,-, - ,-, - ,  20.89 ,Small Cap
4101,Swarna Securities Ltd.,INE595G01018,SWRNASE,  20.87 ,-, - ,-, - ,  20.87 ,Small Cap
4102,Indo Cotspin Limited,INE407P01017,ICL,  20.73 ,-, - ,-, - ,  20.73 ,Small Cap
4103,Jayshree Chemicals Ltd.,INE693E01016,JAYCH,  20.71 ,-, - ,-, - ,  20.71 ,Small Cap
4104,Akash Agro Industries Limited,INE513G01011,-, - ,-, - ,AKASHAGRO,  20.70 ,  20.70 ,Small Cap
4105,KALLAM TEXTILES LTD,INE629F01025,KALLAM,  20.68 ,-, - ,-, - ,  20.68 ,Small Cap
4106,Hi-Klass Trading and Investment Limited,INE302R01024,HIKLASS,  20.64 ,-, - ,-, - ,  20.64 ,Small Cap
4107,PANTH INFINITY LIMITED,INE945O01019,PANTH,  20.59 ,-, - ,-, - ,  20.59 ,Small Cap
4108,Chrome Silicon Limited,INE114E01013,CHROME,  20.59 ,-, - ,-, - ,  20.59 ,Small Cap
4109,CROISSANCE LIMITED,INE587J01027,CROISSANCE,  20.56 ,-, - ,-, - ,  20.56 ,Small Cap
4110,Niraj Ispat Industries Ltd.,INE326T01011,-, - ,NIRAJISPAT,  20.49 ,-, - ,  20.49 ,Small Cap
4111,GSB Finance Ltd.,INE777C01011,GSBFIN,  20.47 ,-, - ,-, - ,  20.47 ,Small Cap
4112,Bothra Metals & Alloys Limited,INE583M01012,BMAL,  20.43 ,-, - ,-, - ,  20.43 ,Small Cap
4113,Rishabh Digha Steel And Allied Prod,INE864D01015,RISHDIGA,  20.39 ,-, - ,-, - ,  20.39 ,Small Cap
4114,Benchmark Computer Solutions Limited,INE0Q2Z01013,BENCHMARK,  20.35 ,-, - ,-, - ,  20.35 ,Small Cap
4115,Harish Textile Engineers Limited,INE01K301012,HARISH,  20.26 ,-, - ,-, - ,  20.26 ,Small Cap
4116,Jai Mata Glass Ltd.,INE250C01027,JAIMATAG,  20.23 ,-, - ,-, - ,  20.23 ,Small Cap
4117,K.S.Oils Ltd.,INE727D01022,KSOILS,  20.20 ,-, - ,-, - ,  20.20 ,Small Cap
4118,Gajanan Securities Services Ltd.,INE868G01019,GAJANANSEC,  20.20 ,-, - ,-, - ,  20.20 ,Small Cap
4119,Rapid Investments Ltd.,INE154M01012,RAPIDIN,  20.14 ,-, - ,-, - ,  20.14 ,Small Cap
4120,Getalong Enterprise Limited,INE0H1201020,GETALONG,  20.13 ,-, - ,-, - ,  20.13 ,Small Cap
4121,Rishabh Special Yarns Ltd,INE351D01013,RISHYRN,  20.13 ,-, - ,-, - ,  20.13 ,Small Cap
4122,PRO CLB GLOBAL LIMITED,INE438C01010,PROCLB,  20.07 ,-, - ,-, - ,  20.07 ,Small Cap
4123,Regent Enterprises Limited,INE769D01016,REGENTRP,  20.04 ,-, - ,-, - ,  20.04 ,Small Cap
4124,Ventura Textiles Ltd.,INE810C01044,VENTURA,  20.01 ,-, - ,-, - ,  20.01 ,Small Cap
4125,Tai Industries Ltd.,INE358D01018,TAIIND,  20.01 ,-, - ,-, - ,  20.01 ,Small Cap
4126,KDJ Holidayscapes and Resorts Limited,INE089E01025,KDJHRL,  19.95 ,-, - ,-, - ,  19.95 ,Small Cap
4127,PANABYTE TECHNOLOGIES LIMITED,INE516E01019,PANABYTE,  19.94 ,-, - ,-, - ,  19.94 ,Small Cap
4128,Classic Filaments Limited,INE181U01018,CFL,  19.93 ,-, - ,-, - ,  19.93 ,Small Cap
4129,Yogi Sung-won (India) Ltd.,INE429B01011,YOGISUNG,  19.84 ,-, - ,-, - ,  19.84 ,Small Cap
4130,VISHVPRABHA VENTURES LIMITED,INE762D01011,VISVEN,  19.82 ,-, - ,-, - ,  19.82 ,Small Cap
4131,Hotahoti Wood Products Limited,INE925E01012,-, - ,-, - ,HOTAHOTI,  19.80 ,  19.80 ,Small Cap
4132,Organic Coatings Ltd.,INE412E01011,ORGCOAT,  19.79 ,-, - ,-, - ,  19.79 ,Small Cap
4133,Adhbhut Infrastructure Ltd.,INE578L01014,ADHBHUTIN,  19.78 ,-, - ,-, - ,  19.78 ,Small Cap
4134,Harmony Capital Services Ltd.,INE264N01017,HRMNYCP,  19.77 ,-, - ,-, - ,  19.77 ,Small Cap
4135,TIJARIA POLYPIPES LIMITED,INE440L01017,TIJARIA,  19.71 ,TIJARIA,  19.65 ,-, - ,  19.68 ,Small Cap
4136,Zenlabs Ethica Limited,INE546F01013,ZENLABS,  19.68 ,-, - ,-, - ,  19.68 ,Small Cap
4137,Hisar Spinning Mills Ltd,INE689E01014,HISARSP,  19.65 ,-, - ,-, - ,  19.65 ,Small Cap
4138,Sarda Proteins Ltd,INE995U01011,SRDAPRT,  19.61 ,-, - ,-, - ,  19.61 ,Small Cap
4139,EP BIOCOMPOSITES LIMITED,INE0D2I01014,EPBIO,  19.60 ,-, - ,-, - ,  19.60 ,Small Cap
4140,Amrapali Capital and Finance Services Limited,INE218P01018,ACFSL,  19.60 ,-, - ,-, - ,  19.60 ,Small Cap
4141,Silly Monks Entertainment Ltd.,INE203Y01012,-, - ,SILLYMONKS,  19.55 ,-, - ,  19.55 ,Small Cap
4142,ECS Biztech Limited,INE925Q01024,ECS,  19.53 ,-, - ,-, - ,  19.53 ,Small Cap
4143,Shree Metalloys Limited,INE914B01012,SHREMETAL,  19.53 ,-, - ,-, - ,  19.53 ,Small Cap
4144,S. M. Gold Limited,INE00Q901014,SMGOLD,  19.52 ,-, - ,-, - ,  19.52 ,Small Cap
4145,BHARAT BHUSHAN FINANCE & COMMODITY BROKERS LIMITED,INE900A01013,BHARAT,  19.48 ,-, - ,-, - ,  19.48 ,Small Cap
4146,Brisk Technovision Limited,INE0Q6L01014,BRISK,  19.46 ,-, - ,-, - ,  19.46 ,Small Cap
4147,Neo Infracon Ltd.,INE216I01017,NEOINFRA,  19.46 ,-, - ,-, - ,  19.46 ,Small Cap
4148,VARYAA CREATIONS LIMITED,INE0R6801013,VARYAA,  19.42 ,-, - ,-, - ,  19.42 ,Small Cap
4149,Duncans Industries Ltd.,INE508A01022,DUNCANSLTD,  19.37 ,-, - ,-, - ,  19.37 ,Small Cap
4150,MSR India Limited,INE331L01026,MSRINDIA,  19.35 ,-, - ,-, - ,  19.35 ,Small Cap
4151,Kaarya Facilities and Services Limited,INE282Y01016,KAARYAFSL,  19.32 ,-, - ,-, - ,  19.32 ,Small Cap
4152,Samyak International Limited,INE607G01011,SAMYAKINT,  19.30 ,-, - ,-, - ,  19.30 ,Small Cap
4153,Uniinfo Telecom Services Ltd.,INE481Z01011,-, - ,UNIINFO,  19.30 ,-, - ,  19.30 ,Small Cap
4154,JET SOLAR LIMITED,INE155R01018,JETSOLAR,  19.23 ,-, - ,-, - ,  19.23 ,Small Cap
4155,Trans-Freight Containers Ltd.,INE360D01014,TRANSFRE,  19.21 ,-, - ,-, - ,  19.21 ,Small Cap
4156,MFL India Ltd,INE244C01020,MFLINDIA,  19.21 ,-, - ,-, - ,  19.21 ,Small Cap
4157,Consecutive Investments & Trading Company Limited,INE187R01029,CITL,  19.20 ,-, - ,-, - ,  19.20 ,Small Cap
4158,Shricon Industries Ltd.,INE753D01010,SHRICON,  19.11 ,-, - ,-, - ,  19.11 ,Small Cap
4159,Jaipan Industries Ltd,INE058D01030,JAIPAN,  19.08 ,-, - ,-, - ,  19.08 ,Small Cap
4160,Paramount Cosmetics (India) Ltd,INE143I01013,PARMCOS-B,  18.96 ,-, - ,-, - ,  18.96 ,Small Cap
4161,ADHATA GLOBAL LIMITED,INE586D01014,ADHHATA,  18.96 ,-, - ,-, - ,  18.96 ,Small Cap
4162,Times Green Energy (India) Limited,INE0B6101012,TIMESGREEN,  18.92 ,-, - ,-, - ,  18.92 ,Small Cap
4163,Lakshmi Overseas Industries Ltd.,INE992B01026,LAKSHMIO,  18.89 ,-, - ,-, - ,  18.89 ,Small Cap
4164,L.K.MEHTA POLYMERS LIMITED,INE0FFF01017,LKMEHTA,  18.80 ,-, - ,-, - ,  18.80 ,Small Cap
4165,SK International Export Limited,INE04ST01013,SKIEL,  18.77 ,-, - ,-, - ,  18.77 ,Small Cap
4166,Natural Biocon (India) Limited,INE06MM01016,NATURAL ,  18.77 ,-, - ,-, - ,  18.77 ,Small Cap
4167,SHANGAR DECOR LIMITED,INE118R01032,SHANGAR,  18.76 ,-, - ,-, - ,  18.76 ,Small Cap
4168,Meyer Apparel Limited,INE100C01024,MAL,  18.68 ,-, - ,-, - ,  18.68 ,Small Cap
4169,Darshan Orna Limited,INE671T01028,DARSHANORNA,  18.66 ,-, - ,-, - ,  18.66 ,Small Cap
4170,IND Renewable Energy Ltd,INE138O01029,INDRENEW,  18.60 ,-, - ,-, - ,  18.60 ,Small Cap
4171,Franklin Leasing and Finance Limited,INE399S01010,FRANKLIN,  18.58 ,-, - ,-, - ,  18.58 ,Small Cap
4172,Lypsa Gems & Jewellery Limited,INE142K01011,LYPSAGEMS,  18.61 ,LYPSAGEMS,  18.53 ,-, - ,  18.57 ,Small Cap
4173,Educomp Solutions Ltd,INE216H01027,EDUCOMP,  18.55 ,EDUCOMP,  18.56 ,-, - ,  18.56 ,Small Cap
4174,Sangrahalaya Timber & Crafts Limited,INE932E01018,-, - ,-, - ,STCL,  18.51 ,  18.51 ,Small Cap
4175,Inter State Oil Carrier Ltd,INE003B01014,INTSTOIL,  18.48 ,-, - ,-, - ,  18.48 ,Small Cap
4176,Gujarat Lease Financing Limited,INE540A01017,GLFL,  19.02 ,GLFL,  17.93 ,-, - ,  18.48 ,Small Cap
4177,The Patna Electric Supply Co. Limited,INE901E01021,-, - ,-, - ,PATNAELECT,  18.47 ,  18.47 ,Small Cap
4178,Salguti Industries Ltd.,INE159C01012,SALGUTI,  18.40 ,-, - ,-, - ,  18.40 ,Small Cap
4179,Citichem India Limited,INE0A8401016,CITICHEM,  18.39 ,-, - ,-, - ,  18.39 ,Small Cap
4180,ACI Infocom Ltd.,INE167B01025,ACIIN,  18.38 ,-, - ,-, - ,  18.38 ,Small Cap
4181,Orosil Smiths India Limited,INE628B01034,OROSMITHS,  18.38 ,-, - ,-, - ,  18.38 ,Small Cap
4182,Marg Ltd,INE941E01019,MARG,  18.35 ,-, - ,-, - ,  18.35 ,Small Cap
4183,Mukat Pipes Limited,INE862C01029,MUKATPIP,  18.34 ,-, - ,-, - ,  18.34 ,Small Cap
4184,Frontier Capital Limited,INE977E01013,FRONTCAP,  18.33 ,-, - ,-, - ,  18.33 ,Small Cap
4185,Prism Finance Ltd.,INE429Q01019,PRISMFN,  18.33 ,-, - ,-, - ,  18.33 ,Small Cap
4186,Velan Hotels Ltd.,INE548D01014,VELHO,  18.32 ,-, - ,-, - ,  18.32 ,Small Cap
4187,PBA INFRASTRUCTURE LTD.,INE160H01019,PBAINFRA,  18.32 ,-, - ,-, - ,  18.32 ,Small Cap
4188,Square Four Projects India Limited,INE716K01020,SFPIL,  18.26 ,-, - ,-, - ,  18.26 ,Small Cap
4189,Swasth Foodtech India Limited,INE0TIR01017,SWASTH,  18.24 ,-, - ,-, - ,  18.24 ,Small Cap
4190,Krishna Ventures Limited,INE537L01010,KRISHNA,  18.22 ,-, - ,-, - ,  18.22 ,Small Cap
4191,Novateor Research Laboratories Limited,INE08JY01013,NOVATEOR,  18.22 ,-, - ,-, - ,  18.22 ,Small Cap
4192,Adinath Textiles Ltd.,INE207C01019,ADINATH,  18.21 ,-, - ,-, - ,  18.21 ,Small Cap
4193,G.k.Consultants Ltd.,INE131D01019,GKCONS,  18.20 ,-, - ,-, - ,  18.20 ,Small Cap
4194,COSYN Limited,INE029B01019,COSYN,  18.19 ,-, - ,-, - ,  18.19 ,Small Cap
4195,Cityman Limited,INE117C01010,CITYMAN,  18.17 ,-, - ,-, - ,  18.17 ,Small Cap
4196,Onelife Capital Advisors Ltd,INE912L01015,ONELIFECAP,  18.21 ,ONELIFECAP,  18.09 ,-, - ,  18.15 ,Small Cap
4197,Shiva Granito Export Limited,INE191V01015,SHIVAEXPO,  18.15 ,-, - ,-, - ,  18.15 ,Small Cap
4198,Gilada Finance & Investments Ltd.,INE918C01029,GILADAFINS,  18.12 ,-, - ,-, - ,  18.12 ,Small Cap
4199,STARSOURCE MULTITRADE LIMITED,INE320M01019,STARSOURCE,  18.11 ,-, - ,-, - ,  18.11 ,Small Cap
4200,Chandni Machines Limited,INE01GZ01011,CHANDNIMACH,  18.09 ,-, - ,-, - ,  18.09 ,Small Cap
4201,VIKAS PROPPANT & GRANITE LTD.,INE767B01022,VIKASPROP,  18.06 ,-, - ,-, - ,  18.06 ,Small Cap
4202,Integrated Proteins Ltd.,INE177M01013,INTEGFD,  18.04 ,-, - ,-, - ,  18.04 ,Small Cap
4203,DJS Stock & Shares Ltd.,INE234E01027,DJSSS,  18.04 ,-, - ,-, - ,  18.04 ,Small Cap
4204,Compuage Infocom Ltd,INE070C01037,COMPINFO,  18.18 ,COMPINFO,  17.89 ,-, - ,  18.03 ,Small Cap
4205,Solid Stone Company Ltd.,INE584G01012,SOLIDSTON,  18.02 ,-, - ,-, - ,  18.02 ,Small Cap
4206,Jetmall Spices and Masala Limited,INE0D9X01018,JETMALL,  18.01 ,-, - ,-, - ,  18.01 ,Small Cap
4207,Chambal Breweries & Distilleries Li,INE417N01011,CHMBBRW,  18.01 ,-, - ,-, - ,  18.01 ,Small Cap
4208,NCC Bluewater Products Ltd.,INE630N01019,NCCBLUE,  17.98 ,-, - ,-, - ,  17.98 ,Small Cap
4209,Lippi Systems Ltd.,INE845B01018,LIPPISYS,  17.94 ,-, - ,-, - ,  17.94 ,Small Cap
4210,Ashiana Ispat Limited,INE587D01012,ASHIS,  17.94 ,-, - ,-, - ,  17.94 ,Small Cap
4211,Decillion Finance Ltd.,INE848N01017,DFL,  17.92 ,-, - ,-, - ,  17.92 ,Small Cap
4212,Daulat Securities Ltd.,INE108C01019,DAULAT,  17.92 ,-, - ,-, - ,  17.92 ,Small Cap
4213,Shashwat Furnishing Solutions Limited,INE0JMN01019,SFSL,  17.90 ,-, - ,-, - ,  17.90 ,Small Cap
4214,HB Leasing & Finance Co. Ltd.,INE549B01016,HBLEAS,  17.87 ,-, - ,-, - ,  17.87 ,Small Cap
4215,Golden Legand Leasing & Finance Ltd,INE088E01019,GOLDLEG,  17.81 ,-, - ,-, - ,  17.81 ,Small Cap
4216,Kandagiri Spinning Mills Ltd.,INE292D01019,KANDAGIRI,  17.81 ,-, - ,-, - ,  17.81 ,Small Cap
4217,Kumar Autocast Limited,INE168U01015,-, - ,-, - ,KUMARAUTO,  17.79 ,  17.79 ,Small Cap
4218,LABELKRAFT TECHNOLOGIES LIMITED,INE0NLJ01011,LABELKRAFT,  17.79 ,-, - ,-, - ,  17.79 ,Small Cap
4219,Tokyo Finance Ltd.,INE546D01018,TOKYOFIN,  17.79 ,-, - ,-, - ,  17.79 ,Small Cap
4220,Creative Merchants Limited,INE896P01011,CML,  17.75 ,-, - ,-, - ,  17.75 ,Small Cap
4221,Mish Designs Limited,INE0QI101019,MISHDESIGN,  17.73 ,-, - ,-, - ,  17.73 ,Small Cap
4222,NPR Finance Ltd.,INE446D01011,NPRFIN,  17.72 ,-, - ,-, - ,  17.72 ,Small Cap
4223,Vivaa Tradecom Limited,INE0PA601017,VIVAA,  17.71 ,-, - ,-, - ,  17.71 ,Small Cap
4224,Mihika Industries Ltd.,INE779Q01017,MIHIKA,  17.70 ,-, - ,-, - ,  17.70 ,Small Cap
4225,Sterling Powergensys Limited,INE067E01013,STERPOW,  17.70 ,-, - ,-, - ,  17.70 ,Small Cap
4226,HCKK Ventures Limited,INE345Q01017,HCKKVENTURE,  17.64 ,-, - ,-, - ,  17.64 ,Small Cap
4227,Quasar India Limited,INE855P01041,QUASAR,  17.50 ,-, - ,-, - ,  17.50 ,Small Cap
4228,V R FILMS & STUDIOS LIMITED,INE06LG01010,VRFILMS,  17.49 ,-, - ,-, - ,  17.49 ,Small Cap
4229,S & T Corporation Limited,INE110Q01023,STCORP,  17.44 ,-, - ,-, - ,  17.44 ,Small Cap
4230,White Organic Agro Limited,INE146C01019,WHITEORG,  17.40 ,-, - ,-, - ,  17.40 ,Small Cap
4231,DHYAANI TRADEVENTTURES LIMITED,INE0K5F01014,DHYAANITR,  17.38 ,-, - ,-, - ,  17.38 ,Small Cap
4232,Tasty Dairy Specialities Limited,INE773Y01014,TDSL,  17.36 ,-, - ,-, - ,  17.36 ,Small Cap
4233,Uniroyal Industries Ltd,INE980D01019,UNIROYAL,  17.35 ,-, - ,-, - ,  17.35 ,Small Cap
4234,Gautam Gems Limited,INE063Z01017,GGL,  17.34 ,-, - ,-, - ,  17.34 ,Small Cap
4235,TCI Finance Limited,INE911B01018,TCIFINANCE,  17.34 ,TCIFINANCE,  17.32 ,-, - ,  17.33 ,Small Cap
4236,DALMIA INDUSTRIAL DEVELOPMENT LIMITED,INE642P01019,DIDL,  17.07 ,-, - ,DIDL,  17.50 ,  17.29 ,Small Cap
4237,Vasudhagama Enterprises Limited,INE583K01016,VASUDHAGAM,  17.22 ,-, - ,-, - ,  17.22 ,Small Cap
4238,Impex Ferro tech Ltd.,INE691G01015,IMPEXFERRO,  17.25 ,IMPEXFERRO,  17.19 ,-, - ,  17.22 ,Small Cap
4239,Karnavati Finance Limited,INE554R01020,KARNAVATI,  17.19 ,-, - ,-, - ,  17.19 ,Small Cap
4240,Pratibha Industries Ltd.,INE308H01022,PRATIBHA,  17.18 ,-, - ,-, - ,  17.18 ,Small Cap
4241,RADAAN MEDIAWORKS (I) LIMITED,INE874F01027,RADAAN,  14.73 ,RADAAN,  19.54 ,-, - ,  17.13 ,Small Cap
4242,Bazel International Limited,INE217E01014,BAZELINTER,  17.12 ,-, - ,-, - ,  17.12 ,Small Cap
4243,Samtex Fashions Ltd.,INE931D01020,SAMTEX,  17.12 ,-, - ,-, - ,  17.12 ,Small Cap
4244,Yash Management & Satellite Ltd.,INE216B01012,YASHMGM,  17.12 ,-, - ,-, - ,  17.12 ,Small Cap
4245,Anuroop Packaging Limited,INE490Z01012,ANUROOP,  17.10 ,-, - ,-, - ,  17.10 ,Small Cap
4246,Shyamkamal Investments Ltd.,INE203N01015,SHYMINV,  17.10 ,-, - ,-, - ,  17.10 ,Small Cap
4247,Amrapali Fincap Limited,INE990S01016,AMRAFIN,  17.10 ,-, - ,-, - ,  17.10 ,Small Cap
4248,Shree Salasar Investment Ltd.,INE315N01017,SALSAIN,  17.08 ,-, - ,-, - ,  17.08 ,Small Cap
4249,S.I.Capital And Financial Services,INE417F01017,SICAPIT,  17.04 ,-, - ,-, - ,  17.04 ,Small Cap
4250,Cubical Financial Services Ltd.,INE717D01023,CUBIFIN,  17.03 ,-, - ,-, - ,  17.03 ,Small Cap
4251,Tarini International Limited,INE849M01017,TARINI,  17.01 ,-, - ,-, - ,  17.01 ,Small Cap
4252,TRADEWELL HOLDINGS LIMITED,INE819G01012,TRADEWELL,  16.96 ,-, - ,-, - ,  16.96 ,Small Cap
4253,Shree Karthik Papers Ltd.,INE538D01015,SHKARTP,  16.91 ,-, - ,-, - ,  16.91 ,Small Cap
4254,Darjeeling Ropeway Company Limited,INE830S01014,DARJEELING,  16.90 ,-, - ,-, - ,  16.90 ,Small Cap
4255,Sovereign Diamonds Ltd,INE959D01013,SOVERDIA,  16.85 ,-, - ,-, - ,  16.85 ,Small Cap
4256,Sarvottam Finvest Limited,INE822Q01015,SARVOTTAM,  16.85 ,-, - ,-, - ,  16.85 ,Small Cap
4257,Radha Madhav Corporation Ltd.,INE172H01014,RMCL,  16.84 ,-, - ,-, - ,  16.84 ,Small Cap
4258,PARMESHWARI SILK MILLS LIMITED,INE808R01012,PARMSILK,  16.81 ,-, - ,-, - ,  16.81 ,Small Cap
4259,Antarctica Ltd.,INE414B01021,-, - ,ANTGRAPHIC,  16.80 ,-, - ,  16.80 ,Small Cap
4260,Eastern Treads Ltd.,INE500D01015,EASTRED,  16.77 ,-, - ,-, - ,  16.77 ,Small Cap
4261,Avax Apparels and Ornaments Limited,INE0NQ401016,AVAX,  16.72 ,-, - ,-, - ,  16.72 ,Small Cap
4262,Fone4 Communications (India) Limited,INE0L3H01014,FONE4,  16.72 ,-, - ,-, - ,  16.72 ,Small Cap
4263,Advance Petrochemicals Ltd.,INE334N01018,ADVPETR-B,  16.69 ,-, - ,-, - ,  16.69 ,Small Cap
4264,Garware Marine Industries Ltd.,INE925D01014,GARWAMAR,  16.67 ,-, - ,-, - ,  16.67 ,Small Cap
4265,BGIL Films & Technologies Ltd,INE443D01018,BGIL,  16.67 ,-, - ,-, - ,  16.67 ,Small Cap
4266,Moongipa Capital Finance Ltd.,INE153K01018,MONGIPA,  16.64 ,-, - ,-, - ,  16.64 ,Small Cap
4267,Dhillon Freight Carrier Limited,INE0SPJ01011,DHILLON,  16.60 ,-, - ,-, - ,  16.60 ,Small Cap
4268,Lynx Machinery & Commercials Ltd.,INE732D01014,LYNMC,  16.60 ,-, - ,-, - ,  16.60 ,Small Cap
4269,BKV Industries Ltd.,INE356C01022,BKV,  16.54 ,-, - ,-, - ,  16.54 ,Small Cap
4270,Sagar Diamonds Limited,INE146Y01013,SAGAR,  16.44 ,-, - ,-, - ,  16.44 ,Small Cap
4271,Norris Medicines Ltd.,INE744C01029,NORRIS,  16.41 ,-, - ,-, - ,  16.41 ,Small Cap
4272,Asia Pack Ltd.,INE784M01016,ASIAPAK,  16.40 ,-, - ,-, - ,  16.40 ,Small Cap
4273,Vanta Bioscience Limited,INE695X01011,VANTABIO,  16.40 ,-, - ,-, - ,  16.40 ,Small Cap
4274,JMD Ventures Limited,INE047E01031,JMDVL,  16.36 ,-, - ,-, - ,  16.36 ,Small Cap
4275,Sangam Health Care Products Ltd.,INE431E01011,SANHP,  16.35 ,-, - ,-, - ,  16.35 ,Small Cap
4276,Kunststoffe Industries Ltd.,INE638D01021,KUNSTOFF,  16.31 ,-, - ,-, - ,  16.31 ,Small Cap
4277,United Credit ltd.,INE858C01027,UNITDCR,  16.31 ,-, - ,-, - ,  16.31 ,Small Cap
4278,GROARC INDUSTRIES INDIA LIMITED,INE042B01012,GROARC,  16.30 ,-, - ,-, - ,  16.30 ,Small Cap
4279,Muller & Phipps (India) Ltd.,INE003F01015,MULLER,  16.23 ,-, - ,-, - ,  16.23 ,Small Cap
4280,Duke Offshore Ltd.,INE397G01019,DUKEOFS,  16.19 ,-, - ,-, - ,  16.19 ,Small Cap
4281,Willard India Ltd.,INE481D01018,WILLARD,  16.18 ,-, - ,-, - ,  16.18 ,Small Cap
4282,Resourceful Automobile Limited,INE0SK201011,RAL,  16.12 ,-, - ,-, - ,  16.12 ,Small Cap
4283,Switching Technologies Gunther Ltd.,INE311D01017,SWITCHTE,  16.09 ,-, - ,-, - ,  16.09 ,Small Cap
4284,Ras Resorts & Apart Hotels Ltd.,INE651D01016,RASRESOR,  16.08 ,-, - ,-, - ,  16.08 ,Small Cap
4285,R.J. Shah & Co. Ltd.,INE712Z01019,RJSHAH,  16.05 ,-, - ,-, - ,  16.05 ,Small Cap
4286,Advance Lifestyles Ltd.,INE900E01015,ADVLIFE,  16.00 ,-, - ,-, - ,  16.00 ,Small Cap
4287,South Asian Enteprises Ltd.,INE118B01010,SAENTER,  15.98 ,-, - ,-, - ,  15.98 ,Small Cap
4288,United Interactive Limited,INE706D01018,UNITEDINT,  15.97 ,-, - ,-, - ,  15.97 ,Small Cap
4289,Continental Chemicals Ltd.,INE423K01015,CONTCHM,  15.97 ,-, - ,-, - ,  15.97 ,Small Cap
4290,GCM Securities Limited,INE168O01026,GCMSECU,  15.93 ,-, - ,-, - ,  15.93 ,Small Cap
4291,Sibar Auto Parts Ltd.,INE441C01014,SIBARAUT,  15.84 ,-, - ,-, - ,  15.84 ,Small Cap
4292,SRG FINGROW FINANCE LIMITED,INE326P01019,SRGFFL,  15.84 ,-, - ,-, - ,  15.84 ,Small Cap
4293,Triveni Glass Ltd.,INE094C01011,TRIVENIGQ,  15.81 ,-, - ,-, - ,  15.81 ,Small Cap
4294,Neil Industries Ltd.,INE396C01010,NEIL,  15.78 ,-, - ,-, - ,  15.78 ,Small Cap
4295,Patback Business Limited,INE401L01019,-, - ,-, - ,PATBACK,  15.78 ,  15.78 ,Small Cap
4296,Photon Capital Advisors Ltd,INE107J01016,PHOTON,  15.78 ,-, - ,-, - ,  15.78 ,Small Cap
4297,Golechha Global Finance Ltd.,INE427D01011,GOLECHA,  15.75 ,-, - ,-, - ,  15.75 ,Small Cap
4298,Kahan Packaging Limited,INE04T901017,KAHAN,  15.74 ,-, - ,-, - ,  15.74 ,Small Cap
4299,Bihariji Ispat Udyog Limited,INE073F01018,-, - ,-, - ,BIUL,  15.71 ,  15.71 ,Small Cap
4300,Mehta Securities Ltd.,INE241B01010,MEHSECU,  15.70 ,-, - ,-, - ,  15.70 ,Small Cap
4301,Adishakti Loha and Ispat Limited,INE0CWK01019,ADISHAKTI,  15.70 ,-, - ,-, - ,  15.70 ,Small Cap
4302,INNOKAIZ INDIA LIMITED,INE0LDI01022,INNOKAIZ,  15.67 ,-, - ,-, - ,  15.67 ,Small Cap
4303,Fedders Electric and Engineering Limited,INE249C01011,FEDDERELEC,  15.63 ,-, - ,-, - ,  15.63 ,Small Cap
4304,SRM Energy Limited,INE173J01018,SRMENERGY,  15.62 ,-, - ,-, - ,  15.62 ,Small Cap
4305,Vijay Textiles Ltd.,INE256G01033,VIJAYTX,  15.60 ,-, - ,-, - ,  15.60 ,Small Cap
4306,Prag Bosimi Synthetics Ltd.,INE962B01011,PRAGBOS,  15.57 ,-, - ,-, - ,  15.57 ,Small Cap
4307,Satra Properties(India) Ltd,INE086E01021,SATRAPROP,  15.52 ,-, - ,-, - ,  15.52 ,Small Cap
4308,Raj Packaging Industries Ltd.,INE639C01013,RAJPACK,  15.49 ,-, - ,-, - ,  15.49 ,Small Cap
4309,Link Pharma Chem Ltd.,INE302F01011,LINKPH,  15.44 ,-, - ,-, - ,  15.44 ,Small Cap
4310,Starlite Global Enterprises (India) Limited,INE870X01010,-, - ,-, - ,SGEL,  15.43 ,  15.43 ,Small Cap
4311,BNR Udyog Ltd.,INE355C01016,BNRUDY,  15.38 ,-, - ,-, - ,  15.38 ,Small Cap
4312,Rajasthan Petro Synthetics Ltd.,INE374C01017,RAJSPTR,  15.38 ,-, - ,-, - ,  15.38 ,Small Cap
4313,Vivid Global Industries Limited,INE737C01023,VIVIDIND,  15.37 ,-, - ,-, - ,  15.37 ,Small Cap
4314,Creative Eye Ltd.,INE230B01021,CREATIVEYE,  15.43 ,CREATIVEYE,  15.26 ,-, - ,  15.34 ,Small Cap
4315,Shyam Telecom Ltd.,INE635A01023,SHYAMTEL,  15.36 ,SHYAMTEL,  15.31 ,-, - ,  15.33 ,Small Cap
4316,Emmessar Biotech & Nutrition Ltd.,INE634B01016,EMMESSA,  15.33 ,-, - ,-, - ,  15.33 ,Small Cap
4317,Integrated Capital Services Ltd,INE682B01023,ICSL,  15.32 ,-, - ,-, - ,  15.32 ,Small Cap
4318,Jackson Investments Limited,INE508N01025,JACKSON,  15.32 ,-, - ,-, - ,  15.32 ,Small Cap
4319,TIAAN CONSUMER LIMITED,INE864T01011,TIAANC,  15.32 ,-, - ,-, - ,  15.32 ,Small Cap
4320,Perfect-Octave Media Projects Ltd,INE814L01013,OCTAVE,  15.30 ,-, - ,-, - ,  15.30 ,Small Cap
4321,GSL Securities Ltd.,INE721D01017,GSLSEC,  15.28 ,-, - ,-, - ,  15.28 ,Small Cap
4322,STELLAR CAPITAL SERVICES LIMITED,INE325P01011,STELLAR,  15.26 ,-, - ,-, - ,  15.26 ,Small Cap
4323,Kkalpana Plastick Limited,INE465K01016,KKPLASTICK,  15.23 ,-, - ,-, - ,  15.23 ,Small Cap
4324,Kenrik Industries Limited,INE0AOG01018,KENRIK,  15.22 ,-, - ,-, - ,  15.22 ,Small Cap
4325,Laffan Software Limited,INE991F01011,-, - ,-, - ,LAFFANSOFT,  15.22 ,  15.22 ,Small Cap
4326,Coastal Roadways Ltd.,INE229E01019,COARO,  15.17 ,-, - ,-, - ,  15.17 ,Small Cap
4327,Computer Point Ltd.,INE607B01012,COMPUPN,  15.15 ,-, - ,-, - ,  15.15 ,Small Cap
4328,Rajdarshan Industries Ltd.,INE610C01014,ARENTERP,  15.31 ,ARENTERP,  14.99 ,-, - ,  15.15 ,Small Cap
4329,Credifin Limited,INE405N01016,-, - ,-, - ,CRED,  15.14 ,  15.14 ,Small Cap
4330,MT EDUCARE LIMITED,INE472M01018,MTEDUCARE,  15.36 ,MTEDUCARE,  14.87 ,-, - ,  15.12 ,Small Cap
4331,NEW LIGHT INDUSTRIES LIMITED,INE835U01027,NEWLIGHT,  15.11 ,-, - ,-, - ,  15.11 ,Small Cap
4332, Arrowhead Seperation Engineering Limited,INE0PP401015,ARROWHEAD,  15.11 ,-, - ,-, - ,  15.11 ,Small Cap
4333,Octavius Plantations Limited,INE117S01016,OCTAVIUSPL,  15.11 ,-, - ,-, - ,  15.11 ,Small Cap
4334,SIMPLEX MILLS COMPANY LIMITED,INE457H01027,SIMPLXMIL,  15.08 ,-, - ,-, - ,  15.08 ,Small Cap
4335,Maitri Enterprises Limited,INE501L01024,MAITRI,  15.06 ,-, - ,-, - ,  15.06 ,Small Cap
4336,Thakral Services (India) Limited,INE190F01028,THAKRAL,  15.03 ,-, - ,-, - ,  15.03 ,Small Cap
4337,Gyan Developers & Builders Ltd.,INE487G01018,GYANDEV,  15.02 ,-, - ,-, - ,  15.02 ,Small Cap
4338,Econo Trade (India) Limited,INE937K01014,ETIL,  15.02 ,-, - ,-, - ,  15.02 ,Small Cap
4339,Sai Industries Ltd.,INE213S01013,SAINDUS,  15.00 ,-, - ,-, - ,  15.00 ,Small Cap
4340,SHRYDUS INDUSTRIES LIMITED,INE488C01015,SHRYDUS,  14.95 ,-, - ,-, - ,  14.95 ,Small Cap
4341,Interworld Digital Ltd.,INE177D01020,INTERDIGI,  14.92 ,-, - ,-, - ,  14.92 ,Small Cap
4342,Sumeru Industries Ltd.,INE764B01029,SUMERUIND,  14.91 ,-, - ,-, - ,  14.91 ,Small Cap
4343,Garbi Finvest Limited,INE721C01019,GARBIFIN,  14.91 ,-, - ,-, - ,  14.91 ,Small Cap
4344,Rander Corporation Ltd.,INE821D01031,RANDER,  14.89 ,-, - ,-, - ,  14.89 ,Small Cap
4345,Eurotex Industries & Exports Ltd.,INE022C01012,EUROTEXIND,  15.43 ,EUROTEXIND,  14.24 ,-, - ,  14.84 ,Small Cap
4346,Shree Manufacturing Co. Ltd.,INE632A01012,SHRMFGC,  14.83 ,-, - ,-, - ,  14.83 ,Small Cap
4347,Euphoria Infotech (India) Limited,INE0PYT01018,EUPHORIAIT,  14.76 ,-, - ,-, - ,  14.76 ,Small Cap
4348,Gemstone Investments Ltd.,INE503D01027,GEMSI,  14.76 ,-, - ,-, - ,  14.76 ,Small Cap
4349,Mehta Integrated Finance Ltd.,INE240B01012,MEHIF,  14.75 ,-, - ,-, - ,  14.75 ,Small Cap
4350,Seasons Textiles Ltd,INE707B01010,SEASONST,  14.75 ,-, - ,-, - ,  14.75 ,Small Cap
4351,Avasara Finance Limited,INE759D01017,AVASARA,  14.72 ,-, - ,-, - ,  14.72 ,Small Cap
4352,Natraj Proteins Ltd.,INE444D01016,NATRAJPR,  14.71 ,-, - ,-, - ,  14.71 ,Small Cap
4353,Mahip Industries Limited,INE00CX01017,MAHIP,  14.70 ,-, - ,-, - ,  14.70 ,Small Cap
4354,India Lease Devl. Ltd.,INE333C01013,INDLEASE,  14.69 ,-, - ,-, - ,  14.69 ,Small Cap
4355,POPEES CARES LIMITED,INE149B01015,POPEES,  14.68 ,-, - ,-, - ,  14.68 ,Small Cap
4356,Asian Warehousing Limited,INE04Z101016,ASIAN,  14.67 ,-, - ,-, - ,  14.67 ,Small Cap
4357,KOURA FINE DIAMOND JEWELRY LIMITED,INE0M8R01011,KOURA,  14.64 ,-, - ,-, - ,  14.64 ,Small Cap
4358,Shirpur Gold Refinery Ltd.,INE196B01016,SHIRPUR-G,  14.63 ,-, - ,-, - ,  14.63 ,Small Cap
4359,Ekennis Software Service Limited,INE0KCM01010,EKENNIS,  14.61 ,-, - ,-, - ,  14.61 ,Small Cap
4360,Sree chem Resins Ltd,INE377C01010,SRECR,  14.60 ,-, - ,-, - ,  14.60 ,Small Cap
4361,G. K. P. Printing & Packaging Limited,INE05QJ01015,GKP,  14.59 ,-, - ,-, - ,  14.59 ,Small Cap
4362,Diggi Multitrade Limited,INE158R01012,DML,  14.58 ,-, - ,-, - ,  14.58 ,Small Cap
4363,Usha Martin Education & Solutions Limited,INE240C01028,UMESLTD,  14.58 ,UMESLTD,  14.55 ,-, - ,  14.57 ,Small Cap
4364,Univa Foods Limited,INE275F01019,UNIVAFOODS,  10.64 ,UNIVAFOODS,  18.40 ,-, - ,  14.52 ,Small Cap
4365,Gala Global Products Limited,INE480S01026,GGPL,  14.47 ,-, - ,-, - ,  14.47 ,Small Cap
4366,Ind-Agiv Commerce Ltd.,INE115E01010,INDAGIV,  14.42 ,-, - ,-, - ,  14.42 ,Small Cap
4367,Milestone Furniture Limited,INE424Z01011,MILEFUR,  14.40 ,-, - ,-, - ,  14.40 ,Small Cap
4368,R.R.Securities Ltd.,INE474H01014,RRSECUR,  14.39 ,-, - ,-, - ,  14.39 ,Small Cap
4369,Globe Commercials Limited,INE804Q01013,GLCL,  15.97 ,-, - ,GLOBE,  12.80 ,  14.38 ,Small Cap
4370,Sterling Green  Woods  Limited,INE398F01019,STRGRENWO,  14.38 ,-, - ,-, - ,  14.38 ,Small Cap
4371,Sanghvi Brands Limited,INE204Y01010,SBRANDS,  14.34 ,-, - ,-, - ,  14.34 ,Small Cap
4372,Beryl Securities Ltd,INE508J01015,BERYLSE,  14.30 ,-, - ,-, - ,  14.30 ,Small Cap
4373,TRUSTWAVE SECURITIES LIMITED,INE668Y01016,TRUSTWAVE,  14.26 ,-, - ,-, - ,  14.26 ,Small Cap
4374,VK Global Industries Limited,INE758B01013,VKGLOBAL,  14.21 ,-, - ,-, - ,  14.21 ,Small Cap
4375,Span Divergent Limited,INE004E01016,SDL,  14.21 ,-, - ,-, - ,  14.21 ,Small Cap
4376,Marshall Machines Ltd.,INE00SZ01018,-, - ,MARSHALL,  14.19 ,-, - ,  14.19 ,Small Cap
4377,TeleCanor Global Limited,INE381G01013,TELECANOR,  14.19 ,-, - ,-, - ,  14.19 ,Small Cap
4378,Eastern Gases Limited,INE846C01014,EASTERNGAS,  14.15 ,-, - ,-, - ,  14.15 ,Small Cap
4379,Anglo-French Drugs & Industries Limited,INE570E01016,-, - ,-, - ,AFDIL,  14.14 ,  14.14 ,Small Cap
4380,ANS Limited,INE234J01018,ANSINDUS,  14.13 ,-, - ,-, - ,  14.13 ,Small Cap
4381,Venmax Drugs And Pharmaceuticals Ltd,INE154G01022,VENMAX,  14.11 ,-, - ,-, - ,  14.11 ,Small Cap
4382,Sri Nachammai Cotton Mills Ltd.,INE443E01016,SRINACHA,  14.11 ,-, - ,-, - ,  14.11 ,Small Cap
4383,B.C. Power Controls Limited,INE905P01028,BCP,  14.08 ,-, - ,-, - ,  14.08 ,Small Cap
4384,ACE ENGITECH LIMITED,INE035401020,ACEENGITEC,  14.07 ,-, - ,-, - ,  14.07 ,Small Cap
4385,Galaxy Agrico Exports Ltd.,INE803L01016,GALAGEX,  14.07 ,-, - ,-, - ,  14.07 ,Small Cap
4386,SHIVAMSHREE BUSINESSES LIMITED,INE857P01021,SBL,  14.06 ,-, - ,-, - ,  14.06 ,Small Cap
4387,CHPL Industries Ltd.,INE714Q01014,CHPLIND,  14.05 ,-, - ,-, - ,  14.05 ,Small Cap
4388,Globale Tessile Limited,INE0URU01010,GLOBALE,  14.06 ,GLOBALE,  13.96 ,-, - ,  14.01 ,Small Cap
4389,Bil Energy Systems Limited,INE607L01029,BILENERGY,  13.95 ,-, - ,-, - ,  13.95 ,Small Cap
4390,Gian Life Care Limited,INE063601012,GIANLIFE,  13.90 ,-, - ,-, - ,  13.90 ,Small Cap
4391,First Custodian Fund (India) Ltd.,INE609B01018,1STCUS,  13.89 ,-, - ,-, - ,  13.89 ,Small Cap
4392,Winsome Yarns Ltd.,INE784B01035,WINSOME,  13.97 ,WINSOME,  13.69 ,-, - ,  13.83 ,Small Cap
4393,Tarai Foods Ltd.,INE906C01016,TARAI,  13.81 ,-, - ,-, - ,  13.81 ,Small Cap
4394,Yunik Managing Advisors Limited,INE143K01019,YUNIKM,  13.81 ,-, - ,-, - ,  13.81 ,Small Cap
4395,Kalyani Commercials Ltd.,INE610E01010,-, - ,KALYANI,  13.78 ,-, - ,  13.78 ,Small Cap
4396,Adcon Capital Services Limited,INE805Q01028,ADCON,  13.78 ,-, - ,-, - ,  13.78 ,Small Cap
4397,SHARP INVESTMENTS LTD,INE909D01026,SHARPINV,  13.69 ,-, - ,-, - ,  13.69 ,Small Cap
4398,DISHA RESOURCES LIMITED,INE193D01019,DRL,  13.68 ,-, - ,-, - ,  13.68 ,Small Cap
4399,Associated Coaters Limited,INE0RIQ01013,ASSOCIATED ,  13.67 ,-, - ,-, - ,  13.67 ,Small Cap
4400,Aroma Enterprises (India) Ltd.,INE371M01012,AROMAENT,  13.67 ,-, - ,-, - ,  13.67 ,Small Cap
4401,TEJASSVI AAHARAM LIMITED,INE173E01019,TEJASSVI,  13.66 ,-, - ,-, - ,  13.66 ,Small Cap
4402,Kiran Print-Pack Ltd.,INE516D01011,KIRANPR,  13.61 ,-, - ,-, - ,  13.61 ,Small Cap
4403,Velox Shipping and Logistics Limited,INE092P01017,VELOX,  13.56 ,-, - ,-, - ,  13.56 ,Small Cap
4404,Agarwal Duplex Board Mills Limited,INE290T01027,-, - ,-, - ,ADBML,  13.50 ,  13.50 ,Small Cap
4405,Fruition Venture Limited,INE836C01015,FRUTION,  13.49 ,-, - ,-, - ,  13.49 ,Small Cap
4406,Gujarat Investa Ltd.,INE373D01017,GUJINV,  13.43 ,-, - ,-, - ,  13.43 ,Small Cap
4407,JMG Corporation Ltd,INE745F01011,JMGCORP,  13.41 ,-, - ,-, - ,  13.41 ,Small Cap
4408,Indergiri Finance ltd.,INE628F01019,INDERGR,  13.39 ,-, - ,-, - ,  13.39 ,Small Cap
4409,JINDAL LEASEFIN LIMITED,INE919T01013,JLL,  13.39 ,-, - ,-, - ,  13.39 ,Small Cap
4410,Milestone Global Limited,INE151H01018,MILESTONE,  13.38 ,-, - ,-, - ,  13.38 ,Small Cap
4411,Ontic Finserve Limited,INE989S01042,ONTIC,  13.33 ,-, - ,-, - ,  13.33 ,Small Cap
4412,Garware Synthetics Ltd.,INE340D01016,GARWSYN,  13.29 ,-, - ,-, - ,  13.29 ,Small Cap
4413,REETECH INTERNATIONAL LIMITED,INE0MKO01015,REETECH,  13.28 ,-, - ,-, - ,  13.28 ,Small Cap
4414,Shivagrico Implements Ltd.,INE092H01014,SHIVAGR,  13.28 ,-, - ,-, - ,  13.28 ,Small Cap
4415,N.B. Footwear Ltd.,INE006F01018,NBFOOT,  13.25 ,-, - ,-, - ,  13.25 ,Small Cap
4416,Money Masters Leasing & Finance Limited,INE340O01021,MMLF,  13.22 ,-, - ,-, - ,  13.22 ,Small Cap
4417,Amforge Industries Ltd.,INE991A01020,AMFORG,  13.22 ,-, - ,-, - ,  13.22 ,Small Cap
4418,Suumaya Industries Ltd.,INE591Q01016,-, - ,SUULD,  13.21 ,-, - ,  13.21 ,Small Cap
4419,Ladam Affortable Housing Limited,INE213U01019,LAHL,  13.20 ,-, - ,-, - ,  13.20 ,Small Cap
4420,Bharat Textiles & Proofing Industri,INE201N01019,BHATEXT,  13.19 ,-, - ,-, - ,  13.19 ,Small Cap
4421,S.V. Trading & Agencies Ltd.,INE404N01019,ZSVTRADI,  13.18 ,-, - ,-, - ,  13.18 ,Small Cap
4422,Rama Petrochemicals Ltd,INE783A01013,RAMAPETRO,  13.18 ,-, - ,-, - ,  13.18 ,Small Cap
4423,Inditrade Capital Limited,INE347H01012,INDICAP,  13.17 ,-, - ,-, - ,  13.17 ,Small Cap
4424,Mitshi India Limited,INE844D01017,MITSHI,  13.09 ,-, - ,-, - ,  13.09 ,Small Cap
4425,Parmax Pharma Limited,INE240T01014,PARMAX,  13.05 ,-, - ,-, - ,  13.05 ,Small Cap
4426,Vani Commercials Limited,INE661Q01017,VANICOM,  12.99 ,-, - ,-, - ,  12.99 ,Small Cap
4427,Retro Green Revolution Limited,INE601N01010,RGRL,  12.98 ,-, - ,-, - ,  12.98 ,Small Cap
4428,BFL Asset Finvest Limited,INE948Q01018,BFLAFL,  12.95 ,-, - ,-, - ,  12.95 ,Small Cap
4429,Sun Granite Export Limited,INE032M01010,SUNGRAN,  12.94 ,-, - ,-, - ,  12.94 ,Small Cap
4430,Rajasthan Cylinders & Containers Limited,INE929D01016,RCCL,  12.94 ,-, - ,-, - ,  12.94 ,Small Cap
4431,Svaraj Trading & Agencies Ltd.,INE406N01014,ZSVARAJT,  12.93 ,-, - ,-, - ,  12.93 ,Small Cap
4432,Ganon Products Limited,INE162L01017,GANONPRO,  12.93 ,-, - ,-, - ,  12.93 ,Small Cap
4433,Dalal Street Investments Ltd.,INE422D01012,DSINVEST,  12.92 ,-, - ,-, - ,  12.92 ,Small Cap
4434,Bindal Exports Limited,INE564V01013,BINDALEXPO,  12.89 ,-, - ,-, - ,  12.89 ,Small Cap
4435,Prabhu Steel Industries Ltd.,INE821R01015,ZPRBHSTE,  12.85 ,-, - ,-, - ,  12.85 ,Small Cap
4436,Crimson Metal Engineering Company Ltd,INE318P01016,CRIMSON,  12.85 ,-, - ,-, - ,  12.85 ,Small Cap
4437,Minolta Finance Ltd.,INE514C01026,MINOLTAF,  12.82 ,-, - ,-, - ,  12.82 ,Small Cap
4438,Polycon International Ltd.,INE262C01014,POLYCON,  12.81 ,-, - ,-, - ,  12.81 ,Small Cap
4439,Lords Ishwar Hotels Limited,INE689J01013,LORDSHOTL,  12.78 ,-, - ,-, - ,  12.78 ,Small Cap
4440,Surya India Limited,INE446E01019,SURYAINDIA,  12.75 ,-, - ,-, - ,  12.75 ,Small Cap
4441,Tamilnadu Steel Tubes Ltd.,INE176E01012,TNSTLTU,  12.75 ,-, - ,-, - ,  12.75 ,Small Cap
4442,Shukra Bullions Limited,INE561E01015,SKRABUL,  12.73 ,-, - ,-, - ,  12.73 ,Small Cap
4443,Crane Infrastructure Limited,INE176L01017,CRANEINFRA,  12.71 ,-, - ,-, - ,  12.71 ,Small Cap
4444,Hathway Bhawani Cabletel & Datacom,INE525B01016,HATHWAYB,  12.69 ,-, - ,-, - ,  12.69 ,Small Cap
4445,Kush Industries Limited,INE979D01011,KUSHIND,  12.67 ,-, - ,-, - ,  12.67 ,Small Cap
4446,Suvidha Infraestate Corporation Limited,INE936N01010,SICL,  12.66 ,-, - ,-, - ,  12.66 ,Small Cap
4447,Mid India Industries Limited,INE401C01018,MIDINDIA,  12.62 ,-, - ,-, - ,  12.62 ,Small Cap
4448,Patron Exim Limited,INE0NPA01011,PATRON,  12.61 ,-, - ,-, - ,  12.61 ,Small Cap
4449,Gitanjali Gems Ltd.,INE346H01014,GITANJALI,  12.57 ,-, - ,-, - ,  12.57 ,Small Cap
4450,SUPER FINE KNITTERS LIMITED,INE459U01018,SKL,  12.57 ,-, - ,-, - ,  12.57 ,Small Cap
4451,SOUTHERN INFOCONSULTANTS LIMITED,INE298B01010,SOUTHERNIN,  12.56 ,-, - ,-, - ,  12.56 ,Small Cap
4452,INTERACTIVE FINANCIAL SERVICES LIMITED,INE064T01018,IFINSER,  12.52 ,-, - ,-, - ,  12.52 ,Small Cap
4453,Billwin Industries Limited,INE0CRS01012,BILLWIN,  12.51 ,-, - ,-, - ,  12.51 ,Small Cap
4454,Sri Lakshmi Saraswathi Textiles (Ar,INE456D01010,SLSTLQ,  12.50 ,-, - ,-, - ,  12.50 ,Small Cap
4455,Gujarat Cotex Ltd,INE004C01028,GUJCOTEX,  12.47 ,-, - ,-, - ,  12.47 ,Small Cap
4456,Ashish Polyplast Ltd.,INE831C01016,ASHISHPO,  12.44 ,-, - ,-, - ,  12.44 ,Small Cap
4457,Raasi Refractories Limited.,INE858D01017,RASSIREF,  12.44 ,-, - ,-, - ,  12.44 ,Small Cap
4458,Tacent Projects Limited,INE149D01011,TACENT,  12.42 ,-, - ,-, - ,  12.42 ,Small Cap
4459,International Securities Limited,INE086D01015,-, - ,-, - ,ISL,  12.41 ,  12.41 ,Small Cap
4460,Modern Shares and Stockbrokers Ltd.,INE370A01019,MODRNSH,  12.38 ,-, - ,-, - ,  12.38 ,Small Cap
4461,Rajputana Investment and Finance Ltd.,INE751R01014,RAJPUTANA,  12.38 ,-, - ,-, - ,  12.38 ,Small Cap
4462,3C IT Solutions and Telecoms (India) Limited,INE0R7D01018,3CIT,  12.38 ,-, - ,-, - ,  12.38 ,Small Cap
4463,Mercury Trade Links Ltd.,INE319T01016,MERCTRD,  12.37 ,-, - ,-, - ,  12.37 ,Small Cap
4464,Oswal Yarns Ltd.,INE670H01017,OSWAYRN,  12.33 ,-, - ,-, - ,  12.33 ,Small Cap
4465,Svam Software Ltd,INE119B01018,SVAMSOF,  12.27 ,-, - ,-, - ,  12.27 ,Small Cap
4466,VEDANT ASSET LIMITED,INE0NC801013,VEDANTASSET,  12.26 ,-, - ,-, - ,  12.26 ,Small Cap
4467,Phyto Chem (India) Ltd.,INE037C01010,PHYTO,  12.26 ,-, - ,-, - ,  12.26 ,Small Cap
4468,OMKAR SPECIALITY CHEMICALS LIMITED,INE474L01016,OMKARCHEM,  12.60 ,OMKARCHEM,  11.88 ,-, - ,  12.24 ,Small Cap
4469,Shri Rajivlochan Oil Extraction Ltd,INE418K01015,SHRAJOI,  12.23 ,-, - ,-, - ,  12.23 ,Small Cap
4470,Anna Infrastructures Ltd,INE336D01014,ANNAINFRA,  12.21 ,-, - ,-, - ,  12.21 ,Small Cap
4471,Kizi Apparels Limited,INE0RMR01013,KIZI,  12.17 ,-, - ,-, - ,  12.17 ,Small Cap
4472,Shukra Jewellers Limited,INE344E01016,SHUKJEW,  12.15 ,-, - ,-, - ,  12.15 ,Small Cap
4473,Devrup Trading Limited,INE790R01012,-, - ,-, - ,DEVRUPTRAD,  12.15 ,  12.15 ,Small Cap
4474,CEMANTIC INFRA-TECH LIMITED,INE222B01028,CEMAINFRA,  12.14 ,-, - ,-, - ,  12.14 ,Small Cap
4475,HARIYANA VENTURES LIMITED,INE219D01012,HVL,  12.13 ,-, - ,-, - ,  12.13 ,Small Cap
4476,Anjani Finance Ltd,INE283D01018,ANJANIFIN,  12.10 ,-, - ,-, - ,  12.10 ,Small Cap
4477,Elegant Floriculture & Agrotech (In,INE152E01013,ELEFLOR,  12.09 ,-, - ,-, - ,  12.09 ,Small Cap
4478,Sahara Maritime Limited,INE0PSJ01011,SMARITIME,  12.09 ,-, - ,-, - ,  12.09 ,Small Cap
4479,Cian Healthcare Limited,INE05BN01019,CHCL,  12.06 ,-, - ,-, - ,  12.06 ,Small Cap
4480,Indo-City Infotech Ltd.,INE456B01014,INDOCITY,  12.03 ,-, - ,-, - ,  12.03 ,Small Cap
4481,Kumbhat Financial Services Ltd.,INE795E01019,KUMPFIN,  11.97 ,-, - ,-, - ,  11.97 ,Small Cap
4482,Goenka Business & Finance Limited,INE997C01015,GBFL,  11.96 ,-, - ,GBFL,  11.96 ,  11.96 ,Small Cap
4483,BKM INDUSTRIES LIMITED,INE831Q01016,BKMINDST,  11.93 ,-, - ,-, - ,  11.93 ,Small Cap
4484,Inani Securities Ltd.,INE224C01014,INANISEC,  11.91 ,-, - ,-, - ,  11.91 ,Small Cap
4485,V B INDUSTRIES LIMITED,INE334E01017,VBIND,  11.91 ,-, - ,-, - ,  11.91 ,Small Cap
4486,Central Cables Limited,INE672G01015,-, - ,-, - ,CENTRAL,  11.90 ,  11.90 ,Small Cap
4487,V.B.Desai Financial Services Ltd,INE848D01018,VBDESAI,  11.89 ,-, - ,-, - ,  11.89 ,Small Cap
4488,Risa International Limited,INE001O01029,RISAINTL,  11.86 ,-, - ,-, - ,  11.86 ,Small Cap
4489,Catvision Limited,INE660B01011,CATVISION,  11.84 ,-, - ,-, - ,  11.84 ,Small Cap
4490,BROACH LIFECARE HOSPITAL LIMITED,INE0SFZ01018,BROACH,  11.84 ,-, - ,-, - ,  11.84 ,Small Cap
4491,Suryavanshi Spinning Mills Ltd.,INE431C01023,SURYVANSP,  11.78 ,-, - ,-, - ,  11.78 ,Small Cap
4492,Nyssa Corporation Limited,INE812K01027,NYSSACORP,  11.78 ,-, - ,-, - ,  11.78 ,Small Cap
4493,Eon Electric Ltd,INE076H01025,EON,  11.78 ,-, - ,-, - ,  11.78 ,Small Cap
4494,Veerkrupa Jewellers Limited,INE0ID001024,VEERKRUPA,  11.76 ,-, - ,-, - ,  11.76 ,Small Cap
4495,Janus Corporation Limited,INE04OV01018,JANUSCORP,  11.76 ,-, - ,-, - ,  11.76 ,Small Cap
4496,Arihants Securities ltd.,INE190D01015,ARISE,  11.73 ,-, - ,-, - ,  11.73 ,Small Cap
4497,Future Supply Chain Solutions Limited,INE935Q01015,FSC,  11.73 ,-, - ,-, - ,  11.73 ,Small Cap
4498,Welterman International Ltd.,INE662D01013,WELTI,  11.70 ,-, - ,-, - ,  11.70 ,Small Cap
4499,Alchemist Corporation Ltd,INE057D01016,ALCHCORP,  11.67 ,-, - ,-, - ,  11.67 ,Small Cap
4500,Northlink Fiscal And Capital Services Ltd.,INE736P01019,NORTHLINK,  10.49 ,-, - ,NFCSL,  12.82 ,  11.66 ,Small Cap
4501,Shanti Overseas (India) Ltd.,INE933X01016,-, - ,SHANTI,  11.64 ,-, - ,  11.64 ,Small Cap
4502,Pankaj Polymers Ltd.,INE698B01011,PANKAJPO,  11.58 ,-, - ,-, - ,  11.58 ,Small Cap
4503,DAPS ADVERTISING LIMITED,INE975Z01012,DAPS,  11.50 ,-, - ,-, - ,  11.50 ,Small Cap
4504,Pasari Spinning Mills Ltd.,INE604F01010,PASARI,  11.49 ,-, - ,-, - ,  11.49 ,Small Cap
4505,Beryl Drugs Ltd.,INE415H01017,BERLDRG,  11.48 ,-, - ,-, - ,  11.48 ,Small Cap
4506,SHANTI GURU INDUSTRIES LIMITED,INE892L01019,SHANTIGURU,  11.42 ,-, - ,-, - ,  11.42 ,Small Cap
4507,Prima Agro Ltd.,INE297D01018,PRIMAGR,  11.40 ,-, - ,-, - ,  11.40 ,Small Cap
4508,Sterling International Enterprises Limited,INE696C01021,STEERINTER,  11.40 ,-, - ,-, - ,  11.40 ,Small Cap
4509,Brandbucket Media & Technology Limited,INE0ILD01014,BRANDBUCKT,  11.39 ,-, - ,-, - ,  11.39 ,Small Cap
4510,Encash Entertainment Limited,INE552Q01018,ENCASH,  11.30 ,-, - ,-, - ,  11.30 ,Small Cap
4511,Tarini Enterprises Limited,INE999P01013,-, - ,-, - ,TARINIENT,  11.30 ,  11.30 ,Small Cap
4512,i Power Solutions India Ltd.,INE468F01010,iPOWER,  11.29 ,-, - ,-, - ,  11.29 ,Small Cap
4513,UFM Industries Ltd,INE832E01010,UFMINDL,  11.27 ,-, - ,-, - ,  11.27 ,Small Cap
4514,Arihant Classic Finance Limited,INE763C01011,-, - ,-, - ,ARIHANTCFL,  11.26 ,  11.26 ,Small Cap
4515,Indo Euro Indchem Limited,INE319N01019,INDOEURO,  11.26 ,-, - ,-, - ,  11.26 ,Small Cap
4516,FGP Ltd,INE512A01016,FGP,  11.24 ,-, - ,-, - ,  11.24 ,Small Cap
4517,Pyxis Finvest Limited,INE883L01018,PYXISFIN,  11.23 ,-, - ,-, - ,  11.23 ,Small Cap
4518,J.K.Pharmachem Ltd.,INE335C01018,JKPHARMA,  11.22 ,-, - ,-, - ,  11.22 ,Small Cap
4519,Chemiesynth (Vapi) Limited,INE829R01018,CHEMIESYNT,  11.22 ,-, - ,-, - ,  11.22 ,Small Cap
4520,Longspur International Ventures Limited,INE180M01033,LONGSPUR,  11.21 ,-, - ,-, - ,  11.21 ,Small Cap
4521,East Coast Steel Ltd,INE315F01013,ECSTSTL,  11.18 ,-, - ,-, - ,  11.18 ,Small Cap
4522,Kuwer Industries Ltd.,INE430F01010,KUWERIN,  11.18 ,-, - ,-, - ,  11.18 ,Small Cap
4523,Marmagoa Steels Ltd.,INE698E01023,MRMGAST,  11.15 ,-, - ,-, - ,  11.15 ,Small Cap
4524,IGC Industries Limited,INE099S01016,IGCIL,  11.15 ,-, - ,-, - ,  11.15 ,Small Cap
4525,Leel Electricals Limited,INE245C01019,LEEL,  11.13 ,-, - ,-, - ,  11.13 ,Small Cap
4526,GENOMIC VALLEY BIOTECH LIMITED,INE574D01010,GVBL,  11.12 ,-, - ,-, - ,  11.12 ,Small Cap
4527,Unjha Formulations Ltd.,INE576D01015,UNJHAFOR,  11.10 ,-, - ,-, - ,  11.10 ,Small Cap
4528,Mid East Portfolio Management Ltd.,INE033E01015,MIDEASTP,  11.08 ,-, - ,-, - ,  11.08 ,Small Cap
4529,JAGJANANI TEXTILES LIMITED,INE702H01018,JAGJANANI,  11.03 ,-, - ,-, - ,  11.03 ,Small Cap
4530,Sarthak Global Ltd.,INE075H01019,SARTHAKGL,  11.03 ,-, - ,-, - ,  11.03 ,Small Cap
4531,Pratiksha Chemicals Ltd.,INE530D01012,PRATIKSH,  11.01 ,-, - ,-, - ,  11.01 ,Small Cap
4532,Impala Industrial Enterprises Limited,INE226G01010,-, - ,-, - ,IIEL,  11.00 ,  11.00 ,Small Cap
4533,Libord Securities Ltd.,INE267E01019,LIBORD,  11.00 ,-, - ,-, - ,  11.00 ,Small Cap
4534,I Secure Credit & Capital Services Limited,INE077D01014,-, - ,-, - ,ISCCL,  11.00 ,  11.00 ,Small Cap
4535,Kirti Investments Limited,INE507L01021,-, - ,-, - ,KIRTIINV,  11.00 ,  11.00 ,Small Cap
4536,Rama Paper Mills Limited,INE425E01013,RAMAPPR-B,  11.00 ,-, - ,-, - ,  11.00 ,Small Cap
4537,Ushakiran Finance Ltd.,INE697C01011,USHAKIRA,  10.99 ,-, - ,-, - ,  10.99 ,Small Cap
4538,Sabrimala Industries India Limited,INE400R01018,SIIL,  10.97 ,-, - ,-, - ,  10.97 ,Small Cap
4539,Robert Resources Limited,INE320V01010,-, - ,-, - ,ROBERT,  10.96 ,  10.96 ,Small Cap
4540,Steelco Gujarat Ltd,INE629B01032,STEELCO,  10.95 ,-, - ,-, - ,  10.95 ,Small Cap
4541,Colinz Laboratories ltd.,INE923C01011,COLINZ,  10.94 ,-, - ,-, - ,  10.94 ,Small Cap
4542,Gagan Gases Ltd.,INE076D01016,GAGAN,  10.93 ,-, - ,-, - ,  10.93 ,Small Cap
4543,Sungold Media and Entertainment Limited,INE266S01011,SMEL,  10.93 ,-, - ,-, - ,  10.93 ,Small Cap
4544,RO Jewels Limited,INE0BDU01028,ROJL,  10.91 ,-, - ,-, - ,  10.91 ,Small Cap
4545,Jiya Eco-Products Limited,INE023S01016,JIYAECO,  10.86 ,-, - ,-, - ,  10.86 ,Small Cap
4546,DCM Financial Services Ltd.,INE891B01012,DCMFINSERV,  10.83 ,DCMFINSERV,  10.87 ,-, - ,  10.85 ,Small Cap
4547,Ramgopal Polytex Ltd,INE410D01017,RAMGOPOLY,  10.84 ,-, - ,-, - ,  10.84 ,Small Cap
4548,Ellora Paper Mills Ltd.,INE384H01023,ELLOPAP,  10.84 ,-, - ,-, - ,  10.84 ,Small Cap
4549,East Buildtech Limited,INE706N01017,EASTBUILD,  10.81 ,-, - ,-, - ,  10.81 ,Small Cap
4550,CRP Risk Management Limited,INE422M01013,CRPRISK,  10.81 ,-, - ,-, - ,  10.81 ,Small Cap
4551,SC Agrotech Limited,INE895E01017,SCAGRO,  10.80 ,-, - ,-, - ,  10.80 ,Small Cap
4552,Sankhya Infotech Ltd.,INE877A01013,SANKHYAIN,  10.80 ,-, - ,-, - ,  10.80 ,Small Cap
4553,GTN Textiles Ltd. (formerly known as GTN Industries Ltd.),INE302H01017,GTNTEX,  10.79 ,-, - ,-, - ,  10.79 ,Small Cap
4554,Octal Credit Capital Ltd.,INE513C01010,OCTAL,  10.78 ,-, - ,-, - ,  10.78 ,Small Cap
4555,Dhenu Buildcon Infra Limited,INE758D01027,DHENUBUILD,  10.78 ,-, - ,-, - ,  10.78 ,Small Cap
4556,Gleam Fabmat Limited,INE03CM01014,GLEAM,  10.76 ,-, - ,-, - ,  10.76 ,Small Cap
4557,ZINEMA MEDIA AND ENTERTAINMENT LIMITED,INE641Q01019,ZINEMA,  10.75 ,-, - ,-, - ,  10.75 ,Small Cap
4558,Prism Medico and Pharmacy Ltd.,INE730E01016,PRISMMEDI,  10.74 ,-, - ,PRISMMEDI,  10.75 ,  10.74 ,Small Cap
4559,Universal Office Automation Limited,INE951C01012,UNIOFFICE,  10.71 ,-, - ,-, - ,  10.71 ,Small Cap
4560,Viaan Industries Limited,INE324N01027,VIAANINDUS,  10.69 ,-, - ,-, - ,  10.69 ,Small Cap
4561,Manipal Finance Corporation Ltd.,INE798E01013,MNPLFIN,  10.65 ,-, - ,-, - ,  10.65 ,Small Cap
4562,MUNOTH COMMUNICATION LIMITED,INE410E01015,MCLTD,  10.64 ,-, - ,-, - ,  10.64 ,Small Cap
4563,Steadfast Corporation Limited,INE089B01013,-, - ,-, - ,STEADFAST,  10.63 ,  10.63 ,Small Cap
4564,KONNDOR INDUSTRIES LIMITED,INE971A01014,KONNDOR,  10.62 ,-, - ,-, - ,  10.62 ,Small Cap
4565,Lyons Corporate Market Ltd.,INE100F01019,LYONSCO,  10.62 ,-, - ,-, - ,  10.62 ,Small Cap
4566,Yashraj Containeurs Ltd.,INE095C01018,YASHRAJC,  10.60 ,-, - ,-, - ,  10.60 ,Small Cap
4567,MONIND LIMITED,INE407E01029,MONIND,  10.60 ,-, - ,-, - ,  10.60 ,Small Cap
4568,Premier Limited,INE342A01018,PREMIER,  10.62 ,PREMIER,  10.54 ,-, - ,  10.58 ,Small Cap
4569,Pasupati Fincap Ltd.,INE527C01010,PASUFIN,  10.57 ,-, - ,-, - ,  10.57 ,Small Cap
4570,Visisth Chay Vyapar Limited,INE178W01010,-, - ,-, - ,VISISTH,  10.50 ,  10.50 ,Small Cap
4571,DECIPHER LABS LIMITED,INE643N01012,DECIPHER,  10.49 ,-, - ,-, - ,  10.49 ,Small Cap
4572,Kalpa Commercial Limited,INE059Q01014,KALPACOMME,  10.47 ,-, - ,-, - ,  10.47 ,Small Cap
4573,RCI Industries & Technologies Limited,INE140B01014,RCIIND,  10.46 ,-, - ,-, - ,  10.46 ,Small Cap
4574,ORTIN GLOBAL LIMITED,INE749B01020,ORTINGLOBE,  10.56 ,ORTINGLOBE,  10.36 ,-, - ,  10.46 ,Small Cap
4575,Classic Leasing & Finance Ltd.,INE949C01016,CLFL,  10.45 ,-, - ,-, - ,  10.45 ,Small Cap
4576,Octaware Technologies Limited,INE208U01019,OCTAWARE,  10.44 ,-, - ,-, - ,  10.44 ,Small Cap
4577,Sigachi Laboratories Limited,INE368H01018,-, - ,-, - ,SIGACHI,  10.43 ,  10.43 ,Small Cap
4578,Kakatiya Textiles Ltd.,INE092E01011,KAKTEX,  10.43 ,-, - ,-, - ,  10.43 ,Small Cap
4579,Deepjyoti Textiles Limited,INE565D01018,-, - ,-, - ,DEEPJYOTI,  10.42 ,  10.42 ,Small Cap
4580,Shree Ganesh Elastoplast Ltd,INE400N01017,SHGANEL,  10.41 ,-, - ,-, - ,  10.41 ,Small Cap
4581,KMF Builders & Developers Ltd.,INE580H01026,KMFBLDR,  10.41 ,-, - ,-, - ,  10.41 ,Small Cap
4582,Uniroyal Marine Exports Ltd.,INE602H01010,UNRYLMA,  10.39 ,-, - ,-, - ,  10.39 ,Small Cap
4583,Amraworld Agrico Ltd.,INE735C01027,AMRAAGRI,  10.35 ,-, - ,-, - ,  10.35 ,Small Cap
4584,United Leasing & Industries Ltd,INE357P01014,UNTTEMI,  10.35 ,-, - ,-, - ,  10.35 ,Small Cap
4585,Alexander Stamps And Coin Limited,INE191N01012,ALEXANDER,  10.32 ,-, - ,-, - ,  10.32 ,Small Cap
4586,SSF Limited,INE418F01015,-, - ,-, - ,SSF,  10.32 ,  10.32 ,Small Cap
4587,Basant India Limited,INE603U01011,-, - ,-, - ,BASANT,  10.32 ,  10.32 ,Small Cap
4588,Santosh Fine-Fab Ltd.,INE612D01018,SANTOSHF,  10.30 ,-, - ,-, - ,  10.30 ,Small Cap
4589,SDC TECHMEDIA LIMITED,INE807O01011,SDC,  10.30 ,-, - ,-, - ,  10.30 ,Small Cap
4590,J.J. Finance Corporation Ltd.,INE584C01011,JJFINCOR,  10.29 ,-, - ,-, - ,  10.29 ,Small Cap
4591,SHESHADRI INDUSTRIES LIMITED,INE193R01019,SHESHAINDS,  10.28 ,-, - ,-, - ,  10.28 ,Small Cap
4592,MPL Plastics Limited,INE343A01016,MPL,  10.28 ,-, - ,-, - ,  10.28 ,Small Cap
4593,Kairosoft AI Solutions Limited,INE820M01018,VOLKAI,  10.27 ,-, - ,-, - ,  10.27 ,Small Cap
4594,Net Pix Shorts Digital Media Limited,INE0D5F01013,NETPIX,  10.24 ,-, - ,-, - ,  10.24 ,Small Cap
4595,Shantai Industries Limited,INE408F01024,SHANTAI,  10.22 ,-, - ,-, - ,  10.22 ,Small Cap
4596,Dhanada Corporatin Limited,INE041F01015,DHANADACO,  10.21 ,-, - ,-, - ,  10.21 ,Small Cap
4597,Satiate Agri Limited,INE06DM01015,SATAGRI,  10.17 ,-, - ,-, - ,  10.17 ,Small Cap
4598,Sigrun Holdings Limited,INE633D01022,SIGRUN,  10.17 ,-, - ,-, - ,  10.17 ,Small Cap
4599,SKYLINE VENTURES INDIA  LIMITED,INE055Q01012,SKILVEN,  10.13 ,-, - ,-, - ,  10.13 ,Small Cap
4600,Standard Shoe Sole and Mould (India) Ltd,INE888N01013,STDSHOE,  10.12 ,-, - ,-, - ,  10.12 ,Small Cap
4601,Bhagwati Oxygen Ltd.,INE026I01010,BHAGWOX,  10.11 ,-, - ,-, - ,  10.11 ,Small Cap
4602,Parenteral Drug (India) Ltd.,INE904D01019,PARENTLD,  10.11 ,-, - ,-, - ,  10.11 ,Small Cap
4603,Evoq Remedies Limited,INE0JVD01011,EVOQ,  10.11 ,-, - ,-, - ,  10.11 ,Small Cap
4604,Magenta Lifecare Limited,INE0QZ901011,MAGENTA,  10.07 ,-, - ,-, - ,  10.07 ,Small Cap
4605,Bharati Defence and Infrastructure Ltd,INE673G01013,BHARATIDIL,  10.06 ,-, - ,-, - ,  10.06 ,Small Cap
4606,Millennium Online Solutions (India) Ltd,INE570N01025,MILLENNIUM,  10.02 ,-, - ,-, - ,  10.02 ,Small Cap
4607,USS Global Limited,INE277F01015,-, - ,-, - ,USSGLOBAL,  10.02 ,  10.02 ,Small Cap
4608,Lime Chemicals Ltd.,INE891G01011,LIMECHM,  9.97 ,-, - ,-, - ,  9.97 ,Small Cap
4609,Aanchal Ispat Limited,INE322R01022,AANCHALISP,  9.97 ,-, - ,-, - ,  9.97 ,Small Cap
4610,Omega Ag-Seeds (Punjab) ltd.,INE112B01013,OMEAG,  9.96 ,-, - ,-, - ,  9.96 ,Small Cap
4611,Samyak Corporation Limited,INE237S01012,-, - ,-, - ,SAMYAK,  9.95 ,  9.95 ,Small Cap
4612,Dhanvantri Jeevan Rekha Ltd.,INE239F01015,ZDHJERK,  9.93 ,-, - ,-, - ,  9.93 ,Small Cap
4613,Camson Bio Technologies Ltd,INE845E01012,CAMSONBIO,  9.93 ,-, - ,-, - ,  9.93 ,Small Cap
4614,Shakti Press Ltd.,INE794C01016,SHAKTIPR,  9.92 ,-, - ,-, - ,  9.92 ,Small Cap
4615,VSD Confin ltd.,INE489F01016,VSDCONF,  9.92 ,-, - ,-, - ,  9.92 ,Small Cap
4616,Trident Tools Limited,INE179D01018,TRIDETOOL,  9.90 ,-, - ,-, - ,  9.90 ,Small Cap
4617,Padmanabh Alloys & Polymers Ltd.,INE630U01014,PADALPO,  9.89 ,-, - ,-, - ,  9.89 ,Small Cap
4618,Gallops Enterprise  Limited,INE755J01012,GALLOPENT,  9.88 ,-, - ,-, - ,  9.88 ,Small Cap
4619,SHREE HANUMAN SUGAR & INDUSTRIES LTD.,INE101H01013,HANSUGAR,  9.77 ,-, - ,-, - ,  9.77 ,Small Cap
4620,AMBASSADOR INTRA HOLDINGS LIMITED,INE342U01016,AIHL,  9.76 ,-, - ,-, - ,  9.76 ,Small Cap
4621,Kuberan Global Edu Solutions Limited,INE04CO01018,KGES,  9.72 ,-, - ,-, - ,  9.72 ,Small Cap
4622,Unity Infraprojects Limited,INE466H01028,UNITY,  9.67 ,-, - ,-, - ,  9.67 ,Small Cap
4623,RLF Ltd.,INE629C01014,RLF,  9.66 ,-, - ,-, - ,  9.66 ,Small Cap
4624,Trend Electronics Limited,INE219F01017,TRENDELEC,  9.65 ,-, - ,-, - ,  9.65 ,Small Cap
4625,VINAYAK POLYCON INTERNATIONAL LIMITED,INE581M01016,VINAYAKPOL,  9.65 ,-, - ,-, - ,  9.65 ,Small Cap
4626,ISF LIMITED,INE973B01026,ISFL,  9.64 ,-, - ,-, - ,  9.64 ,Small Cap
4627,Thirani Projects Limited,INE901C01017,TPROJECT,  9.61 ,-, - ,-, - ,  9.61 ,Small Cap
4628,Finelistings Technologies Limited,INE0QOQ01013,FTL,  9.60 ,-, - ,-, - ,  9.60 ,Small Cap
4629,DATIWARE MARITIME INFRA LIMITED,INE673U01014,DATIWARE,  9.60 ,-, - ,-, - ,  9.60 ,Small Cap
4630,Vikalp Securities Ltd.,INE186E01011,VIKALPS,  9.57 ,-, - ,-, - ,  9.57 ,Small Cap
4631,Premier Synthetics Ltd.,INE940N01012,PREMSYN,  9.56 ,-, - ,-, - ,  9.56 ,Small Cap
4632,Resurgere Mines & Minerals India Limited,INE774I01031,RMMIL,  9.55 ,-, - ,-, - ,  9.55 ,Small Cap
4633,Explicit Finance Limited,INE335G01019,EXPLICITFIN,  9.54 ,-, - ,-, - ,  9.54 ,Small Cap
4634,MOUNT HOUSING AND INFRASTRUCTURE LIMITED,INE444X01014,MOUNT,  9.53 ,-, - ,-, - ,  9.53 ,Small Cap
4635,Otco International Ltd,INE910B01028,OTCO,  9.53 ,-, - ,-, - ,  9.53 ,Small Cap
4636,RGF Capital Markets Limited,INE684D01025,RGF,  9.52 ,-, - ,-, - ,  9.52 ,Small Cap
4637,Jagat Trading Enterprises Limited,INE321F01011,-, - ,-, - ,JAGAT,  9.50 ,  9.50 ,Small Cap
4638,Shamrock Industrial Co. Ltd.,INE022F01015,SHAMROIN,  9.50 ,-, - ,-, - ,  9.50 ,Small Cap
4639,ObjectOne Information Systems Ltd,INE860E01011,OONE,  9.47 ,-, - ,-, - ,  9.47 ,Small Cap
4640,Clinitech Laboratory Limited,INE0QMR01015,CTLLAB,  9.42 ,-, - ,-, - ,  9.42 ,Small Cap
4641,Sanmitra Commercial Ltd.,INE896J01014,ZSANMCOM,  9.41 ,-, - ,-, - ,  9.41 ,Small Cap
4642,Photoquip India Ltd.,INE813B01016,PHOTOQUP,  9.41 ,-, - ,-, - ,  9.41 ,Small Cap
4643,Crescent Finstock Limited,INE147E01013,-, - ,-, - ,CRESCENT,  9.41 ,  9.41 ,Small Cap
4644,Euro Leder Fashion Ltd.,INE940E01011,EUROLED,  9.36 ,-, - ,-, - ,  9.36 ,Small Cap
4645,NEXUS SURGICAL AND MEDICARE LIMITED,INE370Q01015,NEXUSSURGL,  9.34 ,-, - ,-, - ,  9.34 ,Small Cap
4646,Jayabharat Credit Ltd.,INE998D01011,JAYBHCR,  9.34 ,-, - ,-, - ,  9.34 ,Small Cap
4647,Hardoli Paper Mills Limited,INE699F01010,-, - ,-, - ,HARDOLI,  9.33 ,  9.33 ,Small Cap
4648,Nijjer Agro Food Ltd.,INE847B01014,NIJJER,  9.30 ,-, - ,-, - ,  9.30 ,Small Cap
4649,James Hotels ltd.,INE510D01014,JAMEHOT,  9.30 ,-, - ,-, - ,  9.30 ,Small Cap
4650,Trinity League India Limited,INE884X01011,TRINITYLEA,  9.29 ,-, - ,-, - ,  9.29 ,Small Cap
4651,DR LALCHANDANI LABS LIMITED,INE871Z01013,DLCL,  9.29 ,-, - ,-, - ,  9.29 ,Small Cap
4652,Carnation Industries Ltd.,INE081B01028,CARNATIN,  9.28 ,-, - ,-, - ,  9.28 ,Small Cap
4653,N2N Technologies Limited,INE043F01011,NNTL,  9.27 ,-, - ,-, - ,  9.27 ,Small Cap
4654,Jain Marmo Industries Ltd.,INE780Q01015,JAINMARMO,  9.27 ,-, - ,-, - ,  9.27 ,Small Cap
4655,Wherrelz IT Solutions Limited,INE0IM001015,WITS,  9.27 ,-, - ,-, - ,  9.27 ,Small Cap
4656,Shree Steel Wire Ropes Ltd.,INE387D01025,SSWRL,  9.25 ,-, - ,-, - ,  9.25 ,Small Cap
4657,Pioneer Agro Extracts ltd.,INE062E01014,PIONAGR,  9.23 ,-, - ,-, - ,  9.23 ,Small Cap
4658,Agio Paper & Industries Limited,INE112C01011,AGIOPAPER,  9.23 ,-, - ,-, - ,  9.23 ,Small Cap
4659,Hasti Finance Ltd.,INE671D01014,HASTIFIN,  9.20 ,-, - ,-, - ,  9.20 ,Small Cap
4660,VCU Data Management Limited,INE962O01014,VCU,  9.18 ,-, - ,-, - ,  9.18 ,Small Cap
4661,Sanchay Finvest Ltd,INE654D01010,SANCF,  9.16 ,-, - ,-, - ,  9.16 ,Small Cap
4662,AVI PRODUCTS INDIA LIMITED,INE316O01021,APIL,  9.15 ,-, - ,-, - ,  9.15 ,Small Cap
4663,Kinetic Trust Ltd.,INE674M01019,KINETRU,  9.14 ,-, - ,-, - ,  9.14 ,Small Cap
4664,U. P. Asbestos Limited,INE181C01016,-, - ,-, - ,UPAL,  9.11 ,  9.11 ,Small Cap
4665,Suryo Foods & Industries Ltd.,INE565E01016,SURFI,  9.11 ,-, - ,-, - ,  9.11 ,Small Cap
4666,Shakumbhri Pulp & Paper Mills Limited,INE509T01012,-, - ,-, - ,SHAKUMBHRI,  9.10 ,  9.10 ,Small Cap
4667,Nouveau Global Ventures Limited,INE317B01042,NOUVEAU,  9.09 ,-, - ,-, - ,  9.09 ,Small Cap
4668,Super Bakers (India) Ltd.,INE897A01011,SUPERBAK,  9.08 ,-, - ,-, - ,  9.08 ,Small Cap
4669,Haria Apparels Limited,INE493N01012,HARIAAPL,  9.04 ,-, - ,-, - ,  9.04 ,Small Cap
4670,Unimers India Ltd.,INE980B01039,UNIMERQ,  9.02 ,-, - ,-, - ,  9.02 ,Small Cap
4671,Radico Khaitan Finance Limited,INE146D01017,-, - ,-, - ,RADICOFIN,  9.00 ,  9.00 ,Small Cap
4672,Shashank Traders Limited,INE508R01018,SHASHANK,  8.98 ,-, - ,-, - ,  8.98 ,Small Cap
4673,Avon Mercantile Ltd.,INE471D01019,AVONMERC,  8.97 ,-, - ,-, - ,  8.97 ,Small Cap
4674,Karan Woo-sin ltd.,INE327D01013,KARANWO,  8.96 ,-, - ,-, - ,  8.96 ,Small Cap
4675,Olympic Oil Industries Ltd.,INE286E01019,OLYOI,  8.95 ,-, - ,-, - ,  8.95 ,Small Cap
4676,P.M. Telelinnks Limited,INE092C01015,PMTELELIN,  8.95 ,-, - ,-, - ,  8.95 ,Small Cap
4677,Chadha Papers Ltd.,INE669W01018,CHADPAP,  8.93 ,-, - ,-, - ,  8.93 ,Small Cap
4678,Parker Agro Chem Export Ltd.,INE750B01010,PARKERAC,  8.93 ,-, - ,-, - ,  8.93 ,Small Cap
4679,Value Industries Limited,INE352A01017,VALUEIND,  8.90 ,-, - ,-, - ,  8.90 ,Small Cap
4680,Mipco Seamless Rings (Gujarat) Ltd.,INE860N01012,MPCOSEMB,  8.86 ,-, - ,-, - ,  8.86 ,Small Cap
4681,Suryachakra Power Corporation Ltd.,INE274I01016,SURYACHAKRA,  8.83 ,-, - ,-, - ,  8.83 ,Small Cap
4682,Sunraj Diamond Exports Ltd.,INE459D01014,SUNRAJDI,  8.81 ,-, - ,-, - ,  8.81 ,Small Cap
4683,Siddheswari Garments Ltd.,INE797C01019,SIDDHEGA,  8.80 ,-, - ,-, - ,  8.80 ,Small Cap
4684,GCM Capital Advisors Limited,INE191P01017,GCMCAPI,  8.79 ,-, - ,-, - ,  8.79 ,Small Cap
4685,Minaxi Textiles Ltd.,INE952C01028,MINAXI,  8.77 ,-, - ,-, - ,  8.77 ,Small Cap
4686,Triveni Enterprises Limited,INE916P01025,TRIVENIENT,  8.75 ,-, - ,TRIVENIENT,  8.75 ,  8.75 ,Small Cap
4687,CHD Developers Ltd,INE659B01021,CHDDLTD,  8.74 ,-, - ,-, - ,  8.74 ,Small Cap
4688,Mayur Leather Products Ltd.,INE799E01011,MAYUR,  8.67 ,-, - ,-, - ,  8.67 ,Small Cap
4689,Ganesh Holding Ltd.,INE932M01011,GANHOLD,  8.66 ,-, - ,-, - ,  8.66 ,Small Cap
4690,Tashi India Ltd.,INE552H01017,TASHIND,  8.65 ,-, - ,-, - ,  8.65 ,Small Cap
4691,Hittco Tools Ltd.,INE863C01019,HITTCO,  8.64 ,-, - ,-, - ,  8.64 ,Small Cap
4692,Cremica Agro Foods Limited,INE050S01019,-, - ,-, - ,CREMICA,  8.63 ,  8.63 ,Small Cap
4693,Gconnect Logitech and Supply Chain Limited,INE0QHY01011,GCONNECT,  8.60 ,-, - ,-, - ,  8.60 ,Small Cap
4694,Shentracon Chemicals Ltd.,INE0OUS01011,SHENTRA,  8.60 ,-, - ,-, - ,  8.60 ,Small Cap
4695,Filtron Engineers Ltd.,INE589N01017,FILTRON,  8.57 ,-, - ,-, - ,  8.57 ,Small Cap
4696,Devine Impex Limited,INE455C01014,DEVINE,  8.55 ,-, - ,-, - ,  8.55 ,Small Cap
4697,Gujarat Credit Corporation Ltd.,INE034B01019,GUJCRED,  8.54 ,-, - ,-, - ,  8.54 ,Small Cap
4698,Alka Securities Ltd.,INE921C01031,ALKASEC,  8.54 ,-, - ,-, - ,  8.54 ,Small Cap
4699,Flora Corporation Limited,INE318U01016,FLORACORP,  8.54 ,-, - ,-, - ,  8.54 ,Small Cap
4700,Symbiox Investment & Trading Co. Ltd.,INE653R01012,SYMBIOX ,  8.53 ,-, - ,SYMBIOX,  8.53 ,  8.53 ,Small Cap
4701,JAYATMA INDUSTRIES LIMITED,INE250D01017,JAYIND,  8.52 ,-, - ,-, - ,  8.52 ,Small Cap
4702,AMS POLYMERS LIMITED,INE345U01019,AMS,  8.51 ,-, - ,-, - ,  8.51 ,Small Cap
4703,ADLINE CHEM LAB LIMITED,INE276T01018,ADLINE,  8.51 ,-, - ,-, - ,  8.51 ,Small Cap
4704,Hillridge Investments Limited,INE138S01012,-, - ,-, - ,HILLRIDGE,  8.50 ,  8.50 ,Small Cap
4705,PROGREX VENTURES LIMITED,INE421E01012,PROGREXV,  8.48 ,-, - ,-, - ,  8.48 ,Small Cap
4706,Ranjan Polysters Limited,INE936V01013,-, - ,-, - ,RANJANPOLY,  8.48 ,  8.48 ,Small Cap
4707,Haria Exports Ltd.,INE772B01014,HARIAEXPO,  8.48 ,-, - ,-, - ,  8.48 ,Small Cap
4708,SW Investments Limited,INE948K01011,SW1,  8.46 ,-, - ,-, - ,  8.46 ,Small Cap
4709,Supertex Industries Ltd,INE881B01054,SUPERTEX,  8.46 ,-, - ,-, - ,  8.46 ,Small Cap
4710,Nutech Global Ltd.,INE960H01012,NUTECGLOB,  8.43 ,-, - ,-, - ,  8.43 ,Small Cap
4711,Alps Industries Ltd.,INE093B01015,ALPSINDUS,  8.53 ,ALPSINDUS,  8.29 ,-, - ,  8.41 ,Small Cap
4712,Vivanza Biosciences Limited,INE984E01035,VIVANZA,  8.40 ,-, - ,-, - ,  8.40 ,Small Cap
4713,Space Incubatrics Technologies Limited,INE797Z01028,SPACEINCUBA,  8.36 ,-, - ,-, - ,  8.36 ,Small Cap
4714,Neelkanth Rockminerals ltd.,INE741D01015,NEELKAN,  8.33 ,-, - ,-, - ,  8.33 ,Small Cap
4715,Unistar Multimedia Ltd,INE808C01014,UNISTRMU,  8.33 ,-, - ,-, - ,  8.33 ,Small Cap
4716,Mayur Floorings Ltd.,INE262W01012,MAYURFL,  8.31 ,-, - ,-, - ,  8.31 ,Small Cap
4717,Jumbo Finance Ltd.,INE122N01017,JUMBFNL,  8.29 ,-, - ,-, - ,  8.29 ,Small Cap
4718,Galada Finance Limited,INE243E01010,GALADAFIN,  8.25 ,-, - ,-, - ,  8.25 ,Small Cap
4719,DQ Entertainment (International) Limited,INE656K01010,DQE,  8.17 ,-, - ,-, - ,  8.17 ,Small Cap
4720,Genesis Developers And Holdings Limited,INE273R01019,-, - ,-, - ,GDHL,  8.17 ,  8.17 ,Small Cap
4721,Panther Industrial Products Ltd.,INE181D01014,PANIDPR,  8.15 ,-, - ,-, - ,  8.15 ,Small Cap
4722,Woodsvilla Limited,INE374J01020,WOODSVILA,  8.10 ,-, - ,-, - ,  8.10 ,Small Cap
4723,Mathew Easow Research Securities Lt,INE963B01019,MATHEWE,  8.06 ,-, - ,-, - ,  8.06 ,Small Cap
4724,Interlink Petroleum Ltd.,INE959G01016,INTLNKP,  8.05 ,-, - ,-, - ,  8.05 ,Small Cap
4725,A.F. Enterprises Limited,INE663P01015,AFEL,  8.05 ,-, - ,-, - ,  8.05 ,Small Cap
4726,Indsoya Limited,INE314N01028,INDSOYA,  8.04 ,-, - ,-, - ,  8.04 ,Small Cap
4727,K.Z.Leasing & Finance Ltd.,INE006C01015,KZLFIN,  8.02 ,-, - ,-, - ,  8.02 ,Small Cap
4728,C.J. Gelatine Products Ltd.,INE557D01015,CJGEL,  8.02 ,-, - ,-, - ,  8.02 ,Small Cap
4729,Bloom Dekor Ltd.,INE253C01013,BLOOM,  8.01 ,-, - ,-, - ,  8.01 ,Small Cap
4730,Rushabh Precision Bearings Ltd.,INE0I9K01010,RUPEBAR,  8.01 ,-, - ,-, - ,  8.01 ,Small Cap
4731,SIMANDHAR IMPEX LIMITED,INE0VI201010,SIMANDHAR,  7.99 ,-, - ,-, - ,  7.99 ,Small Cap
4732,SETUBANDHAN INFRASTRUCTURE LIMITED,INE023M01027,SETUINFRA,  8.39 ,SETUINFRA,  7.58 ,-, - ,  7.99 ,Small Cap
4733,Transpact Enterprises Limited,INE06YD01010,TRANSPACT,  7.96 ,-, - ,-, - ,  7.96 ,Small Cap
4734,Krishna Capital And Securities Limited,INE897B01019,KRISHNACAP,  7.95 ,-, - ,-, - ,  7.95 ,Small Cap
4735,Delta Industrial Resources Limited,INE681Q01015,DELTA,  7.78 ,-, - ,DELTA,  8.09 ,  7.93 ,Small Cap
4736,Polymac Thermoformers Limited,INE826P01018,POLYMAC,  7.93 ,-, - ,-, - ,  7.93 ,Small Cap
4737,Peeti Securities Ltd.,INE328D01011,PEETISEC,  7.92 ,-, - ,-, - ,  7.92 ,Small Cap
4738,Aviva Industries Limited,INE461H01011,AVIVA,  7.88 ,-, - ,-, - ,  7.88 ,Small Cap
4739,Hindustan Bio Sciences Ltd.,INE597C01021,HINDBIO,  7.87 ,-, - ,-, - ,  7.87 ,Small Cap
4740,Capricorn Systems Global Solutions Ltd.,INE968E01012,CAPRICORN,  7.84 ,-, - ,-, - ,  7.84 ,Small Cap
4741,Khandelwal Extraction Ltd.,INE687W01010,ZKHANDEN,  7.81 ,-, - ,-, - ,  7.81 ,Small Cap
4742,Shah Foods Ltd,INE455D01012,SHAHFOOD,  7.80 ,-, - ,-, - ,  7.80 ,Small Cap
4743,Clio Infotech Ltd.,INE011B01017,CLIOINFO,  7.79 ,-, - ,-, - ,  7.79 ,Small Cap
4744,Typhoon Financial Services Limited,INE761R01013,TFSL,  7.76 ,-, - ,-, - ,  7.76 ,Small Cap
4745,PS IT Infrastructure & Services Limited,INE953M01033,PSITINFRA,  7.76 ,-, - ,-, - ,  7.76 ,Small Cap
4746,SRI AMARNATH FINANCE LIMITED,INE985Q01010,AMARNATH,  7.75 ,-, - ,-, - ,  7.75 ,Small Cap
4747,Suncity Synthetics Ltd.,INE584D01019,SUNCITYSY,  7.72 ,-, - ,-, - ,  7.72 ,Small Cap
4748,ITL Finlease & Securities Limited,INE767V01012,-, - ,-, - ,ITLFIN,  7.71 ,  7.71 ,Small Cap
4749,EASUN REYROLLE LTD.,INE268C01029,EASUNREYRL,  7.70 ,-, - ,-, - ,  7.70 ,Small Cap
4750,Aadhaar Ventures India Limited,INE063D01030,AADHAARVEN,  7.70 ,-, - ,-, - ,  7.70 ,Small Cap
4751,Goalpost Industries Limited,INE204V01016,-, - ,-, - ,GOALPOST,  7.68 ,  7.68 ,Small Cap
4752,Sashwat Technocrats Limited,INE789D01014,SASHWAT,  7.65 ,-, - ,-, - ,  7.65 ,Small Cap
4753,BCL Enterprises Limited,INE368E01023,BCLENTERPR,  7.63 ,-, - ,BCL,  7.63 ,  7.63 ,Small Cap
4754,Dr. M Induscorp Limited,INE733B01016,-, - ,-, - ,DRMIND,  7.63 ,  7.63 ,Small Cap
4755,Stanpacks (India) Ltd.,INE457D01018,STANPACK,  7.63 ,-, - ,-, - ,  7.63 ,Small Cap
4756,Golden Carpets Limited.,INE595D01015,GOLCA,  7.62 ,-, - ,-, - ,  7.62 ,Small Cap
4757,Riga Sugar Company Ltd.,INE909C01010,RIGASUG,  7.58 ,-, - ,-, - ,  7.58 ,Small Cap
4758,Kabra Commercial Limited,INE926E01010,KCL,  7.58 ,-, - ,-, - ,  7.58 ,Small Cap
4759,Swagtam Trading & Services Limited,INE150R01019,SWAGTAM,  7.56 ,-, - ,-, - ,  7.56 ,Small Cap
4760,Pact Industries Ltd.,INE494K01024,PACT,  7.54 ,-, - ,-, - ,  7.54 ,Small Cap
4761,Sirohia & Sons Limited,INE785O01019,SIROHIA,  7.52 ,-, - ,-, - ,  7.52 ,Small Cap
4762,Saianand Commercial Limited,INE092G01024,SAICOM,  7.52 ,-, - ,-, - ,  7.52 ,Small Cap
4763,Padmalaya Telefilms Ltd.,INE243B01016,PADMALAYAT,  7.51 ,-, - ,-, - ,  7.51 ,Small Cap
4764,Ganga Pharmaceuticals Limited,INE615T01017,GANGAPHARM,  7.49 ,-, - ,-, - ,  7.49 ,Small Cap
4765,SAILANI TOURS N TRAVELS LIMITED,INE0KHQ01010,SAILANI,  7.47 ,-, - ,-, - ,  7.47 ,Small Cap
4766,PFL Infotech Ltd.,INE600F01018,PFLINFOTC,  7.45 ,-, - ,-, - ,  7.45 ,Small Cap
4767,Priya Limited.,INE686C01014,PRIYALT,  7.42 ,-, - ,-, - ,  7.42 ,Small Cap
4768,National Plywood Industries Ltd.,INE497C01016,NATPLY,  7.42 ,-, - ,-, - ,  7.42 ,Small Cap
4769,AGARWAL FORTUNE INDIA LIMITED,INE510B01018,AGARWAL,  7.42 ,-, - ,-, - ,  7.42 ,Small Cap
4770,Amit International Ltd.,INE053D01015,AMITINT,  7.39 ,-, - ,-, - ,  7.39 ,Small Cap
4771,PANAFIC INDUSTRIALS LTD,INE655P01029,PANAFIC,  7.38 ,-, - ,-, - ,  7.38 ,Small Cap
4772,RACONTEUR GLOBAL RESOURCES LIMITED,INE00WY01013,RACONTEUR,  7.35 ,-, - ,-, - ,  7.35 ,Small Cap
4773,Enterprise International Limited,INE439G01019,ENTRINT,  7.34 ,-, - ,-, - ,  7.34 ,Small Cap
4774,RCC Cements Ltd,INE335N01015,RCCEMEN,  7.33 ,-, - ,-, - ,  7.33 ,Small Cap
4775,Prime Capital Market Limited,INE748D01010,PRIMECAPM,  7.33 ,-, - ,-, - ,  7.33 ,Small Cap
4776,AJEL Limited,INE229B01015,AJEL,  7.33 ,-, - ,-, - ,  7.33 ,Small Cap
4777,Zicom Electronic Security Systems l,INE871B01014,ZICOM,  7.30 ,-, - ,-, - ,  7.30 ,Small Cap
4778,Quantum Digital Vision (India) Ltd.,INE373C01019,QUANTDIA,  7.29 ,-, - ,-, - ,  7.29 ,Small Cap
4779,Dion Global Solutions Limited,INE991C01034,DION,  7.25 ,-, - ,-, - ,  7.25 ,Small Cap
4780,UTL Industries Limited,INE184E01024,UTLINDS,  7.25 ,-, - ,-, - ,  7.25 ,Small Cap
4781,Futuristic Securities Ltd,INE425D01015,FUTURSEC,  7.24 ,-, - ,-, - ,  7.24 ,Small Cap
4782,Silver Pearl Hospitality & Luxury Spaces Limited,INE0KXN01014,SILVERPRL,  7.23 ,-, - ,-, - ,  7.23 ,Small Cap
4783,Satya Shyam Trading Limited,INE333X01019,-, - ,-, - ,SATYASHYAM,  7.22 ,  7.22 ,Small Cap
4784,Filmcity Media Ltd.,INE600B01033,FILME,  7.20 ,-, - ,-, - ,  7.20 ,Small Cap
4785,TECHNOFAB ENGINEERING LIMITED,INE509K01011,TECHNOFAB,  7.19 ,-, - ,-, - ,  7.19 ,Small Cap
4786,Williamson Financial Services ltd.,INE188E01017,WILLIMFI,  7.18 ,-, - ,-, - ,  7.18 ,Small Cap
4787,Scintilla Commercial & Credit  Limited,INE892C01018,SCC,  7.15 ,-, - ,-, - ,  7.15 ,Small Cap
4788,Rich Universe Network Ltd,INE652D01014,RICHUNV,  7.14 ,-, - ,-, - ,  7.14 ,Small Cap
4789,Market Creators Ltd.,INE944C01017,MKTCREAT,  7.13 ,-, - ,-, - ,  7.13 ,Small Cap
4790,ZR Infra Limited,INE430B01019,-, - ,-, - ,ZRINFRA,  7.13 ,  7.13 ,Small Cap
4791,FIRST FINTEC LIMITED,INE683B01047,FIRSTFIN,  7.10 ,-, - ,-, - ,  7.10 ,Small Cap
4792,Citiport Financial Services Ltd.,INE494D01011,CITIPOR,  7.09 ,-, - ,-, - ,  7.09 ,Small Cap
4793,VKJ Infradevelopers Limited,INE211P01021,VKJINFRA,  7.07 ,-, - ,-, - ,  7.07 ,Small Cap
4794,AARCON FACILITIES LIMITED,INE056J01015,AARCON,  7.05 ,-, - ,-, - ,  7.05 ,Small Cap
4795,NATURO INDIABULL LIMITED,INE0JNB01012,NATURO,  7.01 ,-, - ,-, - ,  7.01 ,Small Cap
4796,Sab Events & Governance Now Media Limited,INE860T01019,SABEVENTS,  7.02 ,SABEVENTS,  7.00 ,-, - ,  7.01 ,Small Cap
4797,Sun Retail Limited,INE206Z01020,SUNRETAIL,  7.01 ,-, - ,-, - ,  7.01 ,Small Cap
4798,INTEGRA CAPITAL LIMITED,INE366H01012,INTCAPL,  7.01 ,-, - ,-, - ,  7.01 ,Small Cap
4799,Avi Polymers Ltd.,INE897N01014,AVI,  7.00 ,-, - ,-, - ,  7.00 ,Small Cap
4800,Nandini Texcom (India) Limited,INE158Z01015,-, - ,-, - ,NANDINI,  7.00 ,  7.00 ,Small Cap
4801,Fraser And Company Limited,INE184Q01010,FRASER,  6.99 ,-, - ,-, - ,  6.99 ,Small Cap
4802,Deccan Polypacks Ltd,INE132E01015,DECPO,  6.98 ,-, - ,-, - ,  6.98 ,Small Cap
4803,Shri Mahalaxmi Agricultural Development Limited,INE317G01025,SMADL,  6.95 ,-, - ,-, - ,  6.95 ,Small Cap
4804,Aryan Share & Stock Brokers Ltd.,INE016X01010,ARYAN,  6.91 ,-, - ,-, - ,  6.91 ,Small Cap
4805,Vardhman Concrete Limited,INE115C01014,VARDHMAN,  6.91 ,-, - ,-, - ,  6.91 ,Small Cap
4806,Jainco Projects (India) Ltd.,INE966C01010,JAINCO,  6.89 ,-, - ,-, - ,  6.89 ,Small Cap
4807,Accuvant Advisory Services Limited,INE838S01017,-, - ,-, - ,ACCUVANT,  6.89 ,  6.89 ,Small Cap
4808,Vision Cinemas Limited,INE515B01025,VISIONCINE,  6.86 ,-, - ,-, - ,  6.86 ,Small Cap
4809,Ambitious Plastomac Ltd.,INE267C01013,AMBIT,  6.85 ,-, - ,-, - ,  6.85 ,Small Cap
4810,PROMACT IMPEX LIMITED,INE818D01011,PROMACT,  6.84 ,-, - ,-, - ,  6.84 ,Small Cap
4811,Prashant India Ltd,INE100E01012,PRSNTIN,  6.76 ,-, - ,-, - ,  6.76 ,Small Cap
4812,Jain Studios Ltd.,INE486B01011,JAINSTUDIO,  6.74 ,-, - ,-, - ,  6.74 ,Small Cap
4813,International Data Managements Ltd.,INE649R01010,IDM,  6.74 ,-, - ,-, - ,  6.74 ,Small Cap
4814,Nikki Global Finance Ltd.,INE526C01012,NIKKIGL,  6.73 ,-, - ,-, - ,  6.73 ,Small Cap
4815,Aggarsain Spinners Limited,INE431Z01016,-, - ,-, - ,AGGARSAIN,  6.73 ,  6.73 ,Small Cap
4816,Systematix Securities Ltd.,INE07P301011,SYTIXSE,  6.71 ,-, - ,-, - ,  6.71 ,Small Cap
4817,KRA Leasing Limited,INE300F01023,-, - ,-, - ,KRALEASING,  6.71 ,  6.71 ,Small Cap
4818,SecUR Credentials Limited,INE195Y01010,SECURCRED,  6.69 ,-, - ,-, - ,  6.69 ,Small Cap
4819,Bharat Ekansh Limited,INE188S01017,-, - ,-, - ,BHARAT,  6.68 ,  6.68 ,Small Cap
4820,India Green Reality Limited,INE373V01019,IGRL,  6.66 ,-, - ,-, - ,  6.66 ,Small Cap
4821,Longview Tea Company ltd.,INE696E01019,LONTE,  6.63 ,-, - ,-, - ,  6.63 ,Small Cap
4822,Brijlaxmi Leasing & Finance ltd.,INE957E01031,BRIJLEAS,  6.60 ,-, - ,-, - ,  6.60 ,Small Cap
4823,Polytex India Ltd.,INE012F01016,POLYTEX,  6.60 ,-, - ,-, - ,  6.60 ,Small Cap
4824,Vintage Securities Ltd.,INE153C01015,VINTAGES,  6.57 ,-, - ,-, - ,  6.57 ,Small Cap
4825,Raghunath International Ltd.,INE753B01014,RAGHUNAT,  6.56 ,-, - ,-, - ,  6.56 ,Small Cap
4826,Abhinav Leasing & Finance Limited,INE211D01027,ALFL,  6.56 ,-, - ,-, - ,  6.56 ,Small Cap
4827,Excel Glasses Ltd.,INE664C01029,XCLGLASS,  6.56 ,-, - ,-, - ,  6.56 ,Small Cap
4828,Info-Drive Software Ltd.,INE804D01029,INFODRIVE,  6.55 ,-, - ,-, - ,  6.55 ,Small Cap
4829,Gontermann Peipers (India) Ltd.,INE530A01026,GONTER,  6.54 ,-, - ,-, - ,  6.54 ,Small Cap
4830,Mukta Agriculture Limited,INE160O01031,MUKTA,  6.53 ,-, - ,-, - ,  6.53 ,Small Cap
4831,Surbhi Industries Limited,INE899E01019,SURBHIN,  6.51 ,-, - ,-, - ,  6.51 ,Small Cap
4832,TRANWAY21 TECHNOLOGIES LIMITED,INE0BIW01023,TRANWAY21,  6.50 ,-, - ,-, - ,  6.50 ,Small Cap
4833,Sungold Capital Ltd.,INE271D01013,SUNGOLD,  6.48 ,-, - ,-, - ,  6.48 ,Small Cap
4834,Seven Hill Industries Limited,INE518D01025,SEVENHILL,  6.47 ,-, - ,-, - ,  6.47 ,Small Cap
4835,Ashram Online.com Ltd,INE293C01019,ASHRAM,  6.46 ,-, - ,-, - ,  6.46 ,Small Cap
4836,Naksh Precious Metals Limited,INE256S01012,NAKSH,  6.46 ,-, - ,-, - ,  6.46 ,Small Cap
4837,Purohit Construction Limited,INE147J01012,PUROHITCON,  6.43 ,-, - ,-, - ,  6.43 ,Small Cap
4838,Sophia Traexpo Limited,INE268X01017,STRAEXPO,  6.42 ,-, - ,-, - ,  6.42 ,Small Cap
4839,Gravity (India) Ltd.,INE995A01013,GRAVITY,  6.41 ,-, - ,-, - ,  6.41 ,Small Cap
4840,Grandma Trading & Agencies Ltd.,INE927M01029,GRANDMA,  6.40 ,-, - ,-, - ,  6.40 ,Small Cap
4841,Tirth Plastic Ltd.,INE008N01018,TIRTPLS,  6.40 ,-, - ,-, - ,  6.40 ,Small Cap
4842,Aravali Securities & Finance Ltd.,INE068C01015,ARAVALIS,  6.36 ,-, - ,-, - ,  6.36 ,Small Cap
4843,AMANAYA VENTURES LIMITED,INE0G1V01016,AMANAYA,  6.32 ,-, - ,-, - ,  6.32 ,Small Cap
4844,Shree Precoated Steels Limited,INE318K01025,SPSL,  6.31 ,-, - ,-, - ,  6.31 ,Small Cap
4845,Vision Corporation Ltd.,INE661D01015,VISIONCO,  6.29 ,-, - ,-, - ,  6.29 ,Small Cap
4846,B&B Realty Limited,INE314E01019,BBREALTY,  6.29 ,-, - ,-, - ,  6.29 ,Small Cap
4847,SPARC ELECTREX LIMITED,INE960B01015,SPAR,  6.26 ,-, - ,-, - ,  6.26 ,Small Cap
4848,Siddha Ventures Limited,INE140C01012,SIDDHA,  6.24 ,-, - ,-, - ,  6.24 ,Small Cap
4849,Starlite Components Ltd.,INE035C01022,STARLITE,  6.22 ,-, - ,-, - ,  6.22 ,Small Cap
4850,WORLDWIDE ALUMINIUM LIMITED,INE550D01010,WWALUM,  6.19 ,-, - ,-, - ,  6.19 ,Small Cap
4851,MFS Intercorp Limited,INE614F01019,MFSINTRCRP,  6.18 ,-, - ,-, - ,  6.18 ,Small Cap
4852,Pet Plastics Ltd.,INE704F01018,PETPLST,  6.18 ,-, - ,-, - ,  6.18 ,Small Cap
4853,Melstar Information Technologies Ltd.,INE817A01019,MELSTAR,  6.17 ,-, - ,-, - ,  6.17 ,Small Cap
4854,Multiplus Holdings Ltd.,INE886E01016,MULTIIN,  6.17 ,-, - ,-, - ,  6.17 ,Small Cap
4855,Atharv Enterprises Limited,INE354E01031,ATHARVENT,  6.16 ,-, - ,-, - ,  6.16 ,Small Cap
4856,Lakshmi Precision Screws Ltd.,INE651C01018,LAKPRE,  6.35 ,LAKPRE,  5.97 ,-, - ,  6.16 ,Small Cap
4857,CMI Limited,INE981B01011,CMICABLES,  6.26 ,CMICABLES,  6.06 ,-, - ,  6.16 ,Small Cap
4858,Continental Controls Ltd.,INE545B01022,CONTICON,  6.16 ,-, - ,-, - ,  6.16 ,Small Cap
4859,Modella Woollens Ltd.,INE380D01012,MODWOOL,  6.15 ,-, - ,-, - ,  6.15 ,Small Cap
4860,S.R.Industries Ltd.,INE329C01011,SRIND,  6.14 ,-, - ,-, - ,  6.14 ,Small Cap
4861,Ankur Marketing Limited,INE944E01013,-, - ,-, - ,ANKUR,  6.11 ,  6.11 ,Small Cap
4862,Brawn Biotech Limited,INE899B01015,BRAWN,  6.10 ,-, - ,-, - ,  6.10 ,Small Cap
4863,KOBO BIOTECH LIMITED,INE881A01015,KOBO,  6.07 ,-, - ,-, - ,  6.07 ,Small Cap
4864,Padmanabh Industries Limited,INE743D01011,PADMAIND,  6.07 ,-, - ,-, - ,  6.07 ,Small Cap
4865,Mafatlal Lubricants Ltd.,INE521D01011,MAFLU,  6.05 ,-, - ,-, - ,  6.05 ,Small Cap
4866,Nihar Info Global Ltd.,INE876E01033,NIHARINF,  6.03 ,-, - ,-, - ,  6.03 ,Small Cap
4867,C & C Constructions Ltd.,INE874H01015,CANDC,  6.01 ,-, - ,-, - ,  6.01 ,Small Cap
4868,Fenoplast ltd.,INE138D01014,FENOPLAS,  6.00 ,-, - ,-, - ,  6.00 ,Small Cap
4869,Looks Health Services Limited,INE204N01013,LOOKS,  5.99 ,-, - ,-, - ,  5.99 ,Small Cap
4870,Gujarat Metallic Coal & Coke Ltd,INE146F01020,GMETCOAL,  5.94 ,-, - ,-, - ,  5.94 ,Small Cap
4871,SGN Telecoms Ltd.,INE266C01023,SGNTE,  5.94 ,-, - ,-, - ,  5.94 ,Small Cap
4872,SEA TV Network Limited,INE351L01016,SEATV,  5.93 ,-, - ,-, - ,  5.93 ,Small Cap
4873,Rampur Fertilizers Limited,INE671X01012,-, - ,-, - ,RAMPURFERT,  5.91 ,  5.91 ,Small Cap
4874,Dharani Finance Ltd.,INE899D01011,DHARFIN,  5.90 ,-, - ,-, - ,  5.90 ,Small Cap
4875,Hit Kit Global Solutions Ltd,INE309B01023,HITKITGLO,  5.90 ,-, - ,-, - ,  5.90 ,Small Cap
4876,Asianlakto Industries Limited,INE771U01016,-, - ,-, - ,ASIANLAKTO,  5.90 ,  5.90 ,Small Cap
4877,Eskay K'n'IT (India) Ltd,INE220A01032,ESKAY,  5.90 ,-, - ,-, - ,  5.90 ,Small Cap
4878,ISHAAN INFRASTRUCTURE AND SHELTERS LIMITED,INE818R01011,IISL,  5.89 ,-, - ,-, - ,  5.89 ,Small Cap
4879,M.P. Agro Industries Ltd.,INE468C01017,MPAGI,  5.88 ,-, - ,-, - ,  5.88 ,Small Cap
4880,HANMAN FIT LIMITED,INE982Q01017,HANMAN,  5.86 ,-, - ,-, - ,  5.86 ,Small Cap
4881,Shree Tulsi Online.Com Limited,INE130D01037,-, - ,-, - ,SHREETULSI,  5.84 ,  5.84 ,Small Cap
4882,Kuber Udyog Limited,INE594R01018,KUBERJI,  5.84 ,-, - ,-, - ,  5.84 ,Small Cap
4883,Gratex Industries Ltd.,INE915E01013,GRATEXI,  5.84 ,-, - ,-, - ,  5.84 ,Small Cap
4884,Coral Newsprints Ltd.,INE715D01019,CORNE,  5.84 ,-, - ,-, - ,  5.84 ,Small Cap
4885,LEXORAA INDUSTRIES LIMITED,INE185D01015,LEXORAA,  5.83 ,-, - ,-, - ,  5.83 ,Small Cap
4886,Aadi Industries Ltd,INE563D01013,AADIIND,  5.83 ,-, - ,-, - ,  5.83 ,Small Cap
4887,MUZALI ARTS LIMITED,INE873S01022,MUZALI,  5.80 ,-, - ,-, - ,  5.80 ,Small Cap
4888,Bharatiya Global Infomedia Limited,INE224M01013,BGLOBAL,  5.89 ,BGLOBAL,  5.70 ,-, - ,  5.80 ,Small Cap
4889,Maryada Commercial Enterprises & Investment Co Ltd,INE372W01019,-, - ,-, - ,MARYADACOM,  5.78 ,  5.78 ,Small Cap
4890,Neo Corp International Ltd,INE851C01014,NEOCORP,  5.78 ,-, - ,-, - ,  5.78 ,Small Cap
4891,M LAKHAMSI INDUSTRIES LIMITED,INE808W01012,MLINDLTD,  5.78 ,-, - ,-, - ,  5.78 ,Small Cap
4892,Harig Crankshafts Ltd.,INE905C01034,HARCR,  5.75 ,-, - ,-, - ,  5.75 ,Small Cap
4893,CHD Chemicals Limited,INE043U01010,CHDCHEM,  5.74 ,-, - ,-, - ,  5.74 ,Small Cap
4894,Ridings Consulting Engineers India Limited,INE314Z01014,RIDINGS,  5.72 ,-, - ,-, - ,  5.72 ,Small Cap
4895,Nakoda Limited,INE559B01023,NAKODA,  5.70 ,-, - ,-, - ,  5.70 ,Small Cap
4896,KLG Capital Services Ltd.,INE929C01018,KLGCAP,  5.69 ,-, - ,-, - ,  5.69 ,Small Cap
4897,Infra Industries Ltd.,INE287D01019,INFRAIND,  5.68 ,-, - ,-, - ,  5.68 ,Small Cap
4898,Epsom Properties Limited,INE601F01016,EPSOMPRO,  5.67 ,-, - ,-, - ,  5.67 ,Small Cap
4899,Kids Medical Systems Limited,INE457Y01014,KMSL,  5.66 ,-, - ,-, - ,  5.66 ,Small Cap
4900,Union Quality Plastics Ltd.,INE338N01019,UNQTYMI,  5.64 ,-, - ,-, - ,  5.64 ,Small Cap
4901,Integrated Thermoplastics Ltd.,INE038N01015,INTETHR,  5.63 ,-, - ,-, - ,  5.63 ,Small Cap
4902,Shelter Infra Projects Limited,INE413C01013,SIPL,  5.61 ,-, - ,-, - ,  5.61 ,Small Cap
4903,Incon Engineers Ltd.,INE507D01010,INCON,  5.60 ,-, - ,-, - ,  5.60 ,Small Cap
4904,Garodia Chemicals Ltd.,INE236P01010,GARODCH,  5.58 ,-, - ,-, - ,  5.58 ,Small Cap
4905,Ramasigns Industries Limited,INE650D01026,RAMASIGNS,  5.58 ,-, - ,-, - ,  5.58 ,Small Cap
4906,FACOR Steels Limited,INE829G01011,FACORSTE,  5.58 ,-, - ,-, - ,  5.58 ,Small Cap
4907,Virgo Global Limited,INE400B01020,VIRGOGLOB,  5.52 ,-, - ,-, - ,  5.52 ,Small Cap
4908,Mahaveer Infoway Limited,INE019D01016,MAHAVEER,  5.51 ,-, - ,-, - ,  5.51 ,Small Cap
4909,Quality Synthetic Industries Limited,INE062F01011,-, - ,-, - ,QUALITY,  5.50 ,  5.50 ,Small Cap
4910,Neycer India Ltd.,INE275N01013,NEYCERI,  5.50 ,-, - ,-, - ,  5.50 ,Small Cap
4911,Lead Financial Services  Ltd,INE531D01010,LEADFIN,  5.49 ,-, - ,-, - ,  5.49 ,Small Cap
4912,SOLANA BIOFUELS LIMITED,INE371B01023,SOLANA,  5.49 ,-, - ,-, - ,  5.49 ,Small Cap
4913,Ortel Communications Limited,INE849L01019,ORTEL,  5.41 ,ORTEL,  5.56 ,-, - ,  5.49 ,Small Cap
4914,Goyal Associates Ltd.,INE912B01032,GOYALASS,  5.47 ,-, - ,-, - ,  5.47 ,Small Cap
4915,Pithampur Poly Products Ltd.,INE747D01012,PITHP,  5.45 ,-, - ,-, - ,  5.45 ,Small Cap
4916,Ghushine Fintrrade Ocean Limited,INE009U01011,GHUSHINE,  5.44 ,-, - ,-, - ,  5.44 ,Small Cap
4917,Shyama Computronics and Services Limited,INE861E01019,SHYAMACOMP,  5.40 ,-, - ,-, - ,  5.40 ,Small Cap
4918,ASIA CAPITAL LIMITED,INE131Q01011,ASIACAP,  5.37 ,-, - ,-, - ,  5.37 ,Small Cap
4919,Boston Bio Systems Ltd.,INE109B01019,BOSTONBIO,  5.37 ,-, - ,-, - ,  5.37 ,Small Cap
4920,MAFIA TRENDS LIMITED,INE0KQQ01011,MAFIA,  5.36 ,-, - ,-, - ,  5.36 ,Small Cap
4921,Advance Syntex Limited,INE184U01012,ASYL,  5.36 ,-, - ,-, - ,  5.36 ,Small Cap
4922,Foundry Fuel Products Ltd.,INE617C01027,FFPL,  5.36 ,-, - ,-, - ,  5.36 ,Small Cap
4923,N.R.International Limited,INE605F01017,NRINTER,  5.34 ,-, - ,-, - ,  5.34 ,Small Cap
4924,Sword-Edge Commercials Limited,INE093G01022,SWORDEDGE,  5.30 ,-, - ,-, - ,  5.30 ,Small Cap
4925,SIMPLEX PAPERS LTD.,INE456H01029,SIMPLXPAP,  5.29 ,-, - ,-, - ,  5.29 ,Small Cap
4926,Golkonda Aluminium Extrusions Ltd,INE327C01031,GOLKONDA,  5.26 ,-, - ,-, - ,  5.26 ,Small Cap
4927,Lark Trading & Finance Limited,INE936T01017,-, - ,-, - ,LARK,  5.26 ,  5.26 ,Small Cap
4928,Aditya Ispat Ltd.,INE570B01012,ADITYA,  5.23 ,-, - ,-, - ,  5.23 ,Small Cap
4929,IMP Power Ltd.,INE065B01013,INDLMETER,  5.23 ,-, - ,-, - ,  5.23 ,Small Cap
4930,Cindrella Financial Services Ltd.,INE897D01015,CINDRELL,  5.23 ,-, - ,-, - ,  5.23 ,Small Cap
4931,Wagend Infra Venture Limited,INE786K01023,WAGEND,  5.22 ,-, - ,-, - ,  5.22 ,Small Cap
4932,JCK Infrastructure Development Limited,INE188R01019,-, - ,-, - ,JCKINFRA,  5.21 ,  5.21 ,Small Cap
4933,ASIS LOGISTICS LIMITED,INE888E01020,ASISL,  5.19 ,-, - ,-, - ,  5.19 ,Small Cap
4934,Aananda Lakshmi Spinning Mills Limited,INE197R01010,AANANDALAK,  5.19 ,-, - ,-, - ,  5.19 ,Small Cap
4935,Goldedge Estate And Investments Limited,INE980V01011,-, - ,-, - ,GOLDEDGE,  5.15 ,  5.15 ,Small Cap
4936,FABINO ENTERPRISES LIMITED,INE0DRT01018,FABINO,  5.13 ,-, - ,-, - ,  5.13 ,Small Cap
4937,Mahesh Developers Limited,INE01MO01013,MAHESH,  5.11 ,-, - ,-, - ,  5.11 ,Small Cap
4938,Vaishno Cement Co. Ltd.,INE116E01018,VAICC,  5.10 ,-, - ,-, - ,  5.10 ,Small Cap
4939,Dhruv Wellness Limited,INE109Y01011,DWL,  5.10 ,-, - ,-, - ,  5.10 ,Small Cap
4940,Unishire Urban Infra Limited,INE210P01015,UNISHIRE,  5.09 ,-, - ,-, - ,  5.09 ,Small Cap
4941,JPT Securities Ltd.,INE630C01012,JPTSEC,  5.08 ,-, - ,-, - ,  5.08 ,Small Cap
4942,Rich 'N' Rich Finance And Holdings Limited,INE01KG01013,-, - ,-, - ,RICHNRICH,  5.05 ,  5.05 ,Small Cap
4943,Shantanu Sheorey Aquakult ltd.,INE545N01019,SHAQUAK,  5.05 ,-, - ,-, - ,  5.05 ,Small Cap
4944,Bansisons Tea Industries Ltd.,INE856E01019,BANSTEA,  5.02 ,-, - ,-, - ,  5.02 ,Small Cap
4945,Jointeca Education Solutions Limited,INE131N01018,JOINTECAED,  5.00 ,-, - ,-, - ,  5.00 ,Small Cap
4946,Rainbow Papers Ltd.,INE028D01025,RAINBOWPAP,  4.99 ,-, - ,-, - ,  4.99 ,Small Cap
4947,Sri Narayan Raj Kumar Merchants Limited,INE063F01019,-, - ,-, - ,SRINARAYAN,  4.98 ,  4.98 ,Small Cap
4948,United Textiles Ltd.,INE727E01012,UNITEDTE,  4.98 ,-, - ,-, - ,  4.98 ,Small Cap
4949,Source Industries (India) Ltd,INE695C01015,SOURCEIND,  4.97 ,-, - ,-, - ,  4.97 ,Small Cap
4950,Vallabh Steels ltd,INE457E01016,VALLABHSQ,  4.96 ,-, - ,-, - ,  4.96 ,Small Cap
4951,SUNPOINT TRADING LIMITED,INE098D01010,-, - ,-, - ,SUNPOINT,  4.93 ,  4.93 ,Small Cap
4952,B.P.Capital Ltd.,INE947C01010,BPCAP,  4.92 ,-, - ,-, - ,  4.92 ,Small Cap
4953,Voltaire Leasing & Finance Ltd.,INE763D01019,VOLLF,  4.90 ,-, - ,-, - ,  4.90 ,Small Cap
4954,Atcom Technologies Ltd.,INE834A01014,ATCOM,  4.89 ,-, - ,-, - ,  4.89 ,Small Cap
4955,Indu Engineering And Textiles Limited,INE022S01018,-, - ,-, - ,INDUENG,  4.89 ,  4.89 ,Small Cap
4956,Multipurpose Trading & Agencies Ltd,INE017P01014,ZMULTIPU,  4.88 ,-, - ,-, - ,  4.88 ,Small Cap
4957,Heera Ispat Ltd.,INE025D01013,HEERAISP,  4.88 ,-, - ,-, - ,  4.88 ,Small Cap
4958,Maximaa Systems ltd.,INE161B01036,MAXIMAA,  4.87 ,-, - ,-, - ,  4.87 ,Small Cap
4959,SAMRUDDHI REALTY LIMITED,INE621O01016,SRL,  4.85 ,-, - ,-, - ,  4.85 ,Small Cap
4960,Women Networks Ltd.,INE905B01010,WOMENNET,  4.84 ,-, - ,-, - ,  4.84 ,Small Cap
4961,Olympic Cards Limited,INE550L01013,OLPCL,  4.84 ,-, - ,-, - ,  4.84 ,Small Cap
4962,Trio Mercantile & Trading Limited,INE234G01022,TRIOMERC,  4.83 ,-, - ,-, - ,  4.83 ,Small Cap
4963,Mahasagar Travels Ltd.,INE007G01014,MHSGRMS,  4.80 ,-, - ,-, - ,  4.80 ,Small Cap
4964,SUUMAYA CORPORATION LIMITED,INE0EMB01015,SUUMAYA,  4.80 ,-, - ,-, - ,  4.80 ,Small Cap
4965,PAE LTd.,INE766A01018,PAEL,  4.79 ,-, - ,-, - ,  4.79 ,Small Cap
4966,Cistro Telelink Ltd.,INE365C01023,CISTRO,  4.79 ,-, - ,-, - ,  4.79 ,Small Cap
4967,BEFOUND MOVEMENT LIMITED,INE425F01028,BEFOUNDMOL,  4.79 ,-, - ,-, - ,  4.79 ,Small Cap
4968,Jalpac India Ltd.,INE976B01011,JALPAC,  4.79 ,-, - ,-, - ,  4.79 ,Small Cap
4969,Ashutosh Paper Mills Ltd.,INE723K01018,ASHUTPM,  4.78 ,-, - ,-, - ,  4.78 ,Small Cap
4970,Sikozy Realtors Limited,INE528E01022,SIKOZY,  4.78 ,-, - ,-, - ,  4.78 ,Small Cap
4971,Quintegra Solutions Limited,INE033B01011,QUINTEGRA,  4.78 ,QUINTEGRA,  4.76 ,-, - ,  4.77 ,Small Cap
4972,VXL Instruments Ltd.,INE756A01019,VXLINSTR,  4.76 ,-, - ,-, - ,  4.76 ,Small Cap
4973,Karnimata Cold Storage Limited,INE576P01019,KCSL,  4.74 ,-, - ,-, - ,  4.74 ,Small Cap
4974,Shivansh Finserv Limited,INE728Q01014,SHIVA,  4.74 ,-, - ,-, - ,  4.74 ,Small Cap
4975,Diamant Infrastructure Limited,INE206I01026,DIAMANT,  4.72 ,-, - ,-, - ,  4.72 ,Small Cap
4976,KRISHNA FILAMENT INDUSTRIES LIMITED,INE073A01019,KRIFILIND,  4.71 ,-, - ,-, - ,  4.71 ,Small Cap
4977,Athena Constructions Limited,INE291R01011,ATHCON,  4.71 ,-, - ,-, - ,  4.71 ,Small Cap
4978,Monica Electronics Ltd.,INE568C01014,MONEL,  4.69 ,-, - ,-, - ,  4.69 ,Small Cap
4979,Aurum Capital Projects Limited,INE050F01016,-, - ,-, - ,AURUMCAP,  4.67 ,  4.67 ,Small Cap
4980,Metkore Alloys & Industries Ltd,INE592I01029,METKORE,  4.65 ,-, - ,-, - ,  4.65 ,Small Cap
4981,Ashiana Agro Industries Ltd,INE709D01012,ASHAI,  4.62 ,-, - ,-, - ,  4.62 ,Small Cap
4982,Universal Arts Ltd,INE464B01018,UNIVARTS,  4.60 ,-, - ,-, - ,  4.60 ,Small Cap
4983,Beeyu Overseas Ltd.,INE052B01011,BEEYU,  4.59 ,-, - ,-, - ,  4.59 ,Small Cap
4984,Transglobe Foods Ltd.,INE213P01027,TRANSFD,  4.59 ,-, - ,-, - ,  4.59 ,Small Cap
4985,Patidar Buildcon Limited,INE637N01014,PATIDAR,  4.58 ,-, - ,-, - ,  4.58 ,Small Cap
4986,Rainbow Denim Ltd.,INE820D01025,RAINBOWDQ,  4.57 ,-, - ,-, - ,  4.57 ,Small Cap
4987,Unitech International Ltd,INE929K01011,UNITINT,  4.57 ,-, - ,-, - ,  4.57 ,Small Cap
4988,Oscar Global Ltd,INE473F01010,OSCARGLO,  4.56 ,-, - ,-, - ,  4.56 ,Small Cap
4989,Global Infratech & Finance limited,INE377M01035,GBLINFRA,  4.54 ,-, - ,-, - ,  4.54 ,Small Cap
4990,Mahalaxmi Seamless Ltd.,INE257F01017,MAHALXSE,  4.51 ,-, - ,-, - ,  4.51 ,Small Cap
4991,Sarnimal Investment Limited,INE464R01022,-, - ,-, - ,SARNIMAL,  4.50 ,  4.50 ,Small Cap
4992,TALWALKARS BETTER VALUE FITNESS LIMITED,INE502K01016,TALWALKARS,  4.50 ,-, - ,-, - ,  4.50 ,Small Cap
4993,Ashoka Refineries Ltd.,INE760M01016,ASHOKRE,  4.48 ,-, - ,-, - ,  4.48 ,Small Cap
4994,Nu Tek India Limited,INE318J01027,NUTEK,  4.48 ,-, - ,-, - ,  4.48 ,Small Cap
4995,AMERISE BIOSCIENCES LIMITED,INE673C01020,AMERISE,  4.48 ,-, - ,-, - ,  4.48 ,Small Cap
4996,Natura Hue Chem Ltd.,INE487B01019,NATHUEC,  4.45 ,-, - ,-, - ,  4.45 ,Small Cap
4997,Premium Capital Market & Investment,INE555D01019,PREMCAPM,  4.44 ,-, - ,-, - ,  4.44 ,Small Cap
4998,Swadha Nature Limited,INE0P4R01017,SWADHATURE,  4.44 ,-, - ,-, - ,  4.44 ,Small Cap
4999,Superior Finlease Limited,INE574R01028,SUPERIOR,  4.43 ,-, - ,SUPFIN,  4.43 ,  4.43 ,Small Cap
5000,Ambition Mica Limited,INE563S01011,AMBITION,  4.42 ,-, - ,-, - ,  4.42 ,Small Cap
5001,Chhabra Spinners ltd.,INE420D01016,CHABRASP,  4.41 ,-, - ,-, - ,  4.41 ,Small Cap
5002,Majestic Research Services and Solutions Limited,INE196R01012,MRSS,  4.39 ,-, - ,-, - ,  4.39 ,Small Cap
5003,Navoday Enterprises Limited,INE0DB001013,NAVODAYENT,  4.39 ,-, - ,-, - ,  4.39 ,Small Cap
5004,Sand Plast (India) Ltd.,INE122K01013,SANDPLAST,  4.34 ,-, - ,-, - ,  4.34 ,Small Cap
5005,Elango Industries Ltd,INE594D01018,ELANGO,  4.32 ,-, - ,-, - ,  4.32 ,Small Cap
5006,Decorous Investment and Trading Co. Ltd.,INE183R01010,DITCO,  4.30 ,-, - ,-, - ,  4.30 ,Small Cap
5007,Rajkot Investment Trust Limited,INE176R01014,RAJKOTINV,  4.30 ,-, - ,-, - ,  4.30 ,Small Cap
5008,Ken Financial Services Ltd.,INE395E01018,KENFIN,  4.29 ,-, - ,-, - ,  4.29 ,Small Cap
5009,S.M. Energy Teknik & Electronics Lt,INE540D01011,SMENER,  4.28 ,-, - ,-, - ,  4.28 ,Small Cap
5010,KANUNGO FINANCIERS LIMITED,INE453S01015,KANUNGO,  4.27 ,-, - ,-, - ,  4.27 ,Small Cap
5011,Nicco Corporation Ltd.,INE241C01026,NICCO,  4.25 ,-, - ,-, - ,  4.25 ,Small Cap
5012,Innocorp Limited,INE214B01017,INNOCORP,  4.25 ,-, - ,-, - ,  4.25 ,Small Cap
5013,Ventura Guaranty Ltd.,INE139J01019,SHYAM,  4.23 ,-, - ,-, - ,  4.23 ,Small Cap
5014,Adjia Technologies Limited,INE0G0V01018,ADJIA,  4.20 ,-, - ,-, - ,  4.20 ,Small Cap
5015,Omnipotent Industries Limited,INE0JFE01012,OMNIPOTENT,  4.19 ,-, - ,-, - ,  4.19 ,Small Cap
5016,JLA Infraville Shoppers Limited,INE401Q01018,JSHL,  4.17 ,-, - ,-, - ,  4.17 ,Small Cap
5017,Kanel Industries Limited,INE252C01015,KANELIND,  4.14 ,-, - ,-, - ,  4.14 ,Small Cap
5018,Purple Entertainment Limited,INE905R01016,PURPLE,  4.12 ,-, - ,-, - ,  4.12 ,Small Cap
5019,MAX ALERT SYSTEMS LIMITED,INE253N01010,MASL,  4.09 ,-, - ,-, - ,  4.09 ,Small Cap
5020,Futuristic Offshore Services and Chemical Ltd.,INE418A01016,FOSCL,  4.09 ,-, - ,-, - ,  4.09 ,Small Cap
5021,Alchemist Limited,INE964B01033,ALCHEM,  4.08 ,-, - ,-, - ,  4.08 ,Small Cap
5022,Advik Laboratories Ltd.,INE537C01019,ADVIKLA,  4.06 ,-, - ,-, - ,  4.06 ,Small Cap
5023,Ekam Leasing & Finance Co. Ltd.,INE906L01025,EKAMLEA,  4.04 ,-, - ,-, - ,  4.04 ,Small Cap
5024,JAYATMA ENTERPRISES LIMITED,INE246D01015,JAYATMA,  4.01 ,-, - ,-, - ,  4.01 ,Small Cap
5025,Rajvir Industries Limited,INE011H01014,RAJVIR,  4.17 ,RAJVIR,  3.86 ,-, - ,  4.01 ,Small Cap
5026,MODEX INTERNATIONAL SECURITIES LTD.,INE072D01015,MODEX,  4.00 ,-, - ,-, - ,  4.00 ,Small Cap
5027,Peoples Investments Ltd.,INE644U01015,PEOPLIN,  3.99 ,-, - ,-, - ,  3.99 ,Small Cap
5028,City Online Services Limited,INE158C01014,CITYONLINE,  3.99 ,-, - ,-, - ,  3.99 ,Small Cap
5029,Kiran Syntex Ltd.,INE293D01017,KIRANSY-B,  3.97 ,-, - ,-, - ,  3.97 ,Small Cap
5030,GoldCoin Health Foods Limited,INE634J01019,GOLDCOINHF,  3.93 ,-, - ,-, - ,  3.93 ,Small Cap
5031,ENCODE PACKAGING INDIA LIMITED,INE900O01014,ENCODE,  3.92 ,-, - ,-, - ,  3.92 ,Small Cap
5032,Kamini Finance & Investment Company Limited,INE927E01018,-, - ,-, - ,KAMINI,  3.90 ,  3.90 ,Small Cap
5033,Gopal Iron & Steels Co.(Gujarat) Lt,INE641H01018,GOPAIST,  3.89 ,-, - ,-, - ,  3.89 ,Small Cap
5034,Sturdy Industries Ltd.,INE134F01026,STURDY,  3.89 ,-, - ,-, - ,  3.89 ,Small Cap
5035,Amarnath Securities Ltd.,INE745P01010,AMARSEC,  3.89 ,-, - ,-, - ,  3.89 ,Small Cap
5036,Omkar Overseas ltd.,INE680D01015,OMKAR,  3.88 ,-, - ,-, - ,  3.88 ,Small Cap
5037,Richa Industries Limited,INE516H01012,RICHAIND,  3.87 ,-, - ,-, - ,  3.87 ,Small Cap
5038,Maxplus Logistics Limited,INE961R01019,-, - ,-, - ,MAXPLUS,  3.83 ,  3.83 ,Small Cap
5039,Jauss Polymers Ltd,INE593O01017,JAUSPOL,  3.83 ,-, - ,-, - ,  3.83 ,Small Cap
5040,Hemo Organic Limited,INE422G01015,HEMORGANIC,  3.79 ,-, - ,-, - ,  3.79 ,Small Cap
5041,Ace Exports Limited,INE781X01019,-, - ,-, - ,ACEEXPO,  3.77 ,  3.77 ,Small Cap
5042,Tricom Fruit Products Limited,INE843F01014,TRICOMFRU,  3.77 ,-, - ,-, - ,  3.77 ,Small Cap
5043,Netripples Software Limited,INE478B01018,NETRIPPLES,  3.76 ,-, - ,-, - ,  3.76 ,Small Cap
5044,Euro Ceremics Ltd,INE649H01011,EUROCERA,  3.74 ,-, - ,-, - ,  3.74 ,Small Cap
5045,Sophia Exports Limited,INE948E01014,-, - ,-, - ,SOPHIA,  3.74 ,  3.74 ,Small Cap
5046,Winsome Diamonds and Jewellery Limited,INE664A01015,WINSOMEDJ,  3.73 ,-, - ,-, - ,  3.73 ,Small Cap
5047,Mahan Industries Ltd.,INE735D01041,MAHANIN,  3.72 ,-, - ,-, - ,  3.72 ,Small Cap
5048,Omni Axs Software Ltd.,INE369B01019,OMNIAX,  3.71 ,-, - ,-, - ,  3.71 ,Small Cap
5049,ACE EDUTREND LIMITED,INE715F01014,ACEEDU,  3.71 ,-, - ,-, - ,  3.71 ,Small Cap
5050,SIDH AUTOMOBILES LIMITED,INE403L01015,SIDH,  3.70 ,-, - ,-, - ,  3.70 ,Small Cap
5051,G-Tech Info-Training Ltd.,INE634D01038,GTEIT,  3.66 ,-, - ,-, - ,  3.66 ,Small Cap
5052,COVIDH TECHNOLOGIES LIMITED,INE899M01020,COVIDH,  3.64 ,-, - ,-, - ,  3.64 ,Small Cap
5053,T. Spiritual World Ltd.,INE541C01037,TSPIRITUAL,  3.64 ,-, - ,-, - ,  3.64 ,Small Cap
5054,Starlit Power Systems Limited,INE909P01012,STARLIT,  3.61 ,-, - ,-, - ,  3.61 ,Small Cap
5055,GCCL Construction And Realities Ltd,INE775C01015,GCCL,  3.60 ,-, - ,-, - ,  3.60 ,Small Cap
5056,Abhishek Infraventures Limited,INE281P01016,ABHIINFRA,  3.57 ,-, - ,ABHIINFRA,  3.57 ,  3.57 ,Small Cap
5057,Regal Entertainment & Consultants Ltd.,INE101E01010,REGAL,  3.57 ,-, - ,-, - ,  3.57 ,Small Cap
5058,Skyline India Limited,INE773X01016,-, - ,-, - ,SKYLINE,  3.56 ,  3.56 ,Small Cap
5059,Zel Jewellers Limited,INE513F01013,-, - ,-, - ,ZEL,  3.55 ,  3.55 ,Small Cap
5060,Devika Proteins Ltd.,INE248C01013,DEVIKA,  3.55 ,-, - ,-, - ,  3.55 ,Small Cap
5061,Roadways India Limited,INE518C01019,-, - ,-, - ,ROADWAYS,  3.52 ,  3.52 ,Small Cap
5062,Aar Shyam India Investment Company Limited,INE512R01010,AARSHYAM,  3.51 ,-, - ,-, - ,  3.51 ,Small Cap
5063,Hindustan Auto Finance Limited,INE806Q01018,-, - ,-, - ,HINDAUTO,  3.50 ,  3.50 ,Small Cap
5064,GCM Commodity & Derivatives Limited,INE200P01016,GCMCOMM,  3.46 ,-, - ,-, - ,  3.46 ,Small Cap
5065,Dolphin Medical Services Ltd.,INE796B01013,DOLPHMED,  3.45 ,-, - ,-, - ,  3.45 ,Small Cap
5066,Ruby Cables Limited,INE812T01010,RUBY,  3.44 ,-, - ,-, - ,  3.44 ,Small Cap
5067,Wisec Global Ltd.,INE638C01015,WISEC,  3.44 ,-, - ,-, - ,  3.44 ,Small Cap
5068,Biopac India Corporation Ltd,INE998A01017,BIOPAC,  3.43 ,-, - ,-, - ,  3.43 ,Small Cap
5069,J.R. Foods Limited,INE989E01018,JRFOODS,  3.43 ,-, - ,-, - ,  3.43 ,Small Cap
5070,Gujarat Winding Systems Limited,INE173V01013,GUJWIND,  3.43 ,-, - ,-, - ,  3.43 ,Small Cap
5071,Stewarts & Lloyds of India Ltd.,INE356D01012,STEWARTQ,  3.41 ,-, - ,-, - ,  3.41 ,Small Cap
5072,ASHAPURA INTIMATES FASHION LIMITED,INE428O01016,AIFL,  3.40 ,-, - ,-, - ,  3.40 ,Small Cap
5073,Euro Multivision Limited,INE063J01011,EUROMULTI,  3.40 ,-, - ,-, - ,  3.40 ,Small Cap
5074,Khator Fibre & Fabrics Ltd.,INE964G01016,KHTRFIB,  3.40 ,-, - ,-, - ,  3.40 ,Small Cap
5075,JRD Finance Limited,INE517E01017,-, - ,-, - ,JFL,  3.37 ,  3.37 ,Small Cap
5076,Dynamic Microsteppers Ltd.,INE443N01017,DYNMICR,  3.36 ,-, - ,-, - ,  3.36 ,Small Cap
5077,Jain Farms Palm Oil Limited,INE379Y01010,-, - ,-, - ,JAINFARM,  3.35 ,  3.35 ,Small Cap
5078,J.J.Exporters Ltd.,INE408B01015,JJEXPO,  3.34 ,-, - ,-, - ,  3.34 ,Small Cap
5079,Spectra Industries Ltd.,INE848B01012,SPECTRA,  3.34 ,-, - ,-, - ,  3.34 ,Small Cap
5080,Shiva Suitings Ltd.,INE02Z901011,SHVSUIT,  3.33 ,-, - ,-, - ,  3.33 ,Small Cap
5081,THAKKERS GROUP LIMITED,INE04VT01017,THAKKERS,  3.32 ,-, - ,-, - ,  3.32 ,Small Cap
5082,Blueblood Ventures Limited,INE562S01013,BVL,  3.32 ,-, - ,-, - ,  3.32 ,Small Cap
5083,Taaza International Limited,INE392H01018,TAAZAINT,  3.32 ,-, - ,-, - ,  3.32 ,Small Cap
5084,Kshitij Investments Ltd,INE733N01011,KSHITIJ,  3.31 ,-, - ,-, - ,  3.31 ,Small Cap
5085,Parijat Paper Mills Limited,INE447K01014,-, - ,-, - ,PPML,  3.29 ,  3.29 ,Small Cap
5086,GB GLOBAL LIMITED,INE087J01028,GBGLOBAL,  3.25 ,-, - ,-, - ,  3.25 ,Small Cap
5087,R J BIO-TECH LIMITED,INE594O01015,RJBIOTECH,  3.25 ,-, - ,-, - ,  3.25 ,Small Cap
5088,Parag Fans & Cooling Systems Limited,INE698V01019,-, - ,-, - ,PFCSL,  3.22 ,  3.22 ,Small Cap
5089,City Gold Credit Capital Limited,INE868D01016,-, - ,-, - ,CITYGOLD,  3.20 ,  3.20 ,Small Cap
5090,CENTERAC TECHNOLOGIES LIMITED,INE157B01026,CENTERAC,  3.19 ,-, - ,-, - ,  3.19 ,Small Cap
5091,Technical Associates Infrapower Limited,INE095S01014,-, - ,-, - ,TECHAINPOW,  3.18 ,  3.18 ,Small Cap
5092,Ennore Coke Limited,INE755H01016,ENNORE,  3.18 ,-, - ,-, - ,  3.18 ,Small Cap
5093,Arcee Indusrtries ltd.,INE276D01012,ARCEEIN,  3.16 ,-, - ,-, - ,  3.16 ,Small Cap
5094,Sanco Industries Ltd.,INE782L01012,-, - ,SANCO,  3.15 ,-, - ,  3.15 ,Small Cap
5095,Prabhat Securities Limited,INE774R01016,-, - ,-, - ,PRABHATSEC,  3.13 ,  3.13 ,Small Cap
5096,Credence Sound & Vision Ltd.,INE406C01025,CREDENCE,  3.13 ,-, - ,-, - ,  3.13 ,Small Cap
5097,SBL Infratech Limited,INE0DLM01024,SBLI,  3.12 ,-, - ,-, - ,  3.12 ,Small Cap
5098,Shri Kalyan Holdings Ltd.,INE079N01019,SHKALYN,  3.12 ,-, - ,-, - ,  3.12 ,Small Cap
5099,Saptak Chem And Business Limited,INE467X01023,SCBL,  3.12 ,-, - ,-, - ,  3.12 ,Small Cap
5100,P. K. Leasing & Finance Limited,INE061D01018,-, - ,-, - ,PKLEASING,  3.11 ,  3.11 ,Small Cap
5101,Tarangini Investments Limited,INE356R01020,-, - ,-, - ,TARANGINI,  3.11 ,  3.11 ,Small Cap
5102,Rane Computers Consultancy Ltd,INE749C01010,RANCC,  3.10 ,-, - ,-, - ,  3.10 ,Small Cap
5103,River Front Hotels Limited,INE970W01010,-, - ,-, - ,RFHL,  3.10 ,  3.10 ,Small Cap
5104,Encore Business System Limited,INE572B01018,-, - ,-, - ,EBSL,  3.10 ,  3.10 ,Small Cap
5105,Fourth Generation Information Systems Ltd,INE739B01039,4THGEN,  3.09 ,-, - ,-, - ,  3.09 ,Small Cap
5106,Jain Farms And Resorts Limited,INE378Y01012,-, - ,-, - ,JFRL,  3.07 ,  3.07 ,Small Cap
5107,Integrated Hi-tech ltd.,INE934A01012,INTEGHIT,  3.07 ,-, - ,-, - ,  3.07 ,Small Cap
5108,Dhampur Sugar (Kashipur) Ltd.,INE735A01013,DHAMSUGR,  3.06 ,-, - ,-, - ,  3.06 ,Small Cap
5109,Khyati Multimedia-Entertainment Ltd,INE593B01030,KHYATI,  3.05 ,-, - ,-, - ,  3.05 ,Small Cap
5110,Pace Automation Limited,INE413R01029,-, - ,-, - ,PACEAUTO,  3.02 ,  3.02 ,Small Cap
5111,Microse India Limited,INE809F01015,MICROSE,  3.00 ,-, - ,-, - ,  3.00 ,Small Cap
5112,Kovalam Inv. & Trading Co.Ltd.,INE735U01011,ZKOVALIN,  2.99 ,-, - ,-, - ,  2.99 ,Small Cap
5113,Twinstar Industries Limited,INE070B01013,TWINSTAR,  2.99 ,-, - ,-, - ,  2.99 ,Small Cap
5114,Ellora Traders Limited,INE237E01012,-, - ,-, - ,ELLORA,  2.99 ,  2.99 ,Small Cap
5115,Deltron Ltd,INE272R01011,DELTRON,  2.99 ,-, - ,-, - ,  2.99 ,Small Cap
5116,TMT (India) ltd.,INE182E01010,TMTIND-B1,  2.97 ,-, - ,-, - ,  2.97 ,Small Cap
5117,Neogem India Limited,INE552E01014,NOGMIND,  2.96 ,-, - ,-, - ,  2.96 ,Small Cap
5118,Vadilal Dairy International Ltd.,INE159T01016,VADIDAI,  2.95 ,-, - ,-, - ,  2.95 ,Small Cap
5119,TALWALKARS HEALTHCLUBS LIMITED,INE627Z01019,TALWGYM,  2.95 ,-, - ,-, - ,  2.95 ,Small Cap
5120,Shivom Investment & Consultancy Limited,INE074G01014,SICLTD,  2.94 ,-, - ,-, - ,  2.94 ,Small Cap
5121,Supraneet Finance & Consultants Limited,INE828D01010,-, - ,-, - ,SUPRANEET,  2.88 ,  2.88 ,Small Cap
5122,Oswal Leasing Ltd.,INE811Q01018,OSWALEA,  2.88 ,-, - ,-, - ,  2.88 ,Small Cap
5123,ASEEM GLOBAL LIMITED,INE439C01018,ASEEMG,  2.86 ,-, - ,-, - ,  2.86 ,Small Cap
5124,Amit Spinning Industries Ltd.,INE988A01026,ASIL,  2.84 ,-, - ,-, - ,  2.84 ,Small Cap
5125,Gaekwar Mills Ltd.,INE837X01027,ZGAEKWAR,  2.83 ,-, - ,-, - ,  2.83 ,Small Cap
5126,Niwas Spinning Mills Ltd.,INE163E01010,NIWASSP,  2.82 ,-, - ,-, - ,  2.82 ,Small Cap
5127,SIP Industries Ltd,INE186B01017,SIPIND,  2.81 ,-, - ,-, - ,  2.81 ,Small Cap
5128,Shikhar Consultants Ltd.,INE641B01011,SHIKHAR,  2.80 ,-, - ,-, - ,  2.80 ,Small Cap
5129,New Era Alkaloids & Export Limited,INE166V01017,-, - ,-, - ,NEWERA,  2.79 ,  2.79 ,Small Cap
5130,Radhagobind Commercial Limited,INE792P01020,RCL,  2.78 ,-, - ,-, - ,  2.78 ,Small Cap
5131,SSPN Finance Limited,INE820R01017,SSPNFIN,  2.75 ,-, - ,-, - ,  2.75 ,Small Cap
5132,I.C.S.A. (India) Ltd.,INE306B01029,ICSA,  2.74 ,-, - ,-, - ,  2.74 ,Small Cap
5133,SPV GLOBAL TRADING LIMITED,INE177E01010,SPVGLOBAL,  2.74 ,-, - ,-, - ,  2.74 ,Small Cap
5134,Tulsi Extrusions Limited,INE474I01012,TULSI,  2.72 ,-, - ,-, - ,  2.72 ,Small Cap
5135,Rekvina Laboratories Ltd,INE092O01028,VINRKLB,  2.71 ,-, - ,-, - ,  2.71 ,Small Cap
5136,Sunita Bonds & Holdings Limited,INE505E01012,-, - ,-, - ,SBHL,  2.69 ,  2.69 ,Small Cap
5137,SVA India Ltd,INE763K01014,SVAINDIA,  2.69 ,-, - ,-, - ,  2.69 ,Small Cap
5138,Madhur Industries Limited,INE110C01015,MADHURIND,  2.67 ,-, - ,-, - ,  2.67 ,Small Cap
5139,Enchante Jewellery Ltd.,INE772C01012,ENCHANTE,  2.65 ,-, - ,-, - ,  2.65 ,Small Cap
5140,Emmsons International Limited,INE073C01015,EMMSONS,  2.64 ,-, - ,-, - ,  2.64 ,Small Cap
5141,Softbpo Global Services Ltd.,INE459E01012,SOFTBPO,  2.64 ,-, - ,-, - ,  2.64 ,Small Cap
5142,Indus Fila Limited,INE025I01012,INDUSFILA,  2.63 ,-, - ,-, - ,  2.63 ,Small Cap
5143,Gajra Bevel Gears Ltd.,INE282D01010,GAJRA,  2.60 ,-, - ,-, - ,  2.60 ,Small Cap
5144,TechTrek India Limited,INE892N01015,TECHTREK,  2.57 ,-, - ,-, - ,  2.57 ,Small Cap
5145,Cox & Kings Financial Service Limited,INE391Z01012,CKFSL,  2.48 ,-, - ,-, - ,  2.48 ,Small Cap
5146,Charms Industries Ltd,INE442C01012,CHARMS,  2.48 ,-, - ,-, - ,  2.48 ,Small Cap
5147,REVATI MEDIA LIMITED,INE270D01015,REVAMEDIA,  2.46 ,-, - ,-, - ,  2.46 ,Small Cap
5148,Diksha Greens Limited,INE01GR01018,DGL,  2.46 ,-, - ,-, - ,  2.46 ,Small Cap
5149,Empee Sugars & Chemicals Ltd.,INE928B01012,EMPEESUG,  2.43 ,-, - ,-, - ,  2.43 ,Small Cap
5150,Brilliant Portfolios Ltd.,INE661F01010,BRIPORT,  2.43 ,-, - ,-, - ,  2.43 ,Small Cap
5151,Nicco-Uco Alliance Credit Ltd.,INE917B01023,NICCOUCO,  2.41 ,-, - ,-, - ,  2.41 ,Small Cap
5152,Rajeswari Infrastructure Limited,INE016C01014,RAJINFRA,  2.40 ,-, - ,-, - ,  2.40 ,Small Cap
5153,Linaks Microelectronics Ltd.,INE028C01027,LINAKS,  2.39 ,-, - ,-, - ,  2.39 ,Small Cap
5154,Kome-on Communication Limited,INE833C01012,KOCL,  2.39 ,-, - ,-, - ,  2.39 ,Small Cap
5155,Indo Credit Capital Ltd.,INE147D01015,INDOCRED,  2.35 ,-, - ,-, - ,  2.35 ,Small Cap
5156,Anand Projects Ltd,INE134R01013,ANANDPROJ,  2.29 ,-, - ,-, - ,  2.29 ,Small Cap
5157,Veronica Production Limited,INE008M01044,VERONICAPRO,  2.28 ,-, - ,-, - ,  2.28 ,Small Cap
5158,Prabhav Industries Limited,INE538J01012,PRABHAVIN,  2.26 ,-, - ,-, - ,  2.26 ,Small Cap
5159,Modern Denim Limited,INE01N301019,MDRNSUT-B,  2.25 ,-, - ,-, - ,  2.25 ,Small Cap
5160,Spangle Marketing Limited,INE315M01019,-, - ,-, - ,SPANGLE,  2.20 ,  2.20 ,Small Cap
5161,Asian Bearings Ltd.,INE046C01011,ASIANBRG,  2.19 ,-, - ,-, - ,  2.19 ,Small Cap
5162,Nidhi Services Limited,INE163S01010,-, - ,-, - ,NIDHISER,  2.18 ,  2.18 ,Small Cap
5163,HEM Holdings and Trading Ltd.,INE721U01011,ZHEMHOLD,  2.18 ,-, - ,-, - ,  2.18 ,Small Cap
5164,Jotindra Infrastructure Limited,INE173F01016,-, - ,-, - ,JOTINDRA,  2.17 ,  2.17 ,Small Cap
5165,Automobile Products of India Ltd.,INE0NY101012,AUTOPRD,  2.17 ,-, - ,-, - ,  2.17 ,Small Cap
5166,Sanguine Media Ltd.,INE617F01038,SANGUI,  2.17 ,-, - ,-, - ,  2.17 ,Small Cap
5167,Corporate Courier and Cargo Ltd,INE871E01018,CORPOCO,  2.15 ,-, - ,-, - ,  2.15 ,Small Cap
5168,Shree Rajeshwaranand Paper Mills Lt,INE617D01017,SRPML,  2.13 ,-, - ,-, - ,  2.13 ,Small Cap
5169,Galada Power & Communication Ltd.,INE255C01026,GALADA,  2.11 ,-, - ,-, - ,  2.11 ,Small Cap
5170,Blue Blends (India) Ltd,INE113O01014,BLUBLND-B,  2.10 ,-, - ,-, - ,  2.10 ,Small Cap
5171,Shreenath Investments Co. Ltd.,INE475V01012,SHRENTI,  2.06 ,-, - ,-, - ,  2.06 ,Small Cap
5172,Mudra Financial Services Ltd.,INE967S01014,MUDRA,  2.05 ,-, - ,-, - ,  2.05 ,Small Cap
5173,Hindusthan Udyog Ltd,INE582K01018,ZHINUDYP,  2.05 ,-, - ,-, - ,  2.05 ,Small Cap
5174,HRB Flouriculture Ltd.,INE284D01016,HRBFLOR,  2.05 ,-, - ,-, - ,  2.05 ,Small Cap
5175,Tirupati Industries (India) Ltd,INE329E01017,TIRIN,  2.04 ,-, - ,-, - ,  2.04 ,Small Cap
5176,Unipro Technologies Limited,INE448F01012,UPROTECH,  2.03 ,-, - ,-, - ,  2.03 ,Small Cap
5177,Shri Krishna Prasadam Limited,INE009Q01019,SKP,  2.03 ,-, - ,-, - ,  2.03 ,Small Cap
5178,Silver oak Commercial Ltd.,INE798C01017,SILVERO,  2.02 ,-, - ,-, - ,  2.02 ,Small Cap
5179,Gangotri Textiles Ltd.,INE670B01028,GANGOTRI,  2.03 ,GANGOTRI,  2.00 ,-, - ,  2.02 ,Small Cap
5180,GIKEN SEIKI INDUSTRIES LIMITED,INE757Q01013,-, - ,-, - ,GIKENSEIKI,  2.01 ,  2.01 ,Small Cap
5181,Capital Finvest Limited,INE379R01014,-, - ,-, - ,CAPFIN,  2.00 ,  2.00 ,Small Cap
5182,Amar Vanijya Limited,INE499F01015,-, - ,-, - ,AMARVAN,  1.99 ,  1.99 ,Small Cap
5183,Pillar Investment Company Limited,INE752U01016,-, - ,-, - ,PILLAR,  1.99 ,  1.99 ,Small Cap
5184,Sagar Systech Ltd.,INE771Z01015,SAGARSYST,  1.98 ,-, - ,-, - ,  1.98 ,Small Cap
5185,RAJVI LOGITRADE LIMITED,INE381N01019,RAJVI,  1.94 ,-, - ,-, - ,  1.94 ,Small Cap
5186,Technojet Consultants Ltd.,INE881P01013,TECHCON,  1.91 ,-, - ,-, - ,  1.91 ,Small Cap
5187,Premier Pipes Limited,INE448N01024,PREMPIPES,  1.90 ,-, - ,-, - ,  1.90 ,Small Cap
5188,P R Holdings Limited,INE160T01014,-, - ,-, - ,PRHOLDING,  1.89 ,  1.89 ,Small Cap
5189,Indo Gulf Industries  Ltd.,INE684U01011,IGLFXPL-B,  1.86 ,-, - ,-, - ,  1.86 ,Small Cap
5190,KUNDAN MINERALS AND METALS LIMITED,INE889B01016,KUNDANMM,  1.83 ,-, - ,-, - ,  1.83 ,Small Cap
5191,Mahavir Industries Limited,INE987M01023,MAHAVIRIND,  1.82 ,-, - ,-, - ,  1.82 ,Small Cap
5192,Vegepro Foods & Feeds Ltd.,INE155O01015,VGPRFOO,  1.81 ,-, - ,-, - ,  1.81 ,Small Cap
5193,Achal Investments Limited,INE860P01025,ACHAL,  1.77 ,-, - ,-, - ,  1.77 ,Small Cap
5194,Seshachal Technologies Ltd,INE331F01028,SESHACHAL,  1.76 ,-, - ,-, - ,  1.76 ,Small Cap
5195,Geetanjali Credit And Capital Limited,INE263R01010,GEETANJ,  1.72 ,-, - ,-, - ,  1.72 ,Small Cap
5196,Sybly Industries Ltd.,INE080D01042,SYBLY,  1.70 ,-, - ,-, - ,  1.70 ,Small Cap
5197,Telephone Cables Ltd,INE745C01018,TELECABL,  1.68 ,-, - ,-, - ,  1.68 ,Small Cap
5198,Super Syncotex (India) Ltd.,INE542D01017,SUPERSYN,  1.66 ,-, - ,-, - ,  1.66 ,Small Cap
5199,Advance Multitech Ltd.,INE875S01019,ADVMULT,  1.66 ,-, - ,-, - ,  1.66 ,Small Cap
5200,VISU INTERNATIONAL lTD.,INE965A01016,VISUINTL,  1.66 ,-, - ,-, - ,  1.66 ,Small Cap
5201,Mather & Platt Fire Systems Ltd.,INE095E01022,MPFSL,  1.63 ,-, - ,-, - ,  1.63 ,Small Cap
5202,Ritz Mercantile Limited,INE092S01011,-, - ,-, - ,RITZ,  1.60 ,  1.60 ,Small Cap
5203,Midland Polymers Ltd.,INE046M01036,MIDPOLY,  1.60 ,-, - ,-, - ,  1.60 ,Small Cap
5204,Rathi Graphics Technologies ltd.,INE886C01010,RATHIGRA,  1.59 ,-, - ,-, - ,  1.59 ,Small Cap
5205,Gujarat Perstorp Electronics Ltd.,INE878D01015,GUJPE,  1.59 ,-, - ,-, - ,  1.59 ,Small Cap
5206,Sharp Commercial Enterprises Limited,INE023F01013,-, - ,-, - ,SCEL,  1.59 ,  1.59 ,Small Cap
5207,Emgee Cables & Communications Ltd.,INE128F01010,EMGEECA,  1.59 ,-, - ,-, - ,  1.59 ,Small Cap
5208,BMB Music & Magnetics Ltd.,INE644K01016,BMBMUMG,  1.56 ,-, - ,-, - ,  1.56 ,Small Cap
5209,Cresanto Global Limited,INE741C01017,CRESANTO,  1.56 ,-, - ,-, - ,  1.56 ,Small Cap
5210,Advance PowerInfra Tech Limited,INE009D01017,ADVPOWER,  1.55 ,-, - ,-, - ,  1.55 ,Small Cap
5211,Garlon Polyfab Industries Ltd.,INE875E01019,GARLNIN,  1.53 ,-, - ,-, - ,  1.53 ,Small Cap
5212,Nivi Trading Ltd.,INE552F01011,ZNIVITRD,  1.49 ,-, - ,-, - ,  1.49 ,Small Cap
5213,Be Swasth Healthcare Limited,INE288U01011,-, - ,-, - ,BESWASTH,  1.49 ,  1.49 ,Small Cap
5214,Jeco Exports And Finance Limited,INE719C01013,-, - ,-, - ,JECOEXP,  1.48 ,  1.48 ,Small Cap
5215,Buy Right Impex Limited,INE157T01010,-, - ,-, - ,BUYRIGHT,  1.48 ,  1.48 ,Small Cap
5216,SNS Properties And Leasing Limited,INE777R01019,-, - ,-, - ,SNSPL,  1.48 ,  1.48 ,Small Cap
5217,Fortune Industrial Resources Limited,INE510L01017,-, - ,-, - ,FIRL,  1.47 ,  1.47 ,Small Cap
5218,Arihant Institute Limited,INE997Z01016,ARIHANTINS,  1.47 ,-, - ,-, - ,  1.47 ,Small Cap
5219,Kedia Construction Co. Ltd.,INE511J01027,KEDIACN,  1.47 ,-, - ,-, - ,  1.47 ,Small Cap
5220,GSL Nova Petrochemicals Limited,INE787A01022,GSLNOVA,  1.43 ,-, - ,-, - ,  1.43 ,Small Cap
5221,Uddhav Properties Limited,INE162S01012,-, - ,-, - ,UDDHAV,  1.41 ,  1.41 ,Small Cap
5222,Baron Infotech Ltd.,INE228B01017,BARONINF,  1.40 ,-, - ,-, - ,  1.40 ,Small Cap
5223,Uttaranchal Leasing Limited,INE799S01011,-, - ,-, - ,ULL,  1.40 ,  1.40 ,Small Cap
5224,Samtel (India) Ltd.,INE538C01017,SAMTELIN,  1.40 ,-, - ,-, - ,  1.40 ,Small Cap
5225,Zenith Computers Ltd.,INE598B01013,ZENITHCOMP,  1.39 ,-, - ,-, - ,  1.39 ,Small Cap
5226,Sheraton Properties & Finance Ltd.,INE495M01019,ZSHERAPR,  1.38 ,-, - ,-, - ,  1.38 ,Small Cap
5227,Ranjit Securities Ltd.,INE863D01017,RANJITSE,  1.38 ,-, - ,-, - ,  1.38 ,Small Cap
5228,Valley Magnesite Company Limited,INE834E01016,VALLEY,  1.38 ,-, - ,-, - ,  1.38 ,Small Cap
5229,Oxford Industries ltd.,INE114D01015,OXFORDIN,  1.36 ,-, - ,-, - ,  1.36 ,Small Cap
5230,Sriven Multi-Tech Ltd,INE004B01012,SRIMT,  1.34 ,-, - ,-, - ,  1.34 ,Small Cap
5231,Aditya Forge Ltd,INE281H01013,ADTYFRG,  1.34 ,-, - ,-, - ,  1.34 ,Small Cap
5232,Classic Electricals Ltd.,INE02BR01017,CLASELE,  1.33 ,-, - ,-, - ,  1.33 ,Small Cap
5233,Sarvamangal Mercantile Co. Ltd.,INE978L01016,ZSARVAMA,  1.31 ,-, - ,-, - ,  1.31 ,Small Cap
5234,DEVOTED CONSTRUCTION LIMITED,INE061Z01011,DCL,  1.28 ,-, - ,-, - ,  1.28 ,Small Cap
5235,Abhinandan Enterprises Limited,INE841E01011,-, - ,-, - ,AEL,  1.27 ,  1.27 ,Small Cap
5236,Uniworth Securities Limited,INE728J01019,UNIWSEC,  1.25 ,-, - ,-, - ,  1.25 ,Small Cap
5237,Mangalam Engineering Projects Limited,INE630M01011,-, - ,-, - ,MEPL,  1.24 ,  1.24 ,Small Cap
5238,Esquire Money Guarantees Ltd,INE0HMN01013,ESQRMON,  1.21 ,-, - ,-, - ,  1.21 ,Small Cap
5239,Victoria Enterprises Limited,INE082E01012,VICTENT,  1.18 ,-, - ,-, - ,  1.18 ,Small Cap
5240,Denim Developers Limited,INE956N01018,-, - ,-, - ,DENIMDL,  1.17 ,  1.17 ,Small Cap
5241,SIGNATURE GREEN CORPORATION LIMITED,INE131O01024,SIGNGCL,  1.16 ,-, - ,-, - ,  1.16 ,Small Cap
5242,HIND COMMERCE LIMITED,INE691J01019,HCLTD,  1.14 ,-, - ,-, - ,  1.14 ,Small Cap
5243,New Markets Advisory Ltd,INE800K01014,NEWMKTADV,  1.13 ,-, - ,-, - ,  1.13 ,Small Cap
5244,Nibe Ordnance and Maritime Limited,INE425H01016,NIBEORD,  1.12 ,-, - ,-, - ,  1.12 ,Small Cap
5245,Nawratan Arts Limited,INE999D01019,-, - ,-, - ,NAWRATAN,  1.10 ,  1.10 ,Small Cap
5246,Olympic Management & Financial Serv,INE091N01014,OLYMTFI,  1.09 ,-, - ,-, - ,  1.09 ,Small Cap
5247,Gujarat Cypromet Ltd.,INE673B01014,GUJCYPROM,  1.08 ,-, - ,-, - ,  1.08 ,Small Cap
5248,Shri Gurudev En-Trade Limited,INE844E01015,-, - ,-, - ,SGETL,  1.08 ,  1.08 ,Small Cap
5249,India Radiators Ltd.,INE461Y01016,INRADIA,  1.06 ,-, - ,-, - ,  1.06 ,Small Cap
5250,Inditalia Refcon Ltd.,INE149C01013,INDITALIA,  1.01 ,-, - ,-, - ,  1.01 ,Small Cap
5251,Oasis Tradelink Limited,INE189Q01019,OASIS,  1.00 ,-, - ,-, - ,  1.00 ,Small Cap
5252,Bhairav Enterprises Limited,INE842E01019,-, - ,-, - ,BHAIRAV,  1.00 ,  1.00 ,Small Cap
5253,Rishabh Enterprises Limited,INE843E01017,-, - ,-, - ,RISHABHENT,  1.00 ,  1.00 ,Small Cap
5254,Shreyans Financial And Capital Services Limited,INE463R01016,-, - ,-, - ,SHREYANS,  1.00 ,  1.00 ,Small Cap
5255,Skyweb Infotech Limited,INE830R01016,-, - ,-, - ,SKYWEB,  1.00 ,  1.00 ,Small Cap
5256,Dhaval Exports Limited,INE307I01014,-, - ,-, - ,DHAVAL,  1.00 ,  1.00 ,Small Cap
5257,Sapan Chemicals Limited,INE823E01035,SAPANCHEM,  0.99 ,-, - ,-, - ,  0.99 ,Small Cap
5258,Cosboard Industries Ltd.,INE496D01016,COSBOARD,  0.99 ,-, - ,-, - ,  0.99 ,Small Cap
5259,P. B. Films Limited,INE212Q01019,PBFL,  0.98 ,-, - ,-, - ,  0.98 ,Small Cap
5260,Shah Construction Co. Ltd.,INE02C301011,SHAHCON,  0.98 ,-, - ,-, - ,  0.98 ,Small Cap
5261,D. D. Ventures Limited,INE458T01012,-, - ,-, - ,DDVENTURES,  0.95 ,  0.95 ,Small Cap
5262,Birla Capital & Financial Services Ltd.,INE776E01027,BIRLACAP,  0.94 ,-, - ,-, - ,  0.94 ,Small Cap
5263,Speedage Commercials Ltd.,INE497M01015,ZSPEEDCO,  0.93 ,-, - ,-, - ,  0.93 ,Small Cap
5264,Gold Rock Investments Ltd.,INE598F01014,ZGOLDINV,  0.91 ,-, - ,-, - ,  0.91 ,Small Cap
5265,Abhishek Corporation Ltd,INE004I01017,ABHISHEK,  0.91 ,-, - ,-, - ,  0.91 ,Small Cap
5266,Asian Fertilisers Ltd.,INE01OY01018,ASIANFR,  0.91 ,-, - ,-, - ,  0.91 ,Small Cap
5267,Associated Finman Limited,INE947R01018,-, - ,-, - ,ASSOFIN,  0.91 ,  0.91 ,Small Cap
5268,Winmore Leasing And Holdings Limited,INE465E01019,-, - ,-, - ,WINMORE,  0.90 ,  0.90 ,Small Cap
5269,Bhagawati Gas Limited,INE099C01010,BHAGGAS,  0.89 ,-, - ,-, - ,  0.89 ,Small Cap
5270,Frontline Financial Services Ltd.,INE776R01011,FRONTFN,  0.89 ,-, - ,-, - ,  0.89 ,Small Cap
5271,Uniworth International ltd.,INE760D01015,UNIIN,  0.85 ,-, - ,-, - ,  0.85 ,Small Cap
5272,XL Energy Limited,INE183H01011,XLENERGY,  0.84 ,-, - ,-, - ,  0.84 ,Small Cap
5273,WARDWIZARD HEALTHCARE LIMITED,INE048E01013,WARDHEALTH,  0.84 ,-, - ,-, - ,  0.84 ,Small Cap
5274,N. K. Textile Industries Limited,INE800E01017,-, - ,-, - ,NKTEXTILE,  0.84 ,  0.84 ,Small Cap
5275,Newage Marketing Limited,INE948R01016,-, - ,-, - ,NEWAGE,  0.84 ,  0.84 ,Small Cap
5276,Twin Roses Trades & Agencies Ltd.,INE436U01016,TWIROST,  0.82 ,-, - ,-, - ,  0.82 ,Small Cap
5277,Molind Engineering Limited,INE310W01019,-, - ,-, - ,MOLIND,  0.81 ,  0.81 ,Small Cap
5278,ATN International Ltd.,INE803A01027,ATNINTER,  0.75 ,-, - ,-, - ,  0.75 ,Small Cap
5279,Kilburn Office Automation Ltd.,INE793E01014,KILBURN,  0.74 ,-, - ,-, - ,  0.74 ,Small Cap
5280,Atlantic Commercial Company Limited,INE790U01016,-, - ,-, - ,ATLANTIC,  0.74 ,  0.74 ,Small Cap
5281,Master Chemicals Ltd.,INE523D01017,MASCH,  0.73 ,-, - ,-, - ,  0.73 ,Small Cap
5282,Union Bearings (India) Ltd.,INE670F01011,UNIONBE,  0.73 ,-, - ,-, - ,  0.73 ,Small Cap
5283,Nachmo Knitex Ltd.,INE228C01015,NACHKNIT,  0.68 ,-, - ,-, - ,  0.68 ,Small Cap
5284,Satyam Silk Mills Ltd,INE07MC01015,ZSATYASL,  0.64 ,-, - ,-, - ,  0.64 ,Small Cap
5285,Baffin Engineering Projects Ltd.,INE786D01036,BAFEG,  0.64 ,-, - ,-, - ,  0.64 ,Small Cap
5286,NCC Finance Ltd.,INE768B01012,NCCFIN,  0.63 ,-, - ,-, - ,  0.63 ,Small Cap
5287,Ishwarshakti Holdings & Traders Ltd,INE073I01012,ISHWATR,  0.63 ,-, - ,-, - ,  0.63 ,Small Cap
5288,Castle Traders Limited,INE262V01014,-, - ,-, - ,CASTLE,  0.62 ,  0.62 ,Small Cap
5289,Tivoli Construction Ltd.,INE747V01014,TVOLCON,  0.60 ,-, - ,-, - ,  0.60 ,Small Cap
5290,Mrugesh Trading Ltd.,INE738D01029,MRUTR,  0.58 ,-, - ,-, - ,  0.58 ,Small Cap
5291,Mahashree Trading Ltd.,INE924T01013,MAHSHRE,  0.58 ,-, - ,-, - ,  0.58 ,Small Cap
5292,Alna Trading & Exports Ltd.,INE07I701011,ALNATRD,  0.58 ,-, - ,-, - ,  0.58 ,Small Cap
5293,Mansoon Trading Co. Ltd.,INE776V01013,ZMANSOON,  0.56 ,-, - ,-, - ,  0.56 ,Small Cap
5294,Asutosh Enterprise Ltd.,INE508W01018,ASUTENT,  0.56 ,-, - ,-, - ,  0.56 ,Small Cap
5295,Priya International Limited,INE557E01013,-, - ,-, - ,PRIYAINT,  0.55 ,  0.55 ,Small Cap
5296,Magnanimous Trade & Finance Ltd.,INE664N01018,MAGANTR,  0.54 ,-, - ,-, - ,  0.54 ,Small Cap
5297,Supreme Commercial Enterprises Limited,INE530F01017,-, - ,-, - ,SUPREMECOM,  0.54 ,  0.54 ,Small Cap
5298,JATALIA GLOBAL VENTURES LIMITED,INE847M01011,JATALIA,  0.53 ,-, - ,-, - ,  0.53 ,Small Cap
5299,Morn Media Limited,INE343T01016,-, - ,-, - ,MORNMEDIA,  0.50 ,  0.50 ,Small Cap
5300,Ridhi Synthetics Ltd.,INE07LK01010,RIDHISYN,  0.49 ,-, - ,-, - ,  0.49 ,Small Cap
5301,John Oakey & Mohan Limited,INE353T01015,-, - ,-, - ,JOML,  0.48 ,  0.48 ,Small Cap
5302,Kengold (India) Ltd.,INE680C01025,KENGI,  0.48 ,-, - ,-, - ,  0.48 ,Small Cap
5303,Kajal Synthetics and Silk Mills Ltd,INE956V01011,KAJALSY,  0.46 ,-, - ,-, - ,  0.46 ,Small Cap
5304,Safal Securities Limited,INE101L01031,SAFALSEC,  0.46 ,-, - ,-, - ,  0.46 ,Small Cap
5305,Devinsu Trading Ltd.,INE07LH01016,DEVITRD,  0.43 ,-, - ,-, - ,  0.43 ,Small Cap
5306,Triochem Products Ltd.,INE331E01013,TRIPR,  0.43 ,-, - ,-, - ,  0.43 ,Small Cap
5307,Purity Flex Pack Ltd,INE898O01010,PURITY,  0.42 ,-, - ,-, - ,  0.42 ,Small Cap
5308,Bentley Commercial Enterprises Ltd.,INE496M01017,BENTCOM,  0.40 ,-, - ,-, - ,  0.40 ,Small Cap
5309,Shikhar Leasing and Trading Ltd.,INE02BV01019,SHIKHARLETR,  0.40 ,-, - ,-, - ,  0.40 ,Small Cap
5310,Kabirdas Investments Limited,INE268D01019,-, - ,-, - ,KABIRDAS,  0.40 ,  0.40 ,Small Cap
5311,Silicon Valley Infotech Ltd.,INE913A01024,SILICON,  0.39 ,-, - ,-, - ,  0.39 ,Small Cap
5312,Andhra Pradesh Tanneries Ltd.,INE628Y01010,APTANN,  0.38 ,-, - ,-, - ,  0.38 ,Small Cap
5313,Virgo Polymers (India) Ltd.,INE464H01015,VIRPOLY,  0.37 ,-, - ,-, - ,  0.37 ,Small Cap
5314,Jupiter Industries & Leasing Ltd.,INE990E01016,JPTRLES,  0.37 ,-, - ,-, - ,  0.37 ,Small Cap
5315,Nidhan Commercial Company Ltd,INE001V01016,-, - ,-, - ,NCCL,  0.36 ,  0.36 ,Small Cap
5316,Oseaspre Consultants Ltd.,INE880P01015,OSEASPR,  0.36 ,-, - ,-, - ,  0.36 ,Small Cap
5317,Trident India Limited,INE349T01013,-, - ,-, - ,TRIDENTIND,  0.36 ,  0.36 ,Small Cap
5318,Sunrise Industrial Traders Ltd.,INE371U01015,SUNRINV,  0.36 ,-, - ,-, - ,  0.36 ,Small Cap
5319,Jyoti Overseas Ltd,INE432D01011,JYOTIOVR,  0.34 ,-, - ,-, - ,  0.34 ,Small Cap
5320,Nirbhay Colours India Limited,INE218T01010,NIRBHAYIND,  0.34 ,-, - ,-, - ,  0.34 ,Small Cap
5321,Terraform Realstate Limited,INE123V01018,TERRAREAL,  0.33 ,-, - ,-, - ,  0.33 ,Small Cap
5322,Rakan Steels Limited,INE773R01026,-, - ,-, - ,RAKAN,  0.32 ,  0.32 ,Small Cap
5323,Nilkanth Engineering Ltd.,INE582V01015,ZNILKENG,  0.32 ,-, - ,-, - ,  0.32 ,Small Cap
5324,Procal Electronics India Ltd,INE700B01015,PROCAL,  0.32 ,-, - ,-, - ,  0.32 ,Small Cap
5325,E and E ENTERPRISES LIMITED,INE094R01019,EENTER,  0.30 ,-, - ,-, - ,  0.30 ,Small Cap
5326,Welga Foods Limited,INE106W01011,-, - ,-, - ,WELGA,  0.29 ,  0.29 ,Small Cap
5327,Laser Diamonds Ltd.,INE995E01015,LADIAMO,  0.26 ,-, - ,-, - ,  0.26 ,Small Cap
5328,Ayushman Infratech Limited,INE552V01018,-, - ,-, - ,AYUSHMAN,  0.26 ,  0.26 ,Small Cap
5329,Supra Industrial Resources Limited,INE174E01017,-, - ,-, - ,SUPRAIND,  0.25 ,  0.25 ,Small Cap
5330,Morning Glory Leasing And Finance Limited,INE183F01015,-, - ,-, - ,MGLFL,  0.25 ,  0.25 ,Small Cap
5331,Efficient Industrial Finance Limited,INE255S01014,-, - ,-, - ,EIFL,  0.25 ,  0.25 ,Small Cap
5332,Shree Krishna Jute Products Limited,INE476T01014,-, - ,-, - ,SKJPL,  0.25 ,  0.25 ,Small Cap
5333,Alirox Abrasives Limited,INE143F01019,-, - ,-, - ,ALIROX,  0.24 ,  0.24 ,Small Cap
5334,Bajaj Global Ltd,INE553H01015,BAJGLOB,  0.22 ,-, - ,-, - ,  0.22 ,Small Cap
5335,Vinayak Vanijya Ltd.,INE132V01019,VINVANI,  0.21 ,-, - ,-, - ,  0.21 ,Small Cap
5336,Varun Mercantile Ltd.,INE442U01014,VARUNME,  0.21 ,-, - ,-, - ,  0.21 ,Small Cap
5337,Coromandel Agro Products & Oils Ltd,INE495D01018,CORAGRO,  0.20 ,-, - ,-, - ,  0.20 ,Small Cap
5338,NOBLE POLYMERS LIMITED,INE203Q01026,NOBPOL,  0.20 ,-, - ,-, - ,  0.20 ,Small Cap
5339,Champion Commercial Co. Ltd.,INE477E01014,-, - ,-, - ,CHAMPION,  0.20 ,  0.20 ,Small Cap
5340,Mayurbhanj Trades And Agencies Limited,INE171V01017,-, - ,-, - ,MAYURBHANJ,  0.20 ,  0.20 ,Small Cap
5341,Terraform Magnum Limited,INE122V01010,TERRAFORM,  0.18 ,-, - ,-, - ,  0.18 ,Small Cap
5342,PB Global Limited,INE615W01011,PBGLOBAL,  0.16 ,-, - ,-, - ,  0.16 ,Small Cap
5343,Shree Vijay Industries Limited,INE838R01019,-, - ,-, - ,SHREEVIJAY,  0.14 ,  0.14 ,Small Cap
5344,Jeet Machine Tools Ltd.,INE987E01012,ZJEETMAC,  0.13 ,-, - ,-, - ,  0.13 ,Small Cap
5345,Regency World Consulting Limited,INE419C01010,-, - ,-, - ,RWCL,  0.13 ,  0.13 ,Small Cap
5346,Kusam Electrical Industies Ltd.,INE175Q01018,KUSUMEL,  0.12 ,-, - ,-, - ,  0.12 ,Small Cap
5347,Ardi Investment & Trading Ltd.,INE0LKP01014,ZARDIINV,  0.11 ,-, - ,-, - ,  0.11 ,Small Cap
5348,Viksit Engineering Ltd,INE965V01012,VIKSHEN,  0.11 ,-, - ,-, - ,  0.11 ,Small Cap
5349,Western Ministil Ltd.,INE187U01015,WMINIMT,  0.11 ,-, - ,-, - ,  0.11 ,Small Cap
5350,Hindustan Housing Co. Ltd.,INE083O01019,ZHINDHSG,  0.09 ,-, - ,-, - ,  0.09 ,Small Cap
5351,Unijolly Investments Co. Ltd.,INE130N01010,UNIJOLL,  0.09 ,-, - ,-, - ,  0.09 ,Small Cap
5352,Transoceanic Properties Ltd.,INE074J01018,TRANOCE,  0.08 ,-, - ,-, - ,  0.08 ,Small Cap
5353,Healthy Investments Ltd.,INE160N01017,HEALINV,  0.08 ,-, - ,-, - ,  0.08 ,Small Cap
5354,Arco Leasing Ltd.,INE955S01019,ZARCOLEA,  0.06 ,-, - ,-, - ,  0.06 ,Small Cap
5355,Sree Maruthi Marine Industries Limited,INE150W01019,-, - ,-, - ,SMMIL,  0.06 ,  0.06 ,Small Cap
5356,Southern Gas Ltd.,INE532U01012,ZSOUTGAS,  0.06 ,-, - ,-, - ,  0.06 ,Small Cap
5357,SPRINGFORM TECHNOLOGY LIMITED,INE02ZA01012,SFTL,  0.06 ,-, - ,-, - ,  0.06 ,Small Cap
5358,RATNAKAR SECURITIES LIMITED,INE820B01029,RATNAKAR,  0.03 ,-, - ,-, - ,  0.03 ,Small Cap
5359,ANTARIKSH INDUSTRIES LIMITED,INE825M01017,ANTARIKSH,  0.03 ,-, - ,-, - ,  0.03 ,Small Cap
5360,Bengal Steel Industries Ltd.,INE523W01017,BENGALS,  0.02 ,-, - ,-, - ,  0.02 ,Small Cap
5361,TTL ENTERPRISES LIMITED,INE664X01025,TTLEL,  0.00 ,-, - ,-, - ,  0.00 ,Small Cap
5362,White Hall Commercial Co.Ltd.,INE416X01012,WHITHAL,  0.00 ,-, - ,-, - ,  0.00 ,Small Cap
5363,Meenakshi Steel Industries Ltd.,INE721V01019,MEENST,  -   ,-, - ,-, - ,  0.00 ,Small Cap
5364,Tirupati Fin-Lease Ltd.,INE027S01017,TFLL,  -   ,-, - ,-, - ,  0.00 ,Small Cap
5365,Abhijit Trading Co. Ltd.,INE994N01019,ABHIJIT,  -   ,-, - ,-, - ,  0.00 ,Small Cap
5366,Shivkamal Impex Limited,INE429R01017,SHIVKAMAL,  -   ,-, - ,-, - ,  0.00 ,Small Cap
5367,REAL GROWTH CORPORATION LIMITED,INE836D01013,RGCORP,  -   ,-, - ,-, - ,  0.00 ,Small Cap
5368,Raideep Industries Limited,INE923R01019,RAIDEEPIND,  -   ,-, - ,-, - ,  0.00 ,Small Cap
5369,Sueryaa Knitwear Limited,INE249U01013,SUERYAAKNI,  -   ,-, - ,-, - ,  0.00 ,Small Cap
5370,Jyot International Marketing Limited,INE043R01016,JYOTIN,  -   ,-, - ,-, - ,  0.00 ,Small Cap
5371,Vardhan Capital & Finance Limited,INE128G01018,VARDHANCFL,  -   ,-, - ,-, - ,  0.00 ,Small Cap
5372,TRAFIKSOL ITS TECHNOLOGIES LIMITED,INE0ROQ01011,TRAFIKSOL,  -   ,-, - ,-, - ,  0.00 ,Small Cap