Fund Name,ISIN,Scheme Code,Category,Subcategory,Holdings Type,Company Name,Sector,P/E Ratio,Instrument,Credit Rating,% of Assets
360 ONE Flexicap Dir,INF579M01AS1,151796,commodity,Commodities: Silver,Equity,GE Vernova T&D,Industrials,111.6,,,5.26
360 ONE Flexicap Dir,INF579M01AS1,151796,commodity,Commodities: Silver,Equity,ICICI Bank,Financial,17.8,,,4.84
360 ONE Flexicap Dir,INF579M01AS1,151796,commodity,Commodities: Silver,Equity,Axis Bank,Financial,15.95,,,3.87
360 ONE Flexicap Dir,INF579M01AS1,151796,commodity,Commodities: Silver,Equity,Indus Towers,Technology,15.22,,,3.85
360 ONE Flexicap Dir,INF579M01AS1,151796,commodity,Commodities: Silver,Equity,Kotak Bank,Financial,20.63,,,3.79
360 ONE Flexicap Dir,INF579M01AS1,151796,commodity,Commodities: Silver,Equity,Premier Energies,Energy & Utilities,32.17,,,3.41
360 ONE Flexicap Dir,INF579M01AS1,151796,commodity,Commodities: Silver,Equity,Cholamandalam Inv,Financial,27.55,,,3.36
360 ONE Flexicap Dir,INF579M01AS1,151796,commodity,Commodities: Silver,Equity,Eternal,Technology,688.71,,,3.18
360 ONE Flexicap Dir,INF579M01AS1,151796,commodity,Commodities: Silver,Equity,Tata Motors,Industrials,48.67,,,2.99
360 ONE Flexicap Dir,INF579M01AS1,151796,commodity,Commodities: Silver,Equity,Bharti Airtel,Technology,43.19,,,2.89
360 ONE Flexicap Dir,INF579M01AS1,151796,commodity,Commodities: Silver,Equity,MCX,Financial,53.17,,,2.8
360 ONE Flexicap Dir,INF579M01AS1,151796,commodity,Commodities: Silver,Equity,The Indian Hotels,Consumer Discretionary,49.43,,,2.79
360 ONE Flexicap Dir,INF579M01AS1,151796,commodity,Commodities: Silver,Equity,Motherson Wiring,Industrials,40.1,,,2.57
360 ONE Flexicap Dir,INF579M01AS1,151796,commodity,Commodities: Silver,Equity,CG Power,Industrials,125.19,,,2.55
360 ONE Flexicap Dir,INF579M01AS1,151796,commodity,Commodities: Silver,Equity,Bajaj Finance,Financial,31.57,,,2.48
360 ONE Flexicap Dir,INF579M01AS1,151796,commodity,Commodities: Silver,Equity,Shriram Finance,Financial,23.5,,,2.27
360 ONE Flexicap Dir,INF579M01AS1,151796,commodity,Commodities: Silver,Equity,Emmvee Photovoltaic Power,Energy & Utilities,21.37,,,2.2
360 ONE Flexicap Dir,INF579M01AS1,151796,commodity,Commodities: Silver,Equity,Varun Beverages,Consumer Staples,56.66,,,2.12
360 ONE Flexicap Dir,INF579M01AS1,151796,commodity,Commodities: Silver,Equity,Onesource Specialty Pharma,Healthcare,,,,1.98
360 ONE Flexicap Dir,INF579M01AS1,151796,commodity,Commodities: Silver,Equity,Aditya Infotech,Technology,112.9,,,1.93
360 ONE Flexicap Dir,INF579M01AS1,151796,commodity,Commodities: Silver,Equity,Tech Mahindra,Technology,28.24,,,1.89
360 ONE Flexicap Dir,INF579M01AS1,151796,commodity,Commodities: Silver,Equity,Bajaj Consumer,Consumer Staples,42.93,,,1.89
360 ONE Flexicap Dir,INF579M01AS1,151796,commodity,Commodities: Silver,Equity,Maruti Suzuki,Consumer Discretionary,28.73,,,1.78
360 ONE Flexicap Dir,INF579M01AS1,151796,commodity,Commodities: Silver,Equity,ICICI Prudential Asset Management,Financial,50.08,,,1.73
360 ONE Flexicap Dir,INF579M01AS1,151796,commodity,Commodities: Silver,Equity,Coforge,Technology,41.51,,,1.64
360 ONE Focused Dir,INF579M01902,131580,commodity,Commodities: Silver,Equity,ICICI Bank,Financial,17.8,,,8.82
360 ONE Focused Dir,INF579M01902,131580,commodity,Commodities: Silver,Equity,Bharti Airtel,Technology,43.19,,,6.21
360 ONE Focused Dir,INF579M01902,131580,commodity,Commodities: Silver,Equity,Indus Towers,Technology,15.22,,,6.09
360 ONE Focused Dir,INF579M01902,131580,commodity,Commodities: Silver,Equity,Axis Bank,Financial,15.95,,,5.46
360 ONE Focused Dir,INF579M01902,131580,commodity,Commodities: Silver,Equity,GE Vernova T&D,Industrials,111.6,,,5.36
360 ONE Focused Dir,INF579M01902,131580,commodity,Commodities: Silver,Equity,Cholamandalam Inv,Financial,27.55,,,5.04
360 ONE Focused Dir,INF579M01902,131580,commodity,Commodities: Silver,Equity,CG Power,Industrials,125.19,,,4.68
360 ONE Focused Dir,INF579M01902,131580,commodity,Commodities: Silver,Equity,Eternal,Technology,688.71,,,4.39
360 ONE Focused Dir,INF579M01902,131580,commodity,Commodities: Silver,Equity,Premier Energies,Energy & Utilities,32.17,,,4.32
360 ONE Focused Dir,INF579M01902,131580,commodity,Commodities: Silver,Equity,Kotak Bank,Financial,20.63,,,4.21
360 ONE Focused Dir,INF579M01902,131580,commodity,Commodities: Silver,Equity,Tata Motors,Industrials,48.67,,,3.55
360 ONE Focused Dir,INF579M01902,131580,commodity,Commodities: Silver,Equity,The Indian Hotels,Consumer Discretionary,49.43,,,3.54
360 ONE Focused Dir,INF579M01902,131580,commodity,Commodities: Silver,Equity,Motherson Wiring,Industrials,40.1,,,3.44
360 ONE Focused Dir,INF579M01902,131580,commodity,Commodities: Silver,Equity,Bajaj Finance,Financial,31.57,,,3.34
360 ONE Focused Dir,INF579M01902,131580,commodity,Commodities: Silver,Equity,Varun Beverages,Consumer Staples,56.66,,,3.1
360 ONE Focused Dir,INF579M01902,131580,commodity,Commodities: Silver,Equity,Shriram Finance,Financial,23.5,,,2.91
360 ONE Focused Dir,INF579M01902,131580,commodity,Commodities: Silver,Equity,Divi's Lab,Healthcare,69.75,,,2.79
360 ONE Focused Dir,INF579M01902,131580,commodity,Commodities: Silver,Equity,JSW Steel,Materials,14.11,,,2.35
360 ONE Focused Dir,INF579M01902,131580,commodity,Commodities: Silver,Equity,Onesource Specialty Pharma,Healthcare,,,,2.16
360 ONE Focused Dir,INF579M01902,131580,commodity,Commodities: Silver,Equity,Crompton Greaves,Consumer Discretionary,,,,2.02
360 ONE Focused Dir,INF579M01902,131580,commodity,Commodities: Silver,Equity,SIS,Industrials,44.33,,,1.86
360 ONE Focused Dir,INF579M01902,131580,commodity,Commodities: Silver,Equity,Physicswallah,Consumer Staples,,,,1.85
360 ONE Focused Dir,INF579M01902,131580,commodity,Commodities: Silver,Equity,Aegis Vopak Terminals,Energy & Utilities,84.97,,,1.72
360 ONE Focused Dir,INF579M01902,131580,commodity,Commodities: Silver,Equity,Hero Motocorp,Consumer Discretionary,17.3,,,1.7
360 ONE Focused Dir,INF579M01902,131580,commodity,Commodities: Silver,Equity,PNB Housing Fin,Financial,11.37,,,1.64
Abakkus Flexi Cap Dir,INF2JJD01136,154043,commodity,Commodities: Silver,Equity,ICICI Bank,Financial,17.8,,,4.63
Abakkus Flexi Cap Dir,INF2JJD01136,154043,commodity,Commodities: Silver,Equity,HDFC Bank,Financial,15.76,,,4.12
Abakkus Flexi Cap Dir,INF2JJD01136,154043,commodity,Commodities: Silver,Equity,Reliance Ind,Energy & Utilities,22.25,,,3.15
Abakkus Flexi Cap Dir,INF2JJD01136,154043,commodity,Commodities: Silver,Equity,ICICI Prudential Asset Management,Financial,50.08,,,3.07
Abakkus Flexi Cap Dir,INF2JJD01136,154043,commodity,Commodities: Silver,Equity,SBI,Financial,11.46,,,3.03
Abakkus Flexi Cap Dir,INF2JJD01136,154043,commodity,Commodities: Silver,Equity,The Federal Bank,Financial,18.3,,,2.97
Abakkus Flexi Cap Dir,INF2JJD01136,154043,commodity,Commodities: Silver,Equity,Indus Towers,Technology,15.22,,,2.87
Abakkus Flexi Cap Dir,INF2JJD01136,154043,commodity,Commodities: Silver,Equity,Bank Of Baroda,Financial,7.3,,,2.85
Abakkus Flexi Cap Dir,INF2JJD01136,154043,commodity,Commodities: Silver,Equity,Oracle Fin,Technology,31.44,,,2.75
Abakkus Flexi Cap Dir,INF2JJD01136,154043,commodity,Commodities: Silver,Equity,Mahindra & Mahindra,Consumer Discretionary,22.36,,,2.57
Abakkus Flexi Cap Dir,INF2JJD01136,154043,commodity,Commodities: Silver,Equity,Avalon Tech,Industrials,102.66,,,2.56
Abakkus Flexi Cap Dir,INF2JJD01136,154043,commodity,Commodities: Silver,Equity,Inox India,Energy & Utilities,67.96,,,2.46
Abakkus Flexi Cap Dir,INF2JJD01136,154043,commodity,Commodities: Silver,Equity,Tata Steel,Materials,22.91,,,2.43
Abakkus Flexi Cap Dir,INF2JJD01136,154043,commodity,Commodities: Silver,Equity,Divi's Lab,Healthcare,69.75,,,2.36
Abakkus Flexi Cap Dir,INF2JJD01136,154043,commodity,Commodities: Silver,Equity,360 One Wam,Financial,38.19,,,2.35
Abakkus Flexi Cap Dir,INF2JJD01136,154043,commodity,Commodities: Silver,Equity,Lupin,Healthcare,20.07,,,2.16
Abakkus Flexi Cap Dir,INF2JJD01136,154043,commodity,Commodities: Silver,Equity,Bajaj Auto,Consumer Discretionary,26.01,,,2.06
Abakkus Flexi Cap Dir,INF2JJD01136,154043,commodity,Commodities: Silver,Equity,United Spirits,Consumer Staples,52.32,,,2
Abakkus Flexi Cap Dir,INF2JJD01136,154043,commodity,Commodities: Silver,Equity,IIFL Finance,Financial,13.73,,,1.89
Abakkus Flexi Cap Dir,INF2JJD01136,154043,commodity,Commodities: Silver,Equity,CG Power,Industrials,125.19,,,1.89
Abakkus Flexi Cap Dir,INF2JJD01136,154043,commodity,Commodities: Silver,Equity,ZF Commercial,Consumer Discretionary,58.16,,,1.84
Abakkus Flexi Cap Dir,INF2JJD01136,154043,commodity,Commodities: Silver,Equity,Tata Motors,Industrials,48.67,,,1.81
Abakkus Flexi Cap Dir,INF2JJD01136,154043,commodity,Commodities: Silver,Equity,Arvind Fashions,Consumer Discretionary,52.07,,,1.78
Abakkus Flexi Cap Dir,INF2JJD01136,154043,commodity,Commodities: Silver,Equity,PNB Housing Fin,Financial,11.37,,,1.76
Abakkus Flexi Cap Dir,INF2JJD01136,154043,commodity,Commodities: Silver,Equity,Emmvee Photovoltaic Power,Energy & Utilities,21.37,,,1.76
ABSL Bal Bhavishya Yojna Dir,INF209KB1E84,146407,commodity,Commodities: Silver,Equity,ICICI Bank,Financial,17.8,,,5.5
ABSL Bal Bhavishya Yojna Dir,INF209KB1E84,146407,commodity,Commodities: Silver,Equity,HDFC Bank,Financial,15.76,,,3.77
ABSL Bal Bhavishya Yojna Dir,INF209KB1E84,146407,commodity,Commodities: Silver,Equity,Reliance Ind,Energy & Utilities,22.25,,,3.68
ABSL Bal Bhavishya Yojna Dir,INF209KB1E84,146407,commodity,Commodities: Silver,Equity,Axis Bank,Financial,15.95,,,2.94
ABSL Bal Bhavishya Yojna Dir,INF209KB1E84,146407,commodity,Commodities: Silver,Equity,Infosys,Technology,14.36,,,2.7
ABSL Bal Bhavishya Yojna Dir,INF209KB1E84,146407,commodity,Commodities: Silver,Equity,Bharti Airtel,Technology,43.19,,,2.58
ABSL Bal Bhavishya Yojna Dir,INF209KB1E84,146407,commodity,Commodities: Silver,Equity,Hindalco Ind,Materials,16.96,,,2.47
ABSL Bal Bhavishya Yojna Dir,INF209KB1E84,146407,commodity,Commodities: Silver,Equity,Welspun,Materials,23,,,2.32
ABSL Bal Bhavishya Yojna Dir,INF209KB1E84,146407,commodity,Commodities: Silver,Equity,Meesho,Consumer Discretionary,,,,2.1
ABSL Bal Bhavishya Yojna Dir,INF209KB1E84,146407,commodity,Commodities: Silver,Equity,Shriram Finance,Financial,23.5,,,1.91
ABSL Bal Bhavishya Yojna Dir,INF209KB1E84,146407,commodity,Commodities: Silver,Equity,SBI,Financial,11.46,,,1.89
ABSL Bal Bhavishya Yojna Dir,INF209KB1E84,146407,commodity,Commodities: Silver,Equity,Tech Mahindra,Technology,28.24,,,1.75
ABSL Bal Bhavishya Yojna Dir,INF209KB1E84,146407,commodity,Commodities: Silver,Equity,AU Small Fin Bank,Financial,29.3,,,1.72
ABSL Bal Bhavishya Yojna Dir,INF209KB1E84,146407,commodity,Commodities: Silver,Equity,Larsen & Toubro,Industrials,35.92,,,1.72
ABSL Bal Bhavishya Yojna Dir,INF209KB1E84,146407,commodity,Commodities: Silver,Equity,Trent,Consumer Discretionary,97.62,,,1.71
ABSL Bal Bhavishya Yojna Dir,INF209KB1E84,146407,commodity,Commodities: Silver,Equity,Varun Beverages,Consumer Staples,56.66,,,1.69
ABSL Bal Bhavishya Yojna Dir,INF209KB1E84,146407,commodity,Commodities: Silver,Equity,Rainbow Children's,Healthcare,52.53,,,1.68
ABSL Bal Bhavishya Yojna Dir,INF209KB1E84,146407,commodity,Commodities: Silver,Equity,Samvardhana Motherson,Consumer Discretionary,39.79,,,1.67
ABSL Bal Bhavishya Yojna Dir,INF209KB1E84,146407,commodity,Commodities: Silver,Equity,Inventurus Knowledge Solutions,Industrials,39.87,,,1.66
ABSL Bal Bhavishya Yojna Dir,INF209KB1E84,146407,commodity,Commodities: Silver,Equity,Mahindra & Mahindra,Consumer Discretionary,22.36,,,1.65
ABSL Bal Bhavishya Yojna Dir,INF209KB1E84,146407,commodity,Commodities: Silver,Equity,Eternal,Technology,688.71,,,1.64
ABSL Bal Bhavishya Yojna Dir,INF209KB1E84,146407,commodity,Commodities: Silver,Equity,Dabur India,Consumer Staples,39.65,,,1.49
ABSL Bal Bhavishya Yojna Dir,INF209KB1E84,146407,commodity,Commodities: Silver,Equity,UPL,Materials,26.77,,,1.45
ABSL Bal Bhavishya Yojna Dir,INF209KB1E84,146407,commodity,Commodities: Silver,Equity,KFin Technologies,Financial,46.15,,,1.44
ABSL Bal Bhavishya Yojna Dir,INF209KB1E84,146407,commodity,Commodities: Silver,Equity,Sumitomo Chemical,Materials,41.75,,,1.4
ABSL BSE 500 Momentum 50 Index Fund Dir,INF209KC1589,153736,commodity,Commodities: Silver,Equity,MCX,Financial,53.17,,,4.71
ABSL BSE 500 Momentum 50 Index Fund Dir,INF209KC1589,153736,commodity,Commodities: Silver,Equity,Cummins India,Industrials,68.6,,,4.38
ABSL BSE 500 Momentum 50 Index Fund Dir,INF209KC1589,153736,commodity,Commodities: Silver,Equity,GE Vernova T&D,Industrials,111.6,,,4.35
ABSL BSE 500 Momentum 50 Index Fund Dir,INF209KC1589,153736,commodity,Commodities: Silver,Equity,Eicher Motors,Consumer Discretionary,37.69,,,3.99
ABSL BSE 500 Momentum 50 Index Fund Dir,INF209KC1589,153736,commodity,Commodities: Silver,Equity,TVS Motor,Consumer Discretionary,54.03,,,3.75
ABSL BSE 500 Momentum 50 Index Fund Dir,INF209KC1589,153736,commodity,Commodities: Silver,Equity,The Federal Bank,Financial,18.3,,,3.72
ABSL BSE 500 Momentum 50 Index Fund Dir,INF209KC1589,153736,commodity,Commodities: Silver,Equity,Shriram Finance,Financial,23.5,,,3.7
ABSL BSE 500 Momentum 50 Index Fund Dir,INF209KC1589,153736,commodity,Commodities: Silver,Equity,Bharat Electronics,Industrials,51.44,,,3.65
ABSL BSE 500 Momentum 50 Index Fund Dir,INF209KC1589,153736,commodity,Commodities: Silver,Equity,SBI,Financial,11.46,,,3.56
ABSL BSE 500 Momentum 50 Index Fund Dir,INF209KC1589,153736,commodity,Commodities: Silver,Equity,SBI Life Insurance,Financial,126.08,,,3.51
ABSL BSE 500 Momentum 50 Index Fund Dir,INF209KC1589,153736,commodity,Commodities: Silver,Equity,Laurus Labs,Healthcare,86.1,,,3.24
ABSL BSE 500 Momentum 50 Index Fund Dir,INF209KC1589,153736,commodity,Commodities: Silver,Equity,Max Financial,Financial,677.32,,,2.8
ABSL BSE 500 Momentum 50 Index Fund Dir,INF209KC1589,153736,commodity,Commodities: Silver,Equity,Polycab India,Industrials,56.42,,,2.75
ABSL BSE 500 Momentum 50 Index Fund Dir,INF209KC1589,153736,commodity,Commodities: Silver,Equity,Ashok Leyland,Industrials,26.42,,,2.74
ABSL BSE 500 Momentum 50 Index Fund Dir,INF209KC1589,153736,commodity,Commodities: Silver,Equity,Canara Bank,Financial,6.8,,,2.71
ABSL BSE 500 Momentum 50 Index Fund Dir,INF209KC1589,153736,commodity,Commodities: Silver,Equity,Indian Oil,Energy & Utilities,4.8,,,2.7
ABSL BSE 500 Momentum 50 Index Fund Dir,INF209KC1589,153736,commodity,Commodities: Silver,Equity,Bharat Petroleum,Energy & Utilities,5.14,,,2.68
ABSL BSE 500 Momentum 50 Index Fund Dir,INF209KC1589,153736,commodity,Commodities: Silver,Equity,Bharat Forge,Consumer Discretionary,90.13,,,2.66
ABSL BSE 500 Momentum 50 Index Fund Dir,INF209KC1589,153736,commodity,Commodities: Silver,Equity,Hero Motocorp,Consumer Discretionary,17.3,,,2.53
ABSL BSE 500 Momentum 50 Index Fund Dir,INF209KC1589,153736,commodity,Commodities: Silver,Equity,AU Small Fin Bank,Financial,29.3,,,2.46
ABSL BSE 500 Momentum 50 Index Fund Dir,INF209KC1589,153736,commodity,Commodities: Silver,Equity,Hitachi Energy,Industrials,164.47,,,2.35
ABSL BSE 500 Momentum 50 Index Fund Dir,INF209KC1589,153736,commodity,Commodities: Silver,Equity,Bank Of Baroda,Financial,7.3,,,2.26
ABSL BSE 500 Momentum 50 Index Fund Dir,INF209KC1589,153736,commodity,Commodities: Silver,Equity,Aditya Birla,Financial,26.17,,,2
ABSL BSE 500 Momentum 50 Index Fund Dir,INF209KC1589,153736,commodity,Commodities: Silver,Equity,Torrent Pharma,Healthcare,69.41,,,1.93
ABSL BSE 500 Momentum 50 Index Fund Dir,INF209KC1589,153736,commodity,Commodities: Silver,Equity,HDFC AMC,Financial,40.56,,,1.9
ABSL BSE 500 Quality 50 Index Dir,INF209KC1613,153740,commodity,Commodities: Silver,Equity,GE Vernova T&D,Industrials,111.6,,,4.64
ABSL BSE 500 Quality 50 Index Dir,INF209KC1613,153740,commodity,Commodities: Silver,Equity,Cummins India,Industrials,68.6,,,4.51
ABSL BSE 500 Quality 50 Index Dir,INF209KC1613,153740,commodity,Commodities: Silver,Equity,MCX,Financial,53.17,,,4.33
ABSL BSE 500 Quality 50 Index Dir,INF209KC1613,153740,commodity,Commodities: Silver,Equity,Nestle India,Consumer Staples,77.1,,,4.27
ABSL BSE 500 Quality 50 Index Dir,INF209KC1613,153740,commodity,Commodities: Silver,Equity,Suzlon Energy,Industrials,25.71,,,4.26
ABSL BSE 500 Quality 50 Index Dir,INF209KC1613,153740,commodity,Commodities: Silver,Equity,Hindustan Aero,Industrials,32.38,,,3.98
ABSL BSE 500 Quality 50 Index Dir,INF209KC1613,153740,commodity,Commodities: Silver,Equity,Coal India,Materials,8.9,,,3.8
ABSL BSE 500 Quality 50 Index Dir,INF209KC1613,153740,commodity,Commodities: Silver,Equity,Hindustan Unilever,Consumer Staples,34.14,,,3.68
ABSL BSE 500 Quality 50 Index Dir,INF209KC1613,153740,commodity,Commodities: Silver,Equity,HDFC AMC,Financial,40.56,,,3.53
ABSL BSE 500 Quality 50 Index Dir,INF209KC1613,153740,commodity,Commodities: Silver,Equity,ITC,Consumer Staples,17.56,,,3.44
ABSL BSE 500 Quality 50 Index Dir,INF209KC1613,153740,commodity,Commodities: Silver,Equity,Tata Consultancy,Technology,15.33,,,3.39
ABSL BSE 500 Quality 50 Index Dir,INF209KC1613,153740,commodity,Commodities: Silver,Equity,Infosys,Technology,14.36,,,3.37
ABSL BSE 500 Quality 50 Index Dir,INF209KC1613,153740,commodity,Commodities: Silver,Equity,Marico,Consumer Staples,60.11,,,3.3
ABSL BSE 500 Quality 50 Index Dir,INF209KC1613,153740,commodity,Commodities: Silver,Equity,Hero Motocorp,Consumer Discretionary,17.3,,,3.26
ABSL BSE 500 Quality 50 Index Dir,INF209KC1613,153740,commodity,Commodities: Silver,Equity,HCL Technologies,Technology,18.25,,,3.25
ABSL BSE 500 Quality 50 Index Dir,INF209KC1613,153740,commodity,Commodities: Silver,Equity,Britannia Ind,Consumer Staples,49.34,,,3.25
ABSL BSE 500 Quality 50 Index Dir,INF209KC1613,153740,commodity,Commodities: Silver,Equity,Dixon Technologies,Consumer Discretionary,53.08,,,2.89
ABSL BSE 500 Quality 50 Index Dir,INF209KC1613,153740,commodity,Commodities: Silver,Equity,Hitachi Energy,Industrials,164.47,,,2.65
ABSL BSE 500 Quality 50 Index Dir,INF209KC1613,153740,commodity,Commodities: Silver,Equity,Solar,Materials,98.23,,,2.49
ABSL BSE 500 Quality 50 Index Dir,INF209KC1613,153740,commodity,Commodities: Silver,Equity,Torrent Pharma,Healthcare,69.41,,,2.33
ABSL BSE 500 Quality 50 Index Dir,INF209KC1613,153740,commodity,Commodities: Silver,Equity,National Aluminium,Materials,11.8,,,2.26
ABSL BSE 500 Quality 50 Index Dir,INF209KC1613,153740,commodity,Commodities: Silver,Equity,Pidilite Ind,Materials,65.49,,,2.21
ABSL BSE 500 Quality 50 Index Dir,INF209KC1613,153740,commodity,Commodities: Silver,Equity,Colgate-Palmolive,Consumer Staples,41.04,,,2.05
ABSL BSE 500 Quality 50 Index Dir,INF209KC1613,153740,commodity,Commodities: Silver,Equity,Page,Consumer Discretionary,58.43,,,1.99
ABSL BSE 500 Quality 50 Index Dir,INF209KC1613,153740,commodity,Commodities: Silver,Equity,Hindustan Zinc,Materials,17.23,,,1.77
ABSL Flexi Cap Dir,INF209K01XX1,120564,commodity,Commodities: Silver,Equity,ICICI Bank,Financial,17.8,,,5.72
ABSL Flexi Cap Dir,INF209K01XX1,120564,commodity,Commodities: Silver,Equity,HDFC Bank,Financial,15.76,,,3.43
ABSL Flexi Cap Dir,INF209K01XX1,120564,commodity,Commodities: Silver,Equity,Kotak Bank,Financial,20.63,,,3.41
ABSL Flexi Cap Dir,INF209K01XX1,120564,commodity,Commodities: Silver,Equity,Reliance Ind,Energy & Utilities,22.25,,,2.9
ABSL Flexi Cap Dir,INF209K01XX1,120564,commodity,Commodities: Silver,Equity,Infosys,Technology,14.36,,,2.75
ABSL Flexi Cap Dir,INF209K01XX1,120564,commodity,Commodities: Silver,Equity,Hindalco Ind,Materials,16.96,,,2.38
ABSL Flexi Cap Dir,INF209K01XX1,120564,commodity,Commodities: Silver,Equity,SBI,Financial,11.46,,,2.26
ABSL Flexi Cap Dir,INF209K01XX1,120564,commodity,Commodities: Silver,Equity,Bharti Airtel,Technology,43.19,,,2.18
ABSL Flexi Cap Dir,INF209K01XX1,120564,commodity,Commodities: Silver,Equity,Bharat Forge,Consumer Discretionary,90.13,,,2.17
ABSL Flexi Cap Dir,INF209K01XX1,120564,commodity,Commodities: Silver,Equity,HCL Technologies,Technology,18.25,,,1.87
ABSL Flexi Cap Dir,INF209K01XX1,120564,commodity,Commodities: Silver,Equity,Axis Bank,Financial,15.95,,,1.73
ABSL Flexi Cap Dir,INF209K01XX1,120564,commodity,Commodities: Silver,Equity,Godrej Consumer,Consumer Staples,54.87,,,1.73
ABSL Flexi Cap Dir,INF209K01XX1,120564,commodity,Commodities: Silver,Equity,SBI Life Insurance,Financial,126.08,,,1.69
ABSL Flexi Cap Dir,INF209K01XX1,120564,commodity,Commodities: Silver,Equity,Ather Energy,Consumer Discretionary,,,,1.67
ABSL Flexi Cap Dir,INF209K01XX1,120564,commodity,Commodities: Silver,Equity,Jindal Steel,Materials,34.38,,,1.66
ABSL Flexi Cap Dir,INF209K01XX1,120564,commodity,Commodities: Silver,Equity,Sona BLW Precision,Consumer Discretionary,59.55,,,1.63
ABSL Flexi Cap Dir,INF209K01XX1,120564,commodity,Commodities: Silver,Equity,United Spirits,Consumer Staples,52.32,,,1.61
ABSL Flexi Cap Dir,INF209K01XX1,120564,commodity,Commodities: Silver,Equity,Tech Mahindra,Technology,28.24,,,1.61
ABSL Flexi Cap Dir,INF209K01XX1,120564,commodity,Commodities: Silver,Equity,Larsen & Toubro,Industrials,35.92,,,1.59
ABSL Flexi Cap Dir,INF209K01XX1,120564,commodity,Commodities: Silver,Equity,Lenskart Solutions,Consumer Discretionary,179.08,,,1.58
ABSL Flexi Cap Dir,INF209K01XX1,120564,commodity,Commodities: Silver,Equity,Mahindra & Mahindra,Consumer Discretionary,22.36,,,1.56
ABSL Flexi Cap Dir,INF209K01XX1,120564,commodity,Commodities: Silver,Equity,The Federal Bank,Financial,18.3,,,1.55
ABSL Flexi Cap Dir,INF209K01XX1,120564,commodity,Commodities: Silver,Equity,Tata Consumer,Consumer Staples,71.05,,,1.53
ABSL Flexi Cap Dir,INF209K01XX1,120564,commodity,Commodities: Silver,Equity,Mankind Pharma,Healthcare,52.33,,,1.52
ABSL Flexi Cap Dir,INF209K01XX1,120564,commodity,Commodities: Silver,Equity,Grasim,Materials,42.94,,,1.49
ABSL Focused Dir,INF209K01WE3,119564,commodity,Commodities: Silver,Equity,Reliance Ind,Energy & Utilities,22.25,,,5.42
ABSL Focused Dir,INF209K01WE3,119564,commodity,Commodities: Silver,Equity,Infosys,Technology,14.36,,,5.11
ABSL Focused Dir,INF209K01WE3,119564,commodity,Commodities: Silver,Equity,ICICI Bank,Financial,17.8,,,5.09
ABSL Focused Dir,INF209K01WE3,119564,commodity,Commodities: Silver,Equity,Shriram Finance,Financial,23.5,,,4.03
ABSL Focused Dir,INF209K01WE3,119564,commodity,Commodities: Silver,Equity,Adani Ports,Industrials,33.02,,,4
ABSL Focused Dir,INF209K01WE3,119564,commodity,Commodities: Silver,Equity,Axis Bank,Financial,15.95,,,3.94
ABSL Focused Dir,INF209K01WE3,119564,commodity,Commodities: Silver,Equity,HDFC Bank,Financial,15.76,,,3.86
ABSL Focused Dir,INF209K01WE3,119564,commodity,Commodities: Silver,Equity,Coforge,Technology,41.51,,,3.84
ABSL Focused Dir,INF209K01WE3,119564,commodity,Commodities: Silver,Equity,Eternal,Technology,688.71,,,3.8
ABSL Focused Dir,INF209K01WE3,119564,commodity,Commodities: Silver,Equity,Tech Mahindra,Technology,28.24,,,3.76
ABSL Focused Dir,INF209K01WE3,119564,commodity,Commodities: Silver,Equity,NTPC,Energy & Utilities,13.09,,,3.61
ABSL Focused Dir,INF209K01WE3,119564,commodity,Commodities: Silver,Equity,SBI,Financial,11.46,,,3.55
ABSL Focused Dir,INF209K01WE3,119564,commodity,Commodities: Silver,Equity,AU Small Fin Bank,Financial,29.3,,,3.45
ABSL Focused Dir,INF209K01WE3,119564,commodity,Commodities: Silver,Equity,Bharti Airtel,Technology,43.19,,,3.43
ABSL Focused Dir,INF209K01WE3,119564,commodity,Commodities: Silver,Equity,SBI Life Insurance,Financial,126.08,,,3.39
ABSL Focused Dir,INF209K01WE3,119564,commodity,Commodities: Silver,Equity,The Phoenix Mills,Real Estate,55.13,,,3.31
ABSL Focused Dir,INF209K01WE3,119564,commodity,Commodities: Silver,Equity,Larsen & Toubro,Industrials,35.92,,,3.23
ABSL Focused Dir,INF209K01WE3,119564,commodity,Commodities: Silver,Equity,Trent,Consumer Discretionary,97.62,,,3.13
ABSL Focused Dir,INF209K01WE3,119564,commodity,Commodities: Silver,Equity,Hindalco Ind,Materials,16.96,,,3.01
ABSL Focused Dir,INF209K01WE3,119564,commodity,Commodities: Silver,Equity,United Spirits,Consumer Staples,52.32,,,2.59
ABSL Focused Dir,INF209K01WE3,119564,commodity,Commodities: Silver,Equity,Biocon,Healthcare,174.74,,,2.54
ABSL Focused Dir,INF209K01WE3,119564,commodity,Commodities: Silver,Equity,Bajaj Finance,Financial,31.57,,,2.47
ABSL Focused Dir,INF209K01WE3,119564,commodity,Commodities: Silver,Equity,Voltas,Industrials,118.73,,,2.41
ABSL Focused Dir,INF209K01WE3,119564,commodity,Commodities: Silver,Equity,Sun Pharmaceutical,Healthcare,38.15,,,2.02
ABSL Focused Dir,INF209K01WE3,119564,commodity,Commodities: Silver,Equity,Adani Energy,Energy & Utilities,79.36,,,1.92
ABSL Retirement 30s Dir,INF209KB1I23,146575,commodity,Commodities: Silver,Equity,ICICI Bank,Financial,17.8,,,3.62
ABSL Retirement 30s Dir,INF209KB1I23,146575,commodity,Commodities: Silver,Equity,Aditya Infotech,Technology,112.9,,,3.29
ABSL Retirement 30s Dir,INF209KB1I23,146575,commodity,Commodities: Silver,Equity,SJS Enterprises,Consumer Discretionary,41.59,,,2.47
ABSL Retirement 30s Dir,INF209KB1I23,146575,commodity,Commodities: Silver,Equity,Kirloskar Oil,Industrials,49.92,,,2.44
ABSL Retirement 30s Dir,INF209KB1I23,146575,commodity,Commodities: Silver,Equity,Hindalco Ind,Materials,16.96,,,2.31
ABSL Retirement 30s Dir,INF209KB1I23,146575,commodity,Commodities: Silver,Equity,Ather Energy,Consumer Discretionary,,,,2.28
ABSL Retirement 30s Dir,INF209KB1I23,146575,commodity,Commodities: Silver,Equity,HDFC Bank,Financial,15.76,,,2.2
ABSL Retirement 30s Dir,INF209KB1I23,146575,commodity,Commodities: Silver,Equity,Shilpa Medicare,Healthcare,44.54,,,2.09
ABSL Retirement 30s Dir,INF209KB1I23,146575,commodity,Commodities: Silver,Equity,GMR Airports,Industrials,654.03,,,2.07
ABSL Retirement 30s Dir,INF209KB1I23,146575,commodity,Commodities: Silver,Equity,Jindal Steel,Materials,34.38,,,2.06
ABSL Retirement 30s Dir,INF209KB1I23,146575,commodity,Commodities: Silver,Equity,Godrej Consumer,Consumer Staples,54.87,,,2.05
ABSL Retirement 30s Dir,INF209KB1I23,146575,commodity,Commodities: Silver,Equity,Eternal,Technology,688.71,,,1.98
ABSL Retirement 30s Dir,INF209KB1I23,146575,commodity,Commodities: Silver,Equity,Adani Ports,Industrials,33.02,,,1.95
ABSL Retirement 30s Dir,INF209KB1I23,146575,commodity,Commodities: Silver,Equity,Trent,Consumer Discretionary,97.62,,,1.83
ABSL Retirement 30s Dir,INF209KB1I23,146575,commodity,Commodities: Silver,Equity,Axis Bank,Financial,15.95,,,1.8
ABSL Retirement 30s Dir,INF209KB1I23,146575,commodity,Commodities: Silver,Equity,Sona BLW Precision,Consumer Discretionary,59.55,,,1.77
ABSL Retirement 30s Dir,INF209KB1I23,146575,commodity,Commodities: Silver,Equity,Varun Beverages,Consumer Staples,56.66,,,1.75
ABSL Retirement 30s Dir,INF209KB1I23,146575,commodity,Commodities: Silver,Equity,Ajanta Pharma,Healthcare,36.2,,,1.75
ABSL Retirement 30s Dir,INF209KB1I23,146575,commodity,Commodities: Silver,Equity,Sun Pharmaceutical,Healthcare,38.15,,,1.74
ABSL Retirement 30s Dir,INF209KB1I23,146575,commodity,Commodities: Silver,Equity,Larsen & Toubro,Industrials,35.92,,,1.71
ABSL Retirement 30s Dir,INF209KB1I23,146575,commodity,Commodities: Silver,Equity,ICICI Lombard,Financial,36.79,,,1.61
ABSL Retirement 30s Dir,INF209KB1I23,146575,commodity,Commodities: Silver,Equity,Tech Mahindra,Technology,28.24,,,1.61
ABSL Retirement 30s Dir,INF209KB1I23,146575,commodity,Commodities: Silver,Equity,Coforge,Technology,41.51,,,1.51
ABSL Retirement 30s Dir,INF209KB1I23,146575,commodity,Commodities: Silver,Equity,AU Small Fin Bank,Financial,29.3,,,1.46
ABSL Retirement 30s Dir,INF209KB1I23,146575,commodity,Commodities: Silver,Equity,Craftsman Automation,Consumer Discretionary,60.7,,,1.41
Angel One Nifty Total Market ETF,INF1J2R01015,153332,commodity,Commodities: Silver,Equity,HDFC Bank,Financial,15.78,,,5.63
Angel One Nifty Total Market ETF,INF1J2R01015,153332,commodity,Commodities: Silver,Equity,ICICI Bank,Financial,17.81,,,4.44
Angel One Nifty Total Market ETF,INF1J2R01015,153332,commodity,Commodities: Silver,Equity,Reliance Ind,Energy & Utilities,22.25,,,4.41
Angel One Nifty Total Market ETF,INF1J2R01015,153332,commodity,Commodities: Silver,Equity,Bharti Airtel,Technology,43.1,,,2.78
Angel One Nifty Total Market ETF,INF1J2R01015,153332,commodity,Commodities: Silver,Equity,Larsen & Toubro,Industrials,35.91,,,2.37
Angel One Nifty Total Market ETF,INF1J2R01015,153332,commodity,Commodities: Silver,Equity,Infosys,Technology,14.37,,,2.01
Angel One Nifty Total Market ETF,INF1J2R01015,153332,commodity,Commodities: Silver,Equity,SBI,Financial,11.45,,,1.98
Angel One Nifty Total Market ETF,INF1J2R01015,153332,commodity,Commodities: Silver,Equity,Axis Bank,Financial,15.94,,,1.82
Angel One Nifty Total Market ETF,INF1J2R01015,153332,commodity,Commodities: Silver,Equity,Kotak Bank,Financial,20.59,,,1.4
Angel One Nifty Total Market ETF,INF1J2R01015,153332,commodity,Commodities: Silver,Equity,ITC,Consumer Staples,17.57,,,1.37
Angel One Nifty Total Market ETF,INF1J2R01015,153332,commodity,Commodities: Silver,Equity,Mahindra & Mahindra,Consumer Discretionary,22.42,,,1.35
Angel One Nifty Total Market ETF,INF1J2R01015,153332,commodity,Commodities: Silver,Equity,Bajaj Finance,Financial,31.57,,,1.2
Angel One Nifty Total Market ETF,INF1J2R01015,153332,commodity,Commodities: Silver,Equity,Tata Consultancy,Technology,15.26,,,1.14
Angel One Nifty Total Market ETF,INF1J2R01015,153332,commodity,Commodities: Silver,Equity,Hindustan Unilever,Consumer Staples,34.17,,,0.94
Angel One Nifty Total Market ETF,INF1J2R01015,153332,commodity,Commodities: Silver,Equity,Sun Pharmaceutical,Healthcare,38.34,,,0.94
Angel One Nifty Total Market ETF,INF1J2R01015,153332,commodity,Commodities: Silver,Equity,NTPC,Energy & Utilities,13.11,,,0.91
Angel One Nifty Total Market ETF,INF1J2R01015,153332,commodity,Commodities: Silver,Equity,Eternal,Technology,683.43,,,0.89
Angel One Nifty Total Market ETF,INF1J2R01015,153332,commodity,Commodities: Silver,Equity,Maruti Suzuki,Consumer Discretionary,28.71,,,0.85
Angel One Nifty Total Market ETF,INF1J2R01015,153332,commodity,Commodities: Silver,Equity,Tata Steel,Materials,22.9,,,0.85
Angel One Nifty Total Market ETF,INF1J2R01015,153332,commodity,Commodities: Silver,Equity,BSE,Financial,65.71,,,0.84
Angel One Nifty Total Market ETF,INF1J2R01015,153332,commodity,Commodities: Silver,Equity,Titan,Consumer Discretionary,77.11,,,0.83
Angel One Nifty Total Market ETF,INF1J2R01015,153332,commodity,Commodities: Silver,Equity,Hindalco Ind,Materials,16.95,,,0.81
Angel One Nifty Total Market ETF,INF1J2R01015,153332,commodity,Commodities: Silver,Equity,Bharat Electronics,Industrials,51.51,,,0.73
Angel One Nifty Total Market ETF,INF1J2R01015,153332,commodity,Commodities: Silver,Equity,Ultratech Cement,Materials,40.92,,,0.67
Angel One Nifty Total Market ETF,INF1J2R01015,153332,commodity,Commodities: Silver,Equity,Adani Ports,Industrials,33.16,,,0.66
Angel One Nifty Total Market Index Dir,INF1J2R01023,153330,commodity,Commodities: Silver,Equity,HDFC Bank,Financial,15.76,,,5.64
Angel One Nifty Total Market Index Dir,INF1J2R01023,153330,commodity,Commodities: Silver,Equity,ICICI Bank,Financial,17.8,,,4.45
Angel One Nifty Total Market Index Dir,INF1J2R01023,153330,commodity,Commodities: Silver,Equity,Reliance Ind,Energy & Utilities,22.25,,,4.42
Angel One Nifty Total Market Index Dir,INF1J2R01023,153330,commodity,Commodities: Silver,Equity,Bharti Airtel,Technology,43.19,,,2.78
Angel One Nifty Total Market Index Dir,INF1J2R01023,153330,commodity,Commodities: Silver,Equity,Larsen & Toubro,Industrials,35.92,,,2.37
Angel One Nifty Total Market Index Dir,INF1J2R01023,153330,commodity,Commodities: Silver,Equity,Infosys,Technology,14.36,,,2.02
Angel One Nifty Total Market Index Dir,INF1J2R01023,153330,commodity,Commodities: Silver,Equity,SBI,Financial,11.46,,,1.98
Angel One Nifty Total Market Index Dir,INF1J2R01023,153330,commodity,Commodities: Silver,Equity,Axis Bank,Financial,15.95,,,1.83
Angel One Nifty Total Market Index Dir,INF1J2R01023,153330,commodity,Commodities: Silver,Equity,Kotak Bank,Financial,20.63,,,1.4
Angel One Nifty Total Market Index Dir,INF1J2R01023,153330,commodity,Commodities: Silver,Equity,ITC,Consumer Staples,17.56,,,1.37
Angel One Nifty Total Market Index Dir,INF1J2R01023,153330,commodity,Commodities: Silver,Equity,Mahindra & Mahindra,Consumer Discretionary,22.36,,,1.35
Angel One Nifty Total Market Index Dir,INF1J2R01023,153330,commodity,Commodities: Silver,Equity,Bajaj Finance,Financial,31.57,,,1.2
Angel One Nifty Total Market Index Dir,INF1J2R01023,153330,commodity,Commodities: Silver,Equity,Tata Consultancy,Technology,15.33,,,1.14
Angel One Nifty Total Market Index Dir,INF1J2R01023,153330,commodity,Commodities: Silver,Equity,Hindustan Unilever,Consumer Staples,34.14,,,0.95
Angel One Nifty Total Market Index Dir,INF1J2R01023,153330,commodity,Commodities: Silver,Equity,Sun Pharmaceutical,Healthcare,38.15,,,0.94
Angel One Nifty Total Market Index Dir,INF1J2R01023,153330,commodity,Commodities: Silver,Equity,NTPC,Energy & Utilities,13.09,,,0.91
Angel One Nifty Total Market Index Dir,INF1J2R01023,153330,commodity,Commodities: Silver,Equity,Eternal,Technology,688.71,,,0.89
Angel One Nifty Total Market Index Dir,INF1J2R01023,153330,commodity,Commodities: Silver,Equity,Maruti Suzuki,Consumer Discretionary,28.73,,,0.85
Angel One Nifty Total Market Index Dir,INF1J2R01023,153330,commodity,Commodities: Silver,Equity,Tata Steel,Materials,22.91,,,0.85
Angel One Nifty Total Market Index Dir,INF1J2R01023,153330,commodity,Commodities: Silver,Equity,BSE,Financial,65.73,,,0.84
Angel One Nifty Total Market Index Dir,INF1J2R01023,153330,commodity,Commodities: Silver,Equity,Titan,Consumer Discretionary,77.17,,,0.83
Angel One Nifty Total Market Index Dir,INF1J2R01023,153330,commodity,Commodities: Silver,Equity,Hindalco Ind,Materials,16.96,,,0.81
Angel One Nifty Total Market Index Dir,INF1J2R01023,153330,commodity,Commodities: Silver,Equity,Bharat Electronics,Industrials,51.44,,,0.73
Angel One Nifty Total Market Index Dir,INF1J2R01023,153330,commodity,Commodities: Silver,Equity,Ultratech Cement,Materials,40.9,,,0.67
Angel One Nifty Total Market Index Dir,INF1J2R01023,153330,commodity,Commodities: Silver,Equity,Adani Ports,Industrials,33.02,,,0.66
Angel One Nifty Total Market Momentum Quality 50 ETF,INF1J2R01148,153957,commodity,Commodities: Silver,Equity,GE Vernova T&D,Industrials,111.6,,,5.78
Angel One Nifty Total Market Momentum Quality 50 ETF,INF1J2R01148,153957,commodity,Commodities: Silver,Equity,Cummins India,Industrials,68.6,,,5.47
Angel One Nifty Total Market Momentum Quality 50 ETF,INF1J2R01148,153957,commodity,Commodities: Silver,Equity,BSE,Financial,65.73,,,5.17
Angel One Nifty Total Market Momentum Quality 50 ETF,INF1J2R01148,153957,commodity,Commodities: Silver,Equity,Asian Paints,Materials,60.52,,,5.01
Angel One Nifty Total Market Momentum Quality 50 ETF,INF1J2R01148,153957,commodity,Commodities: Silver,Equity,Eicher Motors,Consumer Discretionary,37.69,,,4.85
Angel One Nifty Total Market Momentum Quality 50 ETF,INF1J2R01148,153957,commodity,Commodities: Silver,Equity,Bajaj Finance,Financial,31.57,,,4.83
Angel One Nifty Total Market Momentum Quality 50 ETF,INF1J2R01148,153957,commodity,Commodities: Silver,Equity,Maruti Suzuki,Consumer Discretionary,28.73,,,4.8
Angel One Nifty Total Market Momentum Quality 50 ETF,INF1J2R01148,153957,commodity,Commodities: Silver,Equity,Bharat Electronics,Industrials,51.44,,,4.74
Angel One Nifty Total Market Momentum Quality 50 ETF,INF1J2R01148,153957,commodity,Commodities: Silver,Equity,Hitachi Energy,Industrials,164.47,,,4.53
Angel One Nifty Total Market Momentum Quality 50 ETF,INF1J2R01148,153957,commodity,Commodities: Silver,Equity,MCX,Financial,53.17,,,4.5
Angel One Nifty Total Market Momentum Quality 50 ETF,INF1J2R01148,153957,commodity,Commodities: Silver,Equity,National Aluminium,Materials,11.8,,,4.03
Angel One Nifty Total Market Momentum Quality 50 ETF,INF1J2R01148,153957,commodity,Commodities: Silver,Equity,Britannia Ind,Consumer Staples,49.34,,,3.48
Angel One Nifty Total Market Momentum Quality 50 ETF,INF1J2R01148,153957,commodity,Commodities: Silver,Equity,Hero Motocorp,Consumer Discretionary,17.3,,,3.18
Angel One Nifty Total Market Momentum Quality 50 ETF,INF1J2R01148,153957,commodity,Commodities: Silver,Equity,HDFC AMC,Financial,40.56,,,3.05
Angel One Nifty Total Market Momentum Quality 50 ETF,INF1J2R01148,153957,commodity,Commodities: Silver,Equity,Torrent Pharma,Healthcare,69.41,,,3.03
Angel One Nifty Total Market Momentum Quality 50 ETF,INF1J2R01148,153957,commodity,Commodities: Silver,Equity,Polycab India,Industrials,56.42,,,3
Angel One Nifty Total Market Momentum Quality 50 ETF,INF1J2R01148,153957,commodity,Commodities: Silver,Equity,Marico,Consumer Staples,60.11,,,2.65
Angel One Nifty Total Market Momentum Quality 50 ETF,INF1J2R01148,153957,commodity,Commodities: Silver,Equity,Solar,Materials,98.23,,,2.54
Angel One Nifty Total Market Momentum Quality 50 ETF,INF1J2R01148,153957,commodity,Commodities: Silver,Equity,Persistent Systems,Technology,40.32,,,2.18
Angel One Nifty Total Market Momentum Quality 50 ETF,INF1J2R01148,153957,commodity,Commodities: Silver,Equity,Canara Bank,Financial,6.8,,,2.15
Angel One Nifty Total Market Momentum Quality 50 ETF,INF1J2R01148,153957,commodity,Commodities: Silver,Equity,Muthoot Finance,Financial,11.82,,,1.99
Angel One Nifty Total Market Momentum Quality 50 ETF,INF1J2R01148,153957,commodity,Commodities: Silver,Equity,Indian Bank,Financial,10.07,,,1.52
Angel One Nifty Total Market Momentum Quality 50 ETF,INF1J2R01148,153957,commodity,Commodities: Silver,Equity,Anand Rathi Wealth,Financial,78,,,1.46
Angel One Nifty Total Market Momentum Quality 50 ETF,INF1J2R01148,153957,commodity,Commodities: Silver,Equity,Bosch,Consumer Discretionary,42.69,,,1.45
Angel One Nifty Total Market Momentum Quality 50 ETF,INF1J2R01148,153957,commodity,Commodities: Silver,Equity,LTIMindtree,Technology,22.53,,,1.37
Angel One Nifty Total Market Momentum Quality 50 Index Dir,INF1J2R01122,153956,commodity,Commodities: Silver,Equity,GE Vernova T&D,Industrials,111.6,,,5.78
Angel One Nifty Total Market Momentum Quality 50 Index Dir,INF1J2R01122,153956,commodity,Commodities: Silver,Equity,Cummins India,Industrials,68.6,,,5.48
Angel One Nifty Total Market Momentum Quality 50 Index Dir,INF1J2R01122,153956,commodity,Commodities: Silver,Equity,BSE,Financial,65.73,,,5.17
Angel One Nifty Total Market Momentum Quality 50 Index Dir,INF1J2R01122,153956,commodity,Commodities: Silver,Equity,Asian Paints,Materials,60.52,,,5.01
Angel One Nifty Total Market Momentum Quality 50 Index Dir,INF1J2R01122,153956,commodity,Commodities: Silver,Equity,Eicher Motors,Consumer Discretionary,37.69,,,4.84
Angel One Nifty Total Market Momentum Quality 50 Index Dir,INF1J2R01122,153956,commodity,Commodities: Silver,Equity,Bajaj Finance,Financial,31.57,,,4.83
Angel One Nifty Total Market Momentum Quality 50 Index Dir,INF1J2R01122,153956,commodity,Commodities: Silver,Equity,Maruti Suzuki,Consumer Discretionary,28.73,,,4.79
Angel One Nifty Total Market Momentum Quality 50 Index Dir,INF1J2R01122,153956,commodity,Commodities: Silver,Equity,Bharat Electronics,Industrials,51.44,,,4.74
Angel One Nifty Total Market Momentum Quality 50 Index Dir,INF1J2R01122,153956,commodity,Commodities: Silver,Equity,Hitachi Energy,Industrials,164.47,,,4.54
Angel One Nifty Total Market Momentum Quality 50 Index Dir,INF1J2R01122,153956,commodity,Commodities: Silver,Equity,MCX,Financial,53.17,,,4.5
Angel One Nifty Total Market Momentum Quality 50 Index Dir,INF1J2R01122,153956,commodity,Commodities: Silver,Equity,National Aluminium,Materials,11.8,,,4.03
Angel One Nifty Total Market Momentum Quality 50 Index Dir,INF1J2R01122,153956,commodity,Commodities: Silver,Equity,Britannia Ind,Consumer Staples,49.34,,,3.48
Angel One Nifty Total Market Momentum Quality 50 Index Dir,INF1J2R01122,153956,commodity,Commodities: Silver,Equity,Hero Motocorp,Consumer Discretionary,17.3,,,3.18
Angel One Nifty Total Market Momentum Quality 50 Index Dir,INF1J2R01122,153956,commodity,Commodities: Silver,Equity,HDFC AMC,Financial,40.56,,,3.05
Angel One Nifty Total Market Momentum Quality 50 Index Dir,INF1J2R01122,153956,commodity,Commodities: Silver,Equity,Torrent Pharma,Healthcare,69.41,,,3.03
Angel One Nifty Total Market Momentum Quality 50 Index Dir,INF1J2R01122,153956,commodity,Commodities: Silver,Equity,Polycab India,Industrials,56.42,,,2.98
Angel One Nifty Total Market Momentum Quality 50 Index Dir,INF1J2R01122,153956,commodity,Commodities: Silver,Equity,Marico,Consumer Staples,60.11,,,2.65
Angel One Nifty Total Market Momentum Quality 50 Index Dir,INF1J2R01122,153956,commodity,Commodities: Silver,Equity,Solar,Materials,98.23,,,2.54
Angel One Nifty Total Market Momentum Quality 50 Index Dir,INF1J2R01122,153956,commodity,Commodities: Silver,Equity,Persistent Systems,Technology,40.32,,,2.17
Angel One Nifty Total Market Momentum Quality 50 Index Dir,INF1J2R01122,153956,commodity,Commodities: Silver,Equity,Canara Bank,Financial,6.8,,,2.15
Angel One Nifty Total Market Momentum Quality 50 Index Dir,INF1J2R01122,153956,commodity,Commodities: Silver,Equity,Muthoot Finance,Financial,11.82,,,1.99
Angel One Nifty Total Market Momentum Quality 50 Index Dir,INF1J2R01122,153956,commodity,Commodities: Silver,Equity,Indian Bank,Financial,10.07,,,1.52
Angel One Nifty Total Market Momentum Quality 50 Index Dir,INF1J2R01122,153956,commodity,Commodities: Silver,Equity,Bosch,Consumer Discretionary,42.69,,,1.47
Angel One Nifty Total Market Momentum Quality 50 Index Dir,INF1J2R01122,153956,commodity,Commodities: Silver,Equity,Anand Rathi Wealth,Financial,78,,,1.46
Angel One Nifty Total Market Momentum Quality 50 Index Dir,INF1J2R01122,153956,commodity,Commodities: Silver,Equity,LTIMindtree,Technology,22.53,,,1.37
Axis Flexi Cap Dir,INF846K01B28,141925,commodity,Commodities: Silver,Equity,ICICI Bank,Financial,17.8,,,7.49
Axis Flexi Cap Dir,INF846K01B28,141925,commodity,Commodities: Silver,Equity,Bajaj Finance,Financial,31.57,,,3.94
Axis Flexi Cap Dir,INF846K01B28,141925,commodity,Commodities: Silver,Equity,Bharat Electronics,Industrials,51.44,,,3.84
Axis Flexi Cap Dir,INF846K01B28,141925,commodity,Commodities: Silver,Equity,Eternal,Technology,688.71,,,3.71
Axis Flexi Cap Dir,INF846K01B28,141925,commodity,Commodities: Silver,Equity,Axis Bank,Financial,15.95,,,3.38
Axis Flexi Cap Dir,INF846K01B28,141925,commodity,Commodities: Silver,Equity,Krishna Institute,Healthcare,132.36,,,3.27
Axis Flexi Cap Dir,INF846K01B28,141925,commodity,Commodities: Silver,Equity,SBI,Financial,11.46,,,3.21
Axis Flexi Cap Dir,INF846K01B28,141925,commodity,Commodities: Silver,Equity,Apar,Diversified,64.77,,,3.12
Axis Flexi Cap Dir,INF846K01B28,141925,commodity,Commodities: Silver,Equity,Ultratech Cement,Materials,40.9,,,2.9
Axis Flexi Cap Dir,INF846K01B28,141925,commodity,Commodities: Silver,Equity,Mahindra & Mahindra,Consumer Discretionary,22.36,,,2.62
Axis Flexi Cap Dir,INF846K01B28,141925,commodity,Commodities: Silver,Equity,HDFC Bank,Financial,15.76,,,2.46
Axis Flexi Cap Dir,INF846K01B28,141925,commodity,Commodities: Silver,Equity,Bharti Airtel,Technology,43.19,,,2.34
Axis Flexi Cap Dir,INF846K01B28,141925,commodity,Commodities: Silver,Equity,CG Power,Industrials,125.19,,,2.23
Axis Flexi Cap Dir,INF846K01B28,141925,commodity,Commodities: Silver,Equity,GE Vernova T&D,Industrials,111.6,,,2.21
Axis Flexi Cap Dir,INF846K01B28,141925,commodity,Commodities: Silver,Equity,PB Fintech,Financial,111.92,,,2.13
Axis Flexi Cap Dir,INF846K01B28,141925,commodity,Commodities: Silver,Equity,Cholamandalam Inv,Financial,27.55,,,1.97
Axis Flexi Cap Dir,INF846K01B28,141925,commodity,Commodities: Silver,Equity,Interglobe Aviation,Industrials,,,,1.94
Axis Flexi Cap Dir,INF846K01B28,141925,commodity,Commodities: Silver,Equity,Mankind Pharma,Healthcare,52.33,,,1.93
Axis Flexi Cap Dir,INF846K01B28,141925,commodity,Commodities: Silver,Equity,Sansera Eng,Consumer Discretionary,56.28,,,1.8
Axis Flexi Cap Dir,INF846K01B28,141925,commodity,Commodities: Silver,Equity,TVS Motor,Consumer Discretionary,54.03,,,1.73
Axis Flexi Cap Dir,INF846K01B28,141925,commodity,Commodities: Silver,Equity,Cummins India,Industrials,68.6,,,1.62
Axis Flexi Cap Dir,INF846K01B28,141925,commodity,Commodities: Silver,Equity,Trent,Consumer Discretionary,97.62,,,1.57
Axis Flexi Cap Dir,INF846K01B28,141925,commodity,Commodities: Silver,Equity,Samvardhana Motherson,Consumer Discretionary,39.79,,,1.55
Axis Flexi Cap Dir,INF846K01B28,141925,commodity,Commodities: Silver,Equity,Torrent Power,Energy & Utilities,29.76,,,1.48
Axis Flexi Cap Dir,INF846K01B28,141925,commodity,Commodities: Silver,Equity,The Indian Hotels,Consumer Discretionary,49.43,,,1.48
Axis Focused Dir,INF846K01EP4,120503,commodity,Commodities: Silver,Equity,ICICI Bank,Financial,17.8,,,7.59
Axis Focused Dir,INF846K01EP4,120503,commodity,Commodities: Silver,Equity,Eternal,Technology,688.71,,,6.09
Axis Focused Dir,INF846K01EP4,120503,commodity,Commodities: Silver,Equity,Divi's Lab,Healthcare,69.75,,,5.27
Axis Focused Dir,INF846K01EP4,120503,commodity,Commodities: Silver,Equity,Apollo Hospitals,Healthcare,62.53,,,5.12
Axis Focused Dir,INF846K01EP4,120503,commodity,Commodities: Silver,Equity,Cholamandalam Inv,Financial,27.55,,,4.61
Axis Focused Dir,INF846K01EP4,120503,commodity,Commodities: Silver,Equity,Bajaj Finance,Financial,31.57,,,4.28
Axis Focused Dir,INF846K01EP4,120503,commodity,Commodities: Silver,Equity,SBI,Financial,11.46,,,4.16
Axis Focused Dir,INF846K01EP4,120503,commodity,Commodities: Silver,Equity,PB Fintech,Financial,111.92,,,3.96
Axis Focused Dir,INF846K01EP4,120503,commodity,Commodities: Silver,Equity,Apar,Diversified,64.77,,,3.51
Axis Focused Dir,INF846K01EP4,120503,commodity,Commodities: Silver,Equity,Axis Bank,Financial,15.95,,,3.34
Axis Focused Dir,INF846K01EP4,120503,commodity,Commodities: Silver,Equity,Cummins India,Industrials,68.6,,,3.31
Axis Focused Dir,INF846K01EP4,120503,commodity,Commodities: Silver,Equity,HDFC Bank,Financial,15.76,,,3.3
Axis Focused Dir,INF846K01EP4,120503,commodity,Commodities: Silver,Equity,Interglobe Aviation,Industrials,,,,3
Axis Focused Dir,INF846K01EP4,120503,commodity,Commodities: Silver,Equity,Mahindra & Mahindra,Consumer Discretionary,22.36,,,2.98
Axis Focused Dir,INF846K01EP4,120503,commodity,Commodities: Silver,Equity,Torrent Power,Energy & Utilities,29.76,,,2.91
Axis Focused Dir,INF846K01EP4,120503,commodity,Commodities: Silver,Equity,CG Power,Industrials,125.19,,,2.86
Axis Focused Dir,INF846K01EP4,120503,commodity,Commodities: Silver,Equity,Bharti Airtel,Technology,43.19,,,2.65
Axis Focused Dir,INF846K01EP4,120503,commodity,Commodities: Silver,Equity,Hindustan Aero,Industrials,32.38,,,2.64
Axis Focused Dir,INF846K01EP4,120503,commodity,Commodities: Silver,Equity,TVS Motor,Consumer Discretionary,54.03,,,2.06
Axis Focused Dir,INF846K01EP4,120503,commodity,Commodities: Silver,Equity,Pidilite Ind,Materials,65.49,,,2.05
Axis Focused Dir,INF846K01EP4,120503,commodity,Commodities: Silver,Equity,Titan,Consumer Discretionary,77.17,,,2.02
Axis Focused Dir,INF846K01EP4,120503,commodity,Commodities: Silver,Equity,Reliance Ind,Energy & Utilities,22.25,,,1.95
Axis Focused Dir,INF846K01EP4,120503,commodity,Commodities: Silver,Equity,United Spirits,Consumer Staples,52.32,,,1.9
Axis Focused Dir,INF846K01EP4,120503,commodity,Commodities: Silver,Equity,Trent,Consumer Discretionary,97.62,,,1.87
Axis Focused Dir,INF846K01EP4,120503,commodity,Commodities: Silver,Equity,Hyundai Motor India,Consumer Discretionary,29.58,,,1.8
Axis Nifty 500 Index Dir,INF846K019W9,152731,commodity,Commodities: Silver,Equity,HDFC Bank,Financial,15.76,,,5.87
Axis Nifty 500 Index Dir,INF846K019W9,152731,commodity,Commodities: Silver,Equity,ICICI Bank,Financial,17.8,,,4.62
Axis Nifty 500 Index Dir,INF846K019W9,152731,commodity,Commodities: Silver,Equity,Reliance Ind,Energy & Utilities,22.25,,,4.59
Axis Nifty 500 Index Dir,INF846K019W9,152731,commodity,Commodities: Silver,Equity,Bharti Airtel,Technology,43.19,,,2.89
Axis Nifty 500 Index Dir,INF846K019W9,152731,commodity,Commodities: Silver,Equity,Larsen & Toubro,Industrials,35.92,,,2.46
Axis Nifty 500 Index Dir,INF846K019W9,152731,commodity,Commodities: Silver,Equity,Infosys,Technology,14.36,,,2.1
Axis Nifty 500 Index Dir,INF846K019W9,152731,commodity,Commodities: Silver,Equity,SBI,Financial,11.46,,,2.06
Axis Nifty 500 Index Dir,INF846K019W9,152731,commodity,Commodities: Silver,Equity,Axis Bank,Financial,15.95,,,1.9
Axis Nifty 500 Index Dir,INF846K019W9,152731,commodity,Commodities: Silver,Equity,Kotak Bank,Financial,20.63,,,1.46
Axis Nifty 500 Index Dir,INF846K019W9,152731,commodity,Commodities: Silver,Equity,ITC,Consumer Staples,17.56,,,1.42
Axis Nifty 500 Index Dir,INF846K019W9,152731,commodity,Commodities: Silver,Equity,Mahindra & Mahindra,Consumer Discretionary,22.36,,,1.4
Axis Nifty 500 Index Dir,INF846K019W9,152731,commodity,Commodities: Silver,Equity,Bajaj Finance,Financial,31.57,,,1.25
Axis Nifty 500 Index Dir,INF846K019W9,152731,commodity,Commodities: Silver,Equity,Tata Consultancy,Technology,15.33,,,1.19
Axis Nifty 500 Index Dir,INF846K019W9,152731,commodity,Commodities: Silver,Equity,Hindustan Unilever,Consumer Staples,34.14,,,0.98
Axis Nifty 500 Index Dir,INF846K019W9,152731,commodity,Commodities: Silver,Equity,Sun Pharmaceutical,Healthcare,38.15,,,0.98
Axis Nifty 500 Index Dir,INF846K019W9,152731,commodity,Commodities: Silver,Equity,NTPC,Energy & Utilities,13.09,,,0.94
Axis Nifty 500 Index Dir,INF846K019W9,152731,commodity,Commodities: Silver,Equity,Eternal,Technology,688.71,,,0.93
Axis Nifty 500 Index Dir,INF846K019W9,152731,commodity,Commodities: Silver,Equity,Maruti Suzuki,Consumer Discretionary,28.73,,,0.89
Axis Nifty 500 Index Dir,INF846K019W9,152731,commodity,Commodities: Silver,Equity,Tata Steel,Materials,22.91,,,0.89
Axis Nifty 500 Index Dir,INF846K019W9,152731,commodity,Commodities: Silver,Equity,BSE,Financial,65.73,,,0.87
Axis Nifty 500 Index Dir,INF846K019W9,152731,commodity,Commodities: Silver,Equity,Titan,Consumer Discretionary,77.17,,,0.87
Axis Nifty 500 Index Dir,INF846K019W9,152731,commodity,Commodities: Silver,Equity,Hindalco Ind,Materials,16.96,,,0.84
Axis Nifty 500 Index Dir,INF846K019W9,152731,commodity,Commodities: Silver,Equity,Bharat Electronics,Industrials,51.44,,,0.76
Axis Nifty 500 Index Dir,INF846K019W9,152731,commodity,Commodities: Silver,Equity,Ultratech Cement,Materials,40.9,,,0.7
Axis Nifty 500 Index Dir,INF846K019W9,152731,commodity,Commodities: Silver,Equity,Adani Ports,Industrials,33.02,,,0.69
Axis Nifty500 Momentum 50 Index Dir,INF846KA1044,153244,commodity,Commodities: Silver,Equity,Hindalco Ind,Materials,16.96,,,5.51
Axis Nifty500 Momentum 50 Index Dir,INF846KA1044,153244,commodity,Commodities: Silver,Equity,BSE,Financial,65.73,,,4.85
Axis Nifty500 Momentum 50 Index Dir,INF846KA1044,153244,commodity,Commodities: Silver,Equity,Eicher Motors,Consumer Discretionary,37.69,,,4.73
Axis Nifty500 Momentum 50 Index Dir,INF846KA1044,153244,commodity,Commodities: Silver,Equity,Shriram Finance,Financial,23.5,,,4.7
Axis Nifty500 Momentum 50 Index Dir,INF846KA1044,153244,commodity,Commodities: Silver,Equity,Asian Paints,Materials,60.52,,,4.49
Axis Nifty500 Momentum 50 Index Dir,INF846KA1044,153244,commodity,Commodities: Silver,Equity,Bajaj Finance,Financial,31.57,,,4.45
Axis Nifty500 Momentum 50 Index Dir,INF846KA1044,153244,commodity,Commodities: Silver,Equity,Bharti Airtel,Technology,43.19,,,4.26
Axis Nifty500 Momentum 50 Index Dir,INF846KA1044,153244,commodity,Commodities: Silver,Equity,Mahindra & Mahindra,Consumer Discretionary,22.36,,,4.12
Axis Nifty500 Momentum 50 Index Dir,INF846KA1044,153244,commodity,Commodities: Silver,Equity,Maruti Suzuki,Consumer Discretionary,28.73,,,3.87
Axis Nifty500 Momentum 50 Index Dir,INF846KA1044,153244,commodity,Commodities: Silver,Equity,MCX,Financial,53.17,,,3.29
Axis Nifty500 Momentum 50 Index Dir,INF846KA1044,153244,commodity,Commodities: Silver,Equity,TVS Motor,Consumer Discretionary,54.03,,,3.2
Axis Nifty500 Momentum 50 Index Dir,INF846KA1044,153244,commodity,Commodities: Silver,Equity,Laurus Labs,Healthcare,86.1,,,3.05
Axis Nifty500 Momentum 50 Index Dir,INF846KA1044,153244,commodity,Commodities: Silver,Equity,Cummins India,Industrials,68.6,,,3.03
Axis Nifty500 Momentum 50 Index Dir,INF846KA1044,153244,commodity,Commodities: Silver,Equity,Interglobe Aviation,Industrials,,,,2.92
Axis Nifty500 Momentum 50 Index Dir,INF846KA1044,153244,commodity,Commodities: Silver,Equity,Hero Motocorp,Consumer Discretionary,17.3,,,2.85
Axis Nifty500 Momentum 50 Index Dir,INF846KA1044,153244,commodity,Commodities: Silver,Equity,The Federal Bank,Financial,18.3,,,2.57
Axis Nifty500 Momentum 50 Index Dir,INF846KA1044,153244,commodity,Commodities: Silver,Equity,AU Small Fin Bank,Financial,29.3,,,2.55
Axis Nifty500 Momentum 50 Index Dir,INF846KA1044,153244,commodity,Commodities: Silver,Equity,Muthoot Finance,Financial,11.82,,,2.39
Axis Nifty500 Momentum 50 Index Dir,INF846KA1044,153244,commodity,Commodities: Silver,Equity,GE Vernova T&D,Industrials,111.6,,,2.22
Axis Nifty500 Momentum 50 Index Dir,INF846KA1044,153244,commodity,Commodities: Silver,Equity,L&T Fin,Financial,24.11,,,1.88
Axis Nifty500 Momentum 50 Index Dir,INF846KA1044,153244,commodity,Commodities: Silver,Equity,Canara Bank,Financial,6.8,,,1.82
Axis Nifty500 Momentum 50 Index Dir,INF846KA1044,153244,commodity,Commodities: Silver,Equity,One97 Comm,Industrials,126.07,,,1.75
Axis Nifty500 Momentum 50 Index Dir,INF846KA1044,153244,commodity,Commodities: Silver,Equity,Fortis Healthcare,Healthcare,69.79,,,1.73
Axis Nifty500 Momentum 50 Index Dir,INF846KA1044,153244,commodity,Commodities: Silver,Equity,Cholamandalam Inv,Financial,27.55,,,1.72
Axis Nifty500 Momentum 50 Index Dir,INF846KA1044,153244,commodity,Commodities: Silver,Equity,Max Financial,Financial,677.32,,,1.68
Axis Nifty500 Quality 50 Index Dir,INF846KA1200,153829,commodity,Commodities: Silver,Equity,BSE,Financial,65.73,,,5.87
Axis Nifty500 Quality 50 Index Dir,INF846KA1200,153829,commodity,Commodities: Silver,Equity,Bharat Electronics,Industrials,51.44,,,4.35
Axis Nifty500 Quality 50 Index Dir,INF846KA1200,153829,commodity,Commodities: Silver,Equity,Coal India,Materials,8.9,,,3.87
Axis Nifty500 Quality 50 Index Dir,INF846KA1200,153829,commodity,Commodities: Silver,Equity,Bajaj Auto,Consumer Discretionary,26.01,,,3.74
Axis Nifty500 Quality 50 Index Dir,INF846KA1200,153829,commodity,Commodities: Silver,Equity,Suzlon Energy,Industrials,25.71,,,3.63
Axis Nifty500 Quality 50 Index Dir,INF846KA1200,153829,commodity,Commodities: Silver,Equity,GE Vernova T&D,Industrials,111.6,,,3.51
Axis Nifty500 Quality 50 Index Dir,INF846KA1200,153829,commodity,Commodities: Silver,Equity,Britannia Ind,Consumer Staples,49.34,,,3.44
Axis Nifty500 Quality 50 Index Dir,INF846KA1200,153829,commodity,Commodities: Silver,Equity,Colgate-Palmolive,Consumer Staples,41.04,,,3.36
Axis Nifty500 Quality 50 Index Dir,INF846KA1200,153829,commodity,Commodities: Silver,Equity,Tata Consultancy,Technology,15.33,,,3.28
Axis Nifty500 Quality 50 Index Dir,INF846KA1200,153829,commodity,Commodities: Silver,Equity,CG Power,Industrials,125.19,,,3.27
Axis Nifty500 Quality 50 Index Dir,INF846KA1200,153829,commodity,Commodities: Silver,Equity,Solar,Materials,98.23,,,2.96
Axis Nifty500 Quality 50 Index Dir,INF846KA1200,153829,commodity,Commodities: Silver,Equity,Dixon Technologies,Consumer Discretionary,53.08,,,2.96
Axis Nifty500 Quality 50 Index Dir,INF846KA1200,153829,commodity,Commodities: Silver,Equity,HDFC AMC,Financial,40.56,,,2.88
Axis Nifty500 Quality 50 Index Dir,INF846KA1200,153829,commodity,Commodities: Silver,Equity,Marico,Consumer Staples,60.11,,,2.82
Axis Nifty500 Quality 50 Index Dir,INF846KA1200,153829,commodity,Commodities: Silver,Equity,National Aluminium,Materials,11.8,,,2.66
Axis Nifty500 Quality 50 Index Dir,INF846KA1200,153829,commodity,Commodities: Silver,Equity,ABB India,Industrials,99.94,,,2.6
Axis Nifty500 Quality 50 Index Dir,INF846KA1200,153829,commodity,Commodities: Silver,Equity,Page,Consumer Discretionary,58.43,,,2.3
Axis Nifty500 Quality 50 Index Dir,INF846KA1200,153829,commodity,Commodities: Silver,Equity,CAMS,Financial,42.9,,,2.27
Axis Nifty500 Quality 50 Index Dir,INF846KA1200,153829,commodity,Commodities: Silver,Equity,Persistent Systems,Technology,40.32,,,2.15
Axis Nifty500 Quality 50 Index Dir,INF846KA1200,153829,commodity,Commodities: Silver,Equity,Anand Rathi Wealth,Financial,78,,,2.05
Axis Nifty500 Quality 50 Index Dir,INF846KA1200,153829,commodity,Commodities: Silver,Equity,Oracle Fin,Technology,31.44,,,1.96
Axis Nifty500 Quality 50 Index Dir,INF846KA1200,153829,commodity,Commodities: Silver,Equity,Nippon Life AMC,Financial,49.33,,,1.89
Axis Nifty500 Quality 50 Index Dir,INF846KA1200,153829,commodity,Commodities: Silver,Equity,Angel One,Financial,35.26,,,1.84
Axis Nifty500 Quality 50 Index Dir,INF846KA1200,153829,commodity,Commodities: Silver,Equity,NMDC,Materials,10.46,,,1.8
Axis Nifty500 Quality 50 Index Dir,INF846KA1200,153829,commodity,Commodities: Silver,Equity,Central Depository,Financial,62.73,,,1.63
Bajaj Finserv Flexi Cap Dir,INF0QA701342,151895,commodity,Commodities: Silver,Equity,ICICI Bank,Financial,17.8,,,5.42
Bajaj Finserv Flexi Cap Dir,INF0QA701342,151895,commodity,Commodities: Silver,Equity,HDFC Bank,Financial,15.76,,,3.91
Bajaj Finserv Flexi Cap Dir,INF0QA701342,151895,commodity,Commodities: Silver,Equity,MTAR Technologies,Industrials,273.32,,,3.18
Bajaj Finserv Flexi Cap Dir,INF0QA701342,151895,commodity,Commodities: Silver,Equity,Reliance Ind,Energy & Utilities,22.25,,,3.16
Bajaj Finserv Flexi Cap Dir,INF0QA701342,151895,commodity,Commodities: Silver,Equity,Divi's Lab,Healthcare,69.75,,,3.07
Bajaj Finserv Flexi Cap Dir,INF0QA701342,151895,commodity,Commodities: Silver,Equity,Apollo Hospitals,Healthcare,62.53,,,3
Bajaj Finserv Flexi Cap Dir,INF0QA701342,151895,commodity,Commodities: Silver,Equity,Ultratech Cement,Materials,40.9,,,2.76
Bajaj Finserv Flexi Cap Dir,INF0QA701342,151895,commodity,Commodities: Silver,Equity,The Federal Bank,Financial,18.3,,,2.7
Bajaj Finserv Flexi Cap Dir,INF0QA701342,151895,commodity,Commodities: Silver,Equity,Axis Bank,Financial,15.95,,,2.6
Bajaj Finserv Flexi Cap Dir,INF0QA701342,151895,commodity,Commodities: Silver,Equity,SBI,Financial,11.46,,,2.59
Bajaj Finserv Flexi Cap Dir,INF0QA701342,151895,commodity,Commodities: Silver,Equity,Sona BLW Precision,Consumer Discretionary,59.55,,,2.51
Bajaj Finserv Flexi Cap Dir,INF0QA701342,151895,commodity,Commodities: Silver,Equity,Thermax,Industrials,77.7,,,2.41
Bajaj Finserv Flexi Cap Dir,INF0QA701342,151895,commodity,Commodities: Silver,Equity,UNO Minda,Consumer Discretionary,53.31,,,2.41
Bajaj Finserv Flexi Cap Dir,INF0QA701342,151895,commodity,Commodities: Silver,Equity,Titan,Consumer Discretionary,77.17,,,2.38
Bajaj Finserv Flexi Cap Dir,INF0QA701342,151895,commodity,Commodities: Silver,Equity,Page,Consumer Discretionary,58.43,,,2.25
Bajaj Finserv Flexi Cap Dir,INF0QA701342,151895,commodity,Commodities: Silver,Equity,Ather Energy,Consumer Discretionary,,,,2.23
Bajaj Finserv Flexi Cap Dir,INF0QA701342,151895,commodity,Commodities: Silver,Equity,K.P.R. Mill,Consumer Discretionary,44.89,,,2.18
Bajaj Finserv Flexi Cap Dir,INF0QA701342,151895,commodity,Commodities: Silver,Equity,Petronet Lng,Energy & Utilities,11.09,,,2.06
Bajaj Finserv Flexi Cap Dir,INF0QA701342,151895,commodity,Commodities: Silver,Equity,HEG,Industrials,30.02,,,2.02
Bajaj Finserv Flexi Cap Dir,INF0QA701342,151895,commodity,Commodities: Silver,Equity,Neuland Lab,Healthcare,61.01,,,1.96
Bajaj Finserv Flexi Cap Dir,INF0QA701342,151895,commodity,Commodities: Silver,Equity,Cummins India,Industrials,68.6,,,1.89
Bajaj Finserv Flexi Cap Dir,INF0QA701342,151895,commodity,Commodities: Silver,Equity,AIA Engineering,Industrials,34.68,,,1.8
Bajaj Finserv Flexi Cap Dir,INF0QA701342,151895,commodity,Commodities: Silver,Equity,Godrej Consumer,Consumer Staples,54.87,,,1.76
Bajaj Finserv Flexi Cap Dir,INF0QA701342,151895,commodity,Commodities: Silver,Equity,Infosys,Technology,14.36,,,1.74
Bajaj Finserv Flexi Cap Dir,INF0QA701342,151895,commodity,Commodities: Silver,Equity,Max Financial,Financial,677.32,,,1.64
Bandhan Flexi Cap Dir,INF194K01W62,118424,commodity,Commodities: Silver,Equity,HDFC Bank,Financial,15.76,,,8.11
Bandhan Flexi Cap Dir,INF194K01W62,118424,commodity,Commodities: Silver,Equity,ICICI Bank,Financial,17.8,,,7.32
Bandhan Flexi Cap Dir,INF194K01W62,118424,commodity,Commodities: Silver,Equity,Reliance Ind,Energy & Utilities,22.25,,,4.37
Bandhan Flexi Cap Dir,INF194K01W62,118424,commodity,Commodities: Silver,Equity,Infosys,Technology,14.36,,,3.68
Bandhan Flexi Cap Dir,INF194K01W62,118424,commodity,Commodities: Silver,Equity,Axis Bank,Financial,15.95,,,3.63
Bandhan Flexi Cap Dir,INF194K01W62,118424,commodity,Commodities: Silver,Equity,Kotak Bank,Financial,20.63,,,3.55
Bandhan Flexi Cap Dir,INF194K01W62,118424,commodity,Commodities: Silver,Equity,Bharti Airtel,Technology,43.19,,,3.53
Bandhan Flexi Cap Dir,INF194K01W62,118424,commodity,Commodities: Silver,Equity,Tata Consultancy,Technology,15.33,,,3.11
Bandhan Flexi Cap Dir,INF194K01W62,118424,commodity,Commodities: Silver,Equity,ITC,Consumer Staples,17.56,,,2.87
Bandhan Flexi Cap Dir,INF194K01W62,118424,commodity,Commodities: Silver,Equity,Bajaj Finserv,Financial,28.85,,,2.7
Bandhan Flexi Cap Dir,INF194K01W62,118424,commodity,Commodities: Silver,Equity,Maruti Suzuki,Consumer Discretionary,28.73,,,2.62
Bandhan Flexi Cap Dir,INF194K01W62,118424,commodity,Commodities: Silver,Equity,Larsen & Toubro,Industrials,35.92,,,2.19
Bandhan Flexi Cap Dir,INF194K01W62,118424,commodity,Commodities: Silver,Equity,Sterlite Tech,Technology,570.98,,,1.97
Bandhan Flexi Cap Dir,INF194K01W62,118424,commodity,Commodities: Silver,Equity,HDFC Life,Financial,66.46,,,1.93
Bandhan Flexi Cap Dir,INF194K01W62,118424,commodity,Commodities: Silver,Equity,Eternal,Technology,688.71,,,1.93
Bandhan Flexi Cap Dir,INF194K01W62,118424,commodity,Commodities: Silver,Equity,Titan,Consumer Discretionary,77.17,,,1.74
Bandhan Flexi Cap Dir,INF194K01W62,118424,commodity,Commodities: Silver,Equity,Apollo Hospitals,Healthcare,62.53,,,1.63
Bandhan Flexi Cap Dir,INF194K01W62,118424,commodity,Commodities: Silver,Equity,Cholamandalam Financial,Financial,12.18,,,1.57
Bandhan Flexi Cap Dir,INF194K01W62,118424,commodity,Commodities: Silver,Equity,ONGC,Energy & Utilities,7.42,,,1.55
Bandhan Flexi Cap Dir,INF194K01W62,118424,commodity,Commodities: Silver,Equity,Cipla,Healthcare,28.21,,,1.35
Bandhan Flexi Cap Dir,INF194K01W62,118424,commodity,Commodities: Silver,Equity,Hindustan Unilever,Consumer Staples,34.14,,,1.34
Bandhan Flexi Cap Dir,INF194K01W62,118424,commodity,Commodities: Silver,Equity,Info Edge (India),Technology,44.17,,,1.34
Bandhan Flexi Cap Dir,INF194K01W62,118424,commodity,Commodities: Silver,Equity,ICICI Prudential,Financial,,,,1.22
Bandhan Flexi Cap Dir,INF194K01W62,118424,commodity,Commodities: Silver,Equity,SBI,Financial,11.46,,,1.2
Bandhan Flexi Cap Dir,INF194K01W62,118424,commodity,Commodities: Silver,Equity,V-Mart Retail,Consumer Discretionary,50.05,,,1.11
Bandhan Focused Dir,INF194K01DK7,119552,commodity,Commodities: Silver,Equity,LT Foods,Consumer Staples,21.32,,,7.63
Bandhan Focused Dir,INF194K01DK7,119552,commodity,Commodities: Silver,Equity,HDFC Bank,Financial,15.76,,,5.96
Bandhan Focused Dir,INF194K01DK7,119552,commodity,Commodities: Silver,Equity,Power Fin.,Financial,5.49,,,5.75
Bandhan Focused Dir,INF194K01DK7,119552,commodity,Commodities: Silver,Equity,Prestige Estates,Real Estate,53.65,,,5.44
Bandhan Focused Dir,INF194K01DK7,119552,commodity,Commodities: Silver,Equity,Jubilant Pharmova,Healthcare,38.94,,,5.42
Bandhan Focused Dir,INF194K01DK7,119552,commodity,Commodities: Silver,Equity,Cholamandalam Financial,Financial,12.18,,,5.27
Bandhan Focused Dir,INF194K01DK7,119552,commodity,Commodities: Silver,Equity,Glenmark Pharmaceuticals,Healthcare,45.49,,,4.86
Bandhan Focused Dir,INF194K01DK7,119552,commodity,Commodities: Silver,Equity,SBI,Financial,11.46,,,4.42
Bandhan Focused Dir,INF194K01DK7,119552,commodity,Commodities: Silver,Equity,ICICI Bank,Financial,17.8,,,4.37
Bandhan Focused Dir,INF194K01DK7,119552,commodity,Commodities: Silver,Equity,Tilaknagar Ind,Consumer Staples,529.1,,,3.71
Bandhan Focused Dir,INF194K01DK7,119552,commodity,Commodities: Silver,Equity,Reliance Ind,Energy & Utilities,22.25,,,3.3
Bandhan Focused Dir,INF194K01DK7,119552,commodity,Commodities: Silver,Equity,V2 Retail,Consumer Discretionary,53.14,,,3.07
Bandhan Focused Dir,INF194K01DK7,119552,commodity,Commodities: Silver,Equity,South Indian Bank,Financial,8.66,,,2.93
Bandhan Focused Dir,INF194K01DK7,119552,commodity,Commodities: Silver,Equity,Angel One,Financial,35.26,,,2.81
Bandhan Focused Dir,INF194K01DK7,119552,commodity,Commodities: Silver,Equity,Sanathan Textiles,Consumer Discretionary,47.32,,,2.79
Bandhan Focused Dir,INF194K01DK7,119552,commodity,Commodities: Silver,Equity,Deepak Fertilisers,Materials,26.43,,,2.73
Bandhan Focused Dir,INF194K01DK7,119552,commodity,Commodities: Silver,Equity,SIGNATUREGLOBAL,Industrials,10.18,,,2.64
Bandhan Focused Dir,INF194K01DK7,119552,commodity,Commodities: Silver,Equity,Varun Beverages,Consumer Staples,56.66,,,2.41
Bandhan Focused Dir,INF194K01DK7,119552,commodity,Commodities: Silver,Equity,Larsen & Toubro,Industrials,35.92,,,2.4
Bandhan Focused Dir,INF194K01DK7,119552,commodity,Commodities: Silver,Equity,Eternal,Technology,688.71,,,2.39
Bandhan Focused Dir,INF194K01DK7,119552,commodity,Commodities: Silver,Equity,NTPC,Energy & Utilities,13.09,,,2.35
Bandhan Focused Dir,INF194K01DK7,119552,commodity,Commodities: Silver,Equity,Godawari Power,Materials,22.56,,,2.34
Bandhan Focused Dir,INF194K01DK7,119552,commodity,Commodities: Silver,Equity,Tata Consultancy,Technology,15.33,,,2.11
Bandhan Focused Dir,INF194K01DK7,119552,commodity,Commodities: Silver,Equity,Infosys,Technology,14.36,,,1.97
Bandhan Focused Dir,INF194K01DK7,119552,commodity,Commodities: Silver,Equity,Aurobindo Pharma,Healthcare,24.16,,,1.97
Bandhan Nifty 500 Momentum 50 Index Dir,INF194KB1IY0,153003,commodity,Commodities: Silver,Equity,Hindalco Ind,Materials,16.96,,,5.51
Bandhan Nifty 500 Momentum 50 Index Dir,INF194KB1IY0,153003,commodity,Commodities: Silver,Equity,BSE,Financial,65.73,,,4.85
Bandhan Nifty 500 Momentum 50 Index Dir,INF194KB1IY0,153003,commodity,Commodities: Silver,Equity,Eicher Motors,Consumer Discretionary,37.69,,,4.74
Bandhan Nifty 500 Momentum 50 Index Dir,INF194KB1IY0,153003,commodity,Commodities: Silver,Equity,Shriram Finance,Financial,23.5,,,4.7
Bandhan Nifty 500 Momentum 50 Index Dir,INF194KB1IY0,153003,commodity,Commodities: Silver,Equity,Asian Paints,Materials,60.52,,,4.49
Bandhan Nifty 500 Momentum 50 Index Dir,INF194KB1IY0,153003,commodity,Commodities: Silver,Equity,Bajaj Finance,Financial,31.57,,,4.45
Bandhan Nifty 500 Momentum 50 Index Dir,INF194KB1IY0,153003,commodity,Commodities: Silver,Equity,Bharti Airtel,Technology,43.19,,,4.26
Bandhan Nifty 500 Momentum 50 Index Dir,INF194KB1IY0,153003,commodity,Commodities: Silver,Equity,Mahindra & Mahindra,Consumer Discretionary,22.36,,,4.12
Bandhan Nifty 500 Momentum 50 Index Dir,INF194KB1IY0,153003,commodity,Commodities: Silver,Equity,Maruti Suzuki,Consumer Discretionary,28.73,,,3.88
Bandhan Nifty 500 Momentum 50 Index Dir,INF194KB1IY0,153003,commodity,Commodities: Silver,Equity,MCX,Financial,53.17,,,3.29
Bandhan Nifty 500 Momentum 50 Index Dir,INF194KB1IY0,153003,commodity,Commodities: Silver,Equity,TVS Motor,Consumer Discretionary,54.03,,,3.21
Bandhan Nifty 500 Momentum 50 Index Dir,INF194KB1IY0,153003,commodity,Commodities: Silver,Equity,Laurus Labs,Healthcare,86.1,,,3.05
Bandhan Nifty 500 Momentum 50 Index Dir,INF194KB1IY0,153003,commodity,Commodities: Silver,Equity,Cummins India,Industrials,68.6,,,3.03
Bandhan Nifty 500 Momentum 50 Index Dir,INF194KB1IY0,153003,commodity,Commodities: Silver,Equity,Interglobe Aviation,Industrials,,,,2.92
Bandhan Nifty 500 Momentum 50 Index Dir,INF194KB1IY0,153003,commodity,Commodities: Silver,Equity,Hero Motocorp,Consumer Discretionary,17.3,,,2.85
Bandhan Nifty 500 Momentum 50 Index Dir,INF194KB1IY0,153003,commodity,Commodities: Silver,Equity,The Federal Bank,Financial,18.3,,,2.57
Bandhan Nifty 500 Momentum 50 Index Dir,INF194KB1IY0,153003,commodity,Commodities: Silver,Equity,AU Small Fin Bank,Financial,29.3,,,2.55
Bandhan Nifty 500 Momentum 50 Index Dir,INF194KB1IY0,153003,commodity,Commodities: Silver,Equity,Muthoot Finance,Financial,11.82,,,2.39
Bandhan Nifty 500 Momentum 50 Index Dir,INF194KB1IY0,153003,commodity,Commodities: Silver,Equity,GE Vernova T&D,Industrials,111.6,,,2.22
Bandhan Nifty 500 Momentum 50 Index Dir,INF194KB1IY0,153003,commodity,Commodities: Silver,Equity,L&T Fin,Financial,24.11,,,1.88
Bandhan Nifty 500 Momentum 50 Index Dir,INF194KB1IY0,153003,commodity,Commodities: Silver,Equity,Canara Bank,Financial,6.8,,,1.82
Bandhan Nifty 500 Momentum 50 Index Dir,INF194KB1IY0,153003,commodity,Commodities: Silver,Equity,One97 Comm,Industrials,126.07,,,1.76
Bandhan Nifty 500 Momentum 50 Index Dir,INF194KB1IY0,153003,commodity,Commodities: Silver,Equity,Fortis Healthcare,Healthcare,69.79,,,1.73
Bandhan Nifty 500 Momentum 50 Index Dir,INF194KB1IY0,153003,commodity,Commodities: Silver,Equity,Cholamandalam Inv,Financial,27.55,,,1.72
Bandhan Nifty 500 Momentum 50 Index Dir,INF194KB1IY0,153003,commodity,Commodities: Silver,Equity,Max Financial,Financial,677.32,,,1.68
Bandhan Nifty Alpha 50 Index Dir,INF194KB1HA2,152177,commodity,Commodities: Silver,Equity,GE Vernova T&D,Industrials,111.6,,,5.56
Bandhan Nifty Alpha 50 Index Dir,INF194KB1HA2,152177,commodity,Commodities: Silver,Equity,Hitachi Energy,Industrials,164.47,,,4.47
Bandhan Nifty Alpha 50 Index Dir,INF194KB1HA2,152177,commodity,Commodities: Silver,Equity,Hindustan Copper,Materials,53.21,,,3.95
Bandhan Nifty Alpha 50 Index Dir,INF194KB1HA2,152177,commodity,Commodities: Silver,Equity,MCX,Financial,53.17,,,3.55
Bandhan Nifty Alpha 50 Index Dir,INF194KB1HA2,152177,commodity,Commodities: Silver,Equity,Laurus Labs,Healthcare,86.1,,,3.32
Bandhan Nifty Alpha 50 Index Dir,INF194KB1HA2,152177,commodity,Commodities: Silver,Equity,Aditya Birla,Financial,26.17,,,3.18
Bandhan Nifty Alpha 50 Index Dir,INF194KB1HA2,152177,commodity,Commodities: Silver,Equity,RBL Bank,Financial,66.18,,,2.79
Bandhan Nifty Alpha 50 Index Dir,INF194KB1HA2,152177,commodity,Commodities: Silver,Equity,L&T Fin,Financial,24.11,,,2.75
Bandhan Nifty Alpha 50 Index Dir,INF194KB1HA2,152177,commodity,Commodities: Silver,Equity,Apar,Diversified,64.77,,,2.67
Bandhan Nifty Alpha 50 Index Dir,INF194KB1HA2,152177,commodity,Commodities: Silver,Equity,Polycab India,Industrials,56.42,,,2.62
Bandhan Nifty Alpha 50 Index Dir,INF194KB1HA2,152177,commodity,Commodities: Silver,Equity,National Aluminium,Materials,11.8,,,2.54
Bandhan Nifty Alpha 50 Index Dir,INF194KB1HA2,152177,commodity,Commodities: Silver,Equity,Cummins India,Industrials,68.6,,,2.46
Bandhan Nifty Alpha 50 Index Dir,INF194KB1HA2,152177,commodity,Commodities: Silver,Equity,Karur Vysya Bank,Financial,11.2,,,2.38
Bandhan Nifty Alpha 50 Index Dir,INF194KB1HA2,152177,commodity,Commodities: Silver,Equity,BSE,Financial,65.73,,,2.3
Bandhan Nifty Alpha 50 Index Dir,INF194KB1HA2,152177,commodity,Commodities: Silver,Equity,Canara Bank,Financial,6.8,,,2.23
Bandhan Nifty Alpha 50 Index Dir,INF194KB1HA2,152177,commodity,Commodities: Silver,Equity,Max Financial,Financial,677.32,,,2.22
Bandhan Nifty Alpha 50 Index Dir,INF194KB1HA2,152177,commodity,Commodities: Silver,Equity,Bharat Forge,Consumer Discretionary,90.13,,,2.18
Bandhan Nifty Alpha 50 Index Dir,INF194KB1HA2,152177,commodity,Commodities: Silver,Equity,Ashok Leyland,Industrials,26.42,,,2.15
Bandhan Nifty Alpha 50 Index Dir,INF194KB1HA2,152177,commodity,Commodities: Silver,Equity,Indian Bank,Financial,10.07,,,2.14
Bandhan Nifty Alpha 50 Index Dir,INF194KB1HA2,152177,commodity,Commodities: Silver,Equity,Delhivery,Industrials,225.47,,,2.07
Bandhan Nifty Alpha 50 Index Dir,INF194KB1HA2,152177,commodity,Commodities: Silver,Equity,AU Small Fin Bank,Financial,29.3,,,2.02
Bandhan Nifty Alpha 50 Index Dir,INF194KB1HA2,152177,commodity,Commodities: Silver,Equity,Navin Fluorine,Materials,57.43,,,1.99
Bandhan Nifty Alpha 50 Index Dir,INF194KB1HA2,152177,commodity,Commodities: Silver,Equity,The Federal Bank,Financial,18.3,,,1.97
Bandhan Nifty Alpha 50 Index Dir,INF194KB1HA2,152177,commodity,Commodities: Silver,Equity,Glenmark Pharmaceuticals,Healthcare,45.49,,,1.94
Bandhan Nifty Alpha 50 Index Dir,INF194KB1HA2,152177,commodity,Commodities: Silver,Equity,Bharat Electronics,Industrials,51.44,,,1.94
Bandhan Nifty Total Mkt Index Dir,INF194KB1IK9,152716,commodity,Commodities: Silver,Equity,HDFC Bank,Financial,15.76,,,5.64
Bandhan Nifty Total Mkt Index Dir,INF194KB1IK9,152716,commodity,Commodities: Silver,Equity,ICICI Bank,Financial,17.8,,,4.45
Bandhan Nifty Total Mkt Index Dir,INF194KB1IK9,152716,commodity,Commodities: Silver,Equity,Reliance Ind,Energy & Utilities,22.25,,,4.42
Bandhan Nifty Total Mkt Index Dir,INF194KB1IK9,152716,commodity,Commodities: Silver,Equity,Bharti Airtel,Technology,43.19,,,2.78
Bandhan Nifty Total Mkt Index Dir,INF194KB1IK9,152716,commodity,Commodities: Silver,Equity,Larsen & Toubro,Industrials,35.92,,,2.37
Bandhan Nifty Total Mkt Index Dir,INF194KB1IK9,152716,commodity,Commodities: Silver,Equity,Infosys,Technology,14.36,,,2.02
Bandhan Nifty Total Mkt Index Dir,INF194KB1IK9,152716,commodity,Commodities: Silver,Equity,SBI,Financial,11.46,,,1.98
Bandhan Nifty Total Mkt Index Dir,INF194KB1IK9,152716,commodity,Commodities: Silver,Equity,Axis Bank,Financial,15.95,,,1.83
Bandhan Nifty Total Mkt Index Dir,INF194KB1IK9,152716,commodity,Commodities: Silver,Equity,Kotak Bank,Financial,20.63,,,1.4
Bandhan Nifty Total Mkt Index Dir,INF194KB1IK9,152716,commodity,Commodities: Silver,Equity,ITC,Consumer Staples,17.56,,,1.37
Bandhan Nifty Total Mkt Index Dir,INF194KB1IK9,152716,commodity,Commodities: Silver,Equity,Mahindra & Mahindra,Consumer Discretionary,22.36,,,1.35
Bandhan Nifty Total Mkt Index Dir,INF194KB1IK9,152716,commodity,Commodities: Silver,Equity,Bajaj Finance,Financial,31.57,,,1.2
Bandhan Nifty Total Mkt Index Dir,INF194KB1IK9,152716,commodity,Commodities: Silver,Equity,Tata Consultancy,Technology,15.33,,,1.14
Bandhan Nifty Total Mkt Index Dir,INF194KB1IK9,152716,commodity,Commodities: Silver,Equity,Hindustan Unilever,Consumer Staples,34.14,,,0.95
Bandhan Nifty Total Mkt Index Dir,INF194KB1IK9,152716,commodity,Commodities: Silver,Equity,Sun Pharmaceutical,Healthcare,38.15,,,0.94
Bandhan Nifty Total Mkt Index Dir,INF194KB1IK9,152716,commodity,Commodities: Silver,Equity,NTPC,Energy & Utilities,13.09,,,0.91
Bandhan Nifty Total Mkt Index Dir,INF194KB1IK9,152716,commodity,Commodities: Silver,Equity,Eternal,Technology,688.71,,,0.89
Bandhan Nifty Total Mkt Index Dir,INF194KB1IK9,152716,commodity,Commodities: Silver,Equity,Tata Steel,Materials,22.91,,,0.85
Bandhan Nifty Total Mkt Index Dir,INF194KB1IK9,152716,commodity,Commodities: Silver,Equity,Maruti Suzuki,Consumer Discretionary,28.73,,,0.85
Bandhan Nifty Total Mkt Index Dir,INF194KB1IK9,152716,commodity,Commodities: Silver,Equity,BSE,Financial,65.73,,,0.84
Bandhan Nifty Total Mkt Index Dir,INF194KB1IK9,152716,commodity,Commodities: Silver,Equity,Titan,Consumer Discretionary,77.17,,,0.83
Bandhan Nifty Total Mkt Index Dir,INF194KB1IK9,152716,commodity,Commodities: Silver,Equity,Hindalco Ind,Materials,16.96,,,0.81
Bandhan Nifty Total Mkt Index Dir,INF194KB1IK9,152716,commodity,Commodities: Silver,Equity,Bharat Electronics,Industrials,51.44,,,0.73
Bandhan Nifty Total Mkt Index Dir,INF194KB1IK9,152716,commodity,Commodities: Silver,Equity,Ultratech Cement,Materials,40.9,,,0.67
Bandhan Nifty Total Mkt Index Dir,INF194KB1IK9,152716,commodity,Commodities: Silver,Equity,Adani Ports,Industrials,33.02,,,0.66
Bank of India Flexi Cap Dir,INF761K01FF5,148404,commodity,Commodities: Silver,Equity,SBI,Financial,11.46,,,4.04
Bank of India Flexi Cap Dir,INF761K01FF5,148404,commodity,Commodities: Silver,Equity,Lloyds Metals,Materials,27.06,,,3.6
Bank of India Flexi Cap Dir,INF761K01FF5,148404,commodity,Commodities: Silver,Equity,Sky Gold And Diamonds,Consumer Discretionary,28.62,,,3.24
Bank of India Flexi Cap Dir,INF761K01FF5,148404,commodity,Commodities: Silver,Equity,Hindustan Aero,Industrials,32.38,,,3.22
Bank of India Flexi Cap Dir,INF761K01FF5,148404,commodity,Commodities: Silver,Equity,ICICI Bank,Financial,17.8,,,3.06
Bank of India Flexi Cap Dir,INF761K01FF5,148404,commodity,Commodities: Silver,Equity,Adani Ports,Industrials,33.02,,,2.79
Bank of India Flexi Cap Dir,INF761K01FF5,148404,commodity,Commodities: Silver,Equity,Bharti Airtel,Technology,43.19,,,2.69
Bank of India Flexi Cap Dir,INF761K01FF5,148404,commodity,Commodities: Silver,Equity,HDFC Bank,Financial,15.76,,,2.65
Bank of India Flexi Cap Dir,INF761K01FF5,148404,commodity,Commodities: Silver,Equity,Acutaas Chemicals,Healthcare,73.5,,,2.54
Bank of India Flexi Cap Dir,INF761K01FF5,148404,commodity,Commodities: Silver,Equity,Quality Power Electrical Equipments,Industrials,84.1,,,2.52
Bank of India Flexi Cap Dir,INF761K01FF5,148404,commodity,Commodities: Silver,Equity,Power Fin.,Financial,5.49,,,2.31
Bank of India Flexi Cap Dir,INF761K01FF5,148404,commodity,Commodities: Silver,Equity,UNO Minda,Consumer Discretionary,53.31,,,2.24
Bank of India Flexi Cap Dir,INF761K01FF5,148404,commodity,Commodities: Silver,Equity,Indian Bank,Financial,10.07,,,2.21
Bank of India Flexi Cap Dir,INF761K01FF5,148404,commodity,Commodities: Silver,Equity,Vedanta Aluminium Metal,Materials,,,,2.13
Bank of India Flexi Cap Dir,INF761K01FF5,148404,commodity,Commodities: Silver,Equity,NTPC,Energy & Utilities,13.09,,,2.08
Bank of India Flexi Cap Dir,INF761K01FF5,148404,commodity,Commodities: Silver,Equity,Vedanta,Materials,6.75,,,2.01
Bank of India Flexi Cap Dir,INF761K01FF5,148404,commodity,Commodities: Silver,Equity,Dr. Reddy'S Labs,Healthcare,25.16,,,1.96
Bank of India Flexi Cap Dir,INF761K01FF5,148404,commodity,Commodities: Silver,Equity,Entero Health,Healthcare,41.4,,,1.93
Bank of India Flexi Cap Dir,INF761K01FF5,148404,commodity,Commodities: Silver,Equity,Reliance Ind,Energy & Utilities,22.25,,,1.88
Bank of India Flexi Cap Dir,INF761K01FF5,148404,commodity,Commodities: Silver,Equity,Hindustan Copper,Materials,53.21,,,1.88
Bank of India Flexi Cap Dir,INF761K01FF5,148404,commodity,Commodities: Silver,Equity,Mahindra & Mahindra,Consumer Discretionary,22.36,,,1.73
Bank of India Flexi Cap Dir,INF761K01FF5,148404,commodity,Commodities: Silver,Equity,Tata Steel,Materials,22.91,,,1.73
Bank of India Flexi Cap Dir,INF761K01FF5,148404,commodity,Commodities: Silver,Equity,Bharat Electronics,Industrials,51.44,,,1.67
Bank of India Flexi Cap Dir,INF761K01FF5,148404,commodity,Commodities: Silver,Equity,Balrampur Mills,Consumer Staples,30.21,,,1.66
Bank of India Flexi Cap Dir,INF761K01FF5,148404,commodity,Commodities: Silver,Equity,Adani Power,Energy & Utilities,34.62,,,1.66
Baroda BNP Paribas Children's Dir,INF251K01UE9,153171,commodity,Commodities: Silver,Equity,Reliance Ind,Energy & Utilities,22.25,,,3.55
Baroda BNP Paribas Children's Dir,INF251K01UE9,153171,commodity,Commodities: Silver,Equity,Bharti Airtel,Technology,43.19,,,3.51
Baroda BNP Paribas Children's Dir,INF251K01UE9,153171,commodity,Commodities: Silver,Equity,Hitachi Energy,Industrials,164.47,,,2.89
Baroda BNP Paribas Children's Dir,INF251K01UE9,153171,commodity,Commodities: Silver,Equity,SBI,Financial,11.46,,,2.88
Baroda BNP Paribas Children's Dir,INF251K01UE9,153171,commodity,Commodities: Silver,Equity,Bharat Heavy Elect,Industrials,89.9,,,2.64
Baroda BNP Paribas Children's Dir,INF251K01UE9,153171,commodity,Commodities: Silver,Equity,Polycab India,Industrials,56.42,,,2.43
Baroda BNP Paribas Children's Dir,INF251K01UE9,153171,commodity,Commodities: Silver,Equity,Titan,Consumer Discretionary,77.17,,,2.43
Baroda BNP Paribas Children's Dir,INF251K01UE9,153171,commodity,Commodities: Silver,Equity,Larsen & Toubro,Industrials,35.92,,,2.43
Baroda BNP Paribas Children's Dir,INF251K01UE9,153171,commodity,Commodities: Silver,Equity,Navin Fluorine,Materials,57.43,,,2.43
Baroda BNP Paribas Children's Dir,INF251K01UE9,153171,commodity,Commodities: Silver,Equity,SBI Life Insurance,Financial,126.08,,,2.34
Baroda BNP Paribas Children's Dir,INF251K01UE9,153171,commodity,Commodities: Silver,Equity,Persistent Systems,Technology,40.32,,,2.22
Baroda BNP Paribas Children's Dir,INF251K01UE9,153171,commodity,Commodities: Silver,Equity,Axis Bank,Financial,15.95,,,2.2
Baroda BNP Paribas Children's Dir,INF251K01UE9,153171,commodity,Commodities: Silver,Equity,Karur Vysya Bank,Financial,11.2,,,2.16
Baroda BNP Paribas Children's Dir,INF251K01UE9,153171,commodity,Commodities: Silver,Equity,MCX,Financial,53.17,,,2.14
Baroda BNP Paribas Children's Dir,INF251K01UE9,153171,commodity,Commodities: Silver,Equity,ICICI Bank,Financial,17.8,,,2.14
Baroda BNP Paribas Children's Dir,INF251K01UE9,153171,commodity,Commodities: Silver,Equity,Mahindra & Mahindra,Consumer Discretionary,22.36,,,2.08
Baroda BNP Paribas Children's Dir,INF251K01UE9,153171,commodity,Commodities: Silver,Equity,Hindustan Petro,Energy & Utilities,4.63,,,2.02
Baroda BNP Paribas Children's Dir,INF251K01UE9,153171,commodity,Commodities: Silver,Equity,Cummins India,Industrials,68.6,,,2.01
Baroda BNP Paribas Children's Dir,INF251K01UE9,153171,commodity,Commodities: Silver,Equity,Bharat Electronics,Industrials,51.44,,,2.01
Baroda BNP Paribas Children's Dir,INF251K01UE9,153171,commodity,Commodities: Silver,Equity,Tech Mahindra,Technology,28.24,,,1.99
Baroda BNP Paribas Children's Dir,INF251K01UE9,153171,commodity,Commodities: Silver,Equity,The Federal Bank,Financial,18.3,,,1.97
Baroda BNP Paribas Children's Dir,INF251K01UE9,153171,commodity,Commodities: Silver,Equity,Bajaj Finance,Financial,31.57,,,1.94
Baroda BNP Paribas Children's Dir,INF251K01UE9,153171,commodity,Commodities: Silver,Equity,Linde India,Materials,111.86,,,1.84
Baroda BNP Paribas Children's Dir,INF251K01UE9,153171,commodity,Commodities: Silver,Equity,Hindalco Ind,Materials,16.96,,,1.83
Baroda BNP Paribas Children's Dir,INF251K01UE9,153171,commodity,Commodities: Silver,Equity,Bandhan Bank,Financial,27.44,,,1.78
Baroda BNP Paribas Flexi Cap Dir,INF251K01QZ2,150387,commodity,Commodities: Silver,Equity,Hindalco Ind,Materials,16.96,,,3.69
Baroda BNP Paribas Flexi Cap Dir,INF251K01QZ2,150387,commodity,Commodities: Silver,Equity,The Federal Bank,Financial,18.3,,,3.43
Baroda BNP Paribas Flexi Cap Dir,INF251K01QZ2,150387,commodity,Commodities: Silver,Equity,Bharti Airtel,Technology,43.19,,,3.37
Baroda BNP Paribas Flexi Cap Dir,INF251K01QZ2,150387,commodity,Commodities: Silver,Equity,HDFC Bank,Financial,15.76,,,3.35
Baroda BNP Paribas Flexi Cap Dir,INF251K01QZ2,150387,commodity,Commodities: Silver,Equity,Larsen & Toubro,Industrials,35.92,,,3.34
Baroda BNP Paribas Flexi Cap Dir,INF251K01QZ2,150387,commodity,Commodities: Silver,Equity,IndusInd Bank,Financial,82.7,,,3.18
Baroda BNP Paribas Flexi Cap Dir,INF251K01QZ2,150387,commodity,Commodities: Silver,Equity,Bharat Heavy Elect,Industrials,89.9,,,3.16
Baroda BNP Paribas Flexi Cap Dir,INF251K01QZ2,150387,commodity,Commodities: Silver,Equity,Reliance Ind,Energy & Utilities,22.25,,,3.03
Baroda BNP Paribas Flexi Cap Dir,INF251K01QZ2,150387,commodity,Commodities: Silver,Equity,Solar,Materials,98.23,,,2.99
Baroda BNP Paribas Flexi Cap Dir,INF251K01QZ2,150387,commodity,Commodities: Silver,Equity,Jindal Steel,Materials,34.38,,,2.97
Baroda BNP Paribas Flexi Cap Dir,INF251K01QZ2,150387,commodity,Commodities: Silver,Equity,Axis Bank,Financial,15.95,,,2.9
Baroda BNP Paribas Flexi Cap Dir,INF251K01QZ2,150387,commodity,Commodities: Silver,Equity,Persistent Systems,Technology,40.32,,,2.76
Baroda BNP Paribas Flexi Cap Dir,INF251K01QZ2,150387,commodity,Commodities: Silver,Equity,One97 Comm,Industrials,126.07,,,2.7
Baroda BNP Paribas Flexi Cap Dir,INF251K01QZ2,150387,commodity,Commodities: Silver,Equity,Bharat Electronics,Industrials,51.44,,,2.52
Baroda BNP Paribas Flexi Cap Dir,INF251K01QZ2,150387,commodity,Commodities: Silver,Equity,Cummins India,Industrials,68.6,,,2.41
Baroda BNP Paribas Flexi Cap Dir,INF251K01QZ2,150387,commodity,Commodities: Silver,Equity,Shriram Finance,Financial,23.5,,,2.33
Baroda BNP Paribas Flexi Cap Dir,INF251K01QZ2,150387,commodity,Commodities: Silver,Equity,Radico Khaitan,Consumer Staples,82.99,,,2.3
Baroda BNP Paribas Flexi Cap Dir,INF251K01QZ2,150387,commodity,Commodities: Silver,Equity,SBI Life Insurance,Financial,126.08,,,2.25
Baroda BNP Paribas Flexi Cap Dir,INF251K01QZ2,150387,commodity,Commodities: Silver,Equity,Mahindra & Mahindra,Consumer Discretionary,22.36,,,2.24
Baroda BNP Paribas Flexi Cap Dir,INF251K01QZ2,150387,commodity,Commodities: Silver,Equity,Hitachi Energy,Industrials,164.47,,,2.2
Baroda BNP Paribas Flexi Cap Dir,INF251K01QZ2,150387,commodity,Commodities: Silver,Equity,Sun Pharmaceutical,Healthcare,38.15,,,2.14
Baroda BNP Paribas Flexi Cap Dir,INF251K01QZ2,150387,commodity,Commodities: Silver,Equity,Eicher Motors,Consumer Discretionary,37.69,,,2.06
Baroda BNP Paribas Flexi Cap Dir,INF251K01QZ2,150387,commodity,Commodities: Silver,Equity,Karur Vysya Bank,Financial,11.2,,,2.01
Baroda BNP Paribas Flexi Cap Dir,INF251K01QZ2,150387,commodity,Commodities: Silver,Equity,Tech Mahindra,Technology,28.24,,,1.94
Baroda BNP Paribas Flexi Cap Dir,INF251K01QZ2,150387,commodity,Commodities: Silver,Equity,Polycab India,Industrials,56.42,,,1.94
Baroda BNP Paribas Focused Dir,INF251K01PN0,150264,commodity,Commodities: Silver,Equity,Bharti Airtel,Technology,43.19,,,9.18
Baroda BNP Paribas Focused Dir,INF251K01PN0,150264,commodity,Commodities: Silver,Equity,Axis Bank,Financial,15.95,,,5.96
Baroda BNP Paribas Focused Dir,INF251K01PN0,150264,commodity,Commodities: Silver,Equity,IndusInd Bank,Financial,82.7,,,5.3
Baroda BNP Paribas Focused Dir,INF251K01PN0,150264,commodity,Commodities: Silver,Equity,MCX,Financial,53.17,,,5.02
Baroda BNP Paribas Focused Dir,INF251K01PN0,150264,commodity,Commodities: Silver,Equity,Titan,Consumer Discretionary,77.17,,,4.41
Baroda BNP Paribas Focused Dir,INF251K01PN0,150264,commodity,Commodities: Silver,Equity,Navin Fluorine,Materials,57.43,,,4.4
Baroda BNP Paribas Focused Dir,INF251K01PN0,150264,commodity,Commodities: Silver,Equity,NHPC,Energy & Utilities,20.07,,,4.26
Baroda BNP Paribas Focused Dir,INF251K01PN0,150264,commodity,Commodities: Silver,Equity,Coal India,Materials,8.9,,,4.24
Baroda BNP Paribas Focused Dir,INF251K01PN0,150264,commodity,Commodities: Silver,Equity,SBI,Financial,11.46,,,4.1
Baroda BNP Paribas Focused Dir,INF251K01PN0,150264,commodity,Commodities: Silver,Equity,Mahindra & Mahindra,Consumer Discretionary,22.36,,,4
Baroda BNP Paribas Focused Dir,INF251K01PN0,150264,commodity,Commodities: Silver,Equity,Tech Mahindra,Technology,28.24,,,3.84
Baroda BNP Paribas Focused Dir,INF251K01PN0,150264,commodity,Commodities: Silver,Equity,Bharat Electronics,Industrials,51.44,,,3.81
Baroda BNP Paribas Focused Dir,INF251K01PN0,150264,commodity,Commodities: Silver,Equity,Larsen & Toubro,Industrials,35.92,,,3.78
Baroda BNP Paribas Focused Dir,INF251K01PN0,150264,commodity,Commodities: Silver,Equity,Power Grid,Energy & Utilities,17.02,,,3.59
Baroda BNP Paribas Focused Dir,INF251K01PN0,150264,commodity,Commodities: Silver,Equity,Bharat Heavy Elect,Industrials,89.9,,,3.45
Baroda BNP Paribas Focused Dir,INF251K01PN0,150264,commodity,Commodities: Silver,Equity,One97 Comm,Industrials,126.07,,,3.29
Baroda BNP Paribas Focused Dir,INF251K01PN0,150264,commodity,Commodities: Silver,Equity,SBI Life Insurance,Financial,126.08,,,2.83
Baroda BNP Paribas Focused Dir,INF251K01PN0,150264,commodity,Commodities: Silver,Equity,Kotak Bank,Financial,20.63,,,2.82
Baroda BNP Paribas Focused Dir,INF251K01PN0,150264,commodity,Commodities: Silver,Equity,Persistent Systems,Technology,40.32,,,2.41
Baroda BNP Paribas Focused Dir,INF251K01PN0,150264,commodity,Commodities: Silver,Equity,Polycab India,Industrials,56.42,,,2.2
Baroda BNP Paribas Focused Dir,INF251K01PN0,150264,commodity,Commodities: Silver,Equity,Britannia Ind,Consumer Staples,49.34,,,2.01
Baroda BNP Paribas Focused Dir,INF251K01PN0,150264,commodity,Commodities: Silver,Equity,Karur Vysya Bank,Financial,11.2,,,2.01
Baroda BNP Paribas Focused Dir,INF251K01PN0,150264,commodity,Commodities: Silver,Equity,Mphasis,Technology,22.9,,,1.93
Baroda BNP Paribas Focused Dir,INF251K01PN0,150264,commodity,Commodities: Silver,Equity,HDFC Bank,Financial,15.76,,,1.44
Baroda BNP Paribas Focused Dir,INF251K01PN0,150264,commodity,Commodities: Silver,Equity,Sun Pharmaceutical,Healthcare,38.15,,,1.39
Canara Robeco Flexi Cap Dir,INF760K01EF0,118275,commodity,Commodities: Silver,Equity,HDFC Bank,Financial,15.76,,,6.69
Canara Robeco Flexi Cap Dir,INF760K01EF0,118275,commodity,Commodities: Silver,Equity,ICICI Bank,Financial,17.8,,,6.18
Canara Robeco Flexi Cap Dir,INF760K01EF0,118275,commodity,Commodities: Silver,Equity,Reliance Ind,Energy & Utilities,22.25,,,3.76
Canara Robeco Flexi Cap Dir,INF760K01EF0,118275,commodity,Commodities: Silver,Equity,Bharti Airtel,Technology,43.19,,,3.71
Canara Robeco Flexi Cap Dir,INF760K01EF0,118275,commodity,Commodities: Silver,Equity,Larsen & Toubro,Industrials,35.92,,,3.32
Canara Robeco Flexi Cap Dir,INF760K01EF0,118275,commodity,Commodities: Silver,Equity,SBI,Financial,11.46,,,3.16
Canara Robeco Flexi Cap Dir,INF760K01EF0,118275,commodity,Commodities: Silver,Equity,Infosys,Technology,14.36,,,2.99
Canara Robeco Flexi Cap Dir,INF760K01EF0,118275,commodity,Commodities: Silver,Equity,Bajaj Finance,Financial,31.57,,,2.59
Canara Robeco Flexi Cap Dir,INF760K01EF0,118275,commodity,Commodities: Silver,Equity,Axis Bank,Financial,15.95,,,2.54
Canara Robeco Flexi Cap Dir,INF760K01EF0,118275,commodity,Commodities: Silver,Equity,Mahindra & Mahindra,Consumer Discretionary,22.36,,,2.41
Canara Robeco Flexi Cap Dir,INF760K01EF0,118275,commodity,Commodities: Silver,Equity,Eternal,Technology,688.71,,,2.29
Canara Robeco Flexi Cap Dir,INF760K01EF0,118275,commodity,Commodities: Silver,Equity,Varun Beverages,Consumer Staples,56.66,,,1.74
Canara Robeco Flexi Cap Dir,INF760K01EF0,118275,commodity,Commodities: Silver,Equity,Sun Pharmaceutical,Healthcare,38.15,,,1.71
Canara Robeco Flexi Cap Dir,INF760K01EF0,118275,commodity,Commodities: Silver,Equity,TVS Motor,Consumer Discretionary,54.03,,,1.71
Canara Robeco Flexi Cap Dir,INF760K01EF0,118275,commodity,Commodities: Silver,Equity,Divi's Lab,Healthcare,69.75,,,1.59
Canara Robeco Flexi Cap Dir,INF760K01EF0,118275,commodity,Commodities: Silver,Equity,GE Vernova T&D,Industrials,111.6,,,1.45
Canara Robeco Flexi Cap Dir,INF760K01EF0,118275,commodity,Commodities: Silver,Equity,KEI,Industrials,57.97,,,1.43
Canara Robeco Flexi Cap Dir,INF760K01EF0,118275,commodity,Commodities: Silver,Equity,Tech Mahindra,Technology,28.24,,,1.42
Canara Robeco Flexi Cap Dir,INF760K01EF0,118275,commodity,Commodities: Silver,Equity,UNO Minda,Consumer Discretionary,53.31,,,1.39
Canara Robeco Flexi Cap Dir,INF760K01EF0,118275,commodity,Commodities: Silver,Equity,Tata Consumer,Consumer Staples,71.05,,,1.37
Canara Robeco Flexi Cap Dir,INF760K01EF0,118275,commodity,Commodities: Silver,Equity,Max Healthcare,Healthcare,73.57,,,1.34
Canara Robeco Flexi Cap Dir,INF760K01EF0,118275,commodity,Commodities: Silver,Equity,The Indian Hotels,Consumer Discretionary,49.43,,,1.3
Canara Robeco Flexi Cap Dir,INF760K01EF0,118275,commodity,Commodities: Silver,Equity,MCX,Financial,53.17,,,1.3
Canara Robeco Flexi Cap Dir,INF760K01EF0,118275,commodity,Commodities: Silver,Equity,JK Cement,Materials,42.48,,,1.28
Canara Robeco Flexi Cap Dir,INF760K01EF0,118275,commodity,Commodities: Silver,Equity,Ultratech Cement,Materials,40.9,,,1.27
Canara Robeco Focused Dir,INF760K01JQ6,148883,commodity,Commodities: Silver,Equity,ICICI Bank,Financial,17.8,,,8.47
Canara Robeco Focused Dir,INF760K01JQ6,148883,commodity,Commodities: Silver,Equity,HDFC Bank,Financial,15.76,,,6.44
Canara Robeco Focused Dir,INF760K01JQ6,148883,commodity,Commodities: Silver,Equity,Reliance Ind,Energy & Utilities,22.25,,,4.78
Canara Robeco Focused Dir,INF760K01JQ6,148883,commodity,Commodities: Silver,Equity,Larsen & Toubro,Industrials,35.92,,,4.44
Canara Robeco Focused Dir,INF760K01JQ6,148883,commodity,Commodities: Silver,Equity,Bharti Airtel,Technology,43.19,,,4.34
Canara Robeco Focused Dir,INF760K01JQ6,148883,commodity,Commodities: Silver,Equity,TVS Motor,Consumer Discretionary,54.03,,,3.88
Canara Robeco Focused Dir,INF760K01JQ6,148883,commodity,Commodities: Silver,Equity,Eternal,Technology,688.71,,,3.85
Canara Robeco Focused Dir,INF760K01JQ6,148883,commodity,Commodities: Silver,Equity,Divi's Lab,Healthcare,69.75,,,3.84
Canara Robeco Focused Dir,INF760K01JQ6,148883,commodity,Commodities: Silver,Equity,Bajaj Finance,Financial,31.57,,,3.81
Canara Robeco Focused Dir,INF760K01JQ6,148883,commodity,Commodities: Silver,Equity,Infosys,Technology,14.36,,,3.79
Canara Robeco Focused Dir,INF760K01JQ6,148883,commodity,Commodities: Silver,Equity,Axis Bank,Financial,15.95,,,3.56
Canara Robeco Focused Dir,INF760K01JQ6,148883,commodity,Commodities: Silver,Equity,Max Healthcare,Healthcare,73.57,,,3.53
Canara Robeco Focused Dir,INF760K01JQ6,148883,commodity,Commodities: Silver,Equity,Varun Beverages,Consumer Staples,56.66,,,3.43
Canara Robeco Focused Dir,INF760K01JQ6,148883,commodity,Commodities: Silver,Equity,Kotak Bank,Financial,20.63,,,3.01
Canara Robeco Focused Dir,INF760K01JQ6,148883,commodity,Commodities: Silver,Equity,Ultratech Cement,Materials,40.9,,,2.96
Canara Robeco Focused Dir,INF760K01JQ6,148883,commodity,Commodities: Silver,Equity,Trent,Consumer Discretionary,97.62,,,2.87
Canara Robeco Focused Dir,INF760K01JQ6,148883,commodity,Commodities: Silver,Equity,Vishal Mega Mart,Consumer Staples,65.67,,,2.62
Canara Robeco Focused Dir,INF760K01JQ6,148883,commodity,Commodities: Silver,Equity,PB Fintech,Financial,111.92,,,2.54
Canara Robeco Focused Dir,INF760K01JQ6,148883,commodity,Commodities: Silver,Equity,The Indian Hotels,Consumer Discretionary,49.43,,,2.52
Canara Robeco Focused Dir,INF760K01JQ6,148883,commodity,Commodities: Silver,Equity,SBI Life Insurance,Financial,126.08,,,2.41
Canara Robeco Focused Dir,INF760K01JQ6,148883,commodity,Commodities: Silver,Equity,UNO Minda,Consumer Discretionary,53.31,,,2.35
Canara Robeco Focused Dir,INF760K01JQ6,148883,commodity,Commodities: Silver,Equity,Interglobe Aviation,Industrials,,,,2.33
Canara Robeco Focused Dir,INF760K01JQ6,148883,commodity,Commodities: Silver,Equity,Torrent Pharma,Healthcare,69.41,,,2.25
Canara Robeco Focused Dir,INF760K01JQ6,148883,commodity,Commodities: Silver,Equity,CRISIL,Industrials,35.66,,,1.89
Canara Robeco Focused Dir,INF760K01JQ6,148883,commodity,Commodities: Silver,Equity,Bharat Electronics,Industrials,51.44,,,1.86
Capitalmind Flexi Cap Dir,INF226401018,153738,commodity,Commodities: Silver,Equity,Cummins India,Industrials,68.6,,,3.94
Capitalmind Flexi Cap Dir,INF226401018,153738,commodity,Commodities: Silver,Equity,Hindalco Ind,Materials,16.96,,,3.68
Capitalmind Flexi Cap Dir,INF226401018,153738,commodity,Commodities: Silver,Equity,National Aluminium,Materials,11.8,,,3.62
Capitalmind Flexi Cap Dir,INF226401018,153738,commodity,Commodities: Silver,Equity,The Federal Bank,Financial,18.3,,,3.48
Capitalmind Flexi Cap Dir,INF226401018,153738,commodity,Commodities: Silver,Equity,Coal India,Materials,8.9,,,3.37
Capitalmind Flexi Cap Dir,INF226401018,153738,commodity,Commodities: Silver,Equity,Torrent Pharma,Healthcare,69.41,,,3.32
Capitalmind Flexi Cap Dir,INF226401018,153738,commodity,Commodities: Silver,Equity,Bharat Forge,Consumer Discretionary,90.13,,,3.13
Capitalmind Flexi Cap Dir,INF226401018,153738,commodity,Commodities: Silver,Equity,NMDC,Materials,10.46,,,3.01
Capitalmind Flexi Cap Dir,INF226401018,153738,commodity,Commodities: Silver,Equity,NTPC,Energy & Utilities,13.09,,,2.99
Capitalmind Flexi Cap Dir,INF226401018,153738,commodity,Commodities: Silver,Equity,Great Eastern Ship,Energy & Utilities,6.96,,,2.94
Capitalmind Flexi Cap Dir,INF226401018,153738,commodity,Commodities: Silver,Equity,Titan,Consumer Discretionary,77.17,,,2.92
Capitalmind Flexi Cap Dir,INF226401018,153738,commodity,Commodities: Silver,Equity,Tata Steel,Materials,22.91,,,2.85
Capitalmind Flexi Cap Dir,INF226401018,153738,commodity,Commodities: Silver,Equity,Granules India,Healthcare,32.59,,,2.73
Capitalmind Flexi Cap Dir,INF226401018,153738,commodity,Commodities: Silver,Equity,Maharashtra Bank,Financial,9.79,,,2.69
Capitalmind Flexi Cap Dir,INF226401018,153738,commodity,Commodities: Silver,Equity,Anand Rathi Wealth,Financial,78,,,2.67
Capitalmind Flexi Cap Dir,INF226401018,153738,commodity,Commodities: Silver,Equity,Bajaj Auto,Consumer Discretionary,26.01,,,2.64
Capitalmind Flexi Cap Dir,INF226401018,153738,commodity,Commodities: Silver,Equity,Welspun,Materials,23,,,2.59
Capitalmind Flexi Cap Dir,INF226401018,153738,commodity,Commodities: Silver,Equity,JB Chemicals,Healthcare,49.62,,,2.59
Capitalmind Flexi Cap Dir,INF226401018,153738,commodity,Commodities: Silver,Equity,Nestle India,Consumer Staples,77.1,,,2.58
Capitalmind Flexi Cap Dir,INF226401018,153738,commodity,Commodities: Silver,Equity,Power Fin.,Financial,5.49,,,2.57
Capitalmind Flexi Cap Dir,INF226401018,153738,commodity,Commodities: Silver,Equity,Aurobindo Pharma,Healthcare,24.16,,,2.51
Capitalmind Flexi Cap Dir,INF226401018,153738,commodity,Commodities: Silver,Equity,Marico,Consumer Staples,60.11,,,2.51
Capitalmind Flexi Cap Dir,INF226401018,153738,commodity,Commodities: Silver,Equity,Lupin,Healthcare,20.07,,,2.41
Capitalmind Flexi Cap Dir,INF226401018,153738,commodity,Commodities: Silver,Equity,Indus Towers,Technology,15.22,,,2.37
Capitalmind Flexi Cap Dir,INF226401018,153738,commodity,Commodities: Silver,Equity,Kirloskar Oil,Industrials,49.92,,,2.36
DSP Flexi Cap Dir,INF740K01PI2,119076,commodity,Commodities: Silver,Equity,ICICI Bank,Financial,17.8,,,8.2
DSP Flexi Cap Dir,INF740K01PI2,119076,commodity,Commodities: Silver,Equity,HDFC Bank,Financial,15.76,,,7.58
DSP Flexi Cap Dir,INF740K01PI2,119076,commodity,Commodities: Silver,Equity,Axis Bank,Financial,15.95,,,5.11
DSP Flexi Cap Dir,INF740K01PI2,119076,commodity,Commodities: Silver,Equity,SBI,Financial,11.46,,,3.43
DSP Flexi Cap Dir,INF740K01PI2,119076,commodity,Commodities: Silver,Equity,Mahindra & Mahindra,Consumer Discretionary,22.36,,,3.23
DSP Flexi Cap Dir,INF740K01PI2,119076,commodity,Commodities: Silver,Equity,Cholamandalam Inv,Financial,27.55,,,3.07
DSP Flexi Cap Dir,INF740K01PI2,119076,commodity,Commodities: Silver,Equity,Bharti Airtel,Technology,43.19,,,2.94
DSP Flexi Cap Dir,INF740K01PI2,119076,commodity,Commodities: Silver,Equity,Bajaj Finance,Financial,31.57,,,2.61
DSP Flexi Cap Dir,INF740K01PI2,119076,commodity,Commodities: Silver,Equity,Coforge,Technology,41.51,,,2.55
DSP Flexi Cap Dir,INF740K01PI2,119076,commodity,Commodities: Silver,Equity,Cipla,Healthcare,28.21,,,2.24
DSP Flexi Cap Dir,INF740K01PI2,119076,commodity,Commodities: Silver,Equity,Samvardhana Motherson,Consumer Discretionary,39.79,,,2.23
DSP Flexi Cap Dir,INF740K01PI2,119076,commodity,Commodities: Silver,Equity,Max Financial,Financial,677.32,,,2.09
DSP Flexi Cap Dir,INF740K01PI2,119076,commodity,Commodities: Silver,Equity,Bharat Petroleum,Energy & Utilities,5.14,,,2.04
DSP Flexi Cap Dir,INF740K01PI2,119076,commodity,Commodities: Silver,Equity,Kirloskar Oil,Industrials,49.92,,,1.98
DSP Flexi Cap Dir,INF740K01PI2,119076,commodity,Commodities: Silver,Equity,CG Power,Industrials,125.19,,,1.9
DSP Flexi Cap Dir,INF740K01PI2,119076,commodity,Commodities: Silver,Equity,Radico Khaitan,Consumer Staples,82.99,,,1.87
DSP Flexi Cap Dir,INF740K01PI2,119076,commodity,Commodities: Silver,Equity,Infosys,Technology,14.36,,,1.73
DSP Flexi Cap Dir,INF740K01PI2,119076,commodity,Commodities: Silver,Equity,Polycab India,Industrials,56.42,,,1.67
DSP Flexi Cap Dir,INF740K01PI2,119076,commodity,Commodities: Silver,Equity,Alkem Laboratories,Healthcare,27.79,,,1.67
DSP Flexi Cap Dir,INF740K01PI2,119076,commodity,Commodities: Silver,Equity,UNO Minda,Consumer Discretionary,53.31,,,1.65
DSP Flexi Cap Dir,INF740K01PI2,119076,commodity,Commodities: Silver,Equity,Indus Towers,Technology,15.22,,,1.59
DSP Flexi Cap Dir,INF740K01PI2,119076,commodity,Commodities: Silver,Equity,Prudent,Financial,56.24,,,1.56
DSP Flexi Cap Dir,INF740K01PI2,119076,commodity,Commodities: Silver,Equity,Power Fin.,Financial,5.49,,,1.54
DSP Flexi Cap Dir,INF740K01PI2,119076,commodity,Commodities: Silver,Equity,Avenue Supermarts,Consumer Staples,93.91,,,1.39
DSP Flexi Cap Dir,INF740K01PI2,119076,commodity,Commodities: Silver,Equity,Eternal,Technology,688.71,,,1.36
DSP Focused Dir,INF740K01RR4,119335,commodity,Commodities: Silver,Equity,ICICI Bank,Financial,17.8,,,8.71
DSP Focused Dir,INF740K01RR4,119335,commodity,Commodities: Silver,Equity,HDFC Bank,Financial,15.76,,,8.06
DSP Focused Dir,INF740K01RR4,119335,commodity,Commodities: Silver,Equity,Axis Bank,Financial,15.95,,,5.35
DSP Focused Dir,INF740K01RR4,119335,commodity,Commodities: Silver,Equity,SBI Life Insurance,Financial,126.08,,,4.15
DSP Focused Dir,INF740K01RR4,119335,commodity,Commodities: Silver,Equity,Bharti Airtel,Technology,43.19,,,4.1
DSP Focused Dir,INF740K01RR4,119335,commodity,Commodities: Silver,Equity,Cholamandalam Inv,Financial,27.55,,,4.02
DSP Focused Dir,INF740K01RR4,119335,commodity,Commodities: Silver,Equity,The Phoenix Mills,Real Estate,55.13,,,3.99
DSP Focused Dir,INF740K01RR4,119335,commodity,Commodities: Silver,Equity,Samvardhana Motherson,Consumer Discretionary,39.79,,,3.58
DSP Focused Dir,INF740K01RR4,119335,commodity,Commodities: Silver,Equity,Coforge,Technology,41.51,,,3.53
DSP Focused Dir,INF740K01RR4,119335,commodity,Commodities: Silver,Equity,Polycab India,Industrials,56.42,,,3.37
DSP Focused Dir,INF740K01RR4,119335,commodity,Commodities: Silver,Equity,SBI,Financial,11.46,,,3.22
DSP Focused Dir,INF740K01RR4,119335,commodity,Commodities: Silver,Equity,Kirloskar Oil,Industrials,49.92,,,2.71
DSP Focused Dir,INF740K01RR4,119335,commodity,Commodities: Silver,Equity,Bajaj Finance,Financial,31.57,,,2.68
DSP Focused Dir,INF740K01RR4,119335,commodity,Commodities: Silver,Equity,Infosys,Technology,14.36,,,2.65
DSP Focused Dir,INF740K01RR4,119335,commodity,Commodities: Silver,Equity,Coromandel Intl,Materials,30.42,,,2.64
DSP Focused Dir,INF740K01RR4,119335,commodity,Commodities: Silver,Equity,Ipca Laboratories,Healthcare,35.46,,,2.6
DSP Focused Dir,INF740K01RR4,119335,commodity,Commodities: Silver,Equity,Bharat Petroleum,Energy & Utilities,5.14,,,2.55
DSP Focused Dir,INF740K01RR4,119335,commodity,Commodities: Silver,Equity,Hero Motocorp,Consumer Discretionary,17.3,,,2.48
DSP Focused Dir,INF740K01RR4,119335,commodity,Commodities: Silver,Equity,Prudent,Financial,56.24,,,2.27
DSP Focused Dir,INF740K01RR4,119335,commodity,Commodities: Silver,Equity,Tech Mahindra,Technology,28.24,,,2.23
DSP Focused Dir,INF740K01RR4,119335,commodity,Commodities: Silver,Equity,Power Fin.,Financial,5.49,,,2.06
DSP Focused Dir,INF740K01RR4,119335,commodity,Commodities: Silver,Equity,Century Plyboards,Materials,64.28,,,1.94
DSP Focused Dir,INF740K01RR4,119335,commodity,Commodities: Silver,Equity,Petronet Lng,Energy & Utilities,11.09,,,1.81
DSP Focused Dir,INF740K01RR4,119335,commodity,Commodities: Silver,Equity,PG Electroplast,Industrials,81.41,,,1.79
DSP Focused Dir,INF740K01RR4,119335,commodity,Commodities: Silver,Equity,Mrs. Bectors Food,Consumer Staples,41.62,,,1.79
DSP Nifty500 Flexicap Quality 30 ETF,INF740KA1WU9,153874,commodity,Commodities: Silver,Equity,Coforge,Technology,41.11,,,3.72
DSP Nifty500 Flexicap Quality 30 ETF,INF740KA1WU9,153874,commodity,Commodities: Silver,Equity,Cummins India,Industrials,68.72,,,3.65
DSP Nifty500 Flexicap Quality 30 ETF,INF740KA1WU9,153874,commodity,Commodities: Silver,Equity,Asian Paints,Materials,60.47,,,3.55
DSP Nifty500 Flexicap Quality 30 ETF,INF740KA1WU9,153874,commodity,Commodities: Silver,Equity,Timken India,Industrials,65.62,,,3.52
DSP Nifty500 Flexicap Quality 30 ETF,INF740KA1WU9,153874,commodity,Commodities: Silver,Equity,Angel One,Financial,35.34,,,3.51
DSP Nifty500 Flexicap Quality 30 ETF,INF740KA1WU9,153874,commodity,Commodities: Silver,Equity,Dixon Technologies,Consumer Discretionary,53,,,3.51
DSP Nifty500 Flexicap Quality 30 ETF,INF740KA1WU9,153874,commodity,Commodities: Silver,Equity,Persistent Systems,Technology,39.99,,,3.5
DSP Nifty500 Flexicap Quality 30 ETF,INF740KA1WU9,153874,commodity,Commodities: Silver,Equity,Tube Investments,Consumer Discretionary,99.86,,,3.5
DSP Nifty500 Flexicap Quality 30 ETF,INF740KA1WU9,153874,commodity,Commodities: Silver,Equity,Tech Mahindra,Technology,28.21,,,3.44
DSP Nifty500 Flexicap Quality 30 ETF,INF740KA1WU9,153874,commodity,Commodities: Silver,Equity,Cyient,Technology,22.54,,,3.41
DSP Nifty500 Flexicap Quality 30 ETF,INF740KA1WU9,153874,commodity,Commodities: Silver,Equity,JB Chemicals,Healthcare,49.7,,,3.4
DSP Nifty500 Flexicap Quality 30 ETF,INF740KA1WU9,153874,commodity,Commodities: Silver,Equity,HCL Technologies,Technology,18.23,,,3.36
DSP Nifty500 Flexicap Quality 30 ETF,INF740KA1WU9,153874,commodity,Commodities: Silver,Equity,Infosys,Technology,14.37,,,3.35
DSP Nifty500 Flexicap Quality 30 ETF,INF740KA1WU9,153874,commodity,Commodities: Silver,Equity,Marico,Consumer Staples,60.74,,,3.32
DSP Nifty500 Flexicap Quality 30 ETF,INF740KA1WU9,153874,commodity,Commodities: Silver,Equity,Amara Raja Energy,Consumer Discretionary,17.24,,,3.32
DSP Nifty500 Flexicap Quality 30 ETF,INF740KA1WU9,153874,commodity,Commodities: Silver,Equity,Affle 3I,Industrials,45.41,,,3.3
DSP Nifty500 Flexicap Quality 30 ETF,INF740KA1WU9,153874,commodity,Commodities: Silver,Equity,Central Depository,Financial,62.59,,,3.29
DSP Nifty500 Flexicap Quality 30 ETF,INF740KA1WU9,153874,commodity,Commodities: Silver,Equity,Nestle India,Consumer Staples,77.35,,,3.24
DSP Nifty500 Flexicap Quality 30 ETF,INF740KA1WU9,153874,commodity,Commodities: Silver,Equity,IEX,Financial,22.21,,,3.22
DSP Nifty500 Flexicap Quality 30 ETF,INF740KA1WU9,153874,commodity,Commodities: Silver,Equity,Maruti Suzuki,Consumer Discretionary,28.71,,,3.2
DSP Nifty500 Flexicap Quality 30 ETF,INF740KA1WU9,153874,commodity,Commodities: Silver,Equity,Colgate-Palmolive,Consumer Staples,41.15,,,3.19
DSP Nifty500 Flexicap Quality 30 ETF,INF740KA1WU9,153874,commodity,Commodities: Silver,Equity,CAMS,Financial,43.11,,,3.18
DSP Nifty500 Flexicap Quality 30 ETF,INF740KA1WU9,153874,commodity,Commodities: Silver,Equity,Hindustan Unilever,Consumer Staples,34.17,,,3.18
DSP Nifty500 Flexicap Quality 30 ETF,INF740KA1WU9,153874,commodity,Commodities: Silver,Equity,HDFC AMC,Financial,40.37,,,3.17
DSP Nifty500 Flexicap Quality 30 ETF,INF740KA1WU9,153874,commodity,Commodities: Silver,Equity,Tata Consultancy,Technology,15.26,,,3.16
DSP Nifty500 Flexicap Quality 30 Index Dir,INF740KA1WR5,153801,commodity,Commodities: Silver,Equity,Coforge,Technology,41.51,,,3.71
DSP Nifty500 Flexicap Quality 30 Index Dir,INF740KA1WR5,153801,commodity,Commodities: Silver,Equity,Cummins India,Industrials,68.6,,,3.65
DSP Nifty500 Flexicap Quality 30 Index Dir,INF740KA1WR5,153801,commodity,Commodities: Silver,Equity,Asian Paints,Materials,60.52,,,3.54
DSP Nifty500 Flexicap Quality 30 Index Dir,INF740KA1WR5,153801,commodity,Commodities: Silver,Equity,Timken India,Industrials,66.07,,,3.52
DSP Nifty500 Flexicap Quality 30 Index Dir,INF740KA1WR5,153801,commodity,Commodities: Silver,Equity,Angel One,Financial,35.26,,,3.51
DSP Nifty500 Flexicap Quality 30 Index Dir,INF740KA1WR5,153801,commodity,Commodities: Silver,Equity,Dixon Technologies,Consumer Discretionary,53.08,,,3.5
DSP Nifty500 Flexicap Quality 30 Index Dir,INF740KA1WR5,153801,commodity,Commodities: Silver,Equity,Persistent Systems,Technology,40.32,,,3.5
DSP Nifty500 Flexicap Quality 30 Index Dir,INF740KA1WR5,153801,commodity,Commodities: Silver,Equity,Tube Investments,Consumer Discretionary,99.72,,,3.49
DSP Nifty500 Flexicap Quality 30 Index Dir,INF740KA1WR5,153801,commodity,Commodities: Silver,Equity,Tech Mahindra,Technology,28.24,,,3.44
DSP Nifty500 Flexicap Quality 30 Index Dir,INF740KA1WR5,153801,commodity,Commodities: Silver,Equity,Cyient,Technology,22.36,,,3.41
DSP Nifty500 Flexicap Quality 30 Index Dir,INF740KA1WR5,153801,commodity,Commodities: Silver,Equity,JB Chemicals,Healthcare,49.62,,,3.39
DSP Nifty500 Flexicap Quality 30 Index Dir,INF740KA1WR5,153801,commodity,Commodities: Silver,Equity,HCL Technologies,Technology,18.25,,,3.35
DSP Nifty500 Flexicap Quality 30 Index Dir,INF740KA1WR5,153801,commodity,Commodities: Silver,Equity,Infosys,Technology,14.36,,,3.35
DSP Nifty500 Flexicap Quality 30 Index Dir,INF740KA1WR5,153801,commodity,Commodities: Silver,Equity,Marico,Consumer Staples,60.11,,,3.31
DSP Nifty500 Flexicap Quality 30 Index Dir,INF740KA1WR5,153801,commodity,Commodities: Silver,Equity,Amara Raja Energy,Consumer Discretionary,17.2,,,3.31
DSP Nifty500 Flexicap Quality 30 Index Dir,INF740KA1WR5,153801,commodity,Commodities: Silver,Equity,Affle 3I,Industrials,45.56,,,3.3
DSP Nifty500 Flexicap Quality 30 Index Dir,INF740KA1WR5,153801,commodity,Commodities: Silver,Equity,Central Depository,Financial,62.73,,,3.29
DSP Nifty500 Flexicap Quality 30 Index Dir,INF740KA1WR5,153801,commodity,Commodities: Silver,Equity,Nestle India,Consumer Staples,77.1,,,3.23
DSP Nifty500 Flexicap Quality 30 Index Dir,INF740KA1WR5,153801,commodity,Commodities: Silver,Equity,IEX,Financial,22.23,,,3.22
DSP Nifty500 Flexicap Quality 30 Index Dir,INF740KA1WR5,153801,commodity,Commodities: Silver,Equity,Maruti Suzuki,Consumer Discretionary,28.73,,,3.2
DSP Nifty500 Flexicap Quality 30 Index Dir,INF740KA1WR5,153801,commodity,Commodities: Silver,Equity,Colgate-Palmolive,Consumer Staples,41.04,,,3.19
DSP Nifty500 Flexicap Quality 30 Index Dir,INF740KA1WR5,153801,commodity,Commodities: Silver,Equity,CAMS,Financial,42.9,,,3.18
DSP Nifty500 Flexicap Quality 30 Index Dir,INF740KA1WR5,153801,commodity,Commodities: Silver,Equity,Hindustan Unilever,Consumer Staples,34.14,,,3.18
DSP Nifty500 Flexicap Quality 30 Index Dir,INF740KA1WR5,153801,commodity,Commodities: Silver,Equity,HDFC AMC,Financial,40.56,,,3.16
DSP Nifty500 Flexicap Quality 30 Index Dir,INF740KA1WR5,153801,commodity,Commodities: Silver,Equity,Tata Consultancy,Technology,15.33,,,3.15
DSP Nifty 500 Index Dir,INF740KA1XY9,154088,commodity,Commodities: Silver,Equity,HDFC Bank,Financial,15.76,,,5.86
DSP Nifty 500 Index Dir,INF740KA1XY9,154088,commodity,Commodities: Silver,Equity,ICICI Bank,Financial,17.8,,,4.62
DSP Nifty 500 Index Dir,INF740KA1XY9,154088,commodity,Commodities: Silver,Equity,Reliance Ind,Energy & Utilities,22.25,,,4.59
DSP Nifty 500 Index Dir,INF740KA1XY9,154088,commodity,Commodities: Silver,Equity,Bharti Airtel,Technology,43.19,,,2.89
DSP Nifty 500 Index Dir,INF740KA1XY9,154088,commodity,Commodities: Silver,Equity,Larsen & Toubro,Industrials,35.92,,,2.46
DSP Nifty 500 Index Dir,INF740KA1XY9,154088,commodity,Commodities: Silver,Equity,Infosys,Technology,14.36,,,2.09
DSP Nifty 500 Index Dir,INF740KA1XY9,154088,commodity,Commodities: Silver,Equity,SBI,Financial,11.46,,,2.06
DSP Nifty 500 Index Dir,INF740KA1XY9,154088,commodity,Commodities: Silver,Equity,Axis Bank,Financial,15.95,,,1.9
DSP Nifty 500 Index Dir,INF740KA1XY9,154088,commodity,Commodities: Silver,Equity,Kotak Bank,Financial,20.63,,,1.46
DSP Nifty 500 Index Dir,INF740KA1XY9,154088,commodity,Commodities: Silver,Equity,ITC,Consumer Staples,17.56,,,1.42
DSP Nifty 500 Index Dir,INF740KA1XY9,154088,commodity,Commodities: Silver,Equity,Mahindra & Mahindra,Consumer Discretionary,22.36,,,1.4
DSP Nifty 500 Index Dir,INF740KA1XY9,154088,commodity,Commodities: Silver,Equity,Bajaj Finance,Financial,31.57,,,1.25
DSP Nifty 500 Index Dir,INF740KA1XY9,154088,commodity,Commodities: Silver,Equity,Tata Consultancy,Technology,15.33,,,1.19
DSP Nifty 500 Index Dir,INF740KA1XY9,154088,commodity,Commodities: Silver,Equity,Sun Pharmaceutical,Healthcare,38.15,,,0.98
DSP Nifty 500 Index Dir,INF740KA1XY9,154088,commodity,Commodities: Silver,Equity,Hindustan Unilever,Consumer Staples,34.14,,,0.98
DSP Nifty 500 Index Dir,INF740KA1XY9,154088,commodity,Commodities: Silver,Equity,NTPC,Energy & Utilities,13.09,,,0.94
DSP Nifty 500 Index Dir,INF740KA1XY9,154088,commodity,Commodities: Silver,Equity,Eternal,Technology,688.71,,,0.93
DSP Nifty 500 Index Dir,INF740KA1XY9,154088,commodity,Commodities: Silver,Equity,Tata Steel,Materials,22.91,,,0.88
DSP Nifty 500 Index Dir,INF740KA1XY9,154088,commodity,Commodities: Silver,Equity,Maruti Suzuki,Consumer Discretionary,28.73,,,0.88
DSP Nifty 500 Index Dir,INF740KA1XY9,154088,commodity,Commodities: Silver,Equity,BSE,Financial,65.73,,,0.87
DSP Nifty 500 Index Dir,INF740KA1XY9,154088,commodity,Commodities: Silver,Equity,Titan,Consumer Discretionary,77.17,,,0.87
DSP Nifty 500 Index Dir,INF740KA1XY9,154088,commodity,Commodities: Silver,Equity,Hindalco Ind,Materials,16.96,,,0.84
DSP Nifty 500 Index Dir,INF740KA1XY9,154088,commodity,Commodities: Silver,Equity,Bharat Electronics,Industrials,51.44,,,0.76
DSP Nifty 500 Index Dir,INF740KA1XY9,154088,commodity,Commodities: Silver,Equity,Ultratech Cement,Materials,40.9,,,0.7
DSP Nifty 500 Index Dir,INF740KA1XY9,154088,commodity,Commodities: Silver,Equity,Adani Ports,Industrials,33.02,,,0.69
Edelweiss Flexi Cap Dir,INF843K01KK1,140353,commodity,Commodities: Silver,Equity,ICICI Bank,Financial,17.8,,,5.47
Edelweiss Flexi Cap Dir,INF843K01KK1,140353,commodity,Commodities: Silver,Equity,HDFC Bank,Financial,15.76,,,5.45
Edelweiss Flexi Cap Dir,INF843K01KK1,140353,commodity,Commodities: Silver,Equity,Larsen & Toubro,Industrials,35.92,,,4.03
Edelweiss Flexi Cap Dir,INF843K01KK1,140353,commodity,Commodities: Silver,Equity,NTPC,Energy & Utilities,13.09,,,3.36
Edelweiss Flexi Cap Dir,INF843K01KK1,140353,commodity,Commodities: Silver,Equity,Reliance Ind,Energy & Utilities,22.25,,,3.11
Edelweiss Flexi Cap Dir,INF843K01KK1,140353,commodity,Commodities: Silver,Equity,Tata Steel,Materials,22.91,,,2.5
Edelweiss Flexi Cap Dir,INF843K01KK1,140353,commodity,Commodities: Silver,Equity,SBI,Financial,11.46,,,2.44
Edelweiss Flexi Cap Dir,INF843K01KK1,140353,commodity,Commodities: Silver,Equity,MCX,Financial,53.17,,,2.14
Edelweiss Flexi Cap Dir,INF843K01KK1,140353,commodity,Commodities: Silver,Equity,Ultratech Cement,Materials,40.9,,,1.87
Edelweiss Flexi Cap Dir,INF843K01KK1,140353,commodity,Commodities: Silver,Equity,Bharti Airtel,Technology,43.19,,,1.82
Edelweiss Flexi Cap Dir,INF843K01KK1,140353,commodity,Commodities: Silver,Equity,Bajaj Finance,Financial,31.57,,,1.75
Edelweiss Flexi Cap Dir,INF843K01KK1,140353,commodity,Commodities: Silver,Equity,Karur Vysya Bank,Financial,11.2,,,1.63
Edelweiss Flexi Cap Dir,INF843K01KK1,140353,commodity,Commodities: Silver,Equity,Fortis Healthcare,Healthcare,69.79,,,1.63
Edelweiss Flexi Cap Dir,INF843K01KK1,140353,commodity,Commodities: Silver,Equity,Titan,Consumer Discretionary,77.17,,,1.57
Edelweiss Flexi Cap Dir,INF843K01KK1,140353,commodity,Commodities: Silver,Equity,Shriram Finance,Financial,23.5,,,1.5
Edelweiss Flexi Cap Dir,INF843K01KK1,140353,commodity,Commodities: Silver,Equity,Divi's Lab,Healthcare,69.75,,,1.47
Edelweiss Flexi Cap Dir,INF843K01KK1,140353,commodity,Commodities: Silver,Equity,Kotak Bank,Financial,20.63,,,1.47
Edelweiss Flexi Cap Dir,INF843K01KK1,140353,commodity,Commodities: Silver,Equity,City Union Bank,Financial,14.67,,,1.41
Edelweiss Flexi Cap Dir,INF843K01KK1,140353,commodity,Commodities: Silver,Equity,Bharat Heavy Elect,Industrials,89.9,,,1.37
Edelweiss Flexi Cap Dir,INF843K01KK1,140353,commodity,Commodities: Silver,Equity,Mahindra & Mahindra,Consumer Discretionary,22.36,,,1.35
Edelweiss Flexi Cap Dir,INF843K01KK1,140353,commodity,Commodities: Silver,Equity,Marico,Consumer Staples,60.11,,,1.33
Edelweiss Flexi Cap Dir,INF843K01KK1,140353,commodity,Commodities: Silver,Equity,KEI,Industrials,57.97,,,1.19
Edelweiss Flexi Cap Dir,INF843K01KK1,140353,commodity,Commodities: Silver,Equity,L&T Fin,Financial,24.11,,,1.12
Edelweiss Flexi Cap Dir,INF843K01KK1,140353,commodity,Commodities: Silver,Equity,Radico Khaitan,Consumer Staples,82.99,,,1.12
Edelweiss Flexi Cap Dir,INF843K01KK1,140353,commodity,Commodities: Silver,Equity,Muthoot Finance,Financial,11.82,,,1.11
Edelweiss Focused Dir,INF754K01OP1,150376,commodity,Commodities: Silver,Equity,ICICI Bank,Financial,17.8,,,6.59
Edelweiss Focused Dir,INF754K01OP1,150376,commodity,Commodities: Silver,Equity,Larsen & Toubro,Industrials,35.92,,,5.99
Edelweiss Focused Dir,INF754K01OP1,150376,commodity,Commodities: Silver,Equity,HDFC Bank,Financial,15.76,,,5.96
Edelweiss Focused Dir,INF754K01OP1,150376,commodity,Commodities: Silver,Equity,Reliance Ind,Energy & Utilities,22.25,,,5.67
Edelweiss Focused Dir,INF754K01OP1,150376,commodity,Commodities: Silver,Equity,Tata Steel,Materials,22.91,,,5.03
Edelweiss Focused Dir,INF754K01OP1,150376,commodity,Commodities: Silver,Equity,Marico,Consumer Staples,60.11,,,4.81
Edelweiss Focused Dir,INF754K01OP1,150376,commodity,Commodities: Silver,Equity,KEI,Industrials,57.97,,,4.56
Edelweiss Focused Dir,INF754K01OP1,150376,commodity,Commodities: Silver,Equity,Shriram Finance,Financial,23.5,,,4.38
Edelweiss Focused Dir,INF754K01OP1,150376,commodity,Commodities: Silver,Equity,NTPC,Energy & Utilities,13.09,,,3.96
Edelweiss Focused Dir,INF754K01OP1,150376,commodity,Commodities: Silver,Equity,SBI,Financial,11.46,,,3.52
Edelweiss Focused Dir,INF754K01OP1,150376,commodity,Commodities: Silver,Equity,Ultratech Cement,Materials,40.9,,,3.23
Edelweiss Focused Dir,INF754K01OP1,150376,commodity,Commodities: Silver,Equity,Coforge,Technology,41.51,,,3.07
Edelweiss Focused Dir,INF754K01OP1,150376,commodity,Commodities: Silver,Equity,Infosys,Technology,14.36,,,3.01
Edelweiss Focused Dir,INF754K01OP1,150376,commodity,Commodities: Silver,Equity,MCX,Financial,53.17,,,2.97
Edelweiss Focused Dir,INF754K01OP1,150376,commodity,Commodities: Silver,Equity,Bajaj Finance,Financial,31.57,,,2.96
Edelweiss Focused Dir,INF754K01OP1,150376,commodity,Commodities: Silver,Equity,IDFC First Bank,Financial,41.94,,,2.96
Edelweiss Focused Dir,INF754K01OP1,150376,commodity,Commodities: Silver,Equity,Mankind Pharma,Healthcare,52.33,,,2.85
Edelweiss Focused Dir,INF754K01OP1,150376,commodity,Commodities: Silver,Equity,Titan,Consumer Discretionary,77.17,,,2.74
Edelweiss Focused Dir,INF754K01OP1,150376,commodity,Commodities: Silver,Equity,Endurance Tech,Consumer Discretionary,38.53,,,2.73
Edelweiss Focused Dir,INF754K01OP1,150376,commodity,Commodities: Silver,Equity,Max Healthcare,Healthcare,73.57,,,2.63
Edelweiss Focused Dir,INF754K01OP1,150376,commodity,Commodities: Silver,Equity,Bharat Electronics,Industrials,51.44,,,2.61
Edelweiss Focused Dir,INF754K01OP1,150376,commodity,Commodities: Silver,Equity,TVS Motor,Consumer Discretionary,54.03,,,2.46
Edelweiss Focused Dir,INF754K01OP1,150376,commodity,Commodities: Silver,Equity,PB Fintech,Financial,111.92,,,2.31
Edelweiss Focused Dir,INF754K01OP1,150376,commodity,Commodities: Silver,Equity,Mahindra & Mahindra,Consumer Discretionary,22.36,,,2.22
Edelweiss Focused Dir,INF754K01OP1,150376,commodity,Commodities: Silver,Equity,Cholamandalam Inv,Financial,27.55,,,2.17
Franklin India Flexi Cap Dir,INF090I01FK3,118535,commodity,Commodities: Silver,Equity,HDFC Bank,Financial,15.76,,,7.4
Franklin India Flexi Cap Dir,INF090I01FK3,118535,commodity,Commodities: Silver,Equity,ICICI Bank,Financial,17.8,,,5.94
Franklin India Flexi Cap Dir,INF090I01FK3,118535,commodity,Commodities: Silver,Equity,Axis Bank,Financial,15.95,,,5.45
Franklin India Flexi Cap Dir,INF090I01FK3,118535,commodity,Commodities: Silver,Equity,Larsen & Toubro,Industrials,35.92,,,4.01
Franklin India Flexi Cap Dir,INF090I01FK3,118535,commodity,Commodities: Silver,Equity,SBI,Financial,11.46,,,3.34
Franklin India Flexi Cap Dir,INF090I01FK3,118535,commodity,Commodities: Silver,Equity,Bharti Airtel,Technology,43.19,,,3.29
Franklin India Flexi Cap Dir,INF090I01FK3,118535,commodity,Commodities: Silver,Equity,Reliance Ind,Energy & Utilities,22.25,,,3.16
Franklin India Flexi Cap Dir,INF090I01FK3,118535,commodity,Commodities: Silver,Equity,Kotak Bank,Financial,20.63,,,3.04
Franklin India Flexi Cap Dir,INF090I01FK3,118535,commodity,Commodities: Silver,Equity,Infosys,Technology,14.36,,,2.87
Franklin India Flexi Cap Dir,INF090I01FK3,118535,commodity,Commodities: Silver,Equity,Mahindra & Mahindra,Consumer Discretionary,22.36,,,2.77
Franklin India Flexi Cap Dir,INF090I01FK3,118535,commodity,Commodities: Silver,Equity,HCL Technologies,Technology,18.25,,,2.56
Franklin India Flexi Cap Dir,INF090I01FK3,118535,commodity,Commodities: Silver,Equity,Eternal,Technology,688.71,,,2.5
Franklin India Flexi Cap Dir,INF090I01FK3,118535,commodity,Commodities: Silver,Equity,Apollo Hospitals,Healthcare,62.53,,,2.45
Franklin India Flexi Cap Dir,INF090I01FK3,118535,commodity,Commodities: Silver,Equity,Kirloskar Oil,Industrials,49.92,,,2.35
Franklin India Flexi Cap Dir,INF090I01FK3,118535,commodity,Commodities: Silver,Equity,Tata Steel,Materials,22.91,,,2.18
Franklin India Flexi Cap Dir,INF090I01FK3,118535,commodity,Commodities: Silver,Equity,Tata Power,Energy & Utilities,34.16,,,2.16
Franklin India Flexi Cap Dir,INF090I01FK3,118535,commodity,Commodities: Silver,Equity,Marico,Consumer Staples,60.11,,,2.1
Franklin India Flexi Cap Dir,INF090I01FK3,118535,commodity,Commodities: Silver,Equity,Grasim,Materials,42.94,,,2.02
Franklin India Flexi Cap Dir,INF090I01FK3,118535,commodity,Commodities: Silver,Equity,NTPC,Energy & Utilities,13.09,,,2
Franklin India Flexi Cap Dir,INF090I01FK3,118535,commodity,Commodities: Silver,Equity,Bharat Electronics,Industrials,51.44,,,2
Franklin India Flexi Cap Dir,INF090I01FK3,118535,commodity,Commodities: Silver,Equity,Tube Investments,Consumer Discretionary,99.72,,,1.71
Franklin India Flexi Cap Dir,INF090I01FK3,118535,commodity,Commodities: Silver,Equity,Cholamandalam Inv,Financial,27.55,,,1.54
Franklin India Flexi Cap Dir,INF090I01FK3,118535,commodity,Commodities: Silver,Equity,Interglobe Aviation,Industrials,,,,1.53
Franklin India Flexi Cap Dir,INF090I01FK3,118535,commodity,Commodities: Silver,Equity,Britannia Ind,Consumer Staples,49.34,,,1.43
Franklin India Flexi Cap Dir,INF090I01FK3,118535,commodity,Commodities: Silver,Equity,Ultratech Cement,Materials,40.9,,,1.42
Franklin India Focused Equity Dir,INF090I01IW2,118564,commodity,Commodities: Silver,Equity,HDFC Bank,Financial,15.76,,,8.42
Franklin India Focused Equity Dir,INF090I01IW2,118564,commodity,Commodities: Silver,Equity,ICICI Bank,Financial,17.8,,,7.55
Franklin India Focused Equity Dir,INF090I01IW2,118564,commodity,Commodities: Silver,Equity,Axis Bank,Financial,15.95,,,7.44
Franklin India Focused Equity Dir,INF090I01IW2,118564,commodity,Commodities: Silver,Equity,Reliance Ind,Energy & Utilities,22.25,,,6.16
Franklin India Focused Equity Dir,INF090I01IW2,118564,commodity,Commodities: Silver,Equity,Bharti Airtel,Technology,43.19,,,5.7
Franklin India Focused Equity Dir,INF090I01IW2,118564,commodity,Commodities: Silver,Equity,Tata Consultancy,Technology,15.33,,,5.33
Franklin India Focused Equity Dir,INF090I01IW2,118564,commodity,Commodities: Silver,Equity,Eternal,Technology,688.71,,,5.24
Franklin India Focused Equity Dir,INF090I01IW2,118564,commodity,Commodities: Silver,Equity,Sun Pharmaceutical,Healthcare,38.15,,,4.72
Franklin India Focused Equity Dir,INF090I01IW2,118564,commodity,Commodities: Silver,Equity,Tata Steel,Materials,22.91,,,4.07
Franklin India Focused Equity Dir,INF090I01IW2,118564,commodity,Commodities: Silver,Equity,PB Fintech,Financial,111.92,,,3.64
Franklin India Focused Equity Dir,INF090I01IW2,118564,commodity,Commodities: Silver,Equity,Maruti Suzuki,Consumer Discretionary,28.73,,,3.6
Franklin India Focused Equity Dir,INF090I01IW2,118564,commodity,Commodities: Silver,Equity,Sobha,Real Estate,78.36,,,3.26
Franklin India Focused Equity Dir,INF090I01IW2,118564,commodity,Commodities: Silver,Equity,Interglobe Aviation,Industrials,,,,2.94
Franklin India Focused Equity Dir,INF090I01IW2,118564,commodity,Commodities: Silver,Equity,Infosys,Technology,14.36,,,2.84
Franklin India Focused Equity Dir,INF090I01IW2,118564,commodity,Commodities: Silver,Equity,HDFC Life,Financial,66.46,,,2.49
Franklin India Focused Equity Dir,INF090I01IW2,118564,commodity,Commodities: Silver,Equity,KEI,Industrials,57.97,,,2.34
Franklin India Focused Equity Dir,INF090I01IW2,118564,commodity,Commodities: Silver,Equity,SBI,Financial,11.46,,,2.23
Franklin India Focused Equity Dir,INF090I01IW2,118564,commodity,Commodities: Silver,Equity,Delhivery,Industrials,225.47,,,2.13
Franklin India Focused Equity Dir,INF090I01IW2,118564,commodity,Commodities: Silver,Equity,Hindustan Unilever,Consumer Staples,34.14,,,2.06
Franklin India Focused Equity Dir,INF090I01IW2,118564,commodity,Commodities: Silver,Equity,Shriram Finance,Financial,23.5,,,1.94
Franklin India Focused Equity Dir,INF090I01IW2,118564,commodity,Commodities: Silver,Equity,APL Apollo Tubes,Industrials,42.79,,,1.48
Franklin India Focused Equity Dir,INF090I01IW2,118564,commodity,Commodities: Silver,Equity,Hindustan Aero,Industrials,32.38,,,1.48
Franklin India Focused Equity Dir,INF090I01IW2,118564,commodity,Commodities: Silver,Equity,Apollo Hospitals,Healthcare,62.53,,,1.46
Franklin India Focused Equity Dir,INF090I01IW2,118564,commodity,Commodities: Silver,Equity,Tata Power,Energy & Utilities,34.16,,,1.43
Franklin India Focused Equity Dir,INF090I01IW2,118564,commodity,Commodities: Silver,Equity,Jubilant Foodworks,Consumer Discretionary,64.65,,,1.41
Groww Nifty 500 Low Volatility 50 ETF,INF666M01LB9,153583,commodity,Commodities: Silver,Equity,Coal India,Materials,8.9,,,5.22
Groww Nifty 500 Low Volatility 50 ETF,INF666M01LB9,153583,commodity,Commodities: Silver,Equity,Asian Paints,Materials,60.52,,,5.1
Groww Nifty 500 Low Volatility 50 ETF,INF666M01LB9,153583,commodity,Commodities: Silver,Equity,Power Grid,Energy & Utilities,17.02,,,4.99
Groww Nifty 500 Low Volatility 50 ETF,INF666M01LB9,153583,commodity,Commodities: Silver,Equity,Bajaj Finance,Financial,31.57,,,4.76
Groww Nifty 500 Low Volatility 50 ETF,INF666M01LB9,153583,commodity,Commodities: Silver,Equity,Bharti Airtel,Technology,43.19,,,4.56
Groww Nifty 500 Low Volatility 50 ETF,INF666M01LB9,153583,commodity,Commodities: Silver,Equity,Bajaj Auto,Consumer Discretionary,26.01,,,4.16
Groww Nifty 500 Low Volatility 50 ETF,INF666M01LB9,153583,commodity,Commodities: Silver,Equity,Maruti Suzuki,Consumer Discretionary,28.73,,,4.12
Groww Nifty 500 Low Volatility 50 ETF,INF666M01LB9,153583,commodity,Commodities: Silver,Equity,Apollo Hospitals,Healthcare,62.53,,,3.77
Groww Nifty 500 Low Volatility 50 ETF,INF666M01LB9,153583,commodity,Commodities: Silver,Equity,Tata Consultancy,Technology,15.33,,,3.61
Groww Nifty 500 Low Volatility 50 ETF,INF666M01LB9,153583,commodity,Commodities: Silver,Equity,Eicher Motors,Consumer Discretionary,37.69,,,3.6
Groww Nifty 500 Low Volatility 50 ETF,INF666M01LB9,153583,commodity,Commodities: Silver,Equity,ONGC,Energy & Utilities,7.42,,,3.55
Groww Nifty 500 Low Volatility 50 ETF,INF666M01LB9,153583,commodity,Commodities: Silver,Equity,Dr. Reddy'S Labs,Healthcare,25.16,,,3.4
Groww Nifty 500 Low Volatility 50 ETF,INF666M01LB9,153583,commodity,Commodities: Silver,Equity,Britannia Ind,Consumer Staples,49.34,,,3.11
Groww Nifty 500 Low Volatility 50 ETF,INF666M01LB9,153583,commodity,Commodities: Silver,Equity,Tech Mahindra,Technology,28.24,,,2.96
Groww Nifty 500 Low Volatility 50 ETF,INF666M01LB9,153583,commodity,Commodities: Silver,Equity,HDFC Life,Financial,66.46,,,2.84
Groww Nifty 500 Low Volatility 50 ETF,INF666M01LB9,153583,commodity,Commodities: Silver,Equity,The Federal Bank,Financial,18.3,,,2.54
Groww Nifty 500 Low Volatility 50 ETF,INF666M01LB9,153583,commodity,Commodities: Silver,Equity,Tata Power,Energy & Utilities,34.16,,,2.33
Groww Nifty 500 Low Volatility 50 ETF,INF666M01LB9,153583,commodity,Commodities: Silver,Equity,Divi's Lab,Healthcare,69.75,,,2.22
Groww Nifty 500 Low Volatility 50 ETF,INF666M01LB9,153583,commodity,Commodities: Silver,Equity,TVS Motor,Consumer Discretionary,54.03,,,2.15
Groww Nifty 500 Low Volatility 50 ETF,INF666M01LB9,153583,commodity,Commodities: Silver,Equity,Marico,Consumer Staples,60.11,,,2.06
Groww Nifty 500 Low Volatility 50 ETF,INF666M01LB9,153583,commodity,Commodities: Silver,Equity,Torrent Pharma,Healthcare,69.41,,,2.05
Groww Nifty 500 Low Volatility 50 ETF,INF666M01LB9,153583,commodity,Commodities: Silver,Equity,Hero Motocorp,Consumer Discretionary,17.3,,,1.86
Groww Nifty 500 Low Volatility 50 ETF,INF666M01LB9,153583,commodity,Commodities: Silver,Equity,Indian Oil,Energy & Utilities,4.8,,,1.72
Groww Nifty 500 Low Volatility 50 ETF,INF666M01LB9,153583,commodity,Commodities: Silver,Equity,Wipro,Technology,14.23,,,1.68
Groww Nifty 500 Low Volatility 50 ETF,INF666M01LB9,153583,commodity,Commodities: Silver,Equity,Max Financial,Financial,677.32,,,1.53
Groww Nifty 500 Momentum 50 ETF,INF666M01KJ4,153452,commodity,Commodities: Silver,Equity,Hindalco Ind,Materials,16.96,,,5.51
Groww Nifty 500 Momentum 50 ETF,INF666M01KJ4,153452,commodity,Commodities: Silver,Equity,BSE,Financial,65.73,,,4.85
Groww Nifty 500 Momentum 50 ETF,INF666M01KJ4,153452,commodity,Commodities: Silver,Equity,Eicher Motors,Consumer Discretionary,37.69,,,4.74
Groww Nifty 500 Momentum 50 ETF,INF666M01KJ4,153452,commodity,Commodities: Silver,Equity,Shriram Finance,Financial,23.5,,,4.7
Groww Nifty 500 Momentum 50 ETF,INF666M01KJ4,153452,commodity,Commodities: Silver,Equity,Asian Paints,Materials,60.52,,,4.49
Groww Nifty 500 Momentum 50 ETF,INF666M01KJ4,153452,commodity,Commodities: Silver,Equity,Bajaj Finance,Financial,31.57,,,4.45
Groww Nifty 500 Momentum 50 ETF,INF666M01KJ4,153452,commodity,Commodities: Silver,Equity,Bharti Airtel,Technology,43.19,,,4.26
Groww Nifty 500 Momentum 50 ETF,INF666M01KJ4,153452,commodity,Commodities: Silver,Equity,Mahindra & Mahindra,Consumer Discretionary,22.36,,,4.12
Groww Nifty 500 Momentum 50 ETF,INF666M01KJ4,153452,commodity,Commodities: Silver,Equity,Maruti Suzuki,Consumer Discretionary,28.73,,,3.87
Groww Nifty 500 Momentum 50 ETF,INF666M01KJ4,153452,commodity,Commodities: Silver,Equity,MCX,Financial,53.17,,,3.29
Groww Nifty 500 Momentum 50 ETF,INF666M01KJ4,153452,commodity,Commodities: Silver,Equity,TVS Motor,Consumer Discretionary,54.03,,,3.21
Groww Nifty 500 Momentum 50 ETF,INF666M01KJ4,153452,commodity,Commodities: Silver,Equity,Laurus Labs,Healthcare,86.1,,,3.05
Groww Nifty 500 Momentum 50 ETF,INF666M01KJ4,153452,commodity,Commodities: Silver,Equity,Cummins India,Industrials,68.6,,,3.03
Groww Nifty 500 Momentum 50 ETF,INF666M01KJ4,153452,commodity,Commodities: Silver,Equity,Interglobe Aviation,Industrials,,,,2.92
Groww Nifty 500 Momentum 50 ETF,INF666M01KJ4,153452,commodity,Commodities: Silver,Equity,Hero Motocorp,Consumer Discretionary,17.3,,,2.85
Groww Nifty 500 Momentum 50 ETF,INF666M01KJ4,153452,commodity,Commodities: Silver,Equity,The Federal Bank,Financial,18.3,,,2.57
Groww Nifty 500 Momentum 50 ETF,INF666M01KJ4,153452,commodity,Commodities: Silver,Equity,AU Small Fin Bank,Financial,29.3,,,2.55
Groww Nifty 500 Momentum 50 ETF,INF666M01KJ4,153452,commodity,Commodities: Silver,Equity,Muthoot Finance,Financial,11.82,,,2.39
Groww Nifty 500 Momentum 50 ETF,INF666M01KJ4,153452,commodity,Commodities: Silver,Equity,GE Vernova T&D,Industrials,111.6,,,2.22
Groww Nifty 500 Momentum 50 ETF,INF666M01KJ4,153452,commodity,Commodities: Silver,Equity,L&T Fin,Financial,24.11,,,1.88
Groww Nifty 500 Momentum 50 ETF,INF666M01KJ4,153452,commodity,Commodities: Silver,Equity,Canara Bank,Financial,6.8,,,1.82
Groww Nifty 500 Momentum 50 ETF,INF666M01KJ4,153452,commodity,Commodities: Silver,Equity,One97 Comm,Industrials,126.07,,,1.75
Groww Nifty 500 Momentum 50 ETF,INF666M01KJ4,153452,commodity,Commodities: Silver,Equity,Fortis Healthcare,Healthcare,69.79,,,1.73
Groww Nifty 500 Momentum 50 ETF,INF666M01KJ4,153452,commodity,Commodities: Silver,Equity,Cholamandalam Inv,Financial,27.55,,,1.72
Groww Nifty 500 Momentum 50 ETF,INF666M01KJ4,153452,commodity,Commodities: Silver,Equity,Max Financial,Financial,677.32,,,1.68
Groww Nifty 500 Momentum 50 ETF FoF Dir,INF666M01JX7,153453,commodity,Commodities: Silver,Equity,Groww Nifty 500 Momentum 50 ETF-G,Unspecified,,,,99.84
Groww Nifty Total Market Index Dir,INF666M01HM4,152092,commodity,Commodities: Silver,Equity,HDFC Bank,Financial,15.76,,,5.65
Groww Nifty Total Market Index Dir,INF666M01HM4,152092,commodity,Commodities: Silver,Equity,ICICI Bank,Financial,17.8,,,4.46
Groww Nifty Total Market Index Dir,INF666M01HM4,152092,commodity,Commodities: Silver,Equity,Reliance Ind,Energy & Utilities,22.25,,,4.43
Groww Nifty Total Market Index Dir,INF666M01HM4,152092,commodity,Commodities: Silver,Equity,Bharti Airtel,Technology,43.19,,,2.78
Groww Nifty Total Market Index Dir,INF666M01HM4,152092,commodity,Commodities: Silver,Equity,Larsen & Toubro,Industrials,35.92,,,2.37
Groww Nifty Total Market Index Dir,INF666M01HM4,152092,commodity,Commodities: Silver,Equity,Infosys,Technology,14.36,,,2.02
Groww Nifty Total Market Index Dir,INF666M01HM4,152092,commodity,Commodities: Silver,Equity,SBI,Financial,11.46,,,1.98
Groww Nifty Total Market Index Dir,INF666M01HM4,152092,commodity,Commodities: Silver,Equity,Axis Bank,Financial,15.95,,,1.83
Groww Nifty Total Market Index Dir,INF666M01HM4,152092,commodity,Commodities: Silver,Equity,Kotak Bank,Financial,20.63,,,1.4
Groww Nifty Total Market Index Dir,INF666M01HM4,152092,commodity,Commodities: Silver,Equity,ITC,Consumer Staples,17.56,,,1.37
Groww Nifty Total Market Index Dir,INF666M01HM4,152092,commodity,Commodities: Silver,Equity,Mahindra & Mahindra,Consumer Discretionary,22.36,,,1.35
Groww Nifty Total Market Index Dir,INF666M01HM4,152092,commodity,Commodities: Silver,Equity,Bajaj Finance,Financial,31.57,,,1.21
Groww Nifty Total Market Index Dir,INF666M01HM4,152092,commodity,Commodities: Silver,Equity,Tata Consultancy,Technology,15.33,,,1.14
Groww Nifty Total Market Index Dir,INF666M01HM4,152092,commodity,Commodities: Silver,Equity,Hindustan Unilever,Consumer Staples,34.14,,,0.95
Groww Nifty Total Market Index Dir,INF666M01HM4,152092,commodity,Commodities: Silver,Equity,Sun Pharmaceutical,Healthcare,38.15,,,0.94
Groww Nifty Total Market Index Dir,INF666M01HM4,152092,commodity,Commodities: Silver,Equity,NTPC,Energy & Utilities,13.09,,,0.91
Groww Nifty Total Market Index Dir,INF666M01HM4,152092,commodity,Commodities: Silver,Equity,Eternal,Technology,688.71,,,0.9
Groww Nifty Total Market Index Dir,INF666M01HM4,152092,commodity,Commodities: Silver,Equity,Maruti Suzuki,Consumer Discretionary,28.73,,,0.85
Groww Nifty Total Market Index Dir,INF666M01HM4,152092,commodity,Commodities: Silver,Equity,Tata Steel,Materials,22.91,,,0.85
Groww Nifty Total Market Index Dir,INF666M01HM4,152092,commodity,Commodities: Silver,Equity,BSE,Financial,65.73,,,0.84
Groww Nifty Total Market Index Dir,INF666M01HM4,152092,commodity,Commodities: Silver,Equity,Titan,Consumer Discretionary,77.17,,,0.83
Groww Nifty Total Market Index Dir,INF666M01HM4,152092,commodity,Commodities: Silver,Equity,Hindalco Ind,Materials,16.96,,,0.81
Groww Nifty Total Market Index Dir,INF666M01HM4,152092,commodity,Commodities: Silver,Equity,Bharat Electronics,Industrials,51.44,,,0.73
Groww Nifty Total Market Index Dir,INF666M01HM4,152092,commodity,Commodities: Silver,Equity,Ultratech Cement,Materials,40.9,,,0.67
Groww Nifty Total Market Index Dir,INF666M01HM4,152092,commodity,Commodities: Silver,Equity,Adani Ports,Industrials,33.02,,,0.66
HDFC BSE 500 ETF,INF179KC1EZ4,151376,commodity,Commodities: Silver,Equity,HDFC Bank,Financial,15.78,,,6.03
HDFC BSE 500 ETF,INF179KC1EZ4,151376,commodity,Commodities: Silver,Equity,ICICI Bank,Financial,17.81,,,4.78
HDFC BSE 500 ETF,INF179KC1EZ4,151376,commodity,Commodities: Silver,Equity,Reliance Ind,Energy & Utilities,22.25,,,4.75
HDFC BSE 500 ETF,INF179KC1EZ4,151376,commodity,Commodities: Silver,Equity,Bharti Airtel,Technology,43.1,,,2.77
HDFC BSE 500 ETF,INF179KC1EZ4,151376,commodity,Commodities: Silver,Equity,Larsen & Toubro,Industrials,35.91,,,2.53
HDFC BSE 500 ETF,INF179KC1EZ4,151376,commodity,Commodities: Silver,Equity,Infosys,Technology,14.37,,,2.15
HDFC BSE 500 ETF,INF179KC1EZ4,151376,commodity,Commodities: Silver,Equity,SBI,Financial,11.45,,,2.13
HDFC BSE 500 ETF,INF179KC1EZ4,151376,commodity,Commodities: Silver,Equity,Axis Bank,Financial,15.94,,,1.96
HDFC BSE 500 ETF,INF179KC1EZ4,151376,commodity,Commodities: Silver,Equity,Kotak Bank,Financial,20.59,,,1.51
HDFC BSE 500 ETF,INF179KC1EZ4,151376,commodity,Commodities: Silver,Equity,ITC,Consumer Staples,17.57,,,1.47
HDFC BSE 500 ETF,INF179KC1EZ4,151376,commodity,Commodities: Silver,Equity,Mahindra & Mahindra,Consumer Discretionary,22.42,,,1.44
HDFC BSE 500 ETF,INF179KC1EZ4,151376,commodity,Commodities: Silver,Equity,Bajaj Finance,Financial,31.57,,,1.29
HDFC BSE 500 ETF,INF179KC1EZ4,151376,commodity,Commodities: Silver,Equity,Tata Consultancy,Technology,15.26,,,1.21
HDFC BSE 500 ETF,INF179KC1EZ4,151376,commodity,Commodities: Silver,Equity,Sun Pharmaceutical,Healthcare,38.34,,,1.03
HDFC BSE 500 ETF,INF179KC1EZ4,151376,commodity,Commodities: Silver,Equity,Hindustan Unilever,Consumer Staples,34.17,,,1.02
HDFC BSE 500 ETF,INF179KC1EZ4,151376,commodity,Commodities: Silver,Equity,NTPC,Energy & Utilities,13.11,,,0.98
HDFC BSE 500 ETF,INF179KC1EZ4,151376,commodity,Commodities: Silver,Equity,Eternal,Technology,683.43,,,0.95
HDFC BSE 500 ETF,INF179KC1EZ4,151376,commodity,Commodities: Silver,Equity,Maruti Suzuki,Consumer Discretionary,28.71,,,0.92
HDFC BSE 500 ETF,INF179KC1EZ4,151376,commodity,Commodities: Silver,Equity,Tata Steel,Materials,22.9,,,0.91
HDFC BSE 500 ETF,INF179KC1EZ4,151376,commodity,Commodities: Silver,Equity,Titan,Consumer Discretionary,77.11,,,0.88
HDFC BSE 500 ETF,INF179KC1EZ4,151376,commodity,Commodities: Silver,Equity,Hindalco Ind,Materials,16.95,,,0.86
HDFC BSE 500 ETF,INF179KC1EZ4,151376,commodity,Commodities: Silver,Equity,Bharat Electronics,Industrials,51.51,,,0.78
HDFC BSE 500 ETF,INF179KC1EZ4,151376,commodity,Commodities: Silver,Equity,Ultratech Cement,Materials,40.92,,,0.72
HDFC BSE 500 ETF,INF179KC1EZ4,151376,commodity,Commodities: Silver,Equity,Adani Ports,Industrials,33.16,,,0.71
HDFC BSE 500 ETF,INF179KC1EZ4,151376,commodity,Commodities: Silver,Equity,Shriram Finance,Financial,23.5,,,0.7
HDFC BSE 500 Index Dir,INF179KC1GG9,151728,commodity,Commodities: Silver,Equity,HDFC Bank,Financial,15.76,,,6.02
HDFC BSE 500 Index Dir,INF179KC1GG9,151728,commodity,Commodities: Silver,Equity,ICICI Bank,Financial,17.8,,,4.77
HDFC BSE 500 Index Dir,INF179KC1GG9,151728,commodity,Commodities: Silver,Equity,Reliance Ind,Energy & Utilities,22.25,,,4.74
HDFC BSE 500 Index Dir,INF179KC1GG9,151728,commodity,Commodities: Silver,Equity,Bharti Airtel,Technology,43.19,,,2.77
HDFC BSE 500 Index Dir,INF179KC1GG9,151728,commodity,Commodities: Silver,Equity,Larsen & Toubro,Industrials,35.92,,,2.53
HDFC BSE 500 Index Dir,INF179KC1GG9,151728,commodity,Commodities: Silver,Equity,Infosys,Technology,14.36,,,2.14
HDFC BSE 500 Index Dir,INF179KC1GG9,151728,commodity,Commodities: Silver,Equity,SBI,Financial,11.46,,,2.12
HDFC BSE 500 Index Dir,INF179KC1GG9,151728,commodity,Commodities: Silver,Equity,Axis Bank,Financial,15.95,,,1.95
HDFC BSE 500 Index Dir,INF179KC1GG9,151728,commodity,Commodities: Silver,Equity,Kotak Bank,Financial,20.63,,,1.5
HDFC BSE 500 Index Dir,INF179KC1GG9,151728,commodity,Commodities: Silver,Equity,ITC,Consumer Staples,17.56,,,1.47
HDFC BSE 500 Index Dir,INF179KC1GG9,151728,commodity,Commodities: Silver,Equity,Mahindra & Mahindra,Consumer Discretionary,22.36,,,1.44
HDFC BSE 500 Index Dir,INF179KC1GG9,151728,commodity,Commodities: Silver,Equity,Bajaj Finance,Financial,31.57,,,1.28
HDFC BSE 500 Index Dir,INF179KC1GG9,151728,commodity,Commodities: Silver,Equity,Tata Consultancy,Technology,15.33,,,1.21
HDFC BSE 500 Index Dir,INF179KC1GG9,151728,commodity,Commodities: Silver,Equity,Sun Pharmaceutical,Healthcare,38.15,,,1.03
HDFC BSE 500 Index Dir,INF179KC1GG9,151728,commodity,Commodities: Silver,Equity,Hindustan Unilever,Consumer Staples,34.14,,,1.02
HDFC BSE 500 Index Dir,INF179KC1GG9,151728,commodity,Commodities: Silver,Equity,NTPC,Energy & Utilities,13.09,,,0.97
HDFC BSE 500 Index Dir,INF179KC1GG9,151728,commodity,Commodities: Silver,Equity,Eternal,Technology,688.71,,,0.95
HDFC BSE 500 Index Dir,INF179KC1GG9,151728,commodity,Commodities: Silver,Equity,Maruti Suzuki,Consumer Discretionary,28.73,,,0.92
HDFC BSE 500 Index Dir,INF179KC1GG9,151728,commodity,Commodities: Silver,Equity,Tata Steel,Materials,22.91,,,0.91
HDFC BSE 500 Index Dir,INF179KC1GG9,151728,commodity,Commodities: Silver,Equity,Titan,Consumer Discretionary,77.17,,,0.88
HDFC BSE 500 Index Dir,INF179KC1GG9,151728,commodity,Commodities: Silver,Equity,Hindalco Ind,Materials,16.96,,,0.86
HDFC BSE 500 Index Dir,INF179KC1GG9,151728,commodity,Commodities: Silver,Equity,Bharat Electronics,Industrials,51.44,,,0.78
HDFC BSE 500 Index Dir,INF179KC1GG9,151728,commodity,Commodities: Silver,Equity,Ultratech Cement,Materials,40.9,,,0.72
HDFC BSE 500 Index Dir,INF179KC1GG9,151728,commodity,Commodities: Silver,Equity,Adani Ports,Industrials,33.02,,,0.71
HDFC BSE 500 Index Dir,INF179KC1GG9,151728,commodity,Commodities: Silver,Equity,Power Grid,Energy & Utilities,17.02,,,0.7
HDFC Diversified Equity All Cap Active FoF Dir,INF179KC1JU4,153860,commodity,Commodities: Silver,Equity,HDFC Large Cap Direct-G,Unspecified,,,,32.69
HDFC Diversified Equity All Cap Active FoF Dir,INF179KC1JU4,153860,commodity,Commodities: Silver,Equity,HDFC Flexi Cap Direct-G,Unspecified,,,,25.82
HDFC Diversified Equity All Cap Active FoF Dir,INF179KC1JU4,153860,commodity,Commodities: Silver,Equity,HDFC Large and Mid Cap Direct-G,Unspecified,,,,15.19
HDFC Diversified Equity All Cap Active FoF Dir,INF179KC1JU4,153860,commodity,Commodities: Silver,Equity,HDFC Small Cap Direct-G,Unspecified,,,,12.9
HDFC Diversified Equity All Cap Active FoF Dir,INF179KC1JU4,153860,commodity,Commodities: Silver,Equity,HDFC Multi Cap Direct-G,Unspecified,,,,9.69
HDFC Flexi Cap Dir,INF179K01UT0,118955,commodity,Commodities: Silver,Equity,ICICI Bank,Financial,17.8,,,8.83
HDFC Flexi Cap Dir,INF179K01UT0,118955,commodity,Commodities: Silver,Equity,Axis Bank,Financial,15.95,,,6.84
HDFC Flexi Cap Dir,INF179K01UT0,118955,commodity,Commodities: Silver,Equity,HDFC Bank,Financial,15.76,,,6.48
HDFC Flexi Cap Dir,INF179K01UT0,118955,commodity,Commodities: Silver,Equity,SBI,Financial,11.46,,,4.22
HDFC Flexi Cap Dir,INF179K01UT0,118955,commodity,Commodities: Silver,Equity,SBI Life Insurance,Financial,126.08,,,3.76
HDFC Flexi Cap Dir,INF179K01UT0,118955,commodity,Commodities: Silver,Equity,Larsen & Toubro,Industrials,35.92,,,3.55
HDFC Flexi Cap Dir,INF179K01UT0,118955,commodity,Commodities: Silver,Equity,Kotak Bank,Financial,20.63,,,3.43
HDFC Flexi Cap Dir,INF179K01UT0,118955,commodity,Commodities: Silver,Equity,Bharti Airtel,Technology,43.19,,,2.96
HDFC Flexi Cap Dir,INF179K01UT0,118955,commodity,Commodities: Silver,Equity,Maruti Suzuki,Consumer Discretionary,28.73,,,2.91
HDFC Flexi Cap Dir,INF179K01UT0,118955,commodity,Commodities: Silver,Equity,Cipla,Healthcare,28.21,,,2.89
HDFC Flexi Cap Dir,INF179K01UT0,118955,commodity,Commodities: Silver,Equity,Interglobe Aviation,Industrials,,,,2.79
HDFC Flexi Cap Dir,INF179K01UT0,118955,commodity,Commodities: Silver,Equity,Eternal,Technology,688.71,,,2.73
HDFC Flexi Cap Dir,INF179K01UT0,118955,commodity,Commodities: Silver,Equity,Power Grid,Energy & Utilities,17.02,,,2.51
HDFC Flexi Cap Dir,INF179K01UT0,118955,commodity,Commodities: Silver,Equity,HCL Technologies,Technology,18.25,,,2.47
HDFC Flexi Cap Dir,INF179K01UT0,118955,commodity,Commodities: Silver,Equity,Eicher Motors,Consumer Discretionary,37.69,,,2.46
HDFC Flexi Cap Dir,INF179K01UT0,118955,commodity,Commodities: Silver,Equity,Reliance Ind,Energy & Utilities,22.25,,,2.01
HDFC Flexi Cap Dir,INF179K01UT0,118955,commodity,Commodities: Silver,Equity,Bajaj Auto,Consumer Discretionary,26.01,,,1.78
HDFC Flexi Cap Dir,INF179K01UT0,118955,commodity,Commodities: Silver,Equity,JSW Steel,Materials,14.11,,,1.72
HDFC Flexi Cap Dir,INF179K01UT0,118955,commodity,Commodities: Silver,Equity,Hyundai Motor India,Consumer Discretionary,29.58,,,1.7
HDFC Flexi Cap Dir,INF179K01UT0,118955,commodity,Commodities: Silver,Equity,Piramal Pharma,Healthcare,,,,1.53
HDFC Flexi Cap Dir,INF179K01UT0,118955,commodity,Commodities: Silver,Equity,Max Healthcare,Healthcare,73.57,,,1.38
HDFC Flexi Cap Dir,INF179K01UT0,118955,commodity,Commodities: Silver,Equity,Infosys,Technology,14.36,,,1.32
HDFC Flexi Cap Dir,INF179K01UT0,118955,commodity,Commodities: Silver,Equity,Tata Steel,Materials,22.91,,,1.3
HDFC Flexi Cap Dir,INF179K01UT0,118955,commodity,Commodities: Silver,Equity,Persistent Systems,Technology,40.32,,,1.25
HDFC Flexi Cap Dir,INF179K01UT0,118955,commodity,Commodities: Silver,Equity,Divi's Lab,Healthcare,69.75,,,1.18
HDFC Focused Dir,INF179K01CJ3,107581,commodity,Commodities: Silver,Equity,ICICI Bank,Financial,17.8,,,9.01
HDFC Focused Dir,INF179K01CJ3,107581,commodity,Commodities: Silver,Equity,HDFC Bank,Financial,15.76,,,8.14
HDFC Focused Dir,INF179K01CJ3,107581,commodity,Commodities: Silver,Equity,Axis Bank,Financial,15.95,,,7.4
HDFC Focused Dir,INF179K01CJ3,107581,commodity,Commodities: Silver,Equity,Kotak Bank,Financial,20.63,,,5.56
HDFC Focused Dir,INF179K01CJ3,107581,commodity,Commodities: Silver,Equity,SBI,Financial,11.46,,,5.22
HDFC Focused Dir,INF179K01CJ3,107581,commodity,Commodities: Silver,Equity,HCL Technologies,Technology,18.25,,,3.86
HDFC Focused Dir,INF179K01CJ3,107581,commodity,Commodities: Silver,Equity,Cipla,Healthcare,28.21,,,3.75
HDFC Focused Dir,INF179K01CJ3,107581,commodity,Commodities: Silver,Equity,Maruti Suzuki,Consumer Discretionary,28.73,,,3.7
HDFC Focused Dir,INF179K01CJ3,107581,commodity,Commodities: Silver,Equity,Eternal,Technology,688.71,,,3.67
HDFC Focused Dir,INF179K01CJ3,107581,commodity,Commodities: Silver,Equity,SBI Life Insurance,Financial,126.08,,,3.62
HDFC Focused Dir,INF179K01CJ3,107581,commodity,Commodities: Silver,Equity,Interglobe Aviation,Industrials,,,,3.4
HDFC Focused Dir,INF179K01CJ3,107581,commodity,Commodities: Silver,Equity,Bharti Airtel,Technology,43.19,,,3.39
HDFC Focused Dir,INF179K01CJ3,107581,commodity,Commodities: Silver,Equity,Eicher Motors,Consumer Discretionary,37.69,,,3.29
HDFC Focused Dir,INF179K01CJ3,107581,commodity,Commodities: Silver,Equity,Power Grid,Energy & Utilities,17.02,,,3.01
HDFC Focused Dir,INF179K01CJ3,107581,commodity,Commodities: Silver,Equity,Tata Steel,Materials,22.91,,,2.55
HDFC Focused Dir,INF179K01CJ3,107581,commodity,Commodities: Silver,Equity,Havells India,Consumer Discretionary,43.78,,,2.42
HDFC Focused Dir,INF179K01CJ3,107581,commodity,Commodities: Silver,Equity,Karur Vysya Bank,Financial,11.2,,,2.08
HDFC Focused Dir,INF179K01CJ3,107581,commodity,Commodities: Silver,Equity,FSN E-Commerce,Consumer Discretionary,433.94,,,2.01
HDFC Focused Dir,INF179K01CJ3,107581,commodity,Commodities: Silver,Equity,Bosch,Consumer Discretionary,42.69,,,1.9
HDFC Focused Dir,INF179K01CJ3,107581,commodity,Commodities: Silver,Equity,Hyundai Motor India,Consumer Discretionary,29.58,,,1.88
HDFC Focused Dir,INF179K01CJ3,107581,commodity,Commodities: Silver,Equity,Chalet Hotels,Consumer Discretionary,26.8,,,1.67
HDFC Focused Dir,INF179K01CJ3,107581,commodity,Commodities: Silver,Equity,Amber Enterprises,Consumer Discretionary,157.13,,,1.51
HDFC Focused Dir,INF179K01CJ3,107581,commodity,Commodities: Silver,Equity,Escorts Kubota,Industrials,13.1,,,1.48
HDFC Focused Dir,INF179K01CJ3,107581,commodity,Commodities: Silver,Equity,Metropolis Health,Healthcare,60.04,,,1.45
HDFC Focused Dir,INF179K01CJ3,107581,commodity,Commodities: Silver,Equity,Piramal Pharma,Healthcare,,,,1.42
HDFC Retirement Savings Equity Dir,INF179KB1MF0,136094,commodity,Commodities: Silver,Equity,HDFC Bank,Financial,15.76,,,6.88
HDFC Retirement Savings Equity Dir,INF179KB1MF0,136094,commodity,Commodities: Silver,Equity,ICICI Bank,Financial,17.8,,,6.79
HDFC Retirement Savings Equity Dir,INF179KB1MF0,136094,commodity,Commodities: Silver,Equity,Reliance Ind,Energy & Utilities,22.25,,,4.96
HDFC Retirement Savings Equity Dir,INF179KB1MF0,136094,commodity,Commodities: Silver,Equity,Axis Bank,Financial,15.95,,,4.64
HDFC Retirement Savings Equity Dir,INF179KB1MF0,136094,commodity,Commodities: Silver,Equity,Kotak Bank,Financial,20.63,,,4.04
HDFC Retirement Savings Equity Dir,INF179KB1MF0,136094,commodity,Commodities: Silver,Equity,Maruti Suzuki,Consumer Discretionary,28.73,,,3.12
HDFC Retirement Savings Equity Dir,INF179KB1MF0,136094,commodity,Commodities: Silver,Equity,SBI,Financial,11.46,,,2.9
HDFC Retirement Savings Equity Dir,INF179KB1MF0,136094,commodity,Commodities: Silver,Equity,Infosys,Technology,14.36,,,2.79
HDFC Retirement Savings Equity Dir,INF179KB1MF0,136094,commodity,Commodities: Silver,Equity,Bharti Airtel,Technology,43.19,,,2.75
HDFC Retirement Savings Equity Dir,INF179KB1MF0,136094,commodity,Commodities: Silver,Equity,Larsen & Toubro,Industrials,35.92,,,2.45
HDFC Retirement Savings Equity Dir,INF179KB1MF0,136094,commodity,Commodities: Silver,Equity,Tata Consultancy,Technology,15.33,,,2.37
HDFC Retirement Savings Equity Dir,INF179KB1MF0,136094,commodity,Commodities: Silver,Equity,Power Grid,Energy & Utilities,17.02,,,1.96
HDFC Retirement Savings Equity Dir,INF179KB1MF0,136094,commodity,Commodities: Silver,Equity,HCL Technologies,Technology,18.25,,,1.78
HDFC Retirement Savings Equity Dir,INF179KB1MF0,136094,commodity,Commodities: Silver,Equity,Dr. Lal Pathlabs,Healthcare,54.13,,,1.69
HDFC Retirement Savings Equity Dir,INF179KB1MF0,136094,commodity,Commodities: Silver,Equity,Eicher Motors,Consumer Discretionary,37.69,,,1.62
HDFC Retirement Savings Equity Dir,INF179KB1MF0,136094,commodity,Commodities: Silver,Equity,Max Financial,Financial,677.32,,,1.51
HDFC Retirement Savings Equity Dir,INF179KB1MF0,136094,commodity,Commodities: Silver,Equity,ICICI Lombard,Financial,36.79,,,1.48
HDFC Retirement Savings Equity Dir,INF179KB1MF0,136094,commodity,Commodities: Silver,Equity,NTPC,Energy & Utilities,13.09,,,1.45
HDFC Retirement Savings Equity Dir,INF179KB1MF0,136094,commodity,Commodities: Silver,Equity,ITC,Consumer Staples,17.56,,,1.42
HDFC Retirement Savings Equity Dir,INF179KB1MF0,136094,commodity,Commodities: Silver,Equity,Alkem Laboratories,Healthcare,27.79,,,1.32
HDFC Retirement Savings Equity Dir,INF179KB1MF0,136094,commodity,Commodities: Silver,Equity,Bajaj Auto,Consumer Discretionary,26.01,,,1.29
HDFC Retirement Savings Equity Dir,INF179KB1MF0,136094,commodity,Commodities: Silver,Equity,Jindal Steel,Materials,34.38,,,1.27
HDFC Retirement Savings Equity Dir,INF179KB1MF0,136094,commodity,Commodities: Silver,Equity,Havells India,Consumer Discretionary,43.78,,,1.24
HDFC Retirement Savings Equity Dir,INF179KB1MF0,136094,commodity,Commodities: Silver,Equity,Interglobe Aviation,Industrials,,,,1.16
HDFC Retirement Savings Equity Dir,INF179KB1MF0,136094,commodity,Commodities: Silver,Equity,HDFC Life,Financial,66.46,,,1.16
Helios Flexi Cap Dir,INF0R8701046,152135,commodity,Commodities: Silver,Equity,Adani Ports,Industrials,33.02,,,4.56
Helios Flexi Cap Dir,INF0R8701046,152135,commodity,Commodities: Silver,Equity,Eternal,Technology,688.71,,,3.73
Helios Flexi Cap Dir,INF0R8701046,152135,commodity,Commodities: Silver,Equity,ICICI Bank,Financial,17.8,,,3.59
Helios Flexi Cap Dir,INF0R8701046,152135,commodity,Commodities: Silver,Equity,Reliance Ind,Energy & Utilities,22.25,,,3.31
Helios Flexi Cap Dir,INF0R8701046,152135,commodity,Commodities: Silver,Equity,HDFC Bank,Financial,15.76,,,3.25
Helios Flexi Cap Dir,INF0R8701046,152135,commodity,Commodities: Silver,Equity,Bharti Airtel,Technology,43.19,,,2.66
Helios Flexi Cap Dir,INF0R8701046,152135,commodity,Commodities: Silver,Equity,Larsen & Toubro,Industrials,35.92,,,2.64
Helios Flexi Cap Dir,INF0R8701046,152135,commodity,Commodities: Silver,Equity,SBI,Financial,11.46,,,2.64
Helios Flexi Cap Dir,INF0R8701046,152135,commodity,Commodities: Silver,Equity,One97 Comm,Industrials,126.07,,,2.6
Helios Flexi Cap Dir,INF0R8701046,152135,commodity,Commodities: Silver,Equity,Bharat Electronics,Industrials,51.44,,,2.53
Helios Flexi Cap Dir,INF0R8701046,152135,commodity,Commodities: Silver,Equity,Cummins India,Industrials,68.6,,,2.44
Helios Flexi Cap Dir,INF0R8701046,152135,commodity,Commodities: Silver,Equity,Adani Enterprises,Materials,42.15,,,2.37
Helios Flexi Cap Dir,INF0R8701046,152135,commodity,Commodities: Silver,Equity,Bajaj Finance,Financial,31.57,,,2.33
Helios Flexi Cap Dir,INF0R8701046,152135,commodity,Commodities: Silver,Equity,MCX,Financial,53.17,,,2.17
Helios Flexi Cap Dir,INF0R8701046,152135,commodity,Commodities: Silver,Equity,BSE,Financial,65.73,,,2.13
Helios Flexi Cap Dir,INF0R8701046,152135,commodity,Commodities: Silver,Equity,ICICI Prudential Asset Management,Financial,50.08,,,2.06
Helios Flexi Cap Dir,INF0R8701046,152135,commodity,Commodities: Silver,Equity,Dixon Technologies,Consumer Discretionary,53.08,,,2.04
Helios Flexi Cap Dir,INF0R8701046,152135,commodity,Commodities: Silver,Equity,Kotak Bank,Financial,20.63,,,2.01
Helios Flexi Cap Dir,INF0R8701046,152135,commodity,Commodities: Silver,Equity,Syrma Sgs Tech,Technology,79.86,,,1.87
Helios Flexi Cap Dir,INF0R8701046,152135,commodity,Commodities: Silver,Equity,The Phoenix Mills,Real Estate,55.13,,,1.76
Helios Flexi Cap Dir,INF0R8701046,152135,commodity,Commodities: Silver,Equity,Hero Motocorp,Consumer Discretionary,17.3,,,1.72
Helios Flexi Cap Dir,INF0R8701046,152135,commodity,Commodities: Silver,Equity,Shriram Finance,Financial,23.5,,,1.68
Helios Flexi Cap Dir,INF0R8701046,152135,commodity,Commodities: Silver,Equity,Torrent Pharma,Healthcare,69.41,,,1.6
Helios Flexi Cap Dir,INF0R8701046,152135,commodity,Commodities: Silver,Equity,Solar,Materials,98.23,,,1.57
Helios Flexi Cap Dir,INF0R8701046,152135,commodity,Commodities: Silver,Equity,Ather Energy,Consumer Discretionary,,,,1.51
HSBC Flexi Cap Dir,INF336L01DH5,120046,commodity,Commodities: Silver,Equity,ICICI Bank,Financial,17.8,,,4.2
HSBC Flexi Cap Dir,INF336L01DH5,120046,commodity,Commodities: Silver,Equity,HDFC Bank,Financial,15.76,,,3.14
HSBC Flexi Cap Dir,INF336L01DH5,120046,commodity,Commodities: Silver,Equity,Reliance Ind,Energy & Utilities,22.25,,,2.85
HSBC Flexi Cap Dir,INF336L01DH5,120046,commodity,Commodities: Silver,Equity,MTAR Technologies,Industrials,273.32,,,2.73
HSBC Flexi Cap Dir,INF336L01DH5,120046,commodity,Commodities: Silver,Equity,TD Power Systems,Industrials,83.14,,,2.26
HSBC Flexi Cap Dir,INF336L01DH5,120046,commodity,Commodities: Silver,Equity,MCX,Financial,53.17,,,2.1
HSBC Flexi Cap Dir,INF336L01DH5,120046,commodity,Commodities: Silver,Equity,SBI,Financial,11.46,,,2.09
HSBC Flexi Cap Dir,INF336L01DH5,120046,commodity,Commodities: Silver,Equity,Samvardhana Motherson,Consumer Discretionary,39.79,,,2.01
HSBC Flexi Cap Dir,INF336L01DH5,120046,commodity,Commodities: Silver,Equity,Shriram Finance,Financial,23.5,,,1.96
HSBC Flexi Cap Dir,INF336L01DH5,120046,commodity,Commodities: Silver,Equity,Axis Bank,Financial,15.95,,,1.96
HSBC Flexi Cap Dir,INF336L01DH5,120046,commodity,Commodities: Silver,Equity,Hindalco Ind,Materials,16.96,,,1.82
HSBC Flexi Cap Dir,INF336L01DH5,120046,commodity,Commodities: Silver,Equity,The Karnataka Bank,Financial,7.94,,,1.79
HSBC Flexi Cap Dir,INF336L01DH5,120046,commodity,Commodities: Silver,Equity,Bharti Airtel,Technology,43.19,,,1.73
HSBC Flexi Cap Dir,INF336L01DH5,120046,commodity,Commodities: Silver,Equity,Varun Beverages,Consumer Staples,56.66,,,1.73
HSBC Flexi Cap Dir,INF336L01DH5,120046,commodity,Commodities: Silver,Equity,Tata Steel,Materials,22.91,,,1.73
HSBC Flexi Cap Dir,INF336L01DH5,120046,commodity,Commodities: Silver,Equity,PNB Housing Fin,Financial,11.37,,,1.72
HSBC Flexi Cap Dir,INF336L01DH5,120046,commodity,Commodities: Silver,Equity,GE Vernova T&D,Industrials,111.6,,,1.66
HSBC Flexi Cap Dir,INF336L01DH5,120046,commodity,Commodities: Silver,Equity,Jindal Steel,Materials,34.38,,,1.64
HSBC Flexi Cap Dir,INF336L01DH5,120046,commodity,Commodities: Silver,Equity,Coforge,Technology,41.51,,,1.64
HSBC Flexi Cap Dir,INF336L01DH5,120046,commodity,Commodities: Silver,Equity,Radico Khaitan,Consumer Staples,82.99,,,1.63
HSBC Flexi Cap Dir,INF336L01DH5,120046,commodity,Commodities: Silver,Equity,Infosys,Technology,14.36,,,1.59
HSBC Flexi Cap Dir,INF336L01DH5,120046,commodity,Commodities: Silver,Equity,Eternal,Technology,688.71,,,1.59
HSBC Flexi Cap Dir,INF336L01DH5,120046,commodity,Commodities: Silver,Equity,Wockhardt,Healthcare,152.64,,,1.54
HSBC Flexi Cap Dir,INF336L01DH5,120046,commodity,Commodities: Silver,Equity,NTPC,Energy & Utilities,13.09,,,1.52
HSBC Flexi Cap Dir,INF336L01DH5,120046,commodity,Commodities: Silver,Equity,Motilal Oswal Fin,Financial,30.6,,,1.44
HSBC Focused Dir,INF336L01NF4,140821,commodity,Commodities: Silver,Equity,ICICI Bank,Financial,17.8,,,7.71
HSBC Focused Dir,INF336L01NF4,140821,commodity,Commodities: Silver,Equity,HDFC Bank,Financial,15.76,,,6.65
HSBC Focused Dir,INF336L01NF4,140821,commodity,Commodities: Silver,Equity,Larsen & Toubro,Industrials,35.92,,,4.85
HSBC Focused Dir,INF336L01NF4,140821,commodity,Commodities: Silver,Equity,MCX,Financial,53.17,,,4.66
HSBC Focused Dir,INF336L01NF4,140821,commodity,Commodities: Silver,Equity,GE Vernova T&D,Industrials,111.6,,,4.6
HSBC Focused Dir,INF336L01NF4,140821,commodity,Commodities: Silver,Equity,Nippon Life AMC,Financial,49.33,,,4.59
HSBC Focused Dir,INF336L01NF4,140821,commodity,Commodities: Silver,Equity,Shriram Finance,Financial,23.5,,,4.51
HSBC Focused Dir,INF336L01NF4,140821,commodity,Commodities: Silver,Equity,Reliance Ind,Energy & Utilities,22.25,,,4.41
HSBC Focused Dir,INF336L01NF4,140821,commodity,Commodities: Silver,Equity,KEI,Industrials,57.97,,,4.23
HSBC Focused Dir,INF336L01NF4,140821,commodity,Commodities: Silver,Equity,Infosys,Technology,14.36,,,3.8
HSBC Focused Dir,INF336L01NF4,140821,commodity,Commodities: Silver,Equity,Shadowfax Technologies,Industrials,114.68,,,3.68
HSBC Focused Dir,INF336L01NF4,140821,commodity,Commodities: Silver,Equity,TVS Motor,Consumer Discretionary,54.03,,,3.4
HSBC Focused Dir,INF336L01NF4,140821,commodity,Commodities: Silver,Equity,Eternal,Technology,688.71,,,2.98
HSBC Focused Dir,INF336L01NF4,140821,commodity,Commodities: Silver,Equity,Mankind Pharma,Healthcare,52.33,,,2.97
HSBC Focused Dir,INF336L01NF4,140821,commodity,Commodities: Silver,Equity,Blue Star,Industrials,64.68,,,2.84
HSBC Focused Dir,INF336L01NF4,140821,commodity,Commodities: Silver,Equity,HDB Financial Services,Financial,22.99,,,2.78
HSBC Focused Dir,INF336L01NF4,140821,commodity,Commodities: Silver,Equity,Krishna Institute,Healthcare,132.36,,,2.71
HSBC Focused Dir,INF336L01NF4,140821,commodity,Commodities: Silver,Equity,Hindustan Unilever,Consumer Staples,34.14,,,2.56
HSBC Focused Dir,INF336L01NF4,140821,commodity,Commodities: Silver,Equity,ONGC,Energy & Utilities,7.42,,,2.37
HSBC Focused Dir,INF336L01NF4,140821,commodity,Commodities: Silver,Equity,TD Power Systems,Industrials,83.14,,,2.36
HSBC Focused Dir,INF336L01NF4,140821,commodity,Commodities: Silver,Equity,Swiggy,Technology,,,,2.3
HSBC Focused Dir,INF336L01NF4,140821,commodity,Commodities: Silver,Equity,Hyundai Motor India,Consumer Discretionary,29.58,,,2.29
HSBC Focused Dir,INF336L01NF4,140821,commodity,Commodities: Silver,Equity,RBL Bank,Financial,66.18,,,2.26
HSBC Focused Dir,INF336L01NF4,140821,commodity,Commodities: Silver,Equity,Kalyan Jewellers,Consumer Discretionary,29.33,,,2.11
HSBC Focused Dir,INF336L01NF4,140821,commodity,Commodities: Silver,Equity,Artemis Medicare,Healthcare,39.72,,,2.03
ICICI Pru BSE 500 ETF,INF109KC1V59,143247,commodity,Commodities: Silver,Equity,HDFC Bank,Financial,15.78,,,6.03
ICICI Pru BSE 500 ETF,INF109KC1V59,143247,commodity,Commodities: Silver,Equity,ICICI Bank,Financial,17.81,,,4.78
ICICI Pru BSE 500 ETF,INF109KC1V59,143247,commodity,Commodities: Silver,Equity,Reliance Ind,Energy & Utilities,22.25,,,4.75
ICICI Pru BSE 500 ETF,INF109KC1V59,143247,commodity,Commodities: Silver,Equity,Bharti Airtel,Technology,43.1,,,2.77
ICICI Pru BSE 500 ETF,INF109KC1V59,143247,commodity,Commodities: Silver,Equity,Larsen & Toubro,Industrials,35.91,,,2.53
ICICI Pru BSE 500 ETF,INF109KC1V59,143247,commodity,Commodities: Silver,Equity,Infosys,Technology,14.37,,,2.15
ICICI Pru BSE 500 ETF,INF109KC1V59,143247,commodity,Commodities: Silver,Equity,SBI,Financial,11.45,,,2.13
ICICI Pru BSE 500 ETF,INF109KC1V59,143247,commodity,Commodities: Silver,Equity,Axis Bank,Financial,15.94,,,1.96
ICICI Pru BSE 500 ETF,INF109KC1V59,143247,commodity,Commodities: Silver,Equity,Kotak Bank,Financial,20.59,,,1.5
ICICI Pru BSE 500 ETF,INF109KC1V59,143247,commodity,Commodities: Silver,Equity,ITC,Consumer Staples,17.57,,,1.47
ICICI Pru BSE 500 ETF,INF109KC1V59,143247,commodity,Commodities: Silver,Equity,Mahindra & Mahindra,Consumer Discretionary,22.42,,,1.44
ICICI Pru BSE 500 ETF,INF109KC1V59,143247,commodity,Commodities: Silver,Equity,Bajaj Finance,Financial,31.57,,,1.29
ICICI Pru BSE 500 ETF,INF109KC1V59,143247,commodity,Commodities: Silver,Equity,Tata Consultancy,Technology,15.26,,,1.21
ICICI Pru BSE 500 ETF,INF109KC1V59,143247,commodity,Commodities: Silver,Equity,Sun Pharmaceutical,Healthcare,38.34,,,1.03
ICICI Pru BSE 500 ETF,INF109KC1V59,143247,commodity,Commodities: Silver,Equity,Hindustan Unilever,Consumer Staples,34.17,,,1.02
ICICI Pru BSE 500 ETF,INF109KC1V59,143247,commodity,Commodities: Silver,Equity,NTPC,Energy & Utilities,13.11,,,0.98
ICICI Pru BSE 500 ETF,INF109KC1V59,143247,commodity,Commodities: Silver,Equity,Eternal,Technology,683.43,,,0.95
ICICI Pru BSE 500 ETF,INF109KC1V59,143247,commodity,Commodities: Silver,Equity,Maruti Suzuki,Consumer Discretionary,28.71,,,0.92
ICICI Pru BSE 500 ETF,INF109KC1V59,143247,commodity,Commodities: Silver,Equity,Tata Steel,Materials,22.9,,,0.91
ICICI Pru BSE 500 ETF,INF109KC1V59,143247,commodity,Commodities: Silver,Equity,Titan,Consumer Discretionary,77.11,,,0.88
ICICI Pru BSE 500 ETF,INF109KC1V59,143247,commodity,Commodities: Silver,Equity,Hindalco Ind,Materials,16.95,,,0.86
ICICI Pru BSE 500 ETF,INF109KC1V59,143247,commodity,Commodities: Silver,Equity,Bharat Electronics,Industrials,51.51,,,0.78
ICICI Pru BSE 500 ETF,INF109KC1V59,143247,commodity,Commodities: Silver,Equity,Ultratech Cement,Materials,40.92,,,0.72
ICICI Pru BSE 500 ETF,INF109KC1V59,143247,commodity,Commodities: Silver,Equity,Adani Ports,Industrials,33.16,,,0.71
ICICI Pru BSE 500 ETF,INF109KC1V59,143247,commodity,Commodities: Silver,Equity,Power Grid,Energy & Utilities,17.02,,,0.7
ICICI Pru BSE 500 ETF FOF Dir,INF109KC1V91,149331,commodity,Commodities: Silver,Equity,ICICI BSE500 ETF,Unspecified,,,,99.9
ICICI Pru Diversified Equity All Cap Active FoF Dir,INF109K1A468,154266,commodity,Commodities: Silver,Equity,ICICI Pru Large & Mid Cap Direct-G,Unspecified,,,,40.46
ICICI Pru Diversified Equity All Cap Active FoF Dir,INF109K1A468,154266,commodity,Commodities: Silver,Equity,ICICI Pru Large Cap Direct-G,Unspecified,,,,31.34
ICICI Pru Diversified Equity All Cap Active FoF Dir,INF109K1A468,154266,commodity,Commodities: Silver,Equity,ICICI Pru Smallcap Direct-G,Unspecified,,,,9.62
ICICI Pru Diversified Equity All Cap Active FoF Dir,INF109K1A468,154266,commodity,Commodities: Silver,Equity,ICICI Pru Multicap Direct-G,Unspecified,,,,9.25
ICICI Pru Diversified Equity All Cap Active FoF Dir,INF109K1A468,154266,commodity,Commodities: Silver,Equity,ICICI Pru Focused Equity Direct-G,Unspecified,,,,5.61
ICICI Pru Diversified Equity All Cap Omni FoF Dir,INF109KC1I49,148035,commodity,Commodities: Silver,Equity,ICICI Pru Focused Equity Direct-G,Unspecified,,,,48.34
ICICI Pru Diversified Equity All Cap Omni FoF Dir,INF109KC1I49,148035,commodity,Commodities: Silver,Equity,Bandhan Large & Mid Cap Direct-G,Unspecified,,,,7.68
ICICI Pru Diversified Equity All Cap Omni FoF Dir,INF109KC1I49,148035,commodity,Commodities: Silver,Equity,Helios Flexi Cap Direct-G,Unspecified,,,,7.44
ICICI Pru Diversified Equity All Cap Omni FoF Dir,INF109KC1I49,148035,commodity,Commodities: Silver,Equity,Parag Parikh Flexi Cap Direct-G,Unspecified,,,,6.37
ICICI Pru Diversified Equity All Cap Omni FoF Dir,INF109KC1I49,148035,commodity,Commodities: Silver,Equity,HDFC SML250 ETF,Unspecified,,,,5.45
ICICI Pru Diversified Equity All Cap Omni FoF Dir,INF109KC1I49,148035,commodity,Commodities: Silver,Equity,PGIM India Large Cap Direct-G,Unspecified,,,,5.15
ICICI Pru Diversified Equity All Cap Omni FoF Dir,INF109KC1I49,148035,commodity,Commodities: Silver,Equity,ICICI Pru Large Cap Direct-G,Unspecified,,,,4.78
ICICI Pru Diversified Equity All Cap Omni FoF Dir,INF109KC1I49,148035,commodity,Commodities: Silver,Equity,ICICI Pru Large & Mid Cap Direct-G,Unspecified,,,,4.17
ICICI Pru Diversified Equity All Cap Omni FoF Dir,INF109KC1I49,148035,commodity,Commodities: Silver,Equity,ICICI Pru Nifty Smallcap 250 Index Direct-G,Unspecified,,,,3.65
ICICI Pru Diversified Equity All Cap Omni FoF Dir,INF109KC1I49,148035,commodity,Commodities: Silver,Equity,ICICI MIDCAP150 ETF,Unspecified,,,,3.43
ICICI Pru Flexicap Dir,INF109KC1R14,148990,commodity,Commodities: Silver,Equity,TVS Motor,Consumer Discretionary,54.03,,,9.25
ICICI Pru Flexicap Dir,INF109KC1R14,148990,commodity,Commodities: Silver,Equity,Maruti Suzuki,Consumer Discretionary,28.73,,,6.74
ICICI Pru Flexicap Dir,INF109KC1R14,148990,commodity,Commodities: Silver,Equity,ICICI Bank,Financial,17.8,,,6.37
ICICI Pru Flexicap Dir,INF109KC1R14,148990,commodity,Commodities: Silver,Equity,Avenue Supermarts,Consumer Staples,93.91,,,4.09
ICICI Pru Flexicap Dir,INF109KC1R14,148990,commodity,Commodities: Silver,Equity,HDFC Bank,Financial,15.76,,,3.72
ICICI Pru Flexicap Dir,INF109KC1R14,148990,commodity,Commodities: Silver,Equity,Eternal,Technology,688.71,,,3.7
ICICI Pru Flexicap Dir,INF109KC1R14,148990,commodity,Commodities: Silver,Equity,Infosys,Technology,14.36,,,2.82
ICICI Pru Flexicap Dir,INF109KC1R14,148990,commodity,Commodities: Silver,Equity,R R Kabel,Industrials,52.31,,,2.62
ICICI Pru Flexicap Dir,INF109KC1R14,148990,commodity,Commodities: Silver,Equity,Axis Bank,Financial,15.95,,,2.51
ICICI Pru Flexicap Dir,INF109KC1R14,148990,commodity,Commodities: Silver,Equity,Samvardhana Motherson,Consumer Discretionary,39.79,,,2.4
ICICI Pru Flexicap Dir,INF109KC1R14,148990,commodity,Commodities: Silver,Equity,Larsen & Toubro,Industrials,35.92,,,2.35
ICICI Pru Flexicap Dir,INF109KC1R14,148990,commodity,Commodities: Silver,Equity,Ethos,Consumer Discretionary,67.87,,,2.29
ICICI Pru Flexicap Dir,INF109KC1R14,148990,commodity,Commodities: Silver,Equity,SBI,Financial,11.46,,,2.04
ICICI Pru Flexicap Dir,INF109KC1R14,148990,commodity,Commodities: Silver,Equity,Redtape,Consumer Discretionary,30.79,,,2.01
ICICI Pru Flexicap Dir,INF109KC1R14,148990,commodity,Commodities: Silver,Equity,Neuland Lab,Healthcare,61.01,,,2
ICICI Pru Flexicap Dir,INF109KC1R14,148990,commodity,Commodities: Silver,Equity,Azad Engineering,Industrials,101.92,,,1.96
ICICI Pru Flexicap Dir,INF109KC1R14,148990,commodity,Commodities: Silver,Equity,Interglobe Aviation,Industrials,,,,1.95
ICICI Pru Flexicap Dir,INF109KC1R14,148990,commodity,Commodities: Silver,Equity,Travel Food Services,Consumer Discretionary,40.1,,,1.94
ICICI Pru Flexicap Dir,INF109KC1R14,148990,commodity,Commodities: Silver,Equity,Sona BLW Precision,Consumer Discretionary,59.55,,,1.9
ICICI Pru Flexicap Dir,INF109KC1R14,148990,commodity,Commodities: Silver,Equity,PI,Materials,32.17,,,1.83
ICICI Pru Flexicap Dir,INF109KC1R14,148990,commodity,Commodities: Silver,Equity,PG Electroplast,Industrials,81.41,,,1.68
ICICI Pru Flexicap Dir,INF109KC1R14,148990,commodity,Commodities: Silver,Equity,Tata Motors,Industrials,48.67,,,1.51
ICICI Pru Flexicap Dir,INF109KC1R14,148990,commodity,Commodities: Silver,Equity,SBI Life Insurance,Financial,126.08,,,1.37
ICICI Pru Flexicap Dir,INF109KC1R14,148990,commodity,Commodities: Silver,Equity,Bharti Airtel,Technology,43.19,,,1.35
ICICI Pru Flexicap Dir,INF109KC1R14,148990,commodity,Commodities: Silver,Equity,Shadowfax Technologies,Industrials,114.68,,,1.31
ICICI Pru Focused Equity Dir,INF109K018N2,120722,commodity,Commodities: Silver,Equity,ICICI Bank,Financial,17.8,,,8.07
ICICI Pru Focused Equity Dir,INF109K018N2,120722,commodity,Commodities: Silver,Equity,Axis Bank,Financial,15.95,,,6.68
ICICI Pru Focused Equity Dir,INF109K018N2,120722,commodity,Commodities: Silver,Equity,TVS Motor,Consumer Discretionary,54.03,,,5.21
ICICI Pru Focused Equity Dir,INF109K018N2,120722,commodity,Commodities: Silver,Equity,HDFC Bank,Financial,15.76,,,4.95
ICICI Pru Focused Equity Dir,INF109K018N2,120722,commodity,Commodities: Silver,Equity,Adani Ports,Industrials,33.02,,,4.6
ICICI Pru Focused Equity Dir,INF109K018N2,120722,commodity,Commodities: Silver,Equity,Britannia Ind,Consumer Staples,49.34,,,4.26
ICICI Pru Focused Equity Dir,INF109K018N2,120722,commodity,Commodities: Silver,Equity,Bharti Airtel,Technology,43.19,,,3.7
ICICI Pru Focused Equity Dir,INF109K018N2,120722,commodity,Commodities: Silver,Equity,The Phoenix Mills,Real Estate,55.13,,,3.69
ICICI Pru Focused Equity Dir,INF109K018N2,120722,commodity,Commodities: Silver,Equity,Godrej Consumer,Consumer Staples,54.87,,,3.5
ICICI Pru Focused Equity Dir,INF109K018N2,120722,commodity,Commodities: Silver,Equity,Titan,Consumer Discretionary,77.17,,,3.3
ICICI Pru Focused Equity Dir,INF109K018N2,120722,commodity,Commodities: Silver,Equity,Hindustan Aero,Industrials,32.38,,,3.3
ICICI Pru Focused Equity Dir,INF109K018N2,120722,commodity,Commodities: Silver,Equity,Mphasis,Technology,22.9,,,3.23
ICICI Pru Focused Equity Dir,INF109K018N2,120722,commodity,Commodities: Silver,Equity,Sun Pharmaceutical,Healthcare,38.15,,,3.17
ICICI Pru Focused Equity Dir,INF109K018N2,120722,commodity,Commodities: Silver,Equity,Cholamandalam Inv,Financial,27.55,,,3.14
ICICI Pru Focused Equity Dir,INF109K018N2,120722,commodity,Commodities: Silver,Equity,HDFC AMC,Financial,40.56,,,3.11
ICICI Pru Focused Equity Dir,INF109K018N2,120722,commodity,Commodities: Silver,Equity,Max Healthcare,Healthcare,73.57,,,2.9
ICICI Pru Focused Equity Dir,INF109K018N2,120722,commodity,Commodities: Silver,Equity,Swiggy,Technology,,,,2.85
ICICI Pru Focused Equity Dir,INF109K018N2,120722,commodity,Commodities: Silver,Equity,The Indian Hotels,Consumer Discretionary,49.43,,,2.81
ICICI Pru Focused Equity Dir,INF109K018N2,120722,commodity,Commodities: Silver,Equity,PNB Housing Fin,Financial,11.37,,,2.74
ICICI Pru Focused Equity Dir,INF109K018N2,120722,commodity,Commodities: Silver,Equity,Trent,Consumer Discretionary,97.62,,,2.73
ICICI Pru Focused Equity Dir,INF109K018N2,120722,commodity,Commodities: Silver,Equity,Eternal,Technology,688.71,,,2.66
ICICI Pru Focused Equity Dir,INF109K018N2,120722,commodity,Commodities: Silver,Equity,Tata Motors Passenger Vehicles,Consumer Discretionary,1.61,,,2.58
ICICI Pru Focused Equity Dir,INF109K018N2,120722,commodity,Commodities: Silver,Equity,Info Edge (India),Technology,44.17,,,2.52
ICICI Pru Focused Equity Dir,INF109K018N2,120722,commodity,Commodities: Silver,Equity,Prestige Estates,Real Estate,53.65,,,2.41
ICICI Pru Focused Equity Dir,INF109K018N2,120722,commodity,Commodities: Silver,Equity,Infosys,Technology,14.36,,,2.41
ICICI Pru Nifty 500 Index Dir,INF109KC16Y3,153161,commodity,Commodities: Silver,Equity,HDFC Bank,Financial,15.76,,,5.88
ICICI Pru Nifty 500 Index Dir,INF109KC16Y3,153161,commodity,Commodities: Silver,Equity,ICICI Bank,Financial,17.8,,,4.64
ICICI Pru Nifty 500 Index Dir,INF109KC16Y3,153161,commodity,Commodities: Silver,Equity,Reliance Ind,Energy & Utilities,22.25,,,4.61
ICICI Pru Nifty 500 Index Dir,INF109KC16Y3,153161,commodity,Commodities: Silver,Equity,Bharti Airtel,Technology,43.19,,,2.9
ICICI Pru Nifty 500 Index Dir,INF109KC16Y3,153161,commodity,Commodities: Silver,Equity,Larsen & Toubro,Industrials,35.92,,,2.47
ICICI Pru Nifty 500 Index Dir,INF109KC16Y3,153161,commodity,Commodities: Silver,Equity,Infosys,Technology,14.36,,,2.1
ICICI Pru Nifty 500 Index Dir,INF109KC16Y3,153161,commodity,Commodities: Silver,Equity,SBI,Financial,11.46,,,2.07
ICICI Pru Nifty 500 Index Dir,INF109KC16Y3,153161,commodity,Commodities: Silver,Equity,Axis Bank,Financial,15.95,,,1.91
ICICI Pru Nifty 500 Index Dir,INF109KC16Y3,153161,commodity,Commodities: Silver,Equity,Kotak Bank,Financial,20.63,,,1.46
ICICI Pru Nifty 500 Index Dir,INF109KC16Y3,153161,commodity,Commodities: Silver,Equity,ITC,Consumer Staples,17.56,,,1.43
ICICI Pru Nifty 500 Index Dir,INF109KC16Y3,153161,commodity,Commodities: Silver,Equity,Mahindra & Mahindra,Consumer Discretionary,22.36,,,1.4
ICICI Pru Nifty 500 Index Dir,INF109KC16Y3,153161,commodity,Commodities: Silver,Equity,Bajaj Finance,Financial,31.57,,,1.25
ICICI Pru Nifty 500 Index Dir,INF109KC16Y3,153161,commodity,Commodities: Silver,Equity,Tata Consultancy,Technology,15.33,,,1.19
ICICI Pru Nifty 500 Index Dir,INF109KC16Y3,153161,commodity,Commodities: Silver,Equity,Hindustan Unilever,Consumer Staples,34.14,,,0.99
ICICI Pru Nifty 500 Index Dir,INF109KC16Y3,153161,commodity,Commodities: Silver,Equity,Sun Pharmaceutical,Healthcare,38.15,,,0.98
ICICI Pru Nifty 500 Index Dir,INF109KC16Y3,153161,commodity,Commodities: Silver,Equity,NTPC,Energy & Utilities,13.09,,,0.95
ICICI Pru Nifty 500 Index Dir,INF109KC16Y3,153161,commodity,Commodities: Silver,Equity,Eternal,Technology,688.71,,,0.93
ICICI Pru Nifty 500 Index Dir,INF109KC16Y3,153161,commodity,Commodities: Silver,Equity,Tata Steel,Materials,22.91,,,0.89
ICICI Pru Nifty 500 Index Dir,INF109KC16Y3,153161,commodity,Commodities: Silver,Equity,Maruti Suzuki,Consumer Discretionary,28.73,,,0.88
ICICI Pru Nifty 500 Index Dir,INF109KC16Y3,153161,commodity,Commodities: Silver,Equity,BSE,Financial,65.73,,,0.87
ICICI Pru Nifty 500 Index Dir,INF109KC16Y3,153161,commodity,Commodities: Silver,Equity,Titan,Consumer Discretionary,77.17,,,0.87
ICICI Pru Nifty 500 Index Dir,INF109KC16Y3,153161,commodity,Commodities: Silver,Equity,Hindalco Ind,Materials,16.96,,,0.84
ICICI Pru Nifty 500 Index Dir,INF109KC16Y3,153161,commodity,Commodities: Silver,Equity,Bharat Electronics,Industrials,51.44,,,0.76
ICICI Pru Nifty 500 Index Dir,INF109KC16Y3,153161,commodity,Commodities: Silver,Equity,Ultratech Cement,Materials,40.9,,,0.7
ICICI Pru Nifty 500 Index Dir,INF109KC16Y3,153161,commodity,Commodities: Silver,Equity,Adani Ports,Industrials,33.02,,,0.69
ICICI Pru Retirement Pure Equity Dir,INF109KC1TS2,146349,commodity,Commodities: Silver,Equity,HDFC Bank,Financial,15.76,,,5.74
ICICI Pru Retirement Pure Equity Dir,INF109KC1TS2,146349,commodity,Commodities: Silver,Equity,Reliance Ind,Energy & Utilities,22.25,,,4.14
ICICI Pru Retirement Pure Equity Dir,INF109KC1TS2,146349,commodity,Commodities: Silver,Equity,Hindustan Unilever,Consumer Staples,34.14,,,3.34
ICICI Pru Retirement Pure Equity Dir,INF109KC1TS2,146349,commodity,Commodities: Silver,Equity,Britannia Ind,Consumer Staples,49.34,,,2.47
ICICI Pru Retirement Pure Equity Dir,INF109KC1TS2,146349,commodity,Commodities: Silver,Equity,ICICI Bank,Financial,17.8,,,2.38
ICICI Pru Retirement Pure Equity Dir,INF109KC1TS2,146349,commodity,Commodities: Silver,Equity,Mahindra & Mahindra,Consumer Discretionary,22.36,,,2.27
ICICI Pru Retirement Pure Equity Dir,INF109KC1TS2,146349,commodity,Commodities: Silver,Equity,ABB India,Industrials,99.94,,,2.26
ICICI Pru Retirement Pure Equity Dir,INF109KC1TS2,146349,commodity,Commodities: Silver,Equity,Usha Martin,Materials,31.81,,,2.12
ICICI Pru Retirement Pure Equity Dir,INF109KC1TS2,146349,commodity,Commodities: Silver,Equity,Larsen & Toubro,Industrials,35.92,,,2.06
ICICI Pru Retirement Pure Equity Dir,INF109KC1TS2,146349,commodity,Commodities: Silver,Equity,MCX,Financial,53.17,,,2.06
ICICI Pru Retirement Pure Equity Dir,INF109KC1TS2,146349,commodity,Commodities: Silver,Equity,Siemens Energy India,Energy & Utilities,103.2,,,1.97
ICICI Pru Retirement Pure Equity Dir,INF109KC1TS2,146349,commodity,Commodities: Silver,Equity,Ultratech Cement,Materials,40.9,,,1.9
ICICI Pru Retirement Pure Equity Dir,INF109KC1TS2,146349,commodity,Commodities: Silver,Equity,Apar,Diversified,64.77,,,1.86
ICICI Pru Retirement Pure Equity Dir,INF109KC1TS2,146349,commodity,Commodities: Silver,Equity,Bharti Airtel,Technology,43.19,,,1.86
ICICI Pru Retirement Pure Equity Dir,INF109KC1TS2,146349,commodity,Commodities: Silver,Equity,United Spirits,Consumer Staples,52.32,,,1.86
ICICI Pru Retirement Pure Equity Dir,INF109KC1TS2,146349,commodity,Commodities: Silver,Equity,Avenue Supermarts,Consumer Staples,93.91,,,1.7
ICICI Pru Retirement Pure Equity Dir,INF109KC1TS2,146349,commodity,Commodities: Silver,Equity,Tech Mahindra,Technology,28.24,,,1.68
ICICI Pru Retirement Pure Equity Dir,INF109KC1TS2,146349,commodity,Commodities: Silver,Equity,Hyundai Motor India,Consumer Discretionary,29.58,,,1.66
ICICI Pru Retirement Pure Equity Dir,INF109KC1TS2,146349,commodity,Commodities: Silver,Equity,Supreme,Materials,46.73,,,1.58
ICICI Pru Retirement Pure Equity Dir,INF109KC1TS2,146349,commodity,Commodities: Silver,Equity,UPL,Materials,26.77,,,1.52
ICICI Pru Retirement Pure Equity Dir,INF109KC1TS2,146349,commodity,Commodities: Silver,Equity,Sobha,Real Estate,78.36,,,1.49
ICICI Pru Retirement Pure Equity Dir,INF109KC1TS2,146349,commodity,Commodities: Silver,Equity,The Phoenix Mills,Real Estate,55.13,,,1.48
ICICI Pru Retirement Pure Equity Dir,INF109KC1TS2,146349,commodity,Commodities: Silver,Equity,Titan,Consumer Discretionary,77.17,,,1.4
ICICI Pru Retirement Pure Equity Dir,INF109KC1TS2,146349,commodity,Commodities: Silver,Equity,ITC,Consumer Staples,17.56,,,1.28
ICICI Pru Retirement Pure Equity Dir,INF109KC1TS2,146349,commodity,Commodities: Silver,Equity,BSE,Financial,65.73,,,1.24
Invesco India Flexi Cap Dir,INF205KA1494,149763,commodity,Commodities: Silver,Equity,ICICI Bank,Financial,17.8,,,5.93
Invesco India Flexi Cap Dir,INF205KA1494,149763,commodity,Commodities: Silver,Equity,Larsen & Toubro,Industrials,35.92,,,4.55
Invesco India Flexi Cap Dir,INF205KA1494,149763,commodity,Commodities: Silver,Equity,Interglobe Aviation,Industrials,,,,3.14
Invesco India Flexi Cap Dir,INF205KA1494,149763,commodity,Commodities: Silver,Equity,HDFC Bank,Financial,15.76,,,2.89
Invesco India Flexi Cap Dir,INF205KA1494,149763,commodity,Commodities: Silver,Equity,Cholamandalam Inv,Financial,27.55,,,2.8
Invesco India Flexi Cap Dir,INF205KA1494,149763,commodity,Commodities: Silver,Equity,BSE,Financial,65.73,,,2.78
Invesco India Flexi Cap Dir,INF205KA1494,149763,commodity,Commodities: Silver,Equity,Sai Life Sciences,Healthcare,73.86,,,2.72
Invesco India Flexi Cap Dir,INF205KA1494,149763,commodity,Commodities: Silver,Equity,Max Healthcare,Healthcare,73.57,,,2.57
Invesco India Flexi Cap Dir,INF205KA1494,149763,commodity,Commodities: Silver,Equity,Titan,Consumer Discretionary,77.17,,,2.53
Invesco India Flexi Cap Dir,INF205KA1494,149763,commodity,Commodities: Silver,Equity,Bajaj Finance,Financial,31.57,,,2.41
Invesco India Flexi Cap Dir,INF205KA1494,149763,commodity,Commodities: Silver,Equity,MCX,Financial,53.17,,,2.3
Invesco India Flexi Cap Dir,INF205KA1494,149763,commodity,Commodities: Silver,Equity,Trent,Consumer Discretionary,97.62,,,2.2
Invesco India Flexi Cap Dir,INF205KA1494,149763,commodity,Commodities: Silver,Equity,PB Fintech,Financial,111.92,,,2.16
Invesco India Flexi Cap Dir,INF205KA1494,149763,commodity,Commodities: Silver,Equity,Aditya Infotech,Technology,112.9,,,2.11
Invesco India Flexi Cap Dir,INF205KA1494,149763,commodity,Commodities: Silver,Equity,AU Small Fin Bank,Financial,29.3,,,1.99
Invesco India Flexi Cap Dir,INF205KA1494,149763,commodity,Commodities: Silver,Equity,Tata Motors,Industrials,48.67,,,1.92
Invesco India Flexi Cap Dir,INF205KA1494,149763,commodity,Commodities: Silver,Equity,HDFC AMC,Financial,40.56,,,1.9
Invesco India Flexi Cap Dir,INF205KA1494,149763,commodity,Commodities: Silver,Equity,Mahindra & Mahindra,Consumer Discretionary,22.36,,,1.82
Invesco India Flexi Cap Dir,INF205KA1494,149763,commodity,Commodities: Silver,Equity,Krishna Institute,Healthcare,132.36,,,1.8
Invesco India Flexi Cap Dir,INF205KA1494,149763,commodity,Commodities: Silver,Equity,Eternal,Technology,688.71,,,1.79
Invesco India Flexi Cap Dir,INF205KA1494,149763,commodity,Commodities: Silver,Equity,L&T Fin,Financial,24.11,,,1.79
Invesco India Flexi Cap Dir,INF205KA1494,149763,commodity,Commodities: Silver,Equity,TVS Motor,Consumer Discretionary,54.03,,,1.73
Invesco India Flexi Cap Dir,INF205KA1494,149763,commodity,Commodities: Silver,Equity,Bharti Airtel,Technology,43.19,,,1.66
Invesco India Flexi Cap Dir,INF205KA1494,149763,commodity,Commodities: Silver,Equity,Coforge,Technology,41.51,,,1.65
Invesco India Flexi Cap Dir,INF205KA1494,149763,commodity,Commodities: Silver,Equity,Persistent Systems,Technology,40.32,,,1.59
Invesco India Focused Dir,INF205K01NB2,140842,commodity,Commodities: Silver,Equity,ICICI Bank,Financial,17.8,,,8.94
Invesco India Focused Dir,INF205K01NB2,140842,commodity,Commodities: Silver,Equity,Larsen & Toubro,Industrials,35.92,,,7.8
Invesco India Focused Dir,INF205K01NB2,140842,commodity,Commodities: Silver,Equity,HDFC Bank,Financial,15.76,,,6.72
Invesco India Focused Dir,INF205K01NB2,140842,commodity,Commodities: Silver,Equity,Interglobe Aviation,Industrials,,,,5.78
Invesco India Focused Dir,INF205K01NB2,140842,commodity,Commodities: Silver,Equity,Nuvama Wealth Mgmt,Financial,30.23,,,5.27
Invesco India Focused Dir,INF205K01NB2,140842,commodity,Commodities: Silver,Equity,Coforge,Technology,41.51,,,5
Invesco India Focused Dir,INF205K01NB2,140842,commodity,Commodities: Silver,Equity,Hindustan Aero,Industrials,32.38,,,4.86
Invesco India Focused Dir,INF205K01NB2,140842,commodity,Commodities: Silver,Equity,Ather Energy,Consumer Discretionary,,,,4.43
Invesco India Focused Dir,INF205K01NB2,140842,commodity,Commodities: Silver,Equity,Persistent Systems,Technology,40.32,,,4.41
Invesco India Focused Dir,INF205K01NB2,140842,commodity,Commodities: Silver,Equity,Cholamandalam Inv,Financial,27.55,,,4.32
Invesco India Focused Dir,INF205K01NB2,140842,commodity,Commodities: Silver,Equity,Hitachi Energy,Industrials,164.47,,,4.3
Invesco India Focused Dir,INF205K01NB2,140842,commodity,Commodities: Silver,Equity,Dixon Technologies,Consumer Discretionary,53.08,,,4.08
Invesco India Focused Dir,INF205K01NB2,140842,commodity,Commodities: Silver,Equity,Eternal,Technology,688.71,,,4.01
Invesco India Focused Dir,INF205K01NB2,140842,commodity,Commodities: Silver,Equity,Delhivery,Industrials,225.47,,,3.97
Invesco India Focused Dir,INF205K01NB2,140842,commodity,Commodities: Silver,Equity,TVS Motor,Consumer Discretionary,54.03,,,3.84
Invesco India Focused Dir,INF205K01NB2,140842,commodity,Commodities: Silver,Equity,Global Health,Healthcare,60.89,,,3.68
Invesco India Focused Dir,INF205K01NB2,140842,commodity,Commodities: Silver,Equity,MCX,Financial,53.17,,,3.34
Invesco India Focused Dir,INF205K01NB2,140842,commodity,Commodities: Silver,Equity,BEML,Industrials,102.02,,,2.52
Invesco India Focused Dir,INF205K01NB2,140842,commodity,Commodities: Silver,Equity,The Phoenix Mills,Real Estate,55.13,,,2.41
Invesco India Focused Dir,INF205K01NB2,140842,commodity,Commodities: Silver,Equity,Century Textiles,Materials,,,,1.67
Invesco India Focused Dir,INF205K01NB2,140842,commodity,Commodities: Silver,Equity,Trent,Consumer Discretionary,97.62,,,1.51
Invesco India Focused Dir,INF205K01NB2,140842,commodity,Commodities: Silver,Equity,Cohance Lifesciences,Healthcare,86.74,,,1.44
Invesco India Focused Dir,INF205K01NB2,140842,commodity,Commodities: Silver,Equity,Prestige Estates,Real Estate,53.65,,,1.43
Invesco India Focused Dir,INF205K01NB2,140842,commodity,Commodities: Silver,Equity,TVS Motor Company Ltd Pref. Shares 6.00 01/09/2026,Consumer Discretionary,,,,0.02
ITI Flexi Cap Dir,INF00XX01CO7,151379,commodity,Commodities: Silver,Equity,HDFC Bank,Financial,15.76,,,4.48
ITI Flexi Cap Dir,INF00XX01CO7,151379,commodity,Commodities: Silver,Equity,ICICI Bank,Financial,17.8,,,4.25
ITI Flexi Cap Dir,INF00XX01CO7,151379,commodity,Commodities: Silver,Equity,Reliance Ind,Energy & Utilities,22.25,,,3.88
ITI Flexi Cap Dir,INF00XX01CO7,151379,commodity,Commodities: Silver,Equity,Bharti Airtel,Technology,43.19,,,2.61
ITI Flexi Cap Dir,INF00XX01CO7,151379,commodity,Commodities: Silver,Equity,Larsen & Toubro,Industrials,35.92,,,2.38
ITI Flexi Cap Dir,INF00XX01CO7,151379,commodity,Commodities: Silver,Equity,Aditya Infotech,Technology,112.9,,,2.04
ITI Flexi Cap Dir,INF00XX01CO7,151379,commodity,Commodities: Silver,Equity,SBI,Financial,11.46,,,2
ITI Flexi Cap Dir,INF00XX01CO7,151379,commodity,Commodities: Silver,Equity,Axis Bank,Financial,15.95,,,1.86
ITI Flexi Cap Dir,INF00XX01CO7,151379,commodity,Commodities: Silver,Equity,Wockhardt,Healthcare,152.64,,,1.79
ITI Flexi Cap Dir,INF00XX01CO7,151379,commodity,Commodities: Silver,Equity,NTPC,Energy & Utilities,13.09,,,1.72
ITI Flexi Cap Dir,INF00XX01CO7,151379,commodity,Commodities: Silver,Equity,KSH International,Industrials,54.51,,,1.72
ITI Flexi Cap Dir,INF00XX01CO7,151379,commodity,Commodities: Silver,Equity,MCX,Financial,53.17,,,1.7
ITI Flexi Cap Dir,INF00XX01CO7,151379,commodity,Commodities: Silver,Equity,Ather Energy,Consumer Discretionary,,,,1.65
ITI Flexi Cap Dir,INF00XX01CO7,151379,commodity,Commodities: Silver,Equity,VA Tech Wabag,Energy & Utilities,32.52,,,1.63
ITI Flexi Cap Dir,INF00XX01CO7,151379,commodity,Commodities: Silver,Equity,Cemindia Projects,Industrials,35.79,,,1.63
ITI Flexi Cap Dir,INF00XX01CO7,151379,commodity,Commodities: Silver,Equity,Apar,Diversified,64.77,,,1.55
ITI Flexi Cap Dir,INF00XX01CO7,151379,commodity,Commodities: Silver,Equity,Varun Beverages,Consumer Staples,56.66,,,1.54
ITI Flexi Cap Dir,INF00XX01CO7,151379,commodity,Commodities: Silver,Equity,Navin Fluorine,Materials,57.43,,,1.49
ITI Flexi Cap Dir,INF00XX01CO7,151379,commodity,Commodities: Silver,Equity,Sai Life Sciences,Healthcare,73.86,,,1.46
ITI Flexi Cap Dir,INF00XX01CO7,151379,commodity,Commodities: Silver,Equity,Hindustan Copper,Materials,53.21,,,1.46
ITI Flexi Cap Dir,INF00XX01CO7,151379,commodity,Commodities: Silver,Equity,Arvind,Consumer Discretionary,32.34,,,1.45
ITI Flexi Cap Dir,INF00XX01CO7,151379,commodity,Commodities: Silver,Equity,Divi's Lab,Healthcare,69.75,,,1.43
ITI Flexi Cap Dir,INF00XX01CO7,151379,commodity,Commodities: Silver,Equity,Kotak Bank,Financial,20.63,,,1.41
ITI Flexi Cap Dir,INF00XX01CO7,151379,commodity,Commodities: Silver,Equity,Linde India,Materials,111.86,,,1.4
ITI Flexi Cap Dir,INF00XX01CO7,151379,commodity,Commodities: Silver,Equity,ITC,Consumer Staples,17.56,,,1.37
ITI Focused Dir,INF00XX01DG8,148261,commodity,Commodities: Silver,Equity,Wockhardt,Healthcare,152.64,,,4.87
ITI Focused Dir,INF00XX01DG8,148261,commodity,Commodities: Silver,Equity,Solar,Materials,98.23,,,4.79
ITI Focused Dir,INF00XX01DG8,148261,commodity,Commodities: Silver,Equity,MCX,Financial,53.17,,,4.69
ITI Focused Dir,INF00XX01DG8,148261,commodity,Commodities: Silver,Equity,HDFC Bank,Financial,15.76,,,4.63
ITI Focused Dir,INF00XX01DG8,148261,commodity,Commodities: Silver,Equity,ICICI Bank,Financial,17.8,,,4.6
ITI Focused Dir,INF00XX01DG8,148261,commodity,Commodities: Silver,Equity,Reliance Ind,Energy & Utilities,22.25,,,4.24
ITI Focused Dir,INF00XX01DG8,148261,commodity,Commodities: Silver,Equity,Graphite India,Industrials,71.23,,,4.01
ITI Focused Dir,INF00XX01DG8,148261,commodity,Commodities: Silver,Equity,Fortis Healthcare,Healthcare,69.79,,,3.66
ITI Focused Dir,INF00XX01DG8,148261,commodity,Commodities: Silver,Equity,NLC India,Energy & Utilities,12.58,,,3.59
ITI Focused Dir,INF00XX01DG8,148261,commodity,Commodities: Silver,Equity,ZF Commercial,Consumer Discretionary,58.16,,,3.58
ITI Focused Dir,INF00XX01DG8,148261,commodity,Commodities: Silver,Equity,SBI,Financial,11.46,,,3.49
ITI Focused Dir,INF00XX01DG8,148261,commodity,Commodities: Silver,Equity,Tata Consumer,Consumer Staples,71.05,,,3.18
ITI Focused Dir,INF00XX01DG8,148261,commodity,Commodities: Silver,Equity,Bharti Airtel,Technology,43.19,,,3.05
ITI Focused Dir,INF00XX01DG8,148261,commodity,Commodities: Silver,Equity,AIA Engineering,Industrials,34.68,,,3.03
ITI Focused Dir,INF00XX01DG8,148261,commodity,Commodities: Silver,Equity,KRN Heat Exchanger And Refrigeration,Industrials,106.15,,,3.02
ITI Focused Dir,INF00XX01DG8,148261,commodity,Commodities: Silver,Equity,Larsen & Toubro,Industrials,35.92,,,2.9
ITI Focused Dir,INF00XX01DG8,148261,commodity,Commodities: Silver,Equity,Shriram Finance,Financial,23.5,,,2.88
ITI Focused Dir,INF00XX01DG8,148261,commodity,Commodities: Silver,Equity,Ultratech Cement,Materials,40.9,,,2.85
ITI Focused Dir,INF00XX01DG8,148261,commodity,Commodities: Silver,Equity,Varun Beverages,Consumer Staples,56.66,,,2.74
ITI Focused Dir,INF00XX01DG8,148261,commodity,Commodities: Silver,Equity,Sun Pharmaceutical,Healthcare,38.15,,,2.67
ITI Focused Dir,INF00XX01DG8,148261,commodity,Commodities: Silver,Equity,Anant Raj,Real Estate,33.71,,,2.58
ITI Focused Dir,INF00XX01DG8,148261,commodity,Commodities: Silver,Equity,Vedanta,Materials,6.75,,,2.56
ITI Focused Dir,INF00XX01DG8,148261,commodity,Commodities: Silver,Equity,Dixon Technologies,Consumer Discretionary,53.08,,,2.39
ITI Focused Dir,INF00XX01DG8,148261,commodity,Commodities: Silver,Equity,Maruti Suzuki,Consumer Discretionary,28.73,,,2.08
ITI Focused Dir,INF00XX01DG8,148261,commodity,Commodities: Silver,Equity,Cummins India,Industrials,68.6,,,1.96
JioBlackRock Flexi Cap Dir,INF22M001093,153859,commodity,Commodities: Silver,Equity,HDFC Bank,Financial,15.76,,,7.23
JioBlackRock Flexi Cap Dir,INF22M001093,153859,commodity,Commodities: Silver,Equity,ICICI Bank,Financial,17.8,,,5.59
JioBlackRock Flexi Cap Dir,INF22M001093,153859,commodity,Commodities: Silver,Equity,Bharti Airtel,Technology,43.19,,,4.22
JioBlackRock Flexi Cap Dir,INF22M001093,153859,commodity,Commodities: Silver,Equity,Reliance Ind,Energy & Utilities,22.25,,,3.15
JioBlackRock Flexi Cap Dir,INF22M001093,153859,commodity,Commodities: Silver,Equity,Larsen & Toubro,Industrials,35.92,,,3.12
JioBlackRock Flexi Cap Dir,INF22M001093,153859,commodity,Commodities: Silver,Equity,SBI,Financial,11.46,,,3.09
JioBlackRock Flexi Cap Dir,INF22M001093,153859,commodity,Commodities: Silver,Equity,Infosys,Technology,14.36,,,3.01
JioBlackRock Flexi Cap Dir,INF22M001093,153859,commodity,Commodities: Silver,Equity,Mahindra & Mahindra,Consumer Discretionary,22.36,,,2.84
JioBlackRock Flexi Cap Dir,INF22M001093,153859,commodity,Commodities: Silver,Equity,Tata Consultancy,Technology,15.33,,,2.2
JioBlackRock Flexi Cap Dir,INF22M001093,153859,commodity,Commodities: Silver,Equity,NTPC,Energy & Utilities,13.09,,,1.81
JioBlackRock Flexi Cap Dir,INF22M001093,153859,commodity,Commodities: Silver,Equity,Tata Steel,Materials,22.91,,,1.81
JioBlackRock Flexi Cap Dir,INF22M001093,153859,commodity,Commodities: Silver,Equity,Nestle India,Consumer Staples,77.1,,,1.8
JioBlackRock Flexi Cap Dir,INF22M001093,153859,commodity,Commodities: Silver,Equity,Titan,Consumer Discretionary,77.17,,,1.79
JioBlackRock Flexi Cap Dir,INF22M001093,153859,commodity,Commodities: Silver,Equity,MCX,Financial,53.17,,,1.69
JioBlackRock Flexi Cap Dir,INF22M001093,153859,commodity,Commodities: Silver,Equity,Indian Oil,Energy & Utilities,4.8,,,1.66
JioBlackRock Flexi Cap Dir,INF22M001093,153859,commodity,Commodities: Silver,Equity,Navin Fluorine,Materials,57.43,,,1.6
JioBlackRock Flexi Cap Dir,INF22M001093,153859,commodity,Commodities: Silver,Equity,Max Financial,Financial,677.32,,,1.51
JioBlackRock Flexi Cap Dir,INF22M001093,153859,commodity,Commodities: Silver,Equity,Dr. Lal Pathlabs,Healthcare,54.13,,,1.49
JioBlackRock Flexi Cap Dir,INF22M001093,153859,commodity,Commodities: Silver,Equity,Apollo Tyres,Consumer Discretionary,19.78,,,1.44
JioBlackRock Flexi Cap Dir,INF22M001093,153859,commodity,Commodities: Silver,Equity,ITC,Consumer Staples,17.56,,,1.42
JioBlackRock Flexi Cap Dir,INF22M001093,153859,commodity,Commodities: Silver,Equity,Eternal,Technology,688.71,,,1.34
JioBlackRock Flexi Cap Dir,INF22M001093,153859,commodity,Commodities: Silver,Equity,SAIL,Materials,21.99,,,1.33
JioBlackRock Flexi Cap Dir,INF22M001093,153859,commodity,Commodities: Silver,Equity,Polycab India,Industrials,56.42,,,1.33
JioBlackRock Flexi Cap Dir,INF22M001093,153859,commodity,Commodities: Silver,Equity,ICICI Prudential Asset Management,Financial,50.08,,,1.31
JioBlackRock Flexi Cap Dir,INF22M001093,153859,commodity,Commodities: Silver,Equity,Indraprastha Gas,Energy & Utilities,15.24,,,1.26
JM Flexicap Dir,INF192K01CC7,120492,commodity,Commodities: Silver,Equity,HDFC Bank,Financial,15.76,,,5.07
JM Flexicap Dir,INF192K01CC7,120492,commodity,Commodities: Silver,Equity,ICICI Bank,Financial,17.8,,,4.39
JM Flexicap Dir,INF192K01CC7,120492,commodity,Commodities: Silver,Equity,Godfrey Phillips,Consumer Staples,22.91,,,3.06
JM Flexicap Dir,INF192K01CC7,120492,commodity,Commodities: Silver,Equity,Larsen & Toubro,Industrials,35.92,,,2.79
JM Flexicap Dir,INF192K01CC7,120492,commodity,Commodities: Silver,Equity,Arvind,Consumer Discretionary,32.34,,,2.6
JM Flexicap Dir,INF192K01CC7,120492,commodity,Commodities: Silver,Equity,One97 Comm,Industrials,126.07,,,2.18
JM Flexicap Dir,INF192K01CC7,120492,commodity,Commodities: Silver,Equity,NTPC,Energy & Utilities,13.09,,,2.18
JM Flexicap Dir,INF192K01CC7,120492,commodity,Commodities: Silver,Equity,Garware Hi-Tech,Materials,46.36,,,2.12
JM Flexicap Dir,INF192K01CC7,120492,commodity,Commodities: Silver,Equity,Bharti Airtel,Technology,43.19,,,2.09
JM Flexicap Dir,INF192K01CC7,120492,commodity,Commodities: Silver,Equity,SBI,Financial,11.46,,,2.07
JM Flexicap Dir,INF192K01CC7,120492,commodity,Commodities: Silver,Equity,Maruti Suzuki,Consumer Discretionary,28.73,,,2.07
JM Flexicap Dir,INF192K01CC7,120492,commodity,Commodities: Silver,Equity,Infosys,Technology,14.36,,,1.93
JM Flexicap Dir,INF192K01CC7,120492,commodity,Commodities: Silver,Equity,Bharat Heavy Elect,Industrials,89.9,,,1.89
JM Flexicap Dir,INF192K01CC7,120492,commodity,Commodities: Silver,Equity,Shriram Finance,Financial,23.5,,,1.87
JM Flexicap Dir,INF192K01CC7,120492,commodity,Commodities: Silver,Equity,Apollo Hospitals,Healthcare,62.53,,,1.8
JM Flexicap Dir,INF192K01CC7,120492,commodity,Commodities: Silver,Equity,Reliance Ind,Energy & Utilities,22.25,,,1.73
JM Flexicap Dir,INF192K01CC7,120492,commodity,Commodities: Silver,Equity,Hero Motocorp,Consumer Discretionary,17.3,,,1.69
JM Flexicap Dir,INF192K01CC7,120492,commodity,Commodities: Silver,Equity,Bharat Forge,Consumer Discretionary,90.13,,,1.68
JM Flexicap Dir,INF192K01CC7,120492,commodity,Commodities: Silver,Equity,Divi's Lab,Healthcare,69.75,,,1.64
JM Flexicap Dir,INF192K01CC7,120492,commodity,Commodities: Silver,Equity,Tech Mahindra,Technology,28.24,,,1.58
JM Flexicap Dir,INF192K01CC7,120492,commodity,Commodities: Silver,Equity,Hindalco Ind,Materials,16.96,,,1.56
JM Flexicap Dir,INF192K01CC7,120492,commodity,Commodities: Silver,Equity,Dr. Reddy'S Labs,Healthcare,25.16,,,1.54
JM Flexicap Dir,INF192K01CC7,120492,commodity,Commodities: Silver,Equity,Axis Bank,Financial,15.95,,,1.52
JM Flexicap Dir,INF192K01CC7,120492,commodity,Commodities: Silver,Equity,ONGC,Energy & Utilities,7.42,,,1.51
JM Flexicap Dir,INF192K01CC7,120492,commodity,Commodities: Silver,Equity,Restaurant King,Consumer Discretionary,,,,1.44
JM Focused Dir,INF192K01HA5,104524,commodity,Commodities: Silver,Equity,Ujjivan SF Bank,Financial,16.13,,,5.21
JM Focused Dir,INF192K01HA5,104524,commodity,Commodities: Silver,Equity,Larsen & Toubro,Industrials,35.92,,,5.05
JM Focused Dir,INF192K01HA5,104524,commodity,Commodities: Silver,Equity,Amber Enterprises,Consumer Discretionary,157.13,,,4.93
JM Focused Dir,INF192K01HA5,104524,commodity,Commodities: Silver,Equity,Onesource Specialty Pharma,Healthcare,,,,4.3
JM Focused Dir,INF192K01HA5,104524,commodity,Commodities: Silver,Equity,Bajaj Finance,Financial,31.57,,,4.29
JM Focused Dir,INF192K01HA5,104524,commodity,Commodities: Silver,Equity,One97 Comm,Industrials,126.07,,,4.21
JM Focused Dir,INF192K01HA5,104524,commodity,Commodities: Silver,Equity,Premier Energies,Energy & Utilities,32.17,,,4.19
JM Focused Dir,INF192K01HA5,104524,commodity,Commodities: Silver,Equity,Adani Ports,Industrials,33.02,,,4.14
JM Focused Dir,INF192K01HA5,104524,commodity,Commodities: Silver,Equity,Eternal,Technology,688.71,,,4.14
JM Focused Dir,INF192K01HA5,104524,commodity,Commodities: Silver,Equity,IDFC First Bank,Financial,41.94,,,4.09
JM Focused Dir,INF192K01HA5,104524,commodity,Commodities: Silver,Equity,HDFC Bank,Financial,15.76,,,3.87
JM Focused Dir,INF192K01HA5,104524,commodity,Commodities: Silver,Equity,Eicher Motors,Consumer Discretionary,37.69,,,3.73
JM Focused Dir,INF192K01HA5,104524,commodity,Commodities: Silver,Equity,Tata Steel,Materials,22.91,,,3.66
JM Focused Dir,INF192K01HA5,104524,commodity,Commodities: Silver,Equity,Titan,Consumer Discretionary,77.17,,,3.58
JM Focused Dir,INF192K01HA5,104524,commodity,Commodities: Silver,Equity,Hindustan Aero,Industrials,32.38,,,3.55
JM Focused Dir,INF192K01HA5,104524,commodity,Commodities: Silver,Equity,Max Healthcare,Healthcare,73.57,,,3.5
JM Focused Dir,INF192K01HA5,104524,commodity,Commodities: Silver,Equity,Shriram Finance,Financial,23.5,,,3.4
JM Focused Dir,INF192K01HA5,104524,commodity,Commodities: Silver,Equity,JSW Energy,Energy & Utilities,46.76,,,3.2
JM Focused Dir,INF192K01HA5,104524,commodity,Commodities: Silver,Equity,Mphasis,Technology,22.9,,,3.14
JM Focused Dir,INF192K01HA5,104524,commodity,Commodities: Silver,Equity,Trent,Consumer Discretionary,97.62,,,3.11
JM Focused Dir,INF192K01HA5,104524,commodity,Commodities: Silver,Equity,Nippon Life AMC,Financial,49.33,,,2.98
JM Focused Dir,INF192K01HA5,104524,commodity,Commodities: Silver,Equity,Bharti Airtel,Technology,43.19,,,2.95
JM Focused Dir,INF192K01HA5,104524,commodity,Commodities: Silver,Equity,Linde India,Materials,111.86,,,2.7
JM Focused Dir,INF192K01HA5,104524,commodity,Commodities: Silver,Equity,Gravita India,Industrials,33.8,,,2.63
JM Focused Dir,INF192K01HA5,104524,commodity,Commodities: Silver,Equity,Tata Motors Passenger Vehicles,Consumer Discretionary,1.61,,,2.54
Kotak Flexicap Dir,INF174K01LN8,118992,commodity,Commodities: Silver,Equity,Bharat Electronics,Industrials,51.44,,,5.51
Kotak Flexicap Dir,INF174K01LN8,118992,commodity,Commodities: Silver,Equity,HDFC Bank,Financial,15.76,,,5.37
Kotak Flexicap Dir,INF174K01LN8,118992,commodity,Commodities: Silver,Equity,ICICI Bank,Financial,17.8,,,5.04
Kotak Flexicap Dir,INF174K01LN8,118992,commodity,Commodities: Silver,Equity,SBI,Financial,11.46,,,4.19
Kotak Flexicap Dir,INF174K01LN8,118992,commodity,Commodities: Silver,Equity,Jindal Steel,Materials,34.38,,,4.19
Kotak Flexicap Dir,INF174K01LN8,118992,commodity,Commodities: Silver,Equity,Larsen & Toubro,Industrials,35.92,,,3.94
Kotak Flexicap Dir,INF174K01LN8,118992,commodity,Commodities: Silver,Equity,Axis Bank,Financial,15.95,,,3.76
Kotak Flexicap Dir,INF174K01LN8,118992,commodity,Commodities: Silver,Equity,Solar,Materials,98.23,,,3.33
Kotak Flexicap Dir,INF174K01LN8,118992,commodity,Commodities: Silver,Equity,Eternal,Technology,688.71,,,3.2
Kotak Flexicap Dir,INF174K01LN8,118992,commodity,Commodities: Silver,Equity,SRF,Materials,43.91,,,3.1
Kotak Flexicap Dir,INF174K01LN8,118992,commodity,Commodities: Silver,Equity,Bharti Airtel,Technology,43.19,,,2.9
Kotak Flexicap Dir,INF174K01LN8,118992,commodity,Commodities: Silver,Equity,Ultratech Cement,Materials,40.9,,,2.88
Kotak Flexicap Dir,INF174K01LN8,118992,commodity,Commodities: Silver,Equity,Reliance Ind,Energy & Utilities,22.25,,,2.41
Kotak Flexicap Dir,INF174K01LN8,118992,commodity,Commodities: Silver,Equity,Bharat Forge,Consumer Discretionary,90.13,,,2.36
Kotak Flexicap Dir,INF174K01LN8,118992,commodity,Commodities: Silver,Equity,BSE,Financial,65.73,,,2.35
Kotak Flexicap Dir,INF174K01LN8,118992,commodity,Commodities: Silver,Equity,Interglobe Aviation,Industrials,,,,2.17
Kotak Flexicap Dir,INF174K01LN8,118992,commodity,Commodities: Silver,Equity,Zydus Lifesciences,Healthcare,21.36,,,2.06
Kotak Flexicap Dir,INF174K01LN8,118992,commodity,Commodities: Silver,Equity,Thermax,Industrials,77.7,,,1.98
Kotak Flexicap Dir,INF174K01LN8,118992,commodity,Commodities: Silver,Equity,Maruti Suzuki,Consumer Discretionary,28.73,,,1.92
Kotak Flexicap Dir,INF174K01LN8,118992,commodity,Commodities: Silver,Equity,Bajaj Finance,Financial,31.57,,,1.82
Kotak Flexicap Dir,INF174K01LN8,118992,commodity,Commodities: Silver,Equity,Hero Motocorp,Consumer Discretionary,17.3,,,1.79
Kotak Flexicap Dir,INF174K01LN8,118992,commodity,Commodities: Silver,Equity,AU Small Fin Bank,Financial,29.3,,,1.6
Kotak Flexicap Dir,INF174K01LN8,118992,commodity,Commodities: Silver,Equity,Hindalco Ind,Materials,16.96,,,1.54
Kotak Flexicap Dir,INF174K01LN8,118992,commodity,Commodities: Silver,Equity,Infosys,Technology,14.36,,,1.52
Kotak Flexicap Dir,INF174K01LN8,118992,commodity,Commodities: Silver,Equity,NTPC,Energy & Utilities,13.09,,,1.48
Kotak Focused Dir,INF174KA1CO3,147903,commodity,Commodities: Silver,Equity,HDFC Bank,Financial,15.76,,,5.8
Kotak Focused Dir,INF174KA1CO3,147903,commodity,Commodities: Silver,Equity,ICICI Bank,Financial,17.8,,,5.51
Kotak Focused Dir,INF174KA1CO3,147903,commodity,Commodities: Silver,Equity,Bharti Airtel,Technology,43.19,,,4.79
Kotak Focused Dir,INF174KA1CO3,147903,commodity,Commodities: Silver,Equity,Shriram Finance,Financial,23.5,,,4.66
Kotak Focused Dir,INF174KA1CO3,147903,commodity,Commodities: Silver,Equity,SBI,Financial,11.46,,,4.39
Kotak Focused Dir,INF174KA1CO3,147903,commodity,Commodities: Silver,Equity,Eternal,Technology,688.71,,,4.2
Kotak Focused Dir,INF174KA1CO3,147903,commodity,Commodities: Silver,Equity,Reliance Ind,Energy & Utilities,22.25,,,4.05
Kotak Focused Dir,INF174KA1CO3,147903,commodity,Commodities: Silver,Equity,KEI,Industrials,57.97,,,3.91
Kotak Focused Dir,INF174KA1CO3,147903,commodity,Commodities: Silver,Equity,Fortis Healthcare,Healthcare,69.79,,,3.87
Kotak Focused Dir,INF174KA1CO3,147903,commodity,Commodities: Silver,Equity,Bharat Electronics,Industrials,51.44,,,3.6
Kotak Focused Dir,INF174KA1CO3,147903,commodity,Commodities: Silver,Equity,NTPC,Energy & Utilities,13.09,,,3.35
Kotak Focused Dir,INF174KA1CO3,147903,commodity,Commodities: Silver,Equity,Radico Khaitan,Consumer Staples,82.99,,,3.08
Kotak Focused Dir,INF174KA1CO3,147903,commodity,Commodities: Silver,Equity,GE Vernova T&D,Industrials,111.6,,,3.04
Kotak Focused Dir,INF174KA1CO3,147903,commodity,Commodities: Silver,Equity,Axis Bank,Financial,15.95,,,3.03
Kotak Focused Dir,INF174KA1CO3,147903,commodity,Commodities: Silver,Equity,Maruti Suzuki,Consumer Discretionary,28.73,,,3
Kotak Focused Dir,INF174KA1CO3,147903,commodity,Commodities: Silver,Equity,Hero Motocorp,Consumer Discretionary,17.3,,,2.95
Kotak Focused Dir,INF174KA1CO3,147903,commodity,Commodities: Silver,Equity,BSE,Financial,65.73,,,2.84
Kotak Focused Dir,INF174KA1CO3,147903,commodity,Commodities: Silver,Equity,Ultratech Cement,Materials,40.9,,,2.82
Kotak Focused Dir,INF174KA1CO3,147903,commodity,Commodities: Silver,Equity,Astra Microwave,Technology,83.15,,,2.8
Kotak Focused Dir,INF174KA1CO3,147903,commodity,Commodities: Silver,Equity,Larsen & Toubro,Industrials,35.92,,,2.65
Kotak Focused Dir,INF174KA1CO3,147903,commodity,Commodities: Silver,Equity,Interglobe Aviation,Industrials,,,,2.64
Kotak Focused Dir,INF174KA1CO3,147903,commodity,Commodities: Silver,Equity,Divi's Lab,Healthcare,69.75,,,2.63
Kotak Focused Dir,INF174KA1CO3,147903,commodity,Commodities: Silver,Equity,Tech Mahindra,Technology,28.24,,,2.56
Kotak Focused Dir,INF174KA1CO3,147903,commodity,Commodities: Silver,Equity,Poonawalla Fincorp,Financial,68.48,,,2.45
Kotak Focused Dir,INF174KA1CO3,147903,commodity,Commodities: Silver,Equity,Krishna Institute,Healthcare,132.36,,,2.39
Kotak Nifty500 Momentum 50 Index Dir,INF174KA1YC8,154032,commodity,Commodities: Silver,Equity,Hindalco Ind,Materials,16.96,,,5.5
Kotak Nifty500 Momentum 50 Index Dir,INF174KA1YC8,154032,commodity,Commodities: Silver,Equity,BSE,Financial,65.73,,,4.84
Kotak Nifty500 Momentum 50 Index Dir,INF174KA1YC8,154032,commodity,Commodities: Silver,Equity,Eicher Motors,Consumer Discretionary,37.69,,,4.73
Kotak Nifty500 Momentum 50 Index Dir,INF174KA1YC8,154032,commodity,Commodities: Silver,Equity,Shriram Finance,Financial,23.5,,,4.69
Kotak Nifty500 Momentum 50 Index Dir,INF174KA1YC8,154032,commodity,Commodities: Silver,Equity,Asian Paints,Materials,60.52,,,4.49
Kotak Nifty500 Momentum 50 Index Dir,INF174KA1YC8,154032,commodity,Commodities: Silver,Equity,Bajaj Finance,Financial,31.57,,,4.45
Kotak Nifty500 Momentum 50 Index Dir,INF174KA1YC8,154032,commodity,Commodities: Silver,Equity,Bharti Airtel,Technology,43.19,,,4.25
Kotak Nifty500 Momentum 50 Index Dir,INF174KA1YC8,154032,commodity,Commodities: Silver,Equity,Mahindra & Mahindra,Consumer Discretionary,22.36,,,4.12
Kotak Nifty500 Momentum 50 Index Dir,INF174KA1YC8,154032,commodity,Commodities: Silver,Equity,Maruti Suzuki,Consumer Discretionary,28.73,,,3.87
Kotak Nifty500 Momentum 50 Index Dir,INF174KA1YC8,154032,commodity,Commodities: Silver,Equity,MCX,Financial,53.17,,,3.29
Kotak Nifty500 Momentum 50 Index Dir,INF174KA1YC8,154032,commodity,Commodities: Silver,Equity,TVS Motor,Consumer Discretionary,54.03,,,3.2
Kotak Nifty500 Momentum 50 Index Dir,INF174KA1YC8,154032,commodity,Commodities: Silver,Equity,Laurus Labs,Healthcare,86.1,,,3.05
Kotak Nifty500 Momentum 50 Index Dir,INF174KA1YC8,154032,commodity,Commodities: Silver,Equity,Cummins India,Industrials,68.6,,,3.03
Kotak Nifty500 Momentum 50 Index Dir,INF174KA1YC8,154032,commodity,Commodities: Silver,Equity,Interglobe Aviation,Industrials,,,,2.92
Kotak Nifty500 Momentum 50 Index Dir,INF174KA1YC8,154032,commodity,Commodities: Silver,Equity,Hero Motocorp,Consumer Discretionary,17.3,,,2.84
Kotak Nifty500 Momentum 50 Index Dir,INF174KA1YC8,154032,commodity,Commodities: Silver,Equity,The Federal Bank,Financial,18.3,,,2.57
Kotak Nifty500 Momentum 50 Index Dir,INF174KA1YC8,154032,commodity,Commodities: Silver,Equity,AU Small Fin Bank,Financial,29.3,,,2.55
Kotak Nifty500 Momentum 50 Index Dir,INF174KA1YC8,154032,commodity,Commodities: Silver,Equity,Muthoot Finance,Financial,11.82,,,2.39
Kotak Nifty500 Momentum 50 Index Dir,INF174KA1YC8,154032,commodity,Commodities: Silver,Equity,GE Vernova T&D,Industrials,111.6,,,2.22
Kotak Nifty500 Momentum 50 Index Dir,INF174KA1YC8,154032,commodity,Commodities: Silver,Equity,L&T Fin,Financial,24.11,,,1.88
Kotak Nifty500 Momentum 50 Index Dir,INF174KA1YC8,154032,commodity,Commodities: Silver,Equity,Canara Bank,Financial,6.8,,,1.82
Kotak Nifty500 Momentum 50 Index Dir,INF174KA1YC8,154032,commodity,Commodities: Silver,Equity,One97 Comm,Industrials,126.07,,,1.75
Kotak Nifty500 Momentum 50 Index Dir,INF174KA1YC8,154032,commodity,Commodities: Silver,Equity,Fortis Healthcare,Healthcare,69.79,,,1.73
Kotak Nifty500 Momentum 50 Index Dir,INF174KA1YC8,154032,commodity,Commodities: Silver,Equity,Cholamandalam Inv,Financial,27.55,,,1.72
Kotak Nifty500 Momentum 50 Index Dir,INF174KA1YC8,154032,commodity,Commodities: Silver,Equity,Max Financial,Financial,677.32,,,1.68
Kotak Nifty Alpha 50 ETF,INF174KA1IA5,149397,commodity,Commodities: Silver,Equity,GE Vernova T&D,Industrials,111.6,,,5.56
Kotak Nifty Alpha 50 ETF,INF174KA1IA5,149397,commodity,Commodities: Silver,Equity,Hitachi Energy,Industrials,164.47,,,4.46
Kotak Nifty Alpha 50 ETF,INF174KA1IA5,149397,commodity,Commodities: Silver,Equity,Hindustan Copper,Materials,53.21,,,3.95
Kotak Nifty Alpha 50 ETF,INF174KA1IA5,149397,commodity,Commodities: Silver,Equity,MCX,Financial,53.17,,,3.54
Kotak Nifty Alpha 50 ETF,INF174KA1IA5,149397,commodity,Commodities: Silver,Equity,Laurus Labs,Healthcare,86.1,,,3.32
Kotak Nifty Alpha 50 ETF,INF174KA1IA5,149397,commodity,Commodities: Silver,Equity,Aditya Birla,Financial,26.17,,,3.18
Kotak Nifty Alpha 50 ETF,INF174KA1IA5,149397,commodity,Commodities: Silver,Equity,RBL Bank,Financial,66.18,,,2.79
Kotak Nifty Alpha 50 ETF,INF174KA1IA5,149397,commodity,Commodities: Silver,Equity,L&T Fin,Financial,24.11,,,2.75
Kotak Nifty Alpha 50 ETF,INF174KA1IA5,149397,commodity,Commodities: Silver,Equity,Apar,Diversified,64.77,,,2.67
Kotak Nifty Alpha 50 ETF,INF174KA1IA5,149397,commodity,Commodities: Silver,Equity,Polycab India,Industrials,56.42,,,2.62
Kotak Nifty Alpha 50 ETF,INF174KA1IA5,149397,commodity,Commodities: Silver,Equity,National Aluminium,Materials,11.8,,,2.54
Kotak Nifty Alpha 50 ETF,INF174KA1IA5,149397,commodity,Commodities: Silver,Equity,Cummins India,Industrials,68.6,,,2.45
Kotak Nifty Alpha 50 ETF,INF174KA1IA5,149397,commodity,Commodities: Silver,Equity,Karur Vysya Bank,Financial,11.2,,,2.38
Kotak Nifty Alpha 50 ETF,INF174KA1IA5,149397,commodity,Commodities: Silver,Equity,BSE,Financial,65.73,,,2.3
Kotak Nifty Alpha 50 ETF,INF174KA1IA5,149397,commodity,Commodities: Silver,Equity,Canara Bank,Financial,6.8,,,2.23
Kotak Nifty Alpha 50 ETF,INF174KA1IA5,149397,commodity,Commodities: Silver,Equity,Max Financial,Financial,677.32,,,2.22
Kotak Nifty Alpha 50 ETF,INF174KA1IA5,149397,commodity,Commodities: Silver,Equity,Bharat Forge,Consumer Discretionary,90.13,,,2.18
Kotak Nifty Alpha 50 ETF,INF174KA1IA5,149397,commodity,Commodities: Silver,Equity,Ashok Leyland,Industrials,26.42,,,2.15
Kotak Nifty Alpha 50 ETF,INF174KA1IA5,149397,commodity,Commodities: Silver,Equity,Indian Bank,Financial,10.07,,,2.14
Kotak Nifty Alpha 50 ETF,INF174KA1IA5,149397,commodity,Commodities: Silver,Equity,Delhivery,Industrials,225.47,,,2.07
Kotak Nifty Alpha 50 ETF,INF174KA1IA5,149397,commodity,Commodities: Silver,Equity,AU Small Fin Bank,Financial,29.3,,,2.02
Kotak Nifty Alpha 50 ETF,INF174KA1IA5,149397,commodity,Commodities: Silver,Equity,Navin Fluorine,Materials,57.43,,,1.99
Kotak Nifty Alpha 50 ETF,INF174KA1IA5,149397,commodity,Commodities: Silver,Equity,The Federal Bank,Financial,18.3,,,1.97
Kotak Nifty Alpha 50 ETF,INF174KA1IA5,149397,commodity,Commodities: Silver,Equity,Glenmark Pharmaceuticals,Healthcare,45.49,,,1.94
Kotak Nifty Alpha 50 ETF,INF174KA1IA5,149397,commodity,Commodities: Silver,Equity,Bharat Electronics,Industrials,51.44,,,1.94
Kotak Nifty Alpha 50 Index Dir,INF174KA1XG1,153781,commodity,Commodities: Silver,Equity,GE Vernova T&D,Industrials,111.6,,,5.57
Kotak Nifty Alpha 50 Index Dir,INF174KA1XG1,153781,commodity,Commodities: Silver,Equity,Hitachi Energy,Industrials,164.47,,,4.49
Kotak Nifty Alpha 50 Index Dir,INF174KA1XG1,153781,commodity,Commodities: Silver,Equity,Hindustan Copper,Materials,53.21,,,3.96
Kotak Nifty Alpha 50 Index Dir,INF174KA1XG1,153781,commodity,Commodities: Silver,Equity,MCX,Financial,53.17,,,3.55
Kotak Nifty Alpha 50 Index Dir,INF174KA1XG1,153781,commodity,Commodities: Silver,Equity,Laurus Labs,Healthcare,86.1,,,3.33
Kotak Nifty Alpha 50 Index Dir,INF174KA1XG1,153781,commodity,Commodities: Silver,Equity,Aditya Birla,Financial,26.17,,,3.19
Kotak Nifty Alpha 50 Index Dir,INF174KA1XG1,153781,commodity,Commodities: Silver,Equity,RBL Bank,Financial,66.18,,,2.8
Kotak Nifty Alpha 50 Index Dir,INF174KA1XG1,153781,commodity,Commodities: Silver,Equity,L&T Fin,Financial,24.11,,,2.76
Kotak Nifty Alpha 50 Index Dir,INF174KA1XG1,153781,commodity,Commodities: Silver,Equity,Apar,Diversified,64.77,,,2.67
Kotak Nifty Alpha 50 Index Dir,INF174KA1XG1,153781,commodity,Commodities: Silver,Equity,Polycab India,Industrials,56.42,,,2.61
Kotak Nifty Alpha 50 Index Dir,INF174KA1XG1,153781,commodity,Commodities: Silver,Equity,National Aluminium,Materials,11.8,,,2.55
Kotak Nifty Alpha 50 Index Dir,INF174KA1XG1,153781,commodity,Commodities: Silver,Equity,Cummins India,Industrials,68.6,,,2.45
Kotak Nifty Alpha 50 Index Dir,INF174KA1XG1,153781,commodity,Commodities: Silver,Equity,Karur Vysya Bank,Financial,11.2,,,2.39
Kotak Nifty Alpha 50 Index Dir,INF174KA1XG1,153781,commodity,Commodities: Silver,Equity,BSE,Financial,65.73,,,2.31
Kotak Nifty Alpha 50 Index Dir,INF174KA1XG1,153781,commodity,Commodities: Silver,Equity,Canara Bank,Financial,6.8,,,2.24
Kotak Nifty Alpha 50 Index Dir,INF174KA1XG1,153781,commodity,Commodities: Silver,Equity,Max Financial,Financial,677.32,,,2.22
Kotak Nifty Alpha 50 Index Dir,INF174KA1XG1,153781,commodity,Commodities: Silver,Equity,Bharat Forge,Consumer Discretionary,90.13,,,2.19
Kotak Nifty Alpha 50 Index Dir,INF174KA1XG1,153781,commodity,Commodities: Silver,Equity,Ashok Leyland,Industrials,26.42,,,2.15
Kotak Nifty Alpha 50 Index Dir,INF174KA1XG1,153781,commodity,Commodities: Silver,Equity,Indian Bank,Financial,10.07,,,2.14
Kotak Nifty Alpha 50 Index Dir,INF174KA1XG1,153781,commodity,Commodities: Silver,Equity,Delhivery,Industrials,225.47,,,2.07
Kotak Nifty Alpha 50 Index Dir,INF174KA1XG1,153781,commodity,Commodities: Silver,Equity,AU Small Fin Bank,Financial,29.3,,,2.02
Kotak Nifty Alpha 50 Index Dir,INF174KA1XG1,153781,commodity,Commodities: Silver,Equity,Navin Fluorine,Materials,57.43,,,1.99
Kotak Nifty Alpha 50 Index Dir,INF174KA1XG1,153781,commodity,Commodities: Silver,Equity,The Federal Bank,Financial,18.3,,,1.97
Kotak Nifty Alpha 50 Index Dir,INF174KA1XG1,153781,commodity,Commodities: Silver,Equity,Glenmark Pharmaceuticals,Healthcare,45.49,,,1.94
Kotak Nifty Alpha 50 Index Dir,INF174KA1XG1,153781,commodity,Commodities: Silver,Equity,Bharat Electronics,Industrials,51.44,,,1.94
LIC MF Children's Dir,INF767K01FB1,120285,commodity,Commodities: Silver,Equity,Axis Bank,Financial,15.95,,,3.6
LIC MF Children's Dir,INF767K01FB1,120285,commodity,Commodities: Silver,Equity,HDFC Bank,Financial,15.76,,,2.99
LIC MF Children's Dir,INF767K01FB1,120285,commodity,Commodities: Silver,Equity,Larsen & Toubro,Industrials,35.92,,,2.76
LIC MF Children's Dir,INF767K01FB1,120285,commodity,Commodities: Silver,Equity,Onesource Specialty Pharma,Healthcare,,,,2.43
LIC MF Children's Dir,INF767K01FB1,120285,commodity,Commodities: Silver,Equity,SBI,Financial,11.46,,,2.4
LIC MF Children's Dir,INF767K01FB1,120285,commodity,Commodities: Silver,Equity,ICICI Bank,Financial,17.8,,,2.32
LIC MF Children's Dir,INF767K01FB1,120285,commodity,Commodities: Silver,Equity,Kotak Bank,Financial,20.63,,,2.27
LIC MF Children's Dir,INF767K01FB1,120285,commodity,Commodities: Silver,Equity,Neuland Lab,Healthcare,61.01,,,2.14
LIC MF Children's Dir,INF767K01FB1,120285,commodity,Commodities: Silver,Equity,Arvind Fashions,Consumer Discretionary,52.07,,,2.13
LIC MF Children's Dir,INF767K01FB1,120285,commodity,Commodities: Silver,Equity,Hitachi Energy,Industrials,164.47,,,2.07
LIC MF Children's Dir,INF767K01FB1,120285,commodity,Commodities: Silver,Equity,KSH International,Industrials,54.51,,,1.99
LIC MF Children's Dir,INF767K01FB1,120285,commodity,Commodities: Silver,Equity,Piramal Pharma,Healthcare,,,,1.97
LIC MF Children's Dir,INF767K01FB1,120285,commodity,Commodities: Silver,Equity,Siemens Energy India,Energy & Utilities,103.2,,,1.85
LIC MF Children's Dir,INF767K01FB1,120285,commodity,Commodities: Silver,Equity,Mahindra & Mahindra,Consumer Discretionary,22.36,,,1.78
LIC MF Children's Dir,INF767K01FB1,120285,commodity,Commodities: Silver,Equity,Apar,Diversified,64.77,,,1.66
LIC MF Children's Dir,INF767K01FB1,120285,commodity,Commodities: Silver,Equity,Sun Pharmaceutical,Healthcare,38.15,,,1.64
LIC MF Children's Dir,INF767K01FB1,120285,commodity,Commodities: Silver,Equity,Maruti Suzuki,Consumer Discretionary,28.73,,,1.64
LIC MF Children's Dir,INF767K01FB1,120285,commodity,Commodities: Silver,Equity,Ultratech Cement,Materials,40.9,,,1.62
LIC MF Children's Dir,INF767K01FB1,120285,commodity,Commodities: Silver,Equity,MCX,Financial,53.17,,,1.55
LIC MF Children's Dir,INF767K01FB1,120285,commodity,Commodities: Silver,Equity,VA Tech Wabag,Energy & Utilities,32.52,,,1.47
LIC MF Children's Dir,INF767K01FB1,120285,commodity,Commodities: Silver,Equity,KPIT Technologies,Technology,32.04,,,1.4
LIC MF Children's Dir,INF767K01FB1,120285,commodity,Commodities: Silver,Equity,International Gemological Institute,Consumer Discretionary,21.6,,,1.4
LIC MF Children's Dir,INF767K01FB1,120285,commodity,Commodities: Silver,Equity,Tata Motors,Industrials,48.67,,,1.39
LIC MF Children's Dir,INF767K01FB1,120285,commodity,Commodities: Silver,Equity,Coromandel Intl,Materials,30.42,,,1.36
LIC MF Children's Dir,INF767K01FB1,120285,commodity,Commodities: Silver,Equity,Chalet Hotels,Consumer Discretionary,26.8,,,1.35
LIC MF Flexi Cap Dir,INF767K01EG3,120264,commodity,Commodities: Silver,Equity,ICICI Bank,Financial,17.8,,,6.35
LIC MF Flexi Cap Dir,INF767K01EG3,120264,commodity,Commodities: Silver,Equity,Axis Bank,Financial,15.95,,,4.03
LIC MF Flexi Cap Dir,INF767K01EG3,120264,commodity,Commodities: Silver,Equity,Larsen & Toubro,Industrials,35.92,,,3.43
LIC MF Flexi Cap Dir,INF767K01EG3,120264,commodity,Commodities: Silver,Equity,Solar,Materials,98.23,,,3.29
LIC MF Flexi Cap Dir,INF767K01EG3,120264,commodity,Commodities: Silver,Equity,Apollo Hospitals,Healthcare,62.53,,,3.24
LIC MF Flexi Cap Dir,INF767K01EG3,120264,commodity,Commodities: Silver,Equity,Navin Fluorine,Materials,57.43,,,3.15
LIC MF Flexi Cap Dir,INF767K01EG3,120264,commodity,Commodities: Silver,Equity,Torrent Pharma,Healthcare,69.41,,,2.97
LIC MF Flexi Cap Dir,INF767K01EG3,120264,commodity,Commodities: Silver,Equity,Hitachi Energy,Industrials,164.47,,,2.89
LIC MF Flexi Cap Dir,INF767K01EG3,120264,commodity,Commodities: Silver,Equity,Interglobe Aviation,Industrials,,,,2.87
LIC MF Flexi Cap Dir,INF767K01EG3,120264,commodity,Commodities: Silver,Equity,Sun Pharmaceutical,Healthcare,38.15,,,2.86
LIC MF Flexi Cap Dir,INF767K01EG3,120264,commodity,Commodities: Silver,Equity,Bharti Airtel,Technology,43.19,,,2.85
LIC MF Flexi Cap Dir,INF767K01EG3,120264,commodity,Commodities: Silver,Equity,Ujjivan SF Bank,Financial,16.13,,,2.68
LIC MF Flexi Cap Dir,INF767K01EG3,120264,commodity,Commodities: Silver,Equity,Samvardhana Motherson,Consumer Discretionary,39.79,,,2.5
LIC MF Flexi Cap Dir,INF767K01EG3,120264,commodity,Commodities: Silver,Equity,Syrma Sgs Tech,Technology,79.86,,,2.48
LIC MF Flexi Cap Dir,INF767K01EG3,120264,commodity,Commodities: Silver,Equity,The Phoenix Mills,Real Estate,55.13,,,2.31
LIC MF Flexi Cap Dir,INF767K01EG3,120264,commodity,Commodities: Silver,Equity,Coforge,Technology,41.51,,,2.23
LIC MF Flexi Cap Dir,INF767K01EG3,120264,commodity,Commodities: Silver,Equity,Max Financial,Financial,677.32,,,2.21
LIC MF Flexi Cap Dir,INF767K01EG3,120264,commodity,Commodities: Silver,Equity,Aditya Birla,Financial,26.17,,,2.14
LIC MF Flexi Cap Dir,INF767K01EG3,120264,commodity,Commodities: Silver,Equity,MCX,Financial,53.17,,,2.13
LIC MF Flexi Cap Dir,INF767K01EG3,120264,commodity,Commodities: Silver,Equity,ITC Hotels,Consumer Discretionary,42.76,,,2.07
LIC MF Flexi Cap Dir,INF767K01EG3,120264,commodity,Commodities: Silver,Equity,Radico Khaitan,Consumer Staples,82.99,,,2.05
LIC MF Flexi Cap Dir,INF767K01EG3,120264,commodity,Commodities: Silver,Equity,VA Tech Wabag,Energy & Utilities,32.52,,,2.03
LIC MF Flexi Cap Dir,INF767K01EG3,120264,commodity,Commodities: Silver,Equity,Shriram Finance,Financial,23.5,,,2.02
LIC MF Flexi Cap Dir,INF767K01EG3,120264,commodity,Commodities: Silver,Equity,One97 Comm,Industrials,126.07,,,2.01
LIC MF Flexi Cap Dir,INF767K01EG3,120264,commodity,Commodities: Silver,Equity,JK Cement,Materials,42.48,,,2
LIC MF Focused Dir,INF397L01KA7,152010,commodity,Commodities: Silver,Equity,Schaeffler India,Industrials,55.86,,,4.94
LIC MF Focused Dir,INF397L01KA7,152010,commodity,Commodities: Silver,Equity,Interglobe Aviation,Industrials,,,,4.8
LIC MF Focused Dir,INF397L01KA7,152010,commodity,Commodities: Silver,Equity,Tata Motors,Industrials,48.67,,,4.73
LIC MF Focused Dir,INF397L01KA7,152010,commodity,Commodities: Silver,Equity,SBI,Financial,11.46,,,4.7
LIC MF Focused Dir,INF397L01KA7,152010,commodity,Commodities: Silver,Equity,ICICI Bank,Financial,17.8,,,4.68
LIC MF Focused Dir,INF397L01KA7,152010,commodity,Commodities: Silver,Equity,KSH International,Industrials,54.51,,,4.35
LIC MF Focused Dir,INF397L01KA7,152010,commodity,Commodities: Silver,Equity,JSW Infrastructure,Industrials,42.37,,,4.13
LIC MF Focused Dir,INF397L01KA7,152010,commodity,Commodities: Silver,Equity,Lenskart Solutions,Consumer Discretionary,179.08,,,4.13
LIC MF Focused Dir,INF397L01KA7,152010,commodity,Commodities: Silver,Equity,Tata Power,Energy & Utilities,34.16,,,4.11
LIC MF Focused Dir,INF397L01KA7,152010,commodity,Commodities: Silver,Equity,Garware Hi-Tech,Materials,46.36,,,4.03
LIC MF Focused Dir,INF397L01KA7,152010,commodity,Commodities: Silver,Equity,Tata Motors Passenger Vehicles,Consumer Discretionary,1.61,,,3.82
LIC MF Focused Dir,INF397L01KA7,152010,commodity,Commodities: Silver,Equity,Sun Pharmaceutical,Healthcare,38.15,,,3.81
LIC MF Focused Dir,INF397L01KA7,152010,commodity,Commodities: Silver,Equity,Mahin & Mahin Fin,Financial,14.26,,,3.63
LIC MF Focused Dir,INF397L01KA7,152010,commodity,Commodities: Silver,Equity,Mahindra Lifespace,Real Estate,24.98,,,3.51
LIC MF Focused Dir,INF397L01KA7,152010,commodity,Commodities: Silver,Equity,Bajaj Auto,Consumer Discretionary,26.01,,,3.34
LIC MF Focused Dir,INF397L01KA7,152010,commodity,Commodities: Silver,Equity,Metro Brands,Consumer Discretionary,68.58,,,3.21
LIC MF Focused Dir,INF397L01KA7,152010,commodity,Commodities: Silver,Equity,Divgi Torqtransfer,Consumer Discretionary,55.53,,,3.11
LIC MF Focused Dir,INF397L01KA7,152010,commodity,Commodities: Silver,Equity,Axis Bank,Financial,15.95,,,2.89
LIC MF Focused Dir,INF397L01KA7,152010,commodity,Commodities: Silver,Equity,Maruti Suzuki,Consumer Discretionary,28.73,,,2.83
LIC MF Focused Dir,INF397L01KA7,152010,commodity,Commodities: Silver,Equity,Bharat Forge,Consumer Discretionary,90.13,,,2.73
LIC MF Focused Dir,INF397L01KA7,152010,commodity,Commodities: Silver,Equity,Shriram Finance,Financial,23.5,,,2.52
LIC MF Focused Dir,INF397L01KA7,152010,commodity,Commodities: Silver,Equity,Larsen & Toubro,Industrials,35.92,,,2.45
LIC MF Focused Dir,INF397L01KA7,152010,commodity,Commodities: Silver,Equity,Siemens Energy India,Energy & Utilities,103.2,,,2.21
LIC MF Focused Dir,INF397L01KA7,152010,commodity,Commodities: Silver,Equity,KSB,Industrials,60.37,,,2.16
LIC MF Focused Dir,INF397L01KA7,152010,commodity,Commodities: Silver,Equity,Foseco India,Materials,50.65,,,2.12
Mahindra Manulife Flexi Cap Dir,INF174V01AS2,149104,commodity,Commodities: Silver,Equity,ICICI Bank,Financial,17.8,,,7.87
Mahindra Manulife Flexi Cap Dir,INF174V01AS2,149104,commodity,Commodities: Silver,Equity,HDFC Bank,Financial,15.76,,,4.52
Mahindra Manulife Flexi Cap Dir,INF174V01AS2,149104,commodity,Commodities: Silver,Equity,Kotak Bank,Financial,20.63,,,3.45
Mahindra Manulife Flexi Cap Dir,INF174V01AS2,149104,commodity,Commodities: Silver,Equity,Bharti Airtel,Technology,43.19,,,3.23
Mahindra Manulife Flexi Cap Dir,INF174V01AS2,149104,commodity,Commodities: Silver,Equity,Bajaj Finance,Financial,31.57,,,2.91
Mahindra Manulife Flexi Cap Dir,INF174V01AS2,149104,commodity,Commodities: Silver,Equity,Larsen & Toubro,Industrials,35.92,,,2.43
Mahindra Manulife Flexi Cap Dir,INF174V01AS2,149104,commodity,Commodities: Silver,Equity,Tata Consultancy,Technology,15.33,,,2.07
Mahindra Manulife Flexi Cap Dir,INF174V01AS2,149104,commodity,Commodities: Silver,Equity,Infosys,Technology,14.36,,,1.99
Mahindra Manulife Flexi Cap Dir,INF174V01AS2,149104,commodity,Commodities: Silver,Equity,Reliance Ind,Energy & Utilities,22.25,,,1.99
Mahindra Manulife Flexi Cap Dir,INF174V01AS2,149104,commodity,Commodities: Silver,Equity,Avenue Supermarts,Consumer Staples,93.91,,,1.82
Mahindra Manulife Flexi Cap Dir,INF174V01AS2,149104,commodity,Commodities: Silver,Equity,Hindustan Unilever,Consumer Staples,34.14,,,1.72
Mahindra Manulife Flexi Cap Dir,INF174V01AS2,149104,commodity,Commodities: Silver,Equity,Indus Towers,Technology,15.22,,,1.7
Mahindra Manulife Flexi Cap Dir,INF174V01AS2,149104,commodity,Commodities: Silver,Equity,Eternal,Technology,688.71,,,1.69
Mahindra Manulife Flexi Cap Dir,INF174V01AS2,149104,commodity,Commodities: Silver,Equity,UNO Minda,Consumer Discretionary,53.31,,,1.67
Mahindra Manulife Flexi Cap Dir,INF174V01AS2,149104,commodity,Commodities: Silver,Equity,Adani Ports,Industrials,33.02,,,1.65
Mahindra Manulife Flexi Cap Dir,INF174V01AS2,149104,commodity,Commodities: Silver,Equity,IndusInd Bank,Financial,82.7,,,1.62
Mahindra Manulife Flexi Cap Dir,INF174V01AS2,149104,commodity,Commodities: Silver,Equity,Dr. Reddy'S Labs,Healthcare,25.16,,,1.58
Mahindra Manulife Flexi Cap Dir,INF174V01AS2,149104,commodity,Commodities: Silver,Equity,ONGC,Energy & Utilities,7.42,,,1.56
Mahindra Manulife Flexi Cap Dir,INF174V01AS2,149104,commodity,Commodities: Silver,Equity,Sun Pharmaceutical,Healthcare,38.15,,,1.53
Mahindra Manulife Flexi Cap Dir,INF174V01AS2,149104,commodity,Commodities: Silver,Equity,TVS Motor,Consumer Discretionary,54.03,,,1.52
Mahindra Manulife Flexi Cap Dir,INF174V01AS2,149104,commodity,Commodities: Silver,Equity,Tech Mahindra,Technology,28.24,,,1.45
Mahindra Manulife Flexi Cap Dir,INF174V01AS2,149104,commodity,Commodities: Silver,Equity,Tata Power,Energy & Utilities,34.16,,,1.42
Mahindra Manulife Flexi Cap Dir,INF174V01AS2,149104,commodity,Commodities: Silver,Equity,Mankind Pharma,Healthcare,52.33,,,1.42
Mahindra Manulife Flexi Cap Dir,INF174V01AS2,149104,commodity,Commodities: Silver,Equity,Maruti Suzuki,Consumer Discretionary,28.73,,,1.39
Mahindra Manulife Flexi Cap Dir,INF174V01AS2,149104,commodity,Commodities: Silver,Equity,Trent,Consumer Discretionary,97.62,,,1.37
Mahindra Manulife Focused Dir,INF174V01AG7,148567,commodity,Commodities: Silver,Equity,ICICI Bank,Financial,17.8,,,9.16
Mahindra Manulife Focused Dir,INF174V01AG7,148567,commodity,Commodities: Silver,Equity,Reliance Ind,Energy & Utilities,22.25,,,6.56
Mahindra Manulife Focused Dir,INF174V01AG7,148567,commodity,Commodities: Silver,Equity,Larsen & Toubro,Industrials,35.92,,,4.99
Mahindra Manulife Focused Dir,INF174V01AG7,148567,commodity,Commodities: Silver,Equity,HDFC Bank,Financial,15.76,,,4.62
Mahindra Manulife Focused Dir,INF174V01AG7,148567,commodity,Commodities: Silver,Equity,Grasim,Materials,42.94,,,4.38
Mahindra Manulife Focused Dir,INF174V01AG7,148567,commodity,Commodities: Silver,Equity,Kotak Bank,Financial,20.63,,,4.18
Mahindra Manulife Focused Dir,INF174V01AG7,148567,commodity,Commodities: Silver,Equity,SBI,Financial,11.46,,,3.77
Mahindra Manulife Focused Dir,INF174V01AG7,148567,commodity,Commodities: Silver,Equity,Bajaj Auto,Consumer Discretionary,26.01,,,3.7
Mahindra Manulife Focused Dir,INF174V01AG7,148567,commodity,Commodities: Silver,Equity,Infosys,Technology,14.36,,,3.7
Mahindra Manulife Focused Dir,INF174V01AG7,148567,commodity,Commodities: Silver,Equity,NTPC,Energy & Utilities,13.09,,,3.62
Mahindra Manulife Focused Dir,INF174V01AG7,148567,commodity,Commodities: Silver,Equity,Indus Towers,Technology,15.22,,,3.56
Mahindra Manulife Focused Dir,INF174V01AG7,148567,commodity,Commodities: Silver,Equity,Adani Ports,Industrials,33.02,,,3.47
Mahindra Manulife Focused Dir,INF174V01AG7,148567,commodity,Commodities: Silver,Equity,Tech Mahindra,Technology,28.24,,,3.44
Mahindra Manulife Focused Dir,INF174V01AG7,148567,commodity,Commodities: Silver,Equity,Bajaj Finance,Financial,31.57,,,3.2
Mahindra Manulife Focused Dir,INF174V01AG7,148567,commodity,Commodities: Silver,Equity,Avenue Supermarts,Consumer Staples,93.91,,,3.17
Mahindra Manulife Focused Dir,INF174V01AG7,148567,commodity,Commodities: Silver,Equity,Biocon,Healthcare,174.74,,,2.85
Mahindra Manulife Focused Dir,INF174V01AG7,148567,commodity,Commodities: Silver,Equity,Vodafone Idea,Technology,4.68,,,2.78
Mahindra Manulife Focused Dir,INF174V01AG7,148567,commodity,Commodities: Silver,Equity,ITC,Consumer Staples,17.56,,,2.69
Mahindra Manulife Focused Dir,INF174V01AG7,148567,commodity,Commodities: Silver,Equity,ONGC,Energy & Utilities,7.42,,,2.69
Mahindra Manulife Focused Dir,INF174V01AG7,148567,commodity,Commodities: Silver,Equity,Power Fin.,Financial,5.49,,,2.55
Mahindra Manulife Focused Dir,INF174V01AG7,148567,commodity,Commodities: Silver,Equity,IndusInd Bank,Financial,82.7,,,2.52
Mahindra Manulife Focused Dir,INF174V01AG7,148567,commodity,Commodities: Silver,Equity,Sun Pharmaceutical,Healthcare,38.15,,,2.4
Mahindra Manulife Focused Dir,INF174V01AG7,148567,commodity,Commodities: Silver,Equity,Dr. Reddy'S Labs,Healthcare,25.16,,,2.25
Mahindra Manulife Focused Dir,INF174V01AG7,148567,commodity,Commodities: Silver,Equity,Jindal Steel,Materials,34.38,,,2.21
Mahindra Manulife Focused Dir,INF174V01AG7,148567,commodity,Commodities: Silver,Equity,GAIL (India),Energy & Utilities,15.04,,,2.16
Mirae Asset Flexi Cap Dir,INF769K01JJ2,151412,commodity,Commodities: Silver,Equity,HDFC Bank,Financial,15.78,,,5.47
Mirae Asset Flexi Cap Dir,INF769K01JJ2,151412,commodity,Commodities: Silver,Equity,ICICI Bank,Financial,17.81,,,5.11
Mirae Asset Flexi Cap Dir,INF769K01JJ2,151412,commodity,Commodities: Silver,Equity,Reliance Ind,Energy & Utilities,22.25,,,4.23
Mirae Asset Flexi Cap Dir,INF769K01JJ2,151412,commodity,Commodities: Silver,Equity,SBI,Financial,11.45,,,2.53
Mirae Asset Flexi Cap Dir,INF769K01JJ2,151412,commodity,Commodities: Silver,Equity,Bharti Airtel,Technology,43.1,,,2.33
Mirae Asset Flexi Cap Dir,INF769K01JJ2,151412,commodity,Commodities: Silver,Equity,Larsen & Toubro,Industrials,35.91,,,2.27
Mirae Asset Flexi Cap Dir,INF769K01JJ2,151412,commodity,Commodities: Silver,Equity,Axis Bank,Financial,15.94,,,2.13
Mirae Asset Flexi Cap Dir,INF769K01JJ2,151412,commodity,Commodities: Silver,Equity,Infosys,Technology,14.37,,,1.86
Mirae Asset Flexi Cap Dir,INF769K01JJ2,151412,commodity,Commodities: Silver,Equity,Mahindra & Mahindra,Consumer Discretionary,22.42,,,1.74
Mirae Asset Flexi Cap Dir,INF769K01JJ2,151412,commodity,Commodities: Silver,Equity,CG Power,Industrials,124.77,,,1.71
Mirae Asset Flexi Cap Dir,INF769K01JJ2,151412,commodity,Commodities: Silver,Equity,L&T Fin,Financial,24.09,,,1.62
Mirae Asset Flexi Cap Dir,INF769K01JJ2,151412,commodity,Commodities: Silver,Equity,Indus Towers,Technology,15.24,,,1.58
Mirae Asset Flexi Cap Dir,INF769K01JJ2,151412,commodity,Commodities: Silver,Equity,Adani Ports,Industrials,33.16,,,1.57
Mirae Asset Flexi Cap Dir,INF769K01JJ2,151412,commodity,Commodities: Silver,Equity,Divi's Lab,Healthcare,69.8,,,1.54
Mirae Asset Flexi Cap Dir,INF769K01JJ2,151412,commodity,Commodities: Silver,Equity,Lenskart Solutions,Consumer Discretionary,180,,,1.54
Mirae Asset Flexi Cap Dir,INF769K01JJ2,151412,commodity,Commodities: Silver,Equity,Welspun,Materials,22.99,,,1.53
Mirae Asset Flexi Cap Dir,INF769K01JJ2,151412,commodity,Commodities: Silver,Equity,JSW Energy,Energy & Utilities,46.83,,,1.48
Mirae Asset Flexi Cap Dir,INF769K01JJ2,151412,commodity,Commodities: Silver,Equity,MCX,Financial,53.33,,,1.48
Mirae Asset Flexi Cap Dir,INF769K01JJ2,151412,commodity,Commodities: Silver,Equity,Cummins India,Industrials,68.72,,,1.47
Mirae Asset Flexi Cap Dir,INF769K01JJ2,151412,commodity,Commodities: Silver,Equity,Billionbrains Garage Ventures,Financial,60.13,,,1.46
Mirae Asset Flexi Cap Dir,INF769K01JJ2,151412,commodity,Commodities: Silver,Equity,Lupin,Healthcare,20.09,,,1.38
Mirae Asset Flexi Cap Dir,INF769K01JJ2,151412,commodity,Commodities: Silver,Equity,SBI Life Insurance,Financial,126.34,,,1.37
Mirae Asset Flexi Cap Dir,INF769K01JJ2,151412,commodity,Commodities: Silver,Equity,The Phoenix Mills,Real Estate,55.76,,,1.32
Mirae Asset Flexi Cap Dir,INF769K01JJ2,151412,commodity,Commodities: Silver,Equity,Mankind Pharma,Healthcare,52.46,,,1.28
Mirae Asset Flexi Cap Dir,INF769K01JJ2,151412,commodity,Commodities: Silver,Equity,Ultratech Cement,Materials,40.92,,,1.27
Mirae Asset Focused Dir,INF769K01EU0,147206,commodity,Commodities: Silver,Equity,HDFC Bank,Financial,15.76,,,8.9
Mirae Asset Focused Dir,INF769K01EU0,147206,commodity,Commodities: Silver,Equity,ICICI Bank,Financial,17.8,,,8.1
Mirae Asset Focused Dir,INF769K01EU0,147206,commodity,Commodities: Silver,Equity,Bharti Airtel,Technology,43.19,,,5.59
Mirae Asset Focused Dir,INF769K01EU0,147206,commodity,Commodities: Silver,Equity,Infosys,Technology,14.36,,,4.64
Mirae Asset Focused Dir,INF769K01EU0,147206,commodity,Commodities: Silver,Equity,Axis Bank,Financial,15.95,,,4.58
Mirae Asset Focused Dir,INF769K01EU0,147206,commodity,Commodities: Silver,Equity,One97 Comm,Industrials,126.07,,,4.5
Mirae Asset Focused Dir,INF769K01EU0,147206,commodity,Commodities: Silver,Equity,Eternal,Technology,688.71,,,3.91
Mirae Asset Focused Dir,INF769K01EU0,147206,commodity,Commodities: Silver,Equity,Maruti Suzuki,Consumer Discretionary,28.73,,,3.69
Mirae Asset Focused Dir,INF769K01EU0,147206,commodity,Commodities: Silver,Equity,Sona BLW Precision,Consumer Discretionary,59.55,,,3.25
Mirae Asset Focused Dir,INF769K01EU0,147206,commodity,Commodities: Silver,Equity,Arvind Fashions,Consumer Discretionary,52.07,,,3.18
Mirae Asset Focused Dir,INF769K01EU0,147206,commodity,Commodities: Silver,Equity,Kalpataru Project,Industrials,22.93,,,3.14
Mirae Asset Focused Dir,INF769K01EU0,147206,commodity,Commodities: Silver,Equity,SKF India (Industrial),Industrials,59.73,,,2.89
Mirae Asset Focused Dir,INF769K01EU0,147206,commodity,Commodities: Silver,Equity,Gland Pharma,Healthcare,35.36,,,2.82
Mirae Asset Focused Dir,INF769K01EU0,147206,commodity,Commodities: Silver,Equity,Ratnamani Metals,Materials,37.91,,,2.8
Mirae Asset Focused Dir,INF769K01EU0,147206,commodity,Commodities: Silver,Equity,Godrej Consumer,Consumer Staples,54.87,,,2.72
Mirae Asset Focused Dir,INF769K01EU0,147206,commodity,Commodities: Silver,Equity,Syngene Intl,Healthcare,55.82,,,2.67
Mirae Asset Focused Dir,INF769K01EU0,147206,commodity,Commodities: Silver,Equity,KPIT Technologies,Technology,32.04,,,2.33
Mirae Asset Focused Dir,INF769K01EU0,147206,commodity,Commodities: Silver,Equity,Siemens Energy India,Energy & Utilities,103.2,,,2.32
Mirae Asset Focused Dir,INF769K01EU0,147206,commodity,Commodities: Silver,Equity,Sapphire Foods,Consumer Discretionary,,,,2.32
Mirae Asset Focused Dir,INF769K01EU0,147206,commodity,Commodities: Silver,Equity,Orient Electric,Consumer Discretionary,40.16,,,2.31
Mirae Asset Focused Dir,INF769K01EU0,147206,commodity,Commodities: Silver,Equity,Gujarat FluoroChem,Materials,73.11,,,2.31
Mirae Asset Focused Dir,INF769K01EU0,147206,commodity,Commodities: Silver,Equity,FSN E-Commerce,Consumer Discretionary,433.94,,,2.29
Mirae Asset Focused Dir,INF769K01EU0,147206,commodity,Commodities: Silver,Equity,Sobha,Real Estate,78.36,,,2.24
Mirae Asset Focused Dir,INF769K01EU0,147206,commodity,Commodities: Silver,Equity,SBI Life Insurance,Financial,126.08,,,2.04
Mirae Asset Focused Dir,INF769K01EU0,147206,commodity,Commodities: Silver,Equity,Ambuja Cements,Materials,22.29,,,1.98
Mirae Asset Nifty Total Market Index Dir,INF769K01MD9,152968,commodity,Commodities: Silver,Equity,HDFC Bank,Financial,15.76,,,5.63
Mirae Asset Nifty Total Market Index Dir,INF769K01MD9,152968,commodity,Commodities: Silver,Equity,ICICI Bank,Financial,17.8,,,4.44
Mirae Asset Nifty Total Market Index Dir,INF769K01MD9,152968,commodity,Commodities: Silver,Equity,Reliance Ind,Energy & Utilities,22.25,,,4.41
Mirae Asset Nifty Total Market Index Dir,INF769K01MD9,152968,commodity,Commodities: Silver,Equity,Bharti Airtel,Technology,43.19,,,2.77
Mirae Asset Nifty Total Market Index Dir,INF769K01MD9,152968,commodity,Commodities: Silver,Equity,Larsen & Toubro,Industrials,35.92,,,2.36
Mirae Asset Nifty Total Market Index Dir,INF769K01MD9,152968,commodity,Commodities: Silver,Equity,Infosys,Technology,14.36,,,2.01
Mirae Asset Nifty Total Market Index Dir,INF769K01MD9,152968,commodity,Commodities: Silver,Equity,SBI,Financial,11.46,,,1.98
Mirae Asset Nifty Total Market Index Dir,INF769K01MD9,152968,commodity,Commodities: Silver,Equity,Axis Bank,Financial,15.95,,,1.82
Mirae Asset Nifty Total Market Index Dir,INF769K01MD9,152968,commodity,Commodities: Silver,Equity,Kotak Bank,Financial,20.63,,,1.4
Mirae Asset Nifty Total Market Index Dir,INF769K01MD9,152968,commodity,Commodities: Silver,Equity,ITC,Consumer Staples,17.56,,,1.37
Mirae Asset Nifty Total Market Index Dir,INF769K01MD9,152968,commodity,Commodities: Silver,Equity,Mahindra & Mahindra,Consumer Discretionary,22.36,,,1.34
Mirae Asset Nifty Total Market Index Dir,INF769K01MD9,152968,commodity,Commodities: Silver,Equity,Bajaj Finance,Financial,31.57,,,1.2
Mirae Asset Nifty Total Market Index Dir,INF769K01MD9,152968,commodity,Commodities: Silver,Equity,Tata Consultancy,Technology,15.33,,,1.14
Mirae Asset Nifty Total Market Index Dir,INF769K01MD9,152968,commodity,Commodities: Silver,Equity,Hindustan Unilever,Consumer Staples,34.14,,,0.94
Mirae Asset Nifty Total Market Index Dir,INF769K01MD9,152968,commodity,Commodities: Silver,Equity,Sun Pharmaceutical,Healthcare,38.15,,,0.94
Mirae Asset Nifty Total Market Index Dir,INF769K01MD9,152968,commodity,Commodities: Silver,Equity,NTPC,Energy & Utilities,13.09,,,0.91
Mirae Asset Nifty Total Market Index Dir,INF769K01MD9,152968,commodity,Commodities: Silver,Equity,Eternal,Technology,688.71,,,0.89
Mirae Asset Nifty Total Market Index Dir,INF769K01MD9,152968,commodity,Commodities: Silver,Equity,Maruti Suzuki,Consumer Discretionary,28.73,,,0.85
Mirae Asset Nifty Total Market Index Dir,INF769K01MD9,152968,commodity,Commodities: Silver,Equity,Tata Steel,Materials,22.91,,,0.85
Mirae Asset Nifty Total Market Index Dir,INF769K01MD9,152968,commodity,Commodities: Silver,Equity,BSE,Financial,65.73,,,0.84
Mirae Asset Nifty Total Market Index Dir,INF769K01MD9,152968,commodity,Commodities: Silver,Equity,Titan,Consumer Discretionary,77.17,,,0.83
Mirae Asset Nifty Total Market Index Dir,INF769K01MD9,152968,commodity,Commodities: Silver,Equity,Hindalco Ind,Materials,16.96,,,0.81
Mirae Asset Nifty Total Market Index Dir,INF769K01MD9,152968,commodity,Commodities: Silver,Equity,Bharat Electronics,Industrials,51.44,,,0.73
Mirae Asset Nifty Total Market Index Dir,INF769K01MD9,152968,commodity,Commodities: Silver,Equity,Ultratech Cement,Materials,40.9,,,0.67
Mirae Asset Nifty Total Market Index Dir,INF769K01MD9,152968,commodity,Commodities: Silver,Equity,Adani Ports,Industrials,33.02,,,0.66
Motilal Oswal BSE 1000 Index Dir,INF247L01FM9,153596,commodity,Commodities: Silver,Equity,HDFC Bank,Financial,15.76,,,5.66
Motilal Oswal BSE 1000 Index Dir,INF247L01FM9,153596,commodity,Commodities: Silver,Equity,ICICI Bank,Financial,17.8,,,4.48
Motilal Oswal BSE 1000 Index Dir,INF247L01FM9,153596,commodity,Commodities: Silver,Equity,Reliance Ind,Energy & Utilities,22.25,,,4.45
Motilal Oswal BSE 1000 Index Dir,INF247L01FM9,153596,commodity,Commodities: Silver,Equity,Bharti Airtel,Technology,43.19,,,2.6
Motilal Oswal BSE 1000 Index Dir,INF247L01FM9,153596,commodity,Commodities: Silver,Equity,Larsen & Toubro,Industrials,35.92,,,2.38
Motilal Oswal BSE 1000 Index Dir,INF247L01FM9,153596,commodity,Commodities: Silver,Equity,Infosys,Technology,14.36,,,2.02
Motilal Oswal BSE 1000 Index Dir,INF247L01FM9,153596,commodity,Commodities: Silver,Equity,SBI,Financial,11.46,,,2
Motilal Oswal BSE 1000 Index Dir,INF247L01FM9,153596,commodity,Commodities: Silver,Equity,Axis Bank,Financial,15.95,,,1.83
Motilal Oswal BSE 1000 Index Dir,INF247L01FM9,153596,commodity,Commodities: Silver,Equity,Kotak Bank,Financial,20.63,,,1.41
Motilal Oswal BSE 1000 Index Dir,INF247L01FM9,153596,commodity,Commodities: Silver,Equity,ITC,Consumer Staples,17.56,,,1.38
Motilal Oswal BSE 1000 Index Dir,INF247L01FM9,153596,commodity,Commodities: Silver,Equity,Mahindra & Mahindra,Consumer Discretionary,22.36,,,1.35
Motilal Oswal BSE 1000 Index Dir,INF247L01FM9,153596,commodity,Commodities: Silver,Equity,Bajaj Finance,Financial,31.57,,,1.21
Motilal Oswal BSE 1000 Index Dir,INF247L01FM9,153596,commodity,Commodities: Silver,Equity,Tata Consultancy,Technology,15.33,,,1.14
Motilal Oswal BSE 1000 Index Dir,INF247L01FM9,153596,commodity,Commodities: Silver,Equity,Sun Pharmaceutical,Healthcare,38.15,,,0.97
Motilal Oswal BSE 1000 Index Dir,INF247L01FM9,153596,commodity,Commodities: Silver,Equity,Hindustan Unilever,Consumer Staples,34.14,,,0.95
Motilal Oswal BSE 1000 Index Dir,INF247L01FM9,153596,commodity,Commodities: Silver,Equity,NTPC,Energy & Utilities,13.09,,,0.92
Motilal Oswal BSE 1000 Index Dir,INF247L01FM9,153596,commodity,Commodities: Silver,Equity,Eternal,Technology,688.71,,,0.89
Motilal Oswal BSE 1000 Index Dir,INF247L01FM9,153596,commodity,Commodities: Silver,Equity,Maruti Suzuki,Consumer Discretionary,28.73,,,0.87
Motilal Oswal BSE 1000 Index Dir,INF247L01FM9,153596,commodity,Commodities: Silver,Equity,Tata Steel,Materials,22.91,,,0.86
Motilal Oswal BSE 1000 Index Dir,INF247L01FM9,153596,commodity,Commodities: Silver,Equity,Titan,Consumer Discretionary,77.17,,,0.83
Motilal Oswal BSE 1000 Index Dir,INF247L01FM9,153596,commodity,Commodities: Silver,Equity,Hindalco Ind,Materials,16.96,,,0.81
Motilal Oswal BSE 1000 Index Dir,INF247L01FM9,153596,commodity,Commodities: Silver,Equity,Bharat Electronics,Industrials,51.44,,,0.73
Motilal Oswal BSE 1000 Index Dir,INF247L01FM9,153596,commodity,Commodities: Silver,Equity,Ultratech Cement,Materials,40.9,,,0.67
Motilal Oswal BSE 1000 Index Dir,INF247L01FM9,153596,commodity,Commodities: Silver,Equity,Power Grid,Energy & Utilities,17.02,,,0.66
Motilal Oswal BSE 1000 Index Dir,INF247L01FM9,153596,commodity,Commodities: Silver,Equity,Shriram Finance,Financial,23.5,,,0.66
Motilal Oswal Diversified Equity Flexicap Passive FoF Dir,INF247L01GL9,154112,commodity,Commodities: Silver,Equity,Motilal Oswal Nifty Smallcap 250 Index Direct-G,Unspecified,,,,34.67
Motilal Oswal Diversified Equity Flexicap Passive FoF Dir,INF247L01GL9,154112,commodity,Commodities: Silver,Equity,Motilal Oswal Nifty Midcap 150 Index Direct-G,Unspecified,,,,33.79
Motilal Oswal Diversified Equity Flexicap Passive FoF Dir,INF247L01GL9,154112,commodity,Commodities: Silver,Equity,Motilal Oswal Nifty 100 ETF-G,Unspecified,,,,31.41
Motilal Oswal Flexi Cap Dir,INF247L01502,129046,commodity,Commodities: Silver,Equity,CG Power,Industrials,125.19,,,6.6
Motilal Oswal Flexi Cap Dir,INF247L01502,129046,commodity,Commodities: Silver,Equity,Kalyan Jewellers,Consumer Discretionary,29.33,,,6.25
Motilal Oswal Flexi Cap Dir,INF247L01502,129046,commodity,Commodities: Silver,Equity,Eternal,Technology,688.71,,,5.33
Motilal Oswal Flexi Cap Dir,INF247L01502,129046,commodity,Commodities: Silver,Equity,Coforge,Technology,41.51,,,4.85
Motilal Oswal Flexi Cap Dir,INF247L01502,129046,commodity,Commodities: Silver,Equity,Persistent Systems,Technology,40.32,,,4.62
Motilal Oswal Flexi Cap Dir,INF247L01502,129046,commodity,Commodities: Silver,Equity,Waaree Energies,Energy & Utilities,24.08,,,4.13
Motilal Oswal Flexi Cap Dir,INF247L01502,129046,commodity,Commodities: Silver,Equity,Shriram Finance,Financial,23.5,,,4.12
Motilal Oswal Flexi Cap Dir,INF247L01502,129046,commodity,Commodities: Silver,Equity,Ather Energy,Consumer Discretionary,,,,3.88
Motilal Oswal Flexi Cap Dir,INF247L01502,129046,commodity,Commodities: Silver,Equity,MCX,Financial,53.17,,,3.65
Motilal Oswal Flexi Cap Dir,INF247L01502,129046,commodity,Commodities: Silver,Equity,IndusInd Bank,Financial,82.7,,,3.56
Motilal Oswal Flexi Cap Dir,INF247L01502,129046,commodity,Commodities: Silver,Equity,Samvardhana Motherson,Consumer Discretionary,39.79,,,3.55
Motilal Oswal Flexi Cap Dir,INF247L01502,129046,commodity,Commodities: Silver,Equity,Piramal Finance,Financial,32.34,,,3.25
Motilal Oswal Flexi Cap Dir,INF247L01502,129046,commodity,Commodities: Silver,Equity,Ashok Leyland,Industrials,26.42,,,3.24
Motilal Oswal Flexi Cap Dir,INF247L01502,129046,commodity,Commodities: Silver,Equity,Apollo Hospitals,Healthcare,62.53,,,3.2
Motilal Oswal Flexi Cap Dir,INF247L01502,129046,commodity,Commodities: Silver,Equity,Onesource Specialty Pharma,Healthcare,,,,3.06
Motilal Oswal Flexi Cap Dir,INF247L01502,129046,commodity,Commodities: Silver,Equity,Polycab India,Industrials,56.42,,,3.06
Motilal Oswal Flexi Cap Dir,INF247L01502,129046,commodity,Commodities: Silver,Equity,HDFC AMC,Financial,40.56,,,2.98
Motilal Oswal Flexi Cap Dir,INF247L01502,129046,commodity,Commodities: Silver,Equity,Siemens,Diversified,48.58,,,2.97
Motilal Oswal Flexi Cap Dir,INF247L01502,129046,commodity,Commodities: Silver,Equity,Aditya Infotech,Technology,112.9,,,2.77
Motilal Oswal Flexi Cap Dir,INF247L01502,129046,commodity,Commodities: Silver,Equity,Bharat Electronics,Industrials,51.44,,,2.61
Motilal Oswal Flexi Cap Dir,INF247L01502,129046,commodity,Commodities: Silver,Equity,Suzlon Energy,Industrials,25.71,,,2.59
Motilal Oswal Flexi Cap Dir,INF247L01502,129046,commodity,Commodities: Silver,Equity,Interglobe Aviation,Industrials,,,,2.48
Motilal Oswal Flexi Cap Dir,INF247L01502,129046,commodity,Commodities: Silver,Equity,PG Electroplast,Industrials,81.41,,,2.32
Motilal Oswal Flexi Cap Dir,INF247L01502,129046,commodity,Commodities: Silver,Equity,ICICI Prudential Asset Management,Financial,50.08,,,1.7
Motilal Oswal Flexi Cap Dir,INF247L01502,129046,commodity,Commodities: Silver,Equity,Muthoot Finance,Financial,11.82,,,1
Motilal Oswal Focused Dir,INF247L01189,122389,commodity,Commodities: Silver,Equity,Aditya Infotech,Technology,112.9,,,4.87
Motilal Oswal Focused Dir,INF247L01189,122389,commodity,Commodities: Silver,Equity,ICICI Prudential Asset Management,Financial,50.08,,,4.39
Motilal Oswal Focused Dir,INF247L01189,122389,commodity,Commodities: Silver,Equity,Persistent Systems,Technology,40.32,,,4.24
Motilal Oswal Focused Dir,INF247L01189,122389,commodity,Commodities: Silver,Equity,CG Power,Industrials,125.19,,,4.17
Motilal Oswal Focused Dir,INF247L01189,122389,commodity,Commodities: Silver,Equity,AU Small Fin Bank,Financial,29.3,,,4.08
Motilal Oswal Focused Dir,INF247L01189,122389,commodity,Commodities: Silver,Equity,Eternal,Technology,688.71,,,4.07
Motilal Oswal Focused Dir,INF247L01189,122389,commodity,Commodities: Silver,Equity,Apollo Hospitals,Healthcare,62.53,,,3.97
Motilal Oswal Focused Dir,INF247L01189,122389,commodity,Commodities: Silver,Equity,Gabriel India,Consumer Discretionary,67.83,,,3.79
Motilal Oswal Focused Dir,INF247L01189,122389,commodity,Commodities: Silver,Equity,Aditya Vision,Consumer Discretionary,68.36,,,3.5
Motilal Oswal Focused Dir,INF247L01189,122389,commodity,Commodities: Silver,Equity,ABB India,Industrials,99.94,,,3.47
Motilal Oswal Focused Dir,INF247L01189,122389,commodity,Commodities: Silver,Equity,Titan,Consumer Discretionary,77.17,,,3.31
Motilal Oswal Focused Dir,INF247L01189,122389,commodity,Commodities: Silver,Equity,IndusInd Bank,Financial,82.7,,,3.29
Motilal Oswal Focused Dir,INF247L01189,122389,commodity,Commodities: Silver,Equity,Rubicon Research,Healthcare,90.19,,,3.26
Motilal Oswal Focused Dir,INF247L01189,122389,commodity,Commodities: Silver,Equity,PNB Housing Fin,Financial,11.37,,,3.19
Motilal Oswal Focused Dir,INF247L01189,122389,commodity,Commodities: Silver,Equity,BSE,Financial,65.73,,,3.18
Motilal Oswal Focused Dir,INF247L01189,122389,commodity,Commodities: Silver,Equity,NTPC,Energy & Utilities,13.09,,,3.18
Motilal Oswal Focused Dir,INF247L01189,122389,commodity,Commodities: Silver,Equity,Kotak Bank,Financial,20.63,,,3.16
Motilal Oswal Focused Dir,INF247L01189,122389,commodity,Commodities: Silver,Equity,Ultratech Cement,Materials,40.9,,,3.15
Motilal Oswal Focused Dir,INF247L01189,122389,commodity,Commodities: Silver,Equity,MTAR Technologies,Industrials,273.32,,,2.73
Motilal Oswal Focused Dir,INF247L01189,122389,commodity,Commodities: Silver,Equity,One97 Comm,Industrials,126.07,,,2.67
Motilal Oswal Focused Dir,INF247L01189,122389,commodity,Commodities: Silver,Equity,Religare Enterprises,Financial,100.44,,,2.55
Motilal Oswal Focused Dir,INF247L01189,122389,commodity,Commodities: Silver,Equity,UNO Minda,Consumer Discretionary,53.31,,,2.53
Motilal Oswal Focused Dir,INF247L01189,122389,commodity,Commodities: Silver,Equity,Acutaas Chemicals,Healthcare,73.5,,,2.49
Motilal Oswal Focused Dir,INF247L01189,122389,commodity,Commodities: Silver,Equity,Bharti Airtel,Technology,43.19,,,2.46
Motilal Oswal Focused Dir,INF247L01189,122389,commodity,Commodities: Silver,Equity,PTC,Materials,265.56,,,2.42
Motilal Oswal Nifty 500 ETF,INF247L01BU1,152106,commodity,Commodities: Silver,Equity,HDFC Bank,Financial,15.76,,,5.88
Motilal Oswal Nifty 500 ETF,INF247L01BU1,152106,commodity,Commodities: Silver,Equity,ICICI Bank,Financial,17.8,,,4.63
Motilal Oswal Nifty 500 ETF,INF247L01BU1,152106,commodity,Commodities: Silver,Equity,Reliance Ind,Energy & Utilities,22.25,,,4.6
Motilal Oswal Nifty 500 ETF,INF247L01BU1,152106,commodity,Commodities: Silver,Equity,Bharti Airtel,Technology,43.19,,,2.9
Motilal Oswal Nifty 500 ETF,INF247L01BU1,152106,commodity,Commodities: Silver,Equity,Larsen & Toubro,Industrials,35.92,,,2.47
Motilal Oswal Nifty 500 ETF,INF247L01BU1,152106,commodity,Commodities: Silver,Equity,Infosys,Technology,14.36,,,2.1
Motilal Oswal Nifty 500 ETF,INF247L01BU1,152106,commodity,Commodities: Silver,Equity,SBI,Financial,11.46,,,2.06
Motilal Oswal Nifty 500 ETF,INF247L01BU1,152106,commodity,Commodities: Silver,Equity,Axis Bank,Financial,15.95,,,1.9
Motilal Oswal Nifty 500 ETF,INF247L01BU1,152106,commodity,Commodities: Silver,Equity,Kotak Bank,Financial,20.63,,,1.46
Motilal Oswal Nifty 500 ETF,INF247L01BU1,152106,commodity,Commodities: Silver,Equity,ITC,Consumer Staples,17.56,,,1.43
Motilal Oswal Nifty 500 ETF,INF247L01BU1,152106,commodity,Commodities: Silver,Equity,Mahindra & Mahindra,Consumer Discretionary,22.36,,,1.4
Motilal Oswal Nifty 500 ETF,INF247L01BU1,152106,commodity,Commodities: Silver,Equity,Bajaj Finance,Financial,31.57,,,1.25
Motilal Oswal Nifty 500 ETF,INF247L01BU1,152106,commodity,Commodities: Silver,Equity,Tata Consultancy,Technology,15.33,,,1.19
Motilal Oswal Nifty 500 ETF,INF247L01BU1,152106,commodity,Commodities: Silver,Equity,Hindustan Unilever,Consumer Staples,34.14,,,0.99
Motilal Oswal Nifty 500 ETF,INF247L01BU1,152106,commodity,Commodities: Silver,Equity,Sun Pharmaceutical,Healthcare,38.15,,,0.98
Motilal Oswal Nifty 500 ETF,INF247L01BU1,152106,commodity,Commodities: Silver,Equity,NTPC,Energy & Utilities,13.09,,,0.95
Motilal Oswal Nifty 500 ETF,INF247L01BU1,152106,commodity,Commodities: Silver,Equity,Eternal,Technology,688.71,,,0.93
Motilal Oswal Nifty 500 ETF,INF247L01BU1,152106,commodity,Commodities: Silver,Equity,Tata Steel,Materials,22.91,,,0.89
Motilal Oswal Nifty 500 ETF,INF247L01BU1,152106,commodity,Commodities: Silver,Equity,Maruti Suzuki,Consumer Discretionary,28.73,,,0.89
Motilal Oswal Nifty 500 ETF,INF247L01BU1,152106,commodity,Commodities: Silver,Equity,BSE,Financial,65.73,,,0.87
Motilal Oswal Nifty 500 ETF,INF247L01BU1,152106,commodity,Commodities: Silver,Equity,Titan,Consumer Discretionary,77.17,,,0.87
Motilal Oswal Nifty 500 ETF,INF247L01BU1,152106,commodity,Commodities: Silver,Equity,Hindalco Ind,Materials,16.96,,,0.84
Motilal Oswal Nifty 500 ETF,INF247L01BU1,152106,commodity,Commodities: Silver,Equity,Bharat Electronics,Industrials,51.44,,,0.76
Motilal Oswal Nifty 500 ETF,INF247L01BU1,152106,commodity,Commodities: Silver,Equity,Ultratech Cement,Materials,40.9,,,0.7
Motilal Oswal Nifty 500 ETF,INF247L01BU1,152106,commodity,Commodities: Silver,Equity,Adani Ports,Industrials,33.02,,,0.69
Motilal Oswal Nifty 500 Index Dir,INF247L01957,147625,commodity,Commodities: Silver,Equity,HDFC Bank,Financial,15.76,,,5.88
Motilal Oswal Nifty 500 Index Dir,INF247L01957,147625,commodity,Commodities: Silver,Equity,ICICI Bank,Financial,17.8,,,4.63
Motilal Oswal Nifty 500 Index Dir,INF247L01957,147625,commodity,Commodities: Silver,Equity,Reliance Ind,Energy & Utilities,22.25,,,4.6
Motilal Oswal Nifty 500 Index Dir,INF247L01957,147625,commodity,Commodities: Silver,Equity,Bharti Airtel,Technology,43.19,,,2.9
Motilal Oswal Nifty 500 Index Dir,INF247L01957,147625,commodity,Commodities: Silver,Equity,Larsen & Toubro,Industrials,35.92,,,2.47
Motilal Oswal Nifty 500 Index Dir,INF247L01957,147625,commodity,Commodities: Silver,Equity,Infosys,Technology,14.36,,,2.1
Motilal Oswal Nifty 500 Index Dir,INF247L01957,147625,commodity,Commodities: Silver,Equity,SBI,Financial,11.46,,,2.07
Motilal Oswal Nifty 500 Index Dir,INF247L01957,147625,commodity,Commodities: Silver,Equity,Axis Bank,Financial,15.95,,,1.9
Motilal Oswal Nifty 500 Index Dir,INF247L01957,147625,commodity,Commodities: Silver,Equity,Kotak Bank,Financial,20.63,,,1.46
Motilal Oswal Nifty 500 Index Dir,INF247L01957,147625,commodity,Commodities: Silver,Equity,ITC,Consumer Staples,17.56,,,1.43
Motilal Oswal Nifty 500 Index Dir,INF247L01957,147625,commodity,Commodities: Silver,Equity,Mahindra & Mahindra,Consumer Discretionary,22.36,,,1.4
Motilal Oswal Nifty 500 Index Dir,INF247L01957,147625,commodity,Commodities: Silver,Equity,Bajaj Finance,Financial,31.57,,,1.25
Motilal Oswal Nifty 500 Index Dir,INF247L01957,147625,commodity,Commodities: Silver,Equity,Tata Consultancy,Technology,15.33,,,1.19
Motilal Oswal Nifty 500 Index Dir,INF247L01957,147625,commodity,Commodities: Silver,Equity,Hindustan Unilever,Consumer Staples,34.14,,,0.99
Motilal Oswal Nifty 500 Index Dir,INF247L01957,147625,commodity,Commodities: Silver,Equity,Sun Pharmaceutical,Healthcare,38.15,,,0.98
Motilal Oswal Nifty 500 Index Dir,INF247L01957,147625,commodity,Commodities: Silver,Equity,NTPC,Energy & Utilities,13.09,,,0.95
Motilal Oswal Nifty 500 Index Dir,INF247L01957,147625,commodity,Commodities: Silver,Equity,Eternal,Technology,688.71,,,0.93
Motilal Oswal Nifty 500 Index Dir,INF247L01957,147625,commodity,Commodities: Silver,Equity,Tata Steel,Materials,22.91,,,0.89
Motilal Oswal Nifty 500 Index Dir,INF247L01957,147625,commodity,Commodities: Silver,Equity,Maruti Suzuki,Consumer Discretionary,28.73,,,0.89
Motilal Oswal Nifty 500 Index Dir,INF247L01957,147625,commodity,Commodities: Silver,Equity,BSE,Financial,65.73,,,0.87
Motilal Oswal Nifty 500 Index Dir,INF247L01957,147625,commodity,Commodities: Silver,Equity,Titan,Consumer Discretionary,77.17,,,0.87
Motilal Oswal Nifty 500 Index Dir,INF247L01957,147625,commodity,Commodities: Silver,Equity,Hindalco Ind,Materials,16.96,,,0.84
Motilal Oswal Nifty 500 Index Dir,INF247L01957,147625,commodity,Commodities: Silver,Equity,Bharat Electronics,Industrials,51.44,,,0.76
Motilal Oswal Nifty 500 Index Dir,INF247L01957,147625,commodity,Commodities: Silver,Equity,Ultratech Cement,Materials,40.9,,,0.7
Motilal Oswal Nifty 500 Index Dir,INF247L01957,147625,commodity,Commodities: Silver,Equity,Adani Ports,Industrials,33.02,,,0.69
Motilal Oswal Nifty 500 Momentum 50 ETF,INF247L01DK8,152874,commodity,Commodities: Silver,Equity,Hindalco Ind,Materials,16.96,,,5.51
Motilal Oswal Nifty 500 Momentum 50 ETF,INF247L01DK8,152874,commodity,Commodities: Silver,Equity,BSE,Financial,65.73,,,4.85
Motilal Oswal Nifty 500 Momentum 50 ETF,INF247L01DK8,152874,commodity,Commodities: Silver,Equity,Eicher Motors,Consumer Discretionary,37.69,,,4.74
Motilal Oswal Nifty 500 Momentum 50 ETF,INF247L01DK8,152874,commodity,Commodities: Silver,Equity,Shriram Finance,Financial,23.5,,,4.7
Motilal Oswal Nifty 500 Momentum 50 ETF,INF247L01DK8,152874,commodity,Commodities: Silver,Equity,Asian Paints,Materials,60.52,,,4.49
Motilal Oswal Nifty 500 Momentum 50 ETF,INF247L01DK8,152874,commodity,Commodities: Silver,Equity,Bajaj Finance,Financial,31.57,,,4.45
Motilal Oswal Nifty 500 Momentum 50 ETF,INF247L01DK8,152874,commodity,Commodities: Silver,Equity,Bharti Airtel,Technology,43.19,,,4.26
Motilal Oswal Nifty 500 Momentum 50 ETF,INF247L01DK8,152874,commodity,Commodities: Silver,Equity,Mahindra & Mahindra,Consumer Discretionary,22.36,,,4.12
Motilal Oswal Nifty 500 Momentum 50 ETF,INF247L01DK8,152874,commodity,Commodities: Silver,Equity,Maruti Suzuki,Consumer Discretionary,28.73,,,3.88
Motilal Oswal Nifty 500 Momentum 50 ETF,INF247L01DK8,152874,commodity,Commodities: Silver,Equity,MCX,Financial,53.17,,,3.29
Motilal Oswal Nifty 500 Momentum 50 ETF,INF247L01DK8,152874,commodity,Commodities: Silver,Equity,TVS Motor,Consumer Discretionary,54.03,,,3.21
Motilal Oswal Nifty 500 Momentum 50 ETF,INF247L01DK8,152874,commodity,Commodities: Silver,Equity,Laurus Labs,Healthcare,86.1,,,3.05
Motilal Oswal Nifty 500 Momentum 50 ETF,INF247L01DK8,152874,commodity,Commodities: Silver,Equity,Cummins India,Industrials,68.6,,,3.03
Motilal Oswal Nifty 500 Momentum 50 ETF,INF247L01DK8,152874,commodity,Commodities: Silver,Equity,Interglobe Aviation,Industrials,,,,2.92
Motilal Oswal Nifty 500 Momentum 50 ETF,INF247L01DK8,152874,commodity,Commodities: Silver,Equity,Hero Motocorp,Consumer Discretionary,17.3,,,2.85
Motilal Oswal Nifty 500 Momentum 50 ETF,INF247L01DK8,152874,commodity,Commodities: Silver,Equity,The Federal Bank,Financial,18.3,,,2.57
Motilal Oswal Nifty 500 Momentum 50 ETF,INF247L01DK8,152874,commodity,Commodities: Silver,Equity,AU Small Fin Bank,Financial,29.3,,,2.55
Motilal Oswal Nifty 500 Momentum 50 ETF,INF247L01DK8,152874,commodity,Commodities: Silver,Equity,Muthoot Finance,Financial,11.82,,,2.39
Motilal Oswal Nifty 500 Momentum 50 ETF,INF247L01DK8,152874,commodity,Commodities: Silver,Equity,GE Vernova T&D,Industrials,111.6,,,2.22
Motilal Oswal Nifty 500 Momentum 50 ETF,INF247L01DK8,152874,commodity,Commodities: Silver,Equity,L&T Fin,Financial,24.11,,,1.88
Motilal Oswal Nifty 500 Momentum 50 ETF,INF247L01DK8,152874,commodity,Commodities: Silver,Equity,Canara Bank,Financial,6.8,,,1.82
Motilal Oswal Nifty 500 Momentum 50 ETF,INF247L01DK8,152874,commodity,Commodities: Silver,Equity,One97 Comm,Industrials,126.07,,,1.76
Motilal Oswal Nifty 500 Momentum 50 ETF,INF247L01DK8,152874,commodity,Commodities: Silver,Equity,Fortis Healthcare,Healthcare,69.79,,,1.73
Motilal Oswal Nifty 500 Momentum 50 ETF,INF247L01DK8,152874,commodity,Commodities: Silver,Equity,Cholamandalam Inv,Financial,27.55,,,1.72
Motilal Oswal Nifty 500 Momentum 50 ETF,INF247L01DK8,152874,commodity,Commodities: Silver,Equity,Max Financial,Financial,677.32,,,1.68
Motilal Oswal Nifty 500 Momentum 50 Index Dir,INF247L01DL6,152875,commodity,Commodities: Silver,Equity,Hindalco Ind,Materials,16.96,,,5.51
Motilal Oswal Nifty 500 Momentum 50 Index Dir,INF247L01DL6,152875,commodity,Commodities: Silver,Equity,BSE,Financial,65.73,,,4.85
Motilal Oswal Nifty 500 Momentum 50 Index Dir,INF247L01DL6,152875,commodity,Commodities: Silver,Equity,Eicher Motors,Consumer Discretionary,37.69,,,4.74
Motilal Oswal Nifty 500 Momentum 50 Index Dir,INF247L01DL6,152875,commodity,Commodities: Silver,Equity,Shriram Finance,Financial,23.5,,,4.7
Motilal Oswal Nifty 500 Momentum 50 Index Dir,INF247L01DL6,152875,commodity,Commodities: Silver,Equity,Asian Paints,Materials,60.52,,,4.49
Motilal Oswal Nifty 500 Momentum 50 Index Dir,INF247L01DL6,152875,commodity,Commodities: Silver,Equity,Bajaj Finance,Financial,31.57,,,4.45
Motilal Oswal Nifty 500 Momentum 50 Index Dir,INF247L01DL6,152875,commodity,Commodities: Silver,Equity,Bharti Airtel,Technology,43.19,,,4.26
Motilal Oswal Nifty 500 Momentum 50 Index Dir,INF247L01DL6,152875,commodity,Commodities: Silver,Equity,Mahindra & Mahindra,Consumer Discretionary,22.36,,,4.12
Motilal Oswal Nifty 500 Momentum 50 Index Dir,INF247L01DL6,152875,commodity,Commodities: Silver,Equity,Maruti Suzuki,Consumer Discretionary,28.73,,,3.88
Motilal Oswal Nifty 500 Momentum 50 Index Dir,INF247L01DL6,152875,commodity,Commodities: Silver,Equity,MCX,Financial,53.17,,,3.29
Motilal Oswal Nifty 500 Momentum 50 Index Dir,INF247L01DL6,152875,commodity,Commodities: Silver,Equity,TVS Motor,Consumer Discretionary,54.03,,,3.21
Motilal Oswal Nifty 500 Momentum 50 Index Dir,INF247L01DL6,152875,commodity,Commodities: Silver,Equity,Laurus Labs,Healthcare,86.1,,,3.05
Motilal Oswal Nifty 500 Momentum 50 Index Dir,INF247L01DL6,152875,commodity,Commodities: Silver,Equity,Cummins India,Industrials,68.6,,,3.03
Motilal Oswal Nifty 500 Momentum 50 Index Dir,INF247L01DL6,152875,commodity,Commodities: Silver,Equity,Interglobe Aviation,Industrials,,,,2.92
Motilal Oswal Nifty 500 Momentum 50 Index Dir,INF247L01DL6,152875,commodity,Commodities: Silver,Equity,Hero Motocorp,Consumer Discretionary,17.3,,,2.85
Motilal Oswal Nifty 500 Momentum 50 Index Dir,INF247L01DL6,152875,commodity,Commodities: Silver,Equity,The Federal Bank,Financial,18.3,,,2.57
Motilal Oswal Nifty 500 Momentum 50 Index Dir,INF247L01DL6,152875,commodity,Commodities: Silver,Equity,AU Small Fin Bank,Financial,29.3,,,2.55
Motilal Oswal Nifty 500 Momentum 50 Index Dir,INF247L01DL6,152875,commodity,Commodities: Silver,Equity,Muthoot Finance,Financial,11.82,,,2.39
Motilal Oswal Nifty 500 Momentum 50 Index Dir,INF247L01DL6,152875,commodity,Commodities: Silver,Equity,GE Vernova T&D,Industrials,111.6,,,2.22
Motilal Oswal Nifty 500 Momentum 50 Index Dir,INF247L01DL6,152875,commodity,Commodities: Silver,Equity,L&T Fin,Financial,24.11,,,1.88
Motilal Oswal Nifty 500 Momentum 50 Index Dir,INF247L01DL6,152875,commodity,Commodities: Silver,Equity,Canara Bank,Financial,6.8,,,1.82
Motilal Oswal Nifty 500 Momentum 50 Index Dir,INF247L01DL6,152875,commodity,Commodities: Silver,Equity,One97 Comm,Industrials,126.07,,,1.76
Motilal Oswal Nifty 500 Momentum 50 Index Dir,INF247L01DL6,152875,commodity,Commodities: Silver,Equity,Fortis Healthcare,Healthcare,69.79,,,1.74
Motilal Oswal Nifty 500 Momentum 50 Index Dir,INF247L01DL6,152875,commodity,Commodities: Silver,Equity,Cholamandalam Inv,Financial,27.55,,,1.72
Motilal Oswal Nifty 500 Momentum 50 Index Dir,INF247L01DL6,152875,commodity,Commodities: Silver,Equity,Max Financial,Financial,677.32,,,1.68
Motilal Oswal Nifty Alpha 50 ETF,INF247L01FR8,153724,commodity,Commodities: Silver,Equity,GE Vernova T&D,Industrials,111.6,,,5.55
Motilal Oswal Nifty Alpha 50 ETF,INF247L01FR8,153724,commodity,Commodities: Silver,Equity,Hitachi Energy,Industrials,164.47,,,4.47
Motilal Oswal Nifty Alpha 50 ETF,INF247L01FR8,153724,commodity,Commodities: Silver,Equity,Hindustan Copper,Materials,53.21,,,3.95
Motilal Oswal Nifty Alpha 50 ETF,INF247L01FR8,153724,commodity,Commodities: Silver,Equity,MCX,Financial,53.17,,,3.54
Motilal Oswal Nifty Alpha 50 ETF,INF247L01FR8,153724,commodity,Commodities: Silver,Equity,Laurus Labs,Healthcare,86.1,,,3.32
Motilal Oswal Nifty Alpha 50 ETF,INF247L01FR8,153724,commodity,Commodities: Silver,Equity,Aditya Birla,Financial,26.17,,,3.18
Motilal Oswal Nifty Alpha 50 ETF,INF247L01FR8,153724,commodity,Commodities: Silver,Equity,RBL Bank,Financial,66.18,,,2.79
Motilal Oswal Nifty Alpha 50 ETF,INF247L01FR8,153724,commodity,Commodities: Silver,Equity,L&T Fin,Financial,24.11,,,2.75
Motilal Oswal Nifty Alpha 50 ETF,INF247L01FR8,153724,commodity,Commodities: Silver,Equity,Apar,Diversified,64.77,,,2.68
Motilal Oswal Nifty Alpha 50 ETF,INF247L01FR8,153724,commodity,Commodities: Silver,Equity,Polycab India,Industrials,56.42,,,2.61
Motilal Oswal Nifty Alpha 50 ETF,INF247L01FR8,153724,commodity,Commodities: Silver,Equity,National Aluminium,Materials,11.8,,,2.54
Motilal Oswal Nifty Alpha 50 ETF,INF247L01FR8,153724,commodity,Commodities: Silver,Equity,Cummins India,Industrials,68.6,,,2.45
Motilal Oswal Nifty Alpha 50 ETF,INF247L01FR8,153724,commodity,Commodities: Silver,Equity,Karur Vysya Bank,Financial,11.2,,,2.38
Motilal Oswal Nifty Alpha 50 ETF,INF247L01FR8,153724,commodity,Commodities: Silver,Equity,BSE,Financial,65.73,,,2.3
Motilal Oswal Nifty Alpha 50 ETF,INF247L01FR8,153724,commodity,Commodities: Silver,Equity,Canara Bank,Financial,6.8,,,2.23
Motilal Oswal Nifty Alpha 50 ETF,INF247L01FR8,153724,commodity,Commodities: Silver,Equity,Max Financial,Financial,677.32,,,2.22
Motilal Oswal Nifty Alpha 50 ETF,INF247L01FR8,153724,commodity,Commodities: Silver,Equity,Bharat Forge,Consumer Discretionary,90.13,,,2.18
Motilal Oswal Nifty Alpha 50 ETF,INF247L01FR8,153724,commodity,Commodities: Silver,Equity,Ashok Leyland,Industrials,26.42,,,2.15
Motilal Oswal Nifty Alpha 50 ETF,INF247L01FR8,153724,commodity,Commodities: Silver,Equity,Indian Bank,Financial,10.07,,,2.13
Motilal Oswal Nifty Alpha 50 ETF,INF247L01FR8,153724,commodity,Commodities: Silver,Equity,Delhivery,Industrials,225.47,,,2.07
Motilal Oswal Nifty Alpha 50 ETF,INF247L01FR8,153724,commodity,Commodities: Silver,Equity,AU Small Fin Bank,Financial,29.3,,,2.02
Motilal Oswal Nifty Alpha 50 ETF,INF247L01FR8,153724,commodity,Commodities: Silver,Equity,Navin Fluorine,Materials,57.43,,,1.98
Motilal Oswal Nifty Alpha 50 ETF,INF247L01FR8,153724,commodity,Commodities: Silver,Equity,The Federal Bank,Financial,18.3,,,1.97
Motilal Oswal Nifty Alpha 50 ETF,INF247L01FR8,153724,commodity,Commodities: Silver,Equity,Glenmark Pharmaceuticals,Healthcare,45.49,,,1.94
Motilal Oswal Nifty Alpha 50 ETF,INF247L01FR8,153724,commodity,Commodities: Silver,Equity,Bharat Electronics,Industrials,51.44,,,1.94
Navi Flexi Cap Dir,INF959L01DT9,143793,commodity,Commodities: Silver,Equity,ICICI Bank,Financial,17.8,,,4.16
Navi Flexi Cap Dir,INF959L01DT9,143793,commodity,Commodities: Silver,Equity,Axis Bank,Financial,15.95,,,4.09
Navi Flexi Cap Dir,INF959L01DT9,143793,commodity,Commodities: Silver,Equity,HDFC Bank,Financial,15.76,,,3.68
Navi Flexi Cap Dir,INF959L01DT9,143793,commodity,Commodities: Silver,Equity,Usha Martin,Materials,31.81,,,3.35
Navi Flexi Cap Dir,INF959L01DT9,143793,commodity,Commodities: Silver,Equity,Kotak Bank,Financial,20.63,,,2.97
Navi Flexi Cap Dir,INF959L01DT9,143793,commodity,Commodities: Silver,Equity,Samvardhana Motherson,Consumer Discretionary,39.79,,,2.8
Navi Flexi Cap Dir,INF959L01DT9,143793,commodity,Commodities: Silver,Equity,SJS Enterprises,Consumer Discretionary,41.59,,,2.65
Navi Flexi Cap Dir,INF959L01DT9,143793,commodity,Commodities: Silver,Equity,Varun Beverages,Consumer Staples,56.66,,,2.57
Navi Flexi Cap Dir,INF959L01DT9,143793,commodity,Commodities: Silver,Equity,Rainbow Children's,Healthcare,52.53,,,2.49
Navi Flexi Cap Dir,INF959L01DT9,143793,commodity,Commodities: Silver,Equity,Fiem,Consumer Discretionary,23.45,,,2.24
Navi Flexi Cap Dir,INF959L01DT9,143793,commodity,Commodities: Silver,Equity,Astral,Industrials,77.04,,,2.17
Navi Flexi Cap Dir,INF959L01DT9,143793,commodity,Commodities: Silver,Equity,Reliance Ind,Energy & Utilities,22.25,,,2.14
Navi Flexi Cap Dir,INF959L01DT9,143793,commodity,Commodities: Silver,Equity,BLS International,Technology,15.85,,,2.13
Navi Flexi Cap Dir,INF959L01DT9,143793,commodity,Commodities: Silver,Equity,Bharti Airtel,Technology,43.19,,,2.03
Navi Flexi Cap Dir,INF959L01DT9,143793,commodity,Commodities: Silver,Equity,Apollo Hospitals,Healthcare,62.53,,,2
Navi Flexi Cap Dir,INF959L01DT9,143793,commodity,Commodities: Silver,Equity,CreditAccess Grameen,Financial,28.88,,,1.9
Navi Flexi Cap Dir,INF959L01DT9,143793,commodity,Commodities: Silver,Equity,Larsen & Toubro,Industrials,35.92,,,1.84
Navi Flexi Cap Dir,INF959L01DT9,143793,commodity,Commodities: Silver,Equity,Shriram Finance,Financial,23.5,,,1.76
Navi Flexi Cap Dir,INF959L01DT9,143793,commodity,Commodities: Silver,Equity,Canara Robeco Asset Management,Financial,24.85,,,1.74
Navi Flexi Cap Dir,INF959L01DT9,143793,commodity,Commodities: Silver,Equity,Lumax,Consumer Discretionary,28.79,,,1.69
Navi Flexi Cap Dir,INF959L01DT9,143793,commodity,Commodities: Silver,Equity,Yash Highvoltage,Industrials,64.17,,,1.66
Navi Flexi Cap Dir,INF959L01DT9,143793,commodity,Commodities: Silver,Equity,Dhanuka Agritech,Materials,16.67,,,1.47
Navi Flexi Cap Dir,INF959L01DT9,143793,commodity,Commodities: Silver,Equity,UPL,Materials,26.77,,,1.46
Navi Flexi Cap Dir,INF959L01DT9,143793,commodity,Commodities: Silver,Equity,ITC,Consumer Staples,17.56,,,1.44
Navi Flexi Cap Dir,INF959L01DT9,143793,commodity,Commodities: Silver,Equity,ASK Automotive,Consumer Discretionary,31.03,,,1.42
Nippon India Diversified Equity Flexicap Passive FoF Dir,INF204KB16X6,148642,commodity,Commodities: Silver,Equity,Nippon India ETF Nifty 100-IDCW,Unspecified,,,,72.32
Nippon India Diversified Equity Flexicap Passive FoF Dir,INF204KB16X6,148642,commodity,Commodities: Silver,Equity,Nippon MID150BEES ETF,Unspecified,,,,15.32
Nippon India Diversified Equity Flexicap Passive FoF Dir,INF204KB16X6,148642,commodity,Commodities: Silver,Equity,Nippon India Nifty Smallcap 250 Index Direct-G,Unspecified,,,,11.39
Nippon India Flexi Cap Dir,INF204KB1YC1,140869,commodity,Commodities: Silver,Equity,ICICI Bank,Financial,17.8,,,6.64
Nippon India Flexi Cap Dir,INF204KB1YC1,140869,commodity,Commodities: Silver,Equity,HDFC Bank,Financial,15.76,,,6.06
Nippon India Flexi Cap Dir,INF204KB1YC1,140869,commodity,Commodities: Silver,Equity,Axis Bank,Financial,15.95,,,4.05
Nippon India Flexi Cap Dir,INF204KB1YC1,140869,commodity,Commodities: Silver,Equity,Reliance Ind,Energy & Utilities,22.25,,,3.73
Nippon India Flexi Cap Dir,INF204KB1YC1,140869,commodity,Commodities: Silver,Equity,Larsen & Toubro,Industrials,35.92,,,2.82
Nippon India Flexi Cap Dir,INF204KB1YC1,140869,commodity,Commodities: Silver,Equity,Mahindra & Mahindra,Consumer Discretionary,22.36,,,2.41
Nippon India Flexi Cap Dir,INF204KB1YC1,140869,commodity,Commodities: Silver,Equity,Samvardhana Motherson,Consumer Discretionary,39.79,,,2.01
Nippon India Flexi Cap Dir,INF204KB1YC1,140869,commodity,Commodities: Silver,Equity,SBI,Financial,11.46,,,1.98
Nippon India Flexi Cap Dir,INF204KB1YC1,140869,commodity,Commodities: Silver,Equity,Bharti Airtel,Technology,43.19,,,1.96
Nippon India Flexi Cap Dir,INF204KB1YC1,140869,commodity,Commodities: Silver,Equity,NTPC,Energy & Utilities,13.09,,,1.89
Nippon India Flexi Cap Dir,INF204KB1YC1,140869,commodity,Commodities: Silver,Equity,Bajaj Finance,Financial,31.57,,,1.82
Nippon India Flexi Cap Dir,INF204KB1YC1,140869,commodity,Commodities: Silver,Equity,Siemens Energy India,Energy & Utilities,103.2,,,1.79
Nippon India Flexi Cap Dir,INF204KB1YC1,140869,commodity,Commodities: Silver,Equity,Mankind Pharma,Healthcare,52.33,,,1.75
Nippon India Flexi Cap Dir,INF204KB1YC1,140869,commodity,Commodities: Silver,Equity,Jindal Steel,Materials,34.38,,,1.75
Nippon India Flexi Cap Dir,INF204KB1YC1,140869,commodity,Commodities: Silver,Equity,Kirloskar Oil,Industrials,49.92,,,1.64
Nippon India Flexi Cap Dir,INF204KB1YC1,140869,commodity,Commodities: Silver,Equity,Eternal,Technology,688.71,,,1.6
Nippon India Flexi Cap Dir,INF204KB1YC1,140869,commodity,Commodities: Silver,Equity,Bharat Heavy Elect,Industrials,89.9,,,1.56
Nippon India Flexi Cap Dir,INF204KB1YC1,140869,commodity,Commodities: Silver,Equity,Radico Khaitan,Consumer Staples,82.99,,,1.51
Nippon India Flexi Cap Dir,INF204KB1YC1,140869,commodity,Commodities: Silver,Equity,Hindustan Aero,Industrials,32.38,,,1.48
Nippon India Flexi Cap Dir,INF204KB1YC1,140869,commodity,Commodities: Silver,Equity,Maruti Suzuki,Consumer Discretionary,28.73,,,1.46
Nippon India Flexi Cap Dir,INF204KB1YC1,140869,commodity,Commodities: Silver,Equity,Varun Beverages,Consumer Staples,56.66,,,1.39
Nippon India Flexi Cap Dir,INF204KB1YC1,140869,commodity,Commodities: Silver,Equity,Interglobe Aviation,Industrials,,,,1.36
Nippon India Flexi Cap Dir,INF204KB1YC1,140869,commodity,Commodities: Silver,Equity,Aditya Birla AMC,Financial,34.36,,,1.31
Nippon India Flexi Cap Dir,INF204KB1YC1,140869,commodity,Commodities: Silver,Equity,Swiggy,Technology,,,,1.28
Nippon India Flexi Cap Dir,INF204KB1YC1,140869,commodity,Commodities: Silver,Equity,Coforge,Technology,41.51,,,1.25
Nippon India Focused Dir,INF204K01F95,118692,commodity,Commodities: Silver,Equity,ICICI Bank,Financial,17.8,,,8.56
Nippon India Focused Dir,INF204K01F95,118692,commodity,Commodities: Silver,Equity,HDFC Bank,Financial,15.76,,,8.25
Nippon India Focused Dir,INF204K01F95,118692,commodity,Commodities: Silver,Equity,Axis Bank,Financial,15.95,,,7.02
Nippon India Focused Dir,INF204K01F95,118692,commodity,Commodities: Silver,Equity,Infosys,Technology,14.36,,,4.75
Nippon India Focused Dir,INF204K01F95,118692,commodity,Commodities: Silver,Equity,Eternal,Technology,688.71,,,4.27
Nippon India Focused Dir,INF204K01F95,118692,commodity,Commodities: Silver,Equity,Varun Beverages,Consumer Staples,56.66,,,4.11
Nippon India Focused Dir,INF204K01F95,118692,commodity,Commodities: Silver,Equity,SBI,Financial,11.46,,,3.99
Nippon India Focused Dir,INF204K01F95,118692,commodity,Commodities: Silver,Equity,Bajaj Finserv,Financial,28.85,,,3.62
Nippon India Focused Dir,INF204K01F95,118692,commodity,Commodities: Silver,Equity,Trent,Consumer Discretionary,97.62,,,3.61
Nippon India Focused Dir,INF204K01F95,118692,commodity,Commodities: Silver,Equity,Siemens Energy India,Energy & Utilities,103.2,,,3.6
Nippon India Focused Dir,INF204K01F95,118692,commodity,Commodities: Silver,Equity,Hindustan Aero,Industrials,32.38,,,3.53
Nippon India Focused Dir,INF204K01F95,118692,commodity,Commodities: Silver,Equity,SBI Cards,Financial,27,,,3.35
Nippon India Focused Dir,INF204K01F95,118692,commodity,Commodities: Silver,Equity,Samvardhana Motherson,Consumer Discretionary,39.79,,,3.19
Nippon India Focused Dir,INF204K01F95,118692,commodity,Commodities: Silver,Equity,Reliance Ind,Energy & Utilities,22.25,,,3.08
Nippon India Focused Dir,INF204K01F95,118692,commodity,Commodities: Silver,Equity,Syngene Intl,Healthcare,55.82,,,3.03
Nippon India Focused Dir,INF204K01F95,118692,commodity,Commodities: Silver,Equity,FSN E-Commerce,Consumer Discretionary,433.94,,,2.99
Nippon India Focused Dir,INF204K01F95,118692,commodity,Commodities: Silver,Equity,Tube Investments,Consumer Discretionary,99.72,,,2.58
Nippon India Focused Dir,INF204K01F95,118692,commodity,Commodities: Silver,Equity,3M India,Diversified,70.85,,,2.53
Nippon India Focused Dir,INF204K01F95,118692,commodity,Commodities: Silver,Equity,Angel One,Financial,35.26,,,2.48
Nippon India Focused Dir,INF204K01F95,118692,commodity,Commodities: Silver,Equity,Bharat Heavy Elect,Industrials,89.9,,,2.44
Nippon India Focused Dir,INF204K01F95,118692,commodity,Commodities: Silver,Equity,Medplus Health,Healthcare,46.44,,,2.24
Nippon India Focused Dir,INF204K01F95,118692,commodity,Commodities: Silver,Equity,ONGC,Energy & Utilities,7.42,,,2.22
Nippon India Focused Dir,INF204K01F95,118692,commodity,Commodities: Silver,Equity,Swiggy,Technology,,,,1.96
Nippon India Focused Dir,INF204K01F95,118692,commodity,Commodities: Silver,Equity,Biocon,Healthcare,174.74,,,1.94
Nippon India Focused Dir,INF204K01F95,118692,commodity,Commodities: Silver,Equity,Tata Motors,Industrials,48.67,,,1.48
Nippon India Nifty 500 Low Volatility 50 Index Dir,INF204KC1EQ2,153474,commodity,Commodities: Silver,Equity,Coal India,Materials,8.9,,,5.22
Nippon India Nifty 500 Low Volatility 50 Index Dir,INF204KC1EQ2,153474,commodity,Commodities: Silver,Equity,Asian Paints,Materials,60.52,,,5.11
Nippon India Nifty 500 Low Volatility 50 Index Dir,INF204KC1EQ2,153474,commodity,Commodities: Silver,Equity,Power Grid,Energy & Utilities,17.02,,,5
Nippon India Nifty 500 Low Volatility 50 Index Dir,INF204KC1EQ2,153474,commodity,Commodities: Silver,Equity,Bajaj Finance,Financial,31.57,,,4.77
Nippon India Nifty 500 Low Volatility 50 Index Dir,INF204KC1EQ2,153474,commodity,Commodities: Silver,Equity,Bharti Airtel,Technology,43.19,,,4.56
Nippon India Nifty 500 Low Volatility 50 Index Dir,INF204KC1EQ2,153474,commodity,Commodities: Silver,Equity,Bajaj Auto,Consumer Discretionary,26.01,,,4.18
Nippon India Nifty 500 Low Volatility 50 Index Dir,INF204KC1EQ2,153474,commodity,Commodities: Silver,Equity,Maruti Suzuki,Consumer Discretionary,28.73,,,4.15
Nippon India Nifty 500 Low Volatility 50 Index Dir,INF204KC1EQ2,153474,commodity,Commodities: Silver,Equity,Apollo Hospitals,Healthcare,62.53,,,3.78
Nippon India Nifty 500 Low Volatility 50 Index Dir,INF204KC1EQ2,153474,commodity,Commodities: Silver,Equity,Tata Consultancy,Technology,15.33,,,3.62
Nippon India Nifty 500 Low Volatility 50 Index Dir,INF204KC1EQ2,153474,commodity,Commodities: Silver,Equity,Eicher Motors,Consumer Discretionary,37.69,,,3.61
Nippon India Nifty 500 Low Volatility 50 Index Dir,INF204KC1EQ2,153474,commodity,Commodities: Silver,Equity,ONGC,Energy & Utilities,7.42,,,3.56
Nippon India Nifty 500 Low Volatility 50 Index Dir,INF204KC1EQ2,153474,commodity,Commodities: Silver,Equity,Dr. Reddy'S Labs,Healthcare,25.16,,,3.4
Nippon India Nifty 500 Low Volatility 50 Index Dir,INF204KC1EQ2,153474,commodity,Commodities: Silver,Equity,Britannia Ind,Consumer Staples,49.34,,,3.12
Nippon India Nifty 500 Low Volatility 50 Index Dir,INF204KC1EQ2,153474,commodity,Commodities: Silver,Equity,Tech Mahindra,Technology,28.24,,,2.97
Nippon India Nifty 500 Low Volatility 50 Index Dir,INF204KC1EQ2,153474,commodity,Commodities: Silver,Equity,HDFC Life,Financial,66.46,,,2.85
Nippon India Nifty 500 Low Volatility 50 Index Dir,INF204KC1EQ2,153474,commodity,Commodities: Silver,Equity,The Federal Bank,Financial,18.3,,,2.55
Nippon India Nifty 500 Low Volatility 50 Index Dir,INF204KC1EQ2,153474,commodity,Commodities: Silver,Equity,Tata Power,Energy & Utilities,34.16,,,2.33
Nippon India Nifty 500 Low Volatility 50 Index Dir,INF204KC1EQ2,153474,commodity,Commodities: Silver,Equity,Divi's Lab,Healthcare,69.75,,,2.23
Nippon India Nifty 500 Low Volatility 50 Index Dir,INF204KC1EQ2,153474,commodity,Commodities: Silver,Equity,TVS Motor,Consumer Discretionary,54.03,,,2.16
Nippon India Nifty 500 Low Volatility 50 Index Dir,INF204KC1EQ2,153474,commodity,Commodities: Silver,Equity,Marico,Consumer Staples,60.11,,,2.07
Nippon India Nifty 500 Low Volatility 50 Index Dir,INF204KC1EQ2,153474,commodity,Commodities: Silver,Equity,Torrent Pharma,Healthcare,69.41,,,2.05
Nippon India Nifty 500 Low Volatility 50 Index Dir,INF204KC1EQ2,153474,commodity,Commodities: Silver,Equity,Hero Motocorp,Consumer Discretionary,17.3,,,1.88
Nippon India Nifty 500 Low Volatility 50 Index Dir,INF204KC1EQ2,153474,commodity,Commodities: Silver,Equity,Indian Oil,Energy & Utilities,4.8,,,1.73
Nippon India Nifty 500 Low Volatility 50 Index Dir,INF204KC1EQ2,153474,commodity,Commodities: Silver,Equity,Wipro,Technology,14.23,,,1.68
Nippon India Nifty 500 Low Volatility 50 Index Dir,INF204KC1EQ2,153474,commodity,Commodities: Silver,Equity,Max Financial,Financial,677.32,,,1.54
Nippon India Nifty 500 Momentum 50 Index Dir,INF204KC1DG5,152881,commodity,Commodities: Silver,Equity,Hindalco Ind,Materials,16.96,,,5.51
Nippon India Nifty 500 Momentum 50 Index Dir,INF204KC1DG5,152881,commodity,Commodities: Silver,Equity,BSE,Financial,65.73,,,4.85
Nippon India Nifty 500 Momentum 50 Index Dir,INF204KC1DG5,152881,commodity,Commodities: Silver,Equity,Eicher Motors,Consumer Discretionary,37.69,,,4.73
Nippon India Nifty 500 Momentum 50 Index Dir,INF204KC1DG5,152881,commodity,Commodities: Silver,Equity,Shriram Finance,Financial,23.5,,,4.7
Nippon India Nifty 500 Momentum 50 Index Dir,INF204KC1DG5,152881,commodity,Commodities: Silver,Equity,Asian Paints,Materials,60.52,,,4.49
Nippon India Nifty 500 Momentum 50 Index Dir,INF204KC1DG5,152881,commodity,Commodities: Silver,Equity,Bajaj Finance,Financial,31.57,,,4.45
Nippon India Nifty 500 Momentum 50 Index Dir,INF204KC1DG5,152881,commodity,Commodities: Silver,Equity,Bharti Airtel,Technology,43.19,,,4.26
Nippon India Nifty 500 Momentum 50 Index Dir,INF204KC1DG5,152881,commodity,Commodities: Silver,Equity,Mahindra & Mahindra,Consumer Discretionary,22.36,,,4.12
Nippon India Nifty 500 Momentum 50 Index Dir,INF204KC1DG5,152881,commodity,Commodities: Silver,Equity,Maruti Suzuki,Consumer Discretionary,28.73,,,3.88
Nippon India Nifty 500 Momentum 50 Index Dir,INF204KC1DG5,152881,commodity,Commodities: Silver,Equity,MCX,Financial,53.17,,,3.29
Nippon India Nifty 500 Momentum 50 Index Dir,INF204KC1DG5,152881,commodity,Commodities: Silver,Equity,TVS Motor,Consumer Discretionary,54.03,,,3.2
Nippon India Nifty 500 Momentum 50 Index Dir,INF204KC1DG5,152881,commodity,Commodities: Silver,Equity,Laurus Labs,Healthcare,86.1,,,3.05
Nippon India Nifty 500 Momentum 50 Index Dir,INF204KC1DG5,152881,commodity,Commodities: Silver,Equity,Cummins India,Industrials,68.6,,,3.03
Nippon India Nifty 500 Momentum 50 Index Dir,INF204KC1DG5,152881,commodity,Commodities: Silver,Equity,Interglobe Aviation,Industrials,,,,2.92
Nippon India Nifty 500 Momentum 50 Index Dir,INF204KC1DG5,152881,commodity,Commodities: Silver,Equity,Hero Motocorp,Consumer Discretionary,17.3,,,2.85
Nippon India Nifty 500 Momentum 50 Index Dir,INF204KC1DG5,152881,commodity,Commodities: Silver,Equity,The Federal Bank,Financial,18.3,,,2.57
Nippon India Nifty 500 Momentum 50 Index Dir,INF204KC1DG5,152881,commodity,Commodities: Silver,Equity,AU Small Fin Bank,Financial,29.3,,,2.55
Nippon India Nifty 500 Momentum 50 Index Dir,INF204KC1DG5,152881,commodity,Commodities: Silver,Equity,Muthoot Finance,Financial,11.82,,,2.39
Nippon India Nifty 500 Momentum 50 Index Dir,INF204KC1DG5,152881,commodity,Commodities: Silver,Equity,GE Vernova T&D,Industrials,111.6,,,2.22
Nippon India Nifty 500 Momentum 50 Index Dir,INF204KC1DG5,152881,commodity,Commodities: Silver,Equity,L&T Fin,Financial,24.11,,,1.88
Nippon India Nifty 500 Momentum 50 Index Dir,INF204KC1DG5,152881,commodity,Commodities: Silver,Equity,Canara Bank,Financial,6.8,,,1.82
Nippon India Nifty 500 Momentum 50 Index Dir,INF204KC1DG5,152881,commodity,Commodities: Silver,Equity,One97 Comm,Industrials,126.07,,,1.75
Nippon India Nifty 500 Momentum 50 Index Dir,INF204KC1DG5,152881,commodity,Commodities: Silver,Equity,Fortis Healthcare,Healthcare,69.79,,,1.73
Nippon India Nifty 500 Momentum 50 Index Dir,INF204KC1DG5,152881,commodity,Commodities: Silver,Equity,Cholamandalam Inv,Financial,27.55,,,1.72
Nippon India Nifty 500 Momentum 50 Index Dir,INF204KC1DG5,152881,commodity,Commodities: Silver,Equity,Max Financial,Financial,677.32,,,1.68
Nippon India Nifty 500 Quality 50 Index Dir,INF204KC1EW0,153470,commodity,Commodities: Silver,Equity,BSE,Financial,65.73,,,6.04
Nippon India Nifty 500 Quality 50 Index Dir,INF204KC1EW0,153470,commodity,Commodities: Silver,Equity,Bharat Electronics,Industrials,51.44,,,4.48
Nippon India Nifty 500 Quality 50 Index Dir,INF204KC1EW0,153470,commodity,Commodities: Silver,Equity,Coal India,Materials,8.9,,,3.98
Nippon India Nifty 500 Quality 50 Index Dir,INF204KC1EW0,153470,commodity,Commodities: Silver,Equity,Bajaj Auto,Consumer Discretionary,26.01,,,3.84
Nippon India Nifty 500 Quality 50 Index Dir,INF204KC1EW0,153470,commodity,Commodities: Silver,Equity,Suzlon Energy,Industrials,25.71,,,3.74
Nippon India Nifty 500 Quality 50 Index Dir,INF204KC1EW0,153470,commodity,Commodities: Silver,Equity,GE Vernova T&D,Industrials,111.6,,,3.61
Nippon India Nifty 500 Quality 50 Index Dir,INF204KC1EW0,153470,commodity,Commodities: Silver,Equity,Britannia Ind,Consumer Staples,49.34,,,3.54
Nippon India Nifty 500 Quality 50 Index Dir,INF204KC1EW0,153470,commodity,Commodities: Silver,Equity,Colgate-Palmolive,Consumer Staples,41.04,,,3.46
Nippon India Nifty 500 Quality 50 Index Dir,INF204KC1EW0,153470,commodity,Commodities: Silver,Equity,Tata Consultancy,Technology,15.33,,,3.38
Nippon India Nifty 500 Quality 50 Index Dir,INF204KC1EW0,153470,commodity,Commodities: Silver,Equity,CG Power,Industrials,125.19,,,3.37
Nippon India Nifty 500 Quality 50 Index Dir,INF204KC1EW0,153470,commodity,Commodities: Silver,Equity,Solar,Materials,98.23,,,3.04
Nippon India Nifty 500 Quality 50 Index Dir,INF204KC1EW0,153470,commodity,Commodities: Silver,Equity,Dixon Technologies,Consumer Discretionary,53.08,,,3.04
Nippon India Nifty 500 Quality 50 Index Dir,INF204KC1EW0,153470,commodity,Commodities: Silver,Equity,HDFC AMC,Financial,40.56,,,2.97
Nippon India Nifty 500 Quality 50 Index Dir,INF204KC1EW0,153470,commodity,Commodities: Silver,Equity,Marico,Consumer Staples,60.11,,,2.9
Nippon India Nifty 500 Quality 50 Index Dir,INF204KC1EW0,153470,commodity,Commodities: Silver,Equity,National Aluminium,Materials,11.8,,,2.73
Nippon India Nifty 500 Quality 50 Index Dir,INF204KC1EW0,153470,commodity,Commodities: Silver,Equity,ABB India,Industrials,99.94,,,2.68
Nippon India Nifty 500 Quality 50 Index Dir,INF204KC1EW0,153470,commodity,Commodities: Silver,Equity,Page,Consumer Discretionary,58.43,,,2.37
Nippon India Nifty 500 Quality 50 Index Dir,INF204KC1EW0,153470,commodity,Commodities: Silver,Equity,CAMS,Financial,42.9,,,2.33
Nippon India Nifty 500 Quality 50 Index Dir,INF204KC1EW0,153470,commodity,Commodities: Silver,Equity,Persistent Systems,Technology,40.32,,,2.22
Nippon India Nifty 500 Quality 50 Index Dir,INF204KC1EW0,153470,commodity,Commodities: Silver,Equity,Anand Rathi Wealth,Financial,78,,,2.1
Nippon India Nifty 500 Quality 50 Index Dir,INF204KC1EW0,153470,commodity,Commodities: Silver,Equity,Oracle Fin,Technology,31.44,,,2.02
Nippon India Nifty 500 Quality 50 Index Dir,INF204KC1EW0,153470,commodity,Commodities: Silver,Equity,Angel One,Financial,35.26,,,1.89
Nippon India Nifty 500 Quality 50 Index Dir,INF204KC1EW0,153470,commodity,Commodities: Silver,Equity,NMDC,Materials,10.46,,,1.85
Nippon India Nifty 500 Quality 50 Index Dir,INF204KC1EW0,153470,commodity,Commodities: Silver,Equity,Central Depository,Financial,62.73,,,1.68
Nippon India Nifty 500 Quality 50 Index Dir,INF204KC1EW0,153470,commodity,Commodities: Silver,Equity,LTIMindtree,Technology,22.53,,,1.58
Nippon India Retirement Wealth Creation Dir,INF204KA1B72,133568,commodity,Commodities: Silver,Equity,HDFC Bank,Financial,15.76,,,7.85
Nippon India Retirement Wealth Creation Dir,INF204KA1B72,133568,commodity,Commodities: Silver,Equity,ICICI Bank,Financial,17.8,,,7.33
Nippon India Retirement Wealth Creation Dir,INF204KA1B72,133568,commodity,Commodities: Silver,Equity,Reliance Ind,Energy & Utilities,22.25,,,4.46
Nippon India Retirement Wealth Creation Dir,INF204KA1B72,133568,commodity,Commodities: Silver,Equity,Axis Bank,Financial,15.95,,,4.24
Nippon India Retirement Wealth Creation Dir,INF204KA1B72,133568,commodity,Commodities: Silver,Equity,Infosys,Technology,14.36,,,4.2
Nippon India Retirement Wealth Creation Dir,INF204KA1B72,133568,commodity,Commodities: Silver,Equity,Larsen & Toubro,Industrials,35.92,,,3.56
Nippon India Retirement Wealth Creation Dir,INF204KA1B72,133568,commodity,Commodities: Silver,Equity,JSW Energy,Energy & Utilities,46.76,,,3.53
Nippon India Retirement Wealth Creation Dir,INF204KA1B72,133568,commodity,Commodities: Silver,Equity,SBI,Financial,11.46,,,3.3
Nippon India Retirement Wealth Creation Dir,INF204KA1B72,133568,commodity,Commodities: Silver,Equity,Mahindra & Mahindra,Consumer Discretionary,22.36,,,2.35
Nippon India Retirement Wealth Creation Dir,INF204KA1B72,133568,commodity,Commodities: Silver,Equity,Samvardhana Motherson,Consumer Discretionary,39.79,,,2.13
Nippon India Retirement Wealth Creation Dir,INF204KA1B72,133568,commodity,Commodities: Silver,Equity,Tech Mahindra,Technology,28.24,,,2.08
Nippon India Retirement Wealth Creation Dir,INF204KA1B72,133568,commodity,Commodities: Silver,Equity,NTPC,Energy & Utilities,13.09,,,2.04
Nippon India Retirement Wealth Creation Dir,INF204KA1B72,133568,commodity,Commodities: Silver,Equity,Varun Beverages,Consumer Staples,56.66,,,1.91
Nippon India Retirement Wealth Creation Dir,INF204KA1B72,133568,commodity,Commodities: Silver,Equity,Hindustan Aero,Industrials,32.38,,,1.91
Nippon India Retirement Wealth Creation Dir,INF204KA1B72,133568,commodity,Commodities: Silver,Equity,SBI Life Insurance,Financial,126.08,,,1.81
Nippon India Retirement Wealth Creation Dir,INF204KA1B72,133568,commodity,Commodities: Silver,Equity,Indus Towers,Technology,15.22,,,1.61
Nippon India Retirement Wealth Creation Dir,INF204KA1B72,133568,commodity,Commodities: Silver,Equity,HDFC AMC,Financial,40.56,,,1.59
Nippon India Retirement Wealth Creation Dir,INF204KA1B72,133568,commodity,Commodities: Silver,Equity,NTPC Green Energy,Energy & Utilities,154.63,,,1.53
Nippon India Retirement Wealth Creation Dir,INF204KA1B72,133568,commodity,Commodities: Silver,Equity,Interglobe Aviation,Industrials,,,,1.45
Nippon India Retirement Wealth Creation Dir,INF204KA1B72,133568,commodity,Commodities: Silver,Equity,Cummins India,Industrials,68.6,,,1.45
Nippon India Retirement Wealth Creation Dir,INF204KA1B72,133568,commodity,Commodities: Silver,Equity,Titan,Consumer Discretionary,77.17,,,1.41
Nippon India Retirement Wealth Creation Dir,INF204KA1B72,133568,commodity,Commodities: Silver,Equity,Eternal,Technology,688.71,,,1.4
Nippon India Retirement Wealth Creation Dir,INF204KA1B72,133568,commodity,Commodities: Silver,Equity,Cholamandalam Inv,Financial,27.55,,,1.39
Nippon India Retirement Wealth Creation Dir,INF204KA1B72,133568,commodity,Commodities: Silver,Equity,Blue Star,Industrials,64.68,,,1.31
Nippon India Retirement Wealth Creation Dir,INF204KA1B72,133568,commodity,Commodities: Silver,Equity,Nestle India,Consumer Staples,77.1,,,1.26
NJ Flexi Cap Dir,INF0J8L01156,151917,commodity,Commodities: Silver,Equity,Marico,Consumer Staples,60.11,,,4.42
NJ Flexi Cap Dir,INF0J8L01156,151917,commodity,Commodities: Silver,Equity,Eicher Motors,Consumer Discretionary,37.69,,,4.23
NJ Flexi Cap Dir,INF0J8L01156,151917,commodity,Commodities: Silver,Equity,Britannia Ind,Consumer Staples,49.34,,,4.11
NJ Flexi Cap Dir,INF0J8L01156,151917,commodity,Commodities: Silver,Equity,Bosch,Consumer Discretionary,42.69,,,4.05
NJ Flexi Cap Dir,INF0J8L01156,151917,commodity,Commodities: Silver,Equity,Dr. Lal Pathlabs,Healthcare,54.13,,,3.97
NJ Flexi Cap Dir,INF0J8L01156,151917,commodity,Commodities: Silver,Equity,ICICI Bank,Financial,17.8,,,3.96
NJ Flexi Cap Dir,INF0J8L01156,151917,commodity,Commodities: Silver,Equity,Cipla,Healthcare,28.21,,,3.79
NJ Flexi Cap Dir,INF0J8L01156,151917,commodity,Commodities: Silver,Equity,Torrent Pharma,Healthcare,69.41,,,3.69
NJ Flexi Cap Dir,INF0J8L01156,151917,commodity,Commodities: Silver,Equity,ITC,Consumer Staples,17.56,,,3.67
NJ Flexi Cap Dir,INF0J8L01156,151917,commodity,Commodities: Silver,Equity,Dr. Reddy'S Labs,Healthcare,25.16,,,3.53
NJ Flexi Cap Dir,INF0J8L01156,151917,commodity,Commodities: Silver,Equity,Alkem Laboratories,Healthcare,27.79,,,3.48
NJ Flexi Cap Dir,INF0J8L01156,151917,commodity,Commodities: Silver,Equity,ONGC,Energy & Utilities,7.42,,,3.48
NJ Flexi Cap Dir,INF0J8L01156,151917,commodity,Commodities: Silver,Equity,Sun Pharmaceutical,Healthcare,38.15,,,3.44
NJ Flexi Cap Dir,INF0J8L01156,151917,commodity,Commodities: Silver,Equity,Nestle India,Consumer Staples,77.1,,,3.09
NJ Flexi Cap Dir,INF0J8L01156,151917,commodity,Commodities: Silver,Equity,Pidilite Ind,Materials,65.49,,,2.66
NJ Flexi Cap Dir,INF0J8L01156,151917,commodity,Commodities: Silver,Equity,Page,Consumer Discretionary,58.43,,,2.5
NJ Flexi Cap Dir,INF0J8L01156,151917,commodity,Commodities: Silver,Equity,HDFC Bank,Financial,15.76,,,2.45
NJ Flexi Cap Dir,INF0J8L01156,151917,commodity,Commodities: Silver,Equity,Hero Motocorp,Consumer Discretionary,17.3,,,2.32
NJ Flexi Cap Dir,INF0J8L01156,151917,commodity,Commodities: Silver,Equity,Ajanta Pharma,Healthcare,36.2,,,1.97
NJ Flexi Cap Dir,INF0J8L01156,151917,commodity,Commodities: Silver,Equity,Kotak Bank,Financial,20.63,,,1.82
NJ Flexi Cap Dir,INF0J8L01156,151917,commodity,Commodities: Silver,Equity,Colgate-Palmolive,Consumer Staples,41.04,,,1.63
NJ Flexi Cap Dir,INF0J8L01156,151917,commodity,Commodities: Silver,Equity,Emami,Consumer Staples,23.23,,,1.45
NJ Flexi Cap Dir,INF0J8L01156,151917,commodity,Commodities: Silver,Equity,Indiamart,Industrials,26.56,,,1.45
NJ Flexi Cap Dir,INF0J8L01156,151917,commodity,Commodities: Silver,Equity,Havells India,Consumer Discretionary,43.78,,,1.45
NJ Flexi Cap Dir,INF0J8L01156,151917,commodity,Commodities: Silver,Equity,JB Chemicals,Healthcare,49.62,,,1.38
Old Bridge Flexi Cap Dir,INF0S5R01133,154225,commodity,Commodities: Silver,Equity,Marksans Pharma,Healthcare,28.32,,,3.28
Old Bridge Flexi Cap Dir,INF0S5R01133,154225,commodity,Commodities: Silver,Equity,Star Health,Financial,60.8,,,3.02
Old Bridge Flexi Cap Dir,INF0S5R01133,154225,commodity,Commodities: Silver,Equity,DLF,Real Estate,34.99,,,3
Old Bridge Flexi Cap Dir,INF0S5R01133,154225,commodity,Commodities: Silver,Equity,The Federal Bank,Financial,18.3,,,2.98
Old Bridge Flexi Cap Dir,INF0S5R01133,154225,commodity,Commodities: Silver,Equity,Deepak Fertilisers,Materials,26.43,,,2.92
Old Bridge Flexi Cap Dir,INF0S5R01133,154225,commodity,Commodities: Silver,Equity,Axis Bank,Financial,15.95,,,2.92
Old Bridge Flexi Cap Dir,INF0S5R01133,154225,commodity,Commodities: Silver,Equity,Gujarat Ambuja,Consumer Staples,23.95,,,2.87
Old Bridge Flexi Cap Dir,INF0S5R01133,154225,commodity,Commodities: Silver,Equity,Shriram Finance,Financial,23.5,,,2.84
Old Bridge Flexi Cap Dir,INF0S5R01133,154225,commodity,Commodities: Silver,Equity,Hindalco Ind,Materials,16.96,,,2.81
Old Bridge Flexi Cap Dir,INF0S5R01133,154225,commodity,Commodities: Silver,Equity,Aurobindo Pharma,Healthcare,24.16,,,2.8
Old Bridge Flexi Cap Dir,INF0S5R01133,154225,commodity,Commodities: Silver,Equity,Mahindra & Mahindra,Consumer Discretionary,22.36,,,2.76
Old Bridge Flexi Cap Dir,INF0S5R01133,154225,commodity,Commodities: Silver,Equity,Zydus Lifesciences,Healthcare,21.36,,,2.69
Old Bridge Flexi Cap Dir,INF0S5R01133,154225,commodity,Commodities: Silver,Equity,Go Digit General Insurance,Financial,50.87,,,2.68
Old Bridge Flexi Cap Dir,INF0S5R01133,154225,commodity,Commodities: Silver,Equity,Interglobe Aviation,Industrials,,,,2.67
Old Bridge Flexi Cap Dir,INF0S5R01133,154225,commodity,Commodities: Silver,Equity,International Gemological Institute,Consumer Discretionary,21.6,,,2.63
Old Bridge Flexi Cap Dir,INF0S5R01133,154225,commodity,Commodities: Silver,Equity,Larsen & Toubro,Industrials,35.92,,,2.61
Old Bridge Flexi Cap Dir,INF0S5R01133,154225,commodity,Commodities: Silver,Equity,Tata Steel,Materials,22.91,,,2.51
Old Bridge Flexi Cap Dir,INF0S5R01133,154225,commodity,Commodities: Silver,Equity,Glenmark Pharmaceuticals,Healthcare,45.49,,,2.51
Old Bridge Flexi Cap Dir,INF0S5R01133,154225,commodity,Commodities: Silver,Equity,Action Const,Industrials,27.94,,,2.46
Old Bridge Flexi Cap Dir,INF0S5R01133,154225,commodity,Commodities: Silver,Equity,Mahin & Mahin Fin,Financial,14.26,,,2.46
Old Bridge Flexi Cap Dir,INF0S5R01133,154225,commodity,Commodities: Silver,Equity,Tata Motors Passenger Vehicles,Consumer Discretionary,1.61,,,2.46
Old Bridge Flexi Cap Dir,INF0S5R01133,154225,commodity,Commodities: Silver,Equity,Yatra Online,Consumer Discretionary,37.88,,,2.36
Old Bridge Flexi Cap Dir,INF0S5R01133,154225,commodity,Commodities: Silver,Equity,Jubilant Foodworks,Consumer Discretionary,64.65,,,2.28
Old Bridge Flexi Cap Dir,INF0S5R01133,154225,commodity,Commodities: Silver,Equity,Akums Drugs And Pharmaceuticals,Healthcare,36.94,,,2.26
Old Bridge Flexi Cap Dir,INF0S5R01133,154225,commodity,Commodities: Silver,Equity,RBL Bank,Financial,66.18,,,2.25
Old Bridge Focused Dir,INF0S5R01042,152358,commodity,Commodities: Silver,Equity,Shriram Finance,Financial,23.5,,,6.52
Old Bridge Focused Dir,INF0S5R01042,152358,commodity,Commodities: Silver,Equity,Aurobindo Pharma,Healthcare,24.25,,,6.1
Old Bridge Focused Dir,INF0S5R01042,152358,commodity,Commodities: Silver,Equity,Maruti Suzuki,Consumer Discretionary,28.71,,,5.29
Old Bridge Focused Dir,INF0S5R01042,152358,commodity,Commodities: Silver,Equity,Bharti Airtel,Technology,43.1,,,4.99
Old Bridge Focused Dir,INF0S5R01042,152358,commodity,Commodities: Silver,Equity,Redington,Technology,14.96,,,4.08
Old Bridge Focused Dir,INF0S5R01042,152358,commodity,Commodities: Silver,Equity,Hindustan Zinc,Materials,17.19,,,4.07
Old Bridge Focused Dir,INF0S5R01042,152358,commodity,Commodities: Silver,Equity,Ramkrishna Forgings,Materials,150.38,,,4.05
Old Bridge Focused Dir,INF0S5R01042,152358,commodity,Commodities: Silver,Equity,Interglobe Aviation,Industrials,,,,4.03
Old Bridge Focused Dir,INF0S5R01042,152358,commodity,Commodities: Silver,Equity,Axis Bank,Financial,15.94,,,3.98
Old Bridge Focused Dir,INF0S5R01042,152358,commodity,Commodities: Silver,Equity,Tata Motors Passenger Vehicles,Consumer Discretionary,1.6,,,3.89
Old Bridge Focused Dir,INF0S5R01042,152358,commodity,Commodities: Silver,Equity,UPL,Materials,26.77,,,3.87
Old Bridge Focused Dir,INF0S5R01042,152358,commodity,Commodities: Silver,Equity,Granules India,Healthcare,32.91,,,3.85
Old Bridge Focused Dir,INF0S5R01042,152358,commodity,Commodities: Silver,Equity,Prestige Estates,Real Estate,53.57,,,3.82
Old Bridge Focused Dir,INF0S5R01042,152358,commodity,Commodities: Silver,Equity,Alivus Life Sciences,Healthcare,23.25,,,3.7
Old Bridge Focused Dir,INF0S5R01042,152358,commodity,Commodities: Silver,Equity,Tata Steel,Materials,22.9,,,3.68
Old Bridge Focused Dir,INF0S5R01042,152358,commodity,Commodities: Silver,Equity,Radico Khaitan,Consumer Staples,82.21,,,3.62
Old Bridge Focused Dir,INF0S5R01042,152358,commodity,Commodities: Silver,Equity,Hindalco Ind,Materials,16.95,,,3.37
Old Bridge Focused Dir,INF0S5R01042,152358,commodity,Commodities: Silver,Equity,IEX,Financial,22.21,,,3.13
Old Bridge Focused Dir,INF0S5R01042,152358,commodity,Commodities: Silver,Equity,Kaveri Seed,Consumer Staples,14.8,,,2.98
Old Bridge Focused Dir,INF0S5R01042,152358,commodity,Commodities: Silver,Equity,Great Eastern Ship,Energy & Utilities,7.01,,,2.47
Old Bridge Focused Dir,INF0S5R01042,152358,commodity,Commodities: Silver,Equity,Action Const,Industrials,28,,,2.16
Old Bridge Focused Dir,INF0S5R01042,152358,commodity,Commodities: Silver,Equity,United Foodbrands,Consumer Discretionary,,,,2.05
Old Bridge Focused Dir,INF0S5R01042,152358,commodity,Commodities: Silver,Equity,Medi Assist Health,Industrials,30.99,,,1.89
Old Bridge Focused Dir,INF0S5R01042,152358,commodity,Commodities: Silver,Equity,Antony Waste,Industrials,17.54,,,0.94
Parag Parikh Flexi Cap Dir,INF879O01027,122639,commodity,Commodities: Silver,Equity,HDFC Bank,Financial,15.76,,,7.88
Parag Parikh Flexi Cap Dir,INF879O01027,122639,commodity,Commodities: Silver,Equity,Power Grid,Energy & Utilities,17.02,,,6.41
Parag Parikh Flexi Cap Dir,INF879O01027,122639,commodity,Commodities: Silver,Equity,ITC,Consumer Staples,17.56,,,5.84
Parag Parikh Flexi Cap Dir,INF879O01027,122639,commodity,Commodities: Silver,Equity,Coal India,Materials,8.9,,,5.66
Parag Parikh Flexi Cap Dir,INF879O01027,122639,commodity,Commodities: Silver,Equity,ICICI Bank,Financial,17.8,,,5.11
Parag Parikh Flexi Cap Dir,INF879O01027,122639,commodity,Commodities: Silver,Equity,Alphabet Inc Class A (GOOGL),Technology,27.48,,,4.83
Parag Parikh Flexi Cap Dir,INF879O01027,122639,commodity,Commodities: Silver,Equity,Bajaj Holdings,Financial,12.28,,,4.48
Parag Parikh Flexi Cap Dir,INF879O01027,122639,commodity,Commodities: Silver,Equity,Kotak Bank,Financial,20.63,,,4.12
Parag Parikh Flexi Cap Dir,INF879O01027,122639,commodity,Commodities: Silver,Equity,HCL Technologies,Technology,18.25,,,3.6
Parag Parikh Flexi Cap Dir,INF879O01027,122639,commodity,Commodities: Silver,Equity,Mahindra & Mahindra,Consumer Discretionary,22.36,,,3.45
Parag Parikh Flexi Cap Dir,INF879O01027,122639,commodity,Commodities: Silver,Equity,Infosys,Technology,14.36,,,3.06
Parag Parikh Flexi Cap Dir,INF879O01027,122639,commodity,Commodities: Silver,Equity,Axis Bank,Financial,15.95,,,3.02
Parag Parikh Flexi Cap Dir,INF879O01027,122639,commodity,Commodities: Silver,Equity,Maruti Suzuki,Consumer Discretionary,28.73,,,2.82
Parag Parikh Flexi Cap Dir,INF879O01027,122639,commodity,Commodities: Silver,Equity,Bharti Airtel,Technology,43.19,,,2.74
Parag Parikh Flexi Cap Dir,INF879O01027,122639,commodity,Commodities: Silver,Equity,Tata Consultancy,Technology,15.33,,,2.54
Parag Parikh Flexi Cap Dir,INF879O01027,122639,commodity,Commodities: Silver,Equity,Amazon.com (AMZN),Consumer Discretionary,31.64,,,2.51
Parag Parikh Flexi Cap Dir,INF879O01027,122639,commodity,Commodities: Silver,Equity,Meta Platforms Inc. Class A (FB),Technology,20.62,,,2.51
Parag Parikh Flexi Cap Dir,INF879O01027,122639,commodity,Commodities: Silver,Equity,Microsoft (MSFT),Technology,23.29,,,2.22
Parag Parikh Flexi Cap Dir,INF879O01027,122639,commodity,Commodities: Silver,Equity,Zydus Lifesciences,Healthcare,21.36,,,1.47
Parag Parikh Flexi Cap Dir,INF879O01027,122639,commodity,Commodities: Silver,Equity,Cipla,Healthcare,28.21,,,1.39
Parag Parikh Flexi Cap Dir,INF879O01027,122639,commodity,Commodities: Silver,Equity,Dr. Reddy'S Labs,Healthcare,25.16,,,1.32
Parag Parikh Flexi Cap Dir,INF879O01027,122639,commodity,Commodities: Silver,Equity,Indraprastha Gas,Energy & Utilities,15.24,,,1
Parag Parikh Flexi Cap Dir,INF879O01027,122639,commodity,Commodities: Silver,Equity,Zydus Wellness,Consumer Staples,81.83,,,0.79
Parag Parikh Flexi Cap Dir,INF879O01027,122639,commodity,Commodities: Silver,Equity,IEX,Financial,22.23,,,0.75
Parag Parikh Flexi Cap Dir,INF879O01027,122639,commodity,Commodities: Silver,Equity,EID Parry,Materials,21.99,,,0.44
PGIM India Flexi Cap Dir,INF663L01FF1,133839,commodity,Commodities: Silver,Equity,HDFC Bank,Financial,15.76,,,5.78
PGIM India Flexi Cap Dir,INF663L01FF1,133839,commodity,Commodities: Silver,Equity,ICICI Bank,Financial,17.8,,,5.55
PGIM India Flexi Cap Dir,INF663L01FF1,133839,commodity,Commodities: Silver,Equity,Bharti Airtel,Technology,43.19,,,3.09
PGIM India Flexi Cap Dir,INF663L01FF1,133839,commodity,Commodities: Silver,Equity,Reliance Ind,Energy & Utilities,22.25,,,2.82
PGIM India Flexi Cap Dir,INF663L01FF1,133839,commodity,Commodities: Silver,Equity,SBI,Financial,11.46,,,2.34
PGIM India Flexi Cap Dir,INF663L01FF1,133839,commodity,Commodities: Silver,Equity,Eternal,Technology,688.71,,,2.25
PGIM India Flexi Cap Dir,INF663L01FF1,133839,commodity,Commodities: Silver,Equity,TVS Motor,Consumer Discretionary,54.03,,,2.15
PGIM India Flexi Cap Dir,INF663L01FF1,133839,commodity,Commodities: Silver,Equity,Vishal Mega Mart,Consumer Staples,65.67,,,1.97
PGIM India Flexi Cap Dir,INF663L01FF1,133839,commodity,Commodities: Silver,Equity,Varun Beverages,Consumer Staples,56.66,,,1.92
PGIM India Flexi Cap Dir,INF663L01FF1,133839,commodity,Commodities: Silver,Equity,Bajaj Finance,Financial,31.57,,,1.78
PGIM India Flexi Cap Dir,INF663L01FF1,133839,commodity,Commodities: Silver,Equity,Divi's Lab,Healthcare,69.75,,,1.75
PGIM India Flexi Cap Dir,INF663L01FF1,133839,commodity,Commodities: Silver,Equity,JSW Steel,Materials,14.11,,,1.74
PGIM India Flexi Cap Dir,INF663L01FF1,133839,commodity,Commodities: Silver,Equity,NTPC,Energy & Utilities,13.09,,,1.74
PGIM India Flexi Cap Dir,INF663L01FF1,133839,commodity,Commodities: Silver,Equity,Axis Bank,Financial,15.95,,,1.68
PGIM India Flexi Cap Dir,INF663L01FF1,133839,commodity,Commodities: Silver,Equity,Mankind Pharma,Healthcare,52.33,,,1.67
PGIM India Flexi Cap Dir,INF663L01FF1,133839,commodity,Commodities: Silver,Equity,JK Cement,Materials,42.48,,,1.66
PGIM India Flexi Cap Dir,INF663L01FF1,133839,commodity,Commodities: Silver,Equity,Larsen & Toubro,Industrials,35.92,,,1.65
PGIM India Flexi Cap Dir,INF663L01FF1,133839,commodity,Commodities: Silver,Equity,MCX,Financial,53.17,,,1.64
PGIM India Flexi Cap Dir,INF663L01FF1,133839,commodity,Commodities: Silver,Equity,Titan,Consumer Discretionary,77.17,,,1.6
PGIM India Flexi Cap Dir,INF663L01FF1,133839,commodity,Commodities: Silver,Equity,Hindalco Ind,Materials,16.96,,,1.55
PGIM India Flexi Cap Dir,INF663L01FF1,133839,commodity,Commodities: Silver,Equity,Tech Mahindra,Technology,28.24,,,1.53
PGIM India Flexi Cap Dir,INF663L01FF1,133839,commodity,Commodities: Silver,Equity,CG Power,Industrials,125.19,,,1.49
PGIM India Flexi Cap Dir,INF663L01FF1,133839,commodity,Commodities: Silver,Equity,Cummins India,Industrials,68.6,,,1.45
PGIM India Flexi Cap Dir,INF663L01FF1,133839,commodity,Commodities: Silver,Equity,AU Small Fin Bank,Financial,29.3,,,1.35
PGIM India Flexi Cap Dir,INF663L01FF1,133839,commodity,Commodities: Silver,Equity,UNO Minda,Consumer Discretionary,53.31,,,1.33
Quant Flexi Cap Dir,INF966L01911,120843,commodity,Commodities: Silver,Equity,Adani Power,Energy & Utilities,34.62,,,9.99
Quant Flexi Cap Dir,INF966L01911,120843,commodity,Commodities: Silver,Equity,Samvardhana Motherson,Consumer Discretionary,39.79,,,8.56
Quant Flexi Cap Dir,INF966L01911,120843,commodity,Commodities: Silver,Equity,Adani Enterprises,Materials,42.15,,,8.51
Quant Flexi Cap Dir,INF966L01911,120843,commodity,Commodities: Silver,Equity,ICICI Prudential Asset Management,Financial,50.08,,,6.82
Quant Flexi Cap Dir,INF966L01911,120843,commodity,Commodities: Silver,Equity,Aurobindo Pharma,Healthcare,24.16,,,6.13
Quant Flexi Cap Dir,INF966L01911,120843,commodity,Commodities: Silver,Equity,ICICI Bank,Financial,17.8,,,5.79
Quant Flexi Cap Dir,INF966L01911,120843,commodity,Commodities: Silver,Equity,Adani Green Energy,Energy & Utilities,150.44,,,4.43
Quant Flexi Cap Dir,INF966L01911,120843,commodity,Commodities: Silver,Equity,Adani Energy,Energy & Utilities,79.36,,,3.82
Quant Flexi Cap Dir,INF966L01911,120843,commodity,Commodities: Silver,Equity,Larsen & Toubro,Industrials,35.92,,,3.62
Quant Flexi Cap Dir,INF966L01911,120843,commodity,Commodities: Silver,Equity,Tata Power,Energy & Utilities,34.16,,,3.53
Quant Flexi Cap Dir,INF966L01911,120843,commodity,Commodities: Silver,Equity,Bharti Airtel,Technology,43.19,,,3.01
Quant Flexi Cap Dir,INF966L01911,120843,commodity,Commodities: Silver,Equity,Reliance Ind,Energy & Utilities,22.25,,,2.83
Quant Flexi Cap Dir,INF966L01911,120843,commodity,Commodities: Silver,Equity,HDFC Life,Financial,66.46,,,2.09
Quant Flexi Cap Dir,INF966L01911,120843,commodity,Commodities: Silver,Equity,Swan,Consumer Discretionary,36.4,,,1.99
Quant Flexi Cap Dir,INF966L01911,120843,commodity,Commodities: Silver,Equity,K.P.R. Mill,Consumer Discretionary,44.89,,,1.83
Quant Flexi Cap Dir,INF966L01911,120843,commodity,Commodities: Silver,Equity,Alivus Life Sciences,Healthcare,23.29,,,1.64
Quant Flexi Cap Dir,INF966L01911,120843,commodity,Commodities: Silver,Equity,JSW Infrastructure,Industrials,42.37,,,1.57
Quant Flexi Cap Dir,INF966L01911,120843,commodity,Commodities: Silver,Equity,AU Small Fin Bank,Financial,29.3,,,1.28
Quant Flexi Cap Dir,INF966L01911,120843,commodity,Commodities: Silver,Equity,Piramal Finance,Financial,32.34,,,1.02
Quant Flexi Cap Dir,INF966L01911,120843,commodity,Commodities: Silver,Equity,LG Electronics India,Consumer Discretionary,64.16,,,0.85
Quant Flexi Cap Dir,INF966L01911,120843,commodity,Commodities: Silver,Equity,Lloyds Metals,Materials,27.06,,,0.66
Quant Flexi Cap Dir,INF966L01911,120843,commodity,Commodities: Silver,Equity,Aditya Birla Lifestyle Brands,Consumer Discretionary,69.93,,,0.57
Quant Flexi Cap Dir,INF966L01911,120843,commodity,Commodities: Silver,Equity,NBCC (India),Industrials,41.98,,,0.43
Quant Flexi Cap Dir,INF966L01911,120843,commodity,Commodities: Silver,Equity,Tata Comm,Technology,55.39,,,0.37
Quant Flexi Cap Dir,INF966L01911,120843,commodity,Commodities: Silver,Equity,Tata Chemicals,Materials,,,,0.34
Quantum Diversified Equity All Cap Active FoF Dir,INF082J01093,112039,commodity,Commodities: Silver,Equity,Invesco India Mid Cap Direct-G,Unspecified,,,,14.79
Quantum Diversified Equity All Cap Active FoF Dir,INF082J01093,112039,commodity,Commodities: Silver,Equity,ICICI Pru Focused Equity Direct-G,Unspecified,,,,14.31
Quantum Diversified Equity All Cap Active FoF Dir,INF082J01093,112039,commodity,Commodities: Silver,Equity,ICICI Pru Large & Mid Cap Direct-G,Unspecified,,,,14.15
Quantum Diversified Equity All Cap Active FoF Dir,INF082J01093,112039,commodity,Commodities: Silver,Equity,Franklin India Flexi Cap Direct-G,Unspecified,,,,14.09
Quantum Diversified Equity All Cap Active FoF Dir,INF082J01093,112039,commodity,Commodities: Silver,Equity,DSP Large Cap Direct-G,Unspecified,,,,13.98
Quantum Diversified Equity All Cap Active FoF Dir,INF082J01093,112039,commodity,Commodities: Silver,Equity,HDFC Focused Direct-G,Unspecified,,,,13.91
Quantum Diversified Equity All Cap Active FoF Dir,INF082J01093,112039,commodity,Commodities: Silver,Equity,Nippon India Large Cap Direct-G,Unspecified,,,,13.85
Samco Flexi Cap Dir,INF0K1H01024,149450,commodity,Commodities: Silver,Equity,Nestle India,Consumer Staples,77.1,,,6.65
Samco Flexi Cap Dir,INF0K1H01024,149450,commodity,Commodities: Silver,Equity,Marico,Consumer Staples,60.11,,,6.59
Samco Flexi Cap Dir,INF0K1H01024,149450,commodity,Commodities: Silver,Equity,Maharashtra Bank,Financial,9.79,,,6.09
Samco Flexi Cap Dir,INF0K1H01024,149450,commodity,Commodities: Silver,Equity,AIA Engineering,Industrials,34.68,,,5.07
Samco Flexi Cap Dir,INF0K1H01024,149450,commodity,Commodities: Silver,Equity,Hindustan Zinc,Materials,17.23,,,4.72
Samco Flexi Cap Dir,INF0K1H01024,149450,commodity,Commodities: Silver,Equity,KEI,Industrials,57.97,,,4.51
Samco Flexi Cap Dir,INF0K1H01024,149450,commodity,Commodities: Silver,Equity,Hero Motocorp,Consumer Discretionary,17.3,,,4.32
Samco Flexi Cap Dir,INF0K1H01024,149450,commodity,Commodities: Silver,Equity,Godawari Power,Materials,22.56,,,4.24
Samco Flexi Cap Dir,INF0K1H01024,149450,commodity,Commodities: Silver,Equity,Engineers India,Industrials,20.38,,,4.08
Samco Flexi Cap Dir,INF0K1H01024,149450,commodity,Commodities: Silver,Equity,Alkem Laboratories,Healthcare,27.79,,,4.07
Samco Flexi Cap Dir,INF0K1H01024,149450,commodity,Commodities: Silver,Equity,Aditya Birla AMC,Financial,34.36,,,3.95
Samco Flexi Cap Dir,INF0K1H01024,149450,commodity,Commodities: Silver,Equity,Akzo Nobel India,Materials,7.5,,,3.94
Samco Flexi Cap Dir,INF0K1H01024,149450,commodity,Commodities: Silver,Equity,Karur Vysya Bank,Financial,11.2,,,3.89
Samco Flexi Cap Dir,INF0K1H01024,149450,commodity,Commodities: Silver,Equity,Cummins India,Industrials,68.6,,,3.8
Samco Flexi Cap Dir,INF0K1H01024,149450,commodity,Commodities: Silver,Equity,APL Apollo Tubes,Industrials,42.79,,,3.63
Samco Flexi Cap Dir,INF0K1H01024,149450,commodity,Commodities: Silver,Equity,NMDC,Materials,10.46,,,3.59
Samco Flexi Cap Dir,INF0K1H01024,149450,commodity,Commodities: Silver,Equity,Angel One,Financial,35.26,,,3.26
Samco Flexi Cap Dir,INF0K1H01024,149450,commodity,Commodities: Silver,Equity,Can Fin Homes,Financial,10.84,,,3.1
Samco Flexi Cap Dir,INF0K1H01024,149450,commodity,Commodities: Silver,Equity,Nippon Life AMC,Financial,49.33,,,3.03
Samco Flexi Cap Dir,INF0K1H01024,149450,commodity,Commodities: Silver,Equity,Natco Pharma,Healthcare,11.14,,,2.97
Samco Flexi Cap Dir,INF0K1H01024,149450,commodity,Commodities: Silver,Equity,Muthoot Finance,Financial,11.82,,,2.74
Samco Flexi Cap Dir,INF0K1H01024,149450,commodity,Commodities: Silver,Equity,JB Chemicals,Healthcare,49.62,,,2.49
Samco Flexi Cap Dir,INF0K1H01024,149450,commodity,Commodities: Silver,Equity,Bharat Electronics,Industrials,51.44,,,2.42
Samco Flexi Cap Dir,INF0K1H01024,149450,commodity,Commodities: Silver,Equity,Apar,Diversified,64.77,,,2.31
Samco Flexi Cap Dir,INF0K1H01024,149450,commodity,Commodities: Silver,Equity,Polycab India,Industrials,56.42,,,2.24
SBI Flexicap Dir,INF200K01T98,128281,commodity,Commodities: Silver,Equity,ICICI Bank,Financial,17.8,,,5.5
SBI Flexicap Dir,INF200K01T98,128281,commodity,Commodities: Silver,Equity,Axis Bank,Financial,15.95,,,4.49
SBI Flexicap Dir,INF200K01T98,128281,commodity,Commodities: Silver,Equity,HDFC Bank,Financial,15.76,,,4.24
SBI Flexicap Dir,INF200K01T98,128281,commodity,Commodities: Silver,Equity,Larsen & Toubro,Industrials,35.92,,,4.04
SBI Flexicap Dir,INF200K01T98,128281,commodity,Commodities: Silver,Equity,Bajaj Auto,Consumer Discretionary,26.01,,,3.56
SBI Flexicap Dir,INF200K01T98,128281,commodity,Commodities: Silver,Equity,Tata Steel,Materials,22.91,,,3.38
SBI Flexicap Dir,INF200K01T98,128281,commodity,Commodities: Silver,Equity,NTPC,Energy & Utilities,13.09,,,3.21
SBI Flexicap Dir,INF200K01T98,128281,commodity,Commodities: Silver,Equity,Aurobindo Pharma,Healthcare,24.16,,,2.55
SBI Flexicap Dir,INF200K01T98,128281,commodity,Commodities: Silver,Equity,Microsoft (MSFT),Technology,23.29,,,2.25
SBI Flexicap Dir,INF200K01T98,128281,commodity,Commodities: Silver,Equity,Tata Power,Energy & Utilities,34.16,,,2.24
SBI Flexicap Dir,INF200K01T98,128281,commodity,Commodities: Silver,Equity,Max Financial,Financial,677.32,,,2.22
SBI Flexicap Dir,INF200K01T98,128281,commodity,Commodities: Silver,Equity,Power Fin.,Financial,5.49,,,2.21
SBI Flexicap Dir,INF200K01T98,128281,commodity,Commodities: Silver,Equity,SBI,Financial,11.46,,,2.15
SBI Flexicap Dir,INF200K01T98,128281,commodity,Commodities: Silver,Equity,Infosys,Technology,14.36,,,2.07
SBI Flexicap Dir,INF200K01T98,128281,commodity,Commodities: Silver,Equity,Sun Pharmaceutical,Healthcare,38.15,,,2.05
SBI Flexicap Dir,INF200K01T98,128281,commodity,Commodities: Silver,Equity,Bharat Petroleum,Energy & Utilities,5.14,,,1.99
SBI Flexicap Dir,INF200K01T98,128281,commodity,Commodities: Silver,Equity,Apollo Hospitals,Healthcare,62.53,,,1.95
SBI Flexicap Dir,INF200K01T98,128281,commodity,Commodities: Silver,Equity,Reliance Ind,Energy & Utilities,22.25,,,1.93
SBI Flexicap Dir,INF200K01T98,128281,commodity,Commodities: Silver,Equity,Eicher Motors,Consumer Discretionary,37.69,,,1.85
SBI Flexicap Dir,INF200K01T98,128281,commodity,Commodities: Silver,Equity,ONGC,Energy & Utilities,7.42,,,1.84
SBI Flexicap Dir,INF200K01T98,128281,commodity,Commodities: Silver,Equity,Cummins India,Industrials,68.6,,,1.35
SBI Flexicap Dir,INF200K01T98,128281,commodity,Commodities: Silver,Equity,Biocon,Healthcare,174.74,,,1.34
SBI Flexicap Dir,INF200K01T98,128281,commodity,Commodities: Silver,Equity,Shriram Finance,Financial,23.5,,,1.25
SBI Flexicap Dir,INF200K01T98,128281,commodity,Commodities: Silver,Equity,NMDC,Materials,10.46,,,1.23
SBI Flexicap Dir,INF200K01T98,128281,commodity,Commodities: Silver,Equity,Nuvoco Vistas,Materials,30.98,,,1.22
SBI Focused Dir,INF200K01SH3,117908,commodity,Commodities: Silver,Equity,Alphabet Inc Class A (GOOGL),Technology,27.48,,,8.56
SBI Focused Dir,INF200K01SH3,117908,commodity,Commodities: Silver,Equity,ICICI Bank,Financial,17.8,,,7.28
SBI Focused Dir,INF200K01SH3,117908,commodity,Commodities: Silver,Equity,Adani Power,Energy & Utilities,34.62,,,6.43
SBI Focused Dir,INF200K01SH3,117908,commodity,Commodities: Silver,Equity,SBI,Financial,11.46,,,6.21
SBI Focused Dir,INF200K01SH3,117908,commodity,Commodities: Silver,Equity,Kotak Bank,Financial,20.63,,,5.77
SBI Focused Dir,INF200K01SH3,117908,commodity,Commodities: Silver,Equity,Bharti Airtel,Technology,43.19,,,5.49
SBI Focused Dir,INF200K01SH3,117908,commodity,Commodities: Silver,Equity,Muthoot Finance,Financial,11.82,,,5.02
SBI Focused Dir,INF200K01SH3,117908,commodity,Commodities: Silver,Equity,Bajaj Finance,Financial,31.57,,,4.96
SBI Focused Dir,INF200K01SH3,117908,commodity,Commodities: Silver,Equity,Adani Energy,Energy & Utilities,79.36,,,4.92
SBI Focused Dir,INF200K01SH3,117908,commodity,Commodities: Silver,Equity,Solar,Materials,98.23,,,4.34
SBI Focused Dir,INF200K01SH3,117908,commodity,Commodities: Silver,Equity,Bajaj Finserv,Financial,28.85,,,3.83
SBI Focused Dir,INF200K01SH3,117908,commodity,Commodities: Silver,Equity,EPAM Systems (EPAM),Technology,13.7,,,3.33
SBI Focused Dir,INF200K01SH3,117908,commodity,Commodities: Silver,Equity,Sona BLW Precision,Consumer Discretionary,59.55,,,2.48
SBI Focused Dir,INF200K01SH3,117908,commodity,Commodities: Silver,Equity,Thermax,Industrials,77.7,,,2.46
SBI Focused Dir,INF200K01SH3,117908,commodity,Commodities: Silver,Equity,Meesho,Consumer Discretionary,,,,2.28
SBI Focused Dir,INF200K01SH3,117908,commodity,Commodities: Silver,Equity,Divi's Lab,Healthcare,69.75,,,2.25
SBI Focused Dir,INF200K01SH3,117908,commodity,Commodities: Silver,Equity,Eicher Motors,Consumer Discretionary,37.69,,,2.16
SBI Focused Dir,INF200K01SH3,117908,commodity,Commodities: Silver,Equity,Torrent Power,Energy & Utilities,29.76,,,2.13
SBI Focused Dir,INF200K01SH3,117908,commodity,Commodities: Silver,Equity,Lenskart Solutions,Consumer Discretionary,179.08,,,1.99
SBI Focused Dir,INF200K01SH3,117908,commodity,Commodities: Silver,Equity,DLF,Real Estate,34.99,,,1.97
SBI Focused Dir,INF200K01SH3,117908,commodity,Commodities: Silver,Equity,Jubilant Foodworks,Consumer Discretionary,64.65,,,1.93
SBI Focused Dir,INF200K01SH3,117908,commodity,Commodities: Silver,Equity,Procter & Gamble Hygiene and Health Care,Consumer Staples,34.87,,,1.86
SBI Focused Dir,INF200K01SH3,117908,commodity,Commodities: Silver,Equity,Vishal Mega Mart,Consumer Staples,65.67,,,1.83
SBI Focused Dir,INF200K01SH3,117908,commodity,Commodities: Silver,Equity,Hatsun Agro,Consumer Staples,57.39,,,1.77
SBI Nifty 500 Index Dir,INF200KB1381,152908,commodity,Commodities: Silver,Equity,HDFC Bank,Financial,15.76,,,5.88
SBI Nifty 500 Index Dir,INF200KB1381,152908,commodity,Commodities: Silver,Equity,ICICI Bank,Financial,17.8,,,4.63
SBI Nifty 500 Index Dir,INF200KB1381,152908,commodity,Commodities: Silver,Equity,Reliance Ind,Energy & Utilities,22.25,,,4.6
SBI Nifty 500 Index Dir,INF200KB1381,152908,commodity,Commodities: Silver,Equity,Bharti Airtel,Technology,43.19,,,2.9
SBI Nifty 500 Index Dir,INF200KB1381,152908,commodity,Commodities: Silver,Equity,Larsen & Toubro,Industrials,35.92,,,2.47
SBI Nifty 500 Index Dir,INF200KB1381,152908,commodity,Commodities: Silver,Equity,Infosys,Technology,14.36,,,2.1
SBI Nifty 500 Index Dir,INF200KB1381,152908,commodity,Commodities: Silver,Equity,SBI,Financial,11.46,,,2.06
SBI Nifty 500 Index Dir,INF200KB1381,152908,commodity,Commodities: Silver,Equity,Axis Bank,Financial,15.95,,,1.9
SBI Nifty 500 Index Dir,INF200KB1381,152908,commodity,Commodities: Silver,Equity,Kotak Bank,Financial,20.63,,,1.46
SBI Nifty 500 Index Dir,INF200KB1381,152908,commodity,Commodities: Silver,Equity,ITC,Consumer Staples,17.56,,,1.43
SBI Nifty 500 Index Dir,INF200KB1381,152908,commodity,Commodities: Silver,Equity,Mahindra & Mahindra,Consumer Discretionary,22.36,,,1.4
SBI Nifty 500 Index Dir,INF200KB1381,152908,commodity,Commodities: Silver,Equity,Bajaj Finance,Financial,31.57,,,1.25
SBI Nifty 500 Index Dir,INF200KB1381,152908,commodity,Commodities: Silver,Equity,Tata Consultancy,Technology,15.33,,,1.19
SBI Nifty 500 Index Dir,INF200KB1381,152908,commodity,Commodities: Silver,Equity,Hindustan Unilever,Consumer Staples,34.14,,,0.99
SBI Nifty 500 Index Dir,INF200KB1381,152908,commodity,Commodities: Silver,Equity,Sun Pharmaceutical,Healthcare,38.15,,,0.98
SBI Nifty 500 Index Dir,INF200KB1381,152908,commodity,Commodities: Silver,Equity,NTPC,Energy & Utilities,13.09,,,0.95
SBI Nifty 500 Index Dir,INF200KB1381,152908,commodity,Commodities: Silver,Equity,Eternal,Technology,688.71,,,0.93
SBI Nifty 500 Index Dir,INF200KB1381,152908,commodity,Commodities: Silver,Equity,Tata Steel,Materials,22.91,,,0.89
SBI Nifty 500 Index Dir,INF200KB1381,152908,commodity,Commodities: Silver,Equity,Maruti Suzuki,Consumer Discretionary,28.73,,,0.89
SBI Nifty 500 Index Dir,INF200KB1381,152908,commodity,Commodities: Silver,Equity,BSE,Financial,65.73,,,0.87
SBI Nifty 500 Index Dir,INF200KB1381,152908,commodity,Commodities: Silver,Equity,Titan,Consumer Discretionary,77.17,,,0.87
SBI Nifty 500 Index Dir,INF200KB1381,152908,commodity,Commodities: Silver,Equity,Hindalco Ind,Materials,16.96,,,0.84
SBI Nifty 500 Index Dir,INF200KB1381,152908,commodity,Commodities: Silver,Equity,Bharat Electronics,Industrials,51.44,,,0.76
SBI Nifty 500 Index Dir,INF200KB1381,152908,commodity,Commodities: Silver,Equity,Ultratech Cement,Materials,40.9,,,0.7
SBI Nifty 500 Index Dir,INF200KB1381,152908,commodity,Commodities: Silver,Equity,Adani Ports,Industrials,33.02,,,0.69
SBI Retirement Benefit Aggressive Dir,INF200KA1S55,148683,commodity,Commodities: Silver,Equity,HDFC Bank,Financial,15.76,,,6.58
SBI Retirement Benefit Aggressive Dir,INF200KA1S55,148683,commodity,Commodities: Silver,Equity,ICICI Bank,Financial,17.8,,,5.47
SBI Retirement Benefit Aggressive Dir,INF200KA1S55,148683,commodity,Commodities: Silver,Equity,Reliance Ind,Energy & Utilities,22.25,,,5.42
SBI Retirement Benefit Aggressive Dir,INF200KA1S55,148683,commodity,Commodities: Silver,Equity,Larsen & Toubro,Industrials,35.92,,,4.28
SBI Retirement Benefit Aggressive Dir,INF200KA1S55,148683,commodity,Commodities: Silver,Equity,SBI,Financial,11.46,,,3.71
SBI Retirement Benefit Aggressive Dir,INF200KA1S55,148683,commodity,Commodities: Silver,Equity,Maruti Suzuki,Consumer Discretionary,28.73,,,3.55
SBI Retirement Benefit Aggressive Dir,INF200KA1S55,148683,commodity,Commodities: Silver,Equity,Axis Bank,Financial,15.95,,,2.85
SBI Retirement Benefit Aggressive Dir,INF200KA1S55,148683,commodity,Commodities: Silver,Equity,Ultratech Cement,Materials,40.9,,,2.77
SBI Retirement Benefit Aggressive Dir,INF200KA1S55,148683,commodity,Commodities: Silver,Equity,Infosys,Technology,14.36,,,2.76
SBI Retirement Benefit Aggressive Dir,INF200KA1S55,148683,commodity,Commodities: Silver,Equity,Hindalco Ind,Materials,16.96,,,2.52
SBI Retirement Benefit Aggressive Dir,INF200KA1S55,148683,commodity,Commodities: Silver,Equity,Kotak Bank,Financial,20.63,,,2.51
SBI Retirement Benefit Aggressive Dir,INF200KA1S55,148683,commodity,Commodities: Silver,Equity,Timken India,Industrials,66.07,,,2.31
SBI Retirement Benefit Aggressive Dir,INF200KA1S55,148683,commodity,Commodities: Silver,Equity,Bajaj Finance,Financial,31.57,,,2.16
SBI Retirement Benefit Aggressive Dir,INF200KA1S55,148683,commodity,Commodities: Silver,Equity,JSW Cement,Materials,,,,2.04
SBI Retirement Benefit Aggressive Dir,INF200KA1S55,148683,commodity,Commodities: Silver,Equity,Schaeffler India,Industrials,55.86,,,2.04
SBI Retirement Benefit Aggressive Dir,INF200KA1S55,148683,commodity,Commodities: Silver,Equity,Urban,Consumer Staples,,,,1.86
SBI Retirement Benefit Aggressive Dir,INF200KA1S55,148683,commodity,Commodities: Silver,Equity,ZF Commercial,Consumer Discretionary,58.16,,,1.81
SBI Retirement Benefit Aggressive Dir,INF200KA1S55,148683,commodity,Commodities: Silver,Equity,TVS Motor,Consumer Discretionary,54.03,,,1.76
SBI Retirement Benefit Aggressive Dir,INF200KA1S55,148683,commodity,Commodities: Silver,Equity,Thermax,Industrials,77.7,,,1.76
SBI Retirement Benefit Aggressive Dir,INF200KA1S55,148683,commodity,Commodities: Silver,Equity,Navin Fluorine,Materials,57.43,,,1.73
SBI Retirement Benefit Aggressive Dir,INF200KA1S55,148683,commodity,Commodities: Silver,Equity,Asian Paints,Materials,60.52,,,1.69
SBI Retirement Benefit Aggressive Dir,INF200KA1S55,148683,commodity,Commodities: Silver,Equity,ABB India,Industrials,99.94,,,1.62
SBI Retirement Benefit Aggressive Dir,INF200KA1S55,148683,commodity,Commodities: Silver,Equity,Divi's Lab,Healthcare,69.75,,,1.53
SBI Retirement Benefit Aggressive Dir,INF200KA1S55,148683,commodity,Commodities: Silver,Equity,Bajaj Finserv,Financial,28.85,,,1.49
SBI Retirement Benefit Aggressive Dir,INF200KA1S55,148683,commodity,Commodities: Silver,Equity,Endurance Tech,Consumer Discretionary,38.53,,,1.42
Shriram Flexi Cap Dir,INF680P01109,144905,commodity,Commodities: Silver,Equity,HDFC Bank,Financial,15.76,,,7.38
Shriram Flexi Cap Dir,INF680P01109,144905,commodity,Commodities: Silver,Equity,Reliance Ind,Energy & Utilities,22.25,,,5.02
Shriram Flexi Cap Dir,INF680P01109,144905,commodity,Commodities: Silver,Equity,ICICI Bank,Financial,17.8,,,4.59
Shriram Flexi Cap Dir,INF680P01109,144905,commodity,Commodities: Silver,Equity,Axis Bank,Financial,15.95,,,3.91
Shriram Flexi Cap Dir,INF680P01109,144905,commodity,Commodities: Silver,Equity,SBI,Financial,11.46,,,3.88
Shriram Flexi Cap Dir,INF680P01109,144905,commodity,Commodities: Silver,Equity,Bharti Airtel,Technology,43.19,,,3.79
Shriram Flexi Cap Dir,INF680P01109,144905,commodity,Commodities: Silver,Equity,Larsen & Toubro,Industrials,35.92,,,2.55
Shriram Flexi Cap Dir,INF680P01109,144905,commodity,Commodities: Silver,Equity,Infosys,Technology,14.36,,,2.54
Shriram Flexi Cap Dir,INF680P01109,144905,commodity,Commodities: Silver,Equity,NTPC,Energy & Utilities,13.09,,,2.26
Shriram Flexi Cap Dir,INF680P01109,144905,commodity,Commodities: Silver,Equity,SBI Life Insurance,Financial,126.08,,,2.15
Shriram Flexi Cap Dir,INF680P01109,144905,commodity,Commodities: Silver,Equity,Samhi Hotels,Consumer Discretionary,7.73,,,2.12
Shriram Flexi Cap Dir,INF680P01109,144905,commodity,Commodities: Silver,Equity,Mahindra & Mahindra,Consumer Discretionary,22.36,,,2.01
Shriram Flexi Cap Dir,INF680P01109,144905,commodity,Commodities: Silver,Equity,CAMS,Financial,42.9,,,2
Shriram Flexi Cap Dir,INF680P01109,144905,commodity,Commodities: Silver,Equity,Interglobe Aviation,Industrials,,,,1.96
Shriram Flexi Cap Dir,INF680P01109,144905,commodity,Commodities: Silver,Equity,Adani Ports,Industrials,33.02,,,1.88
Shriram Flexi Cap Dir,INF680P01109,144905,commodity,Commodities: Silver,Equity,ITC,Consumer Staples,17.56,,,1.84
Shriram Flexi Cap Dir,INF680P01109,144905,commodity,Commodities: Silver,Equity,Bharat Electronics,Industrials,51.44,,,1.81
Shriram Flexi Cap Dir,INF680P01109,144905,commodity,Commodities: Silver,Equity,Thyrocare Tech,Healthcare,52.39,,,1.59
Shriram Flexi Cap Dir,INF680P01109,144905,commodity,Commodities: Silver,Equity,Tata Consultancy,Technology,15.33,,,1.56
Shriram Flexi Cap Dir,INF680P01109,144905,commodity,Commodities: Silver,Equity,Kirloskar Oil,Industrials,49.92,,,1.54
Shriram Flexi Cap Dir,INF680P01109,144905,commodity,Commodities: Silver,Equity,Ajanta Pharma,Healthcare,36.2,,,1.51
Shriram Flexi Cap Dir,INF680P01109,144905,commodity,Commodities: Silver,Equity,National Aluminium,Materials,11.8,,,1.46
Shriram Flexi Cap Dir,INF680P01109,144905,commodity,Commodities: Silver,Equity,Eternal,Technology,688.71,,,1.39
Shriram Flexi Cap Dir,INF680P01109,144905,commodity,Commodities: Silver,Equity,Maruti Suzuki,Consumer Discretionary,28.73,,,1.39
Shriram Flexi Cap Dir,INF680P01109,144905,commodity,Commodities: Silver,Equity,Tata Steel,Materials,22.91,,,1.38
Sundaram Flexi Cap Dir,INF903JA1LE2,150571,commodity,Commodities: Silver,Equity,HDFC Bank,Financial,15.76,,,6.77
Sundaram Flexi Cap Dir,INF903JA1LE2,150571,commodity,Commodities: Silver,Equity,ICICI Bank,Financial,17.8,,,5.75
Sundaram Flexi Cap Dir,INF903JA1LE2,150571,commodity,Commodities: Silver,Equity,Axis Bank,Financial,15.95,,,4.36
Sundaram Flexi Cap Dir,INF903JA1LE2,150571,commodity,Commodities: Silver,Equity,Bharti Airtel,Technology,43.19,,,3.86
Sundaram Flexi Cap Dir,INF903JA1LE2,150571,commodity,Commodities: Silver,Equity,Reliance Ind,Energy & Utilities,22.25,,,3.62
Sundaram Flexi Cap Dir,INF903JA1LE2,150571,commodity,Commodities: Silver,Equity,Larsen & Toubro,Industrials,35.92,,,3.58
Sundaram Flexi Cap Dir,INF903JA1LE2,150571,commodity,Commodities: Silver,Equity,SBI,Financial,11.46,,,3.52
Sundaram Flexi Cap Dir,INF903JA1LE2,150571,commodity,Commodities: Silver,Equity,Infosys,Technology,14.36,,,3.16
Sundaram Flexi Cap Dir,INF903JA1LE2,150571,commodity,Commodities: Silver,Equity,Kotak Bank,Financial,20.63,,,2.94
Sundaram Flexi Cap Dir,INF903JA1LE2,150571,commodity,Commodities: Silver,Equity,Kirloskar Oil,Industrials,49.92,,,2.93
Sundaram Flexi Cap Dir,INF903JA1LE2,150571,commodity,Commodities: Silver,Equity,Ultratech Cement,Materials,40.9,,,2.46
Sundaram Flexi Cap Dir,INF903JA1LE2,150571,commodity,Commodities: Silver,Equity,Mahindra & Mahindra,Consumer Discretionary,22.36,,,2.17
Sundaram Flexi Cap Dir,INF903JA1LE2,150571,commodity,Commodities: Silver,Equity,Force Motors,Industrials,20.07,,,2.13
Sundaram Flexi Cap Dir,INF903JA1LE2,150571,commodity,Commodities: Silver,Equity,Cummins India,Industrials,68.6,,,1.95
Sundaram Flexi Cap Dir,INF903JA1LE2,150571,commodity,Commodities: Silver,Equity,ITC,Consumer Staples,17.56,,,1.92
Sundaram Flexi Cap Dir,INF903JA1LE2,150571,commodity,Commodities: Silver,Equity,NTPC,Energy & Utilities,13.09,,,1.89
Sundaram Flexi Cap Dir,INF903JA1LE2,150571,commodity,Commodities: Silver,Equity,Cipla,Healthcare,28.21,,,1.83
Sundaram Flexi Cap Dir,INF903JA1LE2,150571,commodity,Commodities: Silver,Equity,IndusInd Bank,Financial,82.7,,,1.71
Sundaram Flexi Cap Dir,INF903JA1LE2,150571,commodity,Commodities: Silver,Equity,Eternal,Technology,688.71,,,1.52
Sundaram Flexi Cap Dir,INF903JA1LE2,150571,commodity,Commodities: Silver,Equity,Elecon Engineering,Industrials,35.11,,,1.49
Sundaram Flexi Cap Dir,INF903JA1LE2,150571,commodity,Commodities: Silver,Equity,Alkem Laboratories,Healthcare,27.79,,,1.49
Sundaram Flexi Cap Dir,INF903JA1LE2,150571,commodity,Commodities: Silver,Equity,PB Fintech,Financial,111.92,,,1.43
Sundaram Flexi Cap Dir,INF903JA1LE2,150571,commodity,Commodities: Silver,Equity,GAIL (India),Energy & Utilities,15.04,,,1.36
Sundaram Flexi Cap Dir,INF903JA1LE2,150571,commodity,Commodities: Silver,Equity,Affle 3I,Industrials,45.56,,,1.3
Sundaram Flexi Cap Dir,INF903JA1LE2,150571,commodity,Commodities: Silver,Equity,United Spirits,Consumer Staples,52.32,,,1.29
Sundaram Focused Dir,INF903J01KX6,118693,commodity,Commodities: Silver,Equity,HDFC Bank,Financial,15.76,,,7.7
Sundaram Focused Dir,INF903J01KX6,118693,commodity,Commodities: Silver,Equity,ICICI Bank,Financial,17.8,,,6.63
Sundaram Focused Dir,INF903J01KX6,118693,commodity,Commodities: Silver,Equity,Bharti Airtel,Technology,43.19,,,6.21
Sundaram Focused Dir,INF903J01KX6,118693,commodity,Commodities: Silver,Equity,TVS Motor,Consumer Discretionary,54.03,,,5.54
Sundaram Focused Dir,INF903J01KX6,118693,commodity,Commodities: Silver,Equity,Craftsman Automation,Consumer Discretionary,60.7,,,5.42
Sundaram Focused Dir,INF903J01KX6,118693,commodity,Commodities: Silver,Equity,Happy Forgings,Materials,45.84,,,5.02
Sundaram Focused Dir,INF903J01KX6,118693,commodity,Commodities: Silver,Equity,Kotak Bank,Financial,20.63,,,4.99
Sundaram Focused Dir,INF903J01KX6,118693,commodity,Commodities: Silver,Equity,Triveni Turbine,Industrials,60.66,,,4.32
Sundaram Focused Dir,INF903J01KX6,118693,commodity,Commodities: Silver,Equity,Avenue Supermarts,Consumer Staples,93.91,,,3.64
Sundaram Focused Dir,INF903J01KX6,118693,commodity,Commodities: Silver,Equity,Apollo Hospitals,Healthcare,62.53,,,3.61
Sundaram Focused Dir,INF903J01KX6,118693,commodity,Commodities: Silver,Equity,Infosys,Technology,14.36,,,3.5
Sundaram Focused Dir,INF903J01KX6,118693,commodity,Commodities: Silver,Equity,Tech Mahindra,Technology,28.24,,,3.29
Sundaram Focused Dir,INF903J01KX6,118693,commodity,Commodities: Silver,Equity,SBI Life Insurance,Financial,126.08,,,3.24
Sundaram Focused Dir,INF903J01KX6,118693,commodity,Commodities: Silver,Equity,City Union Bank,Financial,14.67,,,2.9
Sundaram Focused Dir,INF903J01KX6,118693,commodity,Commodities: Silver,Equity,Interglobe Aviation,Industrials,,,,2.87
Sundaram Focused Dir,INF903J01KX6,118693,commodity,Commodities: Silver,Equity,Tata Consumer,Consumer Staples,71.05,,,2.84
Sundaram Focused Dir,INF903J01KX6,118693,commodity,Commodities: Silver,Equity,SEDEMAC Mechatronics,Industrials,114.87,,,2.62
Sundaram Focused Dir,INF903J01KX6,118693,commodity,Commodities: Silver,Equity,PI,Materials,32.17,,,2.52
Sundaram Focused Dir,INF903J01KX6,118693,commodity,Commodities: Silver,Equity,Mankind Pharma,Healthcare,52.33,,,2.36
Sundaram Focused Dir,INF903J01KX6,118693,commodity,Commodities: Silver,Equity,Trent,Consumer Discretionary,97.62,,,2.3
Sundaram Focused Dir,INF903J01KX6,118693,commodity,Commodities: Silver,Equity,Axis Bank,Financial,15.95,,,2.18
Sundaram Focused Dir,INF903J01KX6,118693,commodity,Commodities: Silver,Equity,SBI,Financial,11.46,,,2
Sundaram Focused Dir,INF903J01KX6,118693,commodity,Commodities: Silver,Equity,Info Edge (India),Technology,44.17,,,1.98
Sundaram Focused Dir,INF903J01KX6,118693,commodity,Commodities: Silver,Equity,Go Digit General Insurance,Financial,50.87,,,1.88
Sundaram Focused Dir,INF903J01KX6,118693,commodity,Commodities: Silver,Equity,Cholamandalam Inv,Financial,27.55,,,1.87
Tata Children's Dir,INF277K01QW4,119312,commodity,Commodities: Silver,Equity,HDFC Bank,Financial,15.76,,,5.89
Tata Children's Dir,INF277K01QW4,119312,commodity,Commodities: Silver,Equity,Reliance Ind,Energy & Utilities,22.25,,,5.23
Tata Children's Dir,INF277K01QW4,119312,commodity,Commodities: Silver,Equity,ICICI Bank,Financial,17.8,,,3.82
Tata Children's Dir,INF277K01QW4,119312,commodity,Commodities: Silver,Equity,Larsen & Toubro,Industrials,35.92,,,3.72
Tata Children's Dir,INF277K01QW4,119312,commodity,Commodities: Silver,Equity,Marico,Consumer Staples,60.11,,,3.63
Tata Children's Dir,INF277K01QW4,119312,commodity,Commodities: Silver,Equity,Kotak Bank,Financial,20.63,,,3.51
Tata Children's Dir,INF277K01QW4,119312,commodity,Commodities: Silver,Equity,Axis Bank,Financial,15.95,,,3.23
Tata Children's Dir,INF277K01QW4,119312,commodity,Commodities: Silver,Equity,Titan,Consumer Discretionary,77.17,,,3.22
Tata Children's Dir,INF277K01QW4,119312,commodity,Commodities: Silver,Equity,City Union Bank,Financial,14.67,,,2.95
Tata Children's Dir,INF277K01QW4,119312,commodity,Commodities: Silver,Equity,Hindustan Unilever,Consumer Staples,34.14,,,2.62
Tata Children's Dir,INF277K01QW4,119312,commodity,Commodities: Silver,Equity,Tata Consumer,Consumer Staples,71.05,,,2.51
Tata Children's Dir,INF277K01QW4,119312,commodity,Commodities: Silver,Equity,Dr. Reddy'S Labs,Healthcare,25.16,,,2.38
Tata Children's Dir,INF277K01QW4,119312,commodity,Commodities: Silver,Equity,Infosys,Technology,14.36,,,2.24
Tata Children's Dir,INF277K01QW4,119312,commodity,Commodities: Silver,Equity,ICICI Lombard,Financial,36.79,,,2.18
Tata Children's Dir,INF277K01QW4,119312,commodity,Commodities: Silver,Equity,Metropolis Health,Healthcare,60.04,,,2.03
Tata Children's Dir,INF277K01QW4,119312,commodity,Commodities: Silver,Equity,Can Fin Homes,Financial,10.84,,,2.02
Tata Children's Dir,INF277K01QW4,119312,commodity,Commodities: Silver,Equity,ITC,Consumer Staples,17.56,,,1.96
Tata Children's Dir,INF277K01QW4,119312,commodity,Commodities: Silver,Equity,Shree Cement,Materials,52.1,,,1.92
Tata Children's Dir,INF277K01QW4,119312,commodity,Commodities: Silver,Equity,Tata Consultancy,Technology,15.33,,,1.92
Tata Children's Dir,INF277K01QW4,119312,commodity,Commodities: Silver,Equity,HDFC Life,Financial,66.46,,,1.81
Tata Children's Dir,INF277K01QW4,119312,commodity,Commodities: Silver,Equity,DCB Bank,Financial,8.1,,,1.79
Tata Children's Dir,INF277K01QW4,119312,commodity,Commodities: Silver,Equity,United Spirits,Consumer Staples,52.32,,,1.78
Tata Children's Dir,INF277K01QW4,119312,commodity,Commodities: Silver,Equity,Gravita India,Industrials,33.8,,,1.72
Tata Children's Dir,INF277K01QW4,119312,commodity,Commodities: Silver,Equity,Godrej,Diversified,30.22,,,1.68
Tata Children's Dir,INF277K01QW4,119312,commodity,Commodities: Silver,Equity,CESC,Energy & Utilities,14.59,,,1.66
Tata Flexi Cap Dir,INF277K015K0,144546,commodity,Commodities: Silver,Equity,HDFC Bank,Financial,15.76,,,5.75
Tata Flexi Cap Dir,INF277K015K0,144546,commodity,Commodities: Silver,Equity,ICICI Bank,Financial,17.8,,,5.49
Tata Flexi Cap Dir,INF277K015K0,144546,commodity,Commodities: Silver,Equity,Reliance Ind,Energy & Utilities,22.25,,,4.31
Tata Flexi Cap Dir,INF277K015K0,144546,commodity,Commodities: Silver,Equity,Axis Bank,Financial,15.95,,,3.63
Tata Flexi Cap Dir,INF277K015K0,144546,commodity,Commodities: Silver,Equity,Bharti Airtel,Technology,43.19,,,3.56
Tata Flexi Cap Dir,INF277K015K0,144546,commodity,Commodities: Silver,Equity,Larsen & Toubro,Industrials,35.92,,,2.75
Tata Flexi Cap Dir,INF277K015K0,144546,commodity,Commodities: Silver,Equity,NTPC,Energy & Utilities,13.09,,,2.61
Tata Flexi Cap Dir,INF277K015K0,144546,commodity,Commodities: Silver,Equity,Maruti Suzuki,Consumer Discretionary,28.73,,,2.38
Tata Flexi Cap Dir,INF277K015K0,144546,commodity,Commodities: Silver,Equity,Ambuja Cements,Materials,22.29,,,2.33
Tata Flexi Cap Dir,INF277K015K0,144546,commodity,Commodities: Silver,Equity,Samvardhana Motherson,Consumer Discretionary,39.79,,,2.08
Tata Flexi Cap Dir,INF277K015K0,144546,commodity,Commodities: Silver,Equity,SBI Life Insurance,Financial,126.08,,,1.94
Tata Flexi Cap Dir,INF277K015K0,144546,commodity,Commodities: Silver,Equity,Bajaj Finserv,Financial,28.85,,,1.89
Tata Flexi Cap Dir,INF277K015K0,144546,commodity,Commodities: Silver,Equity,Sona BLW Precision,Consumer Discretionary,59.55,,,1.8
Tata Flexi Cap Dir,INF277K015K0,144546,commodity,Commodities: Silver,Equity,HDFC Life,Financial,66.46,,,1.76
Tata Flexi Cap Dir,INF277K015K0,144546,commodity,Commodities: Silver,Equity,Britannia Ind,Consumer Staples,49.34,,,1.76
Tata Flexi Cap Dir,INF277K015K0,144546,commodity,Commodities: Silver,Equity,Sun Pharmaceutical,Healthcare,38.15,,,1.74
Tata Flexi Cap Dir,INF277K015K0,144546,commodity,Commodities: Silver,Equity,ITC,Consumer Staples,17.56,,,1.74
Tata Flexi Cap Dir,INF277K015K0,144546,commodity,Commodities: Silver,Equity,The Phoenix Mills,Real Estate,55.13,,,1.71
Tata Flexi Cap Dir,INF277K015K0,144546,commodity,Commodities: Silver,Equity,PNB Housing Fin,Financial,11.37,,,1.7
Tata Flexi Cap Dir,INF277K015K0,144546,commodity,Commodities: Silver,Equity,Infosys,Technology,14.36,,,1.66
Tata Flexi Cap Dir,INF277K015K0,144546,commodity,Commodities: Silver,Equity,JSW Steel,Materials,14.11,,,1.64
Tata Flexi Cap Dir,INF277K015K0,144546,commodity,Commodities: Silver,Equity,Orient Electric,Consumer Discretionary,40.16,,,1.64
Tata Flexi Cap Dir,INF277K015K0,144546,commodity,Commodities: Silver,Equity,Pidilite Ind,Materials,65.49,,,1.6
Tata Flexi Cap Dir,INF277K015K0,144546,commodity,Commodities: Silver,Equity,IndusInd Bank,Financial,82.7,,,1.6
Tata Flexi Cap Dir,INF277K015K0,144546,commodity,Commodities: Silver,Equity,Indus Towers,Technology,15.22,,,1.59
Tata Focused Dir,INF277KA1DR7,147922,commodity,Commodities: Silver,Equity,HDFC Bank,Financial,15.76,,,6.94
Tata Focused Dir,INF277KA1DR7,147922,commodity,Commodities: Silver,Equity,ICICI Bank,Financial,17.8,,,6.63
Tata Focused Dir,INF277KA1DR7,147922,commodity,Commodities: Silver,Equity,Axis Bank,Financial,15.95,,,5.61
Tata Focused Dir,INF277KA1DR7,147922,commodity,Commodities: Silver,Equity,Reliance Ind,Energy & Utilities,22.25,,,4.83
Tata Focused Dir,INF277KA1DR7,147922,commodity,Commodities: Silver,Equity,NTPC,Energy & Utilities,13.09,,,4.76
Tata Focused Dir,INF277KA1DR7,147922,commodity,Commodities: Silver,Equity,Samvardhana Motherson,Consumer Discretionary,39.79,,,4.48
Tata Focused Dir,INF277KA1DR7,147922,commodity,Commodities: Silver,Equity,Tata Comm,Technology,55.39,,,3.9
Tata Focused Dir,INF277KA1DR7,147922,commodity,Commodities: Silver,Equity,SBI Life Insurance,Financial,126.08,,,3.73
Tata Focused Dir,INF277KA1DR7,147922,commodity,Commodities: Silver,Equity,Ultratech Cement,Materials,40.9,,,3.72
Tata Focused Dir,INF277KA1DR7,147922,commodity,Commodities: Silver,Equity,Healthcare Global,Healthcare,667.95,,,3.64
Tata Focused Dir,INF277KA1DR7,147922,commodity,Commodities: Silver,Equity,Metropolis Health,Healthcare,60.04,,,3.56
Tata Focused Dir,INF277KA1DR7,147922,commodity,Commodities: Silver,Equity,Mahindra & Mahindra,Consumer Discretionary,22.36,,,3.55
Tata Focused Dir,INF277KA1DR7,147922,commodity,Commodities: Silver,Equity,Bharti Airtel,Technology,43.19,,,3.55
Tata Focused Dir,INF277KA1DR7,147922,commodity,Commodities: Silver,Equity,Larsen & Toubro,Industrials,35.92,,,3.46
Tata Focused Dir,INF277KA1DR7,147922,commodity,Commodities: Silver,Equity,Infosys,Technology,14.36,,,3.44
Tata Focused Dir,INF277KA1DR7,147922,commodity,Commodities: Silver,Equity,Ambuja Cements,Materials,22.29,,,3.42
Tata Focused Dir,INF277KA1DR7,147922,commodity,Commodities: Silver,Equity,Page,Consumer Discretionary,58.43,,,2.96
Tata Focused Dir,INF277KA1DR7,147922,commodity,Commodities: Silver,Equity,Havells India,Consumer Discretionary,43.78,,,2.9
Tata Focused Dir,INF277KA1DR7,147922,commodity,Commodities: Silver,Equity,HDFC Life,Financial,66.46,,,2.89
Tata Focused Dir,INF277KA1DR7,147922,commodity,Commodities: Silver,Equity,Adani Ports,Industrials,33.02,,,2.81
Tata Focused Dir,INF277KA1DR7,147922,commodity,Commodities: Silver,Equity,Jindal Steel,Materials,34.38,,,2.77
Tata Focused Dir,INF277KA1DR7,147922,commodity,Commodities: Silver,Equity,Godrej Properties,Real Estate,29.2,,,2.67
Tata Focused Dir,INF277KA1DR7,147922,commodity,Commodities: Silver,Equity,Sun Pharmaceutical,Healthcare,38.15,,,2.3
Tata Focused Dir,INF277KA1DR7,147922,commodity,Commodities: Silver,Equity,Hindustan Unilever,Consumer Staples,34.14,,,1.88
Tata Focused Dir,INF277KA1DR7,147922,commodity,Commodities: Silver,Equity,PNC Infratech,Industrials,6.97,,,1.82
Tata Retirement Savings Progressive Dir,INF277K01QO1,119251,commodity,Commodities: Silver,Equity,Solar,Materials,98.23,,,5.55
Tata Retirement Savings Progressive Dir,INF277K01QO1,119251,commodity,Commodities: Silver,Equity,ICICI Bank,Financial,17.8,,,4.67
Tata Retirement Savings Progressive Dir,INF277K01QO1,119251,commodity,Commodities: Silver,Equity,BSE,Financial,65.73,,,4.55
Tata Retirement Savings Progressive Dir,INF277K01QO1,119251,commodity,Commodities: Silver,Equity,Reliance Ind,Energy & Utilities,22.25,,,4.02
Tata Retirement Savings Progressive Dir,INF277K01QO1,119251,commodity,Commodities: Silver,Equity,MCX,Financial,53.17,,,3.37
Tata Retirement Savings Progressive Dir,INF277K01QO1,119251,commodity,Commodities: Silver,Equity,Eternal,Technology,688.71,,,3.25
Tata Retirement Savings Progressive Dir,INF277K01QO1,119251,commodity,Commodities: Silver,Equity,Radico Khaitan,Consumer Staples,82.99,,,2.97
Tata Retirement Savings Progressive Dir,INF277K01QO1,119251,commodity,Commodities: Silver,Equity,Polycab India,Industrials,56.42,,,2.8
Tata Retirement Savings Progressive Dir,INF277K01QO1,119251,commodity,Commodities: Silver,Equity,Nippon Life AMC,Financial,49.33,,,2.74
Tata Retirement Savings Progressive Dir,INF277K01QO1,119251,commodity,Commodities: Silver,Equity,ITC,Consumer Staples,17.56,,,2.51
Tata Retirement Savings Progressive Dir,INF277K01QO1,119251,commodity,Commodities: Silver,Equity,Adani Ports,Industrials,33.02,,,2.44
Tata Retirement Savings Progressive Dir,INF277K01QO1,119251,commodity,Commodities: Silver,Equity,360 One Wam,Financial,38.19,,,2.38
Tata Retirement Savings Progressive Dir,INF277K01QO1,119251,commodity,Commodities: Silver,Equity,Rainbow Children's,Healthcare,52.53,,,2.21
Tata Retirement Savings Progressive Dir,INF277K01QO1,119251,commodity,Commodities: Silver,Equity,Tata Consumer,Consumer Staples,71.05,,,2.12
Tata Retirement Savings Progressive Dir,INF277K01QO1,119251,commodity,Commodities: Silver,Equity,Karur Vysya Bank,Financial,11.2,,,2.08
Tata Retirement Savings Progressive Dir,INF277K01QO1,119251,commodity,Commodities: Silver,Equity,Titan,Consumer Discretionary,77.17,,,2.06
Tata Retirement Savings Progressive Dir,INF277K01QO1,119251,commodity,Commodities: Silver,Equity,Muthoot Finance,Financial,11.82,,,2.05
Tata Retirement Savings Progressive Dir,INF277K01QO1,119251,commodity,Commodities: Silver,Equity,Kirloskar Pneumatic,Industrials,48.69,,,2.03
Tata Retirement Savings Progressive Dir,INF277K01QO1,119251,commodity,Commodities: Silver,Equity,Kotak Bank,Financial,20.63,,,1.91
Tata Retirement Savings Progressive Dir,INF277K01QO1,119251,commodity,Commodities: Silver,Equity,Exide,Consumer Discretionary,37.96,,,1.89
Tata Retirement Savings Progressive Dir,INF277K01QO1,119251,commodity,Commodities: Silver,Equity,Nestle India,Consumer Staples,77.1,,,1.8
Tata Retirement Savings Progressive Dir,INF277K01QO1,119251,commodity,Commodities: Silver,Equity,Adani Power,Energy & Utilities,34.62,,,1.77
Tata Retirement Savings Progressive Dir,INF277K01QO1,119251,commodity,Commodities: Silver,Equity,Doms,Industrials,59.43,,,1.76
Tata Retirement Savings Progressive Dir,INF277K01QO1,119251,commodity,Commodities: Silver,Equity,Dixon Technologies,Consumer Discretionary,53.08,,,1.75
Tata Retirement Savings Progressive Dir,INF277K01QO1,119251,commodity,Commodities: Silver,Equity,Oil India,Energy & Utilities,10.26,,,1.71
Taurus Flexi Cap Dir,INF044D01BU9,118883,commodity,Commodities: Silver,Equity,HDFC Bank,Financial,15.76,,,7.89
Taurus Flexi Cap Dir,INF044D01BU9,118883,commodity,Commodities: Silver,Equity,ITC,Consumer Staples,17.56,,,7.24
Taurus Flexi Cap Dir,INF044D01BU9,118883,commodity,Commodities: Silver,Equity,Divi's Lab,Healthcare,69.75,,,5.32
Taurus Flexi Cap Dir,INF044D01BU9,118883,commodity,Commodities: Silver,Equity,Park Medi World,Healthcare,45.68,,,4.9
Taurus Flexi Cap Dir,INF044D01BU9,118883,commodity,Commodities: Silver,Equity,ICICI Bank,Financial,17.8,,,4.24
Taurus Flexi Cap Dir,INF044D01BU9,118883,commodity,Commodities: Silver,Equity,Samhi Hotels,Consumer Discretionary,7.73,,,3.89
Taurus Flexi Cap Dir,INF044D01BU9,118883,commodity,Commodities: Silver,Equity,Axis Bank,Financial,15.95,,,3.66
Taurus Flexi Cap Dir,INF044D01BU9,118883,commodity,Commodities: Silver,Equity,Bharti Airtel,Technology,43.19,,,3.59
Taurus Flexi Cap Dir,INF044D01BU9,118883,commodity,Commodities: Silver,Equity,Mahindra & Mahindra,Consumer Discretionary,22.36,,,3.31
Taurus Flexi Cap Dir,INF044D01BU9,118883,commodity,Commodities: Silver,Equity,Reliance Ind,Energy & Utilities,22.25,,,3.09
Taurus Flexi Cap Dir,INF044D01BU9,118883,commodity,Commodities: Silver,Equity,Ambika Cotton,Consumer Discretionary,13.38,,,2.99
Taurus Flexi Cap Dir,INF044D01BU9,118883,commodity,Commodities: Silver,Equity,Narayana Hrud,Healthcare,47.59,,,2.95
Taurus Flexi Cap Dir,INF044D01BU9,118883,commodity,Commodities: Silver,Equity,Linde India,Materials,111.86,,,2.91
Taurus Flexi Cap Dir,INF044D01BU9,118883,commodity,Commodities: Silver,Equity,SBI,Financial,11.46,,,2.86
Taurus Flexi Cap Dir,INF044D01BU9,118883,commodity,Commodities: Silver,Equity,Kotak Bank,Financial,20.63,,,2.77
Taurus Flexi Cap Dir,INF044D01BU9,118883,commodity,Commodities: Silver,Equity,Pace Digitek,Technology,13.2,,,2.73
Taurus Flexi Cap Dir,INF044D01BU9,118883,commodity,Commodities: Silver,Equity,Bajaj Holdings,Financial,12.28,,,2.61
Taurus Flexi Cap Dir,INF044D01BU9,118883,commodity,Commodities: Silver,Equity,Regaal Resources,Consumer Staples,14.6,,,2.29
Taurus Flexi Cap Dir,INF044D01BU9,118883,commodity,Commodities: Silver,Equity,Power Grid,Energy & Utilities,17.02,,,2.21
Taurus Flexi Cap Dir,INF044D01BU9,118883,commodity,Commodities: Silver,Equity,Coal India,Materials,8.9,,,2.19
Taurus Flexi Cap Dir,INF044D01BU9,118883,commodity,Commodities: Silver,Equity,Insolation Energy,Energy & Utilities,12.87,,,1.7
Taurus Flexi Cap Dir,INF044D01BU9,118883,commodity,Commodities: Silver,Equity,Grasim,Materials,42.94,,,1.5
Taurus Flexi Cap Dir,INF044D01BU9,118883,commodity,Commodities: Silver,Equity,Ratnaveer Prec Eng,Materials,20.9,,,1.27
Taurus Flexi Cap Dir,INF044D01BU9,118883,commodity,Commodities: Silver,Equity,HCL Technologies,Technology,18.25,,,1.17
Taurus Flexi Cap Dir,INF044D01BU9,118883,commodity,Commodities: Silver,Equity,Maruti Suzuki,Consumer Discretionary,28.73,,,1.14
The Wealth Company Flexi Cap Dir,INF2F0001040,153872,commodity,Commodities: Silver,Equity,ICICI Bank,Financial,17.8,,,5.03
The Wealth Company Flexi Cap Dir,INF2F0001040,153872,commodity,Commodities: Silver,Equity,HDFC Bank,Financial,15.76,,,4.45
The Wealth Company Flexi Cap Dir,INF2F0001040,153872,commodity,Commodities: Silver,Equity,Reliance Ind,Energy & Utilities,22.25,,,3.42
The Wealth Company Flexi Cap Dir,INF2F0001040,153872,commodity,Commodities: Silver,Equity,Solar,Materials,98.23,,,3.28
The Wealth Company Flexi Cap Dir,INF2F0001040,153872,commodity,Commodities: Silver,Equity,SBI,Financial,11.46,,,3.13
The Wealth Company Flexi Cap Dir,INF2F0001040,153872,commodity,Commodities: Silver,Equity,Larsen & Toubro,Industrials,35.92,,,3.09
The Wealth Company Flexi Cap Dir,INF2F0001040,153872,commodity,Commodities: Silver,Equity,Infosys,Technology,14.36,,,2.98
The Wealth Company Flexi Cap Dir,INF2F0001040,153872,commodity,Commodities: Silver,Equity,Ather Energy,Consumer Discretionary,,,,2.96
The Wealth Company Flexi Cap Dir,INF2F0001040,153872,commodity,Commodities: Silver,Equity,BSE,Financial,65.73,,,2.9
The Wealth Company Flexi Cap Dir,INF2F0001040,153872,commodity,Commodities: Silver,Equity,Bajaj Finance,Financial,31.57,,,2.62
The Wealth Company Flexi Cap Dir,INF2F0001040,153872,commodity,Commodities: Silver,Equity,MCX,Financial,53.17,,,2.57
The Wealth Company Flexi Cap Dir,INF2F0001040,153872,commodity,Commodities: Silver,Equity,Rajratan Global,Materials,32.62,,,2.43
The Wealth Company Flexi Cap Dir,INF2F0001040,153872,commodity,Commodities: Silver,Equity,Bharti Airtel,Technology,43.19,,,2.42
The Wealth Company Flexi Cap Dir,INF2F0001040,153872,commodity,Commodities: Silver,Equity,Bharat Electronics,Industrials,51.44,,,2.25
The Wealth Company Flexi Cap Dir,INF2F0001040,153872,commodity,Commodities: Silver,Equity,Kilburn Eng,Industrials,28.73,,,2.24
The Wealth Company Flexi Cap Dir,INF2F0001040,153872,commodity,Commodities: Silver,Equity,Kotak Bank,Financial,20.63,,,2.22
The Wealth Company Flexi Cap Dir,INF2F0001040,153872,commodity,Commodities: Silver,Equity,Maruti Suzuki,Consumer Discretionary,28.73,,,2.13
The Wealth Company Flexi Cap Dir,INF2F0001040,153872,commodity,Commodities: Silver,Equity,TVS Motor,Consumer Discretionary,54.03,,,2.12
The Wealth Company Flexi Cap Dir,INF2F0001040,153872,commodity,Commodities: Silver,Equity,Hindalco Ind,Materials,16.96,,,2.09
The Wealth Company Flexi Cap Dir,INF2F0001040,153872,commodity,Commodities: Silver,Equity,Mphasis,Technology,22.9,,,2.03
The Wealth Company Flexi Cap Dir,INF2F0001040,153872,commodity,Commodities: Silver,Equity,Cholamandalam Inv,Financial,27.55,,,2.03
The Wealth Company Flexi Cap Dir,INF2F0001040,153872,commodity,Commodities: Silver,Equity,Varun Beverages,Consumer Staples,56.66,,,2.02
The Wealth Company Flexi Cap Dir,INF2F0001040,153872,commodity,Commodities: Silver,Equity,Brigade Enterprises,Real Estate,27.49,,,1.96
The Wealth Company Flexi Cap Dir,INF2F0001040,153872,commodity,Commodities: Silver,Equity,One97 Comm,Industrials,126.07,,,1.96
The Wealth Company Flexi Cap Dir,INF2F0001040,153872,commodity,Commodities: Silver,Equity,Vedanta,Materials,6.75,,,1.95
TRUST MF Flexi Cap Dir,INF0GCD01743,152584,commodity,Commodities: Silver,Equity,ICICI Bank,Financial,17.8,,,6.95
TRUST MF Flexi Cap Dir,INF0GCD01743,152584,commodity,Commodities: Silver,Equity,HDFC Bank,Financial,15.76,,,5.71
TRUST MF Flexi Cap Dir,INF0GCD01743,152584,commodity,Commodities: Silver,Equity,Reliance Ind,Energy & Utilities,22.25,,,3.18
TRUST MF Flexi Cap Dir,INF0GCD01743,152584,commodity,Commodities: Silver,Equity,Bharti Airtel,Technology,43.19,,,2.93
TRUST MF Flexi Cap Dir,INF0GCD01743,152584,commodity,Commodities: Silver,Equity,BSE,Financial,65.73,,,2.46
TRUST MF Flexi Cap Dir,INF0GCD01743,152584,commodity,Commodities: Silver,Equity,Lenskart Solutions,Consumer Discretionary,179.08,,,2.28
TRUST MF Flexi Cap Dir,INF0GCD01743,152584,commodity,Commodities: Silver,Equity,Axis Bank,Financial,15.95,,,2.26
TRUST MF Flexi Cap Dir,INF0GCD01743,152584,commodity,Commodities: Silver,Equity,Solar,Materials,98.23,,,2.25
TRUST MF Flexi Cap Dir,INF0GCD01743,152584,commodity,Commodities: Silver,Equity,MCX,Financial,53.17,,,2.2
TRUST MF Flexi Cap Dir,INF0GCD01743,152584,commodity,Commodities: Silver,Equity,Radico Khaitan,Consumer Staples,82.99,,,2.17
TRUST MF Flexi Cap Dir,INF0GCD01743,152584,commodity,Commodities: Silver,Equity,Infosys,Technology,14.36,,,2.11
TRUST MF Flexi Cap Dir,INF0GCD01743,152584,commodity,Commodities: Silver,Equity,SBI,Financial,11.46,,,2.07
TRUST MF Flexi Cap Dir,INF0GCD01743,152584,commodity,Commodities: Silver,Equity,Bharat Electronics,Industrials,51.44,,,2.06
TRUST MF Flexi Cap Dir,INF0GCD01743,152584,commodity,Commodities: Silver,Equity,Titan,Consumer Discretionary,77.17,,,2.01
TRUST MF Flexi Cap Dir,INF0GCD01743,152584,commodity,Commodities: Silver,Equity,Mahindra & Mahindra,Consumer Discretionary,22.36,,,1.86
TRUST MF Flexi Cap Dir,INF0GCD01743,152584,commodity,Commodities: Silver,Equity,Varun Beverages,Consumer Staples,56.66,,,1.86
TRUST MF Flexi Cap Dir,INF0GCD01743,152584,commodity,Commodities: Silver,Equity,The Federal Bank,Financial,18.3,,,1.73
TRUST MF Flexi Cap Dir,INF0GCD01743,152584,commodity,Commodities: Silver,Equity,Larsen & Toubro,Industrials,35.92,,,1.66
TRUST MF Flexi Cap Dir,INF0GCD01743,152584,commodity,Commodities: Silver,Equity,Adani Ports,Industrials,33.02,,,1.61
TRUST MF Flexi Cap Dir,INF0GCD01743,152584,commodity,Commodities: Silver,Equity,Fortis Healthcare,Healthcare,69.79,,,1.6
TRUST MF Flexi Cap Dir,INF0GCD01743,152584,commodity,Commodities: Silver,Equity,Coforge,Technology,41.51,,,1.58
TRUST MF Flexi Cap Dir,INF0GCD01743,152584,commodity,Commodities: Silver,Equity,Persistent Systems,Technology,40.32,,,1.56
TRUST MF Flexi Cap Dir,INF0GCD01743,152584,commodity,Commodities: Silver,Equity,Muthoot Finance,Financial,11.82,,,1.54
TRUST MF Flexi Cap Dir,INF0GCD01743,152584,commodity,Commodities: Silver,Equity,Laurus Labs,Healthcare,86.1,,,1.5
TRUST MF Flexi Cap Dir,INF0GCD01743,152584,commodity,Commodities: Silver,Equity,Clean Max Enviro Energy Solutions,Energy & Utilities,169.99,,,1.47
Unifi Flexi Cap Dir,INF1MIY01031,153543,commodity,Commodities: Silver,Equity,Bharti Airtel,Technology,43.19,,,4.81
Unifi Flexi Cap Dir,INF1MIY01031,153543,commodity,Commodities: Silver,Equity,South Indian Bank,Financial,8.66,,,4.69
Unifi Flexi Cap Dir,INF1MIY01031,153543,commodity,Commodities: Silver,Equity,ICICI Bank,Financial,17.8,,,4.26
Unifi Flexi Cap Dir,INF1MIY01031,153543,commodity,Commodities: Silver,Equity,Reliance Ind,Energy & Utilities,22.25,,,4.01
Unifi Flexi Cap Dir,INF1MIY01031,153543,commodity,Commodities: Silver,Equity,Fedbank Financial,Financial,16.87,,,3.71
Unifi Flexi Cap Dir,INF1MIY01031,153543,commodity,Commodities: Silver,Equity,Larsen & Toubro,Industrials,35.92,,,3.57
Unifi Flexi Cap Dir,INF1MIY01031,153543,commodity,Commodities: Silver,Equity,Kotak Bank,Financial,20.63,,,3.54
Unifi Flexi Cap Dir,INF1MIY01031,153543,commodity,Commodities: Silver,Equity,HDFC Bank,Financial,15.76,,,3.16
Unifi Flexi Cap Dir,INF1MIY01031,153543,commodity,Commodities: Silver,Equity,Tata Steel,Materials,22.91,,,2.95
Unifi Flexi Cap Dir,INF1MIY01031,153543,commodity,Commodities: Silver,Equity,Marksans Pharma,Healthcare,28.32,,,2.92
Unifi Flexi Cap Dir,INF1MIY01031,153543,commodity,Commodities: Silver,Equity,Axis Bank,Financial,15.95,,,2.82
Unifi Flexi Cap Dir,INF1MIY01031,153543,commodity,Commodities: Silver,Equity,Apollo Hospitals,Healthcare,62.53,,,2.82
Unifi Flexi Cap Dir,INF1MIY01031,153543,commodity,Commodities: Silver,Equity,NTPC,Energy & Utilities,13.09,,,2.39
Unifi Flexi Cap Dir,INF1MIY01031,153543,commodity,Commodities: Silver,Equity,SBI,Financial,11.46,,,2.38
Unifi Flexi Cap Dir,INF1MIY01031,153543,commodity,Commodities: Silver,Equity,Mahindra & Mahindra,Consumer Discretionary,22.36,,,2.35
Unifi Flexi Cap Dir,INF1MIY01031,153543,commodity,Commodities: Silver,Equity,Shyam Metalics,Materials,25.17,,,2.31
Unifi Flexi Cap Dir,INF1MIY01031,153543,commodity,Commodities: Silver,Equity,Care Ratings,Industrials,29.51,,,2.25
Unifi Flexi Cap Dir,INF1MIY01031,153543,commodity,Commodities: Silver,Equity,Pearl Global,Consumer Discretionary,30.24,,,1.96
Unifi Flexi Cap Dir,INF1MIY01031,153543,commodity,Commodities: Silver,Equity,Narayana Hrud,Healthcare,47.59,,,1.95
Unifi Flexi Cap Dir,INF1MIY01031,153543,commodity,Commodities: Silver,Equity,Nippon Life AMC,Financial,49.33,,,1.84
Unifi Flexi Cap Dir,INF1MIY01031,153543,commodity,Commodities: Silver,Equity,Bajaj Auto,Consumer Discretionary,26.01,,,1.72
Unifi Flexi Cap Dir,INF1MIY01031,153543,commodity,Commodities: Silver,Equity,Torrent Pharma,Healthcare,69.41,,,1.59
Unifi Flexi Cap Dir,INF1MIY01031,153543,commodity,Commodities: Silver,Equity,Hindustan Aero,Industrials,32.38,,,1.55
Unifi Flexi Cap Dir,INF1MIY01031,153543,commodity,Commodities: Silver,Equity,CMS Info Systems,Industrials,15.98,,,1.48
Unifi Flexi Cap Dir,INF1MIY01031,153543,commodity,Commodities: Silver,Equity,Interglobe Aviation,Industrials,,,,1.41
Union Children's Dir,INF582M01EL2,152278,commodity,Commodities: Silver,Equity,HDFC Bank,Financial,15.76,,,3.76
Union Children's Dir,INF582M01EL2,152278,commodity,Commodities: Silver,Equity,Reliance Ind,Energy & Utilities,22.25,,,3.38
Union Children's Dir,INF582M01EL2,152278,commodity,Commodities: Silver,Equity,Axis Bank,Financial,15.95,,,3.25
Union Children's Dir,INF582M01EL2,152278,commodity,Commodities: Silver,Equity,ICICI Bank,Financial,17.8,,,3.18
Union Children's Dir,INF582M01EL2,152278,commodity,Commodities: Silver,Equity,Bharti Airtel,Technology,43.19,,,2.67
Union Children's Dir,INF582M01EL2,152278,commodity,Commodities: Silver,Equity,Gabriel India,Consumer Discretionary,67.83,,,2.31
Union Children's Dir,INF582M01EL2,152278,commodity,Commodities: Silver,Equity,JSW Energy,Energy & Utilities,46.76,,,2.31
Union Children's Dir,INF582M01EL2,152278,commodity,Commodities: Silver,Equity,The Federal Bank,Financial,18.3,,,2.29
Union Children's Dir,INF582M01EL2,152278,commodity,Commodities: Silver,Equity,SBI,Financial,11.46,,,2.13
Union Children's Dir,INF582M01EL2,152278,commodity,Commodities: Silver,Equity,Max Financial,Financial,677.32,,,2
Union Children's Dir,INF582M01EL2,152278,commodity,Commodities: Silver,Equity,Ajanta Pharma,Healthcare,36.2,,,1.95
Union Children's Dir,INF582M01EL2,152278,commodity,Commodities: Silver,Equity,Ipca Laboratories,Healthcare,35.46,,,1.91
Union Children's Dir,INF582M01EL2,152278,commodity,Commodities: Silver,Equity,KEI,Industrials,57.97,,,1.88
Union Children's Dir,INF582M01EL2,152278,commodity,Commodities: Silver,Equity,Nippon Life AMC,Financial,49.33,,,1.85
Union Children's Dir,INF582M01EL2,152278,commodity,Commodities: Silver,Equity,Shriram Finance,Financial,23.5,,,1.79
Union Children's Dir,INF582M01EL2,152278,commodity,Commodities: Silver,Equity,Mphasis,Technology,22.9,,,1.77
Union Children's Dir,INF582M01EL2,152278,commodity,Commodities: Silver,Equity,Aarti,Materials,41.57,,,1.76
Union Children's Dir,INF582M01EL2,152278,commodity,Commodities: Silver,Equity,One97 Comm,Industrials,126.07,,,1.76
Union Children's Dir,INF582M01EL2,152278,commodity,Commodities: Silver,Equity,SJS Enterprises,Consumer Discretionary,41.59,,,1.76
Union Children's Dir,INF582M01EL2,152278,commodity,Commodities: Silver,Equity,Jindal Steel,Materials,34.38,,,1.74
Union Children's Dir,INF582M01EL2,152278,commodity,Commodities: Silver,Equity,GE Vernova T&D,Industrials,111.6,,,1.68
Union Children's Dir,INF582M01EL2,152278,commodity,Commodities: Silver,Equity,Mahindra & Mahindra,Consumer Discretionary,22.36,,,1.65
Union Children's Dir,INF582M01EL2,152278,commodity,Commodities: Silver,Equity,Infosys,Technology,14.36,,,1.63
Union Children's Dir,INF582M01EL2,152278,commodity,Commodities: Silver,Equity,Amber Enterprises,Consumer Discretionary,157.13,,,1.62
Union Children's Dir,INF582M01EL2,152278,commodity,Commodities: Silver,Equity,Campus Activewear,Consumer Discretionary,48.31,,,1.62
Union Diversified Equity All Cap Active FoF Dir,INF582M01LZ7,153824,commodity,Commodities: Silver,Equity,Union Multicap Direct-G,Unspecified,,,,55.57
Union Diversified Equity All Cap Active FoF Dir,INF582M01LZ7,153824,commodity,Commodities: Silver,Equity,Union Small Cap Direct-G,Unspecified,,,,16
Union Diversified Equity All Cap Active FoF Dir,INF582M01LZ7,153824,commodity,Commodities: Silver,Equity,Union Midcap Direct-G,Unspecified,,,,12.29
Union Diversified Equity All Cap Active FoF Dir,INF582M01LZ7,153824,commodity,Commodities: Silver,Equity,Union Large & Midcap Direct-G,Unspecified,,,,9.75
Union Diversified Equity All Cap Active FoF Dir,INF582M01LZ7,153824,commodity,Commodities: Silver,Equity,Union Largecap Direct-G,Unspecified,,,,4.72
Union Flexi Cap Dir,INF582M01633,119292,commodity,Commodities: Silver,Equity,ICICI Bank,Financial,17.8,,,4.39
Union Flexi Cap Dir,INF582M01633,119292,commodity,Commodities: Silver,Equity,HDFC Bank,Financial,15.76,,,3.94
Union Flexi Cap Dir,INF582M01633,119292,commodity,Commodities: Silver,Equity,Tata Consumer,Consumer Staples,71.05,,,2.85
Union Flexi Cap Dir,INF582M01633,119292,commodity,Commodities: Silver,Equity,Bharti Airtel,Technology,43.19,,,2.84
Union Flexi Cap Dir,INF582M01633,119292,commodity,Commodities: Silver,Equity,Axis Bank,Financial,15.95,,,2.73
Union Flexi Cap Dir,INF582M01633,119292,commodity,Commodities: Silver,Equity,Reliance Ind,Energy & Utilities,22.25,,,2.68
Union Flexi Cap Dir,INF582M01633,119292,commodity,Commodities: Silver,Equity,Larsen & Toubro,Industrials,35.92,,,2.65
Union Flexi Cap Dir,INF582M01633,119292,commodity,Commodities: Silver,Equity,SBI,Financial,11.46,,,2.55
Union Flexi Cap Dir,INF582M01633,119292,commodity,Commodities: Silver,Equity,JSW Energy,Energy & Utilities,46.76,,,2.16
Union Flexi Cap Dir,INF582M01633,119292,commodity,Commodities: Silver,Equity,JSW Infrastructure,Industrials,42.37,,,1.98
Union Flexi Cap Dir,INF582M01633,119292,commodity,Commodities: Silver,Equity,Krishna Institute,Healthcare,132.36,,,1.96
Union Flexi Cap Dir,INF582M01633,119292,commodity,Commodities: Silver,Equity,Ultratech Cement,Materials,40.9,,,1.96
Union Flexi Cap Dir,INF582M01633,119292,commodity,Commodities: Silver,Equity,Inventurus Knowledge Solutions,Industrials,39.87,,,1.74
Union Flexi Cap Dir,INF582M01633,119292,commodity,Commodities: Silver,Equity,Maruti Suzuki,Consumer Discretionary,28.73,,,1.72
Union Flexi Cap Dir,INF582M01633,119292,commodity,Commodities: Silver,Equity,Data Patterns,Industrials,98.79,,,1.68
Union Flexi Cap Dir,INF582M01633,119292,commodity,Commodities: Silver,Equity,Gabriel India,Consumer Discretionary,67.83,,,1.63
Union Flexi Cap Dir,INF582M01633,119292,commodity,Commodities: Silver,Equity,Ujjivan SF Bank,Financial,16.13,,,1.57
Union Flexi Cap Dir,INF582M01633,119292,commodity,Commodities: Silver,Equity,Infosys,Technology,14.36,,,1.57
Union Flexi Cap Dir,INF582M01633,119292,commodity,Commodities: Silver,Equity,Torrent Pharma,Healthcare,69.41,,,1.54
Union Flexi Cap Dir,INF582M01633,119292,commodity,Commodities: Silver,Equity,Bharat Electronics,Industrials,51.44,,,1.52
Union Flexi Cap Dir,INF582M01633,119292,commodity,Commodities: Silver,Equity,ZF Commercial,Consumer Discretionary,58.16,,,1.51
Union Flexi Cap Dir,INF582M01633,119292,commodity,Commodities: Silver,Equity,Solar,Materials,98.23,,,1.48
Union Flexi Cap Dir,INF582M01633,119292,commodity,Commodities: Silver,Equity,Jindal Steel,Materials,34.38,,,1.48
Union Flexi Cap Dir,INF582M01633,119292,commodity,Commodities: Silver,Equity,Bajaj Finance,Financial,31.57,,,1.47
Union Flexi Cap Dir,INF582M01633,119292,commodity,Commodities: Silver,Equity,Ajanta Pharma,Healthcare,36.2,,,1.46
Union Focused Dir,INF582M01DN0,147950,commodity,Commodities: Silver,Equity,ICICI Bank,Financial,17.8,,,7.76
Union Focused Dir,INF582M01DN0,147950,commodity,Commodities: Silver,Equity,Hitachi Energy,Industrials,164.47,,,5.42
Union Focused Dir,INF582M01DN0,147950,commodity,Commodities: Silver,Equity,Solar,Materials,98.23,,,5.3
Union Focused Dir,INF582M01DN0,147950,commodity,Commodities: Silver,Equity,Tata Consumer,Consumer Staples,71.05,,,5.14
Union Focused Dir,INF582M01DN0,147950,commodity,Commodities: Silver,Equity,GE Vernova T&D,Industrials,111.6,,,4.68
Union Focused Dir,INF582M01DN0,147950,commodity,Commodities: Silver,Equity,Acutaas Chemicals,Healthcare,73.5,,,4.45
Union Focused Dir,INF582M01DN0,147950,commodity,Commodities: Silver,Equity,Bharat Electronics,Industrials,51.44,,,4.38
Union Focused Dir,INF582M01DN0,147950,commodity,Commodities: Silver,Equity,HDFC Bank,Financial,15.76,,,4.08
Union Focused Dir,INF582M01DN0,147950,commodity,Commodities: Silver,Equity,Gabriel India,Consumer Discretionary,67.83,,,3.98
Union Focused Dir,INF582M01DN0,147950,commodity,Commodities: Silver,Equity,Torrent Pharma,Healthcare,69.41,,,3.89
Union Focused Dir,INF582M01DN0,147950,commodity,Commodities: Silver,Equity,CG Power,Industrials,125.19,,,3.64
Union Focused Dir,INF582M01DN0,147950,commodity,Commodities: Silver,Equity,MCX,Financial,53.17,,,3.64
Union Focused Dir,INF582M01DN0,147950,commodity,Commodities: Silver,Equity,Max Healthcare,Healthcare,73.57,,,3.55
Union Focused Dir,INF582M01DN0,147950,commodity,Commodities: Silver,Equity,Navin Fluorine,Materials,57.43,,,3.44
Union Focused Dir,INF582M01DN0,147950,commodity,Commodities: Silver,Equity,Infosys,Technology,14.36,,,3.25
Union Focused Dir,INF582M01DN0,147950,commodity,Commodities: Silver,Equity,Karur Vysya Bank,Financial,11.2,,,3.23
Union Focused Dir,INF582M01DN0,147950,commodity,Commodities: Silver,Equity,SBI,Financial,11.46,,,3.15
Union Focused Dir,INF582M01DN0,147950,commodity,Commodities: Silver,Equity,Bharti Airtel,Technology,43.19,,,2.77
Union Focused Dir,INF582M01DN0,147950,commodity,Commodities: Silver,Equity,Ujjivan SF Bank,Financial,16.13,,,2.75
Union Focused Dir,INF582M01DN0,147950,commodity,Commodities: Silver,Equity,Eternal,Technology,688.71,,,2.67
Union Focused Dir,INF582M01DN0,147950,commodity,Commodities: Silver,Equity,Shriram Finance,Financial,23.5,,,2.65
Union Focused Dir,INF582M01DN0,147950,commodity,Commodities: Silver,Equity,Larsen & Toubro,Industrials,35.92,,,2.4
Union Focused Dir,INF582M01DN0,147950,commodity,Commodities: Silver,Equity,Amber Enterprises,Consumer Discretionary,157.13,,,2.33
Union Focused Dir,INF582M01DN0,147950,commodity,Commodities: Silver,Equity,KFin Technologies,Financial,46.15,,,2.29
Union Focused Dir,INF582M01DN0,147950,commodity,Commodities: Silver,Equity,Max Financial,Financial,677.32,,,2.15
Union Retirement Dir,INF582M01CS1,141893,commodity,Commodities: Silver,Equity,ICICI Bank,Financial,17.8,,,5.71
Union Retirement Dir,INF582M01CS1,141893,commodity,Commodities: Silver,Equity,HDFC Bank,Financial,15.76,,,5.26
Union Retirement Dir,INF582M01CS1,141893,commodity,Commodities: Silver,Equity,Acutaas Chemicals,Healthcare,73.5,,,3.16
Union Retirement Dir,INF582M01CS1,141893,commodity,Commodities: Silver,Equity,MCX,Financial,53.17,,,2.68
Union Retirement Dir,INF582M01CS1,141893,commodity,Commodities: Silver,Equity,Reliance Ind,Energy & Utilities,22.25,,,2.67
Union Retirement Dir,INF582M01CS1,141893,commodity,Commodities: Silver,Equity,Solar,Materials,98.23,,,2.44
Union Retirement Dir,INF582M01CS1,141893,commodity,Commodities: Silver,Equity,NTPC,Energy & Utilities,13.09,,,2.25
Union Retirement Dir,INF582M01CS1,141893,commodity,Commodities: Silver,Equity,GE Vernova T&D,Industrials,111.6,,,2.21
Union Retirement Dir,INF582M01CS1,141893,commodity,Commodities: Silver,Equity,Tata Consumer,Consumer Staples,71.05,,,2.2
Union Retirement Dir,INF582M01CS1,141893,commodity,Commodities: Silver,Equity,SBI,Financial,11.46,,,2.19
Union Retirement Dir,INF582M01CS1,141893,commodity,Commodities: Silver,Equity,Larsen & Toubro,Industrials,35.92,,,2.06
Union Retirement Dir,INF582M01CS1,141893,commodity,Commodities: Silver,Equity,SJS Enterprises,Consumer Discretionary,41.59,,,1.91
Union Retirement Dir,INF582M01CS1,141893,commodity,Commodities: Silver,Equity,Infosys,Technology,14.36,,,1.85
Union Retirement Dir,INF582M01CS1,141893,commodity,Commodities: Silver,Equity,Navin Fluorine,Materials,57.43,,,1.8
Union Retirement Dir,INF582M01CS1,141893,commodity,Commodities: Silver,Equity,Muthoot Finance,Financial,11.82,,,1.69
Union Retirement Dir,INF582M01CS1,141893,commodity,Commodities: Silver,Equity,Karur Vysya Bank,Financial,11.2,,,1.59
Union Retirement Dir,INF582M01CS1,141893,commodity,Commodities: Silver,Equity,Bharti Airtel,Technology,43.19,,,1.57
Union Retirement Dir,INF582M01CS1,141893,commodity,Commodities: Silver,Equity,Max Financial,Financial,677.32,,,1.48
Union Retirement Dir,INF582M01CS1,141893,commodity,Commodities: Silver,Equity,ZF Commercial,Consumer Discretionary,58.16,,,1.48
Union Retirement Dir,INF582M01CS1,141893,commodity,Commodities: Silver,Equity,Mphasis,Technology,22.9,,,1.47
Union Retirement Dir,INF582M01CS1,141893,commodity,Commodities: Silver,Equity,Titan,Consumer Discretionary,77.17,,,1.44
Union Retirement Dir,INF582M01CS1,141893,commodity,Commodities: Silver,Equity,The Phoenix Mills,Real Estate,55.13,,,1.43
Union Retirement Dir,INF582M01CS1,141893,commodity,Commodities: Silver,Equity,Maruti Suzuki,Consumer Discretionary,28.73,,,1.33
Union Retirement Dir,INF582M01CS1,141893,commodity,Commodities: Silver,Equity,Kirloskar Oil,Industrials,49.92,,,1.33
Union Retirement Dir,INF582M01CS1,141893,commodity,Commodities: Silver,Equity,Azad Engineering,Industrials,101.92,,,1.32
UTI Children's Equity Dir,INF789F1AZV0,120724,commodity,Commodities: Silver,Equity,HDFC Bank,Financial,15.76,,,7.68
UTI Children's Equity Dir,INF789F1AZV0,120724,commodity,Commodities: Silver,Equity,ICICI Bank,Financial,17.8,,,6.9
UTI Children's Equity Dir,INF789F1AZV0,120724,commodity,Commodities: Silver,Equity,Bharti Airtel,Technology,43.19,,,4.46
UTI Children's Equity Dir,INF789F1AZV0,120724,commodity,Commodities: Silver,Equity,Reliance Ind,Energy & Utilities,22.25,,,4.27
UTI Children's Equity Dir,INF789F1AZV0,120724,commodity,Commodities: Silver,Equity,Axis Bank,Financial,15.95,,,4.01
UTI Children's Equity Dir,INF789F1AZV0,120724,commodity,Commodities: Silver,Equity,Bajaj Finance,Financial,31.57,,,3.66
UTI Children's Equity Dir,INF789F1AZV0,120724,commodity,Commodities: Silver,Equity,Infosys,Technology,14.36,,,3.65
UTI Children's Equity Dir,INF789F1AZV0,120724,commodity,Commodities: Silver,Equity,Tata Steel,Materials,22.91,,,3.4
UTI Children's Equity Dir,INF789F1AZV0,120724,commodity,Commodities: Silver,Equity,Maruti Suzuki,Consumer Discretionary,28.73,,,2.92
UTI Children's Equity Dir,INF789F1AZV0,120724,commodity,Commodities: Silver,Equity,Kotak Bank,Financial,20.63,,,2.28
UTI Children's Equity Dir,INF789F1AZV0,120724,commodity,Commodities: Silver,Equity,Eternal,Technology,688.71,,,2
UTI Children's Equity Dir,INF789F1AZV0,120724,commodity,Commodities: Silver,Equity,Tech Mahindra,Technology,28.24,,,1.99
UTI Children's Equity Dir,INF789F1AZV0,120724,commodity,Commodities: Silver,Equity,Polycab India,Industrials,56.42,,,1.87
UTI Children's Equity Dir,INF789F1AZV0,120724,commodity,Commodities: Silver,Equity,SBI,Financial,11.46,,,1.86
UTI Children's Equity Dir,INF789F1AZV0,120724,commodity,Commodities: Silver,Equity,Ajanta Pharma,Healthcare,36.2,,,1.84
UTI Children's Equity Dir,INF789F1AZV0,120724,commodity,Commodities: Silver,Equity,Larsen & Toubro,Industrials,35.92,,,1.8
UTI Children's Equity Dir,INF789F1AZV0,120724,commodity,Commodities: Silver,Equity,The Phoenix Mills,Real Estate,55.13,,,1.62
UTI Children's Equity Dir,INF789F1AZV0,120724,commodity,Commodities: Silver,Equity,Shree Cement,Materials,52.1,,,1.56
UTI Children's Equity Dir,INF789F1AZV0,120724,commodity,Commodities: Silver,Equity,ICICI Lombard,Financial,36.79,,,1.55
UTI Children's Equity Dir,INF789F1AZV0,120724,commodity,Commodities: Silver,Equity,Nestle India,Consumer Staples,77.1,,,1.52
UTI Children's Equity Dir,INF789F1AZV0,120724,commodity,Commodities: Silver,Equity,Aster Dm Health,Healthcare,105.46,,,1.49
UTI Children's Equity Dir,INF789F1AZV0,120724,commodity,Commodities: Silver,Equity,Crompton Greaves,Consumer Discretionary,,,,1.46
UTI Children's Equity Dir,INF789F1AZV0,120724,commodity,Commodities: Silver,Equity,Jubilant Foodworks,Consumer Discretionary,64.65,,,1.46
UTI Children's Equity Dir,INF789F1AZV0,120724,commodity,Commodities: Silver,Equity,NTPC,Energy & Utilities,13.09,,,1.42
UTI Children's Equity Dir,INF789F1AZV0,120724,commodity,Commodities: Silver,Equity,Avenue Supermarts,Consumer Staples,93.91,,,1.41
UTI Flexi Cap Dir,INF789F01TC4,120662,commodity,Commodities: Silver,Equity,ICICI Bank,Financial,17.8,,,6.18
UTI Flexi Cap Dir,INF789F01TC4,120662,commodity,Commodities: Silver,Equity,Bajaj Finance,Financial,31.57,,,6.13
UTI Flexi Cap Dir,INF789F01TC4,120662,commodity,Commodities: Silver,Equity,Eternal,Technology,688.71,,,5.7
UTI Flexi Cap Dir,INF789F01TC4,120662,commodity,Commodities: Silver,Equity,HDFC Bank,Financial,15.76,,,5.18
UTI Flexi Cap Dir,INF789F01TC4,120662,commodity,Commodities: Silver,Equity,Titan,Consumer Discretionary,77.17,,,3.89
UTI Flexi Cap Dir,INF789F01TC4,120662,commodity,Commodities: Silver,Equity,Kotak Bank,Financial,20.63,,,3.59
UTI Flexi Cap Dir,INF789F01TC4,120662,commodity,Commodities: Silver,Equity,Avenue Supermarts,Consumer Staples,93.91,,,3.48
UTI Flexi Cap Dir,INF789F01TC4,120662,commodity,Commodities: Silver,Equity,Bharti Airtel,Technology,43.19,,,3.44
UTI Flexi Cap Dir,INF789F01TC4,120662,commodity,Commodities: Silver,Equity,Coforge,Technology,41.51,,,3.41
UTI Flexi Cap Dir,INF789F01TC4,120662,commodity,Commodities: Silver,Equity,Persistent Systems,Technology,40.32,,,3.2
UTI Flexi Cap Dir,INF789F01TC4,120662,commodity,Commodities: Silver,Equity,Info Edge (India),Technology,44.17,,,3.19
UTI Flexi Cap Dir,INF789F01TC4,120662,commodity,Commodities: Silver,Equity,Dixon Technologies,Consumer Discretionary,53.08,,,3.15
UTI Flexi Cap Dir,INF789F01TC4,120662,commodity,Commodities: Silver,Equity,LTIMindtree,Technology,22.53,,,2.49
UTI Flexi Cap Dir,INF789F01TC4,120662,commodity,Commodities: Silver,Equity,Trent,Consumer Discretionary,97.62,,,2.46
UTI Flexi Cap Dir,INF789F01TC4,120662,commodity,Commodities: Silver,Equity,Mahindra & Mahindra,Consumer Discretionary,22.36,,,2.24
UTI Flexi Cap Dir,INF789F01TC4,120662,commodity,Commodities: Silver,Equity,Eicher Motors,Consumer Discretionary,37.69,,,2.23
UTI Flexi Cap Dir,INF789F01TC4,120662,commodity,Commodities: Silver,Equity,Maruti Suzuki,Consumer Discretionary,28.73,,,2.18
UTI Flexi Cap Dir,INF789F01TC4,120662,commodity,Commodities: Silver,Equity,Polycab India,Industrials,56.42,,,2.1
UTI Flexi Cap Dir,INF789F01TC4,120662,commodity,Commodities: Silver,Equity,Dr. Lal Pathlabs,Healthcare,54.13,,,1.85
UTI Flexi Cap Dir,INF789F01TC4,120662,commodity,Commodities: Silver,Equity,Global Health,Healthcare,60.89,,,1.83
UTI Flexi Cap Dir,INF789F01TC4,120662,commodity,Commodities: Silver,Equity,Astral,Industrials,77.04,,,1.82
UTI Flexi Cap Dir,INF789F01TC4,120662,commodity,Commodities: Silver,Equity,Ajanta Pharma,Healthcare,36.2,,,1.76
UTI Flexi Cap Dir,INF789F01TC4,120662,commodity,Commodities: Silver,Equity,Torrent Pharma,Healthcare,69.41,,,1.37
UTI Flexi Cap Dir,INF789F01TC4,120662,commodity,Commodities: Silver,Equity,Divi's Lab,Healthcare,69.75,,,1.28
UTI Flexi Cap Dir,INF789F01TC4,120662,commodity,Commodities: Silver,Equity,Pidilite Ind,Materials,65.49,,,1.27
UTI Focused Dir,INF789F1ACN0,140941,commodity,Commodities: Silver,Equity,ICICI Bank,Financial,17.8,,,8.75
UTI Focused Dir,INF789F1ACN0,140941,commodity,Commodities: Silver,Equity,HDFC Bank,Financial,15.76,,,8.17
UTI Focused Dir,INF789F1ACN0,140941,commodity,Commodities: Silver,Equity,Reliance Ind,Energy & Utilities,22.25,,,5.15
UTI Focused Dir,INF789F1ACN0,140941,commodity,Commodities: Silver,Equity,Eternal,Technology,688.71,,,5.08
UTI Focused Dir,INF789F1ACN0,140941,commodity,Commodities: Silver,Equity,Larsen & Toubro,Industrials,35.92,,,4.61
UTI Focused Dir,INF789F1ACN0,140941,commodity,Commodities: Silver,Equity,Infosys,Technology,14.36,,,4.17
UTI Focused Dir,INF789F1ACN0,140941,commodity,Commodities: Silver,Equity,Bharti Airtel,Technology,43.19,,,3.86
UTI Focused Dir,INF789F1ACN0,140941,commodity,Commodities: Silver,Equity,Bajaj Finance,Financial,31.57,,,3.83
UTI Focused Dir,INF789F1ACN0,140941,commodity,Commodities: Silver,Equity,Tata Steel,Materials,22.91,,,3.82
UTI Focused Dir,INF789F1ACN0,140941,commodity,Commodities: Silver,Equity,Kotak Bank,Financial,20.63,,,3.73
UTI Focused Dir,INF789F1ACN0,140941,commodity,Commodities: Silver,Equity,Tube Investments,Consumer Discretionary,99.72,,,3.38
UTI Focused Dir,INF789F1ACN0,140941,commodity,Commodities: Silver,Equity,Titan,Consumer Discretionary,77.17,,,3.3
UTI Focused Dir,INF789F1ACN0,140941,commodity,Commodities: Silver,Equity,Tech Mahindra,Technology,28.24,,,3.06
UTI Focused Dir,INF789F1ACN0,140941,commodity,Commodities: Silver,Equity,Mahindra & Mahindra,Consumer Discretionary,22.36,,,2.89
UTI Focused Dir,INF789F1ACN0,140941,commodity,Commodities: Silver,Equity,Shriram Finance,Financial,23.5,,,2.87
UTI Focused Dir,INF789F1ACN0,140941,commodity,Commodities: Silver,Equity,Tata Consumer,Consumer Staples,71.05,,,2.74
UTI Focused Dir,INF789F1ACN0,140941,commodity,Commodities: Silver,Equity,Ajanta Pharma,Healthcare,36.2,,,2.61
UTI Focused Dir,INF789F1ACN0,140941,commodity,Commodities: Silver,Equity,ICICI Prudential Asset Management,Financial,50.08,,,2.58
UTI Focused Dir,INF789F1ACN0,140941,commodity,Commodities: Silver,Equity,The Phoenix Mills,Real Estate,55.13,,,2.43
UTI Focused Dir,INF789F1ACN0,140941,commodity,Commodities: Silver,Equity,Maruti Suzuki,Consumer Discretionary,28.73,,,2.22
UTI Focused Dir,INF789F1ACN0,140941,commodity,Commodities: Silver,Equity,Havells India,Consumer Discretionary,43.78,,,2.16
UTI Focused Dir,INF789F1ACN0,140941,commodity,Commodities: Silver,Equity,PB Fintech,Financial,111.92,,,2.16
UTI Focused Dir,INF789F1ACN0,140941,commodity,Commodities: Silver,Equity,Tata Motors,Industrials,48.67,,,2.08
UTI Focused Dir,INF789F1ACN0,140941,commodity,Commodities: Silver,Equity,Aurobindo Pharma,Healthcare,24.16,,,2.07
UTI Focused Dir,INF789F1ACN0,140941,commodity,Commodities: Silver,Equity,Shree Cement,Materials,52.1,,,2.03
UTI Nifty500 Shariah Index Dir,INF789F1AD04,154197,commodity,Commodities: Silver,Equity,Infosys,Technology,14.36,,,7.13
UTI Nifty500 Shariah Index Dir,INF789F1AD04,154197,commodity,Commodities: Silver,Equity,Tata Consultancy,Technology,15.33,,,4.04
UTI Nifty500 Shariah Index Dir,INF789F1AD04,154197,commodity,Commodities: Silver,Equity,Hindustan Unilever,Consumer Staples,34.14,,,3.35
UTI Nifty500 Shariah Index Dir,INF789F1AD04,154197,commodity,Commodities: Silver,Equity,Sun Pharmaceutical,Healthcare,38.15,,,3.34
UTI Nifty500 Shariah Index Dir,INF789F1AD04,154197,commodity,Commodities: Silver,Equity,Hindalco Ind,Materials,16.96,,,2.86
UTI Nifty500 Shariah Index Dir,INF789F1AD04,154197,commodity,Commodities: Silver,Equity,Ultratech Cement,Materials,40.9,,,2.38
UTI Nifty500 Shariah Index Dir,INF789F1AD04,154197,commodity,Commodities: Silver,Equity,HCL Technologies,Technology,18.25,,,2.19
UTI Nifty500 Shariah Index Dir,INF789F1AD04,154197,commodity,Commodities: Silver,Equity,Asian Paints,Materials,60.52,,,2.11
UTI Nifty500 Shariah Index Dir,INF789F1AD04,154197,commodity,Commodities: Silver,Equity,ONGC,Energy & Utilities,7.42,,,1.8
UTI Nifty500 Shariah Index Dir,INF789F1AD04,154197,commodity,Commodities: Silver,Equity,Nestle India,Consumer Staples,77.1,,,1.78
UTI Nifty500 Shariah Index Dir,INF789F1AD04,154197,commodity,Commodities: Silver,Equity,Tech Mahindra,Technology,28.24,,,1.65
UTI Nifty500 Shariah Index Dir,INF789F1AD04,154197,commodity,Commodities: Silver,Equity,Trent,Consumer Discretionary,97.62,,,1.64
UTI Nifty500 Shariah Index Dir,INF789F1AD04,154197,commodity,Commodities: Silver,Equity,Tata Motors Passenger Vehicles,Consumer Discretionary,1.61,,,1.44
UTI Nifty500 Shariah Index Dir,INF789F1AD04,154197,commodity,Commodities: Silver,Equity,Dr. Reddy'S Labs,Healthcare,25.16,,,1.39
UTI Nifty500 Shariah Index Dir,INF789F1AD04,154197,commodity,Commodities: Silver,Equity,Cummins India,Industrials,68.6,,,1.39
UTI Nifty500 Shariah Index Dir,INF789F1AD04,154197,commodity,Commodities: Silver,Equity,Cipla,Healthcare,28.21,,,1.38
UTI Nifty500 Shariah Index Dir,INF789F1AD04,154197,commodity,Commodities: Silver,Equity,Tata Consumer,Consumer Staples,71.05,,,1.34
UTI Nifty500 Shariah Index Dir,INF789F1AD04,154197,commodity,Commodities: Silver,Equity,Max Healthcare,Healthcare,73.57,,,1.26
UTI Nifty500 Shariah Index Dir,INF789F1AD04,154197,commodity,Commodities: Silver,Equity,Suzlon Energy,Industrials,25.71,,,1.21
UTI Nifty500 Shariah Index Dir,INF789F1AD04,154197,commodity,Commodities: Silver,Equity,Samvardhana Motherson,Consumer Discretionary,39.79,,,1.13
UTI Nifty500 Shariah Index Dir,INF789F1AD04,154197,commodity,Commodities: Silver,Equity,GE Vernova T&D,Industrials,111.6,,,1.12
UTI Nifty500 Shariah Index Dir,INF789F1AD04,154197,commodity,Commodities: Silver,Equity,Hero Motocorp,Consumer Discretionary,17.3,,,1.11
UTI Nifty500 Shariah Index Dir,INF789F1AD04,154197,commodity,Commodities: Silver,Equity,CG Power,Industrials,125.19,,,1.1
UTI Nifty500 Shariah Index Dir,INF789F1AD04,154197,commodity,Commodities: Silver,Equity,Britannia Ind,Consumer Staples,49.34,,,1.07
UTI Nifty500 Shariah Index Dir,INF789F1AD04,154197,commodity,Commodities: Silver,Equity,Bharat Heavy Elect,Industrials,89.9,,,1.06
WhiteOak Capital Flexi Cap Dir,INF03VN01530,150346,commodity,Commodities: Silver,Equity,ICICI Bank,Financial,17.8,,,8.05
WhiteOak Capital Flexi Cap Dir,INF03VN01530,150346,commodity,Commodities: Silver,Equity,HDFC Bank,Financial,15.76,,,6.56
WhiteOak Capital Flexi Cap Dir,INF03VN01530,150346,commodity,Commodities: Silver,Equity,Bharti Airtel,Technology,43.19,,,4.21
WhiteOak Capital Flexi Cap Dir,INF03VN01530,150346,commodity,Commodities: Silver,Equity,Nestle India,Consumer Staples,77.1,,,2.86
WhiteOak Capital Flexi Cap Dir,INF03VN01530,150346,commodity,Commodities: Silver,Equity,Bharat Electronics,Industrials,51.44,,,2.44
WhiteOak Capital Flexi Cap Dir,INF03VN01530,150346,commodity,Commodities: Silver,Equity,Eternal,Technology,688.71,,,2.42
WhiteOak Capital Flexi Cap Dir,INF03VN01530,150346,commodity,Commodities: Silver,Equity,Kotak Bank,Financial,20.63,,,2.31
WhiteOak Capital Flexi Cap Dir,INF03VN01530,150346,commodity,Commodities: Silver,Equity,Mahindra & Mahindra,Consumer Discretionary,22.36,,,2.3
WhiteOak Capital Flexi Cap Dir,INF03VN01530,150346,commodity,Commodities: Silver,Equity,Reliance Ind,Energy & Utilities,22.25,,,2.27
WhiteOak Capital Flexi Cap Dir,INF03VN01530,150346,commodity,Commodities: Silver,Equity,Maruti Suzuki,Consumer Discretionary,28.73,,,1.71
WhiteOak Capital Flexi Cap Dir,INF03VN01530,150346,commodity,Commodities: Silver,Equity,Coforge,Technology,41.51,,,1.53
WhiteOak Capital Flexi Cap Dir,INF03VN01530,150346,commodity,Commodities: Silver,Equity,SBI,Financial,11.46,,,1.5
WhiteOak Capital Flexi Cap Dir,INF03VN01530,150346,commodity,Commodities: Silver,Equity,Titan,Consumer Discretionary,77.17,,,1.42
WhiteOak Capital Flexi Cap Dir,INF03VN01530,150346,commodity,Commodities: Silver,Equity,Hindalco Ind,Materials,16.96,,,1.38
WhiteOak Capital Flexi Cap Dir,INF03VN01530,150346,commodity,Commodities: Silver,Equity,JB Chemicals,Healthcare,49.62,,,1.34
WhiteOak Capital Flexi Cap Dir,INF03VN01530,150346,commodity,Commodities: Silver,Equity,Aadhar Housing Fin,Financial,19.66,,,1.23
WhiteOak Capital Flexi Cap Dir,INF03VN01530,150346,commodity,Commodities: Silver,Equity,Max Financial,Financial,677.32,,,1
WhiteOak Capital Flexi Cap Dir,INF03VN01530,150346,commodity,Commodities: Silver,Equity,Aditya Infotech,Technology,112.9,,,0.91
WhiteOak Capital Flexi Cap Dir,INF03VN01530,150346,commodity,Commodities: Silver,Equity,TD Power Systems,Industrials,83.14,,,0.89
WhiteOak Capital Flexi Cap Dir,INF03VN01530,150346,commodity,Commodities: Silver,Equity,CG Power,Industrials,125.19,,,0.89
WhiteOak Capital Flexi Cap Dir,INF03VN01530,150346,commodity,Commodities: Silver,Equity,ONGC,Energy & Utilities,7.42,,,0.85
WhiteOak Capital Flexi Cap Dir,INF03VN01530,150346,commodity,Commodities: Silver,Equity,Krishna Institute,Healthcare,132.36,,,0.85
WhiteOak Capital Flexi Cap Dir,INF03VN01530,150346,commodity,Commodities: Silver,Equity,Azad Engineering,Industrials,101.92,,,0.79
WhiteOak Capital Flexi Cap Dir,INF03VN01530,150346,commodity,Commodities: Silver,Equity,India Shelter Fin,Financial,17.02,,,0.78
WhiteOak Capital Flexi Cap Dir,INF03VN01530,150346,commodity,Commodities: Silver,Equity,Bajaj Finserv,Financial,28.85,,,0.74
360 ONE Flexicap Reg,INF579M01AP7,151799,commodity,Commodities: Silver,Equity,GE Vernova T&D,Industrials,111.6,,,5.26
360 ONE Flexicap Reg,INF579M01AP7,151799,commodity,Commodities: Silver,Equity,ICICI Bank,Financial,17.8,,,4.84
360 ONE Flexicap Reg,INF579M01AP7,151799,commodity,Commodities: Silver,Equity,Axis Bank,Financial,15.95,,,3.87
360 ONE Flexicap Reg,INF579M01AP7,151799,commodity,Commodities: Silver,Equity,Indus Towers,Technology,15.22,,,3.85
360 ONE Flexicap Reg,INF579M01AP7,151799,commodity,Commodities: Silver,Equity,Kotak Bank,Financial,20.63,,,3.79
360 ONE Flexicap Reg,INF579M01AP7,151799,commodity,Commodities: Silver,Equity,Premier Energies,Energy & Utilities,32.17,,,3.41
360 ONE Flexicap Reg,INF579M01AP7,151799,commodity,Commodities: Silver,Equity,Cholamandalam Inv,Financial,27.55,,,3.36
360 ONE Flexicap Reg,INF579M01AP7,151799,commodity,Commodities: Silver,Equity,Eternal,Technology,688.71,,,3.18
360 ONE Flexicap Reg,INF579M01AP7,151799,commodity,Commodities: Silver,Equity,Tata Motors,Industrials,48.67,,,2.99
360 ONE Flexicap Reg,INF579M01AP7,151799,commodity,Commodities: Silver,Equity,Bharti Airtel,Technology,43.19,,,2.89
360 ONE Flexicap Reg,INF579M01AP7,151799,commodity,Commodities: Silver,Equity,MCX,Financial,53.17,,,2.8
360 ONE Flexicap Reg,INF579M01AP7,151799,commodity,Commodities: Silver,Equity,The Indian Hotels,Consumer Discretionary,49.43,,,2.79
360 ONE Flexicap Reg,INF579M01AP7,151799,commodity,Commodities: Silver,Equity,Motherson Wiring,Industrials,40.1,,,2.57
360 ONE Flexicap Reg,INF579M01AP7,151799,commodity,Commodities: Silver,Equity,CG Power,Industrials,125.19,,,2.55
360 ONE Flexicap Reg,INF579M01AP7,151799,commodity,Commodities: Silver,Equity,Bajaj Finance,Financial,31.57,,,2.48
360 ONE Flexicap Reg,INF579M01AP7,151799,commodity,Commodities: Silver,Equity,Shriram Finance,Financial,23.5,,,2.27
360 ONE Flexicap Reg,INF579M01AP7,151799,commodity,Commodities: Silver,Equity,Emmvee Photovoltaic Power,Energy & Utilities,21.37,,,2.2
360 ONE Flexicap Reg,INF579M01AP7,151799,commodity,Commodities: Silver,Equity,Varun Beverages,Consumer Staples,56.66,,,2.12
360 ONE Flexicap Reg,INF579M01AP7,151799,commodity,Commodities: Silver,Equity,Onesource Specialty Pharma,Healthcare,,,,1.98
360 ONE Flexicap Reg,INF579M01AP7,151799,commodity,Commodities: Silver,Equity,Aditya Infotech,Technology,112.9,,,1.93
360 ONE Flexicap Reg,INF579M01AP7,151799,commodity,Commodities: Silver,Equity,Tech Mahindra,Technology,28.24,,,1.89
360 ONE Flexicap Reg,INF579M01AP7,151799,commodity,Commodities: Silver,Equity,Bajaj Consumer,Consumer Staples,42.93,,,1.89
360 ONE Flexicap Reg,INF579M01AP7,151799,commodity,Commodities: Silver,Equity,Maruti Suzuki,Consumer Discretionary,28.73,,,1.78
360 ONE Flexicap Reg,INF579M01AP7,151799,commodity,Commodities: Silver,Equity,ICICI Prudential Asset Management,Financial,50.08,,,1.73
360 ONE Flexicap Reg,INF579M01AP7,151799,commodity,Commodities: Silver,Equity,Coforge,Technology,41.51,,,1.64
360 ONE Focused Reg,INF579M01878,131578,commodity,Commodities: Silver,Equity,ICICI Bank,Financial,17.8,,,8.82
360 ONE Focused Reg,INF579M01878,131578,commodity,Commodities: Silver,Equity,Bharti Airtel,Technology,43.19,,,6.21
360 ONE Focused Reg,INF579M01878,131578,commodity,Commodities: Silver,Equity,Indus Towers,Technology,15.22,,,6.09
360 ONE Focused Reg,INF579M01878,131578,commodity,Commodities: Silver,Equity,Axis Bank,Financial,15.95,,,5.46
360 ONE Focused Reg,INF579M01878,131578,commodity,Commodities: Silver,Equity,GE Vernova T&D,Industrials,111.6,,,5.36
360 ONE Focused Reg,INF579M01878,131578,commodity,Commodities: Silver,Equity,Cholamandalam Inv,Financial,27.55,,,5.04
360 ONE Focused Reg,INF579M01878,131578,commodity,Commodities: Silver,Equity,CG Power,Industrials,125.19,,,4.68
360 ONE Focused Reg,INF579M01878,131578,commodity,Commodities: Silver,Equity,Eternal,Technology,688.71,,,4.39
360 ONE Focused Reg,INF579M01878,131578,commodity,Commodities: Silver,Equity,Premier Energies,Energy & Utilities,32.17,,,4.32
360 ONE Focused Reg,INF579M01878,131578,commodity,Commodities: Silver,Equity,Kotak Bank,Financial,20.63,,,4.21
360 ONE Focused Reg,INF579M01878,131578,commodity,Commodities: Silver,Equity,Tata Motors,Industrials,48.67,,,3.55
360 ONE Focused Reg,INF579M01878,131578,commodity,Commodities: Silver,Equity,The Indian Hotels,Consumer Discretionary,49.43,,,3.54
360 ONE Focused Reg,INF579M01878,131578,commodity,Commodities: Silver,Equity,Motherson Wiring,Industrials,40.1,,,3.44
360 ONE Focused Reg,INF579M01878,131578,commodity,Commodities: Silver,Equity,Bajaj Finance,Financial,31.57,,,3.34
360 ONE Focused Reg,INF579M01878,131578,commodity,Commodities: Silver,Equity,Varun Beverages,Consumer Staples,56.66,,,3.1
360 ONE Focused Reg,INF579M01878,131578,commodity,Commodities: Silver,Equity,Shriram Finance,Financial,23.5,,,2.91
360 ONE Focused Reg,INF579M01878,131578,commodity,Commodities: Silver,Equity,Divi's Lab,Healthcare,69.75,,,2.79
360 ONE Focused Reg,INF579M01878,131578,commodity,Commodities: Silver,Equity,JSW Steel,Materials,14.11,,,2.35
360 ONE Focused Reg,INF579M01878,131578,commodity,Commodities: Silver,Equity,Onesource Specialty Pharma,Healthcare,,,,2.16
360 ONE Focused Reg,INF579M01878,131578,commodity,Commodities: Silver,Equity,Crompton Greaves,Consumer Discretionary,,,,2.02
360 ONE Focused Reg,INF579M01878,131578,commodity,Commodities: Silver,Equity,SIS,Industrials,44.33,,,1.86
360 ONE Focused Reg,INF579M01878,131578,commodity,Commodities: Silver,Equity,Physicswallah,Consumer Staples,,,,1.85
360 ONE Focused Reg,INF579M01878,131578,commodity,Commodities: Silver,Equity,Aegis Vopak Terminals,Energy & Utilities,84.97,,,1.72
360 ONE Focused Reg,INF579M01878,131578,commodity,Commodities: Silver,Equity,Hero Motocorp,Consumer Discretionary,17.3,,,1.7
360 ONE Focused Reg,INF579M01878,131578,commodity,Commodities: Silver,Equity,PNB Housing Fin,Financial,11.37,,,1.64
Abakkus Flexi Cap Reg,INF2JJD01169,154041,commodity,Commodities: Silver,Equity,ICICI Bank,Financial,17.81,,,4.63
Abakkus Flexi Cap Reg,INF2JJD01169,154041,commodity,Commodities: Silver,Equity,HDFC Bank,Financial,15.78,,,4.12
Abakkus Flexi Cap Reg,INF2JJD01169,154041,commodity,Commodities: Silver,Equity,Reliance Ind,Energy & Utilities,22.25,,,3.15
Abakkus Flexi Cap Reg,INF2JJD01169,154041,commodity,Commodities: Silver,Equity,ICICI Prudential Asset Management,Financial,50.1,,,3.07
Abakkus Flexi Cap Reg,INF2JJD01169,154041,commodity,Commodities: Silver,Equity,SBI,Financial,11.45,,,3.03
Abakkus Flexi Cap Reg,INF2JJD01169,154041,commodity,Commodities: Silver,Equity,The Federal Bank,Financial,18.29,,,2.97
Abakkus Flexi Cap Reg,INF2JJD01169,154041,commodity,Commodities: Silver,Equity,Indus Towers,Technology,15.24,,,2.87
Abakkus Flexi Cap Reg,INF2JJD01169,154041,commodity,Commodities: Silver,Equity,Bank Of Baroda,Financial,7.31,,,2.85
Abakkus Flexi Cap Reg,INF2JJD01169,154041,commodity,Commodities: Silver,Equity,Oracle Fin,Technology,31.21,,,2.75
Abakkus Flexi Cap Reg,INF2JJD01169,154041,commodity,Commodities: Silver,Equity,Mahindra & Mahindra,Consumer Discretionary,22.42,,,2.57
Abakkus Flexi Cap Reg,INF2JJD01169,154041,commodity,Commodities: Silver,Equity,Avalon Tech,Industrials,102.42,,,2.56
Abakkus Flexi Cap Reg,INF2JJD01169,154041,commodity,Commodities: Silver,Equity,Inox India,Energy & Utilities,67.57,,,2.46
Abakkus Flexi Cap Reg,INF2JJD01169,154041,commodity,Commodities: Silver,Equity,Tata Steel,Materials,22.9,,,2.43
Abakkus Flexi Cap Reg,INF2JJD01169,154041,commodity,Commodities: Silver,Equity,Divi's Lab,Healthcare,69.8,,,2.36
Abakkus Flexi Cap Reg,INF2JJD01169,154041,commodity,Commodities: Silver,Equity,360 One Wam,Financial,37.9,,,2.35
Abakkus Flexi Cap Reg,INF2JJD01169,154041,commodity,Commodities: Silver,Equity,Lupin,Healthcare,20.09,,,2.16
Abakkus Flexi Cap Reg,INF2JJD01169,154041,commodity,Commodities: Silver,Equity,Bajaj Auto,Consumer Discretionary,25.97,,,2.06
Abakkus Flexi Cap Reg,INF2JJD01169,154041,commodity,Commodities: Silver,Equity,United Spirits,Consumer Staples,52.39,,,2
Abakkus Flexi Cap Reg,INF2JJD01169,154041,commodity,Commodities: Silver,Equity,IIFL Finance,Financial,13.56,,,1.89
Abakkus Flexi Cap Reg,INF2JJD01169,154041,commodity,Commodities: Silver,Equity,CG Power,Industrials,124.77,,,1.89
Abakkus Flexi Cap Reg,INF2JJD01169,154041,commodity,Commodities: Silver,Equity,ZF Commercial,Consumer Discretionary,58.18,,,1.84
Abakkus Flexi Cap Reg,INF2JJD01169,154041,commodity,Commodities: Silver,Equity,Tata Motors,Industrials,48.89,,,1.81
Abakkus Flexi Cap Reg,INF2JJD01169,154041,commodity,Commodities: Silver,Equity,Arvind Fashions,Consumer Discretionary,52.13,,,1.78
Abakkus Flexi Cap Reg,INF2JJD01169,154041,commodity,Commodities: Silver,Equity,PNB Housing Fin,Financial,11.41,,,1.76
Abakkus Flexi Cap Reg,INF2JJD01169,154041,commodity,Commodities: Silver,Equity,Emmvee Photovoltaic Power,Energy & Utilities,21.52,,,1.76
ABSL Bal Bhavishya Yojna Reg,INF209KB1E76,146409,commodity,Commodities: Silver,Equity,ICICI Bank,Financial,17.8,,,5.5
ABSL Bal Bhavishya Yojna Reg,INF209KB1E76,146409,commodity,Commodities: Silver,Equity,HDFC Bank,Financial,15.76,,,3.77
ABSL Bal Bhavishya Yojna Reg,INF209KB1E76,146409,commodity,Commodities: Silver,Equity,Reliance Ind,Energy & Utilities,22.25,,,3.68
ABSL Bal Bhavishya Yojna Reg,INF209KB1E76,146409,commodity,Commodities: Silver,Equity,Axis Bank,Financial,15.95,,,2.94
ABSL Bal Bhavishya Yojna Reg,INF209KB1E76,146409,commodity,Commodities: Silver,Equity,Infosys,Technology,14.36,,,2.7
ABSL Bal Bhavishya Yojna Reg,INF209KB1E76,146409,commodity,Commodities: Silver,Equity,Bharti Airtel,Technology,43.19,,,2.58
ABSL Bal Bhavishya Yojna Reg,INF209KB1E76,146409,commodity,Commodities: Silver,Equity,Hindalco Ind,Materials,16.96,,,2.47
ABSL Bal Bhavishya Yojna Reg,INF209KB1E76,146409,commodity,Commodities: Silver,Equity,Welspun,Materials,23,,,2.32
ABSL Bal Bhavishya Yojna Reg,INF209KB1E76,146409,commodity,Commodities: Silver,Equity,Meesho,Consumer Discretionary,,,,2.1
ABSL Bal Bhavishya Yojna Reg,INF209KB1E76,146409,commodity,Commodities: Silver,Equity,Shriram Finance,Financial,23.5,,,1.91
ABSL Bal Bhavishya Yojna Reg,INF209KB1E76,146409,commodity,Commodities: Silver,Equity,SBI,Financial,11.46,,,1.89
ABSL Bal Bhavishya Yojna Reg,INF209KB1E76,146409,commodity,Commodities: Silver,Equity,Tech Mahindra,Technology,28.24,,,1.75
ABSL Bal Bhavishya Yojna Reg,INF209KB1E76,146409,commodity,Commodities: Silver,Equity,AU Small Fin Bank,Financial,29.3,,,1.72
ABSL Bal Bhavishya Yojna Reg,INF209KB1E76,146409,commodity,Commodities: Silver,Equity,Larsen & Toubro,Industrials,35.92,,,1.72
ABSL Bal Bhavishya Yojna Reg,INF209KB1E76,146409,commodity,Commodities: Silver,Equity,Trent,Consumer Discretionary,97.62,,,1.71
ABSL Bal Bhavishya Yojna Reg,INF209KB1E76,146409,commodity,Commodities: Silver,Equity,Varun Beverages,Consumer Staples,56.66,,,1.69
ABSL Bal Bhavishya Yojna Reg,INF209KB1E76,146409,commodity,Commodities: Silver,Equity,Rainbow Children's,Healthcare,52.53,,,1.68
ABSL Bal Bhavishya Yojna Reg,INF209KB1E76,146409,commodity,Commodities: Silver,Equity,Samvardhana Motherson,Consumer Discretionary,39.79,,,1.67
ABSL Bal Bhavishya Yojna Reg,INF209KB1E76,146409,commodity,Commodities: Silver,Equity,Inventurus Knowledge Solutions,Industrials,39.87,,,1.66
ABSL Bal Bhavishya Yojna Reg,INF209KB1E76,146409,commodity,Commodities: Silver,Equity,Mahindra & Mahindra,Consumer Discretionary,22.36,,,1.65
ABSL Bal Bhavishya Yojna Reg,INF209KB1E76,146409,commodity,Commodities: Silver,Equity,Eternal,Technology,688.71,,,1.64
ABSL Bal Bhavishya Yojna Reg,INF209KB1E76,146409,commodity,Commodities: Silver,Equity,Dabur India,Consumer Staples,39.65,,,1.49
ABSL Bal Bhavishya Yojna Reg,INF209KB1E76,146409,commodity,Commodities: Silver,Equity,UPL,Materials,26.77,,,1.45
ABSL Bal Bhavishya Yojna Reg,INF209KB1E76,146409,commodity,Commodities: Silver,Equity,KFin Technologies,Financial,46.15,,,1.44
ABSL Bal Bhavishya Yojna Reg,INF209KB1E76,146409,commodity,Commodities: Silver,Equity,Sumitomo Chemical,Materials,41.75,,,1.4
ABSL BSE 500 Momentum 50 Index Reg,INF209KC1605,153735,commodity,Commodities: Silver,Equity,MCX,Financial,53.17,,,4.71
ABSL BSE 500 Momentum 50 Index Reg,INF209KC1605,153735,commodity,Commodities: Silver,Equity,Cummins India,Industrials,68.6,,,4.38
ABSL BSE 500 Momentum 50 Index Reg,INF209KC1605,153735,commodity,Commodities: Silver,Equity,GE Vernova T&D,Industrials,111.6,,,4.35
ABSL BSE 500 Momentum 50 Index Reg,INF209KC1605,153735,commodity,Commodities: Silver,Equity,Eicher Motors,Consumer Discretionary,37.69,,,3.99
ABSL BSE 500 Momentum 50 Index Reg,INF209KC1605,153735,commodity,Commodities: Silver,Equity,TVS Motor,Consumer Discretionary,54.03,,,3.75
ABSL BSE 500 Momentum 50 Index Reg,INF209KC1605,153735,commodity,Commodities: Silver,Equity,The Federal Bank,Financial,18.3,,,3.72
ABSL BSE 500 Momentum 50 Index Reg,INF209KC1605,153735,commodity,Commodities: Silver,Equity,Shriram Finance,Financial,23.5,,,3.7
ABSL BSE 500 Momentum 50 Index Reg,INF209KC1605,153735,commodity,Commodities: Silver,Equity,Bharat Electronics,Industrials,51.44,,,3.65
ABSL BSE 500 Momentum 50 Index Reg,INF209KC1605,153735,commodity,Commodities: Silver,Equity,SBI,Financial,11.46,,,3.56
ABSL BSE 500 Momentum 50 Index Reg,INF209KC1605,153735,commodity,Commodities: Silver,Equity,SBI Life Insurance,Financial,126.08,,,3.51
ABSL BSE 500 Momentum 50 Index Reg,INF209KC1605,153735,commodity,Commodities: Silver,Equity,Laurus Labs,Healthcare,86.1,,,3.24
ABSL BSE 500 Momentum 50 Index Reg,INF209KC1605,153735,commodity,Commodities: Silver,Equity,Max Financial,Financial,677.32,,,2.8
ABSL BSE 500 Momentum 50 Index Reg,INF209KC1605,153735,commodity,Commodities: Silver,Equity,Polycab India,Industrials,56.42,,,2.75
ABSL BSE 500 Momentum 50 Index Reg,INF209KC1605,153735,commodity,Commodities: Silver,Equity,Ashok Leyland,Industrials,26.42,,,2.74
ABSL BSE 500 Momentum 50 Index Reg,INF209KC1605,153735,commodity,Commodities: Silver,Equity,Canara Bank,Financial,6.8,,,2.71
ABSL BSE 500 Momentum 50 Index Reg,INF209KC1605,153735,commodity,Commodities: Silver,Equity,Indian Oil,Energy & Utilities,4.8,,,2.7
ABSL BSE 500 Momentum 50 Index Reg,INF209KC1605,153735,commodity,Commodities: Silver,Equity,Bharat Petroleum,Energy & Utilities,5.14,,,2.68
ABSL BSE 500 Momentum 50 Index Reg,INF209KC1605,153735,commodity,Commodities: Silver,Equity,Bharat Forge,Consumer Discretionary,90.13,,,2.66
ABSL BSE 500 Momentum 50 Index Reg,INF209KC1605,153735,commodity,Commodities: Silver,Equity,Hero Motocorp,Consumer Discretionary,17.3,,,2.53
ABSL BSE 500 Momentum 50 Index Reg,INF209KC1605,153735,commodity,Commodities: Silver,Equity,AU Small Fin Bank,Financial,29.3,,,2.46
ABSL BSE 500 Momentum 50 Index Reg,INF209KC1605,153735,commodity,Commodities: Silver,Equity,Hitachi Energy,Industrials,164.47,,,2.35
ABSL BSE 500 Momentum 50 Index Reg,INF209KC1605,153735,commodity,Commodities: Silver,Equity,Bank Of Baroda,Financial,7.3,,,2.26
ABSL BSE 500 Momentum 50 Index Reg,INF209KC1605,153735,commodity,Commodities: Silver,Equity,Aditya Birla,Financial,26.17,,,2
ABSL BSE 500 Momentum 50 Index Reg,INF209KC1605,153735,commodity,Commodities: Silver,Equity,Torrent Pharma,Healthcare,69.41,,,1.93
ABSL BSE 500 Momentum 50 Index Reg,INF209KC1605,153735,commodity,Commodities: Silver,Equity,HDFC AMC,Financial,40.56,,,1.9
ABSL BSE 500 Quality 50 Index Reg,INF209KC1639,153742,commodity,Commodities: Silver,Equity,GE Vernova T&D,Industrials,111.6,,,4.64
ABSL BSE 500 Quality 50 Index Reg,INF209KC1639,153742,commodity,Commodities: Silver,Equity,Cummins India,Industrials,68.6,,,4.51
ABSL BSE 500 Quality 50 Index Reg,INF209KC1639,153742,commodity,Commodities: Silver,Equity,MCX,Financial,53.17,,,4.33
ABSL BSE 500 Quality 50 Index Reg,INF209KC1639,153742,commodity,Commodities: Silver,Equity,Nestle India,Consumer Staples,77.1,,,4.27
ABSL BSE 500 Quality 50 Index Reg,INF209KC1639,153742,commodity,Commodities: Silver,Equity,Suzlon Energy,Industrials,25.71,,,4.26
ABSL BSE 500 Quality 50 Index Reg,INF209KC1639,153742,commodity,Commodities: Silver,Equity,Hindustan Aero,Industrials,32.38,,,3.98
ABSL BSE 500 Quality 50 Index Reg,INF209KC1639,153742,commodity,Commodities: Silver,Equity,Coal India,Materials,8.9,,,3.8
ABSL BSE 500 Quality 50 Index Reg,INF209KC1639,153742,commodity,Commodities: Silver,Equity,Hindustan Unilever,Consumer Staples,34.14,,,3.68
ABSL BSE 500 Quality 50 Index Reg,INF209KC1639,153742,commodity,Commodities: Silver,Equity,HDFC AMC,Financial,40.56,,,3.53
ABSL BSE 500 Quality 50 Index Reg,INF209KC1639,153742,commodity,Commodities: Silver,Equity,ITC,Consumer Staples,17.56,,,3.44
ABSL BSE 500 Quality 50 Index Reg,INF209KC1639,153742,commodity,Commodities: Silver,Equity,Tata Consultancy,Technology,15.33,,,3.39
ABSL BSE 500 Quality 50 Index Reg,INF209KC1639,153742,commodity,Commodities: Silver,Equity,Infosys,Technology,14.36,,,3.37
ABSL BSE 500 Quality 50 Index Reg,INF209KC1639,153742,commodity,Commodities: Silver,Equity,Marico,Consumer Staples,60.11,,,3.3
ABSL BSE 500 Quality 50 Index Reg,INF209KC1639,153742,commodity,Commodities: Silver,Equity,Hero Motocorp,Consumer Discretionary,17.3,,,3.26
ABSL BSE 500 Quality 50 Index Reg,INF209KC1639,153742,commodity,Commodities: Silver,Equity,HCL Technologies,Technology,18.25,,,3.25
ABSL BSE 500 Quality 50 Index Reg,INF209KC1639,153742,commodity,Commodities: Silver,Equity,Britannia Ind,Consumer Staples,49.34,,,3.25
ABSL BSE 500 Quality 50 Index Reg,INF209KC1639,153742,commodity,Commodities: Silver,Equity,Dixon Technologies,Consumer Discretionary,53.08,,,2.89
ABSL BSE 500 Quality 50 Index Reg,INF209KC1639,153742,commodity,Commodities: Silver,Equity,Hitachi Energy,Industrials,164.47,,,2.65
ABSL BSE 500 Quality 50 Index Reg,INF209KC1639,153742,commodity,Commodities: Silver,Equity,Solar,Materials,98.23,,,2.49
ABSL BSE 500 Quality 50 Index Reg,INF209KC1639,153742,commodity,Commodities: Silver,Equity,Torrent Pharma,Healthcare,69.41,,,2.33
ABSL BSE 500 Quality 50 Index Reg,INF209KC1639,153742,commodity,Commodities: Silver,Equity,National Aluminium,Materials,11.8,,,2.26
ABSL BSE 500 Quality 50 Index Reg,INF209KC1639,153742,commodity,Commodities: Silver,Equity,Pidilite Ind,Materials,65.49,,,2.21
ABSL BSE 500 Quality 50 Index Reg,INF209KC1639,153742,commodity,Commodities: Silver,Equity,Colgate-Palmolive,Consumer Staples,41.04,,,2.05
ABSL BSE 500 Quality 50 Index Reg,INF209KC1639,153742,commodity,Commodities: Silver,Equity,Page,Consumer Discretionary,58.43,,,1.99
ABSL BSE 500 Quality 50 Index Reg,INF209KC1639,153742,commodity,Commodities: Silver,Equity,Hindustan Zinc,Materials,17.23,,,1.77
ABSL Flexi Cap Reg,INF209K01AJ8,103166,commodity,Commodities: Silver,Equity,ICICI Bank,Financial,17.8,,,5.72
ABSL Flexi Cap Reg,INF209K01AJ8,103166,commodity,Commodities: Silver,Equity,HDFC Bank,Financial,15.76,,,3.43
ABSL Flexi Cap Reg,INF209K01AJ8,103166,commodity,Commodities: Silver,Equity,Kotak Bank,Financial,20.63,,,3.41
ABSL Flexi Cap Reg,INF209K01AJ8,103166,commodity,Commodities: Silver,Equity,Reliance Ind,Energy & Utilities,22.25,,,2.9
ABSL Flexi Cap Reg,INF209K01AJ8,103166,commodity,Commodities: Silver,Equity,Infosys,Technology,14.36,,,2.75
ABSL Flexi Cap Reg,INF209K01AJ8,103166,commodity,Commodities: Silver,Equity,Hindalco Ind,Materials,16.96,,,2.38
ABSL Flexi Cap Reg,INF209K01AJ8,103166,commodity,Commodities: Silver,Equity,SBI,Financial,11.46,,,2.26
ABSL Flexi Cap Reg,INF209K01AJ8,103166,commodity,Commodities: Silver,Equity,Bharti Airtel,Technology,43.19,,,2.18
ABSL Flexi Cap Reg,INF209K01AJ8,103166,commodity,Commodities: Silver,Equity,Bharat Forge,Consumer Discretionary,90.13,,,2.17
ABSL Flexi Cap Reg,INF209K01AJ8,103166,commodity,Commodities: Silver,Equity,HCL Technologies,Technology,18.25,,,1.87
ABSL Flexi Cap Reg,INF209K01AJ8,103166,commodity,Commodities: Silver,Equity,Axis Bank,Financial,15.95,,,1.73
ABSL Flexi Cap Reg,INF209K01AJ8,103166,commodity,Commodities: Silver,Equity,Godrej Consumer,Consumer Staples,54.87,,,1.73
ABSL Flexi Cap Reg,INF209K01AJ8,103166,commodity,Commodities: Silver,Equity,SBI Life Insurance,Financial,126.08,,,1.69
ABSL Flexi Cap Reg,INF209K01AJ8,103166,commodity,Commodities: Silver,Equity,Ather Energy,Consumer Discretionary,,,,1.67
ABSL Flexi Cap Reg,INF209K01AJ8,103166,commodity,Commodities: Silver,Equity,Jindal Steel,Materials,34.38,,,1.66
ABSL Flexi Cap Reg,INF209K01AJ8,103166,commodity,Commodities: Silver,Equity,Sona BLW Precision,Consumer Discretionary,59.55,,,1.63
ABSL Flexi Cap Reg,INF209K01AJ8,103166,commodity,Commodities: Silver,Equity,United Spirits,Consumer Staples,52.32,,,1.61
ABSL Flexi Cap Reg,INF209K01AJ8,103166,commodity,Commodities: Silver,Equity,Tech Mahindra,Technology,28.24,,,1.61
ABSL Flexi Cap Reg,INF209K01AJ8,103166,commodity,Commodities: Silver,Equity,Larsen & Toubro,Industrials,35.92,,,1.59
ABSL Flexi Cap Reg,INF209K01AJ8,103166,commodity,Commodities: Silver,Equity,Lenskart Solutions,Consumer Discretionary,179.08,,,1.58
ABSL Flexi Cap Reg,INF209K01AJ8,103166,commodity,Commodities: Silver,Equity,Mahindra & Mahindra,Consumer Discretionary,22.36,,,1.56
ABSL Flexi Cap Reg,INF209K01AJ8,103166,commodity,Commodities: Silver,Equity,The Federal Bank,Financial,18.3,,,1.55
ABSL Flexi Cap Reg,INF209K01AJ8,103166,commodity,Commodities: Silver,Equity,Tata Consumer,Consumer Staples,71.05,,,1.53
ABSL Flexi Cap Reg,INF209K01AJ8,103166,commodity,Commodities: Silver,Equity,Mankind Pharma,Healthcare,52.33,,,1.52
ABSL Flexi Cap Reg,INF209K01AJ8,103166,commodity,Commodities: Silver,Equity,Grasim,Materials,42.94,,,1.49
ABSL Focused Reg,INF209KB1ZC3,145481,commodity,Commodities: Silver,Equity,Reliance Ind,Energy & Utilities,22.25,,,5.42
ABSL Focused Reg,INF209KB1ZC3,145481,commodity,Commodities: Silver,Equity,Infosys,Technology,14.36,,,5.11
ABSL Focused Reg,INF209KB1ZC3,145481,commodity,Commodities: Silver,Equity,ICICI Bank,Financial,17.8,,,5.09
ABSL Focused Reg,INF209KB1ZC3,145481,commodity,Commodities: Silver,Equity,Shriram Finance,Financial,23.5,,,4.03
ABSL Focused Reg,INF209KB1ZC3,145481,commodity,Commodities: Silver,Equity,Adani Ports,Industrials,33.02,,,4
ABSL Focused Reg,INF209KB1ZC3,145481,commodity,Commodities: Silver,Equity,Axis Bank,Financial,15.95,,,3.94
ABSL Focused Reg,INF209KB1ZC3,145481,commodity,Commodities: Silver,Equity,HDFC Bank,Financial,15.76,,,3.86
ABSL Focused Reg,INF209KB1ZC3,145481,commodity,Commodities: Silver,Equity,Coforge,Technology,41.51,,,3.84
ABSL Focused Reg,INF209KB1ZC3,145481,commodity,Commodities: Silver,Equity,Eternal,Technology,688.71,,,3.8
ABSL Focused Reg,INF209KB1ZC3,145481,commodity,Commodities: Silver,Equity,Tech Mahindra,Technology,28.24,,,3.76
ABSL Focused Reg,INF209KB1ZC3,145481,commodity,Commodities: Silver,Equity,NTPC,Energy & Utilities,13.09,,,3.61
ABSL Focused Reg,INF209KB1ZC3,145481,commodity,Commodities: Silver,Equity,SBI,Financial,11.46,,,3.55
ABSL Focused Reg,INF209KB1ZC3,145481,commodity,Commodities: Silver,Equity,AU Small Fin Bank,Financial,29.3,,,3.45
ABSL Focused Reg,INF209KB1ZC3,145481,commodity,Commodities: Silver,Equity,Bharti Airtel,Technology,43.19,,,3.43
ABSL Focused Reg,INF209KB1ZC3,145481,commodity,Commodities: Silver,Equity,SBI Life Insurance,Financial,126.08,,,3.39
ABSL Focused Reg,INF209KB1ZC3,145481,commodity,Commodities: Silver,Equity,The Phoenix Mills,Real Estate,55.13,,,3.31
ABSL Focused Reg,INF209KB1ZC3,145481,commodity,Commodities: Silver,Equity,Larsen & Toubro,Industrials,35.92,,,3.23
ABSL Focused Reg,INF209KB1ZC3,145481,commodity,Commodities: Silver,Equity,Trent,Consumer Discretionary,97.62,,,3.13
ABSL Focused Reg,INF209KB1ZC3,145481,commodity,Commodities: Silver,Equity,Hindalco Ind,Materials,16.96,,,3.01
ABSL Focused Reg,INF209KB1ZC3,145481,commodity,Commodities: Silver,Equity,United Spirits,Consumer Staples,52.32,,,2.59
ABSL Focused Reg,INF209KB1ZC3,145481,commodity,Commodities: Silver,Equity,Biocon,Healthcare,174.74,,,2.54
ABSL Focused Reg,INF209KB1ZC3,145481,commodity,Commodities: Silver,Equity,Bajaj Finance,Financial,31.57,,,2.47
ABSL Focused Reg,INF209KB1ZC3,145481,commodity,Commodities: Silver,Equity,Voltas,Industrials,118.73,,,2.41
ABSL Focused Reg,INF209KB1ZC3,145481,commodity,Commodities: Silver,Equity,Sun Pharmaceutical,Healthcare,38.15,,,2.02
ABSL Focused Reg,INF209KB1ZC3,145481,commodity,Commodities: Silver,Equity,Adani Energy,Energy & Utilities,79.36,,,1.92
ABSL Retirement 30s Reg,INF209KB1H99,146577,commodity,Commodities: Silver,Equity,ICICI Bank,Financial,17.8,,,3.62
ABSL Retirement 30s Reg,INF209KB1H99,146577,commodity,Commodities: Silver,Equity,Aditya Infotech,Technology,112.9,,,3.29
ABSL Retirement 30s Reg,INF209KB1H99,146577,commodity,Commodities: Silver,Equity,SJS Enterprises,Consumer Discretionary,41.59,,,2.47
ABSL Retirement 30s Reg,INF209KB1H99,146577,commodity,Commodities: Silver,Equity,Kirloskar Oil,Industrials,49.92,,,2.44
ABSL Retirement 30s Reg,INF209KB1H99,146577,commodity,Commodities: Silver,Equity,Hindalco Ind,Materials,16.96,,,2.31
ABSL Retirement 30s Reg,INF209KB1H99,146577,commodity,Commodities: Silver,Equity,Ather Energy,Consumer Discretionary,,,,2.28
ABSL Retirement 30s Reg,INF209KB1H99,146577,commodity,Commodities: Silver,Equity,HDFC Bank,Financial,15.76,,,2.2
ABSL Retirement 30s Reg,INF209KB1H99,146577,commodity,Commodities: Silver,Equity,Shilpa Medicare,Healthcare,44.54,,,2.09
ABSL Retirement 30s Reg,INF209KB1H99,146577,commodity,Commodities: Silver,Equity,GMR Airports,Industrials,654.03,,,2.07
ABSL Retirement 30s Reg,INF209KB1H99,146577,commodity,Commodities: Silver,Equity,Jindal Steel,Materials,34.38,,,2.06
ABSL Retirement 30s Reg,INF209KB1H99,146577,commodity,Commodities: Silver,Equity,Godrej Consumer,Consumer Staples,54.87,,,2.05
ABSL Retirement 30s Reg,INF209KB1H99,146577,commodity,Commodities: Silver,Equity,Eternal,Technology,688.71,,,1.98
ABSL Retirement 30s Reg,INF209KB1H99,146577,commodity,Commodities: Silver,Equity,Adani Ports,Industrials,33.02,,,1.95
ABSL Retirement 30s Reg,INF209KB1H99,146577,commodity,Commodities: Silver,Equity,Trent,Consumer Discretionary,97.62,,,1.83
ABSL Retirement 30s Reg,INF209KB1H99,146577,commodity,Commodities: Silver,Equity,Axis Bank,Financial,15.95,,,1.8
ABSL Retirement 30s Reg,INF209KB1H99,146577,commodity,Commodities: Silver,Equity,Sona BLW Precision,Consumer Discretionary,59.55,,,1.77
ABSL Retirement 30s Reg,INF209KB1H99,146577,commodity,Commodities: Silver,Equity,Varun Beverages,Consumer Staples,56.66,,,1.75
ABSL Retirement 30s Reg,INF209KB1H99,146577,commodity,Commodities: Silver,Equity,Ajanta Pharma,Healthcare,36.2,,,1.75
ABSL Retirement 30s Reg,INF209KB1H99,146577,commodity,Commodities: Silver,Equity,Sun Pharmaceutical,Healthcare,38.15,,,1.74
ABSL Retirement 30s Reg,INF209KB1H99,146577,commodity,Commodities: Silver,Equity,Larsen & Toubro,Industrials,35.92,,,1.71
ABSL Retirement 30s Reg,INF209KB1H99,146577,commodity,Commodities: Silver,Equity,ICICI Lombard,Financial,36.79,,,1.61
ABSL Retirement 30s Reg,INF209KB1H99,146577,commodity,Commodities: Silver,Equity,Tech Mahindra,Technology,28.24,,,1.61
ABSL Retirement 30s Reg,INF209KB1H99,146577,commodity,Commodities: Silver,Equity,Coforge,Technology,41.51,,,1.51
ABSL Retirement 30s Reg,INF209KB1H99,146577,commodity,Commodities: Silver,Equity,AU Small Fin Bank,Financial,29.3,,,1.46
ABSL Retirement 30s Reg,INF209KB1H99,146577,commodity,Commodities: Silver,Equity,Craftsman Automation,Consumer Discretionary,60.7,,,1.41
Angel One Nifty Total Market ETF,INF1J2R01015,153332,commodity,Commodities: Silver,Equity,HDFC Bank,Financial,15.78,,,5.63
Angel One Nifty Total Market ETF,INF1J2R01015,153332,commodity,Commodities: Silver,Equity,ICICI Bank,Financial,17.81,,,4.44
Angel One Nifty Total Market ETF,INF1J2R01015,153332,commodity,Commodities: Silver,Equity,Reliance Ind,Energy & Utilities,22.25,,,4.41
Angel One Nifty Total Market ETF,INF1J2R01015,153332,commodity,Commodities: Silver,Equity,Bharti Airtel,Technology,43.1,,,2.78
Angel One Nifty Total Market ETF,INF1J2R01015,153332,commodity,Commodities: Silver,Equity,Larsen & Toubro,Industrials,35.91,,,2.37
Angel One Nifty Total Market ETF,INF1J2R01015,153332,commodity,Commodities: Silver,Equity,Infosys,Technology,14.37,,,2.01
Angel One Nifty Total Market ETF,INF1J2R01015,153332,commodity,Commodities: Silver,Equity,SBI,Financial,11.45,,,1.98
Angel One Nifty Total Market ETF,INF1J2R01015,153332,commodity,Commodities: Silver,Equity,Axis Bank,Financial,15.94,,,1.82
Angel One Nifty Total Market ETF,INF1J2R01015,153332,commodity,Commodities: Silver,Equity,Kotak Bank,Financial,20.59,,,1.4
Angel One Nifty Total Market ETF,INF1J2R01015,153332,commodity,Commodities: Silver,Equity,ITC,Consumer Staples,17.57,,,1.37
Angel One Nifty Total Market ETF,INF1J2R01015,153332,commodity,Commodities: Silver,Equity,Mahindra & Mahindra,Consumer Discretionary,22.42,,,1.35
Angel One Nifty Total Market ETF,INF1J2R01015,153332,commodity,Commodities: Silver,Equity,Bajaj Finance,Financial,31.57,,,1.2
Angel One Nifty Total Market ETF,INF1J2R01015,153332,commodity,Commodities: Silver,Equity,Tata Consultancy,Technology,15.26,,,1.14
Angel One Nifty Total Market ETF,INF1J2R01015,153332,commodity,Commodities: Silver,Equity,Hindustan Unilever,Consumer Staples,34.17,,,0.94
Angel One Nifty Total Market ETF,INF1J2R01015,153332,commodity,Commodities: Silver,Equity,Sun Pharmaceutical,Healthcare,38.34,,,0.94
Angel One Nifty Total Market ETF,INF1J2R01015,153332,commodity,Commodities: Silver,Equity,NTPC,Energy & Utilities,13.11,,,0.91
Angel One Nifty Total Market ETF,INF1J2R01015,153332,commodity,Commodities: Silver,Equity,Eternal,Technology,683.43,,,0.89
Angel One Nifty Total Market ETF,INF1J2R01015,153332,commodity,Commodities: Silver,Equity,Maruti Suzuki,Consumer Discretionary,28.71,,,0.85
Angel One Nifty Total Market ETF,INF1J2R01015,153332,commodity,Commodities: Silver,Equity,Tata Steel,Materials,22.9,,,0.85
Angel One Nifty Total Market ETF,INF1J2R01015,153332,commodity,Commodities: Silver,Equity,BSE,Financial,65.71,,,0.84
Angel One Nifty Total Market ETF,INF1J2R01015,153332,commodity,Commodities: Silver,Equity,Titan,Consumer Discretionary,77.11,,,0.83
Angel One Nifty Total Market ETF,INF1J2R01015,153332,commodity,Commodities: Silver,Equity,Hindalco Ind,Materials,16.95,,,0.81
Angel One Nifty Total Market ETF,INF1J2R01015,153332,commodity,Commodities: Silver,Equity,Bharat Electronics,Industrials,51.51,,,0.73
Angel One Nifty Total Market ETF,INF1J2R01015,153332,commodity,Commodities: Silver,Equity,Ultratech Cement,Materials,40.92,,,0.67
Angel One Nifty Total Market ETF,INF1J2R01015,153332,commodity,Commodities: Silver,Equity,Adani Ports,Industrials,33.16,,,0.66
Angel One Nifty Total Market Index Reg,INF1J2R01031,153331,commodity,Commodities: Silver,Equity,HDFC Bank,Financial,15.76,,,5.64
Angel One Nifty Total Market Index Reg,INF1J2R01031,153331,commodity,Commodities: Silver,Equity,ICICI Bank,Financial,17.8,,,4.45
Angel One Nifty Total Market Index Reg,INF1J2R01031,153331,commodity,Commodities: Silver,Equity,Reliance Ind,Energy & Utilities,22.25,,,4.42
Angel One Nifty Total Market Index Reg,INF1J2R01031,153331,commodity,Commodities: Silver,Equity,Bharti Airtel,Technology,43.19,,,2.78
Angel One Nifty Total Market Index Reg,INF1J2R01031,153331,commodity,Commodities: Silver,Equity,Larsen & Toubro,Industrials,35.92,,,2.37
Angel One Nifty Total Market Index Reg,INF1J2R01031,153331,commodity,Commodities: Silver,Equity,Infosys,Technology,14.36,,,2.02
Angel One Nifty Total Market Index Reg,INF1J2R01031,153331,commodity,Commodities: Silver,Equity,SBI,Financial,11.46,,,1.98
Angel One Nifty Total Market Index Reg,INF1J2R01031,153331,commodity,Commodities: Silver,Equity,Axis Bank,Financial,15.95,,,1.83
Angel One Nifty Total Market Index Reg,INF1J2R01031,153331,commodity,Commodities: Silver,Equity,Kotak Bank,Financial,20.63,,,1.4
Angel One Nifty Total Market Index Reg,INF1J2R01031,153331,commodity,Commodities: Silver,Equity,ITC,Consumer Staples,17.56,,,1.37
Angel One Nifty Total Market Index Reg,INF1J2R01031,153331,commodity,Commodities: Silver,Equity,Mahindra & Mahindra,Consumer Discretionary,22.36,,,1.35
Angel One Nifty Total Market Index Reg,INF1J2R01031,153331,commodity,Commodities: Silver,Equity,Bajaj Finance,Financial,31.57,,,1.2
Angel One Nifty Total Market Index Reg,INF1J2R01031,153331,commodity,Commodities: Silver,Equity,Tata Consultancy,Technology,15.33,,,1.14
Angel One Nifty Total Market Index Reg,INF1J2R01031,153331,commodity,Commodities: Silver,Equity,Hindustan Unilever,Consumer Staples,34.14,,,0.95
Angel One Nifty Total Market Index Reg,INF1J2R01031,153331,commodity,Commodities: Silver,Equity,Sun Pharmaceutical,Healthcare,38.15,,,0.94
Angel One Nifty Total Market Index Reg,INF1J2R01031,153331,commodity,Commodities: Silver,Equity,NTPC,Energy & Utilities,13.09,,,0.91
Angel One Nifty Total Market Index Reg,INF1J2R01031,153331,commodity,Commodities: Silver,Equity,Eternal,Technology,688.71,,,0.89
Angel One Nifty Total Market Index Reg,INF1J2R01031,153331,commodity,Commodities: Silver,Equity,Maruti Suzuki,Consumer Discretionary,28.73,,,0.85
Angel One Nifty Total Market Index Reg,INF1J2R01031,153331,commodity,Commodities: Silver,Equity,Tata Steel,Materials,22.91,,,0.85
Angel One Nifty Total Market Index Reg,INF1J2R01031,153331,commodity,Commodities: Silver,Equity,BSE,Financial,65.73,,,0.84
Angel One Nifty Total Market Index Reg,INF1J2R01031,153331,commodity,Commodities: Silver,Equity,Titan,Consumer Discretionary,77.17,,,0.83
Angel One Nifty Total Market Index Reg,INF1J2R01031,153331,commodity,Commodities: Silver,Equity,Hindalco Ind,Materials,16.96,,,0.81
Angel One Nifty Total Market Index Reg,INF1J2R01031,153331,commodity,Commodities: Silver,Equity,Bharat Electronics,Industrials,51.44,,,0.73
Angel One Nifty Total Market Index Reg,INF1J2R01031,153331,commodity,Commodities: Silver,Equity,Ultratech Cement,Materials,40.9,,,0.67
Angel One Nifty Total Market Index Reg,INF1J2R01031,153331,commodity,Commodities: Silver,Equity,Adani Ports,Industrials,33.02,,,0.66
Angel One Nifty Total Market Momentum Quality 50 ETF,INF1J2R01148,153957,commodity,Commodities: Silver,Equity,GE Vernova T&D,Industrials,111.6,,,5.78
Angel One Nifty Total Market Momentum Quality 50 ETF,INF1J2R01148,153957,commodity,Commodities: Silver,Equity,Cummins India,Industrials,68.6,,,5.47
Angel One Nifty Total Market Momentum Quality 50 ETF,INF1J2R01148,153957,commodity,Commodities: Silver,Equity,BSE,Financial,65.73,,,5.17
Angel One Nifty Total Market Momentum Quality 50 ETF,INF1J2R01148,153957,commodity,Commodities: Silver,Equity,Asian Paints,Materials,60.52,,,5.01
Angel One Nifty Total Market Momentum Quality 50 ETF,INF1J2R01148,153957,commodity,Commodities: Silver,Equity,Eicher Motors,Consumer Discretionary,37.69,,,4.85
Angel One Nifty Total Market Momentum Quality 50 ETF,INF1J2R01148,153957,commodity,Commodities: Silver,Equity,Bajaj Finance,Financial,31.57,,,4.83
Angel One Nifty Total Market Momentum Quality 50 ETF,INF1J2R01148,153957,commodity,Commodities: Silver,Equity,Maruti Suzuki,Consumer Discretionary,28.73,,,4.8
Angel One Nifty Total Market Momentum Quality 50 ETF,INF1J2R01148,153957,commodity,Commodities: Silver,Equity,Bharat Electronics,Industrials,51.44,,,4.74
Angel One Nifty Total Market Momentum Quality 50 ETF,INF1J2R01148,153957,commodity,Commodities: Silver,Equity,Hitachi Energy,Industrials,164.47,,,4.53
Angel One Nifty Total Market Momentum Quality 50 ETF,INF1J2R01148,153957,commodity,Commodities: Silver,Equity,MCX,Financial,53.17,,,4.5
Angel One Nifty Total Market Momentum Quality 50 ETF,INF1J2R01148,153957,commodity,Commodities: Silver,Equity,National Aluminium,Materials,11.8,,,4.03
Angel One Nifty Total Market Momentum Quality 50 ETF,INF1J2R01148,153957,commodity,Commodities: Silver,Equity,Britannia Ind,Consumer Staples,49.34,,,3.48
Angel One Nifty Total Market Momentum Quality 50 ETF,INF1J2R01148,153957,commodity,Commodities: Silver,Equity,Hero Motocorp,Consumer Discretionary,17.3,,,3.18
Angel One Nifty Total Market Momentum Quality 50 ETF,INF1J2R01148,153957,commodity,Commodities: Silver,Equity,HDFC AMC,Financial,40.56,,,3.05
Angel One Nifty Total Market Momentum Quality 50 ETF,INF1J2R01148,153957,commodity,Commodities: Silver,Equity,Torrent Pharma,Healthcare,69.41,,,3.03
Angel One Nifty Total Market Momentum Quality 50 ETF,INF1J2R01148,153957,commodity,Commodities: Silver,Equity,Polycab India,Industrials,56.42,,,3
Angel One Nifty Total Market Momentum Quality 50 ETF,INF1J2R01148,153957,commodity,Commodities: Silver,Equity,Marico,Consumer Staples,60.11,,,2.65
Angel One Nifty Total Market Momentum Quality 50 ETF,INF1J2R01148,153957,commodity,Commodities: Silver,Equity,Solar,Materials,98.23,,,2.54
Angel One Nifty Total Market Momentum Quality 50 ETF,INF1J2R01148,153957,commodity,Commodities: Silver,Equity,Persistent Systems,Technology,40.32,,,2.18
Angel One Nifty Total Market Momentum Quality 50 ETF,INF1J2R01148,153957,commodity,Commodities: Silver,Equity,Canara Bank,Financial,6.8,,,2.15
Angel One Nifty Total Market Momentum Quality 50 ETF,INF1J2R01148,153957,commodity,Commodities: Silver,Equity,Muthoot Finance,Financial,11.82,,,1.99
Angel One Nifty Total Market Momentum Quality 50 ETF,INF1J2R01148,153957,commodity,Commodities: Silver,Equity,Indian Bank,Financial,10.07,,,1.52
Angel One Nifty Total Market Momentum Quality 50 ETF,INF1J2R01148,153957,commodity,Commodities: Silver,Equity,Anand Rathi Wealth,Financial,78,,,1.46
Angel One Nifty Total Market Momentum Quality 50 ETF,INF1J2R01148,153957,commodity,Commodities: Silver,Equity,Bosch,Consumer Discretionary,42.69,,,1.45
Angel One Nifty Total Market Momentum Quality 50 ETF,INF1J2R01148,153957,commodity,Commodities: Silver,Equity,LTIMindtree,Technology,22.53,,,1.37
Angel One Nifty Total Market Momentum Quality 50 Index Reg,INF1J2R01130,153955,commodity,Commodities: Silver,Equity,GE Vernova T&D,Industrials,111.6,,,5.78
Angel One Nifty Total Market Momentum Quality 50 Index Reg,INF1J2R01130,153955,commodity,Commodities: Silver,Equity,Cummins India,Industrials,68.6,,,5.48
Angel One Nifty Total Market Momentum Quality 50 Index Reg,INF1J2R01130,153955,commodity,Commodities: Silver,Equity,BSE,Financial,65.73,,,5.17
Angel One Nifty Total Market Momentum Quality 50 Index Reg,INF1J2R01130,153955,commodity,Commodities: Silver,Equity,Asian Paints,Materials,60.52,,,5.01
Angel One Nifty Total Market Momentum Quality 50 Index Reg,INF1J2R01130,153955,commodity,Commodities: Silver,Equity,Eicher Motors,Consumer Discretionary,37.69,,,4.84
Angel One Nifty Total Market Momentum Quality 50 Index Reg,INF1J2R01130,153955,commodity,Commodities: Silver,Equity,Bajaj Finance,Financial,31.57,,,4.83
Angel One Nifty Total Market Momentum Quality 50 Index Reg,INF1J2R01130,153955,commodity,Commodities: Silver,Equity,Maruti Suzuki,Consumer Discretionary,28.73,,,4.79
Angel One Nifty Total Market Momentum Quality 50 Index Reg,INF1J2R01130,153955,commodity,Commodities: Silver,Equity,Bharat Electronics,Industrials,51.44,,,4.74
Angel One Nifty Total Market Momentum Quality 50 Index Reg,INF1J2R01130,153955,commodity,Commodities: Silver,Equity,Hitachi Energy,Industrials,164.47,,,4.54
Angel One Nifty Total Market Momentum Quality 50 Index Reg,INF1J2R01130,153955,commodity,Commodities: Silver,Equity,MCX,Financial,53.17,,,4.5
Angel One Nifty Total Market Momentum Quality 50 Index Reg,INF1J2R01130,153955,commodity,Commodities: Silver,Equity,National Aluminium,Materials,11.8,,,4.03
Angel One Nifty Total Market Momentum Quality 50 Index Reg,INF1J2R01130,153955,commodity,Commodities: Silver,Equity,Britannia Ind,Consumer Staples,49.34,,,3.48
Angel One Nifty Total Market Momentum Quality 50 Index Reg,INF1J2R01130,153955,commodity,Commodities: Silver,Equity,Hero Motocorp,Consumer Discretionary,17.3,,,3.18
Angel One Nifty Total Market Momentum Quality 50 Index Reg,INF1J2R01130,153955,commodity,Commodities: Silver,Equity,HDFC AMC,Financial,40.56,,,3.05
Angel One Nifty Total Market Momentum Quality 50 Index Reg,INF1J2R01130,153955,commodity,Commodities: Silver,Equity,Torrent Pharma,Healthcare,69.41,,,3.03
Angel One Nifty Total Market Momentum Quality 50 Index Reg,INF1J2R01130,153955,commodity,Commodities: Silver,Equity,Polycab India,Industrials,56.42,,,2.98
Angel One Nifty Total Market Momentum Quality 50 Index Reg,INF1J2R01130,153955,commodity,Commodities: Silver,Equity,Marico,Consumer Staples,60.11,,,2.65
Angel One Nifty Total Market Momentum Quality 50 Index Reg,INF1J2R01130,153955,commodity,Commodities: Silver,Equity,Solar,Materials,98.23,,,2.54
Angel One Nifty Total Market Momentum Quality 50 Index Reg,INF1J2R01130,153955,commodity,Commodities: Silver,Equity,Persistent Systems,Technology,40.32,,,2.17
Angel One Nifty Total Market Momentum Quality 50 Index Reg,INF1J2R01130,153955,commodity,Commodities: Silver,Equity,Canara Bank,Financial,6.8,,,2.15
Angel One Nifty Total Market Momentum Quality 50 Index Reg,INF1J2R01130,153955,commodity,Commodities: Silver,Equity,Muthoot Finance,Financial,11.82,,,1.99
Angel One Nifty Total Market Momentum Quality 50 Index Reg,INF1J2R01130,153955,commodity,Commodities: Silver,Equity,Indian Bank,Financial,10.07,,,1.52
Angel One Nifty Total Market Momentum Quality 50 Index Reg,INF1J2R01130,153955,commodity,Commodities: Silver,Equity,Bosch,Consumer Discretionary,42.69,,,1.47
Angel One Nifty Total Market Momentum Quality 50 Index Reg,INF1J2R01130,153955,commodity,Commodities: Silver,Equity,Anand Rathi Wealth,Financial,78,,,1.46
Angel One Nifty Total Market Momentum Quality 50 Index Reg,INF1J2R01130,153955,commodity,Commodities: Silver,Equity,LTIMindtree,Technology,22.53,,,1.37
Axis Flexi Cap Reg,INF846K01B51,141927,commodity,Commodities: Silver,Equity,ICICI Bank,Financial,17.8,,,7.49
Axis Flexi Cap Reg,INF846K01B51,141927,commodity,Commodities: Silver,Equity,Bajaj Finance,Financial,31.57,,,3.94
Axis Flexi Cap Reg,INF846K01B51,141927,commodity,Commodities: Silver,Equity,Bharat Electronics,Industrials,51.44,,,3.84
Axis Flexi Cap Reg,INF846K01B51,141927,commodity,Commodities: Silver,Equity,Eternal,Technology,688.71,,,3.71
Axis Flexi Cap Reg,INF846K01B51,141927,commodity,Commodities: Silver,Equity,Axis Bank,Financial,15.95,,,3.38
Axis Flexi Cap Reg,INF846K01B51,141927,commodity,Commodities: Silver,Equity,Krishna Institute,Healthcare,132.36,,,3.27
Axis Flexi Cap Reg,INF846K01B51,141927,commodity,Commodities: Silver,Equity,SBI,Financial,11.46,,,3.21
Axis Flexi Cap Reg,INF846K01B51,141927,commodity,Commodities: Silver,Equity,Apar,Diversified,64.77,,,3.12
Axis Flexi Cap Reg,INF846K01B51,141927,commodity,Commodities: Silver,Equity,Ultratech Cement,Materials,40.9,,,2.9
Axis Flexi Cap Reg,INF846K01B51,141927,commodity,Commodities: Silver,Equity,Mahindra & Mahindra,Consumer Discretionary,22.36,,,2.62
Axis Flexi Cap Reg,INF846K01B51,141927,commodity,Commodities: Silver,Equity,HDFC Bank,Financial,15.76,,,2.46
Axis Flexi Cap Reg,INF846K01B51,141927,commodity,Commodities: Silver,Equity,Bharti Airtel,Technology,43.19,,,2.34
Axis Flexi Cap Reg,INF846K01B51,141927,commodity,Commodities: Silver,Equity,CG Power,Industrials,125.19,,,2.23
Axis Flexi Cap Reg,INF846K01B51,141927,commodity,Commodities: Silver,Equity,GE Vernova T&D,Industrials,111.6,,,2.21
Axis Flexi Cap Reg,INF846K01B51,141927,commodity,Commodities: Silver,Equity,PB Fintech,Financial,111.92,,,2.13
Axis Flexi Cap Reg,INF846K01B51,141927,commodity,Commodities: Silver,Equity,Cholamandalam Inv,Financial,27.55,,,1.97
Axis Flexi Cap Reg,INF846K01B51,141927,commodity,Commodities: Silver,Equity,Interglobe Aviation,Industrials,,,,1.94
Axis Flexi Cap Reg,INF846K01B51,141927,commodity,Commodities: Silver,Equity,Mankind Pharma,Healthcare,52.33,,,1.93
Axis Flexi Cap Reg,INF846K01B51,141927,commodity,Commodities: Silver,Equity,Sansera Eng,Consumer Discretionary,56.28,,,1.8
Axis Flexi Cap Reg,INF846K01B51,141927,commodity,Commodities: Silver,Equity,TVS Motor,Consumer Discretionary,54.03,,,1.73
Axis Flexi Cap Reg,INF846K01B51,141927,commodity,Commodities: Silver,Equity,Cummins India,Industrials,68.6,,,1.62
Axis Flexi Cap Reg,INF846K01B51,141927,commodity,Commodities: Silver,Equity,Trent,Consumer Discretionary,97.62,,,1.57
Axis Flexi Cap Reg,INF846K01B51,141927,commodity,Commodities: Silver,Equity,Samvardhana Motherson,Consumer Discretionary,39.79,,,1.55
Axis Flexi Cap Reg,INF846K01B51,141927,commodity,Commodities: Silver,Equity,Torrent Power,Energy & Utilities,29.76,,,1.48
Axis Flexi Cap Reg,INF846K01B51,141927,commodity,Commodities: Silver,Equity,The Indian Hotels,Consumer Discretionary,49.43,,,1.48
Axis Focused Reg,INF846K01EN9,108173,commodity,Commodities: Silver,Equity,ICICI Bank,Financial,17.8,,,7.59
Axis Focused Reg,INF846K01EN9,108173,commodity,Commodities: Silver,Equity,Eternal,Technology,688.71,,,6.09
Axis Focused Reg,INF846K01EN9,108173,commodity,Commodities: Silver,Equity,Divi's Lab,Healthcare,69.75,,,5.27
Axis Focused Reg,INF846K01EN9,108173,commodity,Commodities: Silver,Equity,Apollo Hospitals,Healthcare,62.53,,,5.12
Axis Focused Reg,INF846K01EN9,108173,commodity,Commodities: Silver,Equity,Cholamandalam Inv,Financial,27.55,,,4.61
Axis Focused Reg,INF846K01EN9,108173,commodity,Commodities: Silver,Equity,Bajaj Finance,Financial,31.57,,,4.28
Axis Focused Reg,INF846K01EN9,108173,commodity,Commodities: Silver,Equity,SBI,Financial,11.46,,,4.16
Axis Focused Reg,INF846K01EN9,108173,commodity,Commodities: Silver,Equity,PB Fintech,Financial,111.92,,,3.96
Axis Focused Reg,INF846K01EN9,108173,commodity,Commodities: Silver,Equity,Apar,Diversified,64.77,,,3.51
Axis Focused Reg,INF846K01EN9,108173,commodity,Commodities: Silver,Equity,Axis Bank,Financial,15.95,,,3.34
Axis Focused Reg,INF846K01EN9,108173,commodity,Commodities: Silver,Equity,Cummins India,Industrials,68.6,,,3.31
Axis Focused Reg,INF846K01EN9,108173,commodity,Commodities: Silver,Equity,HDFC Bank,Financial,15.76,,,3.3
Axis Focused Reg,INF846K01EN9,108173,commodity,Commodities: Silver,Equity,Interglobe Aviation,Industrials,,,,3
Axis Focused Reg,INF846K01EN9,108173,commodity,Commodities: Silver,Equity,Mahindra & Mahindra,Consumer Discretionary,22.36,,,2.98
Axis Focused Reg,INF846K01EN9,108173,commodity,Commodities: Silver,Equity,Torrent Power,Energy & Utilities,29.76,,,2.91
Axis Focused Reg,INF846K01EN9,108173,commodity,Commodities: Silver,Equity,CG Power,Industrials,125.19,,,2.86
Axis Focused Reg,INF846K01EN9,108173,commodity,Commodities: Silver,Equity,Bharti Airtel,Technology,43.19,,,2.65
Axis Focused Reg,INF846K01EN9,108173,commodity,Commodities: Silver,Equity,Hindustan Aero,Industrials,32.38,,,2.64
Axis Focused Reg,INF846K01EN9,108173,commodity,Commodities: Silver,Equity,TVS Motor,Consumer Discretionary,54.03,,,2.06
Axis Focused Reg,INF846K01EN9,108173,commodity,Commodities: Silver,Equity,Pidilite Ind,Materials,65.49,,,2.05
Axis Focused Reg,INF846K01EN9,108173,commodity,Commodities: Silver,Equity,Titan,Consumer Discretionary,77.17,,,2.02
Axis Focused Reg,INF846K01EN9,108173,commodity,Commodities: Silver,Equity,Reliance Ind,Energy & Utilities,22.25,,,1.95
Axis Focused Reg,INF846K01EN9,108173,commodity,Commodities: Silver,Equity,United Spirits,Consumer Staples,52.32,,,1.9
Axis Focused Reg,INF846K01EN9,108173,commodity,Commodities: Silver,Equity,Trent,Consumer Discretionary,97.62,,,1.87
Axis Focused Reg,INF846K01EN9,108173,commodity,Commodities: Silver,Equity,Hyundai Motor India,Consumer Discretionary,29.58,,,1.8
Axis Nifty 500 Index Reg,INF846K018W1,152730,commodity,Commodities: Silver,Equity,HDFC Bank,Financial,15.76,,,5.87
Axis Nifty 500 Index Reg,INF846K018W1,152730,commodity,Commodities: Silver,Equity,ICICI Bank,Financial,17.8,,,4.62
Axis Nifty 500 Index Reg,INF846K018W1,152730,commodity,Commodities: Silver,Equity,Reliance Ind,Energy & Utilities,22.25,,,4.59
Axis Nifty 500 Index Reg,INF846K018W1,152730,commodity,Commodities: Silver,Equity,Bharti Airtel,Technology,43.19,,,2.89
Axis Nifty 500 Index Reg,INF846K018W1,152730,commodity,Commodities: Silver,Equity,Larsen & Toubro,Industrials,35.92,,,2.46
Axis Nifty 500 Index Reg,INF846K018W1,152730,commodity,Commodities: Silver,Equity,Infosys,Technology,14.36,,,2.1
Axis Nifty 500 Index Reg,INF846K018W1,152730,commodity,Commodities: Silver,Equity,SBI,Financial,11.46,,,2.06
Axis Nifty 500 Index Reg,INF846K018W1,152730,commodity,Commodities: Silver,Equity,Axis Bank,Financial,15.95,,,1.9
Axis Nifty 500 Index Reg,INF846K018W1,152730,commodity,Commodities: Silver,Equity,Kotak Bank,Financial,20.63,,,1.46
Axis Nifty 500 Index Reg,INF846K018W1,152730,commodity,Commodities: Silver,Equity,ITC,Consumer Staples,17.56,,,1.42
Axis Nifty 500 Index Reg,INF846K018W1,152730,commodity,Commodities: Silver,Equity,Mahindra & Mahindra,Consumer Discretionary,22.36,,,1.4
Axis Nifty 500 Index Reg,INF846K018W1,152730,commodity,Commodities: Silver,Equity,Bajaj Finance,Financial,31.57,,,1.25
Axis Nifty 500 Index Reg,INF846K018W1,152730,commodity,Commodities: Silver,Equity,Tata Consultancy,Technology,15.33,,,1.19
Axis Nifty 500 Index Reg,INF846K018W1,152730,commodity,Commodities: Silver,Equity,Hindustan Unilever,Consumer Staples,34.14,,,0.98
Axis Nifty 500 Index Reg,INF846K018W1,152730,commodity,Commodities: Silver,Equity,Sun Pharmaceutical,Healthcare,38.15,,,0.98
Axis Nifty 500 Index Reg,INF846K018W1,152730,commodity,Commodities: Silver,Equity,NTPC,Energy & Utilities,13.09,,,0.94
Axis Nifty 500 Index Reg,INF846K018W1,152730,commodity,Commodities: Silver,Equity,Eternal,Technology,688.71,,,0.93
Axis Nifty 500 Index Reg,INF846K018W1,152730,commodity,Commodities: Silver,Equity,Maruti Suzuki,Consumer Discretionary,28.73,,,0.89
Axis Nifty 500 Index Reg,INF846K018W1,152730,commodity,Commodities: Silver,Equity,Tata Steel,Materials,22.91,,,0.89
Axis Nifty 500 Index Reg,INF846K018W1,152730,commodity,Commodities: Silver,Equity,BSE,Financial,65.73,,,0.87
Axis Nifty 500 Index Reg,INF846K018W1,152730,commodity,Commodities: Silver,Equity,Titan,Consumer Discretionary,77.17,,,0.87
Axis Nifty 500 Index Reg,INF846K018W1,152730,commodity,Commodities: Silver,Equity,Hindalco Ind,Materials,16.96,,,0.84
Axis Nifty 500 Index Reg,INF846K018W1,152730,commodity,Commodities: Silver,Equity,Bharat Electronics,Industrials,51.44,,,0.76
Axis Nifty 500 Index Reg,INF846K018W1,152730,commodity,Commodities: Silver,Equity,Ultratech Cement,Materials,40.9,,,0.7
Axis Nifty 500 Index Reg,INF846K018W1,152730,commodity,Commodities: Silver,Equity,Adani Ports,Industrials,33.02,,,0.69
Axis Nifty500 Momentum 50 Index Reg,INF846KA1036,153245,commodity,Commodities: Silver,Equity,Hindalco Ind,Materials,16.96,,,5.51
Axis Nifty500 Momentum 50 Index Reg,INF846KA1036,153245,commodity,Commodities: Silver,Equity,BSE,Financial,65.73,,,4.85
Axis Nifty500 Momentum 50 Index Reg,INF846KA1036,153245,commodity,Commodities: Silver,Equity,Eicher Motors,Consumer Discretionary,37.69,,,4.73
Axis Nifty500 Momentum 50 Index Reg,INF846KA1036,153245,commodity,Commodities: Silver,Equity,Shriram Finance,Financial,23.5,,,4.7
Axis Nifty500 Momentum 50 Index Reg,INF846KA1036,153245,commodity,Commodities: Silver,Equity,Asian Paints,Materials,60.52,,,4.49
Axis Nifty500 Momentum 50 Index Reg,INF846KA1036,153245,commodity,Commodities: Silver,Equity,Bajaj Finance,Financial,31.57,,,4.45
Axis Nifty500 Momentum 50 Index Reg,INF846KA1036,153245,commodity,Commodities: Silver,Equity,Bharti Airtel,Technology,43.19,,,4.26
Axis Nifty500 Momentum 50 Index Reg,INF846KA1036,153245,commodity,Commodities: Silver,Equity,Mahindra & Mahindra,Consumer Discretionary,22.36,,,4.12
Axis Nifty500 Momentum 50 Index Reg,INF846KA1036,153245,commodity,Commodities: Silver,Equity,Maruti Suzuki,Consumer Discretionary,28.73,,,3.87
Axis Nifty500 Momentum 50 Index Reg,INF846KA1036,153245,commodity,Commodities: Silver,Equity,MCX,Financial,53.17,,,3.29
Axis Nifty500 Momentum 50 Index Reg,INF846KA1036,153245,commodity,Commodities: Silver,Equity,TVS Motor,Consumer Discretionary,54.03,,,3.2
Axis Nifty500 Momentum 50 Index Reg,INF846KA1036,153245,commodity,Commodities: Silver,Equity,Laurus Labs,Healthcare,86.1,,,3.05
Axis Nifty500 Momentum 50 Index Reg,INF846KA1036,153245,commodity,Commodities: Silver,Equity,Cummins India,Industrials,68.6,,,3.03
Axis Nifty500 Momentum 50 Index Reg,INF846KA1036,153245,commodity,Commodities: Silver,Equity,Interglobe Aviation,Industrials,,,,2.92
Axis Nifty500 Momentum 50 Index Reg,INF846KA1036,153245,commodity,Commodities: Silver,Equity,Hero Motocorp,Consumer Discretionary,17.3,,,2.85
Axis Nifty500 Momentum 50 Index Reg,INF846KA1036,153245,commodity,Commodities: Silver,Equity,The Federal Bank,Financial,18.3,,,2.57
Axis Nifty500 Momentum 50 Index Reg,INF846KA1036,153245,commodity,Commodities: Silver,Equity,AU Small Fin Bank,Financial,29.3,,,2.55
Axis Nifty500 Momentum 50 Index Reg,INF846KA1036,153245,commodity,Commodities: Silver,Equity,Muthoot Finance,Financial,11.82,,,2.39
Axis Nifty500 Momentum 50 Index Reg,INF846KA1036,153245,commodity,Commodities: Silver,Equity,GE Vernova T&D,Industrials,111.6,,,2.22
Axis Nifty500 Momentum 50 Index Reg,INF846KA1036,153245,commodity,Commodities: Silver,Equity,L&T Fin,Financial,24.11,,,1.88
Axis Nifty500 Momentum 50 Index Reg,INF846KA1036,153245,commodity,Commodities: Silver,Equity,Canara Bank,Financial,6.8,,,1.82
Axis Nifty500 Momentum 50 Index Reg,INF846KA1036,153245,commodity,Commodities: Silver,Equity,One97 Comm,Industrials,126.07,,,1.75
Axis Nifty500 Momentum 50 Index Reg,INF846KA1036,153245,commodity,Commodities: Silver,Equity,Fortis Healthcare,Healthcare,69.79,,,1.73
Axis Nifty500 Momentum 50 Index Reg,INF846KA1036,153245,commodity,Commodities: Silver,Equity,Cholamandalam Inv,Financial,27.55,,,1.72
Axis Nifty500 Momentum 50 Index Reg,INF846KA1036,153245,commodity,Commodities: Silver,Equity,Max Financial,Financial,677.32,,,1.68
Axis Nifty500 Quality 50 Index Reg,INF846KA1192,153830,commodity,Commodities: Silver,Equity,BSE,Financial,65.73,,,5.87
Axis Nifty500 Quality 50 Index Reg,INF846KA1192,153830,commodity,Commodities: Silver,Equity,Bharat Electronics,Industrials,51.44,,,4.35
Axis Nifty500 Quality 50 Index Reg,INF846KA1192,153830,commodity,Commodities: Silver,Equity,Coal India,Materials,8.9,,,3.87
Axis Nifty500 Quality 50 Index Reg,INF846KA1192,153830,commodity,Commodities: Silver,Equity,Bajaj Auto,Consumer Discretionary,26.01,,,3.74
Axis Nifty500 Quality 50 Index Reg,INF846KA1192,153830,commodity,Commodities: Silver,Equity,Suzlon Energy,Industrials,25.71,,,3.63
Axis Nifty500 Quality 50 Index Reg,INF846KA1192,153830,commodity,Commodities: Silver,Equity,GE Vernova T&D,Industrials,111.6,,,3.51
Axis Nifty500 Quality 50 Index Reg,INF846KA1192,153830,commodity,Commodities: Silver,Equity,Britannia Ind,Consumer Staples,49.34,,,3.44
Axis Nifty500 Quality 50 Index Reg,INF846KA1192,153830,commodity,Commodities: Silver,Equity,Colgate-Palmolive,Consumer Staples,41.04,,,3.36
Axis Nifty500 Quality 50 Index Reg,INF846KA1192,153830,commodity,Commodities: Silver,Equity,Tata Consultancy,Technology,15.33,,,3.28
Axis Nifty500 Quality 50 Index Reg,INF846KA1192,153830,commodity,Commodities: Silver,Equity,CG Power,Industrials,125.19,,,3.27
Axis Nifty500 Quality 50 Index Reg,INF846KA1192,153830,commodity,Commodities: Silver,Equity,Solar,Materials,98.23,,,2.96
Axis Nifty500 Quality 50 Index Reg,INF846KA1192,153830,commodity,Commodities: Silver,Equity,Dixon Technologies,Consumer Discretionary,53.08,,,2.96
Axis Nifty500 Quality 50 Index Reg,INF846KA1192,153830,commodity,Commodities: Silver,Equity,HDFC AMC,Financial,40.56,,,2.88
Axis Nifty500 Quality 50 Index Reg,INF846KA1192,153830,commodity,Commodities: Silver,Equity,Marico,Consumer Staples,60.11,,,2.82
Axis Nifty500 Quality 50 Index Reg,INF846KA1192,153830,commodity,Commodities: Silver,Equity,National Aluminium,Materials,11.8,,,2.66
Axis Nifty500 Quality 50 Index Reg,INF846KA1192,153830,commodity,Commodities: Silver,Equity,ABB India,Industrials,99.94,,,2.6
Axis Nifty500 Quality 50 Index Reg,INF846KA1192,153830,commodity,Commodities: Silver,Equity,Page,Consumer Discretionary,58.43,,,2.3
Axis Nifty500 Quality 50 Index Reg,INF846KA1192,153830,commodity,Commodities: Silver,Equity,CAMS,Financial,42.9,,,2.27
Axis Nifty500 Quality 50 Index Reg,INF846KA1192,153830,commodity,Commodities: Silver,Equity,Persistent Systems,Technology,40.32,,,2.15
Axis Nifty500 Quality 50 Index Reg,INF846KA1192,153830,commodity,Commodities: Silver,Equity,Anand Rathi Wealth,Financial,78,,,2.05
Axis Nifty500 Quality 50 Index Reg,INF846KA1192,153830,commodity,Commodities: Silver,Equity,Oracle Fin,Technology,31.44,,,1.96
Axis Nifty500 Quality 50 Index Reg,INF846KA1192,153830,commodity,Commodities: Silver,Equity,Nippon Life AMC,Financial,49.33,,,1.89
Axis Nifty500 Quality 50 Index Reg,INF846KA1192,153830,commodity,Commodities: Silver,Equity,Angel One,Financial,35.26,,,1.84
Axis Nifty500 Quality 50 Index Reg,INF846KA1192,153830,commodity,Commodities: Silver,Equity,NMDC,Materials,10.46,,,1.8
Axis Nifty500 Quality 50 Index Reg,INF846KA1192,153830,commodity,Commodities: Silver,Equity,Central Depository,Financial,62.73,,,1.63
Bajaj Finserv Flexi Cap Reg,INF0QA701383,151898,commodity,Commodities: Silver,Equity,ICICI Bank,Financial,17.8,,,5.42
Bajaj Finserv Flexi Cap Reg,INF0QA701383,151898,commodity,Commodities: Silver,Equity,HDFC Bank,Financial,15.76,,,3.91
Bajaj Finserv Flexi Cap Reg,INF0QA701383,151898,commodity,Commodities: Silver,Equity,MTAR Technologies,Industrials,273.32,,,3.18
Bajaj Finserv Flexi Cap Reg,INF0QA701383,151898,commodity,Commodities: Silver,Equity,Reliance Ind,Energy & Utilities,22.25,,,3.16
Bajaj Finserv Flexi Cap Reg,INF0QA701383,151898,commodity,Commodities: Silver,Equity,Divi's Lab,Healthcare,69.75,,,3.07
Bajaj Finserv Flexi Cap Reg,INF0QA701383,151898,commodity,Commodities: Silver,Equity,Apollo Hospitals,Healthcare,62.53,,,3
Bajaj Finserv Flexi Cap Reg,INF0QA701383,151898,commodity,Commodities: Silver,Equity,Ultratech Cement,Materials,40.9,,,2.76
Bajaj Finserv Flexi Cap Reg,INF0QA701383,151898,commodity,Commodities: Silver,Equity,The Federal Bank,Financial,18.3,,,2.7
Bajaj Finserv Flexi Cap Reg,INF0QA701383,151898,commodity,Commodities: Silver,Equity,Axis Bank,Financial,15.95,,,2.6
Bajaj Finserv Flexi Cap Reg,INF0QA701383,151898,commodity,Commodities: Silver,Equity,SBI,Financial,11.46,,,2.59
Bajaj Finserv Flexi Cap Reg,INF0QA701383,151898,commodity,Commodities: Silver,Equity,Sona BLW Precision,Consumer Discretionary,59.55,,,2.51
Bajaj Finserv Flexi Cap Reg,INF0QA701383,151898,commodity,Commodities: Silver,Equity,Thermax,Industrials,77.7,,,2.41
Bajaj Finserv Flexi Cap Reg,INF0QA701383,151898,commodity,Commodities: Silver,Equity,UNO Minda,Consumer Discretionary,53.31,,,2.41
Bajaj Finserv Flexi Cap Reg,INF0QA701383,151898,commodity,Commodities: Silver,Equity,Titan,Consumer Discretionary,77.17,,,2.38
Bajaj Finserv Flexi Cap Reg,INF0QA701383,151898,commodity,Commodities: Silver,Equity,Page,Consumer Discretionary,58.43,,,2.25
Bajaj Finserv Flexi Cap Reg,INF0QA701383,151898,commodity,Commodities: Silver,Equity,Ather Energy,Consumer Discretionary,,,,2.23
Bajaj Finserv Flexi Cap Reg,INF0QA701383,151898,commodity,Commodities: Silver,Equity,K.P.R. Mill,Consumer Discretionary,44.89,,,2.18
Bajaj Finserv Flexi Cap Reg,INF0QA701383,151898,commodity,Commodities: Silver,Equity,Petronet Lng,Energy & Utilities,11.09,,,2.06
Bajaj Finserv Flexi Cap Reg,INF0QA701383,151898,commodity,Commodities: Silver,Equity,HEG,Industrials,30.02,,,2.02
Bajaj Finserv Flexi Cap Reg,INF0QA701383,151898,commodity,Commodities: Silver,Equity,Neuland Lab,Healthcare,61.01,,,1.96
Bajaj Finserv Flexi Cap Reg,INF0QA701383,151898,commodity,Commodities: Silver,Equity,Cummins India,Industrials,68.6,,,1.89
Bajaj Finserv Flexi Cap Reg,INF0QA701383,151898,commodity,Commodities: Silver,Equity,AIA Engineering,Industrials,34.68,,,1.8
Bajaj Finserv Flexi Cap Reg,INF0QA701383,151898,commodity,Commodities: Silver,Equity,Godrej Consumer,Consumer Staples,54.87,,,1.76
Bajaj Finserv Flexi Cap Reg,INF0QA701383,151898,commodity,Commodities: Silver,Equity,Infosys,Technology,14.36,,,1.74
Bajaj Finserv Flexi Cap Reg,INF0QA701383,151898,commodity,Commodities: Silver,Equity,Max Financial,Financial,677.32,,,1.64
Bandhan Flexi Cap Reg,INF194K01391,108594,commodity,Commodities: Silver,Equity,HDFC Bank,Financial,15.76,,,8.11
Bandhan Flexi Cap Reg,INF194K01391,108594,commodity,Commodities: Silver,Equity,ICICI Bank,Financial,17.8,,,7.32
Bandhan Flexi Cap Reg,INF194K01391,108594,commodity,Commodities: Silver,Equity,Reliance Ind,Energy & Utilities,22.25,,,4.37
Bandhan Flexi Cap Reg,INF194K01391,108594,commodity,Commodities: Silver,Equity,Infosys,Technology,14.36,,,3.68
Bandhan Flexi Cap Reg,INF194K01391,108594,commodity,Commodities: Silver,Equity,Axis Bank,Financial,15.95,,,3.63
Bandhan Flexi Cap Reg,INF194K01391,108594,commodity,Commodities: Silver,Equity,Kotak Bank,Financial,20.63,,,3.55
Bandhan Flexi Cap Reg,INF194K01391,108594,commodity,Commodities: Silver,Equity,Bharti Airtel,Technology,43.19,,,3.53
Bandhan Flexi Cap Reg,INF194K01391,108594,commodity,Commodities: Silver,Equity,Tata Consultancy,Technology,15.33,,,3.11
Bandhan Flexi Cap Reg,INF194K01391,108594,commodity,Commodities: Silver,Equity,ITC,Consumer Staples,17.56,,,2.87
Bandhan Flexi Cap Reg,INF194K01391,108594,commodity,Commodities: Silver,Equity,Bajaj Finserv,Financial,28.85,,,2.7
Bandhan Flexi Cap Reg,INF194K01391,108594,commodity,Commodities: Silver,Equity,Maruti Suzuki,Consumer Discretionary,28.73,,,2.62
Bandhan Flexi Cap Reg,INF194K01391,108594,commodity,Commodities: Silver,Equity,Larsen & Toubro,Industrials,35.92,,,2.19
Bandhan Flexi Cap Reg,INF194K01391,108594,commodity,Commodities: Silver,Equity,Sterlite Tech,Technology,570.98,,,1.97
Bandhan Flexi Cap Reg,INF194K01391,108594,commodity,Commodities: Silver,Equity,HDFC Life,Financial,66.46,,,1.93
Bandhan Flexi Cap Reg,INF194K01391,108594,commodity,Commodities: Silver,Equity,Eternal,Technology,688.71,,,1.93
Bandhan Flexi Cap Reg,INF194K01391,108594,commodity,Commodities: Silver,Equity,Titan,Consumer Discretionary,77.17,,,1.74
Bandhan Flexi Cap Reg,INF194K01391,108594,commodity,Commodities: Silver,Equity,Apollo Hospitals,Healthcare,62.53,,,1.63
Bandhan Flexi Cap Reg,INF194K01391,108594,commodity,Commodities: Silver,Equity,Cholamandalam Financial,Financial,12.18,,,1.57
Bandhan Flexi Cap Reg,INF194K01391,108594,commodity,Commodities: Silver,Equity,ONGC,Energy & Utilities,7.42,,,1.55
Bandhan Flexi Cap Reg,INF194K01391,108594,commodity,Commodities: Silver,Equity,Cipla,Healthcare,28.21,,,1.35
Bandhan Flexi Cap Reg,INF194K01391,108594,commodity,Commodities: Silver,Equity,Hindustan Unilever,Consumer Staples,34.14,,,1.34
Bandhan Flexi Cap Reg,INF194K01391,108594,commodity,Commodities: Silver,Equity,Info Edge (India),Technology,44.17,,,1.34
Bandhan Flexi Cap Reg,INF194K01391,108594,commodity,Commodities: Silver,Equity,ICICI Prudential,Financial,,,,1.22
Bandhan Flexi Cap Reg,INF194K01391,108594,commodity,Commodities: Silver,Equity,SBI,Financial,11.46,,,1.2
Bandhan Flexi Cap Reg,INF194K01391,108594,commodity,Commodities: Silver,Equity,V-Mart Retail,Consumer Discretionary,50.05,,,1.11
Bandhan Focused Reg,INF194K01DI1,119548,commodity,Commodities: Silver,Equity,LT Foods,Consumer Staples,21.32,,,7.63
Bandhan Focused Reg,INF194K01DI1,119548,commodity,Commodities: Silver,Equity,HDFC Bank,Financial,15.76,,,5.96
Bandhan Focused Reg,INF194K01DI1,119548,commodity,Commodities: Silver,Equity,Power Fin.,Financial,5.49,,,5.75
Bandhan Focused Reg,INF194K01DI1,119548,commodity,Commodities: Silver,Equity,Prestige Estates,Real Estate,53.65,,,5.44
Bandhan Focused Reg,INF194K01DI1,119548,commodity,Commodities: Silver,Equity,Jubilant Pharmova,Healthcare,38.94,,,5.42
Bandhan Focused Reg,INF194K01DI1,119548,commodity,Commodities: Silver,Equity,Cholamandalam Financial,Financial,12.18,,,5.27
Bandhan Focused Reg,INF194K01DI1,119548,commodity,Commodities: Silver,Equity,Glenmark Pharmaceuticals,Healthcare,45.49,,,4.86
Bandhan Focused Reg,INF194K01DI1,119548,commodity,Commodities: Silver,Equity,SBI,Financial,11.46,,,4.42
Bandhan Focused Reg,INF194K01DI1,119548,commodity,Commodities: Silver,Equity,ICICI Bank,Financial,17.8,,,4.37
Bandhan Focused Reg,INF194K01DI1,119548,commodity,Commodities: Silver,Equity,Tilaknagar Ind,Consumer Staples,529.1,,,3.71
Bandhan Focused Reg,INF194K01DI1,119548,commodity,Commodities: Silver,Equity,Reliance Ind,Energy & Utilities,22.25,,,3.3
Bandhan Focused Reg,INF194K01DI1,119548,commodity,Commodities: Silver,Equity,V2 Retail,Consumer Discretionary,53.14,,,3.07
Bandhan Focused Reg,INF194K01DI1,119548,commodity,Commodities: Silver,Equity,South Indian Bank,Financial,8.66,,,2.93
Bandhan Focused Reg,INF194K01DI1,119548,commodity,Commodities: Silver,Equity,Angel One,Financial,35.26,,,2.81
Bandhan Focused Reg,INF194K01DI1,119548,commodity,Commodities: Silver,Equity,Sanathan Textiles,Consumer Discretionary,47.32,,,2.79
Bandhan Focused Reg,INF194K01DI1,119548,commodity,Commodities: Silver,Equity,Deepak Fertilisers,Materials,26.43,,,2.73
Bandhan Focused Reg,INF194K01DI1,119548,commodity,Commodities: Silver,Equity,SIGNATUREGLOBAL,Industrials,10.18,,,2.64
Bandhan Focused Reg,INF194K01DI1,119548,commodity,Commodities: Silver,Equity,Varun Beverages,Consumer Staples,56.66,,,2.41
Bandhan Focused Reg,INF194K01DI1,119548,commodity,Commodities: Silver,Equity,Larsen & Toubro,Industrials,35.92,,,2.4
Bandhan Focused Reg,INF194K01DI1,119548,commodity,Commodities: Silver,Equity,Eternal,Technology,688.71,,,2.39
Bandhan Focused Reg,INF194K01DI1,119548,commodity,Commodities: Silver,Equity,NTPC,Energy & Utilities,13.09,,,2.35
Bandhan Focused Reg,INF194K01DI1,119548,commodity,Commodities: Silver,Equity,Godawari Power,Materials,22.56,,,2.34
Bandhan Focused Reg,INF194K01DI1,119548,commodity,Commodities: Silver,Equity,Tata Consultancy,Technology,15.33,,,2.11
Bandhan Focused Reg,INF194K01DI1,119548,commodity,Commodities: Silver,Equity,Infosys,Technology,14.36,,,1.97
Bandhan Focused Reg,INF194K01DI1,119548,commodity,Commodities: Silver,Equity,Aurobindo Pharma,Healthcare,24.16,,,1.97
Bandhan Nifty 500 Momentum 50 Index Reg,INF194KB1IX2,153002,commodity,Commodities: Silver,Equity,Hindalco Ind,Materials,16.96,,,5.51
Bandhan Nifty 500 Momentum 50 Index Reg,INF194KB1IX2,153002,commodity,Commodities: Silver,Equity,BSE,Financial,65.73,,,4.85
Bandhan Nifty 500 Momentum 50 Index Reg,INF194KB1IX2,153002,commodity,Commodities: Silver,Equity,Eicher Motors,Consumer Discretionary,37.69,,,4.74
Bandhan Nifty 500 Momentum 50 Index Reg,INF194KB1IX2,153002,commodity,Commodities: Silver,Equity,Shriram Finance,Financial,23.5,,,4.7
Bandhan Nifty 500 Momentum 50 Index Reg,INF194KB1IX2,153002,commodity,Commodities: Silver,Equity,Asian Paints,Materials,60.52,,,4.49
Bandhan Nifty 500 Momentum 50 Index Reg,INF194KB1IX2,153002,commodity,Commodities: Silver,Equity,Bajaj Finance,Financial,31.57,,,4.45
Bandhan Nifty 500 Momentum 50 Index Reg,INF194KB1IX2,153002,commodity,Commodities: Silver,Equity,Bharti Airtel,Technology,43.19,,,4.26
Bandhan Nifty 500 Momentum 50 Index Reg,INF194KB1IX2,153002,commodity,Commodities: Silver,Equity,Mahindra & Mahindra,Consumer Discretionary,22.36,,,4.12
Bandhan Nifty 500 Momentum 50 Index Reg,INF194KB1IX2,153002,commodity,Commodities: Silver,Equity,Maruti Suzuki,Consumer Discretionary,28.73,,,3.88
Bandhan Nifty 500 Momentum 50 Index Reg,INF194KB1IX2,153002,commodity,Commodities: Silver,Equity,MCX,Financial,53.17,,,3.29
Bandhan Nifty 500 Momentum 50 Index Reg,INF194KB1IX2,153002,commodity,Commodities: Silver,Equity,TVS Motor,Consumer Discretionary,54.03,,,3.21
Bandhan Nifty 500 Momentum 50 Index Reg,INF194KB1IX2,153002,commodity,Commodities: Silver,Equity,Laurus Labs,Healthcare,86.1,,,3.05
Bandhan Nifty 500 Momentum 50 Index Reg,INF194KB1IX2,153002,commodity,Commodities: Silver,Equity,Cummins India,Industrials,68.6,,,3.03
Bandhan Nifty 500 Momentum 50 Index Reg,INF194KB1IX2,153002,commodity,Commodities: Silver,Equity,Interglobe Aviation,Industrials,,,,2.92
Bandhan Nifty 500 Momentum 50 Index Reg,INF194KB1IX2,153002,commodity,Commodities: Silver,Equity,Hero Motocorp,Consumer Discretionary,17.3,,,2.85
Bandhan Nifty 500 Momentum 50 Index Reg,INF194KB1IX2,153002,commodity,Commodities: Silver,Equity,The Federal Bank,Financial,18.3,,,2.57
Bandhan Nifty 500 Momentum 50 Index Reg,INF194KB1IX2,153002,commodity,Commodities: Silver,Equity,AU Small Fin Bank,Financial,29.3,,,2.55
Bandhan Nifty 500 Momentum 50 Index Reg,INF194KB1IX2,153002,commodity,Commodities: Silver,Equity,Muthoot Finance,Financial,11.82,,,2.39
Bandhan Nifty 500 Momentum 50 Index Reg,INF194KB1IX2,153002,commodity,Commodities: Silver,Equity,GE Vernova T&D,Industrials,111.6,,,2.22
Bandhan Nifty 500 Momentum 50 Index Reg,INF194KB1IX2,153002,commodity,Commodities: Silver,Equity,L&T Fin,Financial,24.11,,,1.88
Bandhan Nifty 500 Momentum 50 Index Reg,INF194KB1IX2,153002,commodity,Commodities: Silver,Equity,Canara Bank,Financial,6.8,,,1.82
Bandhan Nifty 500 Momentum 50 Index Reg,INF194KB1IX2,153002,commodity,Commodities: Silver,Equity,One97 Comm,Industrials,126.07,,,1.76
Bandhan Nifty 500 Momentum 50 Index Reg,INF194KB1IX2,153002,commodity,Commodities: Silver,Equity,Fortis Healthcare,Healthcare,69.79,,,1.73
Bandhan Nifty 500 Momentum 50 Index Reg,INF194KB1IX2,153002,commodity,Commodities: Silver,Equity,Cholamandalam Inv,Financial,27.55,,,1.72
Bandhan Nifty 500 Momentum 50 Index Reg,INF194KB1IX2,153002,commodity,Commodities: Silver,Equity,Max Financial,Financial,677.32,,,1.68
Bandhan Nifty Alpha 50 Index Reg,INF194KB1GX6,152179,commodity,Commodities: Silver,Equity,GE Vernova T&D,Industrials,111.6,,,5.56
Bandhan Nifty Alpha 50 Index Reg,INF194KB1GX6,152179,commodity,Commodities: Silver,Equity,Hitachi Energy,Industrials,164.47,,,4.47
Bandhan Nifty Alpha 50 Index Reg,INF194KB1GX6,152179,commodity,Commodities: Silver,Equity,Hindustan Copper,Materials,53.21,,,3.95
Bandhan Nifty Alpha 50 Index Reg,INF194KB1GX6,152179,commodity,Commodities: Silver,Equity,MCX,Financial,53.17,,,3.55
Bandhan Nifty Alpha 50 Index Reg,INF194KB1GX6,152179,commodity,Commodities: Silver,Equity,Laurus Labs,Healthcare,86.1,,,3.32
Bandhan Nifty Alpha 50 Index Reg,INF194KB1GX6,152179,commodity,Commodities: Silver,Equity,Aditya Birla,Financial,26.17,,,3.18
Bandhan Nifty Alpha 50 Index Reg,INF194KB1GX6,152179,commodity,Commodities: Silver,Equity,RBL Bank,Financial,66.18,,,2.79
Bandhan Nifty Alpha 50 Index Reg,INF194KB1GX6,152179,commodity,Commodities: Silver,Equity,L&T Fin,Financial,24.11,,,2.75
Bandhan Nifty Alpha 50 Index Reg,INF194KB1GX6,152179,commodity,Commodities: Silver,Equity,Apar,Diversified,64.77,,,2.67
Bandhan Nifty Alpha 50 Index Reg,INF194KB1GX6,152179,commodity,Commodities: Silver,Equity,Polycab India,Industrials,56.42,,,2.62
Bandhan Nifty Alpha 50 Index Reg,INF194KB1GX6,152179,commodity,Commodities: Silver,Equity,National Aluminium,Materials,11.8,,,2.54
Bandhan Nifty Alpha 50 Index Reg,INF194KB1GX6,152179,commodity,Commodities: Silver,Equity,Cummins India,Industrials,68.6,,,2.46
Bandhan Nifty Alpha 50 Index Reg,INF194KB1GX6,152179,commodity,Commodities: Silver,Equity,Karur Vysya Bank,Financial,11.2,,,2.38
Bandhan Nifty Alpha 50 Index Reg,INF194KB1GX6,152179,commodity,Commodities: Silver,Equity,BSE,Financial,65.73,,,2.3
Bandhan Nifty Alpha 50 Index Reg,INF194KB1GX6,152179,commodity,Commodities: Silver,Equity,Canara Bank,Financial,6.8,,,2.23
Bandhan Nifty Alpha 50 Index Reg,INF194KB1GX6,152179,commodity,Commodities: Silver,Equity,Max Financial,Financial,677.32,,,2.22
Bandhan Nifty Alpha 50 Index Reg,INF194KB1GX6,152179,commodity,Commodities: Silver,Equity,Bharat Forge,Consumer Discretionary,90.13,,,2.18
Bandhan Nifty Alpha 50 Index Reg,INF194KB1GX6,152179,commodity,Commodities: Silver,Equity,Ashok Leyland,Industrials,26.42,,,2.15
Bandhan Nifty Alpha 50 Index Reg,INF194KB1GX6,152179,commodity,Commodities: Silver,Equity,Indian Bank,Financial,10.07,,,2.14
Bandhan Nifty Alpha 50 Index Reg,INF194KB1GX6,152179,commodity,Commodities: Silver,Equity,Delhivery,Industrials,225.47,,,2.07
Bandhan Nifty Alpha 50 Index Reg,INF194KB1GX6,152179,commodity,Commodities: Silver,Equity,AU Small Fin Bank,Financial,29.3,,,2.02
Bandhan Nifty Alpha 50 Index Reg,INF194KB1GX6,152179,commodity,Commodities: Silver,Equity,Navin Fluorine,Materials,57.43,,,1.99
Bandhan Nifty Alpha 50 Index Reg,INF194KB1GX6,152179,commodity,Commodities: Silver,Equity,The Federal Bank,Financial,18.3,,,1.97
Bandhan Nifty Alpha 50 Index Reg,INF194KB1GX6,152179,commodity,Commodities: Silver,Equity,Glenmark Pharmaceuticals,Healthcare,45.49,,,1.94
Bandhan Nifty Alpha 50 Index Reg,INF194KB1GX6,152179,commodity,Commodities: Silver,Equity,Bharat Electronics,Industrials,51.44,,,1.94
Bandhan Nifty Total Mkt Index Reg,INF194KB1IH5,152717,commodity,Commodities: Silver,Equity,HDFC Bank,Financial,15.76,,,5.64
Bandhan Nifty Total Mkt Index Reg,INF194KB1IH5,152717,commodity,Commodities: Silver,Equity,ICICI Bank,Financial,17.8,,,4.45
Bandhan Nifty Total Mkt Index Reg,INF194KB1IH5,152717,commodity,Commodities: Silver,Equity,Reliance Ind,Energy & Utilities,22.25,,,4.42
Bandhan Nifty Total Mkt Index Reg,INF194KB1IH5,152717,commodity,Commodities: Silver,Equity,Bharti Airtel,Technology,43.19,,,2.78
Bandhan Nifty Total Mkt Index Reg,INF194KB1IH5,152717,commodity,Commodities: Silver,Equity,Larsen & Toubro,Industrials,35.92,,,2.37
Bandhan Nifty Total Mkt Index Reg,INF194KB1IH5,152717,commodity,Commodities: Silver,Equity,Infosys,Technology,14.36,,,2.02
Bandhan Nifty Total Mkt Index Reg,INF194KB1IH5,152717,commodity,Commodities: Silver,Equity,SBI,Financial,11.46,,,1.98
Bandhan Nifty Total Mkt Index Reg,INF194KB1IH5,152717,commodity,Commodities: Silver,Equity,Axis Bank,Financial,15.95,,,1.83
Bandhan Nifty Total Mkt Index Reg,INF194KB1IH5,152717,commodity,Commodities: Silver,Equity,Kotak Bank,Financial,20.63,,,1.4
Bandhan Nifty Total Mkt Index Reg,INF194KB1IH5,152717,commodity,Commodities: Silver,Equity,ITC,Consumer Staples,17.56,,,1.37
Bandhan Nifty Total Mkt Index Reg,INF194KB1IH5,152717,commodity,Commodities: Silver,Equity,Mahindra & Mahindra,Consumer Discretionary,22.36,,,1.35
Bandhan Nifty Total Mkt Index Reg,INF194KB1IH5,152717,commodity,Commodities: Silver,Equity,Bajaj Finance,Financial,31.57,,,1.2
Bandhan Nifty Total Mkt Index Reg,INF194KB1IH5,152717,commodity,Commodities: Silver,Equity,Tata Consultancy,Technology,15.33,,,1.14
Bandhan Nifty Total Mkt Index Reg,INF194KB1IH5,152717,commodity,Commodities: Silver,Equity,Hindustan Unilever,Consumer Staples,34.14,,,0.95
Bandhan Nifty Total Mkt Index Reg,INF194KB1IH5,152717,commodity,Commodities: Silver,Equity,Sun Pharmaceutical,Healthcare,38.15,,,0.94
Bandhan Nifty Total Mkt Index Reg,INF194KB1IH5,152717,commodity,Commodities: Silver,Equity,NTPC,Energy & Utilities,13.09,,,0.91
Bandhan Nifty Total Mkt Index Reg,INF194KB1IH5,152717,commodity,Commodities: Silver,Equity,Eternal,Technology,688.71,,,0.89
Bandhan Nifty Total Mkt Index Reg,INF194KB1IH5,152717,commodity,Commodities: Silver,Equity,Tata Steel,Materials,22.91,,,0.85
Bandhan Nifty Total Mkt Index Reg,INF194KB1IH5,152717,commodity,Commodities: Silver,Equity,Maruti Suzuki,Consumer Discretionary,28.73,,,0.85
Bandhan Nifty Total Mkt Index Reg,INF194KB1IH5,152717,commodity,Commodities: Silver,Equity,BSE,Financial,65.73,,,0.84
Bandhan Nifty Total Mkt Index Reg,INF194KB1IH5,152717,commodity,Commodities: Silver,Equity,Titan,Consumer Discretionary,77.17,,,0.83
Bandhan Nifty Total Mkt Index Reg,INF194KB1IH5,152717,commodity,Commodities: Silver,Equity,Hindalco Ind,Materials,16.96,,,0.81
Bandhan Nifty Total Mkt Index Reg,INF194KB1IH5,152717,commodity,Commodities: Silver,Equity,Bharat Electronics,Industrials,51.44,,,0.73
Bandhan Nifty Total Mkt Index Reg,INF194KB1IH5,152717,commodity,Commodities: Silver,Equity,Ultratech Cement,Materials,40.9,,,0.67
Bandhan Nifty Total Mkt Index Reg,INF194KB1IH5,152717,commodity,Commodities: Silver,Equity,Adani Ports,Industrials,33.02,,,0.66
Bank of India Flexi Cap Reg,INF761K01FI9,148405,commodity,Commodities: Silver,Equity,SBI,Financial,11.46,,,4.04
Bank of India Flexi Cap Reg,INF761K01FI9,148405,commodity,Commodities: Silver,Equity,Lloyds Metals,Materials,27.06,,,3.6
Bank of India Flexi Cap Reg,INF761K01FI9,148405,commodity,Commodities: Silver,Equity,Sky Gold And Diamonds,Consumer Discretionary,28.62,,,3.24
Bank of India Flexi Cap Reg,INF761K01FI9,148405,commodity,Commodities: Silver,Equity,Hindustan Aero,Industrials,32.38,,,3.22
Bank of India Flexi Cap Reg,INF761K01FI9,148405,commodity,Commodities: Silver,Equity,ICICI Bank,Financial,17.8,,,3.06
Bank of India Flexi Cap Reg,INF761K01FI9,148405,commodity,Commodities: Silver,Equity,Adani Ports,Industrials,33.02,,,2.79
Bank of India Flexi Cap Reg,INF761K01FI9,148405,commodity,Commodities: Silver,Equity,Bharti Airtel,Technology,43.19,,,2.69
Bank of India Flexi Cap Reg,INF761K01FI9,148405,commodity,Commodities: Silver,Equity,HDFC Bank,Financial,15.76,,,2.65
Bank of India Flexi Cap Reg,INF761K01FI9,148405,commodity,Commodities: Silver,Equity,Acutaas Chemicals,Healthcare,73.5,,,2.54
Bank of India Flexi Cap Reg,INF761K01FI9,148405,commodity,Commodities: Silver,Equity,Quality Power Electrical Equipments,Industrials,84.1,,,2.52
Bank of India Flexi Cap Reg,INF761K01FI9,148405,commodity,Commodities: Silver,Equity,Power Fin.,Financial,5.49,,,2.31
Bank of India Flexi Cap Reg,INF761K01FI9,148405,commodity,Commodities: Silver,Equity,UNO Minda,Consumer Discretionary,53.31,,,2.24
Bank of India Flexi Cap Reg,INF761K01FI9,148405,commodity,Commodities: Silver,Equity,Indian Bank,Financial,10.07,,,2.21
Bank of India Flexi Cap Reg,INF761K01FI9,148405,commodity,Commodities: Silver,Equity,Vedanta Aluminium Metal,Materials,,,,2.13
Bank of India Flexi Cap Reg,INF761K01FI9,148405,commodity,Commodities: Silver,Equity,NTPC,Energy & Utilities,13.09,,,2.08
Bank of India Flexi Cap Reg,INF761K01FI9,148405,commodity,Commodities: Silver,Equity,Vedanta,Materials,6.75,,,2.01
Bank of India Flexi Cap Reg,INF761K01FI9,148405,commodity,Commodities: Silver,Equity,Dr. Reddy'S Labs,Healthcare,25.16,,,1.96
Bank of India Flexi Cap Reg,INF761K01FI9,148405,commodity,Commodities: Silver,Equity,Entero Health,Healthcare,41.4,,,1.93
Bank of India Flexi Cap Reg,INF761K01FI9,148405,commodity,Commodities: Silver,Equity,Reliance Ind,Energy & Utilities,22.25,,,1.88
Bank of India Flexi Cap Reg,INF761K01FI9,148405,commodity,Commodities: Silver,Equity,Hindustan Copper,Materials,53.21,,,1.88
Bank of India Flexi Cap Reg,INF761K01FI9,148405,commodity,Commodities: Silver,Equity,Mahindra & Mahindra,Consumer Discretionary,22.36,,,1.73
Bank of India Flexi Cap Reg,INF761K01FI9,148405,commodity,Commodities: Silver,Equity,Tata Steel,Materials,22.91,,,1.73
Bank of India Flexi Cap Reg,INF761K01FI9,148405,commodity,Commodities: Silver,Equity,Bharat Electronics,Industrials,51.44,,,1.67
Bank of India Flexi Cap Reg,INF761K01FI9,148405,commodity,Commodities: Silver,Equity,Balrampur Mills,Consumer Staples,30.21,,,1.66
Bank of India Flexi Cap Reg,INF761K01FI9,148405,commodity,Commodities: Silver,Equity,Adani Power,Energy & Utilities,34.62,,,1.66
Baroda BNP Paribas Children's Reg,INF251K01UC3,153170,commodity,Commodities: Silver,Equity,Reliance Ind,Energy & Utilities,22.25,,,3.55
Baroda BNP Paribas Children's Reg,INF251K01UC3,153170,commodity,Commodities: Silver,Equity,Bharti Airtel,Technology,43.19,,,3.51
Baroda BNP Paribas Children's Reg,INF251K01UC3,153170,commodity,Commodities: Silver,Equity,Hitachi Energy,Industrials,164.47,,,2.89
Baroda BNP Paribas Children's Reg,INF251K01UC3,153170,commodity,Commodities: Silver,Equity,SBI,Financial,11.46,,,2.88
Baroda BNP Paribas Children's Reg,INF251K01UC3,153170,commodity,Commodities: Silver,Equity,Bharat Heavy Elect,Industrials,89.9,,,2.64
Baroda BNP Paribas Children's Reg,INF251K01UC3,153170,commodity,Commodities: Silver,Equity,Polycab India,Industrials,56.42,,,2.43
Baroda BNP Paribas Children's Reg,INF251K01UC3,153170,commodity,Commodities: Silver,Equity,Titan,Consumer Discretionary,77.17,,,2.43
Baroda BNP Paribas Children's Reg,INF251K01UC3,153170,commodity,Commodities: Silver,Equity,Larsen & Toubro,Industrials,35.92,,,2.43
Baroda BNP Paribas Children's Reg,INF251K01UC3,153170,commodity,Commodities: Silver,Equity,Navin Fluorine,Materials,57.43,,,2.43
Baroda BNP Paribas Children's Reg,INF251K01UC3,153170,commodity,Commodities: Silver,Equity,SBI Life Insurance,Financial,126.08,,,2.34
Baroda BNP Paribas Children's Reg,INF251K01UC3,153170,commodity,Commodities: Silver,Equity,Persistent Systems,Technology,40.32,,,2.22
Baroda BNP Paribas Children's Reg,INF251K01UC3,153170,commodity,Commodities: Silver,Equity,Axis Bank,Financial,15.95,,,2.2
Baroda BNP Paribas Children's Reg,INF251K01UC3,153170,commodity,Commodities: Silver,Equity,Karur Vysya Bank,Financial,11.2,,,2.16
Baroda BNP Paribas Children's Reg,INF251K01UC3,153170,commodity,Commodities: Silver,Equity,MCX,Financial,53.17,,,2.14
Baroda BNP Paribas Children's Reg,INF251K01UC3,153170,commodity,Commodities: Silver,Equity,ICICI Bank,Financial,17.8,,,2.14
Baroda BNP Paribas Children's Reg,INF251K01UC3,153170,commodity,Commodities: Silver,Equity,Mahindra & Mahindra,Consumer Discretionary,22.36,,,2.08
Baroda BNP Paribas Children's Reg,INF251K01UC3,153170,commodity,Commodities: Silver,Equity,Hindustan Petro,Energy & Utilities,4.63,,,2.02
Baroda BNP Paribas Children's Reg,INF251K01UC3,153170,commodity,Commodities: Silver,Equity,Cummins India,Industrials,68.6,,,2.01
Baroda BNP Paribas Children's Reg,INF251K01UC3,153170,commodity,Commodities: Silver,Equity,Bharat Electronics,Industrials,51.44,,,2.01
Baroda BNP Paribas Children's Reg,INF251K01UC3,153170,commodity,Commodities: Silver,Equity,Tech Mahindra,Technology,28.24,,,1.99
Baroda BNP Paribas Children's Reg,INF251K01UC3,153170,commodity,Commodities: Silver,Equity,The Federal Bank,Financial,18.3,,,1.97
Baroda BNP Paribas Children's Reg,INF251K01UC3,153170,commodity,Commodities: Silver,Equity,Bajaj Finance,Financial,31.57,,,1.94
Baroda BNP Paribas Children's Reg,INF251K01UC3,153170,commodity,Commodities: Silver,Equity,Linde India,Materials,111.86,,,1.84
Baroda BNP Paribas Children's Reg,INF251K01UC3,153170,commodity,Commodities: Silver,Equity,Hindalco Ind,Materials,16.96,,,1.83
Baroda BNP Paribas Children's Reg,INF251K01UC3,153170,commodity,Commodities: Silver,Equity,Bandhan Bank,Financial,27.44,,,1.78
Baroda BNP Paribas Flexi Cap Reg,INF251K01QW9,150385,commodity,Commodities: Silver,Equity,Hindalco Ind,Materials,16.96,,,3.69
Baroda BNP Paribas Flexi Cap Reg,INF251K01QW9,150385,commodity,Commodities: Silver,Equity,The Federal Bank,Financial,18.3,,,3.43
Baroda BNP Paribas Flexi Cap Reg,INF251K01QW9,150385,commodity,Commodities: Silver,Equity,Bharti Airtel,Technology,43.19,,,3.37
Baroda BNP Paribas Flexi Cap Reg,INF251K01QW9,150385,commodity,Commodities: Silver,Equity,HDFC Bank,Financial,15.76,,,3.35
Baroda BNP Paribas Flexi Cap Reg,INF251K01QW9,150385,commodity,Commodities: Silver,Equity,Larsen & Toubro,Industrials,35.92,,,3.34
Baroda BNP Paribas Flexi Cap Reg,INF251K01QW9,150385,commodity,Commodities: Silver,Equity,IndusInd Bank,Financial,82.7,,,3.18
Baroda BNP Paribas Flexi Cap Reg,INF251K01QW9,150385,commodity,Commodities: Silver,Equity,Bharat Heavy Elect,Industrials,89.9,,,3.16
Baroda BNP Paribas Flexi Cap Reg,INF251K01QW9,150385,commodity,Commodities: Silver,Equity,Reliance Ind,Energy & Utilities,22.25,,,3.03
Baroda BNP Paribas Flexi Cap Reg,INF251K01QW9,150385,commodity,Commodities: Silver,Equity,Solar,Materials,98.23,,,2.99
Baroda BNP Paribas Flexi Cap Reg,INF251K01QW9,150385,commodity,Commodities: Silver,Equity,Jindal Steel,Materials,34.38,,,2.97
Baroda BNP Paribas Flexi Cap Reg,INF251K01QW9,150385,commodity,Commodities: Silver,Equity,Axis Bank,Financial,15.95,,,2.9
Baroda BNP Paribas Flexi Cap Reg,INF251K01QW9,150385,commodity,Commodities: Silver,Equity,Persistent Systems,Technology,40.32,,,2.76
Baroda BNP Paribas Flexi Cap Reg,INF251K01QW9,150385,commodity,Commodities: Silver,Equity,One97 Comm,Industrials,126.07,,,2.7
Baroda BNP Paribas Flexi Cap Reg,INF251K01QW9,150385,commodity,Commodities: Silver,Equity,Bharat Electronics,Industrials,51.44,,,2.52
Baroda BNP Paribas Flexi Cap Reg,INF251K01QW9,150385,commodity,Commodities: Silver,Equity,Cummins India,Industrials,68.6,,,2.41
Baroda BNP Paribas Flexi Cap Reg,INF251K01QW9,150385,commodity,Commodities: Silver,Equity,Shriram Finance,Financial,23.5,,,2.33
Baroda BNP Paribas Flexi Cap Reg,INF251K01QW9,150385,commodity,Commodities: Silver,Equity,Radico Khaitan,Consumer Staples,82.99,,,2.3
Baroda BNP Paribas Flexi Cap Reg,INF251K01QW9,150385,commodity,Commodities: Silver,Equity,SBI Life Insurance,Financial,126.08,,,2.25
Baroda BNP Paribas Flexi Cap Reg,INF251K01QW9,150385,commodity,Commodities: Silver,Equity,Mahindra & Mahindra,Consumer Discretionary,22.36,,,2.24
Baroda BNP Paribas Flexi Cap Reg,INF251K01QW9,150385,commodity,Commodities: Silver,Equity,Hitachi Energy,Industrials,164.47,,,2.2
Baroda BNP Paribas Flexi Cap Reg,INF251K01QW9,150385,commodity,Commodities: Silver,Equity,Sun Pharmaceutical,Healthcare,38.15,,,2.14
Baroda BNP Paribas Flexi Cap Reg,INF251K01QW9,150385,commodity,Commodities: Silver,Equity,Eicher Motors,Consumer Discretionary,37.69,,,2.06
Baroda BNP Paribas Flexi Cap Reg,INF251K01QW9,150385,commodity,Commodities: Silver,Equity,Karur Vysya Bank,Financial,11.2,,,2.01
Baroda BNP Paribas Flexi Cap Reg,INF251K01QW9,150385,commodity,Commodities: Silver,Equity,Tech Mahindra,Technology,28.24,,,1.94
Baroda BNP Paribas Flexi Cap Reg,INF251K01QW9,150385,commodity,Commodities: Silver,Equity,Polycab India,Industrials,56.42,,,1.94
Baroda BNP Paribas Focused Reg,INF251K01PK6,150263,commodity,Commodities: Silver,Equity,Bharti Airtel,Technology,43.19,,,9.18
Baroda BNP Paribas Focused Reg,INF251K01PK6,150263,commodity,Commodities: Silver,Equity,Axis Bank,Financial,15.95,,,5.96
Baroda BNP Paribas Focused Reg,INF251K01PK6,150263,commodity,Commodities: Silver,Equity,IndusInd Bank,Financial,82.7,,,5.3
Baroda BNP Paribas Focused Reg,INF251K01PK6,150263,commodity,Commodities: Silver,Equity,MCX,Financial,53.17,,,5.02
Baroda BNP Paribas Focused Reg,INF251K01PK6,150263,commodity,Commodities: Silver,Equity,Titan,Consumer Discretionary,77.17,,,4.41
Baroda BNP Paribas Focused Reg,INF251K01PK6,150263,commodity,Commodities: Silver,Equity,Navin Fluorine,Materials,57.43,,,4.4
Baroda BNP Paribas Focused Reg,INF251K01PK6,150263,commodity,Commodities: Silver,Equity,NHPC,Energy & Utilities,20.07,,,4.26
Baroda BNP Paribas Focused Reg,INF251K01PK6,150263,commodity,Commodities: Silver,Equity,Coal India,Materials,8.9,,,4.24
Baroda BNP Paribas Focused Reg,INF251K01PK6,150263,commodity,Commodities: Silver,Equity,SBI,Financial,11.46,,,4.1
Baroda BNP Paribas Focused Reg,INF251K01PK6,150263,commodity,Commodities: Silver,Equity,Mahindra & Mahindra,Consumer Discretionary,22.36,,,4
Baroda BNP Paribas Focused Reg,INF251K01PK6,150263,commodity,Commodities: Silver,Equity,Tech Mahindra,Technology,28.24,,,3.84
Baroda BNP Paribas Focused Reg,INF251K01PK6,150263,commodity,Commodities: Silver,Equity,Bharat Electronics,Industrials,51.44,,,3.81
Baroda BNP Paribas Focused Reg,INF251K01PK6,150263,commodity,Commodities: Silver,Equity,Larsen & Toubro,Industrials,35.92,,,3.78
Baroda BNP Paribas Focused Reg,INF251K01PK6,150263,commodity,Commodities: Silver,Equity,Power Grid,Energy & Utilities,17.02,,,3.59
Baroda BNP Paribas Focused Reg,INF251K01PK6,150263,commodity,Commodities: Silver,Equity,Bharat Heavy Elect,Industrials,89.9,,,3.45
Baroda BNP Paribas Focused Reg,INF251K01PK6,150263,commodity,Commodities: Silver,Equity,One97 Comm,Industrials,126.07,,,3.29
Baroda BNP Paribas Focused Reg,INF251K01PK6,150263,commodity,Commodities: Silver,Equity,SBI Life Insurance,Financial,126.08,,,2.83
Baroda BNP Paribas Focused Reg,INF251K01PK6,150263,commodity,Commodities: Silver,Equity,Kotak Bank,Financial,20.63,,,2.82
Baroda BNP Paribas Focused Reg,INF251K01PK6,150263,commodity,Commodities: Silver,Equity,Persistent Systems,Technology,40.32,,,2.41
Baroda BNP Paribas Focused Reg,INF251K01PK6,150263,commodity,Commodities: Silver,Equity,Polycab India,Industrials,56.42,,,2.2
Baroda BNP Paribas Focused Reg,INF251K01PK6,150263,commodity,Commodities: Silver,Equity,Britannia Ind,Consumer Staples,49.34,,,2.01
Baroda BNP Paribas Focused Reg,INF251K01PK6,150263,commodity,Commodities: Silver,Equity,Karur Vysya Bank,Financial,11.2,,,2.01
Baroda BNP Paribas Focused Reg,INF251K01PK6,150263,commodity,Commodities: Silver,Equity,Mphasis,Technology,22.9,,,1.93
Baroda BNP Paribas Focused Reg,INF251K01PK6,150263,commodity,Commodities: Silver,Equity,HDFC Bank,Financial,15.76,,,1.44
Baroda BNP Paribas Focused Reg,INF251K01PK6,150263,commodity,Commodities: Silver,Equity,Sun Pharmaceutical,Healthcare,38.15,,,1.39
Canara Robeco Flexi Cap Reg,INF760K01019,101922,commodity,Commodities: Silver,Equity,HDFC Bank,Financial,15.76,,,6.69
Canara Robeco Flexi Cap Reg,INF760K01019,101922,commodity,Commodities: Silver,Equity,ICICI Bank,Financial,17.8,,,6.18
Canara Robeco Flexi Cap Reg,INF760K01019,101922,commodity,Commodities: Silver,Equity,Reliance Ind,Energy & Utilities,22.25,,,3.76
Canara Robeco Flexi Cap Reg,INF760K01019,101922,commodity,Commodities: Silver,Equity,Bharti Airtel,Technology,43.19,,,3.71
Canara Robeco Flexi Cap Reg,INF760K01019,101922,commodity,Commodities: Silver,Equity,Larsen & Toubro,Industrials,35.92,,,3.32
Canara Robeco Flexi Cap Reg,INF760K01019,101922,commodity,Commodities: Silver,Equity,SBI,Financial,11.46,,,3.16
Canara Robeco Flexi Cap Reg,INF760K01019,101922,commodity,Commodities: Silver,Equity,Infosys,Technology,14.36,,,2.99
Canara Robeco Flexi Cap Reg,INF760K01019,101922,commodity,Commodities: Silver,Equity,Bajaj Finance,Financial,31.57,,,2.59
Canara Robeco Flexi Cap Reg,INF760K01019,101922,commodity,Commodities: Silver,Equity,Axis Bank,Financial,15.95,,,2.54
Canara Robeco Flexi Cap Reg,INF760K01019,101922,commodity,Commodities: Silver,Equity,Mahindra & Mahindra,Consumer Discretionary,22.36,,,2.41
Canara Robeco Flexi Cap Reg,INF760K01019,101922,commodity,Commodities: Silver,Equity,Eternal,Technology,688.71,,,2.29
Canara Robeco Flexi Cap Reg,INF760K01019,101922,commodity,Commodities: Silver,Equity,Varun Beverages,Consumer Staples,56.66,,,1.74
Canara Robeco Flexi Cap Reg,INF760K01019,101922,commodity,Commodities: Silver,Equity,Sun Pharmaceutical,Healthcare,38.15,,,1.71
Canara Robeco Flexi Cap Reg,INF760K01019,101922,commodity,Commodities: Silver,Equity,TVS Motor,Consumer Discretionary,54.03,,,1.71
Canara Robeco Flexi Cap Reg,INF760K01019,101922,commodity,Commodities: Silver,Equity,Divi's Lab,Healthcare,69.75,,,1.59
Canara Robeco Flexi Cap Reg,INF760K01019,101922,commodity,Commodities: Silver,Equity,GE Vernova T&D,Industrials,111.6,,,1.45
Canara Robeco Flexi Cap Reg,INF760K01019,101922,commodity,Commodities: Silver,Equity,KEI,Industrials,57.97,,,1.43
Canara Robeco Flexi Cap Reg,INF760K01019,101922,commodity,Commodities: Silver,Equity,Tech Mahindra,Technology,28.24,,,1.42
Canara Robeco Flexi Cap Reg,INF760K01019,101922,commodity,Commodities: Silver,Equity,UNO Minda,Consumer Discretionary,53.31,,,1.39
Canara Robeco Flexi Cap Reg,INF760K01019,101922,commodity,Commodities: Silver,Equity,Tata Consumer,Consumer Staples,71.05,,,1.37
Canara Robeco Flexi Cap Reg,INF760K01019,101922,commodity,Commodities: Silver,Equity,Max Healthcare,Healthcare,73.57,,,1.34
Canara Robeco Flexi Cap Reg,INF760K01019,101922,commodity,Commodities: Silver,Equity,The Indian Hotels,Consumer Discretionary,49.43,,,1.3
Canara Robeco Flexi Cap Reg,INF760K01019,101922,commodity,Commodities: Silver,Equity,MCX,Financial,53.17,,,1.3
Canara Robeco Flexi Cap Reg,INF760K01019,101922,commodity,Commodities: Silver,Equity,JK Cement,Materials,42.48,,,1.28
Canara Robeco Flexi Cap Reg,INF760K01019,101922,commodity,Commodities: Silver,Equity,Ultratech Cement,Materials,40.9,,,1.27
Canara Robeco Focused Reg,INF760K01JT0,148884,commodity,Commodities: Silver,Equity,ICICI Bank,Financial,17.8,,,8.47
Canara Robeco Focused Reg,INF760K01JT0,148884,commodity,Commodities: Silver,Equity,HDFC Bank,Financial,15.76,,,6.44
Canara Robeco Focused Reg,INF760K01JT0,148884,commodity,Commodities: Silver,Equity,Reliance Ind,Energy & Utilities,22.25,,,4.78
Canara Robeco Focused Reg,INF760K01JT0,148884,commodity,Commodities: Silver,Equity,Larsen & Toubro,Industrials,35.92,,,4.44
Canara Robeco Focused Reg,INF760K01JT0,148884,commodity,Commodities: Silver,Equity,Bharti Airtel,Technology,43.19,,,4.34
Canara Robeco Focused Reg,INF760K01JT0,148884,commodity,Commodities: Silver,Equity,TVS Motor,Consumer Discretionary,54.03,,,3.88
Canara Robeco Focused Reg,INF760K01JT0,148884,commodity,Commodities: Silver,Equity,Eternal,Technology,688.71,,,3.85
Canara Robeco Focused Reg,INF760K01JT0,148884,commodity,Commodities: Silver,Equity,Divi's Lab,Healthcare,69.75,,,3.84
Canara Robeco Focused Reg,INF760K01JT0,148884,commodity,Commodities: Silver,Equity,Bajaj Finance,Financial,31.57,,,3.81
Canara Robeco Focused Reg,INF760K01JT0,148884,commodity,Commodities: Silver,Equity,Infosys,Technology,14.36,,,3.79
Canara Robeco Focused Reg,INF760K01JT0,148884,commodity,Commodities: Silver,Equity,Axis Bank,Financial,15.95,,,3.56
Canara Robeco Focused Reg,INF760K01JT0,148884,commodity,Commodities: Silver,Equity,Max Healthcare,Healthcare,73.57,,,3.53
Canara Robeco Focused Reg,INF760K01JT0,148884,commodity,Commodities: Silver,Equity,Varun Beverages,Consumer Staples,56.66,,,3.43
Canara Robeco Focused Reg,INF760K01JT0,148884,commodity,Commodities: Silver,Equity,Kotak Bank,Financial,20.63,,,3.01
Canara Robeco Focused Reg,INF760K01JT0,148884,commodity,Commodities: Silver,Equity,Ultratech Cement,Materials,40.9,,,2.96
Canara Robeco Focused Reg,INF760K01JT0,148884,commodity,Commodities: Silver,Equity,Trent,Consumer Discretionary,97.62,,,2.87
Canara Robeco Focused Reg,INF760K01JT0,148884,commodity,Commodities: Silver,Equity,Vishal Mega Mart,Consumer Staples,65.67,,,2.62
Canara Robeco Focused Reg,INF760K01JT0,148884,commodity,Commodities: Silver,Equity,PB Fintech,Financial,111.92,,,2.54
Canara Robeco Focused Reg,INF760K01JT0,148884,commodity,Commodities: Silver,Equity,The Indian Hotels,Consumer Discretionary,49.43,,,2.52
Canara Robeco Focused Reg,INF760K01JT0,148884,commodity,Commodities: Silver,Equity,SBI Life Insurance,Financial,126.08,,,2.41
Canara Robeco Focused Reg,INF760K01JT0,148884,commodity,Commodities: Silver,Equity,UNO Minda,Consumer Discretionary,53.31,,,2.35
Canara Robeco Focused Reg,INF760K01JT0,148884,commodity,Commodities: Silver,Equity,Interglobe Aviation,Industrials,,,,2.33
Canara Robeco Focused Reg,INF760K01JT0,148884,commodity,Commodities: Silver,Equity,Torrent Pharma,Healthcare,69.41,,,2.25
Canara Robeco Focused Reg,INF760K01JT0,148884,commodity,Commodities: Silver,Equity,CRISIL,Industrials,35.66,,,1.89
Canara Robeco Focused Reg,INF760K01JT0,148884,commodity,Commodities: Silver,Equity,Bharat Electronics,Industrials,51.44,,,1.86
Capitalmind Flexi Cap Reg,INF226401026,153739,commodity,Commodities: Silver,Equity,Cummins India,Industrials,68.6,,,3.94
Capitalmind Flexi Cap Reg,INF226401026,153739,commodity,Commodities: Silver,Equity,Hindalco Ind,Materials,16.96,,,3.68
Capitalmind Flexi Cap Reg,INF226401026,153739,commodity,Commodities: Silver,Equity,National Aluminium,Materials,11.8,,,3.62
Capitalmind Flexi Cap Reg,INF226401026,153739,commodity,Commodities: Silver,Equity,The Federal Bank,Financial,18.3,,,3.48
Capitalmind Flexi Cap Reg,INF226401026,153739,commodity,Commodities: Silver,Equity,Coal India,Materials,8.9,,,3.37
Capitalmind Flexi Cap Reg,INF226401026,153739,commodity,Commodities: Silver,Equity,Torrent Pharma,Healthcare,69.41,,,3.32
Capitalmind Flexi Cap Reg,INF226401026,153739,commodity,Commodities: Silver,Equity,Bharat Forge,Consumer Discretionary,90.13,,,3.13
Capitalmind Flexi Cap Reg,INF226401026,153739,commodity,Commodities: Silver,Equity,NMDC,Materials,10.46,,,3.01
Capitalmind Flexi Cap Reg,INF226401026,153739,commodity,Commodities: Silver,Equity,NTPC,Energy & Utilities,13.09,,,2.99
Capitalmind Flexi Cap Reg,INF226401026,153739,commodity,Commodities: Silver,Equity,Great Eastern Ship,Energy & Utilities,6.96,,,2.94
Capitalmind Flexi Cap Reg,INF226401026,153739,commodity,Commodities: Silver,Equity,Titan,Consumer Discretionary,77.17,,,2.92
Capitalmind Flexi Cap Reg,INF226401026,153739,commodity,Commodities: Silver,Equity,Tata Steel,Materials,22.91,,,2.85
Capitalmind Flexi Cap Reg,INF226401026,153739,commodity,Commodities: Silver,Equity,Granules India,Healthcare,32.59,,,2.73
Capitalmind Flexi Cap Reg,INF226401026,153739,commodity,Commodities: Silver,Equity,Maharashtra Bank,Financial,9.79,,,2.69
Capitalmind Flexi Cap Reg,INF226401026,153739,commodity,Commodities: Silver,Equity,Anand Rathi Wealth,Financial,78,,,2.67
Capitalmind Flexi Cap Reg,INF226401026,153739,commodity,Commodities: Silver,Equity,Bajaj Auto,Consumer Discretionary,26.01,,,2.64
Capitalmind Flexi Cap Reg,INF226401026,153739,commodity,Commodities: Silver,Equity,Welspun,Materials,23,,,2.59
Capitalmind Flexi Cap Reg,INF226401026,153739,commodity,Commodities: Silver,Equity,JB Chemicals,Healthcare,49.62,,,2.59
Capitalmind Flexi Cap Reg,INF226401026,153739,commodity,Commodities: Silver,Equity,Nestle India,Consumer Staples,77.1,,,2.58
Capitalmind Flexi Cap Reg,INF226401026,153739,commodity,Commodities: Silver,Equity,Power Fin.,Financial,5.49,,,2.57
Capitalmind Flexi Cap Reg,INF226401026,153739,commodity,Commodities: Silver,Equity,Aurobindo Pharma,Healthcare,24.16,,,2.51
Capitalmind Flexi Cap Reg,INF226401026,153739,commodity,Commodities: Silver,Equity,Marico,Consumer Staples,60.11,,,2.51
Capitalmind Flexi Cap Reg,INF226401026,153739,commodity,Commodities: Silver,Equity,Lupin,Healthcare,20.07,,,2.41
Capitalmind Flexi Cap Reg,INF226401026,153739,commodity,Commodities: Silver,Equity,Indus Towers,Technology,15.22,,,2.37
Capitalmind Flexi Cap Reg,INF226401026,153739,commodity,Commodities: Silver,Equity,Kirloskar Oil,Industrials,49.92,,,2.36
DSP Flexi Cap Reg,INF740K01037,105875,commodity,Commodities: Silver,Equity,ICICI Bank,Financial,17.8,,,8.2
DSP Flexi Cap Reg,INF740K01037,105875,commodity,Commodities: Silver,Equity,HDFC Bank,Financial,15.76,,,7.58
DSP Flexi Cap Reg,INF740K01037,105875,commodity,Commodities: Silver,Equity,Axis Bank,Financial,15.95,,,5.11
DSP Flexi Cap Reg,INF740K01037,105875,commodity,Commodities: Silver,Equity,SBI,Financial,11.46,,,3.43
DSP Flexi Cap Reg,INF740K01037,105875,commodity,Commodities: Silver,Equity,Mahindra & Mahindra,Consumer Discretionary,22.36,,,3.23
DSP Flexi Cap Reg,INF740K01037,105875,commodity,Commodities: Silver,Equity,Cholamandalam Inv,Financial,27.55,,,3.07
DSP Flexi Cap Reg,INF740K01037,105875,commodity,Commodities: Silver,Equity,Bharti Airtel,Technology,43.19,,,2.94
DSP Flexi Cap Reg,INF740K01037,105875,commodity,Commodities: Silver,Equity,Bajaj Finance,Financial,31.57,,,2.61
DSP Flexi Cap Reg,INF740K01037,105875,commodity,Commodities: Silver,Equity,Coforge,Technology,41.51,,,2.55
DSP Flexi Cap Reg,INF740K01037,105875,commodity,Commodities: Silver,Equity,Cipla,Healthcare,28.21,,,2.24
DSP Flexi Cap Reg,INF740K01037,105875,commodity,Commodities: Silver,Equity,Samvardhana Motherson,Consumer Discretionary,39.79,,,2.23
DSP Flexi Cap Reg,INF740K01037,105875,commodity,Commodities: Silver,Equity,Max Financial,Financial,677.32,,,2.09
DSP Flexi Cap Reg,INF740K01037,105875,commodity,Commodities: Silver,Equity,Bharat Petroleum,Energy & Utilities,5.14,,,2.04
DSP Flexi Cap Reg,INF740K01037,105875,commodity,Commodities: Silver,Equity,Kirloskar Oil,Industrials,49.92,,,1.98
DSP Flexi Cap Reg,INF740K01037,105875,commodity,Commodities: Silver,Equity,CG Power,Industrials,125.19,,,1.9
DSP Flexi Cap Reg,INF740K01037,105875,commodity,Commodities: Silver,Equity,Radico Khaitan,Consumer Staples,82.99,,,1.87
DSP Flexi Cap Reg,INF740K01037,105875,commodity,Commodities: Silver,Equity,Infosys,Technology,14.36,,,1.73
DSP Flexi Cap Reg,INF740K01037,105875,commodity,Commodities: Silver,Equity,Polycab India,Industrials,56.42,,,1.67
DSP Flexi Cap Reg,INF740K01037,105875,commodity,Commodities: Silver,Equity,Alkem Laboratories,Healthcare,27.79,,,1.67
DSP Flexi Cap Reg,INF740K01037,105875,commodity,Commodities: Silver,Equity,UNO Minda,Consumer Discretionary,53.31,,,1.65
DSP Flexi Cap Reg,INF740K01037,105875,commodity,Commodities: Silver,Equity,Indus Towers,Technology,15.22,,,1.59
DSP Flexi Cap Reg,INF740K01037,105875,commodity,Commodities: Silver,Equity,Prudent,Financial,56.24,,,1.56
DSP Flexi Cap Reg,INF740K01037,105875,commodity,Commodities: Silver,Equity,Power Fin.,Financial,5.49,,,1.54
DSP Flexi Cap Reg,INF740K01037,105875,commodity,Commodities: Silver,Equity,Avenue Supermarts,Consumer Staples,93.91,,,1.39
DSP Flexi Cap Reg,INF740K01037,105875,commodity,Commodities: Silver,Equity,Eternal,Technology,688.71,,,1.36
DSP Focused Reg,INF740K01RO1,119332,commodity,Commodities: Silver,Equity,ICICI Bank,Financial,17.8,,,8.71
DSP Focused Reg,INF740K01RO1,119332,commodity,Commodities: Silver,Equity,HDFC Bank,Financial,15.76,,,8.06
DSP Focused Reg,INF740K01RO1,119332,commodity,Commodities: Silver,Equity,Axis Bank,Financial,15.95,,,5.35
DSP Focused Reg,INF740K01RO1,119332,commodity,Commodities: Silver,Equity,SBI Life Insurance,Financial,126.08,,,4.15
DSP Focused Reg,INF740K01RO1,119332,commodity,Commodities: Silver,Equity,Bharti Airtel,Technology,43.19,,,4.1
DSP Focused Reg,INF740K01RO1,119332,commodity,Commodities: Silver,Equity,Cholamandalam Inv,Financial,27.55,,,4.02
DSP Focused Reg,INF740K01RO1,119332,commodity,Commodities: Silver,Equity,The Phoenix Mills,Real Estate,55.13,,,3.99
DSP Focused Reg,INF740K01RO1,119332,commodity,Commodities: Silver,Equity,Samvardhana Motherson,Consumer Discretionary,39.79,,,3.58
DSP Focused Reg,INF740K01RO1,119332,commodity,Commodities: Silver,Equity,Coforge,Technology,41.51,,,3.53
DSP Focused Reg,INF740K01RO1,119332,commodity,Commodities: Silver,Equity,Polycab India,Industrials,56.42,,,3.37
DSP Focused Reg,INF740K01RO1,119332,commodity,Commodities: Silver,Equity,SBI,Financial,11.46,,,3.22
DSP Focused Reg,INF740K01RO1,119332,commodity,Commodities: Silver,Equity,Kirloskar Oil,Industrials,49.92,,,2.71
DSP Focused Reg,INF740K01RO1,119332,commodity,Commodities: Silver,Equity,Bajaj Finance,Financial,31.57,,,2.68
DSP Focused Reg,INF740K01RO1,119332,commodity,Commodities: Silver,Equity,Infosys,Technology,14.36,,,2.65
DSP Focused Reg,INF740K01RO1,119332,commodity,Commodities: Silver,Equity,Coromandel Intl,Materials,30.42,,,2.64
DSP Focused Reg,INF740K01RO1,119332,commodity,Commodities: Silver,Equity,Ipca Laboratories,Healthcare,35.46,,,2.6
DSP Focused Reg,INF740K01RO1,119332,commodity,Commodities: Silver,Equity,Bharat Petroleum,Energy & Utilities,5.14,,,2.55
DSP Focused Reg,INF740K01RO1,119332,commodity,Commodities: Silver,Equity,Hero Motocorp,Consumer Discretionary,17.3,,,2.48
DSP Focused Reg,INF740K01RO1,119332,commodity,Commodities: Silver,Equity,Prudent,Financial,56.24,,,2.27
DSP Focused Reg,INF740K01RO1,119332,commodity,Commodities: Silver,Equity,Tech Mahindra,Technology,28.24,,,2.23
DSP Focused Reg,INF740K01RO1,119332,commodity,Commodities: Silver,Equity,Power Fin.,Financial,5.49,,,2.06
DSP Focused Reg,INF740K01RO1,119332,commodity,Commodities: Silver,Equity,Century Plyboards,Materials,64.28,,,1.94
DSP Focused Reg,INF740K01RO1,119332,commodity,Commodities: Silver,Equity,Petronet Lng,Energy & Utilities,11.09,,,1.81
DSP Focused Reg,INF740K01RO1,119332,commodity,Commodities: Silver,Equity,PG Electroplast,Industrials,81.41,,,1.79
DSP Focused Reg,INF740K01RO1,119332,commodity,Commodities: Silver,Equity,Mrs. Bectors Food,Consumer Staples,41.62,,,1.79
DSP Nifty500 Flexicap Quality 30 ETF,INF740KA1WU9,153874,commodity,Commodities: Silver,Equity,Coforge,Technology,41.11,,,3.72
DSP Nifty500 Flexicap Quality 30 ETF,INF740KA1WU9,153874,commodity,Commodities: Silver,Equity,Cummins India,Industrials,68.72,,,3.65
DSP Nifty500 Flexicap Quality 30 ETF,INF740KA1WU9,153874,commodity,Commodities: Silver,Equity,Asian Paints,Materials,60.47,,,3.55
DSP Nifty500 Flexicap Quality 30 ETF,INF740KA1WU9,153874,commodity,Commodities: Silver,Equity,Timken India,Industrials,65.62,,,3.52
DSP Nifty500 Flexicap Quality 30 ETF,INF740KA1WU9,153874,commodity,Commodities: Silver,Equity,Angel One,Financial,35.34,,,3.51
DSP Nifty500 Flexicap Quality 30 ETF,INF740KA1WU9,153874,commodity,Commodities: Silver,Equity,Dixon Technologies,Consumer Discretionary,53,,,3.51
DSP Nifty500 Flexicap Quality 30 ETF,INF740KA1WU9,153874,commodity,Commodities: Silver,Equity,Persistent Systems,Technology,39.99,,,3.5
DSP Nifty500 Flexicap Quality 30 ETF,INF740KA1WU9,153874,commodity,Commodities: Silver,Equity,Tube Investments,Consumer Discretionary,99.86,,,3.5
DSP Nifty500 Flexicap Quality 30 ETF,INF740KA1WU9,153874,commodity,Commodities: Silver,Equity,Tech Mahindra,Technology,28.21,,,3.44
DSP Nifty500 Flexicap Quality 30 ETF,INF740KA1WU9,153874,commodity,Commodities: Silver,Equity,Cyient,Technology,22.54,,,3.41
DSP Nifty500 Flexicap Quality 30 ETF,INF740KA1WU9,153874,commodity,Commodities: Silver,Equity,JB Chemicals,Healthcare,49.7,,,3.4
DSP Nifty500 Flexicap Quality 30 ETF,INF740KA1WU9,153874,commodity,Commodities: Silver,Equity,HCL Technologies,Technology,18.23,,,3.36
DSP Nifty500 Flexicap Quality 30 ETF,INF740KA1WU9,153874,commodity,Commodities: Silver,Equity,Infosys,Technology,14.37,,,3.35
DSP Nifty500 Flexicap Quality 30 ETF,INF740KA1WU9,153874,commodity,Commodities: Silver,Equity,Marico,Consumer Staples,60.74,,,3.32
DSP Nifty500 Flexicap Quality 30 ETF,INF740KA1WU9,153874,commodity,Commodities: Silver,Equity,Amara Raja Energy,Consumer Discretionary,17.24,,,3.32
DSP Nifty500 Flexicap Quality 30 ETF,INF740KA1WU9,153874,commodity,Commodities: Silver,Equity,Affle 3I,Industrials,45.41,,,3.3
DSP Nifty500 Flexicap Quality 30 ETF,INF740KA1WU9,153874,commodity,Commodities: Silver,Equity,Central Depository,Financial,62.59,,,3.29
DSP Nifty500 Flexicap Quality 30 ETF,INF740KA1WU9,153874,commodity,Commodities: Silver,Equity,Nestle India,Consumer Staples,77.35,,,3.24
DSP Nifty500 Flexicap Quality 30 ETF,INF740KA1WU9,153874,commodity,Commodities: Silver,Equity,IEX,Financial,22.21,,,3.22
DSP Nifty500 Flexicap Quality 30 ETF,INF740KA1WU9,153874,commodity,Commodities: Silver,Equity,Maruti Suzuki,Consumer Discretionary,28.71,,,3.2
DSP Nifty500 Flexicap Quality 30 ETF,INF740KA1WU9,153874,commodity,Commodities: Silver,Equity,Colgate-Palmolive,Consumer Staples,41.15,,,3.19
DSP Nifty500 Flexicap Quality 30 ETF,INF740KA1WU9,153874,commodity,Commodities: Silver,Equity,CAMS,Financial,43.11,,,3.18
DSP Nifty500 Flexicap Quality 30 ETF,INF740KA1WU9,153874,commodity,Commodities: Silver,Equity,Hindustan Unilever,Consumer Staples,34.17,,,3.18
DSP Nifty500 Flexicap Quality 30 ETF,INF740KA1WU9,153874,commodity,Commodities: Silver,Equity,HDFC AMC,Financial,40.37,,,3.17
DSP Nifty500 Flexicap Quality 30 ETF,INF740KA1WU9,153874,commodity,Commodities: Silver,Equity,Tata Consultancy,Technology,15.26,,,3.16
DSP Nifty500 Flexicap Quality 30 Index Reg,INF740KA1WO2,153802,commodity,Commodities: Silver,Equity,Coforge,Technology,41.51,,,3.71
DSP Nifty500 Flexicap Quality 30 Index Reg,INF740KA1WO2,153802,commodity,Commodities: Silver,Equity,Cummins India,Industrials,68.6,,,3.65
DSP Nifty500 Flexicap Quality 30 Index Reg,INF740KA1WO2,153802,commodity,Commodities: Silver,Equity,Asian Paints,Materials,60.52,,,3.54
DSP Nifty500 Flexicap Quality 30 Index Reg,INF740KA1WO2,153802,commodity,Commodities: Silver,Equity,Timken India,Industrials,66.07,,,3.52
DSP Nifty500 Flexicap Quality 30 Index Reg,INF740KA1WO2,153802,commodity,Commodities: Silver,Equity,Angel One,Financial,35.26,,,3.51
DSP Nifty500 Flexicap Quality 30 Index Reg,INF740KA1WO2,153802,commodity,Commodities: Silver,Equity,Dixon Technologies,Consumer Discretionary,53.08,,,3.5
DSP Nifty500 Flexicap Quality 30 Index Reg,INF740KA1WO2,153802,commodity,Commodities: Silver,Equity,Persistent Systems,Technology,40.32,,,3.5
DSP Nifty500 Flexicap Quality 30 Index Reg,INF740KA1WO2,153802,commodity,Commodities: Silver,Equity,Tube Investments,Consumer Discretionary,99.72,,,3.49
DSP Nifty500 Flexicap Quality 30 Index Reg,INF740KA1WO2,153802,commodity,Commodities: Silver,Equity,Tech Mahindra,Technology,28.24,,,3.44
DSP Nifty500 Flexicap Quality 30 Index Reg,INF740KA1WO2,153802,commodity,Commodities: Silver,Equity,Cyient,Technology,22.36,,,3.41
DSP Nifty500 Flexicap Quality 30 Index Reg,INF740KA1WO2,153802,commodity,Commodities: Silver,Equity,JB Chemicals,Healthcare,49.62,,,3.39
DSP Nifty500 Flexicap Quality 30 Index Reg,INF740KA1WO2,153802,commodity,Commodities: Silver,Equity,HCL Technologies,Technology,18.25,,,3.35
DSP Nifty500 Flexicap Quality 30 Index Reg,INF740KA1WO2,153802,commodity,Commodities: Silver,Equity,Infosys,Technology,14.36,,,3.35
DSP Nifty500 Flexicap Quality 30 Index Reg,INF740KA1WO2,153802,commodity,Commodities: Silver,Equity,Marico,Consumer Staples,60.11,,,3.31
DSP Nifty500 Flexicap Quality 30 Index Reg,INF740KA1WO2,153802,commodity,Commodities: Silver,Equity,Amara Raja Energy,Consumer Discretionary,17.2,,,3.31
DSP Nifty500 Flexicap Quality 30 Index Reg,INF740KA1WO2,153802,commodity,Commodities: Silver,Equity,Affle 3I,Industrials,45.56,,,3.3
DSP Nifty500 Flexicap Quality 30 Index Reg,INF740KA1WO2,153802,commodity,Commodities: Silver,Equity,Central Depository,Financial,62.73,,,3.29
DSP Nifty500 Flexicap Quality 30 Index Reg,INF740KA1WO2,153802,commodity,Commodities: Silver,Equity,Nestle India,Consumer Staples,77.1,,,3.23
DSP Nifty500 Flexicap Quality 30 Index Reg,INF740KA1WO2,153802,commodity,Commodities: Silver,Equity,IEX,Financial,22.23,,,3.22
DSP Nifty500 Flexicap Quality 30 Index Reg,INF740KA1WO2,153802,commodity,Commodities: Silver,Equity,Maruti Suzuki,Consumer Discretionary,28.73,,,3.2
DSP Nifty500 Flexicap Quality 30 Index Reg,INF740KA1WO2,153802,commodity,Commodities: Silver,Equity,Colgate-Palmolive,Consumer Staples,41.04,,,3.19
DSP Nifty500 Flexicap Quality 30 Index Reg,INF740KA1WO2,153802,commodity,Commodities: Silver,Equity,CAMS,Financial,42.9,,,3.18
DSP Nifty500 Flexicap Quality 30 Index Reg,INF740KA1WO2,153802,commodity,Commodities: Silver,Equity,Hindustan Unilever,Consumer Staples,34.14,,,3.18
DSP Nifty500 Flexicap Quality 30 Index Reg,INF740KA1WO2,153802,commodity,Commodities: Silver,Equity,HDFC AMC,Financial,40.56,,,3.16
DSP Nifty500 Flexicap Quality 30 Index Reg,INF740KA1WO2,153802,commodity,Commodities: Silver,Equity,Tata Consultancy,Technology,15.33,,,3.15
DSP Nifty 500 Index Reg,INF740KA1XV5,154090,commodity,Commodities: Silver,Equity,HDFC Bank,Financial,15.76,,,5.86
DSP Nifty 500 Index Reg,INF740KA1XV5,154090,commodity,Commodities: Silver,Equity,ICICI Bank,Financial,17.8,,,4.62
DSP Nifty 500 Index Reg,INF740KA1XV5,154090,commodity,Commodities: Silver,Equity,Reliance Ind,Energy & Utilities,22.25,,,4.59
DSP Nifty 500 Index Reg,INF740KA1XV5,154090,commodity,Commodities: Silver,Equity,Bharti Airtel,Technology,43.19,,,2.89
DSP Nifty 500 Index Reg,INF740KA1XV5,154090,commodity,Commodities: Silver,Equity,Larsen & Toubro,Industrials,35.92,,,2.46
DSP Nifty 500 Index Reg,INF740KA1XV5,154090,commodity,Commodities: Silver,Equity,Infosys,Technology,14.36,,,2.09
DSP Nifty 500 Index Reg,INF740KA1XV5,154090,commodity,Commodities: Silver,Equity,SBI,Financial,11.46,,,2.06
DSP Nifty 500 Index Reg,INF740KA1XV5,154090,commodity,Commodities: Silver,Equity,Axis Bank,Financial,15.95,,,1.9
DSP Nifty 500 Index Reg,INF740KA1XV5,154090,commodity,Commodities: Silver,Equity,Kotak Bank,Financial,20.63,,,1.46
DSP Nifty 500 Index Reg,INF740KA1XV5,154090,commodity,Commodities: Silver,Equity,ITC,Consumer Staples,17.56,,,1.42
DSP Nifty 500 Index Reg,INF740KA1XV5,154090,commodity,Commodities: Silver,Equity,Mahindra & Mahindra,Consumer Discretionary,22.36,,,1.4
DSP Nifty 500 Index Reg,INF740KA1XV5,154090,commodity,Commodities: Silver,Equity,Bajaj Finance,Financial,31.57,,,1.25
DSP Nifty 500 Index Reg,INF740KA1XV5,154090,commodity,Commodities: Silver,Equity,Tata Consultancy,Technology,15.33,,,1.19
DSP Nifty 500 Index Reg,INF740KA1XV5,154090,commodity,Commodities: Silver,Equity,Sun Pharmaceutical,Healthcare,38.15,,,0.98
DSP Nifty 500 Index Reg,INF740KA1XV5,154090,commodity,Commodities: Silver,Equity,Hindustan Unilever,Consumer Staples,34.14,,,0.98
DSP Nifty 500 Index Reg,INF740KA1XV5,154090,commodity,Commodities: Silver,Equity,NTPC,Energy & Utilities,13.09,,,0.94
DSP Nifty 500 Index Reg,INF740KA1XV5,154090,commodity,Commodities: Silver,Equity,Eternal,Technology,688.71,,,0.93
DSP Nifty 500 Index Reg,INF740KA1XV5,154090,commodity,Commodities: Silver,Equity,Tata Steel,Materials,22.91,,,0.88
DSP Nifty 500 Index Reg,INF740KA1XV5,154090,commodity,Commodities: Silver,Equity,Maruti Suzuki,Consumer Discretionary,28.73,,,0.88
DSP Nifty 500 Index Reg,INF740KA1XV5,154090,commodity,Commodities: Silver,Equity,BSE,Financial,65.73,,,0.87
DSP Nifty 500 Index Reg,INF740KA1XV5,154090,commodity,Commodities: Silver,Equity,Titan,Consumer Discretionary,77.17,,,0.87
DSP Nifty 500 Index Reg,INF740KA1XV5,154090,commodity,Commodities: Silver,Equity,Hindalco Ind,Materials,16.96,,,0.84
DSP Nifty 500 Index Reg,INF740KA1XV5,154090,commodity,Commodities: Silver,Equity,Bharat Electronics,Industrials,51.44,,,0.76
DSP Nifty 500 Index Reg,INF740KA1XV5,154090,commodity,Commodities: Silver,Equity,Ultratech Cement,Materials,40.9,,,0.7
DSP Nifty 500 Index Reg,INF740KA1XV5,154090,commodity,Commodities: Silver,Equity,Adani Ports,Industrials,33.02,,,0.69
Edelweiss Flexi Cap Reg,INF843K01KN5,140355,commodity,Commodities: Silver,Equity,ICICI Bank,Financial,17.8,,,5.47
Edelweiss Flexi Cap Reg,INF843K01KN5,140355,commodity,Commodities: Silver,Equity,HDFC Bank,Financial,15.76,,,5.45
Edelweiss Flexi Cap Reg,INF843K01KN5,140355,commodity,Commodities: Silver,Equity,Larsen & Toubro,Industrials,35.92,,,4.03
Edelweiss Flexi Cap Reg,INF843K01KN5,140355,commodity,Commodities: Silver,Equity,NTPC,Energy & Utilities,13.09,,,3.36
Edelweiss Flexi Cap Reg,INF843K01KN5,140355,commodity,Commodities: Silver,Equity,Reliance Ind,Energy & Utilities,22.25,,,3.11
Edelweiss Flexi Cap Reg,INF843K01KN5,140355,commodity,Commodities: Silver,Equity,Tata Steel,Materials,22.91,,,2.5
Edelweiss Flexi Cap Reg,INF843K01KN5,140355,commodity,Commodities: Silver,Equity,SBI,Financial,11.46,,,2.44
Edelweiss Flexi Cap Reg,INF843K01KN5,140355,commodity,Commodities: Silver,Equity,MCX,Financial,53.17,,,2.14
Edelweiss Flexi Cap Reg,INF843K01KN5,140355,commodity,Commodities: Silver,Equity,Ultratech Cement,Materials,40.9,,,1.87
Edelweiss Flexi Cap Reg,INF843K01KN5,140355,commodity,Commodities: Silver,Equity,Bharti Airtel,Technology,43.19,,,1.82
Edelweiss Flexi Cap Reg,INF843K01KN5,140355,commodity,Commodities: Silver,Equity,Bajaj Finance,Financial,31.57,,,1.75
Edelweiss Flexi Cap Reg,INF843K01KN5,140355,commodity,Commodities: Silver,Equity,Karur Vysya Bank,Financial,11.2,,,1.63
Edelweiss Flexi Cap Reg,INF843K01KN5,140355,commodity,Commodities: Silver,Equity,Fortis Healthcare,Healthcare,69.79,,,1.63
Edelweiss Flexi Cap Reg,INF843K01KN5,140355,commodity,Commodities: Silver,Equity,Titan,Consumer Discretionary,77.17,,,1.57
Edelweiss Flexi Cap Reg,INF843K01KN5,140355,commodity,Commodities: Silver,Equity,Shriram Finance,Financial,23.5,,,1.5
Edelweiss Flexi Cap Reg,INF843K01KN5,140355,commodity,Commodities: Silver,Equity,Divi's Lab,Healthcare,69.75,,,1.47
Edelweiss Flexi Cap Reg,INF843K01KN5,140355,commodity,Commodities: Silver,Equity,Kotak Bank,Financial,20.63,,,1.47
Edelweiss Flexi Cap Reg,INF843K01KN5,140355,commodity,Commodities: Silver,Equity,City Union Bank,Financial,14.67,,,1.41
Edelweiss Flexi Cap Reg,INF843K01KN5,140355,commodity,Commodities: Silver,Equity,Bharat Heavy Elect,Industrials,89.9,,,1.37
Edelweiss Flexi Cap Reg,INF843K01KN5,140355,commodity,Commodities: Silver,Equity,Mahindra & Mahindra,Consumer Discretionary,22.36,,,1.35
Edelweiss Flexi Cap Reg,INF843K01KN5,140355,commodity,Commodities: Silver,Equity,Marico,Consumer Staples,60.11,,,1.33
Edelweiss Flexi Cap Reg,INF843K01KN5,140355,commodity,Commodities: Silver,Equity,KEI,Industrials,57.97,,,1.19
Edelweiss Flexi Cap Reg,INF843K01KN5,140355,commodity,Commodities: Silver,Equity,L&T Fin,Financial,24.11,,,1.12
Edelweiss Flexi Cap Reg,INF843K01KN5,140355,commodity,Commodities: Silver,Equity,Radico Khaitan,Consumer Staples,82.99,,,1.12
Edelweiss Flexi Cap Reg,INF843K01KN5,140355,commodity,Commodities: Silver,Equity,Muthoot Finance,Financial,11.82,,,1.11
Edelweiss Focused Reg,INF754K01CO2,119561,commodity,Commodities: Silver,Equity,ICICI Bank,Financial,17.8,,,6.59
Edelweiss Focused Reg,INF754K01CO2,119561,commodity,Commodities: Silver,Equity,Larsen & Toubro,Industrials,35.92,,,5.99
Edelweiss Focused Reg,INF754K01CO2,119561,commodity,Commodities: Silver,Equity,HDFC Bank,Financial,15.76,,,5.96
Edelweiss Focused Reg,INF754K01CO2,119561,commodity,Commodities: Silver,Equity,Reliance Ind,Energy & Utilities,22.25,,,5.67
Edelweiss Focused Reg,INF754K01CO2,119561,commodity,Commodities: Silver,Equity,Tata Steel,Materials,22.91,,,5.03
Edelweiss Focused Reg,INF754K01CO2,119561,commodity,Commodities: Silver,Equity,Marico,Consumer Staples,60.11,,,4.81
Edelweiss Focused Reg,INF754K01CO2,119561,commodity,Commodities: Silver,Equity,KEI,Industrials,57.97,,,4.56
Edelweiss Focused Reg,INF754K01CO2,119561,commodity,Commodities: Silver,Equity,Shriram Finance,Financial,23.5,,,4.38
Edelweiss Focused Reg,INF754K01CO2,119561,commodity,Commodities: Silver,Equity,NTPC,Energy & Utilities,13.09,,,3.96
Edelweiss Focused Reg,INF754K01CO2,119561,commodity,Commodities: Silver,Equity,SBI,Financial,11.46,,,3.52
Edelweiss Focused Reg,INF754K01CO2,119561,commodity,Commodities: Silver,Equity,Ultratech Cement,Materials,40.9,,,3.23
Edelweiss Focused Reg,INF754K01CO2,119561,commodity,Commodities: Silver,Equity,Coforge,Technology,41.51,,,3.07
Edelweiss Focused Reg,INF754K01CO2,119561,commodity,Commodities: Silver,Equity,Infosys,Technology,14.36,,,3.01
Edelweiss Focused Reg,INF754K01CO2,119561,commodity,Commodities: Silver,Equity,MCX,Financial,53.17,,,2.97
Edelweiss Focused Reg,INF754K01CO2,119561,commodity,Commodities: Silver,Equity,Bajaj Finance,Financial,31.57,,,2.96
Edelweiss Focused Reg,INF754K01CO2,119561,commodity,Commodities: Silver,Equity,IDFC First Bank,Financial,41.94,,,2.96
Edelweiss Focused Reg,INF754K01CO2,119561,commodity,Commodities: Silver,Equity,Mankind Pharma,Healthcare,52.33,,,2.85
Edelweiss Focused Reg,INF754K01CO2,119561,commodity,Commodities: Silver,Equity,Titan,Consumer Discretionary,77.17,,,2.74
Edelweiss Focused Reg,INF754K01CO2,119561,commodity,Commodities: Silver,Equity,Endurance Tech,Consumer Discretionary,38.53,,,2.73
Edelweiss Focused Reg,INF754K01CO2,119561,commodity,Commodities: Silver,Equity,Max Healthcare,Healthcare,73.57,,,2.63
Edelweiss Focused Reg,INF754K01CO2,119561,commodity,Commodities: Silver,Equity,Bharat Electronics,Industrials,51.44,,,2.61
Edelweiss Focused Reg,INF754K01CO2,119561,commodity,Commodities: Silver,Equity,TVS Motor,Consumer Discretionary,54.03,,,2.46
Edelweiss Focused Reg,INF754K01CO2,119561,commodity,Commodities: Silver,Equity,PB Fintech,Financial,111.92,,,2.31
Edelweiss Focused Reg,INF754K01CO2,119561,commodity,Commodities: Silver,Equity,Mahindra & Mahindra,Consumer Discretionary,22.36,,,2.22
Edelweiss Focused Reg,INF754K01CO2,119561,commodity,Commodities: Silver,Equity,Cholamandalam Inv,Financial,27.55,,,2.17
Franklin India Flexi Cap Reg,INF090I01205,100021,commodity,Commodities: Silver,Equity,HDFC Bank,Financial,15.76,,,7.4
Franklin India Flexi Cap Reg,INF090I01205,100021,commodity,Commodities: Silver,Equity,ICICI Bank,Financial,17.8,,,5.94
Franklin India Flexi Cap Reg,INF090I01205,100021,commodity,Commodities: Silver,Equity,Axis Bank,Financial,15.95,,,5.45
Franklin India Flexi Cap Reg,INF090I01205,100021,commodity,Commodities: Silver,Equity,Larsen & Toubro,Industrials,35.92,,,4.01
Franklin India Flexi Cap Reg,INF090I01205,100021,commodity,Commodities: Silver,Equity,SBI,Financial,11.46,,,3.34
Franklin India Flexi Cap Reg,INF090I01205,100021,commodity,Commodities: Silver,Equity,Bharti Airtel,Technology,43.19,,,3.29
Franklin India Flexi Cap Reg,INF090I01205,100021,commodity,Commodities: Silver,Equity,Reliance Ind,Energy & Utilities,22.25,,,3.16
Franklin India Flexi Cap Reg,INF090I01205,100021,commodity,Commodities: Silver,Equity,Kotak Bank,Financial,20.63,,,3.04
Franklin India Flexi Cap Reg,INF090I01205,100021,commodity,Commodities: Silver,Equity,Infosys,Technology,14.36,,,2.87
Franklin India Flexi Cap Reg,INF090I01205,100021,commodity,Commodities: Silver,Equity,Mahindra & Mahindra,Consumer Discretionary,22.36,,,2.77
Franklin India Flexi Cap Reg,INF090I01205,100021,commodity,Commodities: Silver,Equity,HCL Technologies,Technology,18.25,,,2.56
Franklin India Flexi Cap Reg,INF090I01205,100021,commodity,Commodities: Silver,Equity,Eternal,Technology,688.71,,,2.5
Franklin India Flexi Cap Reg,INF090I01205,100021,commodity,Commodities: Silver,Equity,Apollo Hospitals,Healthcare,62.53,,,2.45
Franklin India Flexi Cap Reg,INF090I01205,100021,commodity,Commodities: Silver,Equity,Kirloskar Oil,Industrials,49.92,,,2.35
Franklin India Flexi Cap Reg,INF090I01205,100021,commodity,Commodities: Silver,Equity,Tata Steel,Materials,22.91,,,2.18
Franklin India Flexi Cap Reg,INF090I01205,100021,commodity,Commodities: Silver,Equity,Tata Power,Energy & Utilities,34.16,,,2.16
Franklin India Flexi Cap Reg,INF090I01205,100021,commodity,Commodities: Silver,Equity,Marico,Consumer Staples,60.11,,,2.1
Franklin India Flexi Cap Reg,INF090I01205,100021,commodity,Commodities: Silver,Equity,Grasim,Materials,42.94,,,2.02
Franklin India Flexi Cap Reg,INF090I01205,100021,commodity,Commodities: Silver,Equity,NTPC,Energy & Utilities,13.09,,,2
Franklin India Flexi Cap Reg,INF090I01205,100021,commodity,Commodities: Silver,Equity,Bharat Electronics,Industrials,51.44,,,2
Franklin India Flexi Cap Reg,INF090I01205,100021,commodity,Commodities: Silver,Equity,Tube Investments,Consumer Discretionary,99.72,,,1.71
Franklin India Flexi Cap Reg,INF090I01205,100021,commodity,Commodities: Silver,Equity,Cholamandalam Inv,Financial,27.55,,,1.54
Franklin India Flexi Cap Reg,INF090I01205,100021,commodity,Commodities: Silver,Equity,Interglobe Aviation,Industrials,,,,1.53
Franklin India Flexi Cap Reg,INF090I01205,100021,commodity,Commodities: Silver,Equity,Britannia Ind,Consumer Staples,49.34,,,1.43
Franklin India Flexi Cap Reg,INF090I01205,100021,commodity,Commodities: Silver,Equity,Ultratech Cement,Materials,40.9,,,1.42
Franklin India Focused Equity Reg,INF090I01106,100141,commodity,Commodities: Silver,Equity,HDFC Bank,Financial,15.76,,,8.42
Franklin India Focused Equity Reg,INF090I01106,100141,commodity,Commodities: Silver,Equity,ICICI Bank,Financial,17.8,,,7.55
Franklin India Focused Equity Reg,INF090I01106,100141,commodity,Commodities: Silver,Equity,Axis Bank,Financial,15.95,,,7.44
Franklin India Focused Equity Reg,INF090I01106,100141,commodity,Commodities: Silver,Equity,Reliance Ind,Energy & Utilities,22.25,,,6.16
Franklin India Focused Equity Reg,INF090I01106,100141,commodity,Commodities: Silver,Equity,Bharti Airtel,Technology,43.19,,,5.7
Franklin India Focused Equity Reg,INF090I01106,100141,commodity,Commodities: Silver,Equity,Tata Consultancy,Technology,15.33,,,5.33
Franklin India Focused Equity Reg,INF090I01106,100141,commodity,Commodities: Silver,Equity,Eternal,Technology,688.71,,,5.24
Franklin India Focused Equity Reg,INF090I01106,100141,commodity,Commodities: Silver,Equity,Sun Pharmaceutical,Healthcare,38.15,,,4.72
Franklin India Focused Equity Reg,INF090I01106,100141,commodity,Commodities: Silver,Equity,Tata Steel,Materials,22.91,,,4.07
Franklin India Focused Equity Reg,INF090I01106,100141,commodity,Commodities: Silver,Equity,PB Fintech,Financial,111.92,,,3.64
Franklin India Focused Equity Reg,INF090I01106,100141,commodity,Commodities: Silver,Equity,Maruti Suzuki,Consumer Discretionary,28.73,,,3.6
Franklin India Focused Equity Reg,INF090I01106,100141,commodity,Commodities: Silver,Equity,Sobha,Real Estate,78.36,,,3.26
Franklin India Focused Equity Reg,INF090I01106,100141,commodity,Commodities: Silver,Equity,Interglobe Aviation,Industrials,,,,2.94
Franklin India Focused Equity Reg,INF090I01106,100141,commodity,Commodities: Silver,Equity,Infosys,Technology,14.36,,,2.84
Franklin India Focused Equity Reg,INF090I01106,100141,commodity,Commodities: Silver,Equity,HDFC Life,Financial,66.46,,,2.49
Franklin India Focused Equity Reg,INF090I01106,100141,commodity,Commodities: Silver,Equity,KEI,Industrials,57.97,,,2.34
Franklin India Focused Equity Reg,INF090I01106,100141,commodity,Commodities: Silver,Equity,SBI,Financial,11.46,,,2.23
Franklin India Focused Equity Reg,INF090I01106,100141,commodity,Commodities: Silver,Equity,Delhivery,Industrials,225.47,,,2.13
Franklin India Focused Equity Reg,INF090I01106,100141,commodity,Commodities: Silver,Equity,Hindustan Unilever,Consumer Staples,34.14,,,2.06
Franklin India Focused Equity Reg,INF090I01106,100141,commodity,Commodities: Silver,Equity,Shriram Finance,Financial,23.5,,,1.94
Franklin India Focused Equity Reg,INF090I01106,100141,commodity,Commodities: Silver,Equity,APL Apollo Tubes,Industrials,42.79,,,1.48
Franklin India Focused Equity Reg,INF090I01106,100141,commodity,Commodities: Silver,Equity,Hindustan Aero,Industrials,32.38,,,1.48
Franklin India Focused Equity Reg,INF090I01106,100141,commodity,Commodities: Silver,Equity,Apollo Hospitals,Healthcare,62.53,,,1.46
Franklin India Focused Equity Reg,INF090I01106,100141,commodity,Commodities: Silver,Equity,Tata Power,Energy & Utilities,34.16,,,1.43
Franklin India Focused Equity Reg,INF090I01106,100141,commodity,Commodities: Silver,Equity,Jubilant Foodworks,Consumer Discretionary,64.65,,,1.41
Groww Nifty 500 Low Volatility 50 ETF,INF666M01LB9,153583,commodity,Commodities: Silver,Equity,Coal India,Materials,8.9,,,5.22
Groww Nifty 500 Low Volatility 50 ETF,INF666M01LB9,153583,commodity,Commodities: Silver,Equity,Asian Paints,Materials,60.52,,,5.1
Groww Nifty 500 Low Volatility 50 ETF,INF666M01LB9,153583,commodity,Commodities: Silver,Equity,Power Grid,Energy & Utilities,17.02,,,4.99
Groww Nifty 500 Low Volatility 50 ETF,INF666M01LB9,153583,commodity,Commodities: Silver,Equity,Bajaj Finance,Financial,31.57,,,4.76
Groww Nifty 500 Low Volatility 50 ETF,INF666M01LB9,153583,commodity,Commodities: Silver,Equity,Bharti Airtel,Technology,43.19,,,4.56
Groww Nifty 500 Low Volatility 50 ETF,INF666M01LB9,153583,commodity,Commodities: Silver,Equity,Bajaj Auto,Consumer Discretionary,26.01,,,4.16
Groww Nifty 500 Low Volatility 50 ETF,INF666M01LB9,153583,commodity,Commodities: Silver,Equity,Maruti Suzuki,Consumer Discretionary,28.73,,,4.12
Groww Nifty 500 Low Volatility 50 ETF,INF666M01LB9,153583,commodity,Commodities: Silver,Equity,Apollo Hospitals,Healthcare,62.53,,,3.77
Groww Nifty 500 Low Volatility 50 ETF,INF666M01LB9,153583,commodity,Commodities: Silver,Equity,Tata Consultancy,Technology,15.33,,,3.61
Groww Nifty 500 Low Volatility 50 ETF,INF666M01LB9,153583,commodity,Commodities: Silver,Equity,Eicher Motors,Consumer Discretionary,37.69,,,3.6
Groww Nifty 500 Low Volatility 50 ETF,INF666M01LB9,153583,commodity,Commodities: Silver,Equity,ONGC,Energy & Utilities,7.42,,,3.55
Groww Nifty 500 Low Volatility 50 ETF,INF666M01LB9,153583,commodity,Commodities: Silver,Equity,Dr. Reddy'S Labs,Healthcare,25.16,,,3.4
Groww Nifty 500 Low Volatility 50 ETF,INF666M01LB9,153583,commodity,Commodities: Silver,Equity,Britannia Ind,Consumer Staples,49.34,,,3.11
Groww Nifty 500 Low Volatility 50 ETF,INF666M01LB9,153583,commodity,Commodities: Silver,Equity,Tech Mahindra,Technology,28.24,,,2.96
Groww Nifty 500 Low Volatility 50 ETF,INF666M01LB9,153583,commodity,Commodities: Silver,Equity,HDFC Life,Financial,66.46,,,2.84
Groww Nifty 500 Low Volatility 50 ETF,INF666M01LB9,153583,commodity,Commodities: Silver,Equity,The Federal Bank,Financial,18.3,,,2.54
Groww Nifty 500 Low Volatility 50 ETF,INF666M01LB9,153583,commodity,Commodities: Silver,Equity,Tata Power,Energy & Utilities,34.16,,,2.33
Groww Nifty 500 Low Volatility 50 ETF,INF666M01LB9,153583,commodity,Commodities: Silver,Equity,Divi's Lab,Healthcare,69.75,,,2.22
Groww Nifty 500 Low Volatility 50 ETF,INF666M01LB9,153583,commodity,Commodities: Silver,Equity,TVS Motor,Consumer Discretionary,54.03,,,2.15
Groww Nifty 500 Low Volatility 50 ETF,INF666M01LB9,153583,commodity,Commodities: Silver,Equity,Marico,Consumer Staples,60.11,,,2.06
Groww Nifty 500 Low Volatility 50 ETF,INF666M01LB9,153583,commodity,Commodities: Silver,Equity,Torrent Pharma,Healthcare,69.41,,,2.05
Groww Nifty 500 Low Volatility 50 ETF,INF666M01LB9,153583,commodity,Commodities: Silver,Equity,Hero Motocorp,Consumer Discretionary,17.3,,,1.86
Groww Nifty 500 Low Volatility 50 ETF,INF666M01LB9,153583,commodity,Commodities: Silver,Equity,Indian Oil,Energy & Utilities,4.8,,,1.72
Groww Nifty 500 Low Volatility 50 ETF,INF666M01LB9,153583,commodity,Commodities: Silver,Equity,Wipro,Technology,14.23,,,1.68
Groww Nifty 500 Low Volatility 50 ETF,INF666M01LB9,153583,commodity,Commodities: Silver,Equity,Max Financial,Financial,677.32,,,1.53
Groww Nifty 500 Momentum 50 ETF,INF666M01KJ4,153452,commodity,Commodities: Silver,Equity,Hindalco Ind,Materials,16.96,,,5.51
Groww Nifty 500 Momentum 50 ETF,INF666M01KJ4,153452,commodity,Commodities: Silver,Equity,BSE,Financial,65.73,,,4.85
Groww Nifty 500 Momentum 50 ETF,INF666M01KJ4,153452,commodity,Commodities: Silver,Equity,Eicher Motors,Consumer Discretionary,37.69,,,4.74
Groww Nifty 500 Momentum 50 ETF,INF666M01KJ4,153452,commodity,Commodities: Silver,Equity,Shriram Finance,Financial,23.5,,,4.7
Groww Nifty 500 Momentum 50 ETF,INF666M01KJ4,153452,commodity,Commodities: Silver,Equity,Asian Paints,Materials,60.52,,,4.49
Groww Nifty 500 Momentum 50 ETF,INF666M01KJ4,153452,commodity,Commodities: Silver,Equity,Bajaj Finance,Financial,31.57,,,4.45
Groww Nifty 500 Momentum 50 ETF,INF666M01KJ4,153452,commodity,Commodities: Silver,Equity,Bharti Airtel,Technology,43.19,,,4.26
Groww Nifty 500 Momentum 50 ETF,INF666M01KJ4,153452,commodity,Commodities: Silver,Equity,Mahindra & Mahindra,Consumer Discretionary,22.36,,,4.12
Groww Nifty 500 Momentum 50 ETF,INF666M01KJ4,153452,commodity,Commodities: Silver,Equity,Maruti Suzuki,Consumer Discretionary,28.73,,,3.87
Groww Nifty 500 Momentum 50 ETF,INF666M01KJ4,153452,commodity,Commodities: Silver,Equity,MCX,Financial,53.17,,,3.29
Groww Nifty 500 Momentum 50 ETF,INF666M01KJ4,153452,commodity,Commodities: Silver,Equity,TVS Motor,Consumer Discretionary,54.03,,,3.21
Groww Nifty 500 Momentum 50 ETF,INF666M01KJ4,153452,commodity,Commodities: Silver,Equity,Laurus Labs,Healthcare,86.1,,,3.05
Groww Nifty 500 Momentum 50 ETF,INF666M01KJ4,153452,commodity,Commodities: Silver,Equity,Cummins India,Industrials,68.6,,,3.03
Groww Nifty 500 Momentum 50 ETF,INF666M01KJ4,153452,commodity,Commodities: Silver,Equity,Interglobe Aviation,Industrials,,,,2.92
Groww Nifty 500 Momentum 50 ETF,INF666M01KJ4,153452,commodity,Commodities: Silver,Equity,Hero Motocorp,Consumer Discretionary,17.3,,,2.85
Groww Nifty 500 Momentum 50 ETF,INF666M01KJ4,153452,commodity,Commodities: Silver,Equity,The Federal Bank,Financial,18.3,,,2.57
Groww Nifty 500 Momentum 50 ETF,INF666M01KJ4,153452,commodity,Commodities: Silver,Equity,AU Small Fin Bank,Financial,29.3,,,2.55
Groww Nifty 500 Momentum 50 ETF,INF666M01KJ4,153452,commodity,Commodities: Silver,Equity,Muthoot Finance,Financial,11.82,,,2.39
Groww Nifty 500 Momentum 50 ETF,INF666M01KJ4,153452,commodity,Commodities: Silver,Equity,GE Vernova T&D,Industrials,111.6,,,2.22
Groww Nifty 500 Momentum 50 ETF,INF666M01KJ4,153452,commodity,Commodities: Silver,Equity,L&T Fin,Financial,24.11,,,1.88
Groww Nifty 500 Momentum 50 ETF,INF666M01KJ4,153452,commodity,Commodities: Silver,Equity,Canara Bank,Financial,6.8,,,1.82
Groww Nifty 500 Momentum 50 ETF,INF666M01KJ4,153452,commodity,Commodities: Silver,Equity,One97 Comm,Industrials,126.07,,,1.75
Groww Nifty 500 Momentum 50 ETF,INF666M01KJ4,153452,commodity,Commodities: Silver,Equity,Fortis Healthcare,Healthcare,69.79,,,1.73
Groww Nifty 500 Momentum 50 ETF,INF666M01KJ4,153452,commodity,Commodities: Silver,Equity,Cholamandalam Inv,Financial,27.55,,,1.72
Groww Nifty 500 Momentum 50 ETF,INF666M01KJ4,153452,commodity,Commodities: Silver,Equity,Max Financial,Financial,677.32,,,1.68
Groww Nifty 500 Momentum 50 ETF FoF Reg,INF666M01KC9,153456,commodity,Commodities: Silver,Equity,Groww Nifty 500 Momentum 50 ETF-G,Unspecified,,,,99.84
Groww Nifty Total Market Index Reg,INF666M01HJ0,152127,commodity,Commodities: Silver,Equity,HDFC Bank,Financial,15.76,,,5.65
Groww Nifty Total Market Index Reg,INF666M01HJ0,152127,commodity,Commodities: Silver,Equity,ICICI Bank,Financial,17.8,,,4.46
Groww Nifty Total Market Index Reg,INF666M01HJ0,152127,commodity,Commodities: Silver,Equity,Reliance Ind,Energy & Utilities,22.25,,,4.43
Groww Nifty Total Market Index Reg,INF666M01HJ0,152127,commodity,Commodities: Silver,Equity,Bharti Airtel,Technology,43.19,,,2.78
Groww Nifty Total Market Index Reg,INF666M01HJ0,152127,commodity,Commodities: Silver,Equity,Larsen & Toubro,Industrials,35.92,,,2.37
Groww Nifty Total Market Index Reg,INF666M01HJ0,152127,commodity,Commodities: Silver,Equity,Infosys,Technology,14.36,,,2.02
Groww Nifty Total Market Index Reg,INF666M01HJ0,152127,commodity,Commodities: Silver,Equity,SBI,Financial,11.46,,,1.98
Groww Nifty Total Market Index Reg,INF666M01HJ0,152127,commodity,Commodities: Silver,Equity,Axis Bank,Financial,15.95,,,1.83
Groww Nifty Total Market Index Reg,INF666M01HJ0,152127,commodity,Commodities: Silver,Equity,Kotak Bank,Financial,20.63,,,1.4
Groww Nifty Total Market Index Reg,INF666M01HJ0,152127,commodity,Commodities: Silver,Equity,ITC,Consumer Staples,17.56,,,1.37
Groww Nifty Total Market Index Reg,INF666M01HJ0,152127,commodity,Commodities: Silver,Equity,Mahindra & Mahindra,Consumer Discretionary,22.36,,,1.35
Groww Nifty Total Market Index Reg,INF666M01HJ0,152127,commodity,Commodities: Silver,Equity,Bajaj Finance,Financial,31.57,,,1.21
Groww Nifty Total Market Index Reg,INF666M01HJ0,152127,commodity,Commodities: Silver,Equity,Tata Consultancy,Technology,15.33,,,1.14
Groww Nifty Total Market Index Reg,INF666M01HJ0,152127,commodity,Commodities: Silver,Equity,Hindustan Unilever,Consumer Staples,34.14,,,0.95
Groww Nifty Total Market Index Reg,INF666M01HJ0,152127,commodity,Commodities: Silver,Equity,Sun Pharmaceutical,Healthcare,38.15,,,0.94
Groww Nifty Total Market Index Reg,INF666M01HJ0,152127,commodity,Commodities: Silver,Equity,NTPC,Energy & Utilities,13.09,,,0.91
Groww Nifty Total Market Index Reg,INF666M01HJ0,152127,commodity,Commodities: Silver,Equity,Eternal,Technology,688.71,,,0.9
Groww Nifty Total Market Index Reg,INF666M01HJ0,152127,commodity,Commodities: Silver,Equity,Maruti Suzuki,Consumer Discretionary,28.73,,,0.85
Groww Nifty Total Market Index Reg,INF666M01HJ0,152127,commodity,Commodities: Silver,Equity,Tata Steel,Materials,22.91,,,0.85
Groww Nifty Total Market Index Reg,INF666M01HJ0,152127,commodity,Commodities: Silver,Equity,BSE,Financial,65.73,,,0.84
Groww Nifty Total Market Index Reg,INF666M01HJ0,152127,commodity,Commodities: Silver,Equity,Titan,Consumer Discretionary,77.17,,,0.83
Groww Nifty Total Market Index Reg,INF666M01HJ0,152127,commodity,Commodities: Silver,Equity,Hindalco Ind,Materials,16.96,,,0.81
Groww Nifty Total Market Index Reg,INF666M01HJ0,152127,commodity,Commodities: Silver,Equity,Bharat Electronics,Industrials,51.44,,,0.73
Groww Nifty Total Market Index Reg,INF666M01HJ0,152127,commodity,Commodities: Silver,Equity,Ultratech Cement,Materials,40.9,,,0.67
Groww Nifty Total Market Index Reg,INF666M01HJ0,152127,commodity,Commodities: Silver,Equity,Adani Ports,Industrials,33.02,,,0.66
HDFC BSE 500 ETF,INF179KC1EZ4,151376,commodity,Commodities: Silver,Equity,HDFC Bank,Financial,15.78,,,6.03
HDFC BSE 500 ETF,INF179KC1EZ4,151376,commodity,Commodities: Silver,Equity,ICICI Bank,Financial,17.81,,,4.78
HDFC BSE 500 ETF,INF179KC1EZ4,151376,commodity,Commodities: Silver,Equity,Reliance Ind,Energy & Utilities,22.25,,,4.75
HDFC BSE 500 ETF,INF179KC1EZ4,151376,commodity,Commodities: Silver,Equity,Bharti Airtel,Technology,43.1,,,2.77
HDFC BSE 500 ETF,INF179KC1EZ4,151376,commodity,Commodities: Silver,Equity,Larsen & Toubro,Industrials,35.91,,,2.53
HDFC BSE 500 ETF,INF179KC1EZ4,151376,commodity,Commodities: Silver,Equity,Infosys,Technology,14.37,,,2.15
HDFC BSE 500 ETF,INF179KC1EZ4,151376,commodity,Commodities: Silver,Equity,SBI,Financial,11.45,,,2.13
HDFC BSE 500 ETF,INF179KC1EZ4,151376,commodity,Commodities: Silver,Equity,Axis Bank,Financial,15.94,,,1.96
HDFC BSE 500 ETF,INF179KC1EZ4,151376,commodity,Commodities: Silver,Equity,Kotak Bank,Financial,20.59,,,1.51
HDFC BSE 500 ETF,INF179KC1EZ4,151376,commodity,Commodities: Silver,Equity,ITC,Consumer Staples,17.57,,,1.47
HDFC BSE 500 ETF,INF179KC1EZ4,151376,commodity,Commodities: Silver,Equity,Mahindra & Mahindra,Consumer Discretionary,22.42,,,1.44
HDFC BSE 500 ETF,INF179KC1EZ4,151376,commodity,Commodities: Silver,Equity,Bajaj Finance,Financial,31.57,,,1.29
HDFC BSE 500 ETF,INF179KC1EZ4,151376,commodity,Commodities: Silver,Equity,Tata Consultancy,Technology,15.26,,,1.21
HDFC BSE 500 ETF,INF179KC1EZ4,151376,commodity,Commodities: Silver,Equity,Sun Pharmaceutical,Healthcare,38.34,,,1.03
HDFC BSE 500 ETF,INF179KC1EZ4,151376,commodity,Commodities: Silver,Equity,Hindustan Unilever,Consumer Staples,34.17,,,1.02
HDFC BSE 500 ETF,INF179KC1EZ4,151376,commodity,Commodities: Silver,Equity,NTPC,Energy & Utilities,13.11,,,0.98
HDFC BSE 500 ETF,INF179KC1EZ4,151376,commodity,Commodities: Silver,Equity,Eternal,Technology,683.43,,,0.95
HDFC BSE 500 ETF,INF179KC1EZ4,151376,commodity,Commodities: Silver,Equity,Maruti Suzuki,Consumer Discretionary,28.71,,,0.92
HDFC BSE 500 ETF,INF179KC1EZ4,151376,commodity,Commodities: Silver,Equity,Tata Steel,Materials,22.9,,,0.91
HDFC BSE 500 ETF,INF179KC1EZ4,151376,commodity,Commodities: Silver,Equity,Titan,Consumer Discretionary,77.11,,,0.88
HDFC BSE 500 ETF,INF179KC1EZ4,151376,commodity,Commodities: Silver,Equity,Hindalco Ind,Materials,16.95,,,0.86
HDFC BSE 500 ETF,INF179KC1EZ4,151376,commodity,Commodities: Silver,Equity,Bharat Electronics,Industrials,51.51,,,0.78
HDFC BSE 500 ETF,INF179KC1EZ4,151376,commodity,Commodities: Silver,Equity,Ultratech Cement,Materials,40.92,,,0.72
HDFC BSE 500 ETF,INF179KC1EZ4,151376,commodity,Commodities: Silver,Equity,Adani Ports,Industrials,33.16,,,0.71
HDFC BSE 500 ETF,INF179KC1EZ4,151376,commodity,Commodities: Silver,Equity,Shriram Finance,Financial,23.5,,,0.7
HDFC BSE 500 Index Reg,INF179KC1GH7,151729,commodity,Commodities: Silver,Equity,HDFC Bank,Financial,15.76,,,6.02
HDFC BSE 500 Index Reg,INF179KC1GH7,151729,commodity,Commodities: Silver,Equity,ICICI Bank,Financial,17.8,,,4.77
HDFC BSE 500 Index Reg,INF179KC1GH7,151729,commodity,Commodities: Silver,Equity,Reliance Ind,Energy & Utilities,22.25,,,4.74
HDFC BSE 500 Index Reg,INF179KC1GH7,151729,commodity,Commodities: Silver,Equity,Bharti Airtel,Technology,43.19,,,2.77
HDFC BSE 500 Index Reg,INF179KC1GH7,151729,commodity,Commodities: Silver,Equity,Larsen & Toubro,Industrials,35.92,,,2.53
HDFC BSE 500 Index Reg,INF179KC1GH7,151729,commodity,Commodities: Silver,Equity,Infosys,Technology,14.36,,,2.14
HDFC BSE 500 Index Reg,INF179KC1GH7,151729,commodity,Commodities: Silver,Equity,SBI,Financial,11.46,,,2.12
HDFC BSE 500 Index Reg,INF179KC1GH7,151729,commodity,Commodities: Silver,Equity,Axis Bank,Financial,15.95,,,1.95
HDFC BSE 500 Index Reg,INF179KC1GH7,151729,commodity,Commodities: Silver,Equity,Kotak Bank,Financial,20.63,,,1.5
HDFC BSE 500 Index Reg,INF179KC1GH7,151729,commodity,Commodities: Silver,Equity,ITC,Consumer Staples,17.56,,,1.47
HDFC BSE 500 Index Reg,INF179KC1GH7,151729,commodity,Commodities: Silver,Equity,Mahindra & Mahindra,Consumer Discretionary,22.36,,,1.44
HDFC BSE 500 Index Reg,INF179KC1GH7,151729,commodity,Commodities: Silver,Equity,Bajaj Finance,Financial,31.57,,,1.28
HDFC BSE 500 Index Reg,INF179KC1GH7,151729,commodity,Commodities: Silver,Equity,Tata Consultancy,Technology,15.33,,,1.21
HDFC BSE 500 Index Reg,INF179KC1GH7,151729,commodity,Commodities: Silver,Equity,Sun Pharmaceutical,Healthcare,38.15,,,1.03
HDFC BSE 500 Index Reg,INF179KC1GH7,151729,commodity,Commodities: Silver,Equity,Hindustan Unilever,Consumer Staples,34.14,,,1.02
HDFC BSE 500 Index Reg,INF179KC1GH7,151729,commodity,Commodities: Silver,Equity,NTPC,Energy & Utilities,13.09,,,0.97
HDFC BSE 500 Index Reg,INF179KC1GH7,151729,commodity,Commodities: Silver,Equity,Eternal,Technology,688.71,,,0.95
HDFC BSE 500 Index Reg,INF179KC1GH7,151729,commodity,Commodities: Silver,Equity,Maruti Suzuki,Consumer Discretionary,28.73,,,0.92
HDFC BSE 500 Index Reg,INF179KC1GH7,151729,commodity,Commodities: Silver,Equity,Tata Steel,Materials,22.91,,,0.91
HDFC BSE 500 Index Reg,INF179KC1GH7,151729,commodity,Commodities: Silver,Equity,Titan,Consumer Discretionary,77.17,,,0.88
HDFC BSE 500 Index Reg,INF179KC1GH7,151729,commodity,Commodities: Silver,Equity,Hindalco Ind,Materials,16.96,,,0.86
HDFC BSE 500 Index Reg,INF179KC1GH7,151729,commodity,Commodities: Silver,Equity,Bharat Electronics,Industrials,51.44,,,0.78
HDFC BSE 500 Index Reg,INF179KC1GH7,151729,commodity,Commodities: Silver,Equity,Ultratech Cement,Materials,40.9,,,0.72
HDFC BSE 500 Index Reg,INF179KC1GH7,151729,commodity,Commodities: Silver,Equity,Adani Ports,Industrials,33.02,,,0.71
HDFC BSE 500 Index Reg,INF179KC1GH7,151729,commodity,Commodities: Silver,Equity,Power Grid,Energy & Utilities,17.02,,,0.7
HDFC Diversified Equity All Cap Active FoF Reg,INF179KC1JR0,153861,commodity,Commodities: Silver,Equity,HDFC Large Cap Direct-G,Unspecified,,,,32.69
HDFC Diversified Equity All Cap Active FoF Reg,INF179KC1JR0,153861,commodity,Commodities: Silver,Equity,HDFC Flexi Cap Direct-G,Unspecified,,,,25.82
HDFC Diversified Equity All Cap Active FoF Reg,INF179KC1JR0,153861,commodity,Commodities: Silver,Equity,HDFC Large and Mid Cap Direct-G,Unspecified,,,,15.19
HDFC Diversified Equity All Cap Active FoF Reg,INF179KC1JR0,153861,commodity,Commodities: Silver,Equity,HDFC Small Cap Direct-G,Unspecified,,,,12.9
HDFC Diversified Equity All Cap Active FoF Reg,INF179KC1JR0,153861,commodity,Commodities: Silver,Equity,HDFC Multi Cap Direct-G,Unspecified,,,,9.69
HDFC Flexi Cap Reg,INF179K01AC5,100386,commodity,Commodities: Silver,Equity,ICICI Bank,Financial,17.8,,,8.83
HDFC Flexi Cap Reg,INF179K01AC5,100386,commodity,Commodities: Silver,Equity,Axis Bank,Financial,15.95,,,6.84
HDFC Flexi Cap Reg,INF179K01AC5,100386,commodity,Commodities: Silver,Equity,HDFC Bank,Financial,15.76,,,6.48
HDFC Flexi Cap Reg,INF179K01AC5,100386,commodity,Commodities: Silver,Equity,SBI,Financial,11.46,,,4.22
HDFC Flexi Cap Reg,INF179K01AC5,100386,commodity,Commodities: Silver,Equity,SBI Life Insurance,Financial,126.08,,,3.76
HDFC Flexi Cap Reg,INF179K01AC5,100386,commodity,Commodities: Silver,Equity,Larsen & Toubro,Industrials,35.92,,,3.55
HDFC Flexi Cap Reg,INF179K01AC5,100386,commodity,Commodities: Silver,Equity,Kotak Bank,Financial,20.63,,,3.43
HDFC Flexi Cap Reg,INF179K01AC5,100386,commodity,Commodities: Silver,Equity,Bharti Airtel,Technology,43.19,,,2.96
HDFC Flexi Cap Reg,INF179K01AC5,100386,commodity,Commodities: Silver,Equity,Maruti Suzuki,Consumer Discretionary,28.73,,,2.91
HDFC Flexi Cap Reg,INF179K01AC5,100386,commodity,Commodities: Silver,Equity,Cipla,Healthcare,28.21,,,2.89
HDFC Flexi Cap Reg,INF179K01AC5,100386,commodity,Commodities: Silver,Equity,Interglobe Aviation,Industrials,,,,2.79
HDFC Flexi Cap Reg,INF179K01AC5,100386,commodity,Commodities: Silver,Equity,Eternal,Technology,688.71,,,2.73
HDFC Flexi Cap Reg,INF179K01AC5,100386,commodity,Commodities: Silver,Equity,Power Grid,Energy & Utilities,17.02,,,2.51
HDFC Flexi Cap Reg,INF179K01AC5,100386,commodity,Commodities: Silver,Equity,HCL Technologies,Technology,18.25,,,2.47
HDFC Flexi Cap Reg,INF179K01AC5,100386,commodity,Commodities: Silver,Equity,Eicher Motors,Consumer Discretionary,37.69,,,2.46
HDFC Flexi Cap Reg,INF179K01AC5,100386,commodity,Commodities: Silver,Equity,Reliance Ind,Energy & Utilities,22.25,,,2.01
HDFC Flexi Cap Reg,INF179K01AC5,100386,commodity,Commodities: Silver,Equity,Bajaj Auto,Consumer Discretionary,26.01,,,1.78
HDFC Flexi Cap Reg,INF179K01AC5,100386,commodity,Commodities: Silver,Equity,JSW Steel,Materials,14.11,,,1.72
HDFC Flexi Cap Reg,INF179K01AC5,100386,commodity,Commodities: Silver,Equity,Hyundai Motor India,Consumer Discretionary,29.58,,,1.7
HDFC Flexi Cap Reg,INF179K01AC5,100386,commodity,Commodities: Silver,Equity,Piramal Pharma,Healthcare,,,,1.53
HDFC Flexi Cap Reg,INF179K01AC5,100386,commodity,Commodities: Silver,Equity,Max Healthcare,Healthcare,73.57,,,1.38
HDFC Flexi Cap Reg,INF179K01AC5,100386,commodity,Commodities: Silver,Equity,Infosys,Technology,14.36,,,1.32
HDFC Flexi Cap Reg,INF179K01AC5,100386,commodity,Commodities: Silver,Equity,Tata Steel,Materials,22.91,,,1.3
HDFC Flexi Cap Reg,INF179K01AC5,100386,commodity,Commodities: Silver,Equity,Persistent Systems,Technology,40.32,,,1.25
HDFC Flexi Cap Reg,INF179K01AC5,100386,commodity,Commodities: Silver,Equity,Divi's Lab,Healthcare,69.75,,,1.18
HDFC Focused Reg,INF179K01CI5,100390,commodity,Commodities: Silver,Equity,ICICI Bank,Financial,17.8,,,9.01
HDFC Focused Reg,INF179K01CI5,100390,commodity,Commodities: Silver,Equity,HDFC Bank,Financial,15.76,,,8.14
HDFC Focused Reg,INF179K01CI5,100390,commodity,Commodities: Silver,Equity,Axis Bank,Financial,15.95,,,7.4
HDFC Focused Reg,INF179K01CI5,100390,commodity,Commodities: Silver,Equity,Kotak Bank,Financial,20.63,,,5.56
HDFC Focused Reg,INF179K01CI5,100390,commodity,Commodities: Silver,Equity,SBI,Financial,11.46,,,5.22
HDFC Focused Reg,INF179K01CI5,100390,commodity,Commodities: Silver,Equity,HCL Technologies,Technology,18.25,,,3.86
HDFC Focused Reg,INF179K01CI5,100390,commodity,Commodities: Silver,Equity,Cipla,Healthcare,28.21,,,3.75
HDFC Focused Reg,INF179K01CI5,100390,commodity,Commodities: Silver,Equity,Maruti Suzuki,Consumer Discretionary,28.73,,,3.7
HDFC Focused Reg,INF179K01CI5,100390,commodity,Commodities: Silver,Equity,Eternal,Technology,688.71,,,3.67
HDFC Focused Reg,INF179K01CI5,100390,commodity,Commodities: Silver,Equity,SBI Life Insurance,Financial,126.08,,,3.62
HDFC Focused Reg,INF179K01CI5,100390,commodity,Commodities: Silver,Equity,Interglobe Aviation,Industrials,,,,3.4
HDFC Focused Reg,INF179K01CI5,100390,commodity,Commodities: Silver,Equity,Bharti Airtel,Technology,43.19,,,3.39
HDFC Focused Reg,INF179K01CI5,100390,commodity,Commodities: Silver,Equity,Eicher Motors,Consumer Discretionary,37.69,,,3.29
HDFC Focused Reg,INF179K01CI5,100390,commodity,Commodities: Silver,Equity,Power Grid,Energy & Utilities,17.02,,,3.01
HDFC Focused Reg,INF179K01CI5,100390,commodity,Commodities: Silver,Equity,Tata Steel,Materials,22.91,,,2.55
HDFC Focused Reg,INF179K01CI5,100390,commodity,Commodities: Silver,Equity,Havells India,Consumer Discretionary,43.78,,,2.42
HDFC Focused Reg,INF179K01CI5,100390,commodity,Commodities: Silver,Equity,Karur Vysya Bank,Financial,11.2,,,2.08
HDFC Focused Reg,INF179K01CI5,100390,commodity,Commodities: Silver,Equity,FSN E-Commerce,Consumer Discretionary,433.94,,,2.01
HDFC Focused Reg,INF179K01CI5,100390,commodity,Commodities: Silver,Equity,Bosch,Consumer Discretionary,42.69,,,1.9
HDFC Focused Reg,INF179K01CI5,100390,commodity,Commodities: Silver,Equity,Hyundai Motor India,Consumer Discretionary,29.58,,,1.88
HDFC Focused Reg,INF179K01CI5,100390,commodity,Commodities: Silver,Equity,Chalet Hotels,Consumer Discretionary,26.8,,,1.67
HDFC Focused Reg,INF179K01CI5,100390,commodity,Commodities: Silver,Equity,Amber Enterprises,Consumer Discretionary,157.13,,,1.51
HDFC Focused Reg,INF179K01CI5,100390,commodity,Commodities: Silver,Equity,Escorts Kubota,Industrials,13.1,,,1.48
HDFC Focused Reg,INF179K01CI5,100390,commodity,Commodities: Silver,Equity,Metropolis Health,Healthcare,60.04,,,1.45
HDFC Focused Reg,INF179K01CI5,100390,commodity,Commodities: Silver,Equity,Piramal Pharma,Healthcare,,,,1.42
HDFC Retirement Savings Equity Reg,INF179KB1AJ4,130503,commodity,Commodities: Silver,Equity,HDFC Bank,Financial,15.76,,,6.88
HDFC Retirement Savings Equity Reg,INF179KB1AJ4,130503,commodity,Commodities: Silver,Equity,ICICI Bank,Financial,17.8,,,6.79
HDFC Retirement Savings Equity Reg,INF179KB1AJ4,130503,commodity,Commodities: Silver,Equity,Reliance Ind,Energy & Utilities,22.25,,,4.96
HDFC Retirement Savings Equity Reg,INF179KB1AJ4,130503,commodity,Commodities: Silver,Equity,Axis Bank,Financial,15.95,,,4.64
HDFC Retirement Savings Equity Reg,INF179KB1AJ4,130503,commodity,Commodities: Silver,Equity,Kotak Bank,Financial,20.63,,,4.04
HDFC Retirement Savings Equity Reg,INF179KB1AJ4,130503,commodity,Commodities: Silver,Equity,Maruti Suzuki,Consumer Discretionary,28.73,,,3.12
HDFC Retirement Savings Equity Reg,INF179KB1AJ4,130503,commodity,Commodities: Silver,Equity,SBI,Financial,11.46,,,2.9
HDFC Retirement Savings Equity Reg,INF179KB1AJ4,130503,commodity,Commodities: Silver,Equity,Infosys,Technology,14.36,,,2.79
HDFC Retirement Savings Equity Reg,INF179KB1AJ4,130503,commodity,Commodities: Silver,Equity,Bharti Airtel,Technology,43.19,,,2.75
HDFC Retirement Savings Equity Reg,INF179KB1AJ4,130503,commodity,Commodities: Silver,Equity,Larsen & Toubro,Industrials,35.92,,,2.45
HDFC Retirement Savings Equity Reg,INF179KB1AJ4,130503,commodity,Commodities: Silver,Equity,Tata Consultancy,Technology,15.33,,,2.37
HDFC Retirement Savings Equity Reg,INF179KB1AJ4,130503,commodity,Commodities: Silver,Equity,Power Grid,Energy & Utilities,17.02,,,1.96
HDFC Retirement Savings Equity Reg,INF179KB1AJ4,130503,commodity,Commodities: Silver,Equity,HCL Technologies,Technology,18.25,,,1.78
HDFC Retirement Savings Equity Reg,INF179KB1AJ4,130503,commodity,Commodities: Silver,Equity,Dr. Lal Pathlabs,Healthcare,54.13,,,1.69
HDFC Retirement Savings Equity Reg,INF179KB1AJ4,130503,commodity,Commodities: Silver,Equity,Eicher Motors,Consumer Discretionary,37.69,,,1.62
HDFC Retirement Savings Equity Reg,INF179KB1AJ4,130503,commodity,Commodities: Silver,Equity,Max Financial,Financial,677.32,,,1.51
HDFC Retirement Savings Equity Reg,INF179KB1AJ4,130503,commodity,Commodities: Silver,Equity,ICICI Lombard,Financial,36.79,,,1.48
HDFC Retirement Savings Equity Reg,INF179KB1AJ4,130503,commodity,Commodities: Silver,Equity,NTPC,Energy & Utilities,13.09,,,1.45
HDFC Retirement Savings Equity Reg,INF179KB1AJ4,130503,commodity,Commodities: Silver,Equity,ITC,Consumer Staples,17.56,,,1.42
HDFC Retirement Savings Equity Reg,INF179KB1AJ4,130503,commodity,Commodities: Silver,Equity,Alkem Laboratories,Healthcare,27.79,,,1.32
HDFC Retirement Savings Equity Reg,INF179KB1AJ4,130503,commodity,Commodities: Silver,Equity,Bajaj Auto,Consumer Discretionary,26.01,,,1.29
HDFC Retirement Savings Equity Reg,INF179KB1AJ4,130503,commodity,Commodities: Silver,Equity,Jindal Steel,Materials,34.38,,,1.27
HDFC Retirement Savings Equity Reg,INF179KB1AJ4,130503,commodity,Commodities: Silver,Equity,Havells India,Consumer Discretionary,43.78,,,1.24
HDFC Retirement Savings Equity Reg,INF179KB1AJ4,130503,commodity,Commodities: Silver,Equity,Interglobe Aviation,Industrials,,,,1.16
HDFC Retirement Savings Equity Reg,INF179KB1AJ4,130503,commodity,Commodities: Silver,Equity,HDFC Life,Financial,66.46,,,1.16
Helios Flexi Cap Reg,INF0R8701012,152136,commodity,Commodities: Silver,Equity,Adani Ports,Industrials,33.02,,,4.56
Helios Flexi Cap Reg,INF0R8701012,152136,commodity,Commodities: Silver,Equity,Eternal,Technology,688.71,,,3.73
Helios Flexi Cap Reg,INF0R8701012,152136,commodity,Commodities: Silver,Equity,ICICI Bank,Financial,17.8,,,3.59
Helios Flexi Cap Reg,INF0R8701012,152136,commodity,Commodities: Silver,Equity,Reliance Ind,Energy & Utilities,22.25,,,3.31
Helios Flexi Cap Reg,INF0R8701012,152136,commodity,Commodities: Silver,Equity,HDFC Bank,Financial,15.76,,,3.25
Helios Flexi Cap Reg,INF0R8701012,152136,commodity,Commodities: Silver,Equity,Bharti Airtel,Technology,43.19,,,2.66
Helios Flexi Cap Reg,INF0R8701012,152136,commodity,Commodities: Silver,Equity,Larsen & Toubro,Industrials,35.92,,,2.64
Helios Flexi Cap Reg,INF0R8701012,152136,commodity,Commodities: Silver,Equity,SBI,Financial,11.46,,,2.64
Helios Flexi Cap Reg,INF0R8701012,152136,commodity,Commodities: Silver,Equity,One97 Comm,Industrials,126.07,,,2.6
Helios Flexi Cap Reg,INF0R8701012,152136,commodity,Commodities: Silver,Equity,Bharat Electronics,Industrials,51.44,,,2.53
Helios Flexi Cap Reg,INF0R8701012,152136,commodity,Commodities: Silver,Equity,Cummins India,Industrials,68.6,,,2.44
Helios Flexi Cap Reg,INF0R8701012,152136,commodity,Commodities: Silver,Equity,Adani Enterprises,Materials,42.15,,,2.37
Helios Flexi Cap Reg,INF0R8701012,152136,commodity,Commodities: Silver,Equity,Bajaj Finance,Financial,31.57,,,2.33
Helios Flexi Cap Reg,INF0R8701012,152136,commodity,Commodities: Silver,Equity,MCX,Financial,53.17,,,2.17
Helios Flexi Cap Reg,INF0R8701012,152136,commodity,Commodities: Silver,Equity,BSE,Financial,65.73,,,2.13
Helios Flexi Cap Reg,INF0R8701012,152136,commodity,Commodities: Silver,Equity,ICICI Prudential Asset Management,Financial,50.08,,,2.06
Helios Flexi Cap Reg,INF0R8701012,152136,commodity,Commodities: Silver,Equity,Dixon Technologies,Consumer Discretionary,53.08,,,2.04
Helios Flexi Cap Reg,INF0R8701012,152136,commodity,Commodities: Silver,Equity,Kotak Bank,Financial,20.63,,,2.01
Helios Flexi Cap Reg,INF0R8701012,152136,commodity,Commodities: Silver,Equity,Syrma Sgs Tech,Technology,79.86,,,1.87
Helios Flexi Cap Reg,INF0R8701012,152136,commodity,Commodities: Silver,Equity,The Phoenix Mills,Real Estate,55.13,,,1.76
Helios Flexi Cap Reg,INF0R8701012,152136,commodity,Commodities: Silver,Equity,Hero Motocorp,Consumer Discretionary,17.3,,,1.72
Helios Flexi Cap Reg,INF0R8701012,152136,commodity,Commodities: Silver,Equity,Shriram Finance,Financial,23.5,,,1.68
Helios Flexi Cap Reg,INF0R8701012,152136,commodity,Commodities: Silver,Equity,Torrent Pharma,Healthcare,69.41,,,1.6
Helios Flexi Cap Reg,INF0R8701012,152136,commodity,Commodities: Silver,Equity,Solar,Materials,98.23,,,1.57
Helios Flexi Cap Reg,INF0R8701012,152136,commodity,Commodities: Silver,Equity,Ather Energy,Consumer Discretionary,,,,1.51
HSBC Flexi Cap Reg,INF336L01AF5,102252,commodity,Commodities: Silver,Equity,ICICI Bank,Financial,17.8,,,4.2
HSBC Flexi Cap Reg,INF336L01AF5,102252,commodity,Commodities: Silver,Equity,HDFC Bank,Financial,15.76,,,3.14
HSBC Flexi Cap Reg,INF336L01AF5,102252,commodity,Commodities: Silver,Equity,Reliance Ind,Energy & Utilities,22.25,,,2.85
HSBC Flexi Cap Reg,INF336L01AF5,102252,commodity,Commodities: Silver,Equity,MTAR Technologies,Industrials,273.32,,,2.73
HSBC Flexi Cap Reg,INF336L01AF5,102252,commodity,Commodities: Silver,Equity,TD Power Systems,Industrials,83.14,,,2.26
HSBC Flexi Cap Reg,INF336L01AF5,102252,commodity,Commodities: Silver,Equity,MCX,Financial,53.17,,,2.1
HSBC Flexi Cap Reg,INF336L01AF5,102252,commodity,Commodities: Silver,Equity,SBI,Financial,11.46,,,2.09
HSBC Flexi Cap Reg,INF336L01AF5,102252,commodity,Commodities: Silver,Equity,Samvardhana Motherson,Consumer Discretionary,39.79,,,2.01
HSBC Flexi Cap Reg,INF336L01AF5,102252,commodity,Commodities: Silver,Equity,Shriram Finance,Financial,23.5,,,1.96
HSBC Flexi Cap Reg,INF336L01AF5,102252,commodity,Commodities: Silver,Equity,Axis Bank,Financial,15.95,,,1.96
HSBC Flexi Cap Reg,INF336L01AF5,102252,commodity,Commodities: Silver,Equity,Hindalco Ind,Materials,16.96,,,1.82
HSBC Flexi Cap Reg,INF336L01AF5,102252,commodity,Commodities: Silver,Equity,The Karnataka Bank,Financial,7.94,,,1.79
HSBC Flexi Cap Reg,INF336L01AF5,102252,commodity,Commodities: Silver,Equity,Bharti Airtel,Technology,43.19,,,1.73
HSBC Flexi Cap Reg,INF336L01AF5,102252,commodity,Commodities: Silver,Equity,Varun Beverages,Consumer Staples,56.66,,,1.73
HSBC Flexi Cap Reg,INF336L01AF5,102252,commodity,Commodities: Silver,Equity,Tata Steel,Materials,22.91,,,1.73
HSBC Flexi Cap Reg,INF336L01AF5,102252,commodity,Commodities: Silver,Equity,PNB Housing Fin,Financial,11.37,,,1.72
HSBC Flexi Cap Reg,INF336L01AF5,102252,commodity,Commodities: Silver,Equity,GE Vernova T&D,Industrials,111.6,,,1.66
HSBC Flexi Cap Reg,INF336L01AF5,102252,commodity,Commodities: Silver,Equity,Jindal Steel,Materials,34.38,,,1.64
HSBC Flexi Cap Reg,INF336L01AF5,102252,commodity,Commodities: Silver,Equity,Coforge,Technology,41.51,,,1.64
HSBC Flexi Cap Reg,INF336L01AF5,102252,commodity,Commodities: Silver,Equity,Radico Khaitan,Consumer Staples,82.99,,,1.63
HSBC Flexi Cap Reg,INF336L01AF5,102252,commodity,Commodities: Silver,Equity,Infosys,Technology,14.36,,,1.59
HSBC Flexi Cap Reg,INF336L01AF5,102252,commodity,Commodities: Silver,Equity,Eternal,Technology,688.71,,,1.59
HSBC Flexi Cap Reg,INF336L01AF5,102252,commodity,Commodities: Silver,Equity,Wockhardt,Healthcare,152.64,,,1.54
HSBC Flexi Cap Reg,INF336L01AF5,102252,commodity,Commodities: Silver,Equity,NTPC,Energy & Utilities,13.09,,,1.52
HSBC Flexi Cap Reg,INF336L01AF5,102252,commodity,Commodities: Silver,Equity,Motilal Oswal Fin,Financial,30.6,,,1.44
HSBC Focused Reg,INF336L01NC1,140818,commodity,Commodities: Silver,Equity,ICICI Bank,Financial,17.8,,,7.71
HSBC Focused Reg,INF336L01NC1,140818,commodity,Commodities: Silver,Equity,HDFC Bank,Financial,15.76,,,6.65
HSBC Focused Reg,INF336L01NC1,140818,commodity,Commodities: Silver,Equity,Larsen & Toubro,Industrials,35.92,,,4.85
HSBC Focused Reg,INF336L01NC1,140818,commodity,Commodities: Silver,Equity,MCX,Financial,53.17,,,4.66
HSBC Focused Reg,INF336L01NC1,140818,commodity,Commodities: Silver,Equity,GE Vernova T&D,Industrials,111.6,,,4.6
HSBC Focused Reg,INF336L01NC1,140818,commodity,Commodities: Silver,Equity,Nippon Life AMC,Financial,49.33,,,4.59
HSBC Focused Reg,INF336L01NC1,140818,commodity,Commodities: Silver,Equity,Shriram Finance,Financial,23.5,,,4.51
HSBC Focused Reg,INF336L01NC1,140818,commodity,Commodities: Silver,Equity,Reliance Ind,Energy & Utilities,22.25,,,4.41
HSBC Focused Reg,INF336L01NC1,140818,commodity,Commodities: Silver,Equity,KEI,Industrials,57.97,,,4.23
HSBC Focused Reg,INF336L01NC1,140818,commodity,Commodities: Silver,Equity,Infosys,Technology,14.36,,,3.8
HSBC Focused Reg,INF336L01NC1,140818,commodity,Commodities: Silver,Equity,Shadowfax Technologies,Industrials,114.68,,,3.68
HSBC Focused Reg,INF336L01NC1,140818,commodity,Commodities: Silver,Equity,TVS Motor,Consumer Discretionary,54.03,,,3.4
HSBC Focused Reg,INF336L01NC1,140818,commodity,Commodities: Silver,Equity,Eternal,Technology,688.71,,,2.98
HSBC Focused Reg,INF336L01NC1,140818,commodity,Commodities: Silver,Equity,Mankind Pharma,Healthcare,52.33,,,2.97
HSBC Focused Reg,INF336L01NC1,140818,commodity,Commodities: Silver,Equity,Blue Star,Industrials,64.68,,,2.84
HSBC Focused Reg,INF336L01NC1,140818,commodity,Commodities: Silver,Equity,HDB Financial Services,Financial,22.99,,,2.78
HSBC Focused Reg,INF336L01NC1,140818,commodity,Commodities: Silver,Equity,Krishna Institute,Healthcare,132.36,,,2.71
HSBC Focused Reg,INF336L01NC1,140818,commodity,Commodities: Silver,Equity,Hindustan Unilever,Consumer Staples,34.14,,,2.56
HSBC Focused Reg,INF336L01NC1,140818,commodity,Commodities: Silver,Equity,ONGC,Energy & Utilities,7.42,,,2.37
HSBC Focused Reg,INF336L01NC1,140818,commodity,Commodities: Silver,Equity,TD Power Systems,Industrials,83.14,,,2.36
HSBC Focused Reg,INF336L01NC1,140818,commodity,Commodities: Silver,Equity,Swiggy,Technology,,,,2.3
HSBC Focused Reg,INF336L01NC1,140818,commodity,Commodities: Silver,Equity,Hyundai Motor India,Consumer Discretionary,29.58,,,2.29
HSBC Focused Reg,INF336L01NC1,140818,commodity,Commodities: Silver,Equity,RBL Bank,Financial,66.18,,,2.26
HSBC Focused Reg,INF336L01NC1,140818,commodity,Commodities: Silver,Equity,Kalyan Jewellers,Consumer Discretionary,29.33,,,2.11
HSBC Focused Reg,INF336L01NC1,140818,commodity,Commodities: Silver,Equity,Artemis Medicare,Healthcare,39.72,,,2.03
ICICI Pru BSE 500 ETF,INF109KC1V59,143247,commodity,Commodities: Silver,Equity,HDFC Bank,Financial,15.78,,,6.03
ICICI Pru BSE 500 ETF,INF109KC1V59,143247,commodity,Commodities: Silver,Equity,ICICI Bank,Financial,17.81,,,4.78
ICICI Pru BSE 500 ETF,INF109KC1V59,143247,commodity,Commodities: Silver,Equity,Reliance Ind,Energy & Utilities,22.25,,,4.75
ICICI Pru BSE 500 ETF,INF109KC1V59,143247,commodity,Commodities: Silver,Equity,Bharti Airtel,Technology,43.1,,,2.77
ICICI Pru BSE 500 ETF,INF109KC1V59,143247,commodity,Commodities: Silver,Equity,Larsen & Toubro,Industrials,35.91,,,2.53
ICICI Pru BSE 500 ETF,INF109KC1V59,143247,commodity,Commodities: Silver,Equity,Infosys,Technology,14.37,,,2.15
ICICI Pru BSE 500 ETF,INF109KC1V59,143247,commodity,Commodities: Silver,Equity,SBI,Financial,11.45,,,2.13
ICICI Pru BSE 500 ETF,INF109KC1V59,143247,commodity,Commodities: Silver,Equity,Axis Bank,Financial,15.94,,,1.96
ICICI Pru BSE 500 ETF,INF109KC1V59,143247,commodity,Commodities: Silver,Equity,Kotak Bank,Financial,20.59,,,1.5
ICICI Pru BSE 500 ETF,INF109KC1V59,143247,commodity,Commodities: Silver,Equity,ITC,Consumer Staples,17.57,,,1.47
ICICI Pru BSE 500 ETF,INF109KC1V59,143247,commodity,Commodities: Silver,Equity,Mahindra & Mahindra,Consumer Discretionary,22.42,,,1.44
ICICI Pru BSE 500 ETF,INF109KC1V59,143247,commodity,Commodities: Silver,Equity,Bajaj Finance,Financial,31.57,,,1.29
ICICI Pru BSE 500 ETF,INF109KC1V59,143247,commodity,Commodities: Silver,Equity,Tata Consultancy,Technology,15.26,,,1.21
ICICI Pru BSE 500 ETF,INF109KC1V59,143247,commodity,Commodities: Silver,Equity,Sun Pharmaceutical,Healthcare,38.34,,,1.03
ICICI Pru BSE 500 ETF,INF109KC1V59,143247,commodity,Commodities: Silver,Equity,Hindustan Unilever,Consumer Staples,34.17,,,1.02
ICICI Pru BSE 500 ETF,INF109KC1V59,143247,commodity,Commodities: Silver,Equity,NTPC,Energy & Utilities,13.11,,,0.98
ICICI Pru BSE 500 ETF,INF109KC1V59,143247,commodity,Commodities: Silver,Equity,Eternal,Technology,683.43,,,0.95
ICICI Pru BSE 500 ETF,INF109KC1V59,143247,commodity,Commodities: Silver,Equity,Maruti Suzuki,Consumer Discretionary,28.71,,,0.92
ICICI Pru BSE 500 ETF,INF109KC1V59,143247,commodity,Commodities: Silver,Equity,Tata Steel,Materials,22.9,,,0.91
ICICI Pru BSE 500 ETF,INF109KC1V59,143247,commodity,Commodities: Silver,Equity,Titan,Consumer Discretionary,77.11,,,0.88
ICICI Pru BSE 500 ETF,INF109KC1V59,143247,commodity,Commodities: Silver,Equity,Hindalco Ind,Materials,16.95,,,0.86
ICICI Pru BSE 500 ETF,INF109KC1V59,143247,commodity,Commodities: Silver,Equity,Bharat Electronics,Industrials,51.51,,,0.78
ICICI Pru BSE 500 ETF,INF109KC1V59,143247,commodity,Commodities: Silver,Equity,Ultratech Cement,Materials,40.92,,,0.72
ICICI Pru BSE 500 ETF,INF109KC1V59,143247,commodity,Commodities: Silver,Equity,Adani Ports,Industrials,33.16,,,0.71
ICICI Pru BSE 500 ETF,INF109KC1V59,143247,commodity,Commodities: Silver,Equity,Power Grid,Energy & Utilities,17.02,,,0.7
ICICI Pru BSE 500 ETF FOF,INF666M01OA5,154223,commodity,Commodities: Silver,Equity,ICICI BSE500 ETF,Unspecified,,,,99.9
ICICI Pru Diversified Equity All Cap Active FoF,INF109K1A450,154265,commodity,Commodities: Silver,Equity,ICICI Pru Large & Mid Cap Direct-G,Unspecified,,,,40.46
ICICI Pru Diversified Equity All Cap Active FoF,INF109K1A450,154265,commodity,Commodities: Silver,Equity,ICICI Pru Large Cap Direct-G,Unspecified,,,,31.34
ICICI Pru Diversified Equity All Cap Active FoF,INF109K1A450,154265,commodity,Commodities: Silver,Equity,ICICI Pru Smallcap Direct-G,Unspecified,,,,9.62
ICICI Pru Diversified Equity All Cap Active FoF,INF109K1A450,154265,commodity,Commodities: Silver,Equity,ICICI Pru Multicap Direct-G,Unspecified,,,,9.25
ICICI Pru Diversified Equity All Cap Active FoF,INF109K1A450,154265,commodity,Commodities: Silver,Equity,ICICI Pru Focused Equity Direct-G,Unspecified,,,,5.61
ICICI Pru Diversified Equity All Cap Omni FoF,INF109KC1I31,148034,commodity,Commodities: Silver,Equity,ICICI Pru Focused Equity Direct-G,Unspecified,,,,48.34
ICICI Pru Diversified Equity All Cap Omni FoF,INF109KC1I31,148034,commodity,Commodities: Silver,Equity,Bandhan Large & Mid Cap Direct-G,Unspecified,,,,7.68
ICICI Pru Diversified Equity All Cap Omni FoF,INF109KC1I31,148034,commodity,Commodities: Silver,Equity,Helios Flexi Cap Direct-G,Unspecified,,,,7.44
ICICI Pru Diversified Equity All Cap Omni FoF,INF109KC1I31,148034,commodity,Commodities: Silver,Equity,Parag Parikh Flexi Cap Direct-G,Unspecified,,,,6.37
ICICI Pru Diversified Equity All Cap Omni FoF,INF109KC1I31,148034,commodity,Commodities: Silver,Equity,HDFC SML250 ETF,Unspecified,,,,5.45
ICICI Pru Diversified Equity All Cap Omni FoF,INF109KC1I31,148034,commodity,Commodities: Silver,Equity,PGIM India Large Cap Direct-G,Unspecified,,,,5.15
ICICI Pru Diversified Equity All Cap Omni FoF,INF109KC1I31,148034,commodity,Commodities: Silver,Equity,ICICI Pru Large Cap Direct-G,Unspecified,,,,4.78
ICICI Pru Diversified Equity All Cap Omni FoF,INF109KC1I31,148034,commodity,Commodities: Silver,Equity,ICICI Pru Large & Mid Cap Direct-G,Unspecified,,,,4.17
ICICI Pru Diversified Equity All Cap Omni FoF,INF109KC1I31,148034,commodity,Commodities: Silver,Equity,ICICI Pru Nifty Smallcap 250 Index Direct-G,Unspecified,,,,3.65
ICICI Pru Diversified Equity All Cap Omni FoF,INF109KC1I31,148034,commodity,Commodities: Silver,Equity,ICICI MIDCAP150 ETF,Unspecified,,,,3.43
ICICI Pru Flexicap,INF109KC1Q80,148989,commodity,Commodities: Silver,Equity,TVS Motor,Consumer Discretionary,54.03,,,9.25
ICICI Pru Flexicap,INF109KC1Q80,148989,commodity,Commodities: Silver,Equity,Maruti Suzuki,Consumer Discretionary,28.73,,,6.74
ICICI Pru Flexicap,INF109KC1Q80,148989,commodity,Commodities: Silver,Equity,ICICI Bank,Financial,17.8,,,6.37
ICICI Pru Flexicap,INF109KC1Q80,148989,commodity,Commodities: Silver,Equity,Avenue Supermarts,Consumer Staples,93.91,,,4.09
ICICI Pru Flexicap,INF109KC1Q80,148989,commodity,Commodities: Silver,Equity,HDFC Bank,Financial,15.76,,,3.72
ICICI Pru Flexicap,INF109KC1Q80,148989,commodity,Commodities: Silver,Equity,Eternal,Technology,688.71,,,3.7
ICICI Pru Flexicap,INF109KC1Q80,148989,commodity,Commodities: Silver,Equity,Infosys,Technology,14.36,,,2.82
ICICI Pru Flexicap,INF109KC1Q80,148989,commodity,Commodities: Silver,Equity,R R Kabel,Industrials,52.31,,,2.62
ICICI Pru Flexicap,INF109KC1Q80,148989,commodity,Commodities: Silver,Equity,Axis Bank,Financial,15.95,,,2.51
ICICI Pru Flexicap,INF109KC1Q80,148989,commodity,Commodities: Silver,Equity,Samvardhana Motherson,Consumer Discretionary,39.79,,,2.4
ICICI Pru Flexicap,INF109KC1Q80,148989,commodity,Commodities: Silver,Equity,Larsen & Toubro,Industrials,35.92,,,2.35
ICICI Pru Flexicap,INF109KC1Q80,148989,commodity,Commodities: Silver,Equity,Ethos,Consumer Discretionary,67.87,,,2.29
ICICI Pru Flexicap,INF109KC1Q80,148989,commodity,Commodities: Silver,Equity,SBI,Financial,11.46,,,2.04
ICICI Pru Flexicap,INF109KC1Q80,148989,commodity,Commodities: Silver,Equity,Redtape,Consumer Discretionary,30.79,,,2.01
ICICI Pru Flexicap,INF109KC1Q80,148989,commodity,Commodities: Silver,Equity,Neuland Lab,Healthcare,61.01,,,2
ICICI Pru Flexicap,INF109KC1Q80,148989,commodity,Commodities: Silver,Equity,Azad Engineering,Industrials,101.92,,,1.96
ICICI Pru Flexicap,INF109KC1Q80,148989,commodity,Commodities: Silver,Equity,Interglobe Aviation,Industrials,,,,1.95
ICICI Pru Flexicap,INF109KC1Q80,148989,commodity,Commodities: Silver,Equity,Travel Food Services,Consumer Discretionary,40.1,,,1.94
ICICI Pru Flexicap,INF109KC1Q80,148989,commodity,Commodities: Silver,Equity,Sona BLW Precision,Consumer Discretionary,59.55,,,1.9
ICICI Pru Flexicap,INF109KC1Q80,148989,commodity,Commodities: Silver,Equity,PI,Materials,32.17,,,1.83
ICICI Pru Flexicap,INF109KC1Q80,148989,commodity,Commodities: Silver,Equity,PG Electroplast,Industrials,81.41,,,1.68
ICICI Pru Flexicap,INF109KC1Q80,148989,commodity,Commodities: Silver,Equity,Tata Motors,Industrials,48.67,,,1.51
ICICI Pru Flexicap,INF109KC1Q80,148989,commodity,Commodities: Silver,Equity,SBI Life Insurance,Financial,126.08,,,1.37
ICICI Pru Flexicap,INF109KC1Q80,148989,commodity,Commodities: Silver,Equity,Bharti Airtel,Technology,43.19,,,1.35
ICICI Pru Flexicap,INF109KC1Q80,148989,commodity,Commodities: Silver,Equity,Shadowfax Technologies,Industrials,114.68,,,1.31
ICICI Pru Focused Equity,INF109K01BZ4,111957,commodity,Commodities: Silver,Equity,ICICI Bank,Financial,17.8,,,8.07
ICICI Pru Focused Equity,INF109K01BZ4,111957,commodity,Commodities: Silver,Equity,Axis Bank,Financial,15.95,,,6.68
ICICI Pru Focused Equity,INF109K01BZ4,111957,commodity,Commodities: Silver,Equity,TVS Motor,Consumer Discretionary,54.03,,,5.21
ICICI Pru Focused Equity,INF109K01BZ4,111957,commodity,Commodities: Silver,Equity,HDFC Bank,Financial,15.76,,,4.95
ICICI Pru Focused Equity,INF109K01BZ4,111957,commodity,Commodities: Silver,Equity,Adani Ports,Industrials,33.02,,,4.6
ICICI Pru Focused Equity,INF109K01BZ4,111957,commodity,Commodities: Silver,Equity,Britannia Ind,Consumer Staples,49.34,,,4.26
ICICI Pru Focused Equity,INF109K01BZ4,111957,commodity,Commodities: Silver,Equity,Bharti Airtel,Technology,43.19,,,3.7
ICICI Pru Focused Equity,INF109K01BZ4,111957,commodity,Commodities: Silver,Equity,The Phoenix Mills,Real Estate,55.13,,,3.69
ICICI Pru Focused Equity,INF109K01BZ4,111957,commodity,Commodities: Silver,Equity,Godrej Consumer,Consumer Staples,54.87,,,3.5
ICICI Pru Focused Equity,INF109K01BZ4,111957,commodity,Commodities: Silver,Equity,Titan,Consumer Discretionary,77.17,,,3.3
ICICI Pru Focused Equity,INF109K01BZ4,111957,commodity,Commodities: Silver,Equity,Hindustan Aero,Industrials,32.38,,,3.3
ICICI Pru Focused Equity,INF109K01BZ4,111957,commodity,Commodities: Silver,Equity,Mphasis,Technology,22.9,,,3.23
ICICI Pru Focused Equity,INF109K01BZ4,111957,commodity,Commodities: Silver,Equity,Sun Pharmaceutical,Healthcare,38.15,,,3.17
ICICI Pru Focused Equity,INF109K01BZ4,111957,commodity,Commodities: Silver,Equity,Cholamandalam Inv,Financial,27.55,,,3.14
ICICI Pru Focused Equity,INF109K01BZ4,111957,commodity,Commodities: Silver,Equity,HDFC AMC,Financial,40.56,,,3.11
ICICI Pru Focused Equity,INF109K01BZ4,111957,commodity,Commodities: Silver,Equity,Max Healthcare,Healthcare,73.57,,,2.9
ICICI Pru Focused Equity,INF109K01BZ4,111957,commodity,Commodities: Silver,Equity,Swiggy,Technology,,,,2.85
ICICI Pru Focused Equity,INF109K01BZ4,111957,commodity,Commodities: Silver,Equity,The Indian Hotels,Consumer Discretionary,49.43,,,2.81
ICICI Pru Focused Equity,INF109K01BZ4,111957,commodity,Commodities: Silver,Equity,PNB Housing Fin,Financial,11.37,,,2.74
ICICI Pru Focused Equity,INF109K01BZ4,111957,commodity,Commodities: Silver,Equity,Trent,Consumer Discretionary,97.62,,,2.73
ICICI Pru Focused Equity,INF109K01BZ4,111957,commodity,Commodities: Silver,Equity,Eternal,Technology,688.71,,,2.66
ICICI Pru Focused Equity,INF109K01BZ4,111957,commodity,Commodities: Silver,Equity,Tata Motors Passenger Vehicles,Consumer Discretionary,1.61,,,2.58
ICICI Pru Focused Equity,INF109K01BZ4,111957,commodity,Commodities: Silver,Equity,Info Edge (India),Technology,44.17,,,2.52
ICICI Pru Focused Equity,INF109K01BZ4,111957,commodity,Commodities: Silver,Equity,Prestige Estates,Real Estate,53.65,,,2.41
ICICI Pru Focused Equity,INF109K01BZ4,111957,commodity,Commodities: Silver,Equity,Infosys,Technology,14.36,,,2.41
ICICI Pru Nifty 500 Index,INF109KC13Y0,153162,commodity,Commodities: Silver,Equity,HDFC Bank,Financial,15.76,,,5.88
ICICI Pru Nifty 500 Index,INF109KC13Y0,153162,commodity,Commodities: Silver,Equity,ICICI Bank,Financial,17.8,,,4.64
ICICI Pru Nifty 500 Index,INF109KC13Y0,153162,commodity,Commodities: Silver,Equity,Reliance Ind,Energy & Utilities,22.25,,,4.61
ICICI Pru Nifty 500 Index,INF109KC13Y0,153162,commodity,Commodities: Silver,Equity,Bharti Airtel,Technology,43.19,,,2.9
ICICI Pru Nifty 500 Index,INF109KC13Y0,153162,commodity,Commodities: Silver,Equity,Larsen & Toubro,Industrials,35.92,,,2.47
ICICI Pru Nifty 500 Index,INF109KC13Y0,153162,commodity,Commodities: Silver,Equity,Infosys,Technology,14.36,,,2.1
ICICI Pru Nifty 500 Index,INF109KC13Y0,153162,commodity,Commodities: Silver,Equity,SBI,Financial,11.46,,,2.07
ICICI Pru Nifty 500 Index,INF109KC13Y0,153162,commodity,Commodities: Silver,Equity,Axis Bank,Financial,15.95,,,1.91
ICICI Pru Nifty 500 Index,INF109KC13Y0,153162,commodity,Commodities: Silver,Equity,Kotak Bank,Financial,20.63,,,1.46
ICICI Pru Nifty 500 Index,INF109KC13Y0,153162,commodity,Commodities: Silver,Equity,ITC,Consumer Staples,17.56,,,1.43
ICICI Pru Nifty 500 Index,INF109KC13Y0,153162,commodity,Commodities: Silver,Equity,Mahindra & Mahindra,Consumer Discretionary,22.36,,,1.4
ICICI Pru Nifty 500 Index,INF109KC13Y0,153162,commodity,Commodities: Silver,Equity,Bajaj Finance,Financial,31.57,,,1.25
ICICI Pru Nifty 500 Index,INF109KC13Y0,153162,commodity,Commodities: Silver,Equity,Tata Consultancy,Technology,15.33,,,1.19
ICICI Pru Nifty 500 Index,INF109KC13Y0,153162,commodity,Commodities: Silver,Equity,Hindustan Unilever,Consumer Staples,34.14,,,0.99
ICICI Pru Nifty 500 Index,INF109KC13Y0,153162,commodity,Commodities: Silver,Equity,Sun Pharmaceutical,Healthcare,38.15,,,0.98
ICICI Pru Nifty 500 Index,INF109KC13Y0,153162,commodity,Commodities: Silver,Equity,NTPC,Energy & Utilities,13.09,,,0.95
ICICI Pru Nifty 500 Index,INF109KC13Y0,153162,commodity,Commodities: Silver,Equity,Eternal,Technology,688.71,,,0.93
ICICI Pru Nifty 500 Index,INF109KC13Y0,153162,commodity,Commodities: Silver,Equity,Tata Steel,Materials,22.91,,,0.89
ICICI Pru Nifty 500 Index,INF109KC13Y0,153162,commodity,Commodities: Silver,Equity,Maruti Suzuki,Consumer Discretionary,28.73,,,0.88
ICICI Pru Nifty 500 Index,INF109KC13Y0,153162,commodity,Commodities: Silver,Equity,BSE,Financial,65.73,,,0.87
ICICI Pru Nifty 500 Index,INF109KC13Y0,153162,commodity,Commodities: Silver,Equity,Titan,Consumer Discretionary,77.17,,,0.87
ICICI Pru Nifty 500 Index,INF109KC13Y0,153162,commodity,Commodities: Silver,Equity,Hindalco Ind,Materials,16.96,,,0.84
ICICI Pru Nifty 500 Index,INF109KC13Y0,153162,commodity,Commodities: Silver,Equity,Bharat Electronics,Industrials,51.44,,,0.76
ICICI Pru Nifty 500 Index,INF109KC13Y0,153162,commodity,Commodities: Silver,Equity,Ultratech Cement,Materials,40.9,,,0.7
ICICI Pru Nifty 500 Index,INF109KC13Y0,153162,commodity,Commodities: Silver,Equity,Adani Ports,Industrials,33.02,,,0.69
ICICI Pru Retirement Pure Equity,INF109KC1TQ6,146346,commodity,Commodities: Silver,Equity,HDFC Bank,Financial,15.76,,,5.74
ICICI Pru Retirement Pure Equity,INF109KC1TQ6,146346,commodity,Commodities: Silver,Equity,Reliance Ind,Energy & Utilities,22.25,,,4.14
ICICI Pru Retirement Pure Equity,INF109KC1TQ6,146346,commodity,Commodities: Silver,Equity,Hindustan Unilever,Consumer Staples,34.14,,,3.34
ICICI Pru Retirement Pure Equity,INF109KC1TQ6,146346,commodity,Commodities: Silver,Equity,Britannia Ind,Consumer Staples,49.34,,,2.47
ICICI Pru Retirement Pure Equity,INF109KC1TQ6,146346,commodity,Commodities: Silver,Equity,ICICI Bank,Financial,17.8,,,2.38
ICICI Pru Retirement Pure Equity,INF109KC1TQ6,146346,commodity,Commodities: Silver,Equity,Mahindra & Mahindra,Consumer Discretionary,22.36,,,2.27
ICICI Pru Retirement Pure Equity,INF109KC1TQ6,146346,commodity,Commodities: Silver,Equity,ABB India,Industrials,99.94,,,2.26
ICICI Pru Retirement Pure Equity,INF109KC1TQ6,146346,commodity,Commodities: Silver,Equity,Usha Martin,Materials,31.81,,,2.12
ICICI Pru Retirement Pure Equity,INF109KC1TQ6,146346,commodity,Commodities: Silver,Equity,Larsen & Toubro,Industrials,35.92,,,2.06
ICICI Pru Retirement Pure Equity,INF109KC1TQ6,146346,commodity,Commodities: Silver,Equity,MCX,Financial,53.17,,,2.06
ICICI Pru Retirement Pure Equity,INF109KC1TQ6,146346,commodity,Commodities: Silver,Equity,Siemens Energy India,Energy & Utilities,103.2,,,1.97
ICICI Pru Retirement Pure Equity,INF109KC1TQ6,146346,commodity,Commodities: Silver,Equity,Ultratech Cement,Materials,40.9,,,1.9
ICICI Pru Retirement Pure Equity,INF109KC1TQ6,146346,commodity,Commodities: Silver,Equity,Apar,Diversified,64.77,,,1.86
ICICI Pru Retirement Pure Equity,INF109KC1TQ6,146346,commodity,Commodities: Silver,Equity,Bharti Airtel,Technology,43.19,,,1.86
ICICI Pru Retirement Pure Equity,INF109KC1TQ6,146346,commodity,Commodities: Silver,Equity,United Spirits,Consumer Staples,52.32,,,1.86
ICICI Pru Retirement Pure Equity,INF109KC1TQ6,146346,commodity,Commodities: Silver,Equity,Avenue Supermarts,Consumer Staples,93.91,,,1.7
ICICI Pru Retirement Pure Equity,INF109KC1TQ6,146346,commodity,Commodities: Silver,Equity,Tech Mahindra,Technology,28.24,,,1.68
ICICI Pru Retirement Pure Equity,INF109KC1TQ6,146346,commodity,Commodities: Silver,Equity,Hyundai Motor India,Consumer Discretionary,29.58,,,1.66
ICICI Pru Retirement Pure Equity,INF109KC1TQ6,146346,commodity,Commodities: Silver,Equity,Supreme,Materials,46.73,,,1.58
ICICI Pru Retirement Pure Equity,INF109KC1TQ6,146346,commodity,Commodities: Silver,Equity,UPL,Materials,26.77,,,1.52
ICICI Pru Retirement Pure Equity,INF109KC1TQ6,146346,commodity,Commodities: Silver,Equity,Sobha,Real Estate,78.36,,,1.49
ICICI Pru Retirement Pure Equity,INF109KC1TQ6,146346,commodity,Commodities: Silver,Equity,The Phoenix Mills,Real Estate,55.13,,,1.48
ICICI Pru Retirement Pure Equity,INF109KC1TQ6,146346,commodity,Commodities: Silver,Equity,Titan,Consumer Discretionary,77.17,,,1.4
ICICI Pru Retirement Pure Equity,INF109KC1TQ6,146346,commodity,Commodities: Silver,Equity,ITC,Consumer Staples,17.56,,,1.28
ICICI Pru Retirement Pure Equity,INF109KC1TQ6,146346,commodity,Commodities: Silver,Equity,BSE,Financial,65.73,,,1.24
Invesco India Flexi Cap Reg,INF205KA1460,149766,commodity,Commodities: Silver,Equity,ICICI Bank,Financial,17.8,,,5.93
Invesco India Flexi Cap Reg,INF205KA1460,149766,commodity,Commodities: Silver,Equity,Larsen & Toubro,Industrials,35.92,,,4.55
Invesco India Flexi Cap Reg,INF205KA1460,149766,commodity,Commodities: Silver,Equity,Interglobe Aviation,Industrials,,,,3.14
Invesco India Flexi Cap Reg,INF205KA1460,149766,commodity,Commodities: Silver,Equity,HDFC Bank,Financial,15.76,,,2.89
Invesco India Flexi Cap Reg,INF205KA1460,149766,commodity,Commodities: Silver,Equity,Cholamandalam Inv,Financial,27.55,,,2.8
Invesco India Flexi Cap Reg,INF205KA1460,149766,commodity,Commodities: Silver,Equity,BSE,Financial,65.73,,,2.78
Invesco India Flexi Cap Reg,INF205KA1460,149766,commodity,Commodities: Silver,Equity,Sai Life Sciences,Healthcare,73.86,,,2.72
Invesco India Flexi Cap Reg,INF205KA1460,149766,commodity,Commodities: Silver,Equity,Max Healthcare,Healthcare,73.57,,,2.57
Invesco India Flexi Cap Reg,INF205KA1460,149766,commodity,Commodities: Silver,Equity,Titan,Consumer Discretionary,77.17,,,2.53
Invesco India Flexi Cap Reg,INF205KA1460,149766,commodity,Commodities: Silver,Equity,Bajaj Finance,Financial,31.57,,,2.41
Invesco India Flexi Cap Reg,INF205KA1460,149766,commodity,Commodities: Silver,Equity,MCX,Financial,53.17,,,2.3
Invesco India Flexi Cap Reg,INF205KA1460,149766,commodity,Commodities: Silver,Equity,Trent,Consumer Discretionary,97.62,,,2.2
Invesco India Flexi Cap Reg,INF205KA1460,149766,commodity,Commodities: Silver,Equity,PB Fintech,Financial,111.92,,,2.16
Invesco India Flexi Cap Reg,INF205KA1460,149766,commodity,Commodities: Silver,Equity,Aditya Infotech,Technology,112.9,,,2.11
Invesco India Flexi Cap Reg,INF205KA1460,149766,commodity,Commodities: Silver,Equity,AU Small Fin Bank,Financial,29.3,,,1.99
Invesco India Flexi Cap Reg,INF205KA1460,149766,commodity,Commodities: Silver,Equity,Tata Motors,Industrials,48.67,,,1.92
Invesco India Flexi Cap Reg,INF205KA1460,149766,commodity,Commodities: Silver,Equity,HDFC AMC,Financial,40.56,,,1.9
Invesco India Flexi Cap Reg,INF205KA1460,149766,commodity,Commodities: Silver,Equity,Mahindra & Mahindra,Consumer Discretionary,22.36,,,1.82
Invesco India Flexi Cap Reg,INF205KA1460,149766,commodity,Commodities: Silver,Equity,Krishna Institute,Healthcare,132.36,,,1.8
Invesco India Flexi Cap Reg,INF205KA1460,149766,commodity,Commodities: Silver,Equity,Eternal,Technology,688.71,,,1.79
Invesco India Flexi Cap Reg,INF205KA1460,149766,commodity,Commodities: Silver,Equity,L&T Fin,Financial,24.11,,,1.79
Invesco India Flexi Cap Reg,INF205KA1460,149766,commodity,Commodities: Silver,Equity,TVS Motor,Consumer Discretionary,54.03,,,1.73
Invesco India Flexi Cap Reg,INF205KA1460,149766,commodity,Commodities: Silver,Equity,Bharti Airtel,Technology,43.19,,,1.66
Invesco India Flexi Cap Reg,INF205KA1460,149766,commodity,Commodities: Silver,Equity,Coforge,Technology,41.51,,,1.65
Invesco India Flexi Cap Reg,INF205KA1460,149766,commodity,Commodities: Silver,Equity,Persistent Systems,Technology,40.32,,,1.59
Invesco India Focused Reg,INF205K01N94,140840,commodity,Commodities: Silver,Equity,ICICI Bank,Financial,17.8,,,8.94
Invesco India Focused Reg,INF205K01N94,140840,commodity,Commodities: Silver,Equity,Larsen & Toubro,Industrials,35.92,,,7.8
Invesco India Focused Reg,INF205K01N94,140840,commodity,Commodities: Silver,Equity,HDFC Bank,Financial,15.76,,,6.72
Invesco India Focused Reg,INF205K01N94,140840,commodity,Commodities: Silver,Equity,Interglobe Aviation,Industrials,,,,5.78
Invesco India Focused Reg,INF205K01N94,140840,commodity,Commodities: Silver,Equity,Nuvama Wealth Mgmt,Financial,30.23,,,5.27
Invesco India Focused Reg,INF205K01N94,140840,commodity,Commodities: Silver,Equity,Coforge,Technology,41.51,,,5
Invesco India Focused Reg,INF205K01N94,140840,commodity,Commodities: Silver,Equity,Hindustan Aero,Industrials,32.38,,,4.86
Invesco India Focused Reg,INF205K01N94,140840,commodity,Commodities: Silver,Equity,Ather Energy,Consumer Discretionary,,,,4.43
Invesco India Focused Reg,INF205K01N94,140840,commodity,Commodities: Silver,Equity,Persistent Systems,Technology,40.32,,,4.41
Invesco India Focused Reg,INF205K01N94,140840,commodity,Commodities: Silver,Equity,Cholamandalam Inv,Financial,27.55,,,4.32
Invesco India Focused Reg,INF205K01N94,140840,commodity,Commodities: Silver,Equity,Hitachi Energy,Industrials,164.47,,,4.3
Invesco India Focused Reg,INF205K01N94,140840,commodity,Commodities: Silver,Equity,Dixon Technologies,Consumer Discretionary,53.08,,,4.08
Invesco India Focused Reg,INF205K01N94,140840,commodity,Commodities: Silver,Equity,Eternal,Technology,688.71,,,4.01
Invesco India Focused Reg,INF205K01N94,140840,commodity,Commodities: Silver,Equity,Delhivery,Industrials,225.47,,,3.97
Invesco India Focused Reg,INF205K01N94,140840,commodity,Commodities: Silver,Equity,TVS Motor,Consumer Discretionary,54.03,,,3.84
Invesco India Focused Reg,INF205K01N94,140840,commodity,Commodities: Silver,Equity,Global Health,Healthcare,60.89,,,3.68
Invesco India Focused Reg,INF205K01N94,140840,commodity,Commodities: Silver,Equity,MCX,Financial,53.17,,,3.34
Invesco India Focused Reg,INF205K01N94,140840,commodity,Commodities: Silver,Equity,BEML,Industrials,102.02,,,2.52
Invesco India Focused Reg,INF205K01N94,140840,commodity,Commodities: Silver,Equity,The Phoenix Mills,Real Estate,55.13,,,2.41
Invesco India Focused Reg,INF205K01N94,140840,commodity,Commodities: Silver,Equity,Century Textiles,Materials,,,,1.67
Invesco India Focused Reg,INF205K01N94,140840,commodity,Commodities: Silver,Equity,Trent,Consumer Discretionary,97.62,,,1.51
Invesco India Focused Reg,INF205K01N94,140840,commodity,Commodities: Silver,Equity,Cohance Lifesciences,Healthcare,86.74,,,1.44
Invesco India Focused Reg,INF205K01N94,140840,commodity,Commodities: Silver,Equity,Prestige Estates,Real Estate,53.65,,,1.43
Invesco India Focused Reg,INF205K01N94,140840,commodity,Commodities: Silver,Equity,TVS Motor Company Ltd Pref. Shares 6.00 01/09/2026,Consumer Discretionary,,,,0.02
ITI Flexi Cap Reg,INF00XX01CL3,151377,commodity,Commodities: Silver,Equity,HDFC Bank,Financial,15.76,,,4.48
ITI Flexi Cap Reg,INF00XX01CL3,151377,commodity,Commodities: Silver,Equity,ICICI Bank,Financial,17.8,,,4.25
ITI Flexi Cap Reg,INF00XX01CL3,151377,commodity,Commodities: Silver,Equity,Reliance Ind,Energy & Utilities,22.25,,,3.88
ITI Flexi Cap Reg,INF00XX01CL3,151377,commodity,Commodities: Silver,Equity,Bharti Airtel,Technology,43.19,,,2.61
ITI Flexi Cap Reg,INF00XX01CL3,151377,commodity,Commodities: Silver,Equity,Larsen & Toubro,Industrials,35.92,,,2.38
ITI Flexi Cap Reg,INF00XX01CL3,151377,commodity,Commodities: Silver,Equity,Aditya Infotech,Technology,112.9,,,2.04
ITI Flexi Cap Reg,INF00XX01CL3,151377,commodity,Commodities: Silver,Equity,SBI,Financial,11.46,,,2
ITI Flexi Cap Reg,INF00XX01CL3,151377,commodity,Commodities: Silver,Equity,Axis Bank,Financial,15.95,,,1.86
ITI Flexi Cap Reg,INF00XX01CL3,151377,commodity,Commodities: Silver,Equity,Wockhardt,Healthcare,152.64,,,1.79
ITI Flexi Cap Reg,INF00XX01CL3,151377,commodity,Commodities: Silver,Equity,NTPC,Energy & Utilities,13.09,,,1.72
ITI Flexi Cap Reg,INF00XX01CL3,151377,commodity,Commodities: Silver,Equity,KSH International,Industrials,54.51,,,1.72
ITI Flexi Cap Reg,INF00XX01CL3,151377,commodity,Commodities: Silver,Equity,MCX,Financial,53.17,,,1.7
ITI Flexi Cap Reg,INF00XX01CL3,151377,commodity,Commodities: Silver,Equity,Ather Energy,Consumer Discretionary,,,,1.65
ITI Flexi Cap Reg,INF00XX01CL3,151377,commodity,Commodities: Silver,Equity,VA Tech Wabag,Energy & Utilities,32.52,,,1.63
ITI Flexi Cap Reg,INF00XX01CL3,151377,commodity,Commodities: Silver,Equity,Cemindia Projects,Industrials,35.79,,,1.63
ITI Flexi Cap Reg,INF00XX01CL3,151377,commodity,Commodities: Silver,Equity,Apar,Diversified,64.77,,,1.55
ITI Flexi Cap Reg,INF00XX01CL3,151377,commodity,Commodities: Silver,Equity,Varun Beverages,Consumer Staples,56.66,,,1.54
ITI Flexi Cap Reg,INF00XX01CL3,151377,commodity,Commodities: Silver,Equity,Navin Fluorine,Materials,57.43,,,1.49
ITI Flexi Cap Reg,INF00XX01CL3,151377,commodity,Commodities: Silver,Equity,Sai Life Sciences,Healthcare,73.86,,,1.46
ITI Flexi Cap Reg,INF00XX01CL3,151377,commodity,Commodities: Silver,Equity,Hindustan Copper,Materials,53.21,,,1.46
ITI Flexi Cap Reg,INF00XX01CL3,151377,commodity,Commodities: Silver,Equity,Arvind,Consumer Discretionary,32.34,,,1.45
ITI Flexi Cap Reg,INF00XX01CL3,151377,commodity,Commodities: Silver,Equity,Divi's Lab,Healthcare,69.75,,,1.43
ITI Flexi Cap Reg,INF00XX01CL3,151377,commodity,Commodities: Silver,Equity,Kotak Bank,Financial,20.63,,,1.41
ITI Flexi Cap Reg,INF00XX01CL3,151377,commodity,Commodities: Silver,Equity,Linde India,Materials,111.86,,,1.4
ITI Flexi Cap Reg,INF00XX01CL3,151377,commodity,Commodities: Silver,Equity,ITC,Consumer Staples,17.56,,,1.37
ITI Focused Reg,INF00XX01DE3,148259,commodity,Commodities: Silver,Equity,Wockhardt,Healthcare,152.64,,,4.87
ITI Focused Reg,INF00XX01DE3,148259,commodity,Commodities: Silver,Equity,Solar,Materials,98.23,,,4.79
ITI Focused Reg,INF00XX01DE3,148259,commodity,Commodities: Silver,Equity,MCX,Financial,53.17,,,4.69
ITI Focused Reg,INF00XX01DE3,148259,commodity,Commodities: Silver,Equity,HDFC Bank,Financial,15.76,,,4.63
ITI Focused Reg,INF00XX01DE3,148259,commodity,Commodities: Silver,Equity,ICICI Bank,Financial,17.8,,,4.6
ITI Focused Reg,INF00XX01DE3,148259,commodity,Commodities: Silver,Equity,Reliance Ind,Energy & Utilities,22.25,,,4.24
ITI Focused Reg,INF00XX01DE3,148259,commodity,Commodities: Silver,Equity,Graphite India,Industrials,71.23,,,4.01
ITI Focused Reg,INF00XX01DE3,148259,commodity,Commodities: Silver,Equity,Fortis Healthcare,Healthcare,69.79,,,3.66
ITI Focused Reg,INF00XX01DE3,148259,commodity,Commodities: Silver,Equity,NLC India,Energy & Utilities,12.58,,,3.59
ITI Focused Reg,INF00XX01DE3,148259,commodity,Commodities: Silver,Equity,ZF Commercial,Consumer Discretionary,58.16,,,3.58
ITI Focused Reg,INF00XX01DE3,148259,commodity,Commodities: Silver,Equity,SBI,Financial,11.46,,,3.49
ITI Focused Reg,INF00XX01DE3,148259,commodity,Commodities: Silver,Equity,Tata Consumer,Consumer Staples,71.05,,,3.18
ITI Focused Reg,INF00XX01DE3,148259,commodity,Commodities: Silver,Equity,Bharti Airtel,Technology,43.19,,,3.05
ITI Focused Reg,INF00XX01DE3,148259,commodity,Commodities: Silver,Equity,AIA Engineering,Industrials,34.68,,,3.03
ITI Focused Reg,INF00XX01DE3,148259,commodity,Commodities: Silver,Equity,KRN Heat Exchanger And Refrigeration,Industrials,106.15,,,3.02
ITI Focused Reg,INF00XX01DE3,148259,commodity,Commodities: Silver,Equity,Larsen & Toubro,Industrials,35.92,,,2.9
ITI Focused Reg,INF00XX01DE3,148259,commodity,Commodities: Silver,Equity,Shriram Finance,Financial,23.5,,,2.88
ITI Focused Reg,INF00XX01DE3,148259,commodity,Commodities: Silver,Equity,Ultratech Cement,Materials,40.9,,,2.85
ITI Focused Reg,INF00XX01DE3,148259,commodity,Commodities: Silver,Equity,Varun Beverages,Consumer Staples,56.66,,,2.74
ITI Focused Reg,INF00XX01DE3,148259,commodity,Commodities: Silver,Equity,Sun Pharmaceutical,Healthcare,38.15,,,2.67
ITI Focused Reg,INF00XX01DE3,148259,commodity,Commodities: Silver,Equity,Anant Raj,Real Estate,33.71,,,2.58
ITI Focused Reg,INF00XX01DE3,148259,commodity,Commodities: Silver,Equity,Vedanta,Materials,6.75,,,2.56
ITI Focused Reg,INF00XX01DE3,148259,commodity,Commodities: Silver,Equity,Dixon Technologies,Consumer Discretionary,53.08,,,2.39
ITI Focused Reg,INF00XX01DE3,148259,commodity,Commodities: Silver,Equity,Maruti Suzuki,Consumer Discretionary,28.73,,,2.08
ITI Focused Reg,INF00XX01DE3,148259,commodity,Commodities: Silver,Equity,Cummins India,Industrials,68.6,,,1.96
JM Flexicap Reg,INF192K01635,109522,commodity,Commodities: Silver,Equity,HDFC Bank,Financial,15.76,,,5.07
JM Flexicap Reg,INF192K01635,109522,commodity,Commodities: Silver,Equity,ICICI Bank,Financial,17.8,,,4.39
JM Flexicap Reg,INF192K01635,109522,commodity,Commodities: Silver,Equity,Godfrey Phillips,Consumer Staples,22.91,,,3.06
JM Flexicap Reg,INF192K01635,109522,commodity,Commodities: Silver,Equity,Larsen & Toubro,Industrials,35.92,,,2.79
JM Flexicap Reg,INF192K01635,109522,commodity,Commodities: Silver,Equity,Arvind,Consumer Discretionary,32.34,,,2.6
JM Flexicap Reg,INF192K01635,109522,commodity,Commodities: Silver,Equity,One97 Comm,Industrials,126.07,,,2.18
JM Flexicap Reg,INF192K01635,109522,commodity,Commodities: Silver,Equity,NTPC,Energy & Utilities,13.09,,,2.18
JM Flexicap Reg,INF192K01635,109522,commodity,Commodities: Silver,Equity,Garware Hi-Tech,Materials,46.36,,,2.12
JM Flexicap Reg,INF192K01635,109522,commodity,Commodities: Silver,Equity,Bharti Airtel,Technology,43.19,,,2.09
JM Flexicap Reg,INF192K01635,109522,commodity,Commodities: Silver,Equity,SBI,Financial,11.46,,,2.07
JM Flexicap Reg,INF192K01635,109522,commodity,Commodities: Silver,Equity,Maruti Suzuki,Consumer Discretionary,28.73,,,2.07
JM Flexicap Reg,INF192K01635,109522,commodity,Commodities: Silver,Equity,Infosys,Technology,14.36,,,1.93
JM Flexicap Reg,INF192K01635,109522,commodity,Commodities: Silver,Equity,Bharat Heavy Elect,Industrials,89.9,,,1.89
JM Flexicap Reg,INF192K01635,109522,commodity,Commodities: Silver,Equity,Shriram Finance,Financial,23.5,,,1.87
JM Flexicap Reg,INF192K01635,109522,commodity,Commodities: Silver,Equity,Apollo Hospitals,Healthcare,62.53,,,1.8
JM Flexicap Reg,INF192K01635,109522,commodity,Commodities: Silver,Equity,Reliance Ind,Energy & Utilities,22.25,,,1.73
JM Flexicap Reg,INF192K01635,109522,commodity,Commodities: Silver,Equity,Hero Motocorp,Consumer Discretionary,17.3,,,1.69
JM Flexicap Reg,INF192K01635,109522,commodity,Commodities: Silver,Equity,Bharat Forge,Consumer Discretionary,90.13,,,1.68
JM Flexicap Reg,INF192K01635,109522,commodity,Commodities: Silver,Equity,Divi's Lab,Healthcare,69.75,,,1.64
JM Flexicap Reg,INF192K01635,109522,commodity,Commodities: Silver,Equity,Tech Mahindra,Technology,28.24,,,1.58
JM Flexicap Reg,INF192K01635,109522,commodity,Commodities: Silver,Equity,Hindalco Ind,Materials,16.96,,,1.56
JM Flexicap Reg,INF192K01635,109522,commodity,Commodities: Silver,Equity,Dr. Reddy'S Labs,Healthcare,25.16,,,1.54
JM Flexicap Reg,INF192K01635,109522,commodity,Commodities: Silver,Equity,Axis Bank,Financial,15.95,,,1.52
JM Flexicap Reg,INF192K01635,109522,commodity,Commodities: Silver,Equity,ONGC,Energy & Utilities,7.42,,,1.51
JM Flexicap Reg,INF192K01635,109522,commodity,Commodities: Silver,Equity,Restaurant King,Consumer Discretionary,,,,1.44
JM Focused Reg,INF192K01GZ3,104522,commodity,Commodities: Silver,Equity,Ujjivan SF Bank,Financial,16.13,,,5.21
JM Focused Reg,INF192K01GZ3,104522,commodity,Commodities: Silver,Equity,Larsen & Toubro,Industrials,35.92,,,5.05
JM Focused Reg,INF192K01GZ3,104522,commodity,Commodities: Silver,Equity,Amber Enterprises,Consumer Discretionary,157.13,,,4.93
JM Focused Reg,INF192K01GZ3,104522,commodity,Commodities: Silver,Equity,Onesource Specialty Pharma,Healthcare,,,,4.3
JM Focused Reg,INF192K01GZ3,104522,commodity,Commodities: Silver,Equity,Bajaj Finance,Financial,31.57,,,4.29
JM Focused Reg,INF192K01GZ3,104522,commodity,Commodities: Silver,Equity,One97 Comm,Industrials,126.07,,,4.21
JM Focused Reg,INF192K01GZ3,104522,commodity,Commodities: Silver,Equity,Premier Energies,Energy & Utilities,32.17,,,4.19
JM Focused Reg,INF192K01GZ3,104522,commodity,Commodities: Silver,Equity,Adani Ports,Industrials,33.02,,,4.14
JM Focused Reg,INF192K01GZ3,104522,commodity,Commodities: Silver,Equity,Eternal,Technology,688.71,,,4.14
JM Focused Reg,INF192K01GZ3,104522,commodity,Commodities: Silver,Equity,IDFC First Bank,Financial,41.94,,,4.09
JM Focused Reg,INF192K01GZ3,104522,commodity,Commodities: Silver,Equity,HDFC Bank,Financial,15.76,,,3.87
JM Focused Reg,INF192K01GZ3,104522,commodity,Commodities: Silver,Equity,Eicher Motors,Consumer Discretionary,37.69,,,3.73
JM Focused Reg,INF192K01GZ3,104522,commodity,Commodities: Silver,Equity,Tata Steel,Materials,22.91,,,3.66
JM Focused Reg,INF192K01GZ3,104522,commodity,Commodities: Silver,Equity,Titan,Consumer Discretionary,77.17,,,3.58
JM Focused Reg,INF192K01GZ3,104522,commodity,Commodities: Silver,Equity,Hindustan Aero,Industrials,32.38,,,3.55
JM Focused Reg,INF192K01GZ3,104522,commodity,Commodities: Silver,Equity,Max Healthcare,Healthcare,73.57,,,3.5
JM Focused Reg,INF192K01GZ3,104522,commodity,Commodities: Silver,Equity,Shriram Finance,Financial,23.5,,,3.4
JM Focused Reg,INF192K01GZ3,104522,commodity,Commodities: Silver,Equity,JSW Energy,Energy & Utilities,46.76,,,3.2
JM Focused Reg,INF192K01GZ3,104522,commodity,Commodities: Silver,Equity,Mphasis,Technology,22.9,,,3.14
JM Focused Reg,INF192K01GZ3,104522,commodity,Commodities: Silver,Equity,Trent,Consumer Discretionary,97.62,,,3.11
JM Focused Reg,INF192K01GZ3,104522,commodity,Commodities: Silver,Equity,Nippon Life AMC,Financial,49.33,,,2.98
JM Focused Reg,INF192K01GZ3,104522,commodity,Commodities: Silver,Equity,Bharti Airtel,Technology,43.19,,,2.95
JM Focused Reg,INF192K01GZ3,104522,commodity,Commodities: Silver,Equity,Linde India,Materials,111.86,,,2.7
JM Focused Reg,INF192K01GZ3,104522,commodity,Commodities: Silver,Equity,Gravita India,Industrials,33.8,,,2.63
JM Focused Reg,INF192K01GZ3,104522,commodity,Commodities: Silver,Equity,Tata Motors Passenger Vehicles,Consumer Discretionary,1.61,,,2.54
Kotak Flexicap Reg,INF174K01FK5,107265,commodity,Commodities: Silver,Equity,Bharat Electronics,Industrials,51.44,,,5.51
Kotak Flexicap Reg,INF174K01FK5,107265,commodity,Commodities: Silver,Equity,HDFC Bank,Financial,15.76,,,5.37
Kotak Flexicap Reg,INF174K01FK5,107265,commodity,Commodities: Silver,Equity,ICICI Bank,Financial,17.8,,,5.04
Kotak Flexicap Reg,INF174K01FK5,107265,commodity,Commodities: Silver,Equity,SBI,Financial,11.46,,,4.19
Kotak Flexicap Reg,INF174K01FK5,107265,commodity,Commodities: Silver,Equity,Jindal Steel,Materials,34.38,,,4.19
Kotak Flexicap Reg,INF174K01FK5,107265,commodity,Commodities: Silver,Equity,Larsen & Toubro,Industrials,35.92,,,3.94
Kotak Flexicap Reg,INF174K01FK5,107265,commodity,Commodities: Silver,Equity,Axis Bank,Financial,15.95,,,3.76
Kotak Flexicap Reg,INF174K01FK5,107265,commodity,Commodities: Silver,Equity,Solar,Materials,98.23,,,3.33
Kotak Flexicap Reg,INF174K01FK5,107265,commodity,Commodities: Silver,Equity,Eternal,Technology,688.71,,,3.2
Kotak Flexicap Reg,INF174K01FK5,107265,commodity,Commodities: Silver,Equity,SRF,Materials,43.91,,,3.1
Kotak Flexicap Reg,INF174K01FK5,107265,commodity,Commodities: Silver,Equity,Bharti Airtel,Technology,43.19,,,2.9
Kotak Flexicap Reg,INF174K01FK5,107265,commodity,Commodities: Silver,Equity,Ultratech Cement,Materials,40.9,,,2.88
Kotak Flexicap Reg,INF174K01FK5,107265,commodity,Commodities: Silver,Equity,Reliance Ind,Energy & Utilities,22.25,,,2.41
Kotak Flexicap Reg,INF174K01FK5,107265,commodity,Commodities: Silver,Equity,Bharat Forge,Consumer Discretionary,90.13,,,2.36
Kotak Flexicap Reg,INF174K01FK5,107265,commodity,Commodities: Silver,Equity,BSE,Financial,65.73,,,2.35
Kotak Flexicap Reg,INF174K01FK5,107265,commodity,Commodities: Silver,Equity,Interglobe Aviation,Industrials,,,,2.17
Kotak Flexicap Reg,INF174K01FK5,107265,commodity,Commodities: Silver,Equity,Zydus Lifesciences,Healthcare,21.36,,,2.06
Kotak Flexicap Reg,INF174K01FK5,107265,commodity,Commodities: Silver,Equity,Thermax,Industrials,77.7,,,1.98
Kotak Flexicap Reg,INF174K01FK5,107265,commodity,Commodities: Silver,Equity,Maruti Suzuki,Consumer Discretionary,28.73,,,1.92
Kotak Flexicap Reg,INF174K01FK5,107265,commodity,Commodities: Silver,Equity,Bajaj Finance,Financial,31.57,,,1.82
Kotak Flexicap Reg,INF174K01FK5,107265,commodity,Commodities: Silver,Equity,Hero Motocorp,Consumer Discretionary,17.3,,,1.79
Kotak Flexicap Reg,INF174K01FK5,107265,commodity,Commodities: Silver,Equity,AU Small Fin Bank,Financial,29.3,,,1.6
Kotak Flexicap Reg,INF174K01FK5,107265,commodity,Commodities: Silver,Equity,Hindalco Ind,Materials,16.96,,,1.54
Kotak Flexicap Reg,INF174K01FK5,107265,commodity,Commodities: Silver,Equity,Infosys,Technology,14.36,,,1.52
Kotak Flexicap Reg,INF174K01FK5,107265,commodity,Commodities: Silver,Equity,NTPC,Energy & Utilities,13.09,,,1.48
Kotak Focused Reg,INF174KA1CM7,147901,commodity,Commodities: Silver,Equity,HDFC Bank,Financial,15.76,,,5.8
Kotak Focused Reg,INF174KA1CM7,147901,commodity,Commodities: Silver,Equity,ICICI Bank,Financial,17.8,,,5.51
Kotak Focused Reg,INF174KA1CM7,147901,commodity,Commodities: Silver,Equity,Bharti Airtel,Technology,43.19,,,4.79
Kotak Focused Reg,INF174KA1CM7,147901,commodity,Commodities: Silver,Equity,Shriram Finance,Financial,23.5,,,4.66
Kotak Focused Reg,INF174KA1CM7,147901,commodity,Commodities: Silver,Equity,SBI,Financial,11.46,,,4.39
Kotak Focused Reg,INF174KA1CM7,147901,commodity,Commodities: Silver,Equity,Eternal,Technology,688.71,,,4.2
Kotak Focused Reg,INF174KA1CM7,147901,commodity,Commodities: Silver,Equity,Reliance Ind,Energy & Utilities,22.25,,,4.05
Kotak Focused Reg,INF174KA1CM7,147901,commodity,Commodities: Silver,Equity,KEI,Industrials,57.97,,,3.91
Kotak Focused Reg,INF174KA1CM7,147901,commodity,Commodities: Silver,Equity,Fortis Healthcare,Healthcare,69.79,,,3.87
Kotak Focused Reg,INF174KA1CM7,147901,commodity,Commodities: Silver,Equity,Bharat Electronics,Industrials,51.44,,,3.6
Kotak Focused Reg,INF174KA1CM7,147901,commodity,Commodities: Silver,Equity,NTPC,Energy & Utilities,13.09,,,3.35
Kotak Focused Reg,INF174KA1CM7,147901,commodity,Commodities: Silver,Equity,Radico Khaitan,Consumer Staples,82.99,,,3.08
Kotak Focused Reg,INF174KA1CM7,147901,commodity,Commodities: Silver,Equity,GE Vernova T&D,Industrials,111.6,,,3.04
Kotak Focused Reg,INF174KA1CM7,147901,commodity,Commodities: Silver,Equity,Axis Bank,Financial,15.95,,,3.03
Kotak Focused Reg,INF174KA1CM7,147901,commodity,Commodities: Silver,Equity,Maruti Suzuki,Consumer Discretionary,28.73,,,3
Kotak Focused Reg,INF174KA1CM7,147901,commodity,Commodities: Silver,Equity,Hero Motocorp,Consumer Discretionary,17.3,,,2.95
Kotak Focused Reg,INF174KA1CM7,147901,commodity,Commodities: Silver,Equity,BSE,Financial,65.73,,,2.84
Kotak Focused Reg,INF174KA1CM7,147901,commodity,Commodities: Silver,Equity,Ultratech Cement,Materials,40.9,,,2.82
Kotak Focused Reg,INF174KA1CM7,147901,commodity,Commodities: Silver,Equity,Astra Microwave,Technology,83.15,,,2.8
Kotak Focused Reg,INF174KA1CM7,147901,commodity,Commodities: Silver,Equity,Larsen & Toubro,Industrials,35.92,,,2.65
Kotak Focused Reg,INF174KA1CM7,147901,commodity,Commodities: Silver,Equity,Interglobe Aviation,Industrials,,,,2.64
Kotak Focused Reg,INF174KA1CM7,147901,commodity,Commodities: Silver,Equity,Divi's Lab,Healthcare,69.75,,,2.63
Kotak Focused Reg,INF174KA1CM7,147901,commodity,Commodities: Silver,Equity,Tech Mahindra,Technology,28.24,,,2.56
Kotak Focused Reg,INF174KA1CM7,147901,commodity,Commodities: Silver,Equity,Poonawalla Fincorp,Financial,68.48,,,2.45
Kotak Focused Reg,INF174KA1CM7,147901,commodity,Commodities: Silver,Equity,Krishna Institute,Healthcare,132.36,,,2.39
Kotak Nifty500 Momentum 50 Index Reg,INF174KA1YF1,154030,commodity,Commodities: Silver,Equity,Hindalco Ind,Materials,16.96,,,5.5
Kotak Nifty500 Momentum 50 Index Reg,INF174KA1YF1,154030,commodity,Commodities: Silver,Equity,BSE,Financial,65.73,,,4.84
Kotak Nifty500 Momentum 50 Index Reg,INF174KA1YF1,154030,commodity,Commodities: Silver,Equity,Eicher Motors,Consumer Discretionary,37.69,,,4.73
Kotak Nifty500 Momentum 50 Index Reg,INF174KA1YF1,154030,commodity,Commodities: Silver,Equity,Shriram Finance,Financial,23.5,,,4.69
Kotak Nifty500 Momentum 50 Index Reg,INF174KA1YF1,154030,commodity,Commodities: Silver,Equity,Asian Paints,Materials,60.52,,,4.49
Kotak Nifty500 Momentum 50 Index Reg,INF174KA1YF1,154030,commodity,Commodities: Silver,Equity,Bajaj Finance,Financial,31.57,,,4.45
Kotak Nifty500 Momentum 50 Index Reg,INF174KA1YF1,154030,commodity,Commodities: Silver,Equity,Bharti Airtel,Technology,43.19,,,4.25
Kotak Nifty500 Momentum 50 Index Reg,INF174KA1YF1,154030,commodity,Commodities: Silver,Equity,Mahindra & Mahindra,Consumer Discretionary,22.36,,,4.12
Kotak Nifty500 Momentum 50 Index Reg,INF174KA1YF1,154030,commodity,Commodities: Silver,Equity,Maruti Suzuki,Consumer Discretionary,28.73,,,3.87
Kotak Nifty500 Momentum 50 Index Reg,INF174KA1YF1,154030,commodity,Commodities: Silver,Equity,MCX,Financial,53.17,,,3.29
Kotak Nifty500 Momentum 50 Index Reg,INF174KA1YF1,154030,commodity,Commodities: Silver,Equity,TVS Motor,Consumer Discretionary,54.03,,,3.2
Kotak Nifty500 Momentum 50 Index Reg,INF174KA1YF1,154030,commodity,Commodities: Silver,Equity,Laurus Labs,Healthcare,86.1,,,3.05
Kotak Nifty500 Momentum 50 Index Reg,INF174KA1YF1,154030,commodity,Commodities: Silver,Equity,Cummins India,Industrials,68.6,,,3.03
Kotak Nifty500 Momentum 50 Index Reg,INF174KA1YF1,154030,commodity,Commodities: Silver,Equity,Interglobe Aviation,Industrials,,,,2.92
Kotak Nifty500 Momentum 50 Index Reg,INF174KA1YF1,154030,commodity,Commodities: Silver,Equity,Hero Motocorp,Consumer Discretionary,17.3,,,2.84
Kotak Nifty500 Momentum 50 Index Reg,INF174KA1YF1,154030,commodity,Commodities: Silver,Equity,The Federal Bank,Financial,18.3,,,2.57
Kotak Nifty500 Momentum 50 Index Reg,INF174KA1YF1,154030,commodity,Commodities: Silver,Equity,AU Small Fin Bank,Financial,29.3,,,2.55
Kotak Nifty500 Momentum 50 Index Reg,INF174KA1YF1,154030,commodity,Commodities: Silver,Equity,Muthoot Finance,Financial,11.82,,,2.39
Kotak Nifty500 Momentum 50 Index Reg,INF174KA1YF1,154030,commodity,Commodities: Silver,Equity,GE Vernova T&D,Industrials,111.6,,,2.22
Kotak Nifty500 Momentum 50 Index Reg,INF174KA1YF1,154030,commodity,Commodities: Silver,Equity,L&T Fin,Financial,24.11,,,1.88
Kotak Nifty500 Momentum 50 Index Reg,INF174KA1YF1,154030,commodity,Commodities: Silver,Equity,Canara Bank,Financial,6.8,,,1.82
Kotak Nifty500 Momentum 50 Index Reg,INF174KA1YF1,154030,commodity,Commodities: Silver,Equity,One97 Comm,Industrials,126.07,,,1.75
Kotak Nifty500 Momentum 50 Index Reg,INF174KA1YF1,154030,commodity,Commodities: Silver,Equity,Fortis Healthcare,Healthcare,69.79,,,1.73
Kotak Nifty500 Momentum 50 Index Reg,INF174KA1YF1,154030,commodity,Commodities: Silver,Equity,Cholamandalam Inv,Financial,27.55,,,1.72
Kotak Nifty500 Momentum 50 Index Reg,INF174KA1YF1,154030,commodity,Commodities: Silver,Equity,Max Financial,Financial,677.32,,,1.68
Kotak Nifty Alpha 50 ETF,INF174KA1IA5,149397,commodity,Commodities: Silver,Equity,GE Vernova T&D,Industrials,111.6,,,5.56
Kotak Nifty Alpha 50 ETF,INF174KA1IA5,149397,commodity,Commodities: Silver,Equity,Hitachi Energy,Industrials,164.47,,,4.46
Kotak Nifty Alpha 50 ETF,INF174KA1IA5,149397,commodity,Commodities: Silver,Equity,Hindustan Copper,Materials,53.21,,,3.95
Kotak Nifty Alpha 50 ETF,INF174KA1IA5,149397,commodity,Commodities: Silver,Equity,MCX,Financial,53.17,,,3.54
Kotak Nifty Alpha 50 ETF,INF174KA1IA5,149397,commodity,Commodities: Silver,Equity,Laurus Labs,Healthcare,86.1,,,3.32
Kotak Nifty Alpha 50 ETF,INF174KA1IA5,149397,commodity,Commodities: Silver,Equity,Aditya Birla,Financial,26.17,,,3.18
Kotak Nifty Alpha 50 ETF,INF174KA1IA5,149397,commodity,Commodities: Silver,Equity,RBL Bank,Financial,66.18,,,2.79
Kotak Nifty Alpha 50 ETF,INF174KA1IA5,149397,commodity,Commodities: Silver,Equity,L&T Fin,Financial,24.11,,,2.75
Kotak Nifty Alpha 50 ETF,INF174KA1IA5,149397,commodity,Commodities: Silver,Equity,Apar,Diversified,64.77,,,2.67
Kotak Nifty Alpha 50 ETF,INF174KA1IA5,149397,commodity,Commodities: Silver,Equity,Polycab India,Industrials,56.42,,,2.62
Kotak Nifty Alpha 50 ETF,INF174KA1IA5,149397,commodity,Commodities: Silver,Equity,National Aluminium,Materials,11.8,,,2.54
Kotak Nifty Alpha 50 ETF,INF174KA1IA5,149397,commodity,Commodities: Silver,Equity,Cummins India,Industrials,68.6,,,2.45
Kotak Nifty Alpha 50 ETF,INF174KA1IA5,149397,commodity,Commodities: Silver,Equity,Karur Vysya Bank,Financial,11.2,,,2.38
Kotak Nifty Alpha 50 ETF,INF174KA1IA5,149397,commodity,Commodities: Silver,Equity,BSE,Financial,65.73,,,2.3
Kotak Nifty Alpha 50 ETF,INF174KA1IA5,149397,commodity,Commodities: Silver,Equity,Canara Bank,Financial,6.8,,,2.23
Kotak Nifty Alpha 50 ETF,INF174KA1IA5,149397,commodity,Commodities: Silver,Equity,Max Financial,Financial,677.32,,,2.22
Kotak Nifty Alpha 50 ETF,INF174KA1IA5,149397,commodity,Commodities: Silver,Equity,Bharat Forge,Consumer Discretionary,90.13,,,2.18
Kotak Nifty Alpha 50 ETF,INF174KA1IA5,149397,commodity,Commodities: Silver,Equity,Ashok Leyland,Industrials,26.42,,,2.15
Kotak Nifty Alpha 50 ETF,INF174KA1IA5,149397,commodity,Commodities: Silver,Equity,Indian Bank,Financial,10.07,,,2.14
Kotak Nifty Alpha 50 ETF,INF174KA1IA5,149397,commodity,Commodities: Silver,Equity,Delhivery,Industrials,225.47,,,2.07
Kotak Nifty Alpha 50 ETF,INF174KA1IA5,149397,commodity,Commodities: Silver,Equity,AU Small Fin Bank,Financial,29.3,,,2.02
Kotak Nifty Alpha 50 ETF,INF174KA1IA5,149397,commodity,Commodities: Silver,Equity,Navin Fluorine,Materials,57.43,,,1.99
Kotak Nifty Alpha 50 ETF,INF174KA1IA5,149397,commodity,Commodities: Silver,Equity,The Federal Bank,Financial,18.3,,,1.97
Kotak Nifty Alpha 50 ETF,INF174KA1IA5,149397,commodity,Commodities: Silver,Equity,Glenmark Pharmaceuticals,Healthcare,45.49,,,1.94
Kotak Nifty Alpha 50 ETF,INF174KA1IA5,149397,commodity,Commodities: Silver,Equity,Bharat Electronics,Industrials,51.44,,,1.94
Kotak Nifty Alpha 50 Index Reg,INF174KA1XJ5,153784,commodity,Commodities: Silver,Equity,GE Vernova T&D,Industrials,111.6,,,5.57
Kotak Nifty Alpha 50 Index Reg,INF174KA1XJ5,153784,commodity,Commodities: Silver,Equity,Hitachi Energy,Industrials,164.47,,,4.49
Kotak Nifty Alpha 50 Index Reg,INF174KA1XJ5,153784,commodity,Commodities: Silver,Equity,Hindustan Copper,Materials,53.21,,,3.96
Kotak Nifty Alpha 50 Index Reg,INF174KA1XJ5,153784,commodity,Commodities: Silver,Equity,MCX,Financial,53.17,,,3.55
Kotak Nifty Alpha 50 Index Reg,INF174KA1XJ5,153784,commodity,Commodities: Silver,Equity,Laurus Labs,Healthcare,86.1,,,3.33
Kotak Nifty Alpha 50 Index Reg,INF174KA1XJ5,153784,commodity,Commodities: Silver,Equity,Aditya Birla,Financial,26.17,,,3.19
Kotak Nifty Alpha 50 Index Reg,INF174KA1XJ5,153784,commodity,Commodities: Silver,Equity,RBL Bank,Financial,66.18,,,2.8
Kotak Nifty Alpha 50 Index Reg,INF174KA1XJ5,153784,commodity,Commodities: Silver,Equity,L&T Fin,Financial,24.11,,,2.76
Kotak Nifty Alpha 50 Index Reg,INF174KA1XJ5,153784,commodity,Commodities: Silver,Equity,Apar,Diversified,64.77,,,2.67
Kotak Nifty Alpha 50 Index Reg,INF174KA1XJ5,153784,commodity,Commodities: Silver,Equity,Polycab India,Industrials,56.42,,,2.61
Kotak Nifty Alpha 50 Index Reg,INF174KA1XJ5,153784,commodity,Commodities: Silver,Equity,National Aluminium,Materials,11.8,,,2.55
Kotak Nifty Alpha 50 Index Reg,INF174KA1XJ5,153784,commodity,Commodities: Silver,Equity,Cummins India,Industrials,68.6,,,2.45
Kotak Nifty Alpha 50 Index Reg,INF174KA1XJ5,153784,commodity,Commodities: Silver,Equity,Karur Vysya Bank,Financial,11.2,,,2.39
Kotak Nifty Alpha 50 Index Reg,INF174KA1XJ5,153784,commodity,Commodities: Silver,Equity,BSE,Financial,65.73,,,2.31
Kotak Nifty Alpha 50 Index Reg,INF174KA1XJ5,153784,commodity,Commodities: Silver,Equity,Canara Bank,Financial,6.8,,,2.24
Kotak Nifty Alpha 50 Index Reg,INF174KA1XJ5,153784,commodity,Commodities: Silver,Equity,Max Financial,Financial,677.32,,,2.22
Kotak Nifty Alpha 50 Index Reg,INF174KA1XJ5,153784,commodity,Commodities: Silver,Equity,Bharat Forge,Consumer Discretionary,90.13,,,2.19
Kotak Nifty Alpha 50 Index Reg,INF174KA1XJ5,153784,commodity,Commodities: Silver,Equity,Ashok Leyland,Industrials,26.42,,,2.15
Kotak Nifty Alpha 50 Index Reg,INF174KA1XJ5,153784,commodity,Commodities: Silver,Equity,Indian Bank,Financial,10.07,,,2.14
Kotak Nifty Alpha 50 Index Reg,INF174KA1XJ5,153784,commodity,Commodities: Silver,Equity,Delhivery,Industrials,225.47,,,2.07
Kotak Nifty Alpha 50 Index Reg,INF174KA1XJ5,153784,commodity,Commodities: Silver,Equity,AU Small Fin Bank,Financial,29.3,,,2.02
Kotak Nifty Alpha 50 Index Reg,INF174KA1XJ5,153784,commodity,Commodities: Silver,Equity,Navin Fluorine,Materials,57.43,,,1.99
Kotak Nifty Alpha 50 Index Reg,INF174KA1XJ5,153784,commodity,Commodities: Silver,Equity,The Federal Bank,Financial,18.3,,,1.97
Kotak Nifty Alpha 50 Index Reg,INF174KA1XJ5,153784,commodity,Commodities: Silver,Equity,Glenmark Pharmaceuticals,Healthcare,45.49,,,1.94
Kotak Nifty Alpha 50 Index Reg,INF174KA1XJ5,153784,commodity,Commodities: Silver,Equity,Bharat Electronics,Industrials,51.44,,,1.94
LIC MF Children's Reg,INF767K01048,101271,commodity,Commodities: Silver,Equity,Axis Bank,Financial,15.95,,,3.6
LIC MF Children's Reg,INF767K01048,101271,commodity,Commodities: Silver,Equity,HDFC Bank,Financial,15.76,,,2.99
LIC MF Children's Reg,INF767K01048,101271,commodity,Commodities: Silver,Equity,Larsen & Toubro,Industrials,35.92,,,2.76
LIC MF Children's Reg,INF767K01048,101271,commodity,Commodities: Silver,Equity,Onesource Specialty Pharma,Healthcare,,,,2.43
LIC MF Children's Reg,INF767K01048,101271,commodity,Commodities: Silver,Equity,SBI,Financial,11.46,,,2.4
LIC MF Children's Reg,INF767K01048,101271,commodity,Commodities: Silver,Equity,ICICI Bank,Financial,17.8,,,2.32
LIC MF Children's Reg,INF767K01048,101271,commodity,Commodities: Silver,Equity,Kotak Bank,Financial,20.63,,,2.27
LIC MF Children's Reg,INF767K01048,101271,commodity,Commodities: Silver,Equity,Neuland Lab,Healthcare,61.01,,,2.14
LIC MF Children's Reg,INF767K01048,101271,commodity,Commodities: Silver,Equity,Arvind Fashions,Consumer Discretionary,52.07,,,2.13
LIC MF Children's Reg,INF767K01048,101271,commodity,Commodities: Silver,Equity,Hitachi Energy,Industrials,164.47,,,2.07
LIC MF Children's Reg,INF767K01048,101271,commodity,Commodities: Silver,Equity,KSH International,Industrials,54.51,,,1.99
LIC MF Children's Reg,INF767K01048,101271,commodity,Commodities: Silver,Equity,Piramal Pharma,Healthcare,,,,1.97
LIC MF Children's Reg,INF767K01048,101271,commodity,Commodities: Silver,Equity,Siemens Energy India,Energy & Utilities,103.2,,,1.85
LIC MF Children's Reg,INF767K01048,101271,commodity,Commodities: Silver,Equity,Mahindra & Mahindra,Consumer Discretionary,22.36,,,1.78
LIC MF Children's Reg,INF767K01048,101271,commodity,Commodities: Silver,Equity,Apar,Diversified,64.77,,,1.66
LIC MF Children's Reg,INF767K01048,101271,commodity,Commodities: Silver,Equity,Sun Pharmaceutical,Healthcare,38.15,,,1.64
LIC MF Children's Reg,INF767K01048,101271,commodity,Commodities: Silver,Equity,Maruti Suzuki,Consumer Discretionary,28.73,,,1.64
LIC MF Children's Reg,INF767K01048,101271,commodity,Commodities: Silver,Equity,Ultratech Cement,Materials,40.9,,,1.62
LIC MF Children's Reg,INF767K01048,101271,commodity,Commodities: Silver,Equity,MCX,Financial,53.17,,,1.55
LIC MF Children's Reg,INF767K01048,101271,commodity,Commodities: Silver,Equity,VA Tech Wabag,Energy & Utilities,32.52,,,1.47
LIC MF Children's Reg,INF767K01048,101271,commodity,Commodities: Silver,Equity,KPIT Technologies,Technology,32.04,,,1.4
LIC MF Children's Reg,INF767K01048,101271,commodity,Commodities: Silver,Equity,International Gemological Institute,Consumer Discretionary,21.6,,,1.4
LIC MF Children's Reg,INF767K01048,101271,commodity,Commodities: Silver,Equity,Tata Motors,Industrials,48.67,,,1.39
LIC MF Children's Reg,INF767K01048,101271,commodity,Commodities: Silver,Equity,Coromandel Intl,Materials,30.42,,,1.36
LIC MF Children's Reg,INF767K01048,101271,commodity,Commodities: Silver,Equity,Chalet Hotels,Consumer Discretionary,26.8,,,1.35
LIC MF Flexi Cap Reg,INF767K01071,100313,commodity,Commodities: Silver,Equity,ICICI Bank,Financial,17.8,,,6.35
LIC MF Flexi Cap Reg,INF767K01071,100313,commodity,Commodities: Silver,Equity,Axis Bank,Financial,15.95,,,4.03
LIC MF Flexi Cap Reg,INF767K01071,100313,commodity,Commodities: Silver,Equity,Larsen & Toubro,Industrials,35.92,,,3.43
LIC MF Flexi Cap Reg,INF767K01071,100313,commodity,Commodities: Silver,Equity,Solar,Materials,98.23,,,3.29
LIC MF Flexi Cap Reg,INF767K01071,100313,commodity,Commodities: Silver,Equity,Apollo Hospitals,Healthcare,62.53,,,3.24
LIC MF Flexi Cap Reg,INF767K01071,100313,commodity,Commodities: Silver,Equity,Navin Fluorine,Materials,57.43,,,3.15
LIC MF Flexi Cap Reg,INF767K01071,100313,commodity,Commodities: Silver,Equity,Torrent Pharma,Healthcare,69.41,,,2.97
LIC MF Flexi Cap Reg,INF767K01071,100313,commodity,Commodities: Silver,Equity,Hitachi Energy,Industrials,164.47,,,2.89
LIC MF Flexi Cap Reg,INF767K01071,100313,commodity,Commodities: Silver,Equity,Interglobe Aviation,Industrials,,,,2.87
LIC MF Flexi Cap Reg,INF767K01071,100313,commodity,Commodities: Silver,Equity,Sun Pharmaceutical,Healthcare,38.15,,,2.86
LIC MF Flexi Cap Reg,INF767K01071,100313,commodity,Commodities: Silver,Equity,Bharti Airtel,Technology,43.19,,,2.85
LIC MF Flexi Cap Reg,INF767K01071,100313,commodity,Commodities: Silver,Equity,Ujjivan SF Bank,Financial,16.13,,,2.68
LIC MF Flexi Cap Reg,INF767K01071,100313,commodity,Commodities: Silver,Equity,Samvardhana Motherson,Consumer Discretionary,39.79,,,2.5
LIC MF Flexi Cap Reg,INF767K01071,100313,commodity,Commodities: Silver,Equity,Syrma Sgs Tech,Technology,79.86,,,2.48
LIC MF Flexi Cap Reg,INF767K01071,100313,commodity,Commodities: Silver,Equity,The Phoenix Mills,Real Estate,55.13,,,2.31
LIC MF Flexi Cap Reg,INF767K01071,100313,commodity,Commodities: Silver,Equity,Coforge,Technology,41.51,,,2.23
LIC MF Flexi Cap Reg,INF767K01071,100313,commodity,Commodities: Silver,Equity,Max Financial,Financial,677.32,,,2.21
LIC MF Flexi Cap Reg,INF767K01071,100313,commodity,Commodities: Silver,Equity,Aditya Birla,Financial,26.17,,,2.14
LIC MF Flexi Cap Reg,INF767K01071,100313,commodity,Commodities: Silver,Equity,MCX,Financial,53.17,,,2.13
LIC MF Flexi Cap Reg,INF767K01071,100313,commodity,Commodities: Silver,Equity,ITC Hotels,Consumer Discretionary,42.76,,,2.07
LIC MF Flexi Cap Reg,INF767K01071,100313,commodity,Commodities: Silver,Equity,Radico Khaitan,Consumer Staples,82.99,,,2.05
LIC MF Flexi Cap Reg,INF767K01071,100313,commodity,Commodities: Silver,Equity,VA Tech Wabag,Energy & Utilities,32.52,,,2.03
LIC MF Flexi Cap Reg,INF767K01071,100313,commodity,Commodities: Silver,Equity,Shriram Finance,Financial,23.5,,,2.02
LIC MF Flexi Cap Reg,INF767K01071,100313,commodity,Commodities: Silver,Equity,One97 Comm,Industrials,126.07,,,2.01
LIC MF Flexi Cap Reg,INF767K01071,100313,commodity,Commodities: Silver,Equity,JK Cement,Materials,42.48,,,2
LIC MF Focused Reg,INF397L01KE9,152009,commodity,Commodities: Silver,Equity,Schaeffler India,Industrials,55.86,,,4.94
LIC MF Focused Reg,INF397L01KE9,152009,commodity,Commodities: Silver,Equity,Interglobe Aviation,Industrials,,,,4.8
LIC MF Focused Reg,INF397L01KE9,152009,commodity,Commodities: Silver,Equity,Tata Motors,Industrials,48.67,,,4.73
LIC MF Focused Reg,INF397L01KE9,152009,commodity,Commodities: Silver,Equity,SBI,Financial,11.46,,,4.7
LIC MF Focused Reg,INF397L01KE9,152009,commodity,Commodities: Silver,Equity,ICICI Bank,Financial,17.8,,,4.68
LIC MF Focused Reg,INF397L01KE9,152009,commodity,Commodities: Silver,Equity,KSH International,Industrials,54.51,,,4.35
LIC MF Focused Reg,INF397L01KE9,152009,commodity,Commodities: Silver,Equity,JSW Infrastructure,Industrials,42.37,,,4.13
LIC MF Focused Reg,INF397L01KE9,152009,commodity,Commodities: Silver,Equity,Lenskart Solutions,Consumer Discretionary,179.08,,,4.13
LIC MF Focused Reg,INF397L01KE9,152009,commodity,Commodities: Silver,Equity,Tata Power,Energy & Utilities,34.16,,,4.11
LIC MF Focused Reg,INF397L01KE9,152009,commodity,Commodities: Silver,Equity,Garware Hi-Tech,Materials,46.36,,,4.03
LIC MF Focused Reg,INF397L01KE9,152009,commodity,Commodities: Silver,Equity,Tata Motors Passenger Vehicles,Consumer Discretionary,1.61,,,3.82
LIC MF Focused Reg,INF397L01KE9,152009,commodity,Commodities: Silver,Equity,Sun Pharmaceutical,Healthcare,38.15,,,3.81
LIC MF Focused Reg,INF397L01KE9,152009,commodity,Commodities: Silver,Equity,Mahin & Mahin Fin,Financial,14.26,,,3.63
LIC MF Focused Reg,INF397L01KE9,152009,commodity,Commodities: Silver,Equity,Mahindra Lifespace,Real Estate,24.98,,,3.51
LIC MF Focused Reg,INF397L01KE9,152009,commodity,Commodities: Silver,Equity,Bajaj Auto,Consumer Discretionary,26.01,,,3.34
LIC MF Focused Reg,INF397L01KE9,152009,commodity,Commodities: Silver,Equity,Metro Brands,Consumer Discretionary,68.58,,,3.21
LIC MF Focused Reg,INF397L01KE9,152009,commodity,Commodities: Silver,Equity,Divgi Torqtransfer,Consumer Discretionary,55.53,,,3.11
LIC MF Focused Reg,INF397L01KE9,152009,commodity,Commodities: Silver,Equity,Axis Bank,Financial,15.95,,,2.89
LIC MF Focused Reg,INF397L01KE9,152009,commodity,Commodities: Silver,Equity,Maruti Suzuki,Consumer Discretionary,28.73,,,2.83
LIC MF Focused Reg,INF397L01KE9,152009,commodity,Commodities: Silver,Equity,Bharat Forge,Consumer Discretionary,90.13,,,2.73
LIC MF Focused Reg,INF397L01KE9,152009,commodity,Commodities: Silver,Equity,Shriram Finance,Financial,23.5,,,2.52
LIC MF Focused Reg,INF397L01KE9,152009,commodity,Commodities: Silver,Equity,Larsen & Toubro,Industrials,35.92,,,2.45
LIC MF Focused Reg,INF397L01KE9,152009,commodity,Commodities: Silver,Equity,Siemens Energy India,Energy & Utilities,103.2,,,2.21
LIC MF Focused Reg,INF397L01KE9,152009,commodity,Commodities: Silver,Equity,KSB,Industrials,60.37,,,2.16
LIC MF Focused Reg,INF397L01KE9,152009,commodity,Commodities: Silver,Equity,Foseco India,Materials,50.65,,,2.12
Mahindra Manulife Flexi Cap Reg,INF174V01AP8,149101,commodity,Commodities: Silver,Equity,ICICI Bank,Financial,17.8,,,7.87
Mahindra Manulife Flexi Cap Reg,INF174V01AP8,149101,commodity,Commodities: Silver,Equity,HDFC Bank,Financial,15.76,,,4.52
Mahindra Manulife Flexi Cap Reg,INF174V01AP8,149101,commodity,Commodities: Silver,Equity,Kotak Bank,Financial,20.63,,,3.45
Mahindra Manulife Flexi Cap Reg,INF174V01AP8,149101,commodity,Commodities: Silver,Equity,Bharti Airtel,Technology,43.19,,,3.23
Mahindra Manulife Flexi Cap Reg,INF174V01AP8,149101,commodity,Commodities: Silver,Equity,Bajaj Finance,Financial,31.57,,,2.91
Mahindra Manulife Flexi Cap Reg,INF174V01AP8,149101,commodity,Commodities: Silver,Equity,Larsen & Toubro,Industrials,35.92,,,2.43
Mahindra Manulife Flexi Cap Reg,INF174V01AP8,149101,commodity,Commodities: Silver,Equity,Tata Consultancy,Technology,15.33,,,2.07
Mahindra Manulife Flexi Cap Reg,INF174V01AP8,149101,commodity,Commodities: Silver,Equity,Infosys,Technology,14.36,,,1.99
Mahindra Manulife Flexi Cap Reg,INF174V01AP8,149101,commodity,Commodities: Silver,Equity,Reliance Ind,Energy & Utilities,22.25,,,1.99
Mahindra Manulife Flexi Cap Reg,INF174V01AP8,149101,commodity,Commodities: Silver,Equity,Avenue Supermarts,Consumer Staples,93.91,,,1.82
Mahindra Manulife Flexi Cap Reg,INF174V01AP8,149101,commodity,Commodities: Silver,Equity,Hindustan Unilever,Consumer Staples,34.14,,,1.72
Mahindra Manulife Flexi Cap Reg,INF174V01AP8,149101,commodity,Commodities: Silver,Equity,Indus Towers,Technology,15.22,,,1.7
Mahindra Manulife Flexi Cap Reg,INF174V01AP8,149101,commodity,Commodities: Silver,Equity,Eternal,Technology,688.71,,,1.69
Mahindra Manulife Flexi Cap Reg,INF174V01AP8,149101,commodity,Commodities: Silver,Equity,UNO Minda,Consumer Discretionary,53.31,,,1.67
Mahindra Manulife Flexi Cap Reg,INF174V01AP8,149101,commodity,Commodities: Silver,Equity,Adani Ports,Industrials,33.02,,,1.65
Mahindra Manulife Flexi Cap Reg,INF174V01AP8,149101,commodity,Commodities: Silver,Equity,IndusInd Bank,Financial,82.7,,,1.62
Mahindra Manulife Flexi Cap Reg,INF174V01AP8,149101,commodity,Commodities: Silver,Equity,Dr. Reddy'S Labs,Healthcare,25.16,,,1.58
Mahindra Manulife Flexi Cap Reg,INF174V01AP8,149101,commodity,Commodities: Silver,Equity,ONGC,Energy & Utilities,7.42,,,1.56
Mahindra Manulife Flexi Cap Reg,INF174V01AP8,149101,commodity,Commodities: Silver,Equity,Sun Pharmaceutical,Healthcare,38.15,,,1.53
Mahindra Manulife Flexi Cap Reg,INF174V01AP8,149101,commodity,Commodities: Silver,Equity,TVS Motor,Consumer Discretionary,54.03,,,1.52
Mahindra Manulife Flexi Cap Reg,INF174V01AP8,149101,commodity,Commodities: Silver,Equity,Tech Mahindra,Technology,28.24,,,1.45
Mahindra Manulife Flexi Cap Reg,INF174V01AP8,149101,commodity,Commodities: Silver,Equity,Tata Power,Energy & Utilities,34.16,,,1.42
Mahindra Manulife Flexi Cap Reg,INF174V01AP8,149101,commodity,Commodities: Silver,Equity,Mankind Pharma,Healthcare,52.33,,,1.42
Mahindra Manulife Flexi Cap Reg,INF174V01AP8,149101,commodity,Commodities: Silver,Equity,Maruti Suzuki,Consumer Discretionary,28.73,,,1.39
Mahindra Manulife Flexi Cap Reg,INF174V01AP8,149101,commodity,Commodities: Silver,Equity,Trent,Consumer Discretionary,97.62,,,1.37
Mahindra Manulife Focused Reg,INF174V01AD4,148571,commodity,Commodities: Silver,Equity,ICICI Bank,Financial,17.8,,,9.16
Mahindra Manulife Focused Reg,INF174V01AD4,148571,commodity,Commodities: Silver,Equity,Reliance Ind,Energy & Utilities,22.25,,,6.56
Mahindra Manulife Focused Reg,INF174V01AD4,148571,commodity,Commodities: Silver,Equity,Larsen & Toubro,Industrials,35.92,,,4.99
Mahindra Manulife Focused Reg,INF174V01AD4,148571,commodity,Commodities: Silver,Equity,HDFC Bank,Financial,15.76,,,4.62
Mahindra Manulife Focused Reg,INF174V01AD4,148571,commodity,Commodities: Silver,Equity,Grasim,Materials,42.94,,,4.38
Mahindra Manulife Focused Reg,INF174V01AD4,148571,commodity,Commodities: Silver,Equity,Kotak Bank,Financial,20.63,,,4.18
Mahindra Manulife Focused Reg,INF174V01AD4,148571,commodity,Commodities: Silver,Equity,SBI,Financial,11.46,,,3.77
Mahindra Manulife Focused Reg,INF174V01AD4,148571,commodity,Commodities: Silver,Equity,Bajaj Auto,Consumer Discretionary,26.01,,,3.7
Mahindra Manulife Focused Reg,INF174V01AD4,148571,commodity,Commodities: Silver,Equity,Infosys,Technology,14.36,,,3.7
Mahindra Manulife Focused Reg,INF174V01AD4,148571,commodity,Commodities: Silver,Equity,NTPC,Energy & Utilities,13.09,,,3.62
Mahindra Manulife Focused Reg,INF174V01AD4,148571,commodity,Commodities: Silver,Equity,Indus Towers,Technology,15.22,,,3.56
Mahindra Manulife Focused Reg,INF174V01AD4,148571,commodity,Commodities: Silver,Equity,Adani Ports,Industrials,33.02,,,3.47
Mahindra Manulife Focused Reg,INF174V01AD4,148571,commodity,Commodities: Silver,Equity,Tech Mahindra,Technology,28.24,,,3.44
Mahindra Manulife Focused Reg,INF174V01AD4,148571,commodity,Commodities: Silver,Equity,Bajaj Finance,Financial,31.57,,,3.2
Mahindra Manulife Focused Reg,INF174V01AD4,148571,commodity,Commodities: Silver,Equity,Avenue Supermarts,Consumer Staples,93.91,,,3.17
Mahindra Manulife Focused Reg,INF174V01AD4,148571,commodity,Commodities: Silver,Equity,Biocon,Healthcare,174.74,,,2.85
Mahindra Manulife Focused Reg,INF174V01AD4,148571,commodity,Commodities: Silver,Equity,Vodafone Idea,Technology,4.68,,,2.78
Mahindra Manulife Focused Reg,INF174V01AD4,148571,commodity,Commodities: Silver,Equity,ITC,Consumer Staples,17.56,,,2.69
Mahindra Manulife Focused Reg,INF174V01AD4,148571,commodity,Commodities: Silver,Equity,ONGC,Energy & Utilities,7.42,,,2.69
Mahindra Manulife Focused Reg,INF174V01AD4,148571,commodity,Commodities: Silver,Equity,Power Fin.,Financial,5.49,,,2.55
Mahindra Manulife Focused Reg,INF174V01AD4,148571,commodity,Commodities: Silver,Equity,IndusInd Bank,Financial,82.7,,,2.52
Mahindra Manulife Focused Reg,INF174V01AD4,148571,commodity,Commodities: Silver,Equity,Sun Pharmaceutical,Healthcare,38.15,,,2.4
Mahindra Manulife Focused Reg,INF174V01AD4,148571,commodity,Commodities: Silver,Equity,Dr. Reddy'S Labs,Healthcare,25.16,,,2.25
Mahindra Manulife Focused Reg,INF174V01AD4,148571,commodity,Commodities: Silver,Equity,Jindal Steel,Materials,34.38,,,2.21
Mahindra Manulife Focused Reg,INF174V01AD4,148571,commodity,Commodities: Silver,Equity,GAIL (India),Energy & Utilities,15.04,,,2.16
Mirae Asset Flexi Cap Reg,INF769K01JG8,151414,commodity,Commodities: Silver,Equity,HDFC Bank,Financial,15.76,,,5.47
Mirae Asset Flexi Cap Reg,INF769K01JG8,151414,commodity,Commodities: Silver,Equity,ICICI Bank,Financial,17.8,,,5.11
Mirae Asset Flexi Cap Reg,INF769K01JG8,151414,commodity,Commodities: Silver,Equity,Reliance Ind,Energy & Utilities,22.25,,,4.23
Mirae Asset Flexi Cap Reg,INF769K01JG8,151414,commodity,Commodities: Silver,Equity,SBI,Financial,11.46,,,2.53
Mirae Asset Flexi Cap Reg,INF769K01JG8,151414,commodity,Commodities: Silver,Equity,Bharti Airtel,Technology,43.19,,,2.33
Mirae Asset Flexi Cap Reg,INF769K01JG8,151414,commodity,Commodities: Silver,Equity,Larsen & Toubro,Industrials,35.92,,,2.27
Mirae Asset Flexi Cap Reg,INF769K01JG8,151414,commodity,Commodities: Silver,Equity,Axis Bank,Financial,15.95,,,2.13
Mirae Asset Flexi Cap Reg,INF769K01JG8,151414,commodity,Commodities: Silver,Equity,Infosys,Technology,14.36,,,1.86
Mirae Asset Flexi Cap Reg,INF769K01JG8,151414,commodity,Commodities: Silver,Equity,Mahindra & Mahindra,Consumer Discretionary,22.36,,,1.74
Mirae Asset Flexi Cap Reg,INF769K01JG8,151414,commodity,Commodities: Silver,Equity,CG Power,Industrials,125.19,,,1.71
Mirae Asset Flexi Cap Reg,INF769K01JG8,151414,commodity,Commodities: Silver,Equity,L&T Fin,Financial,24.11,,,1.62
Mirae Asset Flexi Cap Reg,INF769K01JG8,151414,commodity,Commodities: Silver,Equity,Indus Towers,Technology,15.22,,,1.58
Mirae Asset Flexi Cap Reg,INF769K01JG8,151414,commodity,Commodities: Silver,Equity,Adani Ports,Industrials,33.02,,,1.57
Mirae Asset Flexi Cap Reg,INF769K01JG8,151414,commodity,Commodities: Silver,Equity,Divi's Lab,Healthcare,69.75,,,1.54
Mirae Asset Flexi Cap Reg,INF769K01JG8,151414,commodity,Commodities: Silver,Equity,Lenskart Solutions,Consumer Discretionary,179.08,,,1.54
Mirae Asset Flexi Cap Reg,INF769K01JG8,151414,commodity,Commodities: Silver,Equity,Welspun,Materials,23,,,1.53
Mirae Asset Flexi Cap Reg,INF769K01JG8,151414,commodity,Commodities: Silver,Equity,JSW Energy,Energy & Utilities,46.76,,,1.48
Mirae Asset Flexi Cap Reg,INF769K01JG8,151414,commodity,Commodities: Silver,Equity,MCX,Financial,53.17,,,1.48
Mirae Asset Flexi Cap Reg,INF769K01JG8,151414,commodity,Commodities: Silver,Equity,Cummins India,Industrials,68.6,,,1.47
Mirae Asset Flexi Cap Reg,INF769K01JG8,151414,commodity,Commodities: Silver,Equity,Billionbrains Garage Ventures,Financial,60.16,,,1.46
Mirae Asset Flexi Cap Reg,INF769K01JG8,151414,commodity,Commodities: Silver,Equity,Lupin,Healthcare,20.07,,,1.38
Mirae Asset Flexi Cap Reg,INF769K01JG8,151414,commodity,Commodities: Silver,Equity,SBI Life Insurance,Financial,126.08,,,1.37
Mirae Asset Flexi Cap Reg,INF769K01JG8,151414,commodity,Commodities: Silver,Equity,The Phoenix Mills,Real Estate,55.13,,,1.32
Mirae Asset Flexi Cap Reg,INF769K01JG8,151414,commodity,Commodities: Silver,Equity,Mankind Pharma,Healthcare,52.33,,,1.28
Mirae Asset Flexi Cap Reg,INF769K01JG8,151414,commodity,Commodities: Silver,Equity,Ultratech Cement,Materials,40.9,,,1.27
Mirae Asset Focused Reg,INF769K01ES4,147203,commodity,Commodities: Silver,Equity,HDFC Bank,Financial,15.76,,,8.9
Mirae Asset Focused Reg,INF769K01ES4,147203,commodity,Commodities: Silver,Equity,ICICI Bank,Financial,17.8,,,8.1
Mirae Asset Focused Reg,INF769K01ES4,147203,commodity,Commodities: Silver,Equity,Bharti Airtel,Technology,43.19,,,5.59
Mirae Asset Focused Reg,INF769K01ES4,147203,commodity,Commodities: Silver,Equity,Infosys,Technology,14.36,,,4.64
Mirae Asset Focused Reg,INF769K01ES4,147203,commodity,Commodities: Silver,Equity,Axis Bank,Financial,15.95,,,4.58
Mirae Asset Focused Reg,INF769K01ES4,147203,commodity,Commodities: Silver,Equity,One97 Comm,Industrials,126.07,,,4.5
Mirae Asset Focused Reg,INF769K01ES4,147203,commodity,Commodities: Silver,Equity,Eternal,Technology,688.71,,,3.91
Mirae Asset Focused Reg,INF769K01ES4,147203,commodity,Commodities: Silver,Equity,Maruti Suzuki,Consumer Discretionary,28.73,,,3.69
Mirae Asset Focused Reg,INF769K01ES4,147203,commodity,Commodities: Silver,Equity,Sona BLW Precision,Consumer Discretionary,59.55,,,3.25
Mirae Asset Focused Reg,INF769K01ES4,147203,commodity,Commodities: Silver,Equity,Arvind Fashions,Consumer Discretionary,52.07,,,3.18
Mirae Asset Focused Reg,INF769K01ES4,147203,commodity,Commodities: Silver,Equity,Kalpataru Project,Industrials,22.93,,,3.14
Mirae Asset Focused Reg,INF769K01ES4,147203,commodity,Commodities: Silver,Equity,SKF India (Industrial),Industrials,59.73,,,2.89
Mirae Asset Focused Reg,INF769K01ES4,147203,commodity,Commodities: Silver,Equity,Gland Pharma,Healthcare,35.36,,,2.82
Mirae Asset Focused Reg,INF769K01ES4,147203,commodity,Commodities: Silver,Equity,Ratnamani Metals,Materials,37.91,,,2.8
Mirae Asset Focused Reg,INF769K01ES4,147203,commodity,Commodities: Silver,Equity,Godrej Consumer,Consumer Staples,54.87,,,2.72
Mirae Asset Focused Reg,INF769K01ES4,147203,commodity,Commodities: Silver,Equity,Syngene Intl,Healthcare,55.82,,,2.67
Mirae Asset Focused Reg,INF769K01ES4,147203,commodity,Commodities: Silver,Equity,KPIT Technologies,Technology,32.04,,,2.33
Mirae Asset Focused Reg,INF769K01ES4,147203,commodity,Commodities: Silver,Equity,Siemens Energy India,Energy & Utilities,103.2,,,2.32
Mirae Asset Focused Reg,INF769K01ES4,147203,commodity,Commodities: Silver,Equity,Sapphire Foods,Consumer Discretionary,,,,2.32
Mirae Asset Focused Reg,INF769K01ES4,147203,commodity,Commodities: Silver,Equity,Orient Electric,Consumer Discretionary,40.16,,,2.31
Mirae Asset Focused Reg,INF769K01ES4,147203,commodity,Commodities: Silver,Equity,Gujarat FluoroChem,Materials,73.11,,,2.31
Mirae Asset Focused Reg,INF769K01ES4,147203,commodity,Commodities: Silver,Equity,FSN E-Commerce,Consumer Discretionary,433.94,,,2.29
Mirae Asset Focused Reg,INF769K01ES4,147203,commodity,Commodities: Silver,Equity,Sobha,Real Estate,78.36,,,2.24
Mirae Asset Focused Reg,INF769K01ES4,147203,commodity,Commodities: Silver,Equity,SBI Life Insurance,Financial,126.08,,,2.04
Mirae Asset Focused Reg,INF769K01ES4,147203,commodity,Commodities: Silver,Equity,Ambuja Cements,Materials,22.29,,,1.98
Mirae Asset Nifty Total Market Index Reg,INF769K01MA5,152970,commodity,Commodities: Silver,Equity,HDFC Bank,Financial,15.76,,,5.63
Mirae Asset Nifty Total Market Index Reg,INF769K01MA5,152970,commodity,Commodities: Silver,Equity,ICICI Bank,Financial,17.8,,,4.44
Mirae Asset Nifty Total Market Index Reg,INF769K01MA5,152970,commodity,Commodities: Silver,Equity,Reliance Ind,Energy & Utilities,22.25,,,4.41
Mirae Asset Nifty Total Market Index Reg,INF769K01MA5,152970,commodity,Commodities: Silver,Equity,Bharti Airtel,Technology,43.19,,,2.77
Mirae Asset Nifty Total Market Index Reg,INF769K01MA5,152970,commodity,Commodities: Silver,Equity,Larsen & Toubro,Industrials,35.92,,,2.36
Mirae Asset Nifty Total Market Index Reg,INF769K01MA5,152970,commodity,Commodities: Silver,Equity,Infosys,Technology,14.36,,,2.01
Mirae Asset Nifty Total Market Index Reg,INF769K01MA5,152970,commodity,Commodities: Silver,Equity,SBI,Financial,11.46,,,1.98
Mirae Asset Nifty Total Market Index Reg,INF769K01MA5,152970,commodity,Commodities: Silver,Equity,Axis Bank,Financial,15.95,,,1.82
Mirae Asset Nifty Total Market Index Reg,INF769K01MA5,152970,commodity,Commodities: Silver,Equity,Kotak Bank,Financial,20.63,,,1.4
Mirae Asset Nifty Total Market Index Reg,INF769K01MA5,152970,commodity,Commodities: Silver,Equity,ITC,Consumer Staples,17.56,,,1.37
Mirae Asset Nifty Total Market Index Reg,INF769K01MA5,152970,commodity,Commodities: Silver,Equity,Mahindra & Mahindra,Consumer Discretionary,22.36,,,1.34
Mirae Asset Nifty Total Market Index Reg,INF769K01MA5,152970,commodity,Commodities: Silver,Equity,Bajaj Finance,Financial,31.57,,,1.2
Mirae Asset Nifty Total Market Index Reg,INF769K01MA5,152970,commodity,Commodities: Silver,Equity,Tata Consultancy,Technology,15.33,,,1.14
Mirae Asset Nifty Total Market Index Reg,INF769K01MA5,152970,commodity,Commodities: Silver,Equity,Hindustan Unilever,Consumer Staples,34.14,,,0.94
Mirae Asset Nifty Total Market Index Reg,INF769K01MA5,152970,commodity,Commodities: Silver,Equity,Sun Pharmaceutical,Healthcare,38.15,,,0.94
Mirae Asset Nifty Total Market Index Reg,INF769K01MA5,152970,commodity,Commodities: Silver,Equity,NTPC,Energy & Utilities,13.09,,,0.91
Mirae Asset Nifty Total Market Index Reg,INF769K01MA5,152970,commodity,Commodities: Silver,Equity,Eternal,Technology,688.71,,,0.89
Mirae Asset Nifty Total Market Index Reg,INF769K01MA5,152970,commodity,Commodities: Silver,Equity,Maruti Suzuki,Consumer Discretionary,28.73,,,0.85
Mirae Asset Nifty Total Market Index Reg,INF769K01MA5,152970,commodity,Commodities: Silver,Equity,Tata Steel,Materials,22.91,,,0.85
Mirae Asset Nifty Total Market Index Reg,INF769K01MA5,152970,commodity,Commodities: Silver,Equity,BSE,Financial,65.73,,,0.84
Mirae Asset Nifty Total Market Index Reg,INF769K01MA5,152970,commodity,Commodities: Silver,Equity,Titan,Consumer Discretionary,77.17,,,0.83
Mirae Asset Nifty Total Market Index Reg,INF769K01MA5,152970,commodity,Commodities: Silver,Equity,Hindalco Ind,Materials,16.96,,,0.81
Mirae Asset Nifty Total Market Index Reg,INF769K01MA5,152970,commodity,Commodities: Silver,Equity,Bharat Electronics,Industrials,51.44,,,0.73
Mirae Asset Nifty Total Market Index Reg,INF769K01MA5,152970,commodity,Commodities: Silver,Equity,Ultratech Cement,Materials,40.9,,,0.67
Mirae Asset Nifty Total Market Index Reg,INF769K01MA5,152970,commodity,Commodities: Silver,Equity,Adani Ports,Industrials,33.02,,,0.66
Motilal Oswal BSE 1000 Index Reg,INF247L01FN7,153597,commodity,Commodities: Silver,Equity,HDFC Bank,Financial,15.76,,,5.66
Motilal Oswal BSE 1000 Index Reg,INF247L01FN7,153597,commodity,Commodities: Silver,Equity,ICICI Bank,Financial,17.8,,,4.48
Motilal Oswal BSE 1000 Index Reg,INF247L01FN7,153597,commodity,Commodities: Silver,Equity,Reliance Ind,Energy & Utilities,22.25,,,4.45
Motilal Oswal BSE 1000 Index Reg,INF247L01FN7,153597,commodity,Commodities: Silver,Equity,Bharti Airtel,Technology,43.19,,,2.6
Motilal Oswal BSE 1000 Index Reg,INF247L01FN7,153597,commodity,Commodities: Silver,Equity,Larsen & Toubro,Industrials,35.92,,,2.38
Motilal Oswal BSE 1000 Index Reg,INF247L01FN7,153597,commodity,Commodities: Silver,Equity,Infosys,Technology,14.36,,,2.02
Motilal Oswal BSE 1000 Index Reg,INF247L01FN7,153597,commodity,Commodities: Silver,Equity,SBI,Financial,11.46,,,2
Motilal Oswal BSE 1000 Index Reg,INF247L01FN7,153597,commodity,Commodities: Silver,Equity,Axis Bank,Financial,15.95,,,1.83
Motilal Oswal BSE 1000 Index Reg,INF247L01FN7,153597,commodity,Commodities: Silver,Equity,Kotak Bank,Financial,20.63,,,1.41
Motilal Oswal BSE 1000 Index Reg,INF247L01FN7,153597,commodity,Commodities: Silver,Equity,ITC,Consumer Staples,17.56,,,1.38
Motilal Oswal BSE 1000 Index Reg,INF247L01FN7,153597,commodity,Commodities: Silver,Equity,Mahindra & Mahindra,Consumer Discretionary,22.36,,,1.35
Motilal Oswal BSE 1000 Index Reg,INF247L01FN7,153597,commodity,Commodities: Silver,Equity,Bajaj Finance,Financial,31.57,,,1.21
Motilal Oswal BSE 1000 Index Reg,INF247L01FN7,153597,commodity,Commodities: Silver,Equity,Tata Consultancy,Technology,15.33,,,1.14
Motilal Oswal BSE 1000 Index Reg,INF247L01FN7,153597,commodity,Commodities: Silver,Equity,Sun Pharmaceutical,Healthcare,38.15,,,0.97
Motilal Oswal BSE 1000 Index Reg,INF247L01FN7,153597,commodity,Commodities: Silver,Equity,Hindustan Unilever,Consumer Staples,34.14,,,0.95
Motilal Oswal BSE 1000 Index Reg,INF247L01FN7,153597,commodity,Commodities: Silver,Equity,NTPC,Energy & Utilities,13.09,,,0.92
Motilal Oswal BSE 1000 Index Reg,INF247L01FN7,153597,commodity,Commodities: Silver,Equity,Eternal,Technology,688.71,,,0.89
Motilal Oswal BSE 1000 Index Reg,INF247L01FN7,153597,commodity,Commodities: Silver,Equity,Maruti Suzuki,Consumer Discretionary,28.73,,,0.87
Motilal Oswal BSE 1000 Index Reg,INF247L01FN7,153597,commodity,Commodities: Silver,Equity,Tata Steel,Materials,22.91,,,0.86
Motilal Oswal BSE 1000 Index Reg,INF247L01FN7,153597,commodity,Commodities: Silver,Equity,Titan,Consumer Discretionary,77.17,,,0.83
Motilal Oswal BSE 1000 Index Reg,INF247L01FN7,153597,commodity,Commodities: Silver,Equity,Hindalco Ind,Materials,16.96,,,0.81
Motilal Oswal BSE 1000 Index Reg,INF247L01FN7,153597,commodity,Commodities: Silver,Equity,Bharat Electronics,Industrials,51.44,,,0.73
Motilal Oswal BSE 1000 Index Reg,INF247L01FN7,153597,commodity,Commodities: Silver,Equity,Ultratech Cement,Materials,40.9,,,0.67
Motilal Oswal BSE 1000 Index Reg,INF247L01FN7,153597,commodity,Commodities: Silver,Equity,Power Grid,Energy & Utilities,17.02,,,0.66
Motilal Oswal BSE 1000 Index Reg,INF247L01FN7,153597,commodity,Commodities: Silver,Equity,Shriram Finance,Financial,23.5,,,0.66
Motilal Oswal Diversified Equity Flexicap Passive FoF Reg,INF247L01GM7,154113,commodity,Commodities: Silver,Equity,Motilal Oswal Nifty Smallcap 250 Index Direct-G,Unspecified,,,,34.67
Motilal Oswal Diversified Equity Flexicap Passive FoF Reg,INF247L01GM7,154113,commodity,Commodities: Silver,Equity,Motilal Oswal Nifty Midcap 150 Index Direct-G,Unspecified,,,,33.79
Motilal Oswal Diversified Equity Flexicap Passive FoF Reg,INF247L01GM7,154113,commodity,Commodities: Silver,Equity,Motilal Oswal Nifty 100 ETF-G,Unspecified,,,,31.41
Motilal Oswal Flexi Cap Reg,INF247L01478,129048,commodity,Commodities: Silver,Equity,CG Power,Industrials,125.19,,,6.6
Motilal Oswal Flexi Cap Reg,INF247L01478,129048,commodity,Commodities: Silver,Equity,Kalyan Jewellers,Consumer Discretionary,29.33,,,6.25
Motilal Oswal Flexi Cap Reg,INF247L01478,129048,commodity,Commodities: Silver,Equity,Eternal,Technology,688.71,,,5.33
Motilal Oswal Flexi Cap Reg,INF247L01478,129048,commodity,Commodities: Silver,Equity,Coforge,Technology,41.51,,,4.85
Motilal Oswal Flexi Cap Reg,INF247L01478,129048,commodity,Commodities: Silver,Equity,Persistent Systems,Technology,40.32,,,4.62
Motilal Oswal Flexi Cap Reg,INF247L01478,129048,commodity,Commodities: Silver,Equity,Waaree Energies,Energy & Utilities,24.08,,,4.13
Motilal Oswal Flexi Cap Reg,INF247L01478,129048,commodity,Commodities: Silver,Equity,Shriram Finance,Financial,23.5,,,4.12
Motilal Oswal Flexi Cap Reg,INF247L01478,129048,commodity,Commodities: Silver,Equity,Ather Energy,Consumer Discretionary,,,,3.88
Motilal Oswal Flexi Cap Reg,INF247L01478,129048,commodity,Commodities: Silver,Equity,MCX,Financial,53.17,,,3.65
Motilal Oswal Flexi Cap Reg,INF247L01478,129048,commodity,Commodities: Silver,Equity,IndusInd Bank,Financial,82.7,,,3.56
Motilal Oswal Flexi Cap Reg,INF247L01478,129048,commodity,Commodities: Silver,Equity,Samvardhana Motherson,Consumer Discretionary,39.79,,,3.55
Motilal Oswal Flexi Cap Reg,INF247L01478,129048,commodity,Commodities: Silver,Equity,Piramal Finance,Financial,32.34,,,3.25
Motilal Oswal Flexi Cap Reg,INF247L01478,129048,commodity,Commodities: Silver,Equity,Ashok Leyland,Industrials,26.42,,,3.24
Motilal Oswal Flexi Cap Reg,INF247L01478,129048,commodity,Commodities: Silver,Equity,Apollo Hospitals,Healthcare,62.53,,,3.2
Motilal Oswal Flexi Cap Reg,INF247L01478,129048,commodity,Commodities: Silver,Equity,Onesource Specialty Pharma,Healthcare,,,,3.06
Motilal Oswal Flexi Cap Reg,INF247L01478,129048,commodity,Commodities: Silver,Equity,Polycab India,Industrials,56.42,,,3.06
Motilal Oswal Flexi Cap Reg,INF247L01478,129048,commodity,Commodities: Silver,Equity,HDFC AMC,Financial,40.56,,,2.98
Motilal Oswal Flexi Cap Reg,INF247L01478,129048,commodity,Commodities: Silver,Equity,Siemens,Diversified,48.58,,,2.97
Motilal Oswal Flexi Cap Reg,INF247L01478,129048,commodity,Commodities: Silver,Equity,Aditya Infotech,Technology,112.9,,,2.77
Motilal Oswal Flexi Cap Reg,INF247L01478,129048,commodity,Commodities: Silver,Equity,Bharat Electronics,Industrials,51.44,,,2.61
Motilal Oswal Flexi Cap Reg,INF247L01478,129048,commodity,Commodities: Silver,Equity,Suzlon Energy,Industrials,25.71,,,2.59
Motilal Oswal Flexi Cap Reg,INF247L01478,129048,commodity,Commodities: Silver,Equity,Interglobe Aviation,Industrials,,,,2.48
Motilal Oswal Flexi Cap Reg,INF247L01478,129048,commodity,Commodities: Silver,Equity,PG Electroplast,Industrials,81.41,,,2.32
Motilal Oswal Flexi Cap Reg,INF247L01478,129048,commodity,Commodities: Silver,Equity,ICICI Prudential Asset Management,Financial,50.08,,,1.7
Motilal Oswal Flexi Cap Reg,INF247L01478,129048,commodity,Commodities: Silver,Equity,Muthoot Finance,Financial,11.82,,,1
Motilal Oswal Focused Reg,INF247L01155,122387,commodity,Commodities: Silver,Equity,Aditya Infotech,Technology,112.9,,,4.87
Motilal Oswal Focused Reg,INF247L01155,122387,commodity,Commodities: Silver,Equity,ICICI Prudential Asset Management,Financial,50.08,,,4.39
Motilal Oswal Focused Reg,INF247L01155,122387,commodity,Commodities: Silver,Equity,Persistent Systems,Technology,40.32,,,4.24
Motilal Oswal Focused Reg,INF247L01155,122387,commodity,Commodities: Silver,Equity,CG Power,Industrials,125.19,,,4.17
Motilal Oswal Focused Reg,INF247L01155,122387,commodity,Commodities: Silver,Equity,AU Small Fin Bank,Financial,29.3,,,4.08
Motilal Oswal Focused Reg,INF247L01155,122387,commodity,Commodities: Silver,Equity,Eternal,Technology,688.71,,,4.07
Motilal Oswal Focused Reg,INF247L01155,122387,commodity,Commodities: Silver,Equity,Apollo Hospitals,Healthcare,62.53,,,3.97
Motilal Oswal Focused Reg,INF247L01155,122387,commodity,Commodities: Silver,Equity,Gabriel India,Consumer Discretionary,67.83,,,3.79
Motilal Oswal Focused Reg,INF247L01155,122387,commodity,Commodities: Silver,Equity,Aditya Vision,Consumer Discretionary,68.36,,,3.5
Motilal Oswal Focused Reg,INF247L01155,122387,commodity,Commodities: Silver,Equity,ABB India,Industrials,99.94,,,3.47
Motilal Oswal Focused Reg,INF247L01155,122387,commodity,Commodities: Silver,Equity,Titan,Consumer Discretionary,77.17,,,3.31
Motilal Oswal Focused Reg,INF247L01155,122387,commodity,Commodities: Silver,Equity,IndusInd Bank,Financial,82.7,,,3.29
Motilal Oswal Focused Reg,INF247L01155,122387,commodity,Commodities: Silver,Equity,Rubicon Research,Healthcare,90.19,,,3.26
Motilal Oswal Focused Reg,INF247L01155,122387,commodity,Commodities: Silver,Equity,PNB Housing Fin,Financial,11.37,,,3.19
Motilal Oswal Focused Reg,INF247L01155,122387,commodity,Commodities: Silver,Equity,BSE,Financial,65.73,,,3.18
Motilal Oswal Focused Reg,INF247L01155,122387,commodity,Commodities: Silver,Equity,NTPC,Energy & Utilities,13.09,,,3.18
Motilal Oswal Focused Reg,INF247L01155,122387,commodity,Commodities: Silver,Equity,Kotak Bank,Financial,20.63,,,3.16
Motilal Oswal Focused Reg,INF247L01155,122387,commodity,Commodities: Silver,Equity,Ultratech Cement,Materials,40.9,,,3.15
Motilal Oswal Focused Reg,INF247L01155,122387,commodity,Commodities: Silver,Equity,MTAR Technologies,Industrials,273.32,,,2.73
Motilal Oswal Focused Reg,INF247L01155,122387,commodity,Commodities: Silver,Equity,One97 Comm,Industrials,126.07,,,2.67
Motilal Oswal Focused Reg,INF247L01155,122387,commodity,Commodities: Silver,Equity,Religare Enterprises,Financial,100.44,,,2.55
Motilal Oswal Focused Reg,INF247L01155,122387,commodity,Commodities: Silver,Equity,UNO Minda,Consumer Discretionary,53.31,,,2.53
Motilal Oswal Focused Reg,INF247L01155,122387,commodity,Commodities: Silver,Equity,Acutaas Chemicals,Healthcare,73.5,,,2.49
Motilal Oswal Focused Reg,INF247L01155,122387,commodity,Commodities: Silver,Equity,Bharti Airtel,Technology,43.19,,,2.46
Motilal Oswal Focused Reg,INF247L01155,122387,commodity,Commodities: Silver,Equity,PTC,Materials,265.56,,,2.42
Motilal Oswal Nifty 500 ETF,INF247L01BU1,152106,commodity,Commodities: Silver,Equity,HDFC Bank,Financial,15.76,,,5.88
Motilal Oswal Nifty 500 ETF,INF247L01BU1,152106,commodity,Commodities: Silver,Equity,ICICI Bank,Financial,17.8,,,4.63
Motilal Oswal Nifty 500 ETF,INF247L01BU1,152106,commodity,Commodities: Silver,Equity,Reliance Ind,Energy & Utilities,22.25,,,4.6
Motilal Oswal Nifty 500 ETF,INF247L01BU1,152106,commodity,Commodities: Silver,Equity,Bharti Airtel,Technology,43.19,,,2.9
Motilal Oswal Nifty 500 ETF,INF247L01BU1,152106,commodity,Commodities: Silver,Equity,Larsen & Toubro,Industrials,35.92,,,2.47
Motilal Oswal Nifty 500 ETF,INF247L01BU1,152106,commodity,Commodities: Silver,Equity,Infosys,Technology,14.36,,,2.1
Motilal Oswal Nifty 500 ETF,INF247L01BU1,152106,commodity,Commodities: Silver,Equity,SBI,Financial,11.46,,,2.06
Motilal Oswal Nifty 500 ETF,INF247L01BU1,152106,commodity,Commodities: Silver,Equity,Axis Bank,Financial,15.95,,,1.9
Motilal Oswal Nifty 500 ETF,INF247L01BU1,152106,commodity,Commodities: Silver,Equity,Kotak Bank,Financial,20.63,,,1.46
Motilal Oswal Nifty 500 ETF,INF247L01BU1,152106,commodity,Commodities: Silver,Equity,ITC,Consumer Staples,17.56,,,1.43
Motilal Oswal Nifty 500 ETF,INF247L01BU1,152106,commodity,Commodities: Silver,Equity,Mahindra & Mahindra,Consumer Discretionary,22.36,,,1.4
Motilal Oswal Nifty 500 ETF,INF247L01BU1,152106,commodity,Commodities: Silver,Equity,Bajaj Finance,Financial,31.57,,,1.25
Motilal Oswal Nifty 500 ETF,INF247L01BU1,152106,commodity,Commodities: Silver,Equity,Tata Consultancy,Technology,15.33,,,1.19
Motilal Oswal Nifty 500 ETF,INF247L01BU1,152106,commodity,Commodities: Silver,Equity,Hindustan Unilever,Consumer Staples,34.14,,,0.99
Motilal Oswal Nifty 500 ETF,INF247L01BU1,152106,commodity,Commodities: Silver,Equity,Sun Pharmaceutical,Healthcare,38.15,,,0.98
Motilal Oswal Nifty 500 ETF,INF247L01BU1,152106,commodity,Commodities: Silver,Equity,NTPC,Energy & Utilities,13.09,,,0.95
Motilal Oswal Nifty 500 ETF,INF247L01BU1,152106,commodity,Commodities: Silver,Equity,Eternal,Technology,688.71,,,0.93
Motilal Oswal Nifty 500 ETF,INF247L01BU1,152106,commodity,Commodities: Silver,Equity,Tata Steel,Materials,22.91,,,0.89
Motilal Oswal Nifty 500 ETF,INF247L01BU1,152106,commodity,Commodities: Silver,Equity,Maruti Suzuki,Consumer Discretionary,28.73,,,0.89
Motilal Oswal Nifty 500 ETF,INF247L01BU1,152106,commodity,Commodities: Silver,Equity,BSE,Financial,65.73,,,0.87
Motilal Oswal Nifty 500 ETF,INF247L01BU1,152106,commodity,Commodities: Silver,Equity,Titan,Consumer Discretionary,77.17,,,0.87
Motilal Oswal Nifty 500 ETF,INF247L01BU1,152106,commodity,Commodities: Silver,Equity,Hindalco Ind,Materials,16.96,,,0.84
Motilal Oswal Nifty 500 ETF,INF247L01BU1,152106,commodity,Commodities: Silver,Equity,Bharat Electronics,Industrials,51.44,,,0.76
Motilal Oswal Nifty 500 ETF,INF247L01BU1,152106,commodity,Commodities: Silver,Equity,Ultratech Cement,Materials,40.9,,,0.7
Motilal Oswal Nifty 500 ETF,INF247L01BU1,152106,commodity,Commodities: Silver,Equity,Adani Ports,Industrials,33.02,,,0.69
Motilal Oswal Nifty 500 Index Reg,INF247L01940,147626,commodity,Commodities: Silver,Equity,HDFC Bank,Financial,15.76,,,5.88
Motilal Oswal Nifty 500 Index Reg,INF247L01940,147626,commodity,Commodities: Silver,Equity,ICICI Bank,Financial,17.8,,,4.63
Motilal Oswal Nifty 500 Index Reg,INF247L01940,147626,commodity,Commodities: Silver,Equity,Reliance Ind,Energy & Utilities,22.25,,,4.6
Motilal Oswal Nifty 500 Index Reg,INF247L01940,147626,commodity,Commodities: Silver,Equity,Bharti Airtel,Technology,43.19,,,2.9
Motilal Oswal Nifty 500 Index Reg,INF247L01940,147626,commodity,Commodities: Silver,Equity,Larsen & Toubro,Industrials,35.92,,,2.47
Motilal Oswal Nifty 500 Index Reg,INF247L01940,147626,commodity,Commodities: Silver,Equity,Infosys,Technology,14.36,,,2.1
Motilal Oswal Nifty 500 Index Reg,INF247L01940,147626,commodity,Commodities: Silver,Equity,SBI,Financial,11.46,,,2.07
Motilal Oswal Nifty 500 Index Reg,INF247L01940,147626,commodity,Commodities: Silver,Equity,Axis Bank,Financial,15.95,,,1.9
Motilal Oswal Nifty 500 Index Reg,INF247L01940,147626,commodity,Commodities: Silver,Equity,Kotak Bank,Financial,20.63,,,1.46
Motilal Oswal Nifty 500 Index Reg,INF247L01940,147626,commodity,Commodities: Silver,Equity,ITC,Consumer Staples,17.56,,,1.43
Motilal Oswal Nifty 500 Index Reg,INF247L01940,147626,commodity,Commodities: Silver,Equity,Mahindra & Mahindra,Consumer Discretionary,22.36,,,1.4
Motilal Oswal Nifty 500 Index Reg,INF247L01940,147626,commodity,Commodities: Silver,Equity,Bajaj Finance,Financial,31.57,,,1.25
Motilal Oswal Nifty 500 Index Reg,INF247L01940,147626,commodity,Commodities: Silver,Equity,Tata Consultancy,Technology,15.33,,,1.19
Motilal Oswal Nifty 500 Index Reg,INF247L01940,147626,commodity,Commodities: Silver,Equity,Hindustan Unilever,Consumer Staples,34.14,,,0.99
Motilal Oswal Nifty 500 Index Reg,INF247L01940,147626,commodity,Commodities: Silver,Equity,Sun Pharmaceutical,Healthcare,38.15,,,0.98
Motilal Oswal Nifty 500 Index Reg,INF247L01940,147626,commodity,Commodities: Silver,Equity,NTPC,Energy & Utilities,13.09,,,0.95
Motilal Oswal Nifty 500 Index Reg,INF247L01940,147626,commodity,Commodities: Silver,Equity,Eternal,Technology,688.71,,,0.93
Motilal Oswal Nifty 500 Index Reg,INF247L01940,147626,commodity,Commodities: Silver,Equity,Tata Steel,Materials,22.91,,,0.89
Motilal Oswal Nifty 500 Index Reg,INF247L01940,147626,commodity,Commodities: Silver,Equity,Maruti Suzuki,Consumer Discretionary,28.73,,,0.89
Motilal Oswal Nifty 500 Index Reg,INF247L01940,147626,commodity,Commodities: Silver,Equity,BSE,Financial,65.73,,,0.87
Motilal Oswal Nifty 500 Index Reg,INF247L01940,147626,commodity,Commodities: Silver,Equity,Titan,Consumer Discretionary,77.17,,,0.87
Motilal Oswal Nifty 500 Index Reg,INF247L01940,147626,commodity,Commodities: Silver,Equity,Hindalco Ind,Materials,16.96,,,0.84
Motilal Oswal Nifty 500 Index Reg,INF247L01940,147626,commodity,Commodities: Silver,Equity,Bharat Electronics,Industrials,51.44,,,0.76
Motilal Oswal Nifty 500 Index Reg,INF247L01940,147626,commodity,Commodities: Silver,Equity,Ultratech Cement,Materials,40.9,,,0.7
Motilal Oswal Nifty 500 Index Reg,INF247L01940,147626,commodity,Commodities: Silver,Equity,Adani Ports,Industrials,33.02,,,0.69
Motilal Oswal Nifty 500 Momentum 50 ETF,INF247L01DK8,152874,commodity,Commodities: Silver,Equity,Hindalco Ind,Materials,16.96,,,5.51
Motilal Oswal Nifty 500 Momentum 50 ETF,INF247L01DK8,152874,commodity,Commodities: Silver,Equity,BSE,Financial,65.73,,,4.85
Motilal Oswal Nifty 500 Momentum 50 ETF,INF247L01DK8,152874,commodity,Commodities: Silver,Equity,Eicher Motors,Consumer Discretionary,37.69,,,4.74
Motilal Oswal Nifty 500 Momentum 50 ETF,INF247L01DK8,152874,commodity,Commodities: Silver,Equity,Shriram Finance,Financial,23.5,,,4.7
Motilal Oswal Nifty 500 Momentum 50 ETF,INF247L01DK8,152874,commodity,Commodities: Silver,Equity,Asian Paints,Materials,60.52,,,4.49
Motilal Oswal Nifty 500 Momentum 50 ETF,INF247L01DK8,152874,commodity,Commodities: Silver,Equity,Bajaj Finance,Financial,31.57,,,4.45
Motilal Oswal Nifty 500 Momentum 50 ETF,INF247L01DK8,152874,commodity,Commodities: Silver,Equity,Bharti Airtel,Technology,43.19,,,4.26
Motilal Oswal Nifty 500 Momentum 50 ETF,INF247L01DK8,152874,commodity,Commodities: Silver,Equity,Mahindra & Mahindra,Consumer Discretionary,22.36,,,4.12
Motilal Oswal Nifty 500 Momentum 50 ETF,INF247L01DK8,152874,commodity,Commodities: Silver,Equity,Maruti Suzuki,Consumer Discretionary,28.73,,,3.88
Motilal Oswal Nifty 500 Momentum 50 ETF,INF247L01DK8,152874,commodity,Commodities: Silver,Equity,MCX,Financial,53.17,,,3.29
Motilal Oswal Nifty 500 Momentum 50 ETF,INF247L01DK8,152874,commodity,Commodities: Silver,Equity,TVS Motor,Consumer Discretionary,54.03,,,3.21
Motilal Oswal Nifty 500 Momentum 50 ETF,INF247L01DK8,152874,commodity,Commodities: Silver,Equity,Laurus Labs,Healthcare,86.1,,,3.05
Motilal Oswal Nifty 500 Momentum 50 ETF,INF247L01DK8,152874,commodity,Commodities: Silver,Equity,Cummins India,Industrials,68.6,,,3.03
Motilal Oswal Nifty 500 Momentum 50 ETF,INF247L01DK8,152874,commodity,Commodities: Silver,Equity,Interglobe Aviation,Industrials,,,,2.92
Motilal Oswal Nifty 500 Momentum 50 ETF,INF247L01DK8,152874,commodity,Commodities: Silver,Equity,Hero Motocorp,Consumer Discretionary,17.3,,,2.85
Motilal Oswal Nifty 500 Momentum 50 ETF,INF247L01DK8,152874,commodity,Commodities: Silver,Equity,The Federal Bank,Financial,18.3,,,2.57
Motilal Oswal Nifty 500 Momentum 50 ETF,INF247L01DK8,152874,commodity,Commodities: Silver,Equity,AU Small Fin Bank,Financial,29.3,,,2.55
Motilal Oswal Nifty 500 Momentum 50 ETF,INF247L01DK8,152874,commodity,Commodities: Silver,Equity,Muthoot Finance,Financial,11.82,,,2.39
Motilal Oswal Nifty 500 Momentum 50 ETF,INF247L01DK8,152874,commodity,Commodities: Silver,Equity,GE Vernova T&D,Industrials,111.6,,,2.22
Motilal Oswal Nifty 500 Momentum 50 ETF,INF247L01DK8,152874,commodity,Commodities: Silver,Equity,L&T Fin,Financial,24.11,,,1.88
Motilal Oswal Nifty 500 Momentum 50 ETF,INF247L01DK8,152874,commodity,Commodities: Silver,Equity,Canara Bank,Financial,6.8,,,1.82
Motilal Oswal Nifty 500 Momentum 50 ETF,INF247L01DK8,152874,commodity,Commodities: Silver,Equity,One97 Comm,Industrials,126.07,,,1.76
Motilal Oswal Nifty 500 Momentum 50 ETF,INF247L01DK8,152874,commodity,Commodities: Silver,Equity,Fortis Healthcare,Healthcare,69.79,,,1.73
Motilal Oswal Nifty 500 Momentum 50 ETF,INF247L01DK8,152874,commodity,Commodities: Silver,Equity,Cholamandalam Inv,Financial,27.55,,,1.72
Motilal Oswal Nifty 500 Momentum 50 ETF,INF247L01DK8,152874,commodity,Commodities: Silver,Equity,Max Financial,Financial,677.32,,,1.68
Motilal Oswal Nifty 500 Momentum 50 Index Reg,INF247L01DM4,152876,commodity,Commodities: Silver,Equity,Hindalco Ind,Materials,16.96,,,5.51
Motilal Oswal Nifty 500 Momentum 50 Index Reg,INF247L01DM4,152876,commodity,Commodities: Silver,Equity,BSE,Financial,65.73,,,4.85
Motilal Oswal Nifty 500 Momentum 50 Index Reg,INF247L01DM4,152876,commodity,Commodities: Silver,Equity,Eicher Motors,Consumer Discretionary,37.69,,,4.74
Motilal Oswal Nifty 500 Momentum 50 Index Reg,INF247L01DM4,152876,commodity,Commodities: Silver,Equity,Shriram Finance,Financial,23.5,,,4.7
Motilal Oswal Nifty 500 Momentum 50 Index Reg,INF247L01DM4,152876,commodity,Commodities: Silver,Equity,Asian Paints,Materials,60.52,,,4.49
Motilal Oswal Nifty 500 Momentum 50 Index Reg,INF247L01DM4,152876,commodity,Commodities: Silver,Equity,Bajaj Finance,Financial,31.57,,,4.45
Motilal Oswal Nifty 500 Momentum 50 Index Reg,INF247L01DM4,152876,commodity,Commodities: Silver,Equity,Bharti Airtel,Technology,43.19,,,4.26
Motilal Oswal Nifty 500 Momentum 50 Index Reg,INF247L01DM4,152876,commodity,Commodities: Silver,Equity,Mahindra & Mahindra,Consumer Discretionary,22.36,,,4.12
Motilal Oswal Nifty 500 Momentum 50 Index Reg,INF247L01DM4,152876,commodity,Commodities: Silver,Equity,Maruti Suzuki,Consumer Discretionary,28.73,,,3.88
Motilal Oswal Nifty 500 Momentum 50 Index Reg,INF247L01DM4,152876,commodity,Commodities: Silver,Equity,MCX,Financial,53.17,,,3.29
Motilal Oswal Nifty 500 Momentum 50 Index Reg,INF247L01DM4,152876,commodity,Commodities: Silver,Equity,TVS Motor,Consumer Discretionary,54.03,,,3.21
Motilal Oswal Nifty 500 Momentum 50 Index Reg,INF247L01DM4,152876,commodity,Commodities: Silver,Equity,Laurus Labs,Healthcare,86.1,,,3.05
Motilal Oswal Nifty 500 Momentum 50 Index Reg,INF247L01DM4,152876,commodity,Commodities: Silver,Equity,Cummins India,Industrials,68.6,,,3.03
Motilal Oswal Nifty 500 Momentum 50 Index Reg,INF247L01DM4,152876,commodity,Commodities: Silver,Equity,Interglobe Aviation,Industrials,,,,2.92
Motilal Oswal Nifty 500 Momentum 50 Index Reg,INF247L01DM4,152876,commodity,Commodities: Silver,Equity,Hero Motocorp,Consumer Discretionary,17.3,,,2.85
Motilal Oswal Nifty 500 Momentum 50 Index Reg,INF247L01DM4,152876,commodity,Commodities: Silver,Equity,The Federal Bank,Financial,18.3,,,2.57
Motilal Oswal Nifty 500 Momentum 50 Index Reg,INF247L01DM4,152876,commodity,Commodities: Silver,Equity,AU Small Fin Bank,Financial,29.3,,,2.55
Motilal Oswal Nifty 500 Momentum 50 Index Reg,INF247L01DM4,152876,commodity,Commodities: Silver,Equity,Muthoot Finance,Financial,11.82,,,2.39
Motilal Oswal Nifty 500 Momentum 50 Index Reg,INF247L01DM4,152876,commodity,Commodities: Silver,Equity,GE Vernova T&D,Industrials,111.6,,,2.22
Motilal Oswal Nifty 500 Momentum 50 Index Reg,INF247L01DM4,152876,commodity,Commodities: Silver,Equity,L&T Fin,Financial,24.11,,,1.88
Motilal Oswal Nifty 500 Momentum 50 Index Reg,INF247L01DM4,152876,commodity,Commodities: Silver,Equity,Canara Bank,Financial,6.8,,,1.82
Motilal Oswal Nifty 500 Momentum 50 Index Reg,INF247L01DM4,152876,commodity,Commodities: Silver,Equity,One97 Comm,Industrials,126.07,,,1.76
Motilal Oswal Nifty 500 Momentum 50 Index Reg,INF247L01DM4,152876,commodity,Commodities: Silver,Equity,Fortis Healthcare,Healthcare,69.79,,,1.74
Motilal Oswal Nifty 500 Momentum 50 Index Reg,INF247L01DM4,152876,commodity,Commodities: Silver,Equity,Cholamandalam Inv,Financial,27.55,,,1.72
Motilal Oswal Nifty 500 Momentum 50 Index Reg,INF247L01DM4,152876,commodity,Commodities: Silver,Equity,Max Financial,Financial,677.32,,,1.68
Motilal Oswal Nifty Alpha 50 ETF,INF247L01FR8,153724,commodity,Commodities: Silver,Equity,GE Vernova T&D,Industrials,111.6,,,5.55
Motilal Oswal Nifty Alpha 50 ETF,INF247L01FR8,153724,commodity,Commodities: Silver,Equity,Hitachi Energy,Industrials,164.47,,,4.47
Motilal Oswal Nifty Alpha 50 ETF,INF247L01FR8,153724,commodity,Commodities: Silver,Equity,Hindustan Copper,Materials,53.21,,,3.95
Motilal Oswal Nifty Alpha 50 ETF,INF247L01FR8,153724,commodity,Commodities: Silver,Equity,MCX,Financial,53.17,,,3.54
Motilal Oswal Nifty Alpha 50 ETF,INF247L01FR8,153724,commodity,Commodities: Silver,Equity,Laurus Labs,Healthcare,86.1,,,3.32
Motilal Oswal Nifty Alpha 50 ETF,INF247L01FR8,153724,commodity,Commodities: Silver,Equity,Aditya Birla,Financial,26.17,,,3.18
Motilal Oswal Nifty Alpha 50 ETF,INF247L01FR8,153724,commodity,Commodities: Silver,Equity,RBL Bank,Financial,66.18,,,2.79
Motilal Oswal Nifty Alpha 50 ETF,INF247L01FR8,153724,commodity,Commodities: Silver,Equity,L&T Fin,Financial,24.11,,,2.75
Motilal Oswal Nifty Alpha 50 ETF,INF247L01FR8,153724,commodity,Commodities: Silver,Equity,Apar,Diversified,64.77,,,2.68
Motilal Oswal Nifty Alpha 50 ETF,INF247L01FR8,153724,commodity,Commodities: Silver,Equity,Polycab India,Industrials,56.42,,,2.61
Motilal Oswal Nifty Alpha 50 ETF,INF247L01FR8,153724,commodity,Commodities: Silver,Equity,National Aluminium,Materials,11.8,,,2.54
Motilal Oswal Nifty Alpha 50 ETF,INF247L01FR8,153724,commodity,Commodities: Silver,Equity,Cummins India,Industrials,68.6,,,2.45
Motilal Oswal Nifty Alpha 50 ETF,INF247L01FR8,153724,commodity,Commodities: Silver,Equity,Karur Vysya Bank,Financial,11.2,,,2.38
Motilal Oswal Nifty Alpha 50 ETF,INF247L01FR8,153724,commodity,Commodities: Silver,Equity,BSE,Financial,65.73,,,2.3
Motilal Oswal Nifty Alpha 50 ETF,INF247L01FR8,153724,commodity,Commodities: Silver,Equity,Canara Bank,Financial,6.8,,,2.23
Motilal Oswal Nifty Alpha 50 ETF,INF247L01FR8,153724,commodity,Commodities: Silver,Equity,Max Financial,Financial,677.32,,,2.22
Motilal Oswal Nifty Alpha 50 ETF,INF247L01FR8,153724,commodity,Commodities: Silver,Equity,Bharat Forge,Consumer Discretionary,90.13,,,2.18
Motilal Oswal Nifty Alpha 50 ETF,INF247L01FR8,153724,commodity,Commodities: Silver,Equity,Ashok Leyland,Industrials,26.42,,,2.15
Motilal Oswal Nifty Alpha 50 ETF,INF247L01FR8,153724,commodity,Commodities: Silver,Equity,Indian Bank,Financial,10.07,,,2.13
Motilal Oswal Nifty Alpha 50 ETF,INF247L01FR8,153724,commodity,Commodities: Silver,Equity,Delhivery,Industrials,225.47,,,2.07
Motilal Oswal Nifty Alpha 50 ETF,INF247L01FR8,153724,commodity,Commodities: Silver,Equity,AU Small Fin Bank,Financial,29.3,,,2.02
Motilal Oswal Nifty Alpha 50 ETF,INF247L01FR8,153724,commodity,Commodities: Silver,Equity,Navin Fluorine,Materials,57.43,,,1.98
Motilal Oswal Nifty Alpha 50 ETF,INF247L01FR8,153724,commodity,Commodities: Silver,Equity,The Federal Bank,Financial,18.3,,,1.97
Motilal Oswal Nifty Alpha 50 ETF,INF247L01FR8,153724,commodity,Commodities: Silver,Equity,Glenmark Pharmaceuticals,Healthcare,45.49,,,1.94
Motilal Oswal Nifty Alpha 50 ETF,INF247L01FR8,153724,commodity,Commodities: Silver,Equity,Bharat Electronics,Industrials,51.44,,,1.94
Navi Flexi Cap Reg,INF959L01EE9,143787,commodity,Commodities: Silver,Equity,ICICI Bank,Financial,17.8,,,4.16
Navi Flexi Cap Reg,INF959L01EE9,143787,commodity,Commodities: Silver,Equity,Axis Bank,Financial,15.95,,,4.09
Navi Flexi Cap Reg,INF959L01EE9,143787,commodity,Commodities: Silver,Equity,HDFC Bank,Financial,15.76,,,3.68
Navi Flexi Cap Reg,INF959L01EE9,143787,commodity,Commodities: Silver,Equity,Usha Martin,Materials,31.81,,,3.35
Navi Flexi Cap Reg,INF959L01EE9,143787,commodity,Commodities: Silver,Equity,Kotak Bank,Financial,20.63,,,2.97
Navi Flexi Cap Reg,INF959L01EE9,143787,commodity,Commodities: Silver,Equity,Samvardhana Motherson,Consumer Discretionary,39.79,,,2.8
Navi Flexi Cap Reg,INF959L01EE9,143787,commodity,Commodities: Silver,Equity,SJS Enterprises,Consumer Discretionary,41.59,,,2.65
Navi Flexi Cap Reg,INF959L01EE9,143787,commodity,Commodities: Silver,Equity,Varun Beverages,Consumer Staples,56.66,,,2.57
Navi Flexi Cap Reg,INF959L01EE9,143787,commodity,Commodities: Silver,Equity,Rainbow Children's,Healthcare,52.53,,,2.49
Navi Flexi Cap Reg,INF959L01EE9,143787,commodity,Commodities: Silver,Equity,Fiem,Consumer Discretionary,23.45,,,2.24
Navi Flexi Cap Reg,INF959L01EE9,143787,commodity,Commodities: Silver,Equity,Astral,Industrials,77.04,,,2.17
Navi Flexi Cap Reg,INF959L01EE9,143787,commodity,Commodities: Silver,Equity,Reliance Ind,Energy & Utilities,22.25,,,2.14
Navi Flexi Cap Reg,INF959L01EE9,143787,commodity,Commodities: Silver,Equity,BLS International,Technology,15.85,,,2.13
Navi Flexi Cap Reg,INF959L01EE9,143787,commodity,Commodities: Silver,Equity,Bharti Airtel,Technology,43.19,,,2.03
Navi Flexi Cap Reg,INF959L01EE9,143787,commodity,Commodities: Silver,Equity,Apollo Hospitals,Healthcare,62.53,,,2
Navi Flexi Cap Reg,INF959L01EE9,143787,commodity,Commodities: Silver,Equity,CreditAccess Grameen,Financial,28.88,,,1.9
Navi Flexi Cap Reg,INF959L01EE9,143787,commodity,Commodities: Silver,Equity,Larsen & Toubro,Industrials,35.92,,,1.84
Navi Flexi Cap Reg,INF959L01EE9,143787,commodity,Commodities: Silver,Equity,Shriram Finance,Financial,23.5,,,1.76
Navi Flexi Cap Reg,INF959L01EE9,143787,commodity,Commodities: Silver,Equity,Canara Robeco Asset Management,Financial,24.85,,,1.74
Navi Flexi Cap Reg,INF959L01EE9,143787,commodity,Commodities: Silver,Equity,Lumax,Consumer Discretionary,28.79,,,1.69
Navi Flexi Cap Reg,INF959L01EE9,143787,commodity,Commodities: Silver,Equity,Yash Highvoltage,Industrials,64.17,,,1.66
Navi Flexi Cap Reg,INF959L01EE9,143787,commodity,Commodities: Silver,Equity,Dhanuka Agritech,Materials,16.67,,,1.47
Navi Flexi Cap Reg,INF959L01EE9,143787,commodity,Commodities: Silver,Equity,UPL,Materials,26.77,,,1.46
Navi Flexi Cap Reg,INF959L01EE9,143787,commodity,Commodities: Silver,Equity,ITC,Consumer Staples,17.56,,,1.44
Navi Flexi Cap Reg,INF959L01EE9,143787,commodity,Commodities: Silver,Equity,ASK Automotive,Consumer Discretionary,31.03,,,1.42
Nippon India Diversified Equity Flexicap Passive FoF Reg,INF204KB13X3,148641,commodity,Commodities: Silver,Equity,Nippon India ETF Nifty 100-IDCW,Unspecified,,,,72.32
Nippon India Diversified Equity Flexicap Passive FoF Reg,INF204KB13X3,148641,commodity,Commodities: Silver,Equity,Nippon MID150BEES ETF,Unspecified,,,,15.32
Nippon India Diversified Equity Flexicap Passive FoF Reg,INF204KB13X3,148641,commodity,Commodities: Silver,Equity,Nippon India Nifty Smallcap 250 Index Direct-G,Unspecified,,,,11.39
Nippon India Flexi Cap Reg,INF204KB1YA5,140867,commodity,Commodities: Silver,Equity,ICICI Bank,Financial,17.8,,,6.64
Nippon India Flexi Cap Reg,INF204KB1YA5,140867,commodity,Commodities: Silver,Equity,HDFC Bank,Financial,15.76,,,6.06
Nippon India Flexi Cap Reg,INF204KB1YA5,140867,commodity,Commodities: Silver,Equity,Axis Bank,Financial,15.95,,,4.05
Nippon India Flexi Cap Reg,INF204KB1YA5,140867,commodity,Commodities: Silver,Equity,Reliance Ind,Energy & Utilities,22.25,,,3.73
Nippon India Flexi Cap Reg,INF204KB1YA5,140867,commodity,Commodities: Silver,Equity,Larsen & Toubro,Industrials,35.92,,,2.82
Nippon India Flexi Cap Reg,INF204KB1YA5,140867,commodity,Commodities: Silver,Equity,Mahindra & Mahindra,Consumer Discretionary,22.36,,,2.41
Nippon India Flexi Cap Reg,INF204KB1YA5,140867,commodity,Commodities: Silver,Equity,Samvardhana Motherson,Consumer Discretionary,39.79,,,2.01
Nippon India Flexi Cap Reg,INF204KB1YA5,140867,commodity,Commodities: Silver,Equity,SBI,Financial,11.46,,,1.98
Nippon India Flexi Cap Reg,INF204KB1YA5,140867,commodity,Commodities: Silver,Equity,Bharti Airtel,Technology,43.19,,,1.96
Nippon India Flexi Cap Reg,INF204KB1YA5,140867,commodity,Commodities: Silver,Equity,NTPC,Energy & Utilities,13.09,,,1.89
Nippon India Flexi Cap Reg,INF204KB1YA5,140867,commodity,Commodities: Silver,Equity,Bajaj Finance,Financial,31.57,,,1.82
Nippon India Flexi Cap Reg,INF204KB1YA5,140867,commodity,Commodities: Silver,Equity,Siemens Energy India,Energy & Utilities,103.2,,,1.79
Nippon India Flexi Cap Reg,INF204KB1YA5,140867,commodity,Commodities: Silver,Equity,Mankind Pharma,Healthcare,52.33,,,1.75
Nippon India Flexi Cap Reg,INF204KB1YA5,140867,commodity,Commodities: Silver,Equity,Jindal Steel,Materials,34.38,,,1.75
Nippon India Flexi Cap Reg,INF204KB1YA5,140867,commodity,Commodities: Silver,Equity,Kirloskar Oil,Industrials,49.92,,,1.64
Nippon India Flexi Cap Reg,INF204KB1YA5,140867,commodity,Commodities: Silver,Equity,Eternal,Technology,688.71,,,1.6
Nippon India Flexi Cap Reg,INF204KB1YA5,140867,commodity,Commodities: Silver,Equity,Bharat Heavy Elect,Industrials,89.9,,,1.56
Nippon India Flexi Cap Reg,INF204KB1YA5,140867,commodity,Commodities: Silver,Equity,Radico Khaitan,Consumer Staples,82.99,,,1.51
Nippon India Flexi Cap Reg,INF204KB1YA5,140867,commodity,Commodities: Silver,Equity,Hindustan Aero,Industrials,32.38,,,1.48
Nippon India Flexi Cap Reg,INF204KB1YA5,140867,commodity,Commodities: Silver,Equity,Maruti Suzuki,Consumer Discretionary,28.73,,,1.46
Nippon India Flexi Cap Reg,INF204KB1YA5,140867,commodity,Commodities: Silver,Equity,Varun Beverages,Consumer Staples,56.66,,,1.39
Nippon India Flexi Cap Reg,INF204KB1YA5,140867,commodity,Commodities: Silver,Equity,Interglobe Aviation,Industrials,,,,1.36
Nippon India Flexi Cap Reg,INF204KB1YA5,140867,commodity,Commodities: Silver,Equity,Aditya Birla AMC,Financial,34.36,,,1.31
Nippon India Flexi Cap Reg,INF204KB1YA5,140867,commodity,Commodities: Silver,Equity,Swiggy,Technology,,,,1.28
Nippon India Flexi Cap Reg,INF204KB1YA5,140867,commodity,Commodities: Silver,Equity,Coforge,Technology,41.51,,,1.25
Nippon India Focused Reg,INF204K01F46,102048,commodity,Commodities: Silver,Equity,ICICI Bank,Financial,17.8,,,8.56
Nippon India Focused Reg,INF204K01F46,102048,commodity,Commodities: Silver,Equity,HDFC Bank,Financial,15.76,,,8.25
Nippon India Focused Reg,INF204K01F46,102048,commodity,Commodities: Silver,Equity,Axis Bank,Financial,15.95,,,7.02
Nippon India Focused Reg,INF204K01F46,102048,commodity,Commodities: Silver,Equity,Infosys,Technology,14.36,,,4.75
Nippon India Focused Reg,INF204K01F46,102048,commodity,Commodities: Silver,Equity,Eternal,Technology,688.71,,,4.27
Nippon India Focused Reg,INF204K01F46,102048,commodity,Commodities: Silver,Equity,Varun Beverages,Consumer Staples,56.66,,,4.11
Nippon India Focused Reg,INF204K01F46,102048,commodity,Commodities: Silver,Equity,SBI,Financial,11.46,,,3.99
Nippon India Focused Reg,INF204K01F46,102048,commodity,Commodities: Silver,Equity,Bajaj Finserv,Financial,28.85,,,3.62
Nippon India Focused Reg,INF204K01F46,102048,commodity,Commodities: Silver,Equity,Trent,Consumer Discretionary,97.62,,,3.61
Nippon India Focused Reg,INF204K01F46,102048,commodity,Commodities: Silver,Equity,Siemens Energy India,Energy & Utilities,103.2,,,3.6
Nippon India Focused Reg,INF204K01F46,102048,commodity,Commodities: Silver,Equity,Hindustan Aero,Industrials,32.38,,,3.53
Nippon India Focused Reg,INF204K01F46,102048,commodity,Commodities: Silver,Equity,SBI Cards,Financial,27,,,3.35
Nippon India Focused Reg,INF204K01F46,102048,commodity,Commodities: Silver,Equity,Samvardhana Motherson,Consumer Discretionary,39.79,,,3.19
Nippon India Focused Reg,INF204K01F46,102048,commodity,Commodities: Silver,Equity,Reliance Ind,Energy & Utilities,22.25,,,3.08
Nippon India Focused Reg,INF204K01F46,102048,commodity,Commodities: Silver,Equity,Syngene Intl,Healthcare,55.82,,,3.03
Nippon India Focused Reg,INF204K01F46,102048,commodity,Commodities: Silver,Equity,FSN E-Commerce,Consumer Discretionary,433.94,,,2.99
Nippon India Focused Reg,INF204K01F46,102048,commodity,Commodities: Silver,Equity,Tube Investments,Consumer Discretionary,99.72,,,2.58
Nippon India Focused Reg,INF204K01F46,102048,commodity,Commodities: Silver,Equity,3M India,Diversified,70.85,,,2.53
Nippon India Focused Reg,INF204K01F46,102048,commodity,Commodities: Silver,Equity,Angel One,Financial,35.26,,,2.48
Nippon India Focused Reg,INF204K01F46,102048,commodity,Commodities: Silver,Equity,Bharat Heavy Elect,Industrials,89.9,,,2.44
Nippon India Focused Reg,INF204K01F46,102048,commodity,Commodities: Silver,Equity,Medplus Health,Healthcare,46.44,,,2.24
Nippon India Focused Reg,INF204K01F46,102048,commodity,Commodities: Silver,Equity,ONGC,Energy & Utilities,7.42,,,2.22
Nippon India Focused Reg,INF204K01F46,102048,commodity,Commodities: Silver,Equity,Swiggy,Technology,,,,1.96
Nippon India Focused Reg,INF204K01F46,102048,commodity,Commodities: Silver,Equity,Biocon,Healthcare,174.74,,,1.94
Nippon India Focused Reg,INF204K01F46,102048,commodity,Commodities: Silver,Equity,Tata Motors,Industrials,48.67,,,1.48
Nippon India Nifty 500 Low Volatility 50 Index Reg,INF204KC1EN9,153475,commodity,Commodities: Silver,Equity,Coal India,Materials,8.9,,,5.22
Nippon India Nifty 500 Low Volatility 50 Index Reg,INF204KC1EN9,153475,commodity,Commodities: Silver,Equity,Asian Paints,Materials,60.52,,,5.11
Nippon India Nifty 500 Low Volatility 50 Index Reg,INF204KC1EN9,153475,commodity,Commodities: Silver,Equity,Power Grid,Energy & Utilities,17.02,,,5
Nippon India Nifty 500 Low Volatility 50 Index Reg,INF204KC1EN9,153475,commodity,Commodities: Silver,Equity,Bajaj Finance,Financial,31.57,,,4.77
Nippon India Nifty 500 Low Volatility 50 Index Reg,INF204KC1EN9,153475,commodity,Commodities: Silver,Equity,Bharti Airtel,Technology,43.19,,,4.56
Nippon India Nifty 500 Low Volatility 50 Index Reg,INF204KC1EN9,153475,commodity,Commodities: Silver,Equity,Bajaj Auto,Consumer Discretionary,26.01,,,4.18
Nippon India Nifty 500 Low Volatility 50 Index Reg,INF204KC1EN9,153475,commodity,Commodities: Silver,Equity,Maruti Suzuki,Consumer Discretionary,28.73,,,4.15
Nippon India Nifty 500 Low Volatility 50 Index Reg,INF204KC1EN9,153475,commodity,Commodities: Silver,Equity,Apollo Hospitals,Healthcare,62.53,,,3.78
Nippon India Nifty 500 Low Volatility 50 Index Reg,INF204KC1EN9,153475,commodity,Commodities: Silver,Equity,Tata Consultancy,Technology,15.33,,,3.62
Nippon India Nifty 500 Low Volatility 50 Index Reg,INF204KC1EN9,153475,commodity,Commodities: Silver,Equity,Eicher Motors,Consumer Discretionary,37.69,,,3.61
Nippon India Nifty 500 Low Volatility 50 Index Reg,INF204KC1EN9,153475,commodity,Commodities: Silver,Equity,ONGC,Energy & Utilities,7.42,,,3.56
Nippon India Nifty 500 Low Volatility 50 Index Reg,INF204KC1EN9,153475,commodity,Commodities: Silver,Equity,Dr. Reddy'S Labs,Healthcare,25.16,,,3.4
Nippon India Nifty 500 Low Volatility 50 Index Reg,INF204KC1EN9,153475,commodity,Commodities: Silver,Equity,Britannia Ind,Consumer Staples,49.34,,,3.12
Nippon India Nifty 500 Low Volatility 50 Index Reg,INF204KC1EN9,153475,commodity,Commodities: Silver,Equity,Tech Mahindra,Technology,28.24,,,2.97
Nippon India Nifty 500 Low Volatility 50 Index Reg,INF204KC1EN9,153475,commodity,Commodities: Silver,Equity,HDFC Life,Financial,66.46,,,2.85
Nippon India Nifty 500 Low Volatility 50 Index Reg,INF204KC1EN9,153475,commodity,Commodities: Silver,Equity,The Federal Bank,Financial,18.3,,,2.55
Nippon India Nifty 500 Low Volatility 50 Index Reg,INF204KC1EN9,153475,commodity,Commodities: Silver,Equity,Tata Power,Energy & Utilities,34.16,,,2.33
Nippon India Nifty 500 Low Volatility 50 Index Reg,INF204KC1EN9,153475,commodity,Commodities: Silver,Equity,Divi's Lab,Healthcare,69.75,,,2.23
Nippon India Nifty 500 Low Volatility 50 Index Reg,INF204KC1EN9,153475,commodity,Commodities: Silver,Equity,TVS Motor,Consumer Discretionary,54.03,,,2.16
Nippon India Nifty 500 Low Volatility 50 Index Reg,INF204KC1EN9,153475,commodity,Commodities: Silver,Equity,Marico,Consumer Staples,60.11,,,2.07
Nippon India Nifty 500 Low Volatility 50 Index Reg,INF204KC1EN9,153475,commodity,Commodities: Silver,Equity,Torrent Pharma,Healthcare,69.41,,,2.05
Nippon India Nifty 500 Low Volatility 50 Index Reg,INF204KC1EN9,153475,commodity,Commodities: Silver,Equity,Hero Motocorp,Consumer Discretionary,17.3,,,1.88
Nippon India Nifty 500 Low Volatility 50 Index Reg,INF204KC1EN9,153475,commodity,Commodities: Silver,Equity,Indian Oil,Energy & Utilities,4.8,,,1.73
Nippon India Nifty 500 Low Volatility 50 Index Reg,INF204KC1EN9,153475,commodity,Commodities: Silver,Equity,Wipro,Technology,14.23,,,1.68
Nippon India Nifty 500 Low Volatility 50 Index Reg,INF204KC1EN9,153475,commodity,Commodities: Silver,Equity,Max Financial,Financial,677.32,,,1.54
Nippon India Nifty 500 Momentum 50 Index Reg,INF204KC1DD2,152883,commodity,Commodities: Silver,Equity,Hindalco Ind,Materials,16.96,,,5.51
Nippon India Nifty 500 Momentum 50 Index Reg,INF204KC1DD2,152883,commodity,Commodities: Silver,Equity,BSE,Financial,65.73,,,4.85
Nippon India Nifty 500 Momentum 50 Index Reg,INF204KC1DD2,152883,commodity,Commodities: Silver,Equity,Eicher Motors,Consumer Discretionary,37.69,,,4.73
Nippon India Nifty 500 Momentum 50 Index Reg,INF204KC1DD2,152883,commodity,Commodities: Silver,Equity,Shriram Finance,Financial,23.5,,,4.7
Nippon India Nifty 500 Momentum 50 Index Reg,INF204KC1DD2,152883,commodity,Commodities: Silver,Equity,Asian Paints,Materials,60.52,,,4.49
Nippon India Nifty 500 Momentum 50 Index Reg,INF204KC1DD2,152883,commodity,Commodities: Silver,Equity,Bajaj Finance,Financial,31.57,,,4.45
Nippon India Nifty 500 Momentum 50 Index Reg,INF204KC1DD2,152883,commodity,Commodities: Silver,Equity,Bharti Airtel,Technology,43.19,,,4.26
Nippon India Nifty 500 Momentum 50 Index Reg,INF204KC1DD2,152883,commodity,Commodities: Silver,Equity,Mahindra & Mahindra,Consumer Discretionary,22.36,,,4.12
Nippon India Nifty 500 Momentum 50 Index Reg,INF204KC1DD2,152883,commodity,Commodities: Silver,Equity,Maruti Suzuki,Consumer Discretionary,28.73,,,3.88
Nippon India Nifty 500 Momentum 50 Index Reg,INF204KC1DD2,152883,commodity,Commodities: Silver,Equity,MCX,Financial,53.17,,,3.29
Nippon India Nifty 500 Momentum 50 Index Reg,INF204KC1DD2,152883,commodity,Commodities: Silver,Equity,TVS Motor,Consumer Discretionary,54.03,,,3.2
Nippon India Nifty 500 Momentum 50 Index Reg,INF204KC1DD2,152883,commodity,Commodities: Silver,Equity,Laurus Labs,Healthcare,86.1,,,3.05
Nippon India Nifty 500 Momentum 50 Index Reg,INF204KC1DD2,152883,commodity,Commodities: Silver,Equity,Cummins India,Industrials,68.6,,,3.03
Nippon India Nifty 500 Momentum 50 Index Reg,INF204KC1DD2,152883,commodity,Commodities: Silver,Equity,Interglobe Aviation,Industrials,,,,2.92
Nippon India Nifty 500 Momentum 50 Index Reg,INF204KC1DD2,152883,commodity,Commodities: Silver,Equity,Hero Motocorp,Consumer Discretionary,17.3,,,2.85
Nippon India Nifty 500 Momentum 50 Index Reg,INF204KC1DD2,152883,commodity,Commodities: Silver,Equity,The Federal Bank,Financial,18.3,,,2.57
Nippon India Nifty 500 Momentum 50 Index Reg,INF204KC1DD2,152883,commodity,Commodities: Silver,Equity,AU Small Fin Bank,Financial,29.3,,,2.55
Nippon India Nifty 500 Momentum 50 Index Reg,INF204KC1DD2,152883,commodity,Commodities: Silver,Equity,Muthoot Finance,Financial,11.82,,,2.39
Nippon India Nifty 500 Momentum 50 Index Reg,INF204KC1DD2,152883,commodity,Commodities: Silver,Equity,GE Vernova T&D,Industrials,111.6,,,2.22
Nippon India Nifty 500 Momentum 50 Index Reg,INF204KC1DD2,152883,commodity,Commodities: Silver,Equity,L&T Fin,Financial,24.11,,,1.88
Nippon India Nifty 500 Momentum 50 Index Reg,INF204KC1DD2,152883,commodity,Commodities: Silver,Equity,Canara Bank,Financial,6.8,,,1.82
Nippon India Nifty 500 Momentum 50 Index Reg,INF204KC1DD2,152883,commodity,Commodities: Silver,Equity,One97 Comm,Industrials,126.07,,,1.75
Nippon India Nifty 500 Momentum 50 Index Reg,INF204KC1DD2,152883,commodity,Commodities: Silver,Equity,Fortis Healthcare,Healthcare,69.79,,,1.73
Nippon India Nifty 500 Momentum 50 Index Reg,INF204KC1DD2,152883,commodity,Commodities: Silver,Equity,Cholamandalam Inv,Financial,27.55,,,1.72
Nippon India Nifty 500 Momentum 50 Index Reg,INF204KC1DD2,152883,commodity,Commodities: Silver,Equity,Max Financial,Financial,677.32,,,1.68
Nippon India Nifty 500 Quality 50 Index Reg,INF204KC1ET6,153472,commodity,Commodities: Silver,Equity,BSE,Financial,65.73,,,6.04
Nippon India Nifty 500 Quality 50 Index Reg,INF204KC1ET6,153472,commodity,Commodities: Silver,Equity,Bharat Electronics,Industrials,51.44,,,4.48
Nippon India Nifty 500 Quality 50 Index Reg,INF204KC1ET6,153472,commodity,Commodities: Silver,Equity,Coal India,Materials,8.9,,,3.98
Nippon India Nifty 500 Quality 50 Index Reg,INF204KC1ET6,153472,commodity,Commodities: Silver,Equity,Bajaj Auto,Consumer Discretionary,26.01,,,3.84
Nippon India Nifty 500 Quality 50 Index Reg,INF204KC1ET6,153472,commodity,Commodities: Silver,Equity,Suzlon Energy,Industrials,25.71,,,3.74
Nippon India Nifty 500 Quality 50 Index Reg,INF204KC1ET6,153472,commodity,Commodities: Silver,Equity,GE Vernova T&D,Industrials,111.6,,,3.61
Nippon India Nifty 500 Quality 50 Index Reg,INF204KC1ET6,153472,commodity,Commodities: Silver,Equity,Britannia Ind,Consumer Staples,49.34,,,3.54
Nippon India Nifty 500 Quality 50 Index Reg,INF204KC1ET6,153472,commodity,Commodities: Silver,Equity,Colgate-Palmolive,Consumer Staples,41.04,,,3.46
Nippon India Nifty 500 Quality 50 Index Reg,INF204KC1ET6,153472,commodity,Commodities: Silver,Equity,Tata Consultancy,Technology,15.33,,,3.38
Nippon India Nifty 500 Quality 50 Index Reg,INF204KC1ET6,153472,commodity,Commodities: Silver,Equity,CG Power,Industrials,125.19,,,3.37
Nippon India Nifty 500 Quality 50 Index Reg,INF204KC1ET6,153472,commodity,Commodities: Silver,Equity,Solar,Materials,98.23,,,3.04
Nippon India Nifty 500 Quality 50 Index Reg,INF204KC1ET6,153472,commodity,Commodities: Silver,Equity,Dixon Technologies,Consumer Discretionary,53.08,,,3.04
Nippon India Nifty 500 Quality 50 Index Reg,INF204KC1ET6,153472,commodity,Commodities: Silver,Equity,HDFC AMC,Financial,40.56,,,2.97
Nippon India Nifty 500 Quality 50 Index Reg,INF204KC1ET6,153472,commodity,Commodities: Silver,Equity,Marico,Consumer Staples,60.11,,,2.9
Nippon India Nifty 500 Quality 50 Index Reg,INF204KC1ET6,153472,commodity,Commodities: Silver,Equity,National Aluminium,Materials,11.8,,,2.73
Nippon India Nifty 500 Quality 50 Index Reg,INF204KC1ET6,153472,commodity,Commodities: Silver,Equity,ABB India,Industrials,99.94,,,2.68
Nippon India Nifty 500 Quality 50 Index Reg,INF204KC1ET6,153472,commodity,Commodities: Silver,Equity,Page,Consumer Discretionary,58.43,,,2.37
Nippon India Nifty 500 Quality 50 Index Reg,INF204KC1ET6,153472,commodity,Commodities: Silver,Equity,CAMS,Financial,42.9,,,2.33
Nippon India Nifty 500 Quality 50 Index Reg,INF204KC1ET6,153472,commodity,Commodities: Silver,Equity,Persistent Systems,Technology,40.32,,,2.22
Nippon India Nifty 500 Quality 50 Index Reg,INF204KC1ET6,153472,commodity,Commodities: Silver,Equity,Anand Rathi Wealth,Financial,78,,,2.1
Nippon India Nifty 500 Quality 50 Index Reg,INF204KC1ET6,153472,commodity,Commodities: Silver,Equity,Oracle Fin,Technology,31.44,,,2.02
Nippon India Nifty 500 Quality 50 Index Reg,INF204KC1ET6,153472,commodity,Commodities: Silver,Equity,Angel One,Financial,35.26,,,1.89
Nippon India Nifty 500 Quality 50 Index Reg,INF204KC1ET6,153472,commodity,Commodities: Silver,Equity,NMDC,Materials,10.46,,,1.85
Nippon India Nifty 500 Quality 50 Index Reg,INF204KC1ET6,153472,commodity,Commodities: Silver,Equity,Central Depository,Financial,62.73,,,1.68
Nippon India Nifty 500 Quality 50 Index Reg,INF204KC1ET6,153472,commodity,Commodities: Silver,Equity,LTIMindtree,Technology,22.53,,,1.58
Nippon India Retirement Wealth Creation Reg,INF204KA1B64,133565,commodity,Commodities: Silver,Equity,HDFC Bank,Financial,15.76,,,7.85
Nippon India Retirement Wealth Creation Reg,INF204KA1B64,133565,commodity,Commodities: Silver,Equity,ICICI Bank,Financial,17.8,,,7.33
Nippon India Retirement Wealth Creation Reg,INF204KA1B64,133565,commodity,Commodities: Silver,Equity,Reliance Ind,Energy & Utilities,22.25,,,4.46
Nippon India Retirement Wealth Creation Reg,INF204KA1B64,133565,commodity,Commodities: Silver,Equity,Axis Bank,Financial,15.95,,,4.24
Nippon India Retirement Wealth Creation Reg,INF204KA1B64,133565,commodity,Commodities: Silver,Equity,Infosys,Technology,14.36,,,4.2
Nippon India Retirement Wealth Creation Reg,INF204KA1B64,133565,commodity,Commodities: Silver,Equity,Larsen & Toubro,Industrials,35.92,,,3.56
Nippon India Retirement Wealth Creation Reg,INF204KA1B64,133565,commodity,Commodities: Silver,Equity,JSW Energy,Energy & Utilities,46.76,,,3.53
Nippon India Retirement Wealth Creation Reg,INF204KA1B64,133565,commodity,Commodities: Silver,Equity,SBI,Financial,11.46,,,3.3
Nippon India Retirement Wealth Creation Reg,INF204KA1B64,133565,commodity,Commodities: Silver,Equity,Mahindra & Mahindra,Consumer Discretionary,22.36,,,2.35
Nippon India Retirement Wealth Creation Reg,INF204KA1B64,133565,commodity,Commodities: Silver,Equity,Samvardhana Motherson,Consumer Discretionary,39.79,,,2.13
Nippon India Retirement Wealth Creation Reg,INF204KA1B64,133565,commodity,Commodities: Silver,Equity,Tech Mahindra,Technology,28.24,,,2.08
Nippon India Retirement Wealth Creation Reg,INF204KA1B64,133565,commodity,Commodities: Silver,Equity,NTPC,Energy & Utilities,13.09,,,2.04
Nippon India Retirement Wealth Creation Reg,INF204KA1B64,133565,commodity,Commodities: Silver,Equity,Varun Beverages,Consumer Staples,56.66,,,1.91
Nippon India Retirement Wealth Creation Reg,INF204KA1B64,133565,commodity,Commodities: Silver,Equity,Hindustan Aero,Industrials,32.38,,,1.91
Nippon India Retirement Wealth Creation Reg,INF204KA1B64,133565,commodity,Commodities: Silver,Equity,SBI Life Insurance,Financial,126.08,,,1.81
Nippon India Retirement Wealth Creation Reg,INF204KA1B64,133565,commodity,Commodities: Silver,Equity,Indus Towers,Technology,15.22,,,1.61
Nippon India Retirement Wealth Creation Reg,INF204KA1B64,133565,commodity,Commodities: Silver,Equity,HDFC AMC,Financial,40.56,,,1.59
Nippon India Retirement Wealth Creation Reg,INF204KA1B64,133565,commodity,Commodities: Silver,Equity,NTPC Green Energy,Energy & Utilities,154.63,,,1.53
Nippon India Retirement Wealth Creation Reg,INF204KA1B64,133565,commodity,Commodities: Silver,Equity,Interglobe Aviation,Industrials,,,,1.45
Nippon India Retirement Wealth Creation Reg,INF204KA1B64,133565,commodity,Commodities: Silver,Equity,Cummins India,Industrials,68.6,,,1.45
Nippon India Retirement Wealth Creation Reg,INF204KA1B64,133565,commodity,Commodities: Silver,Equity,Titan,Consumer Discretionary,77.17,,,1.41
Nippon India Retirement Wealth Creation Reg,INF204KA1B64,133565,commodity,Commodities: Silver,Equity,Eternal,Technology,688.71,,,1.4
Nippon India Retirement Wealth Creation Reg,INF204KA1B64,133565,commodity,Commodities: Silver,Equity,Cholamandalam Inv,Financial,27.55,,,1.39
Nippon India Retirement Wealth Creation Reg,INF204KA1B64,133565,commodity,Commodities: Silver,Equity,Blue Star,Industrials,64.68,,,1.31
Nippon India Retirement Wealth Creation Reg,INF204KA1B64,133565,commodity,Commodities: Silver,Equity,Nestle India,Consumer Staples,77.1,,,1.26
NJ Flexi Cap Reg,INF0J8L01131,151920,commodity,Commodities: Silver,Equity,Marico,Consumer Staples,60.74,,,4.42
NJ Flexi Cap Reg,INF0J8L01131,151920,commodity,Commodities: Silver,Equity,Eicher Motors,Consumer Discretionary,37.74,,,4.23
NJ Flexi Cap Reg,INF0J8L01131,151920,commodity,Commodities: Silver,Equity,Britannia Ind,Consumer Staples,49.53,,,4.11
NJ Flexi Cap Reg,INF0J8L01131,151920,commodity,Commodities: Silver,Equity,Bosch,Consumer Discretionary,42.67,,,4.05
NJ Flexi Cap Reg,INF0J8L01131,151920,commodity,Commodities: Silver,Equity,Dr. Lal Pathlabs,Healthcare,54.36,,,3.97
NJ Flexi Cap Reg,INF0J8L01131,151920,commodity,Commodities: Silver,Equity,ICICI Bank,Financial,17.81,,,3.96
NJ Flexi Cap Reg,INF0J8L01131,151920,commodity,Commodities: Silver,Equity,Cipla,Healthcare,28.22,,,3.79
NJ Flexi Cap Reg,INF0J8L01131,151920,commodity,Commodities: Silver,Equity,Torrent Pharma,Healthcare,69.46,,,3.69
NJ Flexi Cap Reg,INF0J8L01131,151920,commodity,Commodities: Silver,Equity,ITC,Consumer Staples,17.57,,,3.67
NJ Flexi Cap Reg,INF0J8L01131,151920,commodity,Commodities: Silver,Equity,Dr. Reddy'S Labs,Healthcare,25.19,,,3.53
NJ Flexi Cap Reg,INF0J8L01131,151920,commodity,Commodities: Silver,Equity,Alkem Laboratories,Healthcare,27.92,,,3.48
NJ Flexi Cap Reg,INF0J8L01131,151920,commodity,Commodities: Silver,Equity,ONGC,Energy & Utilities,7.41,,,3.48
NJ Flexi Cap Reg,INF0J8L01131,151920,commodity,Commodities: Silver,Equity,Sun Pharmaceutical,Healthcare,38.34,,,3.44
NJ Flexi Cap Reg,INF0J8L01131,151920,commodity,Commodities: Silver,Equity,Nestle India,Consumer Staples,77.35,,,3.09
NJ Flexi Cap Reg,INF0J8L01131,151920,commodity,Commodities: Silver,Equity,Pidilite Ind,Materials,65.55,,,2.66
NJ Flexi Cap Reg,INF0J8L01131,151920,commodity,Commodities: Silver,Equity,Page,Consumer Discretionary,58.48,,,2.5
NJ Flexi Cap Reg,INF0J8L01131,151920,commodity,Commodities: Silver,Equity,HDFC Bank,Financial,15.78,,,2.45
NJ Flexi Cap Reg,INF0J8L01131,151920,commodity,Commodities: Silver,Equity,Hero Motocorp,Consumer Discretionary,17.28,,,2.32
NJ Flexi Cap Reg,INF0J8L01131,151920,commodity,Commodities: Silver,Equity,Ajanta Pharma,Healthcare,36.29,,,1.97
NJ Flexi Cap Reg,INF0J8L01131,151920,commodity,Commodities: Silver,Equity,Kotak Bank,Financial,20.59,,,1.82
NJ Flexi Cap Reg,INF0J8L01131,151920,commodity,Commodities: Silver,Equity,Colgate-Palmolive,Consumer Staples,41.15,,,1.63
NJ Flexi Cap Reg,INF0J8L01131,151920,commodity,Commodities: Silver,Equity,Emami,Consumer Staples,23.1,,,1.45
NJ Flexi Cap Reg,INF0J8L01131,151920,commodity,Commodities: Silver,Equity,Indiamart,Industrials,26.58,,,1.45
NJ Flexi Cap Reg,INF0J8L01131,151920,commodity,Commodities: Silver,Equity,Havells India,Consumer Discretionary,43.89,,,1.45
NJ Flexi Cap Reg,INF0J8L01131,151920,commodity,Commodities: Silver,Equity,JB Chemicals,Healthcare,49.7,,,1.38
Old Bridge Flexi Cap Reg,INF0S5R01166,154226,commodity,Commodities: Silver,Equity,Marksans Pharma,Healthcare,28.32,,,3.28
Old Bridge Flexi Cap Reg,INF0S5R01166,154226,commodity,Commodities: Silver,Equity,Star Health,Financial,60.8,,,3.02
Old Bridge Flexi Cap Reg,INF0S5R01166,154226,commodity,Commodities: Silver,Equity,DLF,Real Estate,34.99,,,3
Old Bridge Flexi Cap Reg,INF0S5R01166,154226,commodity,Commodities: Silver,Equity,The Federal Bank,Financial,18.3,,,2.98
Old Bridge Flexi Cap Reg,INF0S5R01166,154226,commodity,Commodities: Silver,Equity,Deepak Fertilisers,Materials,26.43,,,2.92
Old Bridge Flexi Cap Reg,INF0S5R01166,154226,commodity,Commodities: Silver,Equity,Axis Bank,Financial,15.95,,,2.92
Old Bridge Flexi Cap Reg,INF0S5R01166,154226,commodity,Commodities: Silver,Equity,Gujarat Ambuja,Consumer Staples,23.95,,,2.87
Old Bridge Flexi Cap Reg,INF0S5R01166,154226,commodity,Commodities: Silver,Equity,Shriram Finance,Financial,23.5,,,2.84
Old Bridge Flexi Cap Reg,INF0S5R01166,154226,commodity,Commodities: Silver,Equity,Hindalco Ind,Materials,16.96,,,2.81
Old Bridge Flexi Cap Reg,INF0S5R01166,154226,commodity,Commodities: Silver,Equity,Aurobindo Pharma,Healthcare,24.16,,,2.8
Old Bridge Flexi Cap Reg,INF0S5R01166,154226,commodity,Commodities: Silver,Equity,Mahindra & Mahindra,Consumer Discretionary,22.36,,,2.76
Old Bridge Flexi Cap Reg,INF0S5R01166,154226,commodity,Commodities: Silver,Equity,Zydus Lifesciences,Healthcare,21.36,,,2.69
Old Bridge Flexi Cap Reg,INF0S5R01166,154226,commodity,Commodities: Silver,Equity,Go Digit General Insurance,Financial,50.87,,,2.68
Old Bridge Flexi Cap Reg,INF0S5R01166,154226,commodity,Commodities: Silver,Equity,Interglobe Aviation,Industrials,,,,2.67
Old Bridge Flexi Cap Reg,INF0S5R01166,154226,commodity,Commodities: Silver,Equity,International Gemological Institute,Consumer Discretionary,21.6,,,2.63
Old Bridge Flexi Cap Reg,INF0S5R01166,154226,commodity,Commodities: Silver,Equity,Larsen & Toubro,Industrials,35.92,,,2.61
Old Bridge Flexi Cap Reg,INF0S5R01166,154226,commodity,Commodities: Silver,Equity,Tata Steel,Materials,22.91,,,2.51
Old Bridge Flexi Cap Reg,INF0S5R01166,154226,commodity,Commodities: Silver,Equity,Glenmark Pharmaceuticals,Healthcare,45.49,,,2.51
Old Bridge Flexi Cap Reg,INF0S5R01166,154226,commodity,Commodities: Silver,Equity,Action Const,Industrials,27.94,,,2.46
Old Bridge Flexi Cap Reg,INF0S5R01166,154226,commodity,Commodities: Silver,Equity,Mahin & Mahin Fin,Financial,14.26,,,2.46
Old Bridge Flexi Cap Reg,INF0S5R01166,154226,commodity,Commodities: Silver,Equity,Tata Motors Passenger Vehicles,Consumer Discretionary,1.61,,,2.46
Old Bridge Flexi Cap Reg,INF0S5R01166,154226,commodity,Commodities: Silver,Equity,Yatra Online,Consumer Discretionary,37.88,,,2.36
Old Bridge Flexi Cap Reg,INF0S5R01166,154226,commodity,Commodities: Silver,Equity,Jubilant Foodworks,Consumer Discretionary,64.65,,,2.28
Old Bridge Flexi Cap Reg,INF0S5R01166,154226,commodity,Commodities: Silver,Equity,Akums Drugs And Pharmaceuticals,Healthcare,36.94,,,2.26
Old Bridge Flexi Cap Reg,INF0S5R01166,154226,commodity,Commodities: Silver,Equity,RBL Bank,Financial,66.18,,,2.25
Old Bridge Focused Reg,INF0S5R01034,152361,commodity,Commodities: Silver,Equity,Shriram Finance,Financial,23.5,,,6.52
Old Bridge Focused Reg,INF0S5R01034,152361,commodity,Commodities: Silver,Equity,Aurobindo Pharma,Healthcare,24.16,,,6.1
Old Bridge Focused Reg,INF0S5R01034,152361,commodity,Commodities: Silver,Equity,Maruti Suzuki,Consumer Discretionary,28.73,,,5.29
Old Bridge Focused Reg,INF0S5R01034,152361,commodity,Commodities: Silver,Equity,Bharti Airtel,Technology,43.19,,,4.99
Old Bridge Focused Reg,INF0S5R01034,152361,commodity,Commodities: Silver,Equity,Redington,Technology,14.84,,,4.08
Old Bridge Focused Reg,INF0S5R01034,152361,commodity,Commodities: Silver,Equity,Hindustan Zinc,Materials,17.23,,,4.07
Old Bridge Focused Reg,INF0S5R01034,152361,commodity,Commodities: Silver,Equity,Ramkrishna Forgings,Materials,149.78,,,4.05
Old Bridge Focused Reg,INF0S5R01034,152361,commodity,Commodities: Silver,Equity,Interglobe Aviation,Industrials,,,,4.03
Old Bridge Focused Reg,INF0S5R01034,152361,commodity,Commodities: Silver,Equity,Axis Bank,Financial,15.95,,,3.98
Old Bridge Focused Reg,INF0S5R01034,152361,commodity,Commodities: Silver,Equity,Tata Motors Passenger Vehicles,Consumer Discretionary,1.61,,,3.89
Old Bridge Focused Reg,INF0S5R01034,152361,commodity,Commodities: Silver,Equity,UPL,Materials,26.77,,,3.87
Old Bridge Focused Reg,INF0S5R01034,152361,commodity,Commodities: Silver,Equity,Granules India,Healthcare,32.59,,,3.85
Old Bridge Focused Reg,INF0S5R01034,152361,commodity,Commodities: Silver,Equity,Prestige Estates,Real Estate,53.65,,,3.82
Old Bridge Focused Reg,INF0S5R01034,152361,commodity,Commodities: Silver,Equity,Alivus Life Sciences,Healthcare,23.29,,,3.7
Old Bridge Focused Reg,INF0S5R01034,152361,commodity,Commodities: Silver,Equity,Tata Steel,Materials,22.91,,,3.68
Old Bridge Focused Reg,INF0S5R01034,152361,commodity,Commodities: Silver,Equity,Radico Khaitan,Consumer Staples,82.99,,,3.62
Old Bridge Focused Reg,INF0S5R01034,152361,commodity,Commodities: Silver,Equity,Hindalco Ind,Materials,16.96,,,3.37
Old Bridge Focused Reg,INF0S5R01034,152361,commodity,Commodities: Silver,Equity,IEX,Financial,22.23,,,3.13
Old Bridge Focused Reg,INF0S5R01034,152361,commodity,Commodities: Silver,Equity,Kaveri Seed,Consumer Staples,14.8,,,2.98
Old Bridge Focused Reg,INF0S5R01034,152361,commodity,Commodities: Silver,Equity,Great Eastern Ship,Energy & Utilities,6.96,,,2.47
Old Bridge Focused Reg,INF0S5R01034,152361,commodity,Commodities: Silver,Equity,Action Const,Industrials,27.94,,,2.16
Old Bridge Focused Reg,INF0S5R01034,152361,commodity,Commodities: Silver,Equity,United Foodbrands,Consumer Discretionary,,,,2.05
Old Bridge Focused Reg,INF0S5R01034,152361,commodity,Commodities: Silver,Equity,Medi Assist Health,Industrials,31.05,,,1.89
Old Bridge Focused Reg,INF0S5R01034,152361,commodity,Commodities: Silver,Equity,Antony Waste,Industrials,17.81,,,0.94
Parag Parikh Flexi Cap Reg,INF879O01019,122640,commodity,Commodities: Silver,Equity,HDFC Bank,Financial,15.76,,,7.88
Parag Parikh Flexi Cap Reg,INF879O01019,122640,commodity,Commodities: Silver,Equity,Power Grid,Energy & Utilities,17.02,,,6.41
Parag Parikh Flexi Cap Reg,INF879O01019,122640,commodity,Commodities: Silver,Equity,ITC,Consumer Staples,17.56,,,5.84
Parag Parikh Flexi Cap Reg,INF879O01019,122640,commodity,Commodities: Silver,Equity,Coal India,Materials,8.9,,,5.66
Parag Parikh Flexi Cap Reg,INF879O01019,122640,commodity,Commodities: Silver,Equity,ICICI Bank,Financial,17.8,,,5.11
Parag Parikh Flexi Cap Reg,INF879O01019,122640,commodity,Commodities: Silver,Equity,Alphabet Inc Class A (GOOGL),Technology,27.48,,,4.83
Parag Parikh Flexi Cap Reg,INF879O01019,122640,commodity,Commodities: Silver,Equity,Bajaj Holdings,Financial,12.28,,,4.48
Parag Parikh Flexi Cap Reg,INF879O01019,122640,commodity,Commodities: Silver,Equity,Kotak Bank,Financial,20.63,,,4.12
Parag Parikh Flexi Cap Reg,INF879O01019,122640,commodity,Commodities: Silver,Equity,HCL Technologies,Technology,18.25,,,3.6
Parag Parikh Flexi Cap Reg,INF879O01019,122640,commodity,Commodities: Silver,Equity,Mahindra & Mahindra,Consumer Discretionary,22.36,,,3.45
Parag Parikh Flexi Cap Reg,INF879O01019,122640,commodity,Commodities: Silver,Equity,Infosys,Technology,14.36,,,3.06
Parag Parikh Flexi Cap Reg,INF879O01019,122640,commodity,Commodities: Silver,Equity,Axis Bank,Financial,15.95,,,3.02
Parag Parikh Flexi Cap Reg,INF879O01019,122640,commodity,Commodities: Silver,Equity,Maruti Suzuki,Consumer Discretionary,28.73,,,2.82
Parag Parikh Flexi Cap Reg,INF879O01019,122640,commodity,Commodities: Silver,Equity,Bharti Airtel,Technology,43.19,,,2.74
Parag Parikh Flexi Cap Reg,INF879O01019,122640,commodity,Commodities: Silver,Equity,Tata Consultancy,Technology,15.33,,,2.54
Parag Parikh Flexi Cap Reg,INF879O01019,122640,commodity,Commodities: Silver,Equity,Amazon.com (AMZN),Consumer Discretionary,31.64,,,2.51
Parag Parikh Flexi Cap Reg,INF879O01019,122640,commodity,Commodities: Silver,Equity,Meta Platforms Inc. Class A (FB),Technology,20.62,,,2.51
Parag Parikh Flexi Cap Reg,INF879O01019,122640,commodity,Commodities: Silver,Equity,Microsoft (MSFT),Technology,23.29,,,2.22
Parag Parikh Flexi Cap Reg,INF879O01019,122640,commodity,Commodities: Silver,Equity,Zydus Lifesciences,Healthcare,21.36,,,1.47
Parag Parikh Flexi Cap Reg,INF879O01019,122640,commodity,Commodities: Silver,Equity,Cipla,Healthcare,28.21,,,1.39
Parag Parikh Flexi Cap Reg,INF879O01019,122640,commodity,Commodities: Silver,Equity,Dr. Reddy'S Labs,Healthcare,25.16,,,1.32
Parag Parikh Flexi Cap Reg,INF879O01019,122640,commodity,Commodities: Silver,Equity,Indraprastha Gas,Energy & Utilities,15.24,,,1
Parag Parikh Flexi Cap Reg,INF879O01019,122640,commodity,Commodities: Silver,Equity,Zydus Wellness,Consumer Staples,81.83,,,0.79
Parag Parikh Flexi Cap Reg,INF879O01019,122640,commodity,Commodities: Silver,Equity,IEX,Financial,22.23,,,0.75
Parag Parikh Flexi Cap Reg,INF879O01019,122640,commodity,Commodities: Silver,Equity,EID Parry,Materials,21.99,,,0.44
PGIM India Flexi Cap Reg,INF663L01FJ3,133836,commodity,Commodities: Silver,Equity,HDFC Bank,Financial,15.76,,,5.78
PGIM India Flexi Cap Reg,INF663L01FJ3,133836,commodity,Commodities: Silver,Equity,ICICI Bank,Financial,17.8,,,5.55
PGIM India Flexi Cap Reg,INF663L01FJ3,133836,commodity,Commodities: Silver,Equity,Bharti Airtel,Technology,43.19,,,3.09
PGIM India Flexi Cap Reg,INF663L01FJ3,133836,commodity,Commodities: Silver,Equity,Reliance Ind,Energy & Utilities,22.25,,,2.82
PGIM India Flexi Cap Reg,INF663L01FJ3,133836,commodity,Commodities: Silver,Equity,SBI,Financial,11.46,,,2.34
PGIM India Flexi Cap Reg,INF663L01FJ3,133836,commodity,Commodities: Silver,Equity,Eternal,Technology,688.71,,,2.25
PGIM India Flexi Cap Reg,INF663L01FJ3,133836,commodity,Commodities: Silver,Equity,TVS Motor,Consumer Discretionary,54.03,,,2.15
PGIM India Flexi Cap Reg,INF663L01FJ3,133836,commodity,Commodities: Silver,Equity,Vishal Mega Mart,Consumer Staples,65.67,,,1.97
PGIM India Flexi Cap Reg,INF663L01FJ3,133836,commodity,Commodities: Silver,Equity,Varun Beverages,Consumer Staples,56.66,,,1.92
PGIM India Flexi Cap Reg,INF663L01FJ3,133836,commodity,Commodities: Silver,Equity,Bajaj Finance,Financial,31.57,,,1.78
PGIM India Flexi Cap Reg,INF663L01FJ3,133836,commodity,Commodities: Silver,Equity,Divi's Lab,Healthcare,69.75,,,1.75
PGIM India Flexi Cap Reg,INF663L01FJ3,133836,commodity,Commodities: Silver,Equity,JSW Steel,Materials,14.11,,,1.74
PGIM India Flexi Cap Reg,INF663L01FJ3,133836,commodity,Commodities: Silver,Equity,NTPC,Energy & Utilities,13.09,,,1.74
PGIM India Flexi Cap Reg,INF663L01FJ3,133836,commodity,Commodities: Silver,Equity,Axis Bank,Financial,15.95,,,1.68
PGIM India Flexi Cap Reg,INF663L01FJ3,133836,commodity,Commodities: Silver,Equity,Mankind Pharma,Healthcare,52.33,,,1.67
PGIM India Flexi Cap Reg,INF663L01FJ3,133836,commodity,Commodities: Silver,Equity,JK Cement,Materials,42.48,,,1.66
PGIM India Flexi Cap Reg,INF663L01FJ3,133836,commodity,Commodities: Silver,Equity,Larsen & Toubro,Industrials,35.92,,,1.65
PGIM India Flexi Cap Reg,INF663L01FJ3,133836,commodity,Commodities: Silver,Equity,MCX,Financial,53.17,,,1.64
PGIM India Flexi Cap Reg,INF663L01FJ3,133836,commodity,Commodities: Silver,Equity,Titan,Consumer Discretionary,77.17,,,1.6
PGIM India Flexi Cap Reg,INF663L01FJ3,133836,commodity,Commodities: Silver,Equity,Hindalco Ind,Materials,16.96,,,1.55
PGIM India Flexi Cap Reg,INF663L01FJ3,133836,commodity,Commodities: Silver,Equity,Tech Mahindra,Technology,28.24,,,1.53
PGIM India Flexi Cap Reg,INF663L01FJ3,133836,commodity,Commodities: Silver,Equity,CG Power,Industrials,125.19,,,1.49
PGIM India Flexi Cap Reg,INF663L01FJ3,133836,commodity,Commodities: Silver,Equity,Cummins India,Industrials,68.6,,,1.45
PGIM India Flexi Cap Reg,INF663L01FJ3,133836,commodity,Commodities: Silver,Equity,AU Small Fin Bank,Financial,29.3,,,1.35
PGIM India Flexi Cap Reg,INF663L01FJ3,133836,commodity,Commodities: Silver,Equity,UNO Minda,Consumer Discretionary,53.31,,,1.33
Quant Flexi Cap Reg,INF966L01457,109830,commodity,Commodities: Silver,Equity,Adani Power,Energy & Utilities,34.62,,,9.99
Quant Flexi Cap Reg,INF966L01457,109830,commodity,Commodities: Silver,Equity,Samvardhana Motherson,Consumer Discretionary,39.79,,,8.56
Quant Flexi Cap Reg,INF966L01457,109830,commodity,Commodities: Silver,Equity,Adani Enterprises,Materials,42.15,,,8.51
Quant Flexi Cap Reg,INF966L01457,109830,commodity,Commodities: Silver,Equity,ICICI Prudential Asset Management,Financial,50.08,,,6.82
Quant Flexi Cap Reg,INF966L01457,109830,commodity,Commodities: Silver,Equity,Aurobindo Pharma,Healthcare,24.16,,,6.13
Quant Flexi Cap Reg,INF966L01457,109830,commodity,Commodities: Silver,Equity,ICICI Bank,Financial,17.8,,,5.79
Quant Flexi Cap Reg,INF966L01457,109830,commodity,Commodities: Silver,Equity,Adani Green Energy,Energy & Utilities,150.44,,,4.43
Quant Flexi Cap Reg,INF966L01457,109830,commodity,Commodities: Silver,Equity,Adani Energy,Energy & Utilities,79.36,,,3.82
Quant Flexi Cap Reg,INF966L01457,109830,commodity,Commodities: Silver,Equity,Larsen & Toubro,Industrials,35.92,,,3.62
Quant Flexi Cap Reg,INF966L01457,109830,commodity,Commodities: Silver,Equity,Tata Power,Energy & Utilities,34.16,,,3.53
Quant Flexi Cap Reg,INF966L01457,109830,commodity,Commodities: Silver,Equity,Bharti Airtel,Technology,43.19,,,3.01
Quant Flexi Cap Reg,INF966L01457,109830,commodity,Commodities: Silver,Equity,Reliance Ind,Energy & Utilities,22.25,,,2.83
Quant Flexi Cap Reg,INF966L01457,109830,commodity,Commodities: Silver,Equity,HDFC Life,Financial,66.46,,,2.09
Quant Flexi Cap Reg,INF966L01457,109830,commodity,Commodities: Silver,Equity,Swan,Consumer Discretionary,36.4,,,1.99
Quant Flexi Cap Reg,INF966L01457,109830,commodity,Commodities: Silver,Equity,K.P.R. Mill,Consumer Discretionary,44.89,,,1.83
Quant Flexi Cap Reg,INF966L01457,109830,commodity,Commodities: Silver,Equity,Alivus Life Sciences,Healthcare,23.29,,,1.64
Quant Flexi Cap Reg,INF966L01457,109830,commodity,Commodities: Silver,Equity,JSW Infrastructure,Industrials,42.37,,,1.57
Quant Flexi Cap Reg,INF966L01457,109830,commodity,Commodities: Silver,Equity,AU Small Fin Bank,Financial,29.3,,,1.28
Quant Flexi Cap Reg,INF966L01457,109830,commodity,Commodities: Silver,Equity,Piramal Finance,Financial,32.34,,,1.02
Quant Flexi Cap Reg,INF966L01457,109830,commodity,Commodities: Silver,Equity,LG Electronics India,Consumer Discretionary,64.16,,,0.85
Quant Flexi Cap Reg,INF966L01457,109830,commodity,Commodities: Silver,Equity,Lloyds Metals,Materials,27.06,,,0.66
Quant Flexi Cap Reg,INF966L01457,109830,commodity,Commodities: Silver,Equity,Aditya Birla Lifestyle Brands,Consumer Discretionary,69.93,,,0.57
Quant Flexi Cap Reg,INF966L01457,109830,commodity,Commodities: Silver,Equity,NBCC (India),Industrials,41.98,,,0.43
Quant Flexi Cap Reg,INF966L01457,109830,commodity,Commodities: Silver,Equity,Tata Comm,Technology,55.39,,,0.37
Quant Flexi Cap Reg,INF966L01457,109830,commodity,Commodities: Silver,Equity,Tata Chemicals,Materials,,,,0.34
Quantum Diversified Equity All Cap Active FoF Reg,INF082J01275,141063,commodity,Commodities: Silver,Equity,Invesco India Mid Cap Direct-G,Unspecified,,,,14.79
Quantum Diversified Equity All Cap Active FoF Reg,INF082J01275,141063,commodity,Commodities: Silver,Equity,ICICI Pru Focused Equity Direct-G,Unspecified,,,,14.31
Quantum Diversified Equity All Cap Active FoF Reg,INF082J01275,141063,commodity,Commodities: Silver,Equity,ICICI Pru Large & Mid Cap Direct-G,Unspecified,,,,14.15
Quantum Diversified Equity All Cap Active FoF Reg,INF082J01275,141063,commodity,Commodities: Silver,Equity,Franklin India Flexi Cap Direct-G,Unspecified,,,,14.09
Quantum Diversified Equity All Cap Active FoF Reg,INF082J01275,141063,commodity,Commodities: Silver,Equity,DSP Large Cap Direct-G,Unspecified,,,,13.98
Quantum Diversified Equity All Cap Active FoF Reg,INF082J01275,141063,commodity,Commodities: Silver,Equity,HDFC Focused Direct-G,Unspecified,,,,13.91
Quantum Diversified Equity All Cap Active FoF Reg,INF082J01275,141063,commodity,Commodities: Silver,Equity,Nippon India Large Cap Direct-G,Unspecified,,,,13.85
Samco Flexi Cap Reg,INF0K1H01016,149449,commodity,Commodities: Silver,Equity,Nestle India,Consumer Staples,77.1,,,6.65
Samco Flexi Cap Reg,INF0K1H01016,149449,commodity,Commodities: Silver,Equity,Marico,Consumer Staples,60.11,,,6.59
Samco Flexi Cap Reg,INF0K1H01016,149449,commodity,Commodities: Silver,Equity,Maharashtra Bank,Financial,9.79,,,6.09
Samco Flexi Cap Reg,INF0K1H01016,149449,commodity,Commodities: Silver,Equity,AIA Engineering,Industrials,34.68,,,5.07
Samco Flexi Cap Reg,INF0K1H01016,149449,commodity,Commodities: Silver,Equity,Hindustan Zinc,Materials,17.23,,,4.72
Samco Flexi Cap Reg,INF0K1H01016,149449,commodity,Commodities: Silver,Equity,KEI,Industrials,57.97,,,4.51
Samco Flexi Cap Reg,INF0K1H01016,149449,commodity,Commodities: Silver,Equity,Hero Motocorp,Consumer Discretionary,17.3,,,4.32
Samco Flexi Cap Reg,INF0K1H01016,149449,commodity,Commodities: Silver,Equity,Godawari Power,Materials,22.56,,,4.24
Samco Flexi Cap Reg,INF0K1H01016,149449,commodity,Commodities: Silver,Equity,Engineers India,Industrials,20.38,,,4.08
Samco Flexi Cap Reg,INF0K1H01016,149449,commodity,Commodities: Silver,Equity,Alkem Laboratories,Healthcare,27.79,,,4.07
Samco Flexi Cap Reg,INF0K1H01016,149449,commodity,Commodities: Silver,Equity,Aditya Birla AMC,Financial,34.36,,,3.95
Samco Flexi Cap Reg,INF0K1H01016,149449,commodity,Commodities: Silver,Equity,Akzo Nobel India,Materials,7.5,,,3.94
Samco Flexi Cap Reg,INF0K1H01016,149449,commodity,Commodities: Silver,Equity,Karur Vysya Bank,Financial,11.2,,,3.89
Samco Flexi Cap Reg,INF0K1H01016,149449,commodity,Commodities: Silver,Equity,Cummins India,Industrials,68.6,,,3.8
Samco Flexi Cap Reg,INF0K1H01016,149449,commodity,Commodities: Silver,Equity,APL Apollo Tubes,Industrials,42.79,,,3.63
Samco Flexi Cap Reg,INF0K1H01016,149449,commodity,Commodities: Silver,Equity,NMDC,Materials,10.46,,,3.59
Samco Flexi Cap Reg,INF0K1H01016,149449,commodity,Commodities: Silver,Equity,Angel One,Financial,35.26,,,3.26
Samco Flexi Cap Reg,INF0K1H01016,149449,commodity,Commodities: Silver,Equity,Can Fin Homes,Financial,10.84,,,3.1
Samco Flexi Cap Reg,INF0K1H01016,149449,commodity,Commodities: Silver,Equity,Nippon Life AMC,Financial,49.33,,,3.03
Samco Flexi Cap Reg,INF0K1H01016,149449,commodity,Commodities: Silver,Equity,Natco Pharma,Healthcare,11.14,,,2.97
Samco Flexi Cap Reg,INF0K1H01016,149449,commodity,Commodities: Silver,Equity,Muthoot Finance,Financial,11.82,,,2.74
Samco Flexi Cap Reg,INF0K1H01016,149449,commodity,Commodities: Silver,Equity,JB Chemicals,Healthcare,49.62,,,2.49
Samco Flexi Cap Reg,INF0K1H01016,149449,commodity,Commodities: Silver,Equity,Bharat Electronics,Industrials,51.44,,,2.42
Samco Flexi Cap Reg,INF0K1H01016,149449,commodity,Commodities: Silver,Equity,Apar,Diversified,64.77,,,2.31
Samco Flexi Cap Reg,INF0K1H01016,149449,commodity,Commodities: Silver,Equity,Polycab India,Industrials,56.42,,,2.24
SBI Flexicap Reg,INF200K01T56,128277,commodity,Commodities: Silver,Equity,ICICI Bank,Financial,17.8,,,5.5
SBI Flexicap Reg,INF200K01T56,128277,commodity,Commodities: Silver,Equity,Axis Bank,Financial,15.95,,,4.49
SBI Flexicap Reg,INF200K01T56,128277,commodity,Commodities: Silver,Equity,HDFC Bank,Financial,15.76,,,4.24
SBI Flexicap Reg,INF200K01T56,128277,commodity,Commodities: Silver,Equity,Larsen & Toubro,Industrials,35.92,,,4.04
SBI Flexicap Reg,INF200K01T56,128277,commodity,Commodities: Silver,Equity,Bajaj Auto,Consumer Discretionary,26.01,,,3.56
SBI Flexicap Reg,INF200K01T56,128277,commodity,Commodities: Silver,Equity,Tata Steel,Materials,22.91,,,3.38
SBI Flexicap Reg,INF200K01T56,128277,commodity,Commodities: Silver,Equity,NTPC,Energy & Utilities,13.09,,,3.21
SBI Flexicap Reg,INF200K01T56,128277,commodity,Commodities: Silver,Equity,Aurobindo Pharma,Healthcare,24.16,,,2.55
SBI Flexicap Reg,INF200K01T56,128277,commodity,Commodities: Silver,Equity,Microsoft (MSFT),Technology,23.29,,,2.25
SBI Flexicap Reg,INF200K01T56,128277,commodity,Commodities: Silver,Equity,Tata Power,Energy & Utilities,34.16,,,2.24
SBI Flexicap Reg,INF200K01T56,128277,commodity,Commodities: Silver,Equity,Max Financial,Financial,677.32,,,2.22
SBI Flexicap Reg,INF200K01T56,128277,commodity,Commodities: Silver,Equity,Power Fin.,Financial,5.49,,,2.21
SBI Flexicap Reg,INF200K01T56,128277,commodity,Commodities: Silver,Equity,SBI,Financial,11.46,,,2.15
SBI Flexicap Reg,INF200K01T56,128277,commodity,Commodities: Silver,Equity,Infosys,Technology,14.36,,,2.07
SBI Flexicap Reg,INF200K01T56,128277,commodity,Commodities: Silver,Equity,Sun Pharmaceutical,Healthcare,38.15,,,2.05
SBI Flexicap Reg,INF200K01T56,128277,commodity,Commodities: Silver,Equity,Bharat Petroleum,Energy & Utilities,5.14,,,1.99
SBI Flexicap Reg,INF200K01T56,128277,commodity,Commodities: Silver,Equity,Apollo Hospitals,Healthcare,62.53,,,1.95
SBI Flexicap Reg,INF200K01T56,128277,commodity,Commodities: Silver,Equity,Reliance Ind,Energy & Utilities,22.25,,,1.93
SBI Flexicap Reg,INF200K01T56,128277,commodity,Commodities: Silver,Equity,Eicher Motors,Consumer Discretionary,37.69,,,1.85
SBI Flexicap Reg,INF200K01T56,128277,commodity,Commodities: Silver,Equity,ONGC,Energy & Utilities,7.42,,,1.84
SBI Flexicap Reg,INF200K01T56,128277,commodity,Commodities: Silver,Equity,Cummins India,Industrials,68.6,,,1.35
SBI Flexicap Reg,INF200K01T56,128277,commodity,Commodities: Silver,Equity,Biocon,Healthcare,174.74,,,1.34
SBI Flexicap Reg,INF200K01T56,128277,commodity,Commodities: Silver,Equity,Shriram Finance,Financial,23.5,,,1.25
SBI Flexicap Reg,INF200K01T56,128277,commodity,Commodities: Silver,Equity,NMDC,Materials,10.46,,,1.23
SBI Flexicap Reg,INF200K01T56,128277,commodity,Commodities: Silver,Equity,Nuvoco Vistas,Materials,30.98,,,1.22
SBI Focused Reg,INF200K01OP7,100459,commodity,Commodities: Silver,Equity,Alphabet Inc Class A (GOOGL),Technology,27.48,,,8.56
SBI Focused Reg,INF200K01OP7,100459,commodity,Commodities: Silver,Equity,ICICI Bank,Financial,17.8,,,7.28
SBI Focused Reg,INF200K01OP7,100459,commodity,Commodities: Silver,Equity,Adani Power,Energy & Utilities,34.62,,,6.43
SBI Focused Reg,INF200K01OP7,100459,commodity,Commodities: Silver,Equity,SBI,Financial,11.46,,,6.21
SBI Focused Reg,INF200K01OP7,100459,commodity,Commodities: Silver,Equity,Kotak Bank,Financial,20.63,,,5.77
SBI Focused Reg,INF200K01OP7,100459,commodity,Commodities: Silver,Equity,Bharti Airtel,Technology,43.19,,,5.49
SBI Focused Reg,INF200K01OP7,100459,commodity,Commodities: Silver,Equity,Muthoot Finance,Financial,11.82,,,5.02
SBI Focused Reg,INF200K01OP7,100459,commodity,Commodities: Silver,Equity,Bajaj Finance,Financial,31.57,,,4.96
SBI Focused Reg,INF200K01OP7,100459,commodity,Commodities: Silver,Equity,Adani Energy,Energy & Utilities,79.36,,,4.92
SBI Focused Reg,INF200K01OP7,100459,commodity,Commodities: Silver,Equity,Solar,Materials,98.23,,,4.34
SBI Focused Reg,INF200K01OP7,100459,commodity,Commodities: Silver,Equity,Bajaj Finserv,Financial,28.85,,,3.83
SBI Focused Reg,INF200K01OP7,100459,commodity,Commodities: Silver,Equity,EPAM Systems (EPAM),Technology,13.7,,,3.33
SBI Focused Reg,INF200K01OP7,100459,commodity,Commodities: Silver,Equity,Sona BLW Precision,Consumer Discretionary,59.55,,,2.48
SBI Focused Reg,INF200K01OP7,100459,commodity,Commodities: Silver,Equity,Thermax,Industrials,77.7,,,2.46
SBI Focused Reg,INF200K01OP7,100459,commodity,Commodities: Silver,Equity,Meesho,Consumer Discretionary,,,,2.28
SBI Focused Reg,INF200K01OP7,100459,commodity,Commodities: Silver,Equity,Divi's Lab,Healthcare,69.75,,,2.25
SBI Focused Reg,INF200K01OP7,100459,commodity,Commodities: Silver,Equity,Eicher Motors,Consumer Discretionary,37.69,,,2.16
SBI Focused Reg,INF200K01OP7,100459,commodity,Commodities: Silver,Equity,Torrent Power,Energy & Utilities,29.76,,,2.13
SBI Focused Reg,INF200K01OP7,100459,commodity,Commodities: Silver,Equity,Lenskart Solutions,Consumer Discretionary,179.08,,,1.99
SBI Focused Reg,INF200K01OP7,100459,commodity,Commodities: Silver,Equity,DLF,Real Estate,34.99,,,1.97
SBI Focused Reg,INF200K01OP7,100459,commodity,Commodities: Silver,Equity,Jubilant Foodworks,Consumer Discretionary,64.65,,,1.93
SBI Focused Reg,INF200K01OP7,100459,commodity,Commodities: Silver,Equity,Procter & Gamble Hygiene and Health Care,Consumer Staples,34.87,,,1.86
SBI Focused Reg,INF200K01OP7,100459,commodity,Commodities: Silver,Equity,Vishal Mega Mart,Consumer Staples,65.67,,,1.83
SBI Focused Reg,INF200K01OP7,100459,commodity,Commodities: Silver,Equity,Hatsun Agro,Consumer Staples,57.39,,,1.77
SBI Nifty 500 Index Reg,INF200KB1357,152906,commodity,Commodities: Silver,Equity,HDFC Bank,Financial,15.76,,,5.88
SBI Nifty 500 Index Reg,INF200KB1357,152906,commodity,Commodities: Silver,Equity,ICICI Bank,Financial,17.8,,,4.63
SBI Nifty 500 Index Reg,INF200KB1357,152906,commodity,Commodities: Silver,Equity,Reliance Ind,Energy & Utilities,22.25,,,4.6
SBI Nifty 500 Index Reg,INF200KB1357,152906,commodity,Commodities: Silver,Equity,Bharti Airtel,Technology,43.19,,,2.9
SBI Nifty 500 Index Reg,INF200KB1357,152906,commodity,Commodities: Silver,Equity,Larsen & Toubro,Industrials,35.92,,,2.47
SBI Nifty 500 Index Reg,INF200KB1357,152906,commodity,Commodities: Silver,Equity,Infosys,Technology,14.36,,,2.1
SBI Nifty 500 Index Reg,INF200KB1357,152906,commodity,Commodities: Silver,Equity,SBI,Financial,11.46,,,2.06
SBI Nifty 500 Index Reg,INF200KB1357,152906,commodity,Commodities: Silver,Equity,Axis Bank,Financial,15.95,,,1.9
SBI Nifty 500 Index Reg,INF200KB1357,152906,commodity,Commodities: Silver,Equity,Kotak Bank,Financial,20.63,,,1.46
SBI Nifty 500 Index Reg,INF200KB1357,152906,commodity,Commodities: Silver,Equity,ITC,Consumer Staples,17.56,,,1.43
SBI Nifty 500 Index Reg,INF200KB1357,152906,commodity,Commodities: Silver,Equity,Mahindra & Mahindra,Consumer Discretionary,22.36,,,1.4
SBI Nifty 500 Index Reg,INF200KB1357,152906,commodity,Commodities: Silver,Equity,Bajaj Finance,Financial,31.57,,,1.25
SBI Nifty 500 Index Reg,INF200KB1357,152906,commodity,Commodities: Silver,Equity,Tata Consultancy,Technology,15.33,,,1.19
SBI Nifty 500 Index Reg,INF200KB1357,152906,commodity,Commodities: Silver,Equity,Hindustan Unilever,Consumer Staples,34.14,,,0.99
SBI Nifty 500 Index Reg,INF200KB1357,152906,commodity,Commodities: Silver,Equity,Sun Pharmaceutical,Healthcare,38.15,,,0.98
SBI Nifty 500 Index Reg,INF200KB1357,152906,commodity,Commodities: Silver,Equity,NTPC,Energy & Utilities,13.09,,,0.95
SBI Nifty 500 Index Reg,INF200KB1357,152906,commodity,Commodities: Silver,Equity,Eternal,Technology,688.71,,,0.93
SBI Nifty 500 Index Reg,INF200KB1357,152906,commodity,Commodities: Silver,Equity,Tata Steel,Materials,22.91,,,0.89
SBI Nifty 500 Index Reg,INF200KB1357,152906,commodity,Commodities: Silver,Equity,Maruti Suzuki,Consumer Discretionary,28.73,,,0.89
SBI Nifty 500 Index Reg,INF200KB1357,152906,commodity,Commodities: Silver,Equity,BSE,Financial,65.73,,,0.87
SBI Nifty 500 Index Reg,INF200KB1357,152906,commodity,Commodities: Silver,Equity,Titan,Consumer Discretionary,77.17,,,0.87
SBI Nifty 500 Index Reg,INF200KB1357,152906,commodity,Commodities: Silver,Equity,Hindalco Ind,Materials,16.96,,,0.84
SBI Nifty 500 Index Reg,INF200KB1357,152906,commodity,Commodities: Silver,Equity,Bharat Electronics,Industrials,51.44,,,0.76
SBI Nifty 500 Index Reg,INF200KB1357,152906,commodity,Commodities: Silver,Equity,Ultratech Cement,Materials,40.9,,,0.7
SBI Nifty 500 Index Reg,INF200KB1357,152906,commodity,Commodities: Silver,Equity,Adani Ports,Industrials,33.02,,,0.69
SBI Retirement Benefit Aggressive Reg,INF200KA1S30,148698,commodity,Commodities: Silver,Equity,HDFC Bank,Financial,15.76,,,6.58
SBI Retirement Benefit Aggressive Reg,INF200KA1S30,148698,commodity,Commodities: Silver,Equity,ICICI Bank,Financial,17.8,,,5.47
SBI Retirement Benefit Aggressive Reg,INF200KA1S30,148698,commodity,Commodities: Silver,Equity,Reliance Ind,Energy & Utilities,22.25,,,5.42
SBI Retirement Benefit Aggressive Reg,INF200KA1S30,148698,commodity,Commodities: Silver,Equity,Larsen & Toubro,Industrials,35.92,,,4.28
SBI Retirement Benefit Aggressive Reg,INF200KA1S30,148698,commodity,Commodities: Silver,Equity,SBI,Financial,11.46,,,3.71
SBI Retirement Benefit Aggressive Reg,INF200KA1S30,148698,commodity,Commodities: Silver,Equity,Maruti Suzuki,Consumer Discretionary,28.73,,,3.55
SBI Retirement Benefit Aggressive Reg,INF200KA1S30,148698,commodity,Commodities: Silver,Equity,Axis Bank,Financial,15.95,,,2.85
SBI Retirement Benefit Aggressive Reg,INF200KA1S30,148698,commodity,Commodities: Silver,Equity,Ultratech Cement,Materials,40.9,,,2.77
SBI Retirement Benefit Aggressive Reg,INF200KA1S30,148698,commodity,Commodities: Silver,Equity,Infosys,Technology,14.36,,,2.76
SBI Retirement Benefit Aggressive Reg,INF200KA1S30,148698,commodity,Commodities: Silver,Equity,Hindalco Ind,Materials,16.96,,,2.52
SBI Retirement Benefit Aggressive Reg,INF200KA1S30,148698,commodity,Commodities: Silver,Equity,Kotak Bank,Financial,20.63,,,2.51
SBI Retirement Benefit Aggressive Reg,INF200KA1S30,148698,commodity,Commodities: Silver,Equity,Timken India,Industrials,66.07,,,2.31
SBI Retirement Benefit Aggressive Reg,INF200KA1S30,148698,commodity,Commodities: Silver,Equity,Bajaj Finance,Financial,31.57,,,2.16
SBI Retirement Benefit Aggressive Reg,INF200KA1S30,148698,commodity,Commodities: Silver,Equity,JSW Cement,Materials,,,,2.04
SBI Retirement Benefit Aggressive Reg,INF200KA1S30,148698,commodity,Commodities: Silver,Equity,Schaeffler India,Industrials,55.86,,,2.04
SBI Retirement Benefit Aggressive Reg,INF200KA1S30,148698,commodity,Commodities: Silver,Equity,Urban,Consumer Staples,,,,1.86
SBI Retirement Benefit Aggressive Reg,INF200KA1S30,148698,commodity,Commodities: Silver,Equity,ZF Commercial,Consumer Discretionary,58.16,,,1.81
SBI Retirement Benefit Aggressive Reg,INF200KA1S30,148698,commodity,Commodities: Silver,Equity,TVS Motor,Consumer Discretionary,54.03,,,1.76
SBI Retirement Benefit Aggressive Reg,INF200KA1S30,148698,commodity,Commodities: Silver,Equity,Thermax,Industrials,77.7,,,1.76
SBI Retirement Benefit Aggressive Reg,INF200KA1S30,148698,commodity,Commodities: Silver,Equity,Navin Fluorine,Materials,57.43,,,1.73
SBI Retirement Benefit Aggressive Reg,INF200KA1S30,148698,commodity,Commodities: Silver,Equity,Asian Paints,Materials,60.52,,,1.69
SBI Retirement Benefit Aggressive Reg,INF200KA1S30,148698,commodity,Commodities: Silver,Equity,ABB India,Industrials,99.94,,,1.62
SBI Retirement Benefit Aggressive Reg,INF200KA1S30,148698,commodity,Commodities: Silver,Equity,Divi's Lab,Healthcare,69.75,,,1.53
SBI Retirement Benefit Aggressive Reg,INF200KA1S30,148698,commodity,Commodities: Silver,Equity,Bajaj Finserv,Financial,28.85,,,1.49
SBI Retirement Benefit Aggressive Reg,INF200KA1S30,148698,commodity,Commodities: Silver,Equity,Endurance Tech,Consumer Discretionary,38.53,,,1.42
Shriram Flexi Cap Reg,INF680P01075,144902,commodity,Commodities: Silver,Equity,HDFC Bank,Financial,15.76,,,7.38
Shriram Flexi Cap Reg,INF680P01075,144902,commodity,Commodities: Silver,Equity,Reliance Ind,Energy & Utilities,22.25,,,5.02
Shriram Flexi Cap Reg,INF680P01075,144902,commodity,Commodities: Silver,Equity,ICICI Bank,Financial,17.8,,,4.59
Shriram Flexi Cap Reg,INF680P01075,144902,commodity,Commodities: Silver,Equity,Axis Bank,Financial,15.95,,,3.91
Shriram Flexi Cap Reg,INF680P01075,144902,commodity,Commodities: Silver,Equity,SBI,Financial,11.46,,,3.88
Shriram Flexi Cap Reg,INF680P01075,144902,commodity,Commodities: Silver,Equity,Bharti Airtel,Technology,43.19,,,3.79
Shriram Flexi Cap Reg,INF680P01075,144902,commodity,Commodities: Silver,Equity,Larsen & Toubro,Industrials,35.92,,,2.55
Shriram Flexi Cap Reg,INF680P01075,144902,commodity,Commodities: Silver,Equity,Infosys,Technology,14.36,,,2.54
Shriram Flexi Cap Reg,INF680P01075,144902,commodity,Commodities: Silver,Equity,NTPC,Energy & Utilities,13.09,,,2.26
Shriram Flexi Cap Reg,INF680P01075,144902,commodity,Commodities: Silver,Equity,SBI Life Insurance,Financial,126.08,,,2.15
Shriram Flexi Cap Reg,INF680P01075,144902,commodity,Commodities: Silver,Equity,Samhi Hotels,Consumer Discretionary,7.73,,,2.12
Shriram Flexi Cap Reg,INF680P01075,144902,commodity,Commodities: Silver,Equity,Mahindra & Mahindra,Consumer Discretionary,22.36,,,2.01
Shriram Flexi Cap Reg,INF680P01075,144902,commodity,Commodities: Silver,Equity,CAMS,Financial,42.9,,,2
Shriram Flexi Cap Reg,INF680P01075,144902,commodity,Commodities: Silver,Equity,Interglobe Aviation,Industrials,,,,1.96
Shriram Flexi Cap Reg,INF680P01075,144902,commodity,Commodities: Silver,Equity,Adani Ports,Industrials,33.02,,,1.88
Shriram Flexi Cap Reg,INF680P01075,144902,commodity,Commodities: Silver,Equity,ITC,Consumer Staples,17.56,,,1.84
Shriram Flexi Cap Reg,INF680P01075,144902,commodity,Commodities: Silver,Equity,Bharat Electronics,Industrials,51.44,,,1.81
Shriram Flexi Cap Reg,INF680P01075,144902,commodity,Commodities: Silver,Equity,Thyrocare Tech,Healthcare,52.39,,,1.59
Shriram Flexi Cap Reg,INF680P01075,144902,commodity,Commodities: Silver,Equity,Tata Consultancy,Technology,15.33,,,1.56
Shriram Flexi Cap Reg,INF680P01075,144902,commodity,Commodities: Silver,Equity,Kirloskar Oil,Industrials,49.92,,,1.54
Shriram Flexi Cap Reg,INF680P01075,144902,commodity,Commodities: Silver,Equity,Ajanta Pharma,Healthcare,36.2,,,1.51
Shriram Flexi Cap Reg,INF680P01075,144902,commodity,Commodities: Silver,Equity,National Aluminium,Materials,11.8,,,1.46
Shriram Flexi Cap Reg,INF680P01075,144902,commodity,Commodities: Silver,Equity,Eternal,Technology,688.71,,,1.39
Shriram Flexi Cap Reg,INF680P01075,144902,commodity,Commodities: Silver,Equity,Maruti Suzuki,Consumer Discretionary,28.73,,,1.39
Shriram Flexi Cap Reg,INF680P01075,144902,commodity,Commodities: Silver,Equity,Tata Steel,Materials,22.91,,,1.38
Sundaram Flexi Cap Reg,INF903JA1LB8,150568,commodity,Commodities: Silver,Equity,HDFC Bank,Financial,15.76,,,6.77
Sundaram Flexi Cap Reg,INF903JA1LB8,150568,commodity,Commodities: Silver,Equity,ICICI Bank,Financial,17.8,,,5.75
Sundaram Flexi Cap Reg,INF903JA1LB8,150568,commodity,Commodities: Silver,Equity,Axis Bank,Financial,15.95,,,4.36
Sundaram Flexi Cap Reg,INF903JA1LB8,150568,commodity,Commodities: Silver,Equity,Bharti Airtel,Technology,43.19,,,3.86
Sundaram Flexi Cap Reg,INF903JA1LB8,150568,commodity,Commodities: Silver,Equity,Reliance Ind,Energy & Utilities,22.25,,,3.62
Sundaram Flexi Cap Reg,INF903JA1LB8,150568,commodity,Commodities: Silver,Equity,Larsen & Toubro,Industrials,35.92,,,3.58
Sundaram Flexi Cap Reg,INF903JA1LB8,150568,commodity,Commodities: Silver,Equity,SBI,Financial,11.46,,,3.52
Sundaram Flexi Cap Reg,INF903JA1LB8,150568,commodity,Commodities: Silver,Equity,Infosys,Technology,14.36,,,3.16
Sundaram Flexi Cap Reg,INF903JA1LB8,150568,commodity,Commodities: Silver,Equity,Kotak Bank,Financial,20.63,,,2.94
Sundaram Flexi Cap Reg,INF903JA1LB8,150568,commodity,Commodities: Silver,Equity,Kirloskar Oil,Industrials,49.92,,,2.93
Sundaram Flexi Cap Reg,INF903JA1LB8,150568,commodity,Commodities: Silver,Equity,Ultratech Cement,Materials,40.9,,,2.46
Sundaram Flexi Cap Reg,INF903JA1LB8,150568,commodity,Commodities: Silver,Equity,Mahindra & Mahindra,Consumer Discretionary,22.36,,,2.17
Sundaram Flexi Cap Reg,INF903JA1LB8,150568,commodity,Commodities: Silver,Equity,Force Motors,Industrials,20.07,,,2.13
Sundaram Flexi Cap Reg,INF903JA1LB8,150568,commodity,Commodities: Silver,Equity,Cummins India,Industrials,68.6,,,1.95
Sundaram Flexi Cap Reg,INF903JA1LB8,150568,commodity,Commodities: Silver,Equity,ITC,Consumer Staples,17.56,,,1.92
Sundaram Flexi Cap Reg,INF903JA1LB8,150568,commodity,Commodities: Silver,Equity,NTPC,Energy & Utilities,13.09,,,1.89
Sundaram Flexi Cap Reg,INF903JA1LB8,150568,commodity,Commodities: Silver,Equity,Cipla,Healthcare,28.21,,,1.83
Sundaram Flexi Cap Reg,INF903JA1LB8,150568,commodity,Commodities: Silver,Equity,IndusInd Bank,Financial,82.7,,,1.71
Sundaram Flexi Cap Reg,INF903JA1LB8,150568,commodity,Commodities: Silver,Equity,Eternal,Technology,688.71,,,1.52
Sundaram Flexi Cap Reg,INF903JA1LB8,150568,commodity,Commodities: Silver,Equity,Elecon Engineering,Industrials,35.11,,,1.49
Sundaram Flexi Cap Reg,INF903JA1LB8,150568,commodity,Commodities: Silver,Equity,Alkem Laboratories,Healthcare,27.79,,,1.49
Sundaram Flexi Cap Reg,INF903JA1LB8,150568,commodity,Commodities: Silver,Equity,PB Fintech,Financial,111.92,,,1.43
Sundaram Flexi Cap Reg,INF903JA1LB8,150568,commodity,Commodities: Silver,Equity,GAIL (India),Energy & Utilities,15.04,,,1.36
Sundaram Flexi Cap Reg,INF903JA1LB8,150568,commodity,Commodities: Silver,Equity,Affle 3I,Industrials,45.56,,,1.3
Sundaram Flexi Cap Reg,INF903JA1LB8,150568,commodity,Commodities: Silver,Equity,United Spirits,Consumer Staples,52.32,,,1.29
Sundaram Focused Reg,INF903J01KW8,100573,commodity,Commodities: Silver,Equity,HDFC Bank,Financial,15.76,,,7.7
Sundaram Focused Reg,INF903J01KW8,100573,commodity,Commodities: Silver,Equity,ICICI Bank,Financial,17.8,,,6.63
Sundaram Focused Reg,INF903J01KW8,100573,commodity,Commodities: Silver,Equity,Bharti Airtel,Technology,43.19,,,6.21
Sundaram Focused Reg,INF903J01KW8,100573,commodity,Commodities: Silver,Equity,TVS Motor,Consumer Discretionary,54.03,,,5.54
Sundaram Focused Reg,INF903J01KW8,100573,commodity,Commodities: Silver,Equity,Craftsman Automation,Consumer Discretionary,60.7,,,5.42
Sundaram Focused Reg,INF903J01KW8,100573,commodity,Commodities: Silver,Equity,Happy Forgings,Materials,45.84,,,5.02
Sundaram Focused Reg,INF903J01KW8,100573,commodity,Commodities: Silver,Equity,Kotak Bank,Financial,20.63,,,4.99
Sundaram Focused Reg,INF903J01KW8,100573,commodity,Commodities: Silver,Equity,Triveni Turbine,Industrials,60.66,,,4.32
Sundaram Focused Reg,INF903J01KW8,100573,commodity,Commodities: Silver,Equity,Avenue Supermarts,Consumer Staples,93.91,,,3.64
Sundaram Focused Reg,INF903J01KW8,100573,commodity,Commodities: Silver,Equity,Apollo Hospitals,Healthcare,62.53,,,3.61
Sundaram Focused Reg,INF903J01KW8,100573,commodity,Commodities: Silver,Equity,Infosys,Technology,14.36,,,3.5
Sundaram Focused Reg,INF903J01KW8,100573,commodity,Commodities: Silver,Equity,Tech Mahindra,Technology,28.24,,,3.29
Sundaram Focused Reg,INF903J01KW8,100573,commodity,Commodities: Silver,Equity,SBI Life Insurance,Financial,126.08,,,3.24
Sundaram Focused Reg,INF903J01KW8,100573,commodity,Commodities: Silver,Equity,City Union Bank,Financial,14.67,,,2.9
Sundaram Focused Reg,INF903J01KW8,100573,commodity,Commodities: Silver,Equity,Interglobe Aviation,Industrials,,,,2.87
Sundaram Focused Reg,INF903J01KW8,100573,commodity,Commodities: Silver,Equity,Tata Consumer,Consumer Staples,71.05,,,2.84
Sundaram Focused Reg,INF903J01KW8,100573,commodity,Commodities: Silver,Equity,SEDEMAC Mechatronics,Industrials,114.87,,,2.62
Sundaram Focused Reg,INF903J01KW8,100573,commodity,Commodities: Silver,Equity,PI,Materials,32.17,,,2.52
Sundaram Focused Reg,INF903J01KW8,100573,commodity,Commodities: Silver,Equity,Mankind Pharma,Healthcare,52.33,,,2.36
Sundaram Focused Reg,INF903J01KW8,100573,commodity,Commodities: Silver,Equity,Trent,Consumer Discretionary,97.62,,,2.3
Sundaram Focused Reg,INF903J01KW8,100573,commodity,Commodities: Silver,Equity,Axis Bank,Financial,15.95,,,2.18
Sundaram Focused Reg,INF903J01KW8,100573,commodity,Commodities: Silver,Equity,SBI,Financial,11.46,,,2
Sundaram Focused Reg,INF903J01KW8,100573,commodity,Commodities: Silver,Equity,Info Edge (India),Technology,44.17,,,1.98
Sundaram Focused Reg,INF903J01KW8,100573,commodity,Commodities: Silver,Equity,Go Digit General Insurance,Financial,50.87,,,1.88
Sundaram Focused Reg,INF903J01KW8,100573,commodity,Commodities: Silver,Equity,Cholamandalam Inv,Financial,27.55,,,1.87
Tata Children's Reg,INF277K01AJ5,101491,commodity,Commodities: Silver,Equity,HDFC Bank,Financial,15.76,,,5.89
Tata Children's Reg,INF277K01AJ5,101491,commodity,Commodities: Silver,Equity,Reliance Ind,Energy & Utilities,22.25,,,5.23
Tata Children's Reg,INF277K01AJ5,101491,commodity,Commodities: Silver,Equity,ICICI Bank,Financial,17.8,,,3.82
Tata Children's Reg,INF277K01AJ5,101491,commodity,Commodities: Silver,Equity,Larsen & Toubro,Industrials,35.92,,,3.72
Tata Children's Reg,INF277K01AJ5,101491,commodity,Commodities: Silver,Equity,Marico,Consumer Staples,60.11,,,3.63
Tata Children's Reg,INF277K01AJ5,101491,commodity,Commodities: Silver,Equity,Kotak Bank,Financial,20.63,,,3.51
Tata Children's Reg,INF277K01AJ5,101491,commodity,Commodities: Silver,Equity,Axis Bank,Financial,15.95,,,3.23
Tata Children's Reg,INF277K01AJ5,101491,commodity,Commodities: Silver,Equity,Titan,Consumer Discretionary,77.17,,,3.22
Tata Children's Reg,INF277K01AJ5,101491,commodity,Commodities: Silver,Equity,City Union Bank,Financial,14.67,,,2.95
Tata Children's Reg,INF277K01AJ5,101491,commodity,Commodities: Silver,Equity,Hindustan Unilever,Consumer Staples,34.14,,,2.62
Tata Children's Reg,INF277K01AJ5,101491,commodity,Commodities: Silver,Equity,Tata Consumer,Consumer Staples,71.05,,,2.51
Tata Children's Reg,INF277K01AJ5,101491,commodity,Commodities: Silver,Equity,Dr. Reddy'S Labs,Healthcare,25.16,,,2.38
Tata Children's Reg,INF277K01AJ5,101491,commodity,Commodities: Silver,Equity,Infosys,Technology,14.36,,,2.24
Tata Children's Reg,INF277K01AJ5,101491,commodity,Commodities: Silver,Equity,ICICI Lombard,Financial,36.79,,,2.18
Tata Children's Reg,INF277K01AJ5,101491,commodity,Commodities: Silver,Equity,Metropolis Health,Healthcare,60.04,,,2.03
Tata Children's Reg,INF277K01AJ5,101491,commodity,Commodities: Silver,Equity,Can Fin Homes,Financial,10.84,,,2.02
Tata Children's Reg,INF277K01AJ5,101491,commodity,Commodities: Silver,Equity,ITC,Consumer Staples,17.56,,,1.96
Tata Children's Reg,INF277K01AJ5,101491,commodity,Commodities: Silver,Equity,Shree Cement,Materials,52.1,,,1.92
Tata Children's Reg,INF277K01AJ5,101491,commodity,Commodities: Silver,Equity,Tata Consultancy,Technology,15.33,,,1.92
Tata Children's Reg,INF277K01AJ5,101491,commodity,Commodities: Silver,Equity,HDFC Life,Financial,66.46,,,1.81
Tata Children's Reg,INF277K01AJ5,101491,commodity,Commodities: Silver,Equity,DCB Bank,Financial,8.1,,,1.79
Tata Children's Reg,INF277K01AJ5,101491,commodity,Commodities: Silver,Equity,United Spirits,Consumer Staples,52.32,,,1.78
Tata Children's Reg,INF277K01AJ5,101491,commodity,Commodities: Silver,Equity,Gravita India,Industrials,33.8,,,1.72
Tata Children's Reg,INF277K01AJ5,101491,commodity,Commodities: Silver,Equity,Godrej,Diversified,30.22,,,1.68
Tata Children's Reg,INF277K01AJ5,101491,commodity,Commodities: Silver,Equity,CESC,Energy & Utilities,14.59,,,1.66
Tata Flexi Cap Reg,INF277K019K2,144548,commodity,Commodities: Silver,Equity,HDFC Bank,Financial,15.76,,,5.75
Tata Flexi Cap Reg,INF277K019K2,144548,commodity,Commodities: Silver,Equity,ICICI Bank,Financial,17.8,,,5.49
Tata Flexi Cap Reg,INF277K019K2,144548,commodity,Commodities: Silver,Equity,Reliance Ind,Energy & Utilities,22.25,,,4.31
Tata Flexi Cap Reg,INF277K019K2,144548,commodity,Commodities: Silver,Equity,Axis Bank,Financial,15.95,,,3.63
Tata Flexi Cap Reg,INF277K019K2,144548,commodity,Commodities: Silver,Equity,Bharti Airtel,Technology,43.19,,,3.56
Tata Flexi Cap Reg,INF277K019K2,144548,commodity,Commodities: Silver,Equity,Larsen & Toubro,Industrials,35.92,,,2.75
Tata Flexi Cap Reg,INF277K019K2,144548,commodity,Commodities: Silver,Equity,NTPC,Energy & Utilities,13.09,,,2.61
Tata Flexi Cap Reg,INF277K019K2,144548,commodity,Commodities: Silver,Equity,Maruti Suzuki,Consumer Discretionary,28.73,,,2.38
Tata Flexi Cap Reg,INF277K019K2,144548,commodity,Commodities: Silver,Equity,Ambuja Cements,Materials,22.29,,,2.33
Tata Flexi Cap Reg,INF277K019K2,144548,commodity,Commodities: Silver,Equity,Samvardhana Motherson,Consumer Discretionary,39.79,,,2.08
Tata Flexi Cap Reg,INF277K019K2,144548,commodity,Commodities: Silver,Equity,SBI Life Insurance,Financial,126.08,,,1.94
Tata Flexi Cap Reg,INF277K019K2,144548,commodity,Commodities: Silver,Equity,Bajaj Finserv,Financial,28.85,,,1.89
Tata Flexi Cap Reg,INF277K019K2,144548,commodity,Commodities: Silver,Equity,Sona BLW Precision,Consumer Discretionary,59.55,,,1.8
Tata Flexi Cap Reg,INF277K019K2,144548,commodity,Commodities: Silver,Equity,HDFC Life,Financial,66.46,,,1.76
Tata Flexi Cap Reg,INF277K019K2,144548,commodity,Commodities: Silver,Equity,Britannia Ind,Consumer Staples,49.34,,,1.76
Tata Flexi Cap Reg,INF277K019K2,144548,commodity,Commodities: Silver,Equity,Sun Pharmaceutical,Healthcare,38.15,,,1.74
Tata Flexi Cap Reg,INF277K019K2,144548,commodity,Commodities: Silver,Equity,ITC,Consumer Staples,17.56,,,1.74
Tata Flexi Cap Reg,INF277K019K2,144548,commodity,Commodities: Silver,Equity,The Phoenix Mills,Real Estate,55.13,,,1.71
Tata Flexi Cap Reg,INF277K019K2,144548,commodity,Commodities: Silver,Equity,PNB Housing Fin,Financial,11.37,,,1.7
Tata Flexi Cap Reg,INF277K019K2,144548,commodity,Commodities: Silver,Equity,Infosys,Technology,14.36,,,1.66
Tata Flexi Cap Reg,INF277K019K2,144548,commodity,Commodities: Silver,Equity,JSW Steel,Materials,14.11,,,1.64
Tata Flexi Cap Reg,INF277K019K2,144548,commodity,Commodities: Silver,Equity,Orient Electric,Consumer Discretionary,40.16,,,1.64
Tata Flexi Cap Reg,INF277K019K2,144548,commodity,Commodities: Silver,Equity,Pidilite Ind,Materials,65.49,,,1.6
Tata Flexi Cap Reg,INF277K019K2,144548,commodity,Commodities: Silver,Equity,IndusInd Bank,Financial,82.7,,,1.6
Tata Flexi Cap Reg,INF277K019K2,144548,commodity,Commodities: Silver,Equity,Indus Towers,Technology,15.22,,,1.59
Tata Focused Reg,INF277KA1DP1,147920,commodity,Commodities: Silver,Equity,HDFC Bank,Financial,15.76,,,6.94
Tata Focused Reg,INF277KA1DP1,147920,commodity,Commodities: Silver,Equity,ICICI Bank,Financial,17.8,,,6.63
Tata Focused Reg,INF277KA1DP1,147920,commodity,Commodities: Silver,Equity,Axis Bank,Financial,15.95,,,5.61
Tata Focused Reg,INF277KA1DP1,147920,commodity,Commodities: Silver,Equity,Reliance Ind,Energy & Utilities,22.25,,,4.83
Tata Focused Reg,INF277KA1DP1,147920,commodity,Commodities: Silver,Equity,NTPC,Energy & Utilities,13.09,,,4.76
Tata Focused Reg,INF277KA1DP1,147920,commodity,Commodities: Silver,Equity,Samvardhana Motherson,Consumer Discretionary,39.79,,,4.48
Tata Focused Reg,INF277KA1DP1,147920,commodity,Commodities: Silver,Equity,Tata Comm,Technology,55.39,,,3.9
Tata Focused Reg,INF277KA1DP1,147920,commodity,Commodities: Silver,Equity,SBI Life Insurance,Financial,126.08,,,3.73
Tata Focused Reg,INF277KA1DP1,147920,commodity,Commodities: Silver,Equity,Ultratech Cement,Materials,40.9,,,3.72
Tata Focused Reg,INF277KA1DP1,147920,commodity,Commodities: Silver,Equity,Healthcare Global,Healthcare,667.95,,,3.64
Tata Focused Reg,INF277KA1DP1,147920,commodity,Commodities: Silver,Equity,Metropolis Health,Healthcare,60.04,,,3.56
Tata Focused Reg,INF277KA1DP1,147920,commodity,Commodities: Silver,Equity,Mahindra & Mahindra,Consumer Discretionary,22.36,,,3.55
Tata Focused Reg,INF277KA1DP1,147920,commodity,Commodities: Silver,Equity,Bharti Airtel,Technology,43.19,,,3.55
Tata Focused Reg,INF277KA1DP1,147920,commodity,Commodities: Silver,Equity,Larsen & Toubro,Industrials,35.92,,,3.46
Tata Focused Reg,INF277KA1DP1,147920,commodity,Commodities: Silver,Equity,Infosys,Technology,14.36,,,3.44
Tata Focused Reg,INF277KA1DP1,147920,commodity,Commodities: Silver,Equity,Ambuja Cements,Materials,22.29,,,3.42
Tata Focused Reg,INF277KA1DP1,147920,commodity,Commodities: Silver,Equity,Page,Consumer Discretionary,58.43,,,2.96
Tata Focused Reg,INF277KA1DP1,147920,commodity,Commodities: Silver,Equity,Havells India,Consumer Discretionary,43.78,,,2.9
Tata Focused Reg,INF277KA1DP1,147920,commodity,Commodities: Silver,Equity,HDFC Life,Financial,66.46,,,2.89
Tata Focused Reg,INF277KA1DP1,147920,commodity,Commodities: Silver,Equity,Adani Ports,Industrials,33.02,,,2.81
Tata Focused Reg,INF277KA1DP1,147920,commodity,Commodities: Silver,Equity,Jindal Steel,Materials,34.38,,,2.77
Tata Focused Reg,INF277KA1DP1,147920,commodity,Commodities: Silver,Equity,Godrej Properties,Real Estate,29.2,,,2.67
Tata Focused Reg,INF277KA1DP1,147920,commodity,Commodities: Silver,Equity,Sun Pharmaceutical,Healthcare,38.15,,,2.3
Tata Focused Reg,INF277KA1DP1,147920,commodity,Commodities: Silver,Equity,Hindustan Unilever,Consumer Staples,34.14,,,1.88
Tata Focused Reg,INF277KA1DP1,147920,commodity,Commodities: Silver,Equity,PNC Infratech,Industrials,6.97,,,1.82
Tata Retirement Savings Progressive Reg,INF277K01FG0,115942,commodity,Commodities: Silver,Equity,Solar,Materials,98.23,,,5.55
Tata Retirement Savings Progressive Reg,INF277K01FG0,115942,commodity,Commodities: Silver,Equity,ICICI Bank,Financial,17.8,,,4.67
Tata Retirement Savings Progressive Reg,INF277K01FG0,115942,commodity,Commodities: Silver,Equity,BSE,Financial,65.73,,,4.55
Tata Retirement Savings Progressive Reg,INF277K01FG0,115942,commodity,Commodities: Silver,Equity,Reliance Ind,Energy & Utilities,22.25,,,4.02
Tata Retirement Savings Progressive Reg,INF277K01FG0,115942,commodity,Commodities: Silver,Equity,MCX,Financial,53.17,,,3.37
Tata Retirement Savings Progressive Reg,INF277K01FG0,115942,commodity,Commodities: Silver,Equity,Eternal,Technology,688.71,,,3.25
Tata Retirement Savings Progressive Reg,INF277K01FG0,115942,commodity,Commodities: Silver,Equity,Radico Khaitan,Consumer Staples,82.99,,,2.97
Tata Retirement Savings Progressive Reg,INF277K01FG0,115942,commodity,Commodities: Silver,Equity,Polycab India,Industrials,56.42,,,2.8
Tata Retirement Savings Progressive Reg,INF277K01FG0,115942,commodity,Commodities: Silver,Equity,Nippon Life AMC,Financial,49.33,,,2.74
Tata Retirement Savings Progressive Reg,INF277K01FG0,115942,commodity,Commodities: Silver,Equity,ITC,Consumer Staples,17.56,,,2.51
Tata Retirement Savings Progressive Reg,INF277K01FG0,115942,commodity,Commodities: Silver,Equity,Adani Ports,Industrials,33.02,,,2.44
Tata Retirement Savings Progressive Reg,INF277K01FG0,115942,commodity,Commodities: Silver,Equity,360 One Wam,Financial,38.19,,,2.38
Tata Retirement Savings Progressive Reg,INF277K01FG0,115942,commodity,Commodities: Silver,Equity,Rainbow Children's,Healthcare,52.53,,,2.21
Tata Retirement Savings Progressive Reg,INF277K01FG0,115942,commodity,Commodities: Silver,Equity,Tata Consumer,Consumer Staples,71.05,,,2.12
Tata Retirement Savings Progressive Reg,INF277K01FG0,115942,commodity,Commodities: Silver,Equity,Karur Vysya Bank,Financial,11.2,,,2.08
Tata Retirement Savings Progressive Reg,INF277K01FG0,115942,commodity,Commodities: Silver,Equity,Titan,Consumer Discretionary,77.17,,,2.06
Tata Retirement Savings Progressive Reg,INF277K01FG0,115942,commodity,Commodities: Silver,Equity,Muthoot Finance,Financial,11.82,,,2.05
Tata Retirement Savings Progressive Reg,INF277K01FG0,115942,commodity,Commodities: Silver,Equity,Kirloskar Pneumatic,Industrials,48.69,,,2.03
Tata Retirement Savings Progressive Reg,INF277K01FG0,115942,commodity,Commodities: Silver,Equity,Kotak Bank,Financial,20.63,,,1.91
Tata Retirement Savings Progressive Reg,INF277K01FG0,115942,commodity,Commodities: Silver,Equity,Exide,Consumer Discretionary,37.96,,,1.89
Tata Retirement Savings Progressive Reg,INF277K01FG0,115942,commodity,Commodities: Silver,Equity,Nestle India,Consumer Staples,77.1,,,1.8
Tata Retirement Savings Progressive Reg,INF277K01FG0,115942,commodity,Commodities: Silver,Equity,Adani Power,Energy & Utilities,34.62,,,1.77
Tata Retirement Savings Progressive Reg,INF277K01FG0,115942,commodity,Commodities: Silver,Equity,Doms,Industrials,59.43,,,1.76
Tata Retirement Savings Progressive Reg,INF277K01FG0,115942,commodity,Commodities: Silver,Equity,Dixon Technologies,Consumer Discretionary,53.08,,,1.75
Tata Retirement Savings Progressive Reg,INF277K01FG0,115942,commodity,Commodities: Silver,Equity,Oil India,Energy & Utilities,10.26,,,1.71
Taurus Flexi Cap Reg,INF044D01989,100476,commodity,Commodities: Silver,Equity,HDFC Bank,Financial,15.76,,,7.89
Taurus Flexi Cap Reg,INF044D01989,100476,commodity,Commodities: Silver,Equity,ITC,Consumer Staples,17.56,,,7.24
Taurus Flexi Cap Reg,INF044D01989,100476,commodity,Commodities: Silver,Equity,Divi's Lab,Healthcare,69.75,,,5.32
Taurus Flexi Cap Reg,INF044D01989,100476,commodity,Commodities: Silver,Equity,Park Medi World,Healthcare,45.68,,,4.9
Taurus Flexi Cap Reg,INF044D01989,100476,commodity,Commodities: Silver,Equity,ICICI Bank,Financial,17.8,,,4.24
Taurus Flexi Cap Reg,INF044D01989,100476,commodity,Commodities: Silver,Equity,Samhi Hotels,Consumer Discretionary,7.73,,,3.89
Taurus Flexi Cap Reg,INF044D01989,100476,commodity,Commodities: Silver,Equity,Axis Bank,Financial,15.95,,,3.66
Taurus Flexi Cap Reg,INF044D01989,100476,commodity,Commodities: Silver,Equity,Bharti Airtel,Technology,43.19,,,3.59
Taurus Flexi Cap Reg,INF044D01989,100476,commodity,Commodities: Silver,Equity,Mahindra & Mahindra,Consumer Discretionary,22.36,,,3.31
Taurus Flexi Cap Reg,INF044D01989,100476,commodity,Commodities: Silver,Equity,Reliance Ind,Energy & Utilities,22.25,,,3.09
Taurus Flexi Cap Reg,INF044D01989,100476,commodity,Commodities: Silver,Equity,Ambika Cotton,Consumer Discretionary,13.38,,,2.99
Taurus Flexi Cap Reg,INF044D01989,100476,commodity,Commodities: Silver,Equity,Narayana Hrud,Healthcare,47.59,,,2.95
Taurus Flexi Cap Reg,INF044D01989,100476,commodity,Commodities: Silver,Equity,Linde India,Materials,111.86,,,2.91
Taurus Flexi Cap Reg,INF044D01989,100476,commodity,Commodities: Silver,Equity,SBI,Financial,11.46,,,2.86
Taurus Flexi Cap Reg,INF044D01989,100476,commodity,Commodities: Silver,Equity,Kotak Bank,Financial,20.63,,,2.77
Taurus Flexi Cap Reg,INF044D01989,100476,commodity,Commodities: Silver,Equity,Pace Digitek,Technology,13.2,,,2.73
Taurus Flexi Cap Reg,INF044D01989,100476,commodity,Commodities: Silver,Equity,Bajaj Holdings,Financial,12.28,,,2.61
Taurus Flexi Cap Reg,INF044D01989,100476,commodity,Commodities: Silver,Equity,Regaal Resources,Consumer Staples,14.6,,,2.29
Taurus Flexi Cap Reg,INF044D01989,100476,commodity,Commodities: Silver,Equity,Power Grid,Energy & Utilities,17.02,,,2.21
Taurus Flexi Cap Reg,INF044D01989,100476,commodity,Commodities: Silver,Equity,Coal India,Materials,8.9,,,2.19
Taurus Flexi Cap Reg,INF044D01989,100476,commodity,Commodities: Silver,Equity,Insolation Energy,Energy & Utilities,12.87,,,1.7
Taurus Flexi Cap Reg,INF044D01989,100476,commodity,Commodities: Silver,Equity,Grasim,Materials,42.94,,,1.5
Taurus Flexi Cap Reg,INF044D01989,100476,commodity,Commodities: Silver,Equity,Ratnaveer Prec Eng,Materials,20.9,,,1.27
Taurus Flexi Cap Reg,INF044D01989,100476,commodity,Commodities: Silver,Equity,HCL Technologies,Technology,18.25,,,1.17
Taurus Flexi Cap Reg,INF044D01989,100476,commodity,Commodities: Silver,Equity,Maruti Suzuki,Consumer Discretionary,28.73,,,1.14
The Wealth Company Flexi Cap Reg,INF2F0001016,153870,commodity,Commodities: Silver,Equity,ICICI Bank,Financial,17.8,,,5.03
The Wealth Company Flexi Cap Reg,INF2F0001016,153870,commodity,Commodities: Silver,Equity,HDFC Bank,Financial,15.76,,,4.45
The Wealth Company Flexi Cap Reg,INF2F0001016,153870,commodity,Commodities: Silver,Equity,Reliance Ind,Energy & Utilities,22.25,,,3.42
The Wealth Company Flexi Cap Reg,INF2F0001016,153870,commodity,Commodities: Silver,Equity,Solar,Materials,98.23,,,3.28
The Wealth Company Flexi Cap Reg,INF2F0001016,153870,commodity,Commodities: Silver,Equity,SBI,Financial,11.46,,,3.13
The Wealth Company Flexi Cap Reg,INF2F0001016,153870,commodity,Commodities: Silver,Equity,Larsen & Toubro,Industrials,35.92,,,3.09
The Wealth Company Flexi Cap Reg,INF2F0001016,153870,commodity,Commodities: Silver,Equity,Infosys,Technology,14.36,,,2.98
The Wealth Company Flexi Cap Reg,INF2F0001016,153870,commodity,Commodities: Silver,Equity,Ather Energy,Consumer Discretionary,,,,2.96
The Wealth Company Flexi Cap Reg,INF2F0001016,153870,commodity,Commodities: Silver,Equity,BSE,Financial,65.73,,,2.9
The Wealth Company Flexi Cap Reg,INF2F0001016,153870,commodity,Commodities: Silver,Equity,Bajaj Finance,Financial,31.57,,,2.62
The Wealth Company Flexi Cap Reg,INF2F0001016,153870,commodity,Commodities: Silver,Equity,MCX,Financial,53.17,,,2.57
The Wealth Company Flexi Cap Reg,INF2F0001016,153870,commodity,Commodities: Silver,Equity,Rajratan Global,Materials,32.62,,,2.43
The Wealth Company Flexi Cap Reg,INF2F0001016,153870,commodity,Commodities: Silver,Equity,Bharti Airtel,Technology,43.19,,,2.42
The Wealth Company Flexi Cap Reg,INF2F0001016,153870,commodity,Commodities: Silver,Equity,Bharat Electronics,Industrials,51.44,,,2.25
The Wealth Company Flexi Cap Reg,INF2F0001016,153870,commodity,Commodities: Silver,Equity,Kilburn Eng,Industrials,28.73,,,2.24
The Wealth Company Flexi Cap Reg,INF2F0001016,153870,commodity,Commodities: Silver,Equity,Kotak Bank,Financial,20.63,,,2.22
The Wealth Company Flexi Cap Reg,INF2F0001016,153870,commodity,Commodities: Silver,Equity,Maruti Suzuki,Consumer Discretionary,28.73,,,2.13
The Wealth Company Flexi Cap Reg,INF2F0001016,153870,commodity,Commodities: Silver,Equity,TVS Motor,Consumer Discretionary,54.03,,,2.12
The Wealth Company Flexi Cap Reg,INF2F0001016,153870,commodity,Commodities: Silver,Equity,Hindalco Ind,Materials,16.96,,,2.09
The Wealth Company Flexi Cap Reg,INF2F0001016,153870,commodity,Commodities: Silver,Equity,Mphasis,Technology,22.9,,,2.03
The Wealth Company Flexi Cap Reg,INF2F0001016,153870,commodity,Commodities: Silver,Equity,Cholamandalam Inv,Financial,27.55,,,2.03
The Wealth Company Flexi Cap Reg,INF2F0001016,153870,commodity,Commodities: Silver,Equity,Varun Beverages,Consumer Staples,56.66,,,2.02
The Wealth Company Flexi Cap Reg,INF2F0001016,153870,commodity,Commodities: Silver,Equity,Brigade Enterprises,Real Estate,27.49,,,1.96
The Wealth Company Flexi Cap Reg,INF2F0001016,153870,commodity,Commodities: Silver,Equity,One97 Comm,Industrials,126.07,,,1.96
The Wealth Company Flexi Cap Reg,INF2F0001016,153870,commodity,Commodities: Silver,Equity,Vedanta,Materials,6.75,,,1.95
TRUST MF Flexi Cap Reg,INF0GCD01719,152582,commodity,Commodities: Silver,Equity,ICICI Bank,Financial,17.8,,,6.95
TRUST MF Flexi Cap Reg,INF0GCD01719,152582,commodity,Commodities: Silver,Equity,HDFC Bank,Financial,15.76,,,5.71
TRUST MF Flexi Cap Reg,INF0GCD01719,152582,commodity,Commodities: Silver,Equity,Reliance Ind,Energy & Utilities,22.25,,,3.18
TRUST MF Flexi Cap Reg,INF0GCD01719,152582,commodity,Commodities: Silver,Equity,Bharti Airtel,Technology,43.19,,,2.93
TRUST MF Flexi Cap Reg,INF0GCD01719,152582,commodity,Commodities: Silver,Equity,BSE,Financial,65.73,,,2.46
TRUST MF Flexi Cap Reg,INF0GCD01719,152582,commodity,Commodities: Silver,Equity,Lenskart Solutions,Consumer Discretionary,179.08,,,2.28
TRUST MF Flexi Cap Reg,INF0GCD01719,152582,commodity,Commodities: Silver,Equity,Axis Bank,Financial,15.95,,,2.26
TRUST MF Flexi Cap Reg,INF0GCD01719,152582,commodity,Commodities: Silver,Equity,Solar,Materials,98.23,,,2.25
TRUST MF Flexi Cap Reg,INF0GCD01719,152582,commodity,Commodities: Silver,Equity,MCX,Financial,53.17,,,2.2
TRUST MF Flexi Cap Reg,INF0GCD01719,152582,commodity,Commodities: Silver,Equity,Radico Khaitan,Consumer Staples,82.99,,,2.17
TRUST MF Flexi Cap Reg,INF0GCD01719,152582,commodity,Commodities: Silver,Equity,Infosys,Technology,14.36,,,2.11
TRUST MF Flexi Cap Reg,INF0GCD01719,152582,commodity,Commodities: Silver,Equity,SBI,Financial,11.46,,,2.07
TRUST MF Flexi Cap Reg,INF0GCD01719,152582,commodity,Commodities: Silver,Equity,Bharat Electronics,Industrials,51.44,,,2.06
TRUST MF Flexi Cap Reg,INF0GCD01719,152582,commodity,Commodities: Silver,Equity,Titan,Consumer Discretionary,77.17,,,2.01
TRUST MF Flexi Cap Reg,INF0GCD01719,152582,commodity,Commodities: Silver,Equity,Mahindra & Mahindra,Consumer Discretionary,22.36,,,1.86
TRUST MF Flexi Cap Reg,INF0GCD01719,152582,commodity,Commodities: Silver,Equity,Varun Beverages,Consumer Staples,56.66,,,1.86
TRUST MF Flexi Cap Reg,INF0GCD01719,152582,commodity,Commodities: Silver,Equity,The Federal Bank,Financial,18.3,,,1.73
TRUST MF Flexi Cap Reg,INF0GCD01719,152582,commodity,Commodities: Silver,Equity,Larsen & Toubro,Industrials,35.92,,,1.66
TRUST MF Flexi Cap Reg,INF0GCD01719,152582,commodity,Commodities: Silver,Equity,Adani Ports,Industrials,33.02,,,1.61
TRUST MF Flexi Cap Reg,INF0GCD01719,152582,commodity,Commodities: Silver,Equity,Fortis Healthcare,Healthcare,69.79,,,1.6
TRUST MF Flexi Cap Reg,INF0GCD01719,152582,commodity,Commodities: Silver,Equity,Coforge,Technology,41.51,,,1.58
TRUST MF Flexi Cap Reg,INF0GCD01719,152582,commodity,Commodities: Silver,Equity,Persistent Systems,Technology,40.32,,,1.56
TRUST MF Flexi Cap Reg,INF0GCD01719,152582,commodity,Commodities: Silver,Equity,Muthoot Finance,Financial,11.82,,,1.54
TRUST MF Flexi Cap Reg,INF0GCD01719,152582,commodity,Commodities: Silver,Equity,Laurus Labs,Healthcare,86.1,,,1.5
TRUST MF Flexi Cap Reg,INF0GCD01719,152582,commodity,Commodities: Silver,Equity,Clean Max Enviro Energy Solutions,Energy & Utilities,169.99,,,1.47
Unifi Flexi Cap Reg,INF1MIY01049,153542,commodity,Commodities: Silver,Equity,Bharti Airtel,Technology,43.19,,,4.81
Unifi Flexi Cap Reg,INF1MIY01049,153542,commodity,Commodities: Silver,Equity,South Indian Bank,Financial,8.66,,,4.69
Unifi Flexi Cap Reg,INF1MIY01049,153542,commodity,Commodities: Silver,Equity,ICICI Bank,Financial,17.8,,,4.26
Unifi Flexi Cap Reg,INF1MIY01049,153542,commodity,Commodities: Silver,Equity,Reliance Ind,Energy & Utilities,22.25,,,4.01
Unifi Flexi Cap Reg,INF1MIY01049,153542,commodity,Commodities: Silver,Equity,Fedbank Financial,Financial,16.87,,,3.71
Unifi Flexi Cap Reg,INF1MIY01049,153542,commodity,Commodities: Silver,Equity,Larsen & Toubro,Industrials,35.92,,,3.57
Unifi Flexi Cap Reg,INF1MIY01049,153542,commodity,Commodities: Silver,Equity,Kotak Bank,Financial,20.63,,,3.54
Unifi Flexi Cap Reg,INF1MIY01049,153542,commodity,Commodities: Silver,Equity,HDFC Bank,Financial,15.76,,,3.16
Unifi Flexi Cap Reg,INF1MIY01049,153542,commodity,Commodities: Silver,Equity,Tata Steel,Materials,22.91,,,2.95
Unifi Flexi Cap Reg,INF1MIY01049,153542,commodity,Commodities: Silver,Equity,Marksans Pharma,Healthcare,28.32,,,2.92
Unifi Flexi Cap Reg,INF1MIY01049,153542,commodity,Commodities: Silver,Equity,Axis Bank,Financial,15.95,,,2.82
Unifi Flexi Cap Reg,INF1MIY01049,153542,commodity,Commodities: Silver,Equity,Apollo Hospitals,Healthcare,62.53,,,2.82
Unifi Flexi Cap Reg,INF1MIY01049,153542,commodity,Commodities: Silver,Equity,NTPC,Energy & Utilities,13.09,,,2.39
Unifi Flexi Cap Reg,INF1MIY01049,153542,commodity,Commodities: Silver,Equity,SBI,Financial,11.46,,,2.38
Unifi Flexi Cap Reg,INF1MIY01049,153542,commodity,Commodities: Silver,Equity,Mahindra & Mahindra,Consumer Discretionary,22.36,,,2.35
Unifi Flexi Cap Reg,INF1MIY01049,153542,commodity,Commodities: Silver,Equity,Shyam Metalics,Materials,25.17,,,2.31
Unifi Flexi Cap Reg,INF1MIY01049,153542,commodity,Commodities: Silver,Equity,Care Ratings,Industrials,29.51,,,2.25
Unifi Flexi Cap Reg,INF1MIY01049,153542,commodity,Commodities: Silver,Equity,Pearl Global,Consumer Discretionary,30.24,,,1.96
Unifi Flexi Cap Reg,INF1MIY01049,153542,commodity,Commodities: Silver,Equity,Narayana Hrud,Healthcare,47.59,,,1.95
Unifi Flexi Cap Reg,INF1MIY01049,153542,commodity,Commodities: Silver,Equity,Nippon Life AMC,Financial,49.33,,,1.84
Unifi Flexi Cap Reg,INF1MIY01049,153542,commodity,Commodities: Silver,Equity,Bajaj Auto,Consumer Discretionary,26.01,,,1.72
Unifi Flexi Cap Reg,INF1MIY01049,153542,commodity,Commodities: Silver,Equity,Torrent Pharma,Healthcare,69.41,,,1.59
Unifi Flexi Cap Reg,INF1MIY01049,153542,commodity,Commodities: Silver,Equity,Hindustan Aero,Industrials,32.38,,,1.55
Unifi Flexi Cap Reg,INF1MIY01049,153542,commodity,Commodities: Silver,Equity,CMS Info Systems,Industrials,15.98,,,1.48
Unifi Flexi Cap Reg,INF1MIY01049,153542,commodity,Commodities: Silver,Equity,Interglobe Aviation,Industrials,,,,1.41
Union Children's Reg,INF582M01EJ6,152276,commodity,Commodities: Silver,Equity,HDFC Bank,Financial,15.76,,,3.76
Union Children's Reg,INF582M01EJ6,152276,commodity,Commodities: Silver,Equity,Reliance Ind,Energy & Utilities,22.25,,,3.38
Union Children's Reg,INF582M01EJ6,152276,commodity,Commodities: Silver,Equity,Axis Bank,Financial,15.95,,,3.25
Union Children's Reg,INF582M01EJ6,152276,commodity,Commodities: Silver,Equity,ICICI Bank,Financial,17.8,,,3.18
Union Children's Reg,INF582M01EJ6,152276,commodity,Commodities: Silver,Equity,Bharti Airtel,Technology,43.19,,,2.67
Union Children's Reg,INF582M01EJ6,152276,commodity,Commodities: Silver,Equity,Gabriel India,Consumer Discretionary,67.83,,,2.31
Union Children's Reg,INF582M01EJ6,152276,commodity,Commodities: Silver,Equity,JSW Energy,Energy & Utilities,46.76,,,2.31
Union Children's Reg,INF582M01EJ6,152276,commodity,Commodities: Silver,Equity,The Federal Bank,Financial,18.3,,,2.29
Union Children's Reg,INF582M01EJ6,152276,commodity,Commodities: Silver,Equity,SBI,Financial,11.46,,,2.13
Union Children's Reg,INF582M01EJ6,152276,commodity,Commodities: Silver,Equity,Max Financial,Financial,677.32,,,2
Union Children's Reg,INF582M01EJ6,152276,commodity,Commodities: Silver,Equity,Ajanta Pharma,Healthcare,36.2,,,1.95
Union Children's Reg,INF582M01EJ6,152276,commodity,Commodities: Silver,Equity,Ipca Laboratories,Healthcare,35.46,,,1.91
Union Children's Reg,INF582M01EJ6,152276,commodity,Commodities: Silver,Equity,KEI,Industrials,57.97,,,1.88
Union Children's Reg,INF582M01EJ6,152276,commodity,Commodities: Silver,Equity,Nippon Life AMC,Financial,49.33,,,1.85
Union Children's Reg,INF582M01EJ6,152276,commodity,Commodities: Silver,Equity,Shriram Finance,Financial,23.5,,,1.79
Union Children's Reg,INF582M01EJ6,152276,commodity,Commodities: Silver,Equity,Mphasis,Technology,22.9,,,1.77
Union Children's Reg,INF582M01EJ6,152276,commodity,Commodities: Silver,Equity,Aarti,Materials,41.57,,,1.76
Union Children's Reg,INF582M01EJ6,152276,commodity,Commodities: Silver,Equity,One97 Comm,Industrials,126.07,,,1.76
Union Children's Reg,INF582M01EJ6,152276,commodity,Commodities: Silver,Equity,SJS Enterprises,Consumer Discretionary,41.59,,,1.76
Union Children's Reg,INF582M01EJ6,152276,commodity,Commodities: Silver,Equity,Jindal Steel,Materials,34.38,,,1.74
Union Children's Reg,INF582M01EJ6,152276,commodity,Commodities: Silver,Equity,GE Vernova T&D,Industrials,111.6,,,1.68
Union Children's Reg,INF582M01EJ6,152276,commodity,Commodities: Silver,Equity,Mahindra & Mahindra,Consumer Discretionary,22.36,,,1.65
Union Children's Reg,INF582M01EJ6,152276,commodity,Commodities: Silver,Equity,Infosys,Technology,14.36,,,1.63
Union Children's Reg,INF582M01EJ6,152276,commodity,Commodities: Silver,Equity,Amber Enterprises,Consumer Discretionary,157.13,,,1.62
Union Children's Reg,INF582M01EJ6,152276,commodity,Commodities: Silver,Equity,Campus Activewear,Consumer Discretionary,48.31,,,1.62
Union Diversified Equity All Cap Active FoF Reg,INF582M01LV6,153822,commodity,Commodities: Silver,Equity,Union Multicap Direct-G,Unspecified,,,,55.57
Union Diversified Equity All Cap Active FoF Reg,INF582M01LV6,153822,commodity,Commodities: Silver,Equity,Union Small Cap Direct-G,Unspecified,,,,16
Union Diversified Equity All Cap Active FoF Reg,INF582M01LV6,153822,commodity,Commodities: Silver,Equity,Union Midcap Direct-G,Unspecified,,,,12.29
Union Diversified Equity All Cap Active FoF Reg,INF582M01LV6,153822,commodity,Commodities: Silver,Equity,Union Large & Midcap Direct-G,Unspecified,,,,9.75
Union Diversified Equity All Cap Active FoF Reg,INF582M01LV6,153822,commodity,Commodities: Silver,Equity,Union Largecap Direct-G,Unspecified,,,,4.72
Union Flexi Cap Reg,INF582M01104,115270,commodity,Commodities: Silver,Equity,ICICI Bank,Financial,17.8,,,4.39
Union Flexi Cap Reg,INF582M01104,115270,commodity,Commodities: Silver,Equity,HDFC Bank,Financial,15.76,,,3.94
Union Flexi Cap Reg,INF582M01104,115270,commodity,Commodities: Silver,Equity,Tata Consumer,Consumer Staples,71.05,,,2.85
Union Flexi Cap Reg,INF582M01104,115270,commodity,Commodities: Silver,Equity,Bharti Airtel,Technology,43.19,,,2.84
Union Flexi Cap Reg,INF582M01104,115270,commodity,Commodities: Silver,Equity,Axis Bank,Financial,15.95,,,2.73
Union Flexi Cap Reg,INF582M01104,115270,commodity,Commodities: Silver,Equity,Reliance Ind,Energy & Utilities,22.25,,,2.68
Union Flexi Cap Reg,INF582M01104,115270,commodity,Commodities: Silver,Equity,Larsen & Toubro,Industrials,35.92,,,2.65
Union Flexi Cap Reg,INF582M01104,115270,commodity,Commodities: Silver,Equity,SBI,Financial,11.46,,,2.55
Union Flexi Cap Reg,INF582M01104,115270,commodity,Commodities: Silver,Equity,JSW Energy,Energy & Utilities,46.76,,,2.16
Union Flexi Cap Reg,INF582M01104,115270,commodity,Commodities: Silver,Equity,JSW Infrastructure,Industrials,42.37,,,1.98
Union Flexi Cap Reg,INF582M01104,115270,commodity,Commodities: Silver,Equity,Krishna Institute,Healthcare,132.36,,,1.96
Union Flexi Cap Reg,INF582M01104,115270,commodity,Commodities: Silver,Equity,Ultratech Cement,Materials,40.9,,,1.96
Union Flexi Cap Reg,INF582M01104,115270,commodity,Commodities: Silver,Equity,Inventurus Knowledge Solutions,Industrials,39.87,,,1.74
Union Flexi Cap Reg,INF582M01104,115270,commodity,Commodities: Silver,Equity,Maruti Suzuki,Consumer Discretionary,28.73,,,1.72
Union Flexi Cap Reg,INF582M01104,115270,commodity,Commodities: Silver,Equity,Data Patterns,Industrials,98.79,,,1.68
Union Flexi Cap Reg,INF582M01104,115270,commodity,Commodities: Silver,Equity,Gabriel India,Consumer Discretionary,67.83,,,1.63
Union Flexi Cap Reg,INF582M01104,115270,commodity,Commodities: Silver,Equity,Ujjivan SF Bank,Financial,16.13,,,1.57
Union Flexi Cap Reg,INF582M01104,115270,commodity,Commodities: Silver,Equity,Infosys,Technology,14.36,,,1.57
Union Flexi Cap Reg,INF582M01104,115270,commodity,Commodities: Silver,Equity,Torrent Pharma,Healthcare,69.41,,,1.54
Union Flexi Cap Reg,INF582M01104,115270,commodity,Commodities: Silver,Equity,Bharat Electronics,Industrials,51.44,,,1.52
Union Flexi Cap Reg,INF582M01104,115270,commodity,Commodities: Silver,Equity,ZF Commercial,Consumer Discretionary,58.16,,,1.51
Union Flexi Cap Reg,INF582M01104,115270,commodity,Commodities: Silver,Equity,Solar,Materials,98.23,,,1.48
Union Flexi Cap Reg,INF582M01104,115270,commodity,Commodities: Silver,Equity,Jindal Steel,Materials,34.38,,,1.48
Union Flexi Cap Reg,INF582M01104,115270,commodity,Commodities: Silver,Equity,Bajaj Finance,Financial,31.57,,,1.47
Union Flexi Cap Reg,INF582M01104,115270,commodity,Commodities: Silver,Equity,Ajanta Pharma,Healthcare,36.2,,,1.46
Union Focused Reg,INF582M01DL4,147948,commodity,Commodities: Silver,Equity,ICICI Bank,Financial,17.8,,,7.76
Union Focused Reg,INF582M01DL4,147948,commodity,Commodities: Silver,Equity,Hitachi Energy,Industrials,164.47,,,5.42
Union Focused Reg,INF582M01DL4,147948,commodity,Commodities: Silver,Equity,Solar,Materials,98.23,,,5.3
Union Focused Reg,INF582M01DL4,147948,commodity,Commodities: Silver,Equity,Tata Consumer,Consumer Staples,71.05,,,5.14
Union Focused Reg,INF582M01DL4,147948,commodity,Commodities: Silver,Equity,GE Vernova T&D,Industrials,111.6,,,4.68
Union Focused Reg,INF582M01DL4,147948,commodity,Commodities: Silver,Equity,Acutaas Chemicals,Healthcare,73.5,,,4.45
Union Focused Reg,INF582M01DL4,147948,commodity,Commodities: Silver,Equity,Bharat Electronics,Industrials,51.44,,,4.38
Union Focused Reg,INF582M01DL4,147948,commodity,Commodities: Silver,Equity,HDFC Bank,Financial,15.76,,,4.08
Union Focused Reg,INF582M01DL4,147948,commodity,Commodities: Silver,Equity,Gabriel India,Consumer Discretionary,67.83,,,3.98
Union Focused Reg,INF582M01DL4,147948,commodity,Commodities: Silver,Equity,Torrent Pharma,Healthcare,69.41,,,3.89
Union Focused Reg,INF582M01DL4,147948,commodity,Commodities: Silver,Equity,CG Power,Industrials,125.19,,,3.64
Union Focused Reg,INF582M01DL4,147948,commodity,Commodities: Silver,Equity,MCX,Financial,53.17,,,3.64
Union Focused Reg,INF582M01DL4,147948,commodity,Commodities: Silver,Equity,Max Healthcare,Healthcare,73.57,,,3.55
Union Focused Reg,INF582M01DL4,147948,commodity,Commodities: Silver,Equity,Navin Fluorine,Materials,57.43,,,3.44
Union Focused Reg,INF582M01DL4,147948,commodity,Commodities: Silver,Equity,Infosys,Technology,14.36,,,3.25
Union Focused Reg,INF582M01DL4,147948,commodity,Commodities: Silver,Equity,Karur Vysya Bank,Financial,11.2,,,3.23
Union Focused Reg,INF582M01DL4,147948,commodity,Commodities: Silver,Equity,SBI,Financial,11.46,,,3.15
Union Focused Reg,INF582M01DL4,147948,commodity,Commodities: Silver,Equity,Bharti Airtel,Technology,43.19,,,2.77
Union Focused Reg,INF582M01DL4,147948,commodity,Commodities: Silver,Equity,Ujjivan SF Bank,Financial,16.13,,,2.75
Union Focused Reg,INF582M01DL4,147948,commodity,Commodities: Silver,Equity,Eternal,Technology,688.71,,,2.67
Union Focused Reg,INF582M01DL4,147948,commodity,Commodities: Silver,Equity,Shriram Finance,Financial,23.5,,,2.65
Union Focused Reg,INF582M01DL4,147948,commodity,Commodities: Silver,Equity,Larsen & Toubro,Industrials,35.92,,,2.4
Union Focused Reg,INF582M01DL4,147948,commodity,Commodities: Silver,Equity,Amber Enterprises,Consumer Discretionary,157.13,,,2.33
Union Focused Reg,INF582M01DL4,147948,commodity,Commodities: Silver,Equity,KFin Technologies,Financial,46.15,,,2.29
Union Focused Reg,INF582M01DL4,147948,commodity,Commodities: Silver,Equity,Max Financial,Financial,677.32,,,2.15
Union Retirement Reg,INF582M01CQ5,141891,commodity,Commodities: Silver,Equity,ICICI Bank,Financial,17.8,,,5.71
Union Retirement Reg,INF582M01CQ5,141891,commodity,Commodities: Silver,Equity,HDFC Bank,Financial,15.76,,,5.26
Union Retirement Reg,INF582M01CQ5,141891,commodity,Commodities: Silver,Equity,Acutaas Chemicals,Healthcare,73.5,,,3.16
Union Retirement Reg,INF582M01CQ5,141891,commodity,Commodities: Silver,Equity,MCX,Financial,53.17,,,2.68
Union Retirement Reg,INF582M01CQ5,141891,commodity,Commodities: Silver,Equity,Reliance Ind,Energy & Utilities,22.25,,,2.67
Union Retirement Reg,INF582M01CQ5,141891,commodity,Commodities: Silver,Equity,Solar,Materials,98.23,,,2.44
Union Retirement Reg,INF582M01CQ5,141891,commodity,Commodities: Silver,Equity,NTPC,Energy & Utilities,13.09,,,2.25
Union Retirement Reg,INF582M01CQ5,141891,commodity,Commodities: Silver,Equity,GE Vernova T&D,Industrials,111.6,,,2.21
Union Retirement Reg,INF582M01CQ5,141891,commodity,Commodities: Silver,Equity,Tata Consumer,Consumer Staples,71.05,,,2.2
Union Retirement Reg,INF582M01CQ5,141891,commodity,Commodities: Silver,Equity,SBI,Financial,11.46,,,2.19
Union Retirement Reg,INF582M01CQ5,141891,commodity,Commodities: Silver,Equity,Larsen & Toubro,Industrials,35.92,,,2.06
Union Retirement Reg,INF582M01CQ5,141891,commodity,Commodities: Silver,Equity,SJS Enterprises,Consumer Discretionary,41.59,,,1.91
Union Retirement Reg,INF582M01CQ5,141891,commodity,Commodities: Silver,Equity,Infosys,Technology,14.36,,,1.85
Union Retirement Reg,INF582M01CQ5,141891,commodity,Commodities: Silver,Equity,Navin Fluorine,Materials,57.43,,,1.8
Union Retirement Reg,INF582M01CQ5,141891,commodity,Commodities: Silver,Equity,Muthoot Finance,Financial,11.82,,,1.69
Union Retirement Reg,INF582M01CQ5,141891,commodity,Commodities: Silver,Equity,Karur Vysya Bank,Financial,11.2,,,1.59
Union Retirement Reg,INF582M01CQ5,141891,commodity,Commodities: Silver,Equity,Bharti Airtel,Technology,43.19,,,1.57
Union Retirement Reg,INF582M01CQ5,141891,commodity,Commodities: Silver,Equity,Max Financial,Financial,677.32,,,1.48
Union Retirement Reg,INF582M01CQ5,141891,commodity,Commodities: Silver,Equity,ZF Commercial,Consumer Discretionary,58.16,,,1.48
Union Retirement Reg,INF582M01CQ5,141891,commodity,Commodities: Silver,Equity,Mphasis,Technology,22.9,,,1.47
Union Retirement Reg,INF582M01CQ5,141891,commodity,Commodities: Silver,Equity,Titan,Consumer Discretionary,77.17,,,1.44
Union Retirement Reg,INF582M01CQ5,141891,commodity,Commodities: Silver,Equity,The Phoenix Mills,Real Estate,55.13,,,1.43
Union Retirement Reg,INF582M01CQ5,141891,commodity,Commodities: Silver,Equity,Maruti Suzuki,Consumer Discretionary,28.73,,,1.33
Union Retirement Reg,INF582M01CQ5,141891,commodity,Commodities: Silver,Equity,Kirloskar Oil,Industrials,49.92,,,1.33
Union Retirement Reg,INF582M01CQ5,141891,commodity,Commodities: Silver,Equity,Azad Engineering,Industrials,101.92,,,1.32
UTI Children's Equity Reg,INF789F1AZT4,102267,commodity,Commodities: Silver,Equity,HDFC Bank,Financial,15.76,,,7.68
UTI Children's Equity Reg,INF789F1AZT4,102267,commodity,Commodities: Silver,Equity,ICICI Bank,Financial,17.8,,,6.9
UTI Children's Equity Reg,INF789F1AZT4,102267,commodity,Commodities: Silver,Equity,Bharti Airtel,Technology,43.19,,,4.46
UTI Children's Equity Reg,INF789F1AZT4,102267,commodity,Commodities: Silver,Equity,Reliance Ind,Energy & Utilities,22.25,,,4.27
UTI Children's Equity Reg,INF789F1AZT4,102267,commodity,Commodities: Silver,Equity,Axis Bank,Financial,15.95,,,4.01
UTI Children's Equity Reg,INF789F1AZT4,102267,commodity,Commodities: Silver,Equity,Bajaj Finance,Financial,31.57,,,3.66
UTI Children's Equity Reg,INF789F1AZT4,102267,commodity,Commodities: Silver,Equity,Infosys,Technology,14.36,,,3.65
UTI Children's Equity Reg,INF789F1AZT4,102267,commodity,Commodities: Silver,Equity,Tata Steel,Materials,22.91,,,3.4
UTI Children's Equity Reg,INF789F1AZT4,102267,commodity,Commodities: Silver,Equity,Maruti Suzuki,Consumer Discretionary,28.73,,,2.92
UTI Children's Equity Reg,INF789F1AZT4,102267,commodity,Commodities: Silver,Equity,Kotak Bank,Financial,20.63,,,2.28
UTI Children's Equity Reg,INF789F1AZT4,102267,commodity,Commodities: Silver,Equity,Eternal,Technology,688.71,,,2
UTI Children's Equity Reg,INF789F1AZT4,102267,commodity,Commodities: Silver,Equity,Tech Mahindra,Technology,28.24,,,1.99
UTI Children's Equity Reg,INF789F1AZT4,102267,commodity,Commodities: Silver,Equity,Polycab India,Industrials,56.42,,,1.87
UTI Children's Equity Reg,INF789F1AZT4,102267,commodity,Commodities: Silver,Equity,SBI,Financial,11.46,,,1.86
UTI Children's Equity Reg,INF789F1AZT4,102267,commodity,Commodities: Silver,Equity,Ajanta Pharma,Healthcare,36.2,,,1.84
UTI Children's Equity Reg,INF789F1AZT4,102267,commodity,Commodities: Silver,Equity,Larsen & Toubro,Industrials,35.92,,,1.8
UTI Children's Equity Reg,INF789F1AZT4,102267,commodity,Commodities: Silver,Equity,The Phoenix Mills,Real Estate,55.13,,,1.62
UTI Children's Equity Reg,INF789F1AZT4,102267,commodity,Commodities: Silver,Equity,Shree Cement,Materials,52.1,,,1.56
UTI Children's Equity Reg,INF789F1AZT4,102267,commodity,Commodities: Silver,Equity,ICICI Lombard,Financial,36.79,,,1.55
UTI Children's Equity Reg,INF789F1AZT4,102267,commodity,Commodities: Silver,Equity,Nestle India,Consumer Staples,77.1,,,1.52
UTI Children's Equity Reg,INF789F1AZT4,102267,commodity,Commodities: Silver,Equity,Aster Dm Health,Healthcare,105.46,,,1.49
UTI Children's Equity Reg,INF789F1AZT4,102267,commodity,Commodities: Silver,Equity,Crompton Greaves,Consumer Discretionary,,,,1.46
UTI Children's Equity Reg,INF789F1AZT4,102267,commodity,Commodities: Silver,Equity,Jubilant Foodworks,Consumer Discretionary,64.65,,,1.46
UTI Children's Equity Reg,INF789F1AZT4,102267,commodity,Commodities: Silver,Equity,NTPC,Energy & Utilities,13.09,,,1.42
UTI Children's Equity Reg,INF789F1AZT4,102267,commodity,Commodities: Silver,Equity,Avenue Supermarts,Consumer Staples,93.91,,,1.41
UTI Flexi Cap Reg,INF189A01053,100668,commodity,Commodities: Silver,Equity,ICICI Bank,Financial,17.8,,,6.18
UTI Flexi Cap Reg,INF189A01053,100668,commodity,Commodities: Silver,Equity,Bajaj Finance,Financial,31.57,,,6.13
UTI Flexi Cap Reg,INF189A01053,100668,commodity,Commodities: Silver,Equity,Eternal,Technology,688.71,,,5.7
UTI Flexi Cap Reg,INF189A01053,100668,commodity,Commodities: Silver,Equity,HDFC Bank,Financial,15.76,,,5.18
UTI Flexi Cap Reg,INF189A01053,100668,commodity,Commodities: Silver,Equity,Titan,Consumer Discretionary,77.17,,,3.89
UTI Flexi Cap Reg,INF189A01053,100668,commodity,Commodities: Silver,Equity,Kotak Bank,Financial,20.63,,,3.59
UTI Flexi Cap Reg,INF189A01053,100668,commodity,Commodities: Silver,Equity,Avenue Supermarts,Consumer Staples,93.91,,,3.48
UTI Flexi Cap Reg,INF189A01053,100668,commodity,Commodities: Silver,Equity,Bharti Airtel,Technology,43.19,,,3.44
UTI Flexi Cap Reg,INF189A01053,100668,commodity,Commodities: Silver,Equity,Coforge,Technology,41.51,,,3.41
UTI Flexi Cap Reg,INF189A01053,100668,commodity,Commodities: Silver,Equity,Persistent Systems,Technology,40.32,,,3.2
UTI Flexi Cap Reg,INF189A01053,100668,commodity,Commodities: Silver,Equity,Info Edge (India),Technology,44.17,,,3.19
UTI Flexi Cap Reg,INF189A01053,100668,commodity,Commodities: Silver,Equity,Dixon Technologies,Consumer Discretionary,53.08,,,3.15
UTI Flexi Cap Reg,INF189A01053,100668,commodity,Commodities: Silver,Equity,LTIMindtree,Technology,22.53,,,2.49
UTI Flexi Cap Reg,INF189A01053,100668,commodity,Commodities: Silver,Equity,Trent,Consumer Discretionary,97.62,,,2.46
UTI Flexi Cap Reg,INF189A01053,100668,commodity,Commodities: Silver,Equity,Mahindra & Mahindra,Consumer Discretionary,22.36,,,2.24
UTI Flexi Cap Reg,INF189A01053,100668,commodity,Commodities: Silver,Equity,Eicher Motors,Consumer Discretionary,37.69,,,2.23
UTI Flexi Cap Reg,INF189A01053,100668,commodity,Commodities: Silver,Equity,Maruti Suzuki,Consumer Discretionary,28.73,,,2.18
UTI Flexi Cap Reg,INF189A01053,100668,commodity,Commodities: Silver,Equity,Polycab India,Industrials,56.42,,,2.1
UTI Flexi Cap Reg,INF189A01053,100668,commodity,Commodities: Silver,Equity,Dr. Lal Pathlabs,Healthcare,54.13,,,1.85
UTI Flexi Cap Reg,INF189A01053,100668,commodity,Commodities: Silver,Equity,Global Health,Healthcare,60.89,,,1.83
UTI Flexi Cap Reg,INF189A01053,100668,commodity,Commodities: Silver,Equity,Astral,Industrials,77.04,,,1.82
UTI Flexi Cap Reg,INF189A01053,100668,commodity,Commodities: Silver,Equity,Ajanta Pharma,Healthcare,36.2,,,1.76
UTI Flexi Cap Reg,INF189A01053,100668,commodity,Commodities: Silver,Equity,Torrent Pharma,Healthcare,69.41,,,1.37
UTI Flexi Cap Reg,INF189A01053,100668,commodity,Commodities: Silver,Equity,Divi's Lab,Healthcare,69.75,,,1.28
UTI Flexi Cap Reg,INF189A01053,100668,commodity,Commodities: Silver,Equity,Pidilite Ind,Materials,65.49,,,1.27
UTI Focused Reg,INF789F1ACL4,140939,commodity,Commodities: Silver,Equity,ICICI Bank,Financial,17.8,,,8.75
UTI Focused Reg,INF789F1ACL4,140939,commodity,Commodities: Silver,Equity,HDFC Bank,Financial,15.76,,,8.17
UTI Focused Reg,INF789F1ACL4,140939,commodity,Commodities: Silver,Equity,Reliance Ind,Energy & Utilities,22.25,,,5.15
UTI Focused Reg,INF789F1ACL4,140939,commodity,Commodities: Silver,Equity,Eternal,Technology,688.71,,,5.08
UTI Focused Reg,INF789F1ACL4,140939,commodity,Commodities: Silver,Equity,Larsen & Toubro,Industrials,35.92,,,4.61
UTI Focused Reg,INF789F1ACL4,140939,commodity,Commodities: Silver,Equity,Infosys,Technology,14.36,,,4.17
UTI Focused Reg,INF789F1ACL4,140939,commodity,Commodities: Silver,Equity,Bharti Airtel,Technology,43.19,,,3.86
UTI Focused Reg,INF789F1ACL4,140939,commodity,Commodities: Silver,Equity,Bajaj Finance,Financial,31.57,,,3.83
UTI Focused Reg,INF789F1ACL4,140939,commodity,Commodities: Silver,Equity,Tata Steel,Materials,22.91,,,3.82
UTI Focused Reg,INF789F1ACL4,140939,commodity,Commodities: Silver,Equity,Kotak Bank,Financial,20.63,,,3.73
UTI Focused Reg,INF789F1ACL4,140939,commodity,Commodities: Silver,Equity,Tube Investments,Consumer Discretionary,99.72,,,3.38
UTI Focused Reg,INF789F1ACL4,140939,commodity,Commodities: Silver,Equity,Titan,Consumer Discretionary,77.17,,,3.3
UTI Focused Reg,INF789F1ACL4,140939,commodity,Commodities: Silver,Equity,Tech Mahindra,Technology,28.24,,,3.06
UTI Focused Reg,INF789F1ACL4,140939,commodity,Commodities: Silver,Equity,Mahindra & Mahindra,Consumer Discretionary,22.36,,,2.89
UTI Focused Reg,INF789F1ACL4,140939,commodity,Commodities: Silver,Equity,Shriram Finance,Financial,23.5,,,2.87
UTI Focused Reg,INF789F1ACL4,140939,commodity,Commodities: Silver,Equity,Tata Consumer,Consumer Staples,71.05,,,2.74
UTI Focused Reg,INF789F1ACL4,140939,commodity,Commodities: Silver,Equity,Ajanta Pharma,Healthcare,36.2,,,2.61
UTI Focused Reg,INF789F1ACL4,140939,commodity,Commodities: Silver,Equity,ICICI Prudential Asset Management,Financial,50.08,,,2.58
UTI Focused Reg,INF789F1ACL4,140939,commodity,Commodities: Silver,Equity,The Phoenix Mills,Real Estate,55.13,,,2.43
UTI Focused Reg,INF789F1ACL4,140939,commodity,Commodities: Silver,Equity,Maruti Suzuki,Consumer Discretionary,28.73,,,2.22
UTI Focused Reg,INF789F1ACL4,140939,commodity,Commodities: Silver,Equity,Havells India,Consumer Discretionary,43.78,,,2.16
UTI Focused Reg,INF789F1ACL4,140939,commodity,Commodities: Silver,Equity,PB Fintech,Financial,111.92,,,2.16
UTI Focused Reg,INF789F1ACL4,140939,commodity,Commodities: Silver,Equity,Tata Motors,Industrials,48.67,,,2.08
UTI Focused Reg,INF789F1ACL4,140939,commodity,Commodities: Silver,Equity,Aurobindo Pharma,Healthcare,24.16,,,2.07
UTI Focused Reg,INF789F1ACL4,140939,commodity,Commodities: Silver,Equity,Shree Cement,Materials,52.1,,,2.03
UTI Nifty500 Shariah Index Reg,INF789F1AC96,154198,commodity,Commodities: Silver,Equity,Infosys,Technology,14.36,,,7.13
UTI Nifty500 Shariah Index Reg,INF789F1AC96,154198,commodity,Commodities: Silver,Equity,Tata Consultancy,Technology,15.33,,,4.04
UTI Nifty500 Shariah Index Reg,INF789F1AC96,154198,commodity,Commodities: Silver,Equity,Hindustan Unilever,Consumer Staples,34.14,,,3.35
UTI Nifty500 Shariah Index Reg,INF789F1AC96,154198,commodity,Commodities: Silver,Equity,Sun Pharmaceutical,Healthcare,38.15,,,3.34
UTI Nifty500 Shariah Index Reg,INF789F1AC96,154198,commodity,Commodities: Silver,Equity,Hindalco Ind,Materials,16.96,,,2.86
UTI Nifty500 Shariah Index Reg,INF789F1AC96,154198,commodity,Commodities: Silver,Equity,Ultratech Cement,Materials,40.9,,,2.38
UTI Nifty500 Shariah Index Reg,INF789F1AC96,154198,commodity,Commodities: Silver,Equity,HCL Technologies,Technology,18.25,,,2.19
UTI Nifty500 Shariah Index Reg,INF789F1AC96,154198,commodity,Commodities: Silver,Equity,Asian Paints,Materials,60.52,,,2.11
UTI Nifty500 Shariah Index Reg,INF789F1AC96,154198,commodity,Commodities: Silver,Equity,ONGC,Energy & Utilities,7.42,,,1.8
UTI Nifty500 Shariah Index Reg,INF789F1AC96,154198,commodity,Commodities: Silver,Equity,Nestle India,Consumer Staples,77.1,,,1.78
UTI Nifty500 Shariah Index Reg,INF789F1AC96,154198,commodity,Commodities: Silver,Equity,Tech Mahindra,Technology,28.24,,,1.65
UTI Nifty500 Shariah Index Reg,INF789F1AC96,154198,commodity,Commodities: Silver,Equity,Trent,Consumer Discretionary,97.62,,,1.64
UTI Nifty500 Shariah Index Reg,INF789F1AC96,154198,commodity,Commodities: Silver,Equity,Tata Motors Passenger Vehicles,Consumer Discretionary,1.61,,,1.44
UTI Nifty500 Shariah Index Reg,INF789F1AC96,154198,commodity,Commodities: Silver,Equity,Dr. Reddy'S Labs,Healthcare,25.16,,,1.39
UTI Nifty500 Shariah Index Reg,INF789F1AC96,154198,commodity,Commodities: Silver,Equity,Cummins India,Industrials,68.6,,,1.39
UTI Nifty500 Shariah Index Reg,INF789F1AC96,154198,commodity,Commodities: Silver,Equity,Cipla,Healthcare,28.21,,,1.38
UTI Nifty500 Shariah Index Reg,INF789F1AC96,154198,commodity,Commodities: Silver,Equity,Tata Consumer,Consumer Staples,71.05,,,1.34
UTI Nifty500 Shariah Index Reg,INF789F1AC96,154198,commodity,Commodities: Silver,Equity,Max Healthcare,Healthcare,73.57,,,1.26
UTI Nifty500 Shariah Index Reg,INF789F1AC96,154198,commodity,Commodities: Silver,Equity,Suzlon Energy,Industrials,25.71,,,1.21
UTI Nifty500 Shariah Index Reg,INF789F1AC96,154198,commodity,Commodities: Silver,Equity,Samvardhana Motherson,Consumer Discretionary,39.79,,,1.13
UTI Nifty500 Shariah Index Reg,INF789F1AC96,154198,commodity,Commodities: Silver,Equity,GE Vernova T&D,Industrials,111.6,,,1.12
UTI Nifty500 Shariah Index Reg,INF789F1AC96,154198,commodity,Commodities: Silver,Equity,Hero Motocorp,Consumer Discretionary,17.3,,,1.11
UTI Nifty500 Shariah Index Reg,INF789F1AC96,154198,commodity,Commodities: Silver,Equity,CG Power,Industrials,125.19,,,1.1
UTI Nifty500 Shariah Index Reg,INF789F1AC96,154198,commodity,Commodities: Silver,Equity,Britannia Ind,Consumer Staples,49.34,,,1.07
UTI Nifty500 Shariah Index Reg,INF789F1AC96,154198,commodity,Commodities: Silver,Equity,Bharat Heavy Elect,Industrials,89.9,,,1.06
WhiteOak Capital Flexi Cap Reg,INF03VN01506,150347,commodity,Commodities: Silver,Equity,ICICI Bank,Financial,17.81,,,8.05
WhiteOak Capital Flexi Cap Reg,INF03VN01506,150347,commodity,Commodities: Silver,Equity,HDFC Bank,Financial,15.78,,,6.56
WhiteOak Capital Flexi Cap Reg,INF03VN01506,150347,commodity,Commodities: Silver,Equity,Bharti Airtel,Technology,43.1,,,4.21
WhiteOak Capital Flexi Cap Reg,INF03VN01506,150347,commodity,Commodities: Silver,Equity,Nestle India,Consumer Staples,77.35,,,2.86
WhiteOak Capital Flexi Cap Reg,INF03VN01506,150347,commodity,Commodities: Silver,Equity,Bharat Electronics,Industrials,51.51,,,2.44
WhiteOak Capital Flexi Cap Reg,INF03VN01506,150347,commodity,Commodities: Silver,Equity,Eternal,Technology,683.43,,,2.42
WhiteOak Capital Flexi Cap Reg,INF03VN01506,150347,commodity,Commodities: Silver,Equity,Kotak Bank,Financial,20.59,,,2.31
WhiteOak Capital Flexi Cap Reg,INF03VN01506,150347,commodity,Commodities: Silver,Equity,Mahindra & Mahindra,Consumer Discretionary,22.42,,,2.3
WhiteOak Capital Flexi Cap Reg,INF03VN01506,150347,commodity,Commodities: Silver,Equity,Reliance Ind,Energy & Utilities,22.25,,,2.27
WhiteOak Capital Flexi Cap Reg,INF03VN01506,150347,commodity,Commodities: Silver,Equity,Maruti Suzuki,Consumer Discretionary,28.71,,,1.71
WhiteOak Capital Flexi Cap Reg,INF03VN01506,150347,commodity,Commodities: Silver,Equity,Coforge,Technology,41.11,,,1.53
WhiteOak Capital Flexi Cap Reg,INF03VN01506,150347,commodity,Commodities: Silver,Equity,SBI,Financial,11.45,,,1.5
WhiteOak Capital Flexi Cap Reg,INF03VN01506,150347,commodity,Commodities: Silver,Equity,Titan,Consumer Discretionary,77.11,,,1.42
WhiteOak Capital Flexi Cap Reg,INF03VN01506,150347,commodity,Commodities: Silver,Equity,Hindalco Ind,Materials,16.95,,,1.38
WhiteOak Capital Flexi Cap Reg,INF03VN01506,150347,commodity,Commodities: Silver,Equity,JB Chemicals,Healthcare,49.7,,,1.34
WhiteOak Capital Flexi Cap Reg,INF03VN01506,150347,commodity,Commodities: Silver,Equity,Aadhar Housing Fin,Financial,19.67,,,1.23
WhiteOak Capital Flexi Cap Reg,INF03VN01506,150347,commodity,Commodities: Silver,Equity,Max Financial,Financial,680.28,,,1
WhiteOak Capital Flexi Cap Reg,INF03VN01506,150347,commodity,Commodities: Silver,Equity,Aditya Infotech,Technology,114.65,,,0.91
WhiteOak Capital Flexi Cap Reg,INF03VN01506,150347,commodity,Commodities: Silver,Equity,TD Power Systems,Industrials,83.31,,,0.89
WhiteOak Capital Flexi Cap Reg,INF03VN01506,150347,commodity,Commodities: Silver,Equity,CG Power,Industrials,124.77,,,0.89
WhiteOak Capital Flexi Cap Reg,INF03VN01506,150347,commodity,Commodities: Silver,Equity,ONGC,Energy & Utilities,7.41,,,0.85
WhiteOak Capital Flexi Cap Reg,INF03VN01506,150347,commodity,Commodities: Silver,Equity,Krishna Institute,Healthcare,132.44,,,0.85
WhiteOak Capital Flexi Cap Reg,INF03VN01506,150347,commodity,Commodities: Silver,Equity,Azad Engineering,Industrials,102.12,,,0.79
WhiteOak Capital Flexi Cap Reg,INF03VN01506,150347,commodity,Commodities: Silver,Equity,India Shelter Fin,Financial,17.02,,,0.78
WhiteOak Capital Flexi Cap Reg,INF03VN01506,150347,commodity,Commodities: Silver,Equity,Bajaj Finserv,Financial,28.9,,,0.74
