Fund Name,Plan,VR ID,ISIN,Holding Type,Company,Sector/Instrument,PE/Credit Rating,% Assets
360 ONE Balanced Hybrid Reg,Regular,43764,INF579M01AV5,Debt,REC Ltd SR 223B Debenture 7.46 30/06/2028,Debenture,AAA,4.76
360 ONE Balanced Hybrid Reg,Regular,43764,INF579M01AV5,Debt,GOI Sec 7.37 23/10/2028,GOI Securities,SOV,3.48
360 ONE Balanced Hybrid Reg,Regular,43764,INF579M01AV5,Debt,Mindspace Business Parks REIT SR Debenture 7.96 11/05/2029,Debenture,AAA,3.42
360 ONE Balanced Hybrid Reg,Regular,43764,INF579M01AV5,Debt,Embassy Office Parks REIT SR XII Bonds 7.73 14/12/2029,Bonds,AAA,3.4
360 ONE Balanced Hybrid Reg,Regular,43764,INF579M01AV5,Debt,Jamnagar Utilities and Power Pvt. Ltd SR PPD 6 NCD 6.40 29/09/2026,Non Convertible Debenture,AAA,3.39
360 ONE Balanced Hybrid Reg,Regular,43764,INF579M01AV5,Equity,HDFC Bank,Financial,15.15,2.39
360 ONE Balanced Hybrid Reg,Regular,43764,INF579M01AV5,Equity,GE Vernova T&D,Industrials,101.42,2.12
360 ONE Balanced Hybrid Reg,Regular,43764,INF579M01AV5,Equity,ICICI Bank,Financial,17.14,2.07
360 ONE Balanced Hybrid Reg,Regular,43764,INF579M01AV5,Equity,Cholamandalam Inv,Financial,24.07,1.71
360 ONE Balanced Hybrid Reg,Regular,43764,INF579M01AV5,Equity,Indus Towers,Technology,15.28,1.58
360 ONE Flexicap Reg,Regular,43545,#N/A,Debt,--,--,--,--
360 ONE Flexicap Reg,Regular,43545,#N/A,Equity,ICICI Bank,Financial,17.14,4.68
360 ONE Flexicap Reg,Regular,43545,#N/A,Equity,GE Vernova T&D,Industrials,101.42,4.67
360 ONE Flexicap Reg,Regular,43545,#N/A,Equity,Larsen & Toubro,Industrials,33.53,3.8
360 ONE Flexicap Reg,Regular,43545,#N/A,Equity,Kotak Bank,Financial,19.98,3.67
360 ONE Flexicap Reg,Regular,43545,#N/A,Equity,Indus Towers,Technology,15.28,3.65
360 ONE Focused Reg,Regular,28456,#N/A,Debt,--,--,--,--
360 ONE Focused Reg,Regular,28456,#N/A,Equity,ICICI Bank,Financial,17.14,8.63
360 ONE Focused Reg,Regular,28456,#N/A,Equity,Bharti Airtel,Technology,40.64,6.45
360 ONE Focused Reg,Regular,28456,#N/A,Equity,Indus Towers,Technology,15.28,5.69
360 ONE Focused Reg,Regular,28456,#N/A,Equity,Cholamandalam Inv,Financial,24.07,5.16
360 ONE Focused Reg,Regular,28456,#N/A,Equity,Axis Bank,Financial,15.54,4.92
ABSL Aggressive Hybrid Omni FoF Reg,Regular,12659,INF084M01077,Debt,Aditya Birla SL Short Term Direct-G,Mutual Fund,--,13.48
ABSL Aggressive Hybrid Omni FoF Reg,Regular,12659,INF084M01077,Debt,HDFC Corporate Bond Direct-G,Mutual Fund,--,7.27
ABSL Aggressive Hybrid Omni FoF Reg,Regular,12659,INF084M01077,Equity,Aditya Birla SL Flexi Cap Direct-G,Unspecified,--,15.49
ABSL Aggressive Hybrid Omni FoF Reg,Regular,12659,INF084M01077,Equity,ICICI Pru Large Cap Direct-G,Unspecified,--,14.66
ABSL Aggressive Hybrid Omni FoF Reg,Regular,12659,INF084M01077,Equity,Nippon India Growth Mid Cap Direct-G,Unspecified,--,14.43
ABSL Aggressive Hybrid Omni FoF Reg,Regular,12659,INF084M01077,Equity,Kotak Multicap Direct-G,Unspecified,--,11.38
ABSL Aggressive Hybrid Omni FoF Reg,Regular,12659,INF084M01077,Equity,Aditya Birla SL Large Cap Direct-G,Unspecified,--,10.15
ABSL Arbitrage Reg,Regular,10586,INF209K01264,Debt,Aditya Birla SL Money Manager Direct-G,Mutual Fund,--,10.37
ABSL Arbitrage Reg,Regular,10586,INF209K01264,Debt,Aditya Birla SL Liquid Direct-G,Mutual Fund,--,4.44
ABSL Arbitrage Reg,Regular,10586,INF209K01264,Debt,Aditya Birla SL Floating Rate Direct-G,Mutual Fund,--,3.64
ABSL Arbitrage Reg,Regular,10586,INF209K01264,Debt,HDFC Bank Ltd CD 15/02/2027,Certificate of Deposit,A1+,1.47
ABSL Arbitrage Reg,Regular,10586,INF209K01264,Debt,Small Industries Devp. Bank of India Ltd CD 28/01/2027,Certificate of Deposit,A1+,1.39
ABSL Arbitrage Reg,Regular,10586,INF209K01264,Equity,HDFC Bank,Financial,15.15,5.68
ABSL Arbitrage Reg,Regular,10586,INF209K01264,Equity,Reliance Ind,Energy & Utilities,21.14,4.08
ABSL Arbitrage Reg,Regular,10586,INF209K01264,Equity,ICICI Bank,Financial,17.14,2.78
ABSL Arbitrage Reg,Regular,10586,INF209K01264,Equity,Axis Bank,Financial,15.54,2.33
ABSL Arbitrage Reg,Regular,10586,INF209K01264,Equity,Vodafone Idea,Technology,4.33,1.79
ABSL BSE 500 Momentum 50 Index Reg,Regular,45375,#N/A,Debt,--,--,--,--
ABSL BSE 500 Momentum 50 Index Reg,Regular,45375,#N/A,Equity,MCX,Financial,52.56,4.84
ABSL BSE 500 Momentum 50 Index Reg,Regular,45375,#N/A,Equity,Eicher Motors,Consumer Discretionary,35.98,4.03
ABSL BSE 500 Momentum 50 Index Reg,Regular,45375,#N/A,Equity,SBI,Financial,11.13,4.03
ABSL BSE 500 Momentum 50 Index Reg,Regular,45375,#N/A,Equity,Cummins India,Industrials,65.51,4
ABSL BSE 500 Momentum 50 Index Reg,Regular,45375,#N/A,Equity,TVS Motor,Consumer Discretionary,52.76,3.99
ABSL BSE 500 Quality 50 Index Reg,Regular,45379,#N/A,Debt,--,--,--,--
ABSL BSE 500 Quality 50 Index Reg,Regular,45379,#N/A,Equity,Nestle India,Consumer Staples,79.14,4.43
ABSL BSE 500 Quality 50 Index Reg,Regular,45379,#N/A,Equity,MCX,Financial,52.56,4.41
ABSL BSE 500 Quality 50 Index Reg,Regular,45379,#N/A,Equity,Suzlon Energy,Industrials,23.63,4.2
ABSL BSE 500 Quality 50 Index Reg,Regular,45379,#N/A,Equity,GE Vernova T&D,Industrials,101.42,4.1
ABSL BSE 500 Quality 50 Index Reg,Regular,45379,#N/A,Equity,Cummins India,Industrials,65.51,4.09
ABSL Bal Bhavishya Yojna Reg,Regular,38819,#N/A,Debt,--,--,--,--
ABSL Bal Bhavishya Yojna Reg,Regular,38819,#N/A,Equity,ICICI Bank,Financial,17.14,5.59
ABSL Bal Bhavishya Yojna Reg,Regular,38819,#N/A,Equity,Reliance Ind,Energy & Utilities,21.14,4.03
ABSL Bal Bhavishya Yojna Reg,Regular,38819,#N/A,Equity,HDFC Bank,Financial,15.15,3.95
ABSL Bal Bhavishya Yojna Reg,Regular,38819,#N/A,Equity,Axis Bank,Financial,15.54,2.92
ABSL Bal Bhavishya Yojna Reg,Regular,38819,#N/A,Equity,Infosys,Technology,15.78,2.78
ABSL Balanced Advantage Reg,Regular,797,INF084M01AB8,Debt,IndiGrid Infrastructure Trust,Infrastructure Investment Trust,--,2.38
ABSL Balanced Advantage Reg,Regular,797,INF084M01AB8,Debt,GOI Sec 7.18 24/07/2037,GOI Securities,SOV,1.69
ABSL Balanced Advantage Reg,Regular,797,INF084M01AB8,Debt,Cholamandalam Investment & Finance Company Ltd Debenture 7.50 30/09/2026,Debenture,--,1.62
ABSL Balanced Advantage Reg,Regular,797,INF084M01AB8,Debt,Nexus Select Trust,Real Estate Investment Trusts,--,1.31
ABSL Balanced Advantage Reg,Regular,797,INF084M01AB8,Debt,Cholamandalam Investment & Finance Company Ltd SR SD73 Debenture 8.92 02/12/2034,Debenture,AA+,1.09
ABSL Balanced Advantage Reg,Regular,797,INF084M01AB8,Equity,ICICI Bank,Financial,17.14,4.06
ABSL Balanced Advantage Reg,Regular,797,INF084M01AB8,Equity,Reliance Ind,Energy & Utilities,21.14,3.19
ABSL Balanced Advantage Reg,Regular,797,INF084M01AB8,Equity,HDFC Bank,Financial,15.15,3.12
ABSL Balanced Advantage Reg,Regular,797,INF084M01AB8,Equity,Kotak Bank,Financial,19.98,2.7
ABSL Balanced Advantage Reg,Regular,797,INF084M01AB8,Equity,SBI,Financial,11.13,2.48
ABSL CRISIL 10 Year Gilt ETF,Regular,44486,#N/A,Debt,GOI Sec 6.48 06/10/2035,GOI Securities,SOV,95.77
ABSL CRISIL 10 Year Gilt ETF,Regular,44486,#N/A,Equity,--,--,--,--
ABSL CRISIL Broad Based Gilt ETF,Regular,44415,#N/A,Debt,GOI Sec 7.04 03/06/2029,GOI Securities,SOV,28.08
ABSL CRISIL Broad Based Gilt ETF,Regular,44415,#N/A,Debt,GOI Sec 7.32 13/11/2030,GOI Securities,SOV,27.94
ABSL CRISIL Broad Based Gilt ETF,Regular,44415,#N/A,Debt,GOI Sec 6.90 15/04/2065,GOI Securities,SOV,27.43
ABSL CRISIL Broad Based Gilt ETF,Regular,44415,#N/A,Debt,GOI Sec 6.48 06/10/2035,GOI Securities,SOV,12.99
ABSL CRISIL Broad Based Gilt ETF,Regular,44415,#N/A,Debt,GOI CGL 8.32 02/08/2032,Central Government Loan,SOV,0.28
ABSL CRISIL Broad Based Gilt ETF,Regular,44415,#N/A,Equity,--,--,--,--
ABSL Conservative Hybrid Active FoF Reg,Regular,12657,INF084M01044,Debt,Aditya Birla SL Short Term Direct-G,Mutual Fund,--,39.91
ABSL Conservative Hybrid Active FoF Reg,Regular,12657,INF084M01044,Debt,HDFC Corporate Bond Direct-G,Mutual Fund,--,36.19
ABSL Conservative Hybrid Active FoF Reg,Regular,12657,INF084M01044,Equity,Aditya Birla SL Flexi Cap Direct-G,Unspecified,--,5.65
ABSL Conservative Hybrid Active FoF Reg,Regular,12657,INF084M01044,Equity,ICICI Pru Large Cap Direct-G,Unspecified,--,4.73
ABSL Conservative Hybrid Active FoF Reg,Regular,12657,INF084M01044,Equity,Nippon India Growth Mid Cap Direct-G,Unspecified,--,3.63
ABSL Conservative Hybrid Active FoF Reg,Regular,12657,INF084M01044,Equity,Aditya Birla SL Large Cap Direct-G,Unspecified,--,3.05
ABSL Conservative Hybrid Active FoF Reg,Regular,12657,INF084M01044,Equity,Kotak Multicap Direct-G,Unspecified,--,3.02
ABSL Dynamic Asset Allocation Omni FoF Reg,Regular,12661,INF084M01101,Debt,Aditya Birla SL Short Term Direct-G,Mutual Fund,--,12.15
ABSL Dynamic Asset Allocation Omni FoF Reg,Regular,12661,INF084M01101,Debt,HDFC Corporate Bond Direct-G,Mutual Fund,--,11.68
ABSL Dynamic Asset Allocation Omni FoF Reg,Regular,12661,INF084M01101,Equity,Nippon India Growth Mid Cap Direct-G,Unspecified,--,13.65
ABSL Dynamic Asset Allocation Omni FoF Reg,Regular,12661,INF084M01101,Equity,Aditya Birla SL Flexi Cap Direct-G,Unspecified,--,12.89
ABSL Dynamic Asset Allocation Omni FoF Reg,Regular,12661,INF084M01101,Equity,ICICI Pru Large Cap Direct-G,Unspecified,--,12.19
ABSL Dynamic Asset Allocation Omni FoF Reg,Regular,12661,INF084M01101,Equity,DSP Small Cap Direct-G,Unspecified,--,12.06
ABSL Dynamic Asset Allocation Omni FoF Reg,Regular,12661,INF084M01101,Equity,Kotak Multicap Direct-G,Unspecified,--,9.44
ABSL Equity Hybrid '95 Reg,Regular,511,INF209K01BT5,Debt,Bharti Telecom Ltd SR XXVII Debenture 7.30 01/12/2027,Debenture,AAA,2.48
ABSL Equity Hybrid '95 Reg,Regular,511,INF209K01BT5,Debt,Cholamandalam Investment & Finance Company Ltd SR SD73 Debenture 8.92 02/12/2034,Debenture,AA+,2.08
ABSL Equity Hybrid '95 Reg,Regular,511,INF209K01BT5,Debt,Irb Invit Fund,Infrastructure Investment Trust,--,1.46
ABSL Equity Hybrid '95 Reg,Regular,511,INF209K01BT5,Debt,Cholamandalam Investment & Finance Company Ltd SR SD72 NCD 9.10 27/06/2031,Non Convertible Debenture,AA+,0.72
ABSL Equity Hybrid '95 Reg,Regular,511,INF209K01BT5,Debt,ONGC Petro Additions Ltd SR XII Debenture 8.29 25/01/2027,Debenture,AA+,0.72
ABSL Equity Hybrid '95 Reg,Regular,511,INF209K01BT5,Equity,ICICI Bank,Financial,17.14,5.95
ABSL Equity Hybrid '95 Reg,Regular,511,INF209K01BT5,Equity,HDFC Bank,Financial,15.15,5.19
ABSL Equity Hybrid '95 Reg,Regular,511,INF209K01BT5,Equity,Reliance Ind,Energy & Utilities,21.14,4.25
ABSL Equity Hybrid '95 Reg,Regular,511,INF209K01BT5,Equity,Bharti Airtel,Technology,40.64,3.13
ABSL Equity Hybrid '95 Reg,Regular,511,INF209K01BT5,Equity,SBI,Financial,11.13,2.88
ABSL Equity Savings Reg,Regular,28669,INF209KA1TS3,Debt,Aditya Birla SL Liquid Direct-G,Mutual Fund,--,4.7
ABSL Equity Savings Reg,Regular,28669,INF209KA1TS3,Debt,Aditya Birla SL Money Manager Direct-G,Mutual Fund,--,3.8
ABSL Equity Savings Reg,Regular,28669,INF209KA1TS3,Debt,National Bank For Agriculture & Rural Development CD 19/01/2027,Certificate of Deposit,A1+,2.19
ABSL Equity Savings Reg,Regular,28669,INF209KA1TS3,Debt,Export-Import Bank Of India CD 01/03/2027,Certificate of Deposit,A1+,2.17
ABSL Equity Savings Reg,Regular,28669,INF209KA1TS3,Debt,National Bank For Financing Infrastructure And Development CD 04/03/2027,Certificate of Deposit,A1+,2.17
ABSL Equity Savings Reg,Regular,28669,INF209KA1TS3,Equity,ICICI Bank,Financial,17.14,7.06
ABSL Equity Savings Reg,Regular,28669,INF209KA1TS3,Equity,HDFC Bank,Financial,15.15,6.62
ABSL Equity Savings Reg,Regular,28669,INF209KA1TS3,Equity,Reliance Ind,Energy & Utilities,21.14,4.24
ABSL Equity Savings Reg,Regular,28669,INF209KA1TS3,Equity,RBL Bank,Financial,25.18,3.98
ABSL Equity Savings Reg,Regular,28669,INF209KA1TS3,Equity,Kotak Bank,Financial,19.98,2.83
ABSL Flexi Cap Reg,Regular,561,#N/A,Debt,--,--,--,--
ABSL Flexi Cap Reg,Regular,561,#N/A,Equity,ICICI Bank,Financial,17.14,5.84
ABSL Flexi Cap Reg,Regular,561,#N/A,Equity,HDFC Bank,Financial,15.15,3.61
ABSL Flexi Cap Reg,Regular,561,#N/A,Equity,Kotak Bank,Financial,19.98,3.45
ABSL Flexi Cap Reg,Regular,561,#N/A,Equity,Reliance Ind,Energy & Utilities,21.14,3.19
ABSL Flexi Cap Reg,Regular,561,#N/A,Equity,Infosys,Technology,15.78,2.84
ABSL Focused Reg,Regular,2865,#N/A,Debt,--,--,--,--
ABSL Focused Reg,Regular,2865,#N/A,Equity,Reliance Ind,Energy & Utilities,21.14,5.86
ABSL Focused Reg,Regular,2865,#N/A,Equity,ICICI Bank,Financial,17.14,5.69
ABSL Focused Reg,Regular,2865,#N/A,Equity,Infosys,Technology,15.78,5.2
ABSL Focused Reg,Regular,2865,#N/A,Equity,HDFC Bank,Financial,15.15,3.99
ABSL Focused Reg,Regular,2865,#N/A,Equity,Bharti Airtel,Technology,40.64,3.99
ABSL Government Securities Reg,Regular,677,#N/A,Debt,GOI Sec 7.34 22/04/2064,GOI Securities,SOV,32.48
ABSL Government Securities Reg,Regular,677,#N/A,Debt,GOI Sec 7.25 12/06/2063,GOI Securities,SOV,12.23
ABSL Government Securities Reg,Regular,677,#N/A,Debt,GOI Sec 6.90 15/04/2065,GOI Securities,SOV,8.86
ABSL Government Securities Reg,Regular,677,#N/A,Debt,GOI Sec 7.24 18/08/2055,GOI Securities,SOV,8.7
ABSL Government Securities Reg,Regular,677,#N/A,Debt,GOI Sec 7.30 19/06/2053,GOI Securities,SOV,6.76
ABSL Government Securities Reg,Regular,677,#N/A,Equity,--,--,--,--
ABSL Regular Savings Reg,Regular,2234,INF209K01751,Debt,Cholamandalam Investment & Finance Company Ltd SR SD73 Debenture 8.92 02/12/2034,Debenture,AA+,3.71
ABSL Regular Savings Reg,Regular,2234,INF209K01751,Debt,JTPM Metal Traders Ltd Debenture 30/04/2030,Debenture,AA,3.07
ABSL Regular Savings Reg,Regular,2234,INF209K01751,Debt,Muthoot Finance Ltd Debenture 26/07/2029,Debenture,AA+,3.05
ABSL Regular Savings Reg,Regular,2234,INF209K01751,Debt,Madhya Pradesh State SDL 7.56 04/03/2039,State Development Loan,SOV,2.66
ABSL Regular Savings Reg,Regular,2234,INF209K01751,Debt,Adani Power Ltd SR II Debenture 8.20 25/01/2029,Debenture,AA,2.35
ABSL Regular Savings Reg,Regular,2234,INF209K01751,Equity,ICICI Bank,Financial,17.15,1.75
ABSL Regular Savings Reg,Regular,2234,INF209K01751,Equity,HDFC Bank,Financial,15.26,1.51
ABSL Regular Savings Reg,Regular,2234,INF209K01751,Equity,Hindalco Ind,Materials,17.49,1.45
ABSL Regular Savings Reg,Regular,2234,INF209K01751,Equity,Bharti Airtel,Technology,40.89,1.12
ABSL Regular Savings Reg,Regular,2234,INF209K01751,Equity,Bajaj Finserv,Financial,27.49,0.91
ABSL Retirement 30s Reg,Regular,39179,#N/A,Debt,--,--,--,--
ABSL Retirement 30s Reg,Regular,39179,#N/A,Equity,ICICI Bank,Financial,17.14,3.74
ABSL Retirement 30s Reg,Regular,39179,#N/A,Equity,Aditya Infotech,Technology,110.1,2.7
ABSL Retirement 30s Reg,Regular,39179,#N/A,Equity,HDFC Bank,Financial,15.15,2.34
ABSL Retirement 30s Reg,Regular,39179,#N/A,Equity,Ather Energy,Consumer Discretionary,--,2.27
ABSL Retirement 30s Reg,Regular,39179,#N/A,Equity,Kirloskar Oil,Industrials,46.35,2.2
ABSL Retirement 40s Reg,Regular,39183,INF209KB1I56,Debt,GOI Sec 6.48 06/10/2035,GOI Securities,SOV,6.39
ABSL Retirement 40s Reg,Regular,39183,INF209KB1I56,Debt,GOI Sec 7.34 22/04/2064,GOI Securities,SOV,2.97
ABSL Retirement 40s Reg,Regular,39183,INF209KB1I56,Debt,GOI Sec 7.17 17/04/2030,GOI Securities,SOV,1.81
ABSL Retirement 40s Reg,Regular,39183,INF209KB1I56,Debt,HDFC Bank Ltd SR V004 Debenture 8.55 27/03/2029,Debenture,AAA,0.9
ABSL Retirement 40s Reg,Regular,39183,INF209KB1I56,Debt,GOI Sec 7.26 06/02/2033,GOI Securities,SOV,0.9
ABSL Retirement 40s Reg,Regular,39183,INF209KB1I56,Equity,ICICI Bank,Financial,17.14,5.93
ABSL Retirement 40s Reg,Regular,39183,INF209KB1I56,Equity,HDFC Bank,Financial,15.15,4.31
ABSL Retirement 40s Reg,Regular,39183,INF209KB1I56,Equity,Infosys,Technology,15.78,3.41
ABSL Retirement 40s Reg,Regular,39183,INF209KB1I56,Equity,Reliance Ind,Energy & Utilities,21.14,3.33
ABSL Retirement 40s Reg,Regular,39183,INF209KB1I56,Equity,Ultratech Cement,Materials,39.31,2.91
ABSL Retirement 50s Reg,Regular,39187,INF209KB1J14,Debt,--,--,--,--
ABSL Retirement 50s Reg,Regular,39187,INF209KB1J14,Equity,--,--,--,--
Abakkus Flexi Cap Reg,Regular,45681,#N/A,Debt,--,--,--,--
Abakkus Flexi Cap Reg,Regular,45681,#N/A,Equity,ICICI Bank,Financial,17.14,4.63
Abakkus Flexi Cap Reg,Regular,45681,#N/A,Equity,HDFC Bank,Financial,15.15,4.12
Abakkus Flexi Cap Reg,Regular,45681,#N/A,Equity,Reliance Ind,Energy & Utilities,21.14,3.15
Abakkus Flexi Cap Reg,Regular,45681,#N/A,Equity,ICICI Prudential Asset Management,Financial,48.22,3.07
Abakkus Flexi Cap Reg,Regular,45681,#N/A,Equity,SBI,Financial,11.13,3.03
Angel One Nifty Total Market ETF,Regular,44964,#N/A,Debt,--,--,--,--
Angel One Nifty Total Market ETF,Regular,44964,#N/A,Equity,HDFC Bank,Financial,15.15,5.84
Angel One Nifty Total Market ETF,Regular,44964,#N/A,Equity,Reliance Ind,Energy & Utilities,21.14,4.78
Angel One Nifty Total Market ETF,Regular,44964,#N/A,Equity,ICICI Bank,Financial,17.14,4.47
Angel One Nifty Total Market ETF,Regular,44964,#N/A,Equity,Bharti Airtel,Technology,40.64,2.87
Angel One Nifty Total Market ETF,Regular,44964,#N/A,Equity,Larsen & Toubro,Industrials,33.53,2.33
Angel One Nifty Total Market Index Reg,Regular,44962,#N/A,Debt,--,--,--,--
Angel One Nifty Total Market Index Reg,Regular,44962,#N/A,Equity,HDFC Bank,Financial,15.15,5.84
Angel One Nifty Total Market Index Reg,Regular,44962,#N/A,Equity,Reliance Ind,Energy & Utilities,21.14,4.78
Angel One Nifty Total Market Index Reg,Regular,44962,#N/A,Equity,ICICI Bank,Financial,17.14,4.47
Angel One Nifty Total Market Index Reg,Regular,44962,#N/A,Equity,Bharti Airtel,Technology,40.64,2.86
Angel One Nifty Total Market Index Reg,Regular,44962,#N/A,Equity,Larsen & Toubro,Industrials,33.53,2.33
Angel One Nifty Total Market Momentum Quality 50 ETF,Regular,45605,#N/A,Debt,--,--,--,--
Angel One Nifty Total Market Momentum Quality 50 ETF,Regular,45605,#N/A,Equity,BSE,Financial,64.44,6.58
Angel One Nifty Total Market Momentum Quality 50 ETF,Regular,45605,#N/A,Equity,MCX,Financial,52.56,5.8
Angel One Nifty Total Market Momentum Quality 50 ETF,Regular,45605,#N/A,Equity,Cummins India,Industrials,65.51,5.23
Angel One Nifty Total Market Momentum Quality 50 ETF,Regular,45605,#N/A,Equity,Bharat Electronics,Industrials,49.42,5.19
Angel One Nifty Total Market Momentum Quality 50 ETF,Regular,45605,#N/A,Equity,Eicher Motors,Consumer Discretionary,35.98,4.65
Angel One Nifty Total Market Momentum Quality 50 Index Reg,Regular,45606,#N/A,Debt,--,--,--,--
Angel One Nifty Total Market Momentum Quality 50 Index Reg,Regular,45606,#N/A,Equity,BSE,Financial,64.44,6.59
Angel One Nifty Total Market Momentum Quality 50 Index Reg,Regular,45606,#N/A,Equity,MCX,Financial,52.56,5.8
Angel One Nifty Total Market Momentum Quality 50 Index Reg,Regular,45606,#N/A,Equity,Cummins India,Industrials,65.51,5.23
Angel One Nifty Total Market Momentum Quality 50 Index Reg,Regular,45606,#N/A,Equity,Bharat Electronics,Industrials,49.42,5.19
Angel One Nifty Total Market Momentum Quality 50 Index Reg,Regular,45606,#N/A,Equity,Eicher Motors,Consumer Discretionary,35.98,4.66
Axis Aggressive Hybrid Reg,Regular,37130,INF846K01E90,Debt,National Bank For Agriculture & Rural Development SR 26F Bonds 7.44 17/07/2029,Bonds,AAA,3.42
Axis Aggressive Hybrid Reg,Regular,37130,INF846K01E90,Debt,Indus Infra Trust,Infrastructure Investment Trust,--,1.77
Axis Aggressive Hybrid Reg,Regular,37130,INF846K01E90,Debt,Bharti Telecom Ltd SR XXI NCD 8.75 05/11/2029,Non Convertible Debenture,AAA,1.76
Axis Aggressive Hybrid Reg,Regular,37130,INF846K01E90,Debt,Poonawalla Fincorp Ltd SR B2 Debenture 7.60 28/05/2027,Debenture,AAA,1.72
Axis Aggressive Hybrid Reg,Regular,37130,INF846K01E90,Debt,Bajaj Finance Ltd Debenture 7.87 08/02/2034,Debenture,AAA,1.72
Axis Aggressive Hybrid Reg,Regular,37130,INF846K01E90,Equity,Reliance Ind,Energy & Utilities,21.14,5.52
Axis Aggressive Hybrid Reg,Regular,37130,INF846K01E90,Equity,HDFC Bank,Financial,15.15,4.89
Axis Aggressive Hybrid Reg,Regular,37130,INF846K01E90,Equity,ICICI Bank,Financial,17.14,4.77
Axis Aggressive Hybrid Reg,Regular,37130,INF846K01E90,Equity,SBI,Financial,11.13,3.17
Axis Aggressive Hybrid Reg,Regular,37130,INF846K01E90,Equity,Infosys,Technology,15.78,3.16
Axis Arbitrage Reg,Regular,27585,INF846K01QC8,Debt,Axis Money Market Direct-G,Mutual Fund,--,14.62
Axis Arbitrage Reg,Regular,27585,INF846K01QC8,Debt,Union Bank of India CD,Certificate of Deposit,A1+,2.42
Axis Arbitrage Reg,Regular,27585,INF846K01QC8,Debt,Mahindra & Mahindra Financial Services Ltd CP 365-D 18/02/2027,Commercial Paper,A1+,1.46
Axis Arbitrage Reg,Regular,27585,INF846K01QC8,Debt,Small Industries Devp. Bank of India Ltd CD 04/02/2027,Certificate of Deposit,A1+,1.22
Axis Arbitrage Reg,Regular,27585,INF846K01QC8,Debt,HDFC Bank Ltd CD 11/09/2026,Certificate of Deposit,A1+,1
Axis Arbitrage Reg,Regular,27585,INF846K01QC8,Equity,HDFC Bank,Financial,15.15,4.41
Axis Arbitrage Reg,Regular,27585,INF846K01QC8,Equity,ICICI Bank,Financial,17.14,3.19
Axis Arbitrage Reg,Regular,27585,INF846K01QC8,Equity,Reliance Ind,Energy & Utilities,21.14,2.91
Axis Arbitrage Reg,Regular,27585,INF846K01QC8,Equity,Bharti Airtel,Technology,40.64,2.54
Axis Arbitrage Reg,Regular,27585,INF846K01QC8,Equity,Kotak Bank,Financial,19.98,2.45
Axis Balanced Advantage Reg,Regular,34465,INF846K01A52,Debt,GOI Sec 7.61 09/05/2030,GOI Securities,SOV,1.79
Axis Balanced Advantage Reg,Regular,34465,INF846K01A52,Debt,Muthoot Finance Ltd SR 28-A OP I Bonds 8.40 28/08/2028,Bonds,AA+,1.33
Axis Balanced Advantage Reg,Regular,34465,INF846K01A52,Debt,Shriram Finance Ltd SR PPD VIII OP Bonds 8.75 28/04/2028,Bonds,AAA,1.21
Axis Balanced Advantage Reg,Regular,34465,INF846K01A52,Debt,Cholamandalam Investment & Finance Company Ltd SR SD79 NCD 8.66 23/02/2033,Non Convertible Debenture,AA+,1.19
Axis Balanced Advantage Reg,Regular,34465,INF846K01A52,Debt,Muthoot Finance Ltd Debenture 8.52 07/04/2028,Debenture,AA+,1.12
Axis Balanced Advantage Reg,Regular,34465,INF846K01A52,Equity,HDFC Bank,Financial,15.15,5.96
Axis Balanced Advantage Reg,Regular,34465,INF846K01A52,Equity,ICICI Bank,Financial,17.14,5.25
Axis Balanced Advantage Reg,Regular,34465,INF846K01A52,Equity,Reliance Ind,Energy & Utilities,21.14,5.16
Axis Balanced Advantage Reg,Regular,34465,INF846K01A52,Equity,SBI,Financial,11.13,3.84
Axis Balanced Advantage Reg,Regular,34465,INF846K01A52,Equity,Infosys,Technology,15.78,3
Axis Children's Reg,Regular,31505,INF846K01WJ1,Debt,GOI Sec 7.10 08/04/2034,GOI Securities,SOV,8.54
Axis Children's Reg,Regular,31505,INF846K01WJ1,Debt,GOI Sec 7.18 14/08/2033,GOI Securities,SOV,4.01
Axis Children's Reg,Regular,31505,INF846K01WJ1,Debt,Shriram Finance Ltd SR PPD VIII OP Debenture 8.55 28/04/2028,Debenture,AAA,2.3
Axis Children's Reg,Regular,31505,INF846K01WJ1,Debt,Muthoot Finance Ltd SR 28-A OP I Bonds 8.40 28/08/2028,Bonds,AA+,2.27
Axis Children's Reg,Regular,31505,INF846K01WJ1,Debt,GMR Airports Ltd Bonds 13/02/2027,Bonds,A+,1.18
Axis Children's Reg,Regular,31505,INF846K01WJ1,Equity,Reliance Ind,Energy & Utilities,21.14,5.3
Axis Children's Reg,Regular,31505,INF846K01WJ1,Equity,ICICI Bank,Financial,17.14,4.72
Axis Children's Reg,Regular,31505,INF846K01WJ1,Equity,HDFC Bank,Financial,15.15,4.46
Axis Children's Reg,Regular,31505,INF846K01WJ1,Equity,SBI,Financial,11.13,3.17
Axis Children's Reg,Regular,31505,INF846K01WJ1,Equity,Infosys,Technology,15.78,3.02
Axis Conservative Hybrid Reg,Regular,11200,INF846K01693,Debt,GOI Sec 7.18 14/08/2033,GOI Securities,SOV,15.73
Axis Conservative Hybrid Reg,Regular,11200,INF846K01693,Debt,GOI Sec 6.79 07/10/2034,GOI Securities,SOV,11.74
Axis Conservative Hybrid Reg,Regular,11200,INF846K01693,Debt,Reserve Bank of India T-Bills 182-D 18/06/2026,Treasury Bills,SOV,11.43
Axis Conservative Hybrid Reg,Regular,11200,INF846K01693,Debt,Power Finance Corporation Ltd SR 223 Debenture 7.64 22/02/2033,Debenture,AAA,6.82
Axis Conservative Hybrid Reg,Regular,11200,INF846K01693,Debt,GOI Sec 7.18 24/07/2037,GOI Securities,SOV,4.16
Axis Conservative Hybrid Reg,Regular,11200,INF846K01693,Equity,Reliance Ind,Energy & Utilities,21.14,1.96
Axis Conservative Hybrid Reg,Regular,11200,INF846K01693,Equity,ICICI Bank,Financial,17.14,1.59
Axis Conservative Hybrid Reg,Regular,11200,INF846K01693,Equity,HDFC Bank,Financial,15.15,1.58
Axis Conservative Hybrid Reg,Regular,11200,INF846K01693,Equity,Infosys,Technology,15.78,1.3
Axis Conservative Hybrid Reg,Regular,11200,INF846K01693,Equity,NTPC,Energy & Utilities,12.62,1.09
Axis Equity Savings Reg,Regular,30700,INF846K01VO3,Debt,GOI Sec 7.18 14/08/2033,GOI Securities,SOV,4.67
Axis Equity Savings Reg,Regular,30700,INF846K01VO3,Debt,GOI Sec 7.10 08/04/2034,GOI Securities,SOV,4.06
Axis Equity Savings Reg,Regular,30700,INF846K01VO3,Debt,Axis Money Market Direct-G,Mutual Fund,--,2.95
Axis Equity Savings Reg,Regular,30700,INF846K01VO3,Debt,Muthoot Finance Ltd Debenture 8.52 07/04/2028,Debenture,AA+,1.74
Axis Equity Savings Reg,Regular,30700,INF846K01VO3,Debt,GMR Airports Ltd Bonds 13/02/2027,Bonds,A+,1.2
Axis Equity Savings Reg,Regular,30700,INF846K01VO3,Equity,Reliance Ind,Energy & Utilities,21.14,9.73
Axis Equity Savings Reg,Regular,30700,INF846K01VO3,Equity,HDFC Bank,Financial,15.15,7.22
Axis Equity Savings Reg,Regular,30700,INF846K01VO3,Equity,ICICI Bank,Financial,17.14,6.09
Axis Equity Savings Reg,Regular,30700,INF846K01VO3,Equity,Tata Steel,Materials,22.98,3.19
Axis Equity Savings Reg,Regular,30700,INF846K01VO3,Equity,Kotak Bank,Financial,19.98,2.9
Axis Flexi Cap Reg,Regular,34709,#N/A,Debt,--,--,--,--
Axis Flexi Cap Reg,Regular,34709,#N/A,Equity,ICICI Bank,Financial,17.14,7.58
Axis Flexi Cap Reg,Regular,34709,#N/A,Equity,Bharti Airtel,Technology,40.64,4.46
Axis Flexi Cap Reg,Regular,34709,#N/A,Equity,Bharat Electronics,Industrials,49.42,4.05
Axis Flexi Cap Reg,Regular,34709,#N/A,Equity,Bajaj Finance,Financial,28.93,3.92
Axis Flexi Cap Reg,Regular,34709,#N/A,Equity,Eternal,Technology,634.13,3.68
Axis Focused Reg,Regular,14951,#N/A,Debt,--,--,--,--
Axis Focused Reg,Regular,14951,#N/A,Equity,ICICI Bank,Financial,17.14,7.55
Axis Focused Reg,Regular,14951,#N/A,Equity,Eternal,Technology,634.13,5.93
Axis Focused Reg,Regular,14951,#N/A,Equity,Divi's Lab,Healthcare,68.93,5.36
Axis Focused Reg,Regular,14951,#N/A,Equity,Apollo Hospitals,Healthcare,62.98,4.73
Axis Focused Reg,Regular,14951,#N/A,Equity,Cholamandalam Inv,Financial,24.07,4.63
Axis Gilt Reg,Regular,13908,#N/A,Debt,GOI Sec 7.24 18/08/2055,GOI Securities,SOV,21.39
Axis Gilt Reg,Regular,13908,#N/A,Debt,GOI Sec 6.48 06/10/2035,GOI Securities,SOV,18.21
Axis Gilt Reg,Regular,13908,#N/A,Debt,GOI Sec 6.90 15/04/2065,GOI Securities,SOV,9.75
Axis Gilt Reg,Regular,13908,#N/A,Debt,GOI Sec 6.68 07/07/2040,GOI Securities,SOV,9.5
Axis Gilt Reg,Regular,13908,#N/A,Debt,GOI Sec 7.34 22/04/2064,GOI Securities,SOV,5.64
Axis Gilt Reg,Regular,13908,#N/A,Equity,--,--,--,--
Axis Nifty 500 Index Reg,Regular,44412,#N/A,Debt,--,--,--,--
Axis Nifty 500 Index Reg,Regular,44412,#N/A,Equity,HDFC Bank,Financial,15.15,6.09
Axis Nifty 500 Index Reg,Regular,44412,#N/A,Equity,Reliance Ind,Energy & Utilities,21.14,4.98
Axis Nifty 500 Index Reg,Regular,44412,#N/A,Equity,ICICI Bank,Financial,17.14,4.65
Axis Nifty 500 Index Reg,Regular,44412,#N/A,Equity,Bharti Airtel,Technology,40.64,2.98
Axis Nifty 500 Index Reg,Regular,44412,#N/A,Equity,Larsen & Toubro,Industrials,33.53,2.43
Axis Nifty500 Momentum 50 Index Reg,Regular,44904,#N/A,Debt,--,--,--,--
Axis Nifty500 Momentum 50 Index Reg,Regular,44904,#N/A,Equity,Hindalco Ind,Materials,17.41,5.21
Axis Nifty500 Momentum 50 Index Reg,Regular,44904,#N/A,Equity,Eicher Motors,Consumer Discretionary,35.98,4.82
Axis Nifty500 Momentum 50 Index Reg,Regular,44904,#N/A,Equity,Shriram Finance,Financial,21.13,4.78
Axis Nifty500 Momentum 50 Index Reg,Regular,44904,#N/A,Equity,Bajaj Finance,Financial,28.93,4.71
Axis Nifty500 Momentum 50 Index Reg,Regular,44904,#N/A,Equity,Bharti Airtel,Technology,40.64,4.51
Axis Nifty500 Quality 50 Index Reg,Regular,45467,#N/A,Debt,--,--,--,--
Axis Nifty500 Quality 50 Index Reg,Regular,45467,#N/A,Equity,BSE,Financial,64.44,5.26
Axis Nifty500 Quality 50 Index Reg,Regular,45467,#N/A,Equity,Bharat Electronics,Industrials,49.42,4.67
Axis Nifty500 Quality 50 Index Reg,Regular,45467,#N/A,Equity,Coal India,Materials,8.97,4.16
Axis Nifty500 Quality 50 Index Reg,Regular,45467,#N/A,Equity,Britannia Ind,Consumer Staples,49.12,3.87
Axis Nifty500 Quality 50 Index Reg,Regular,45467,#N/A,Equity,Tata Consultancy,Technology,15.83,3.67
Axis Retirement-Aggressive Plan Reg,Regular,40427,INF846K01T02,Debt,GOI Sec 7.10 08/04/2034,GOI Securities,SOV,6.09
Axis Retirement-Aggressive Plan Reg,Regular,40427,INF846K01T02,Debt,GOI Sec 6.79 07/10/2034,GOI Securities,SOV,4.91
Axis Retirement-Aggressive Plan Reg,Regular,40427,INF846K01T02,Debt,GOI Sec 7.25 12/06/2063,GOI Securities,SOV,3.35
Axis Retirement-Aggressive Plan Reg,Regular,40427,INF846K01T02,Debt,GOI Sec 7.18 24/07/2037,GOI Securities,SOV,2.86
Axis Retirement-Aggressive Plan Reg,Regular,40427,INF846K01T02,Debt,GOI Sec 7.57 17/06/2033,GOI Securities,SOV,1.32
Axis Retirement-Aggressive Plan Reg,Regular,40427,INF846K01T02,Equity,Reliance Ind,Energy & Utilities,21.14,5.91
Axis Retirement-Aggressive Plan Reg,Regular,40427,INF846K01T02,Equity,HDFC Bank,Financial,15.15,5.02
Axis Retirement-Aggressive Plan Reg,Regular,40427,INF846K01T02,Equity,ICICI Bank,Financial,17.14,4.78
Axis Retirement-Aggressive Plan Reg,Regular,40427,INF846K01T02,Equity,Infosys,Technology,15.78,3.23
Axis Retirement-Aggressive Plan Reg,Regular,40427,INF846K01T02,Equity,SBI,Financial,11.13,3.2
Axis Retirement-Conservative Plan Reg,Regular,40435,INF846K01T85,Debt,GOI Sec 7.18 24/07/2037,GOI Securities,SOV,32.93
Axis Retirement-Conservative Plan Reg,Regular,40435,INF846K01T85,Debt,GOI Sec 7.34 22/04/2064,GOI Securities,SOV,14.73
Axis Retirement-Conservative Plan Reg,Regular,40435,INF846K01T85,Debt,GOI Sec 7.10 08/04/2034,GOI Securities,SOV,10.59
Axis Retirement-Conservative Plan Reg,Regular,40435,INF846K01T85,Debt,Indus Infra Trust,Infrastructure Investment Trust,--,1.73
Axis Retirement-Conservative Plan Reg,Regular,40435,INF846K01T85,Equity,Reliance Ind,Energy & Utilities,21.14,4.71
Axis Retirement-Conservative Plan Reg,Regular,40435,INF846K01T85,Equity,SBI,Financial,11.13,2.57
Axis Retirement-Conservative Plan Reg,Regular,40435,INF846K01T85,Equity,Apollo Hospitals,Healthcare,62.98,2.47
Axis Retirement-Conservative Plan Reg,Regular,40435,INF846K01T85,Equity,Infosys,Technology,15.78,2.34
Axis Retirement-Conservative Plan Reg,Regular,40435,INF846K01T85,Equity,Bharti Airtel,Technology,40.64,2.25
Axis Retirement-Dynamic Plan Reg,Regular,40431,INF846K01T44,Debt,--,--,--,--
Axis Retirement-Dynamic Plan Reg,Regular,40431,INF846K01T44,Equity,--,--,--,--
Bajaj Finserv Arbitrage Reg,Regular,43768,INF0QA701490,Debt,Bajaj Finserv Money Market Direct-G,Mutual Fund,--,15.38
Bajaj Finserv Arbitrage Reg,Regular,43768,INF0QA701490,Debt,Bajaj Finserv Liquid Direct-G,Mutual Fund,--,11.54
Bajaj Finserv Arbitrage Reg,Regular,43768,INF0QA701490,Debt,L&T Finance Ltd CP 91-D 27/05/2026,Commercial Paper,A1+,2.61
Bajaj Finserv Arbitrage Reg,Regular,43768,INF0QA701490,Equity,HDFC Bank,Financial,15.15,6.7
Bajaj Finserv Arbitrage Reg,Regular,43768,INF0QA701490,Equity,Reliance Ind,Energy & Utilities,21.14,6.01
Bajaj Finserv Arbitrage Reg,Regular,43768,INF0QA701490,Equity,ICICI Bank,Financial,17.14,3.75
Bajaj Finserv Arbitrage Reg,Regular,43768,INF0QA701490,Equity,SAIL,Materials,22.3,2.27
Bajaj Finserv Arbitrage Reg,Regular,43768,INF0QA701490,Equity,RBL Bank,Financial,25.18,2.15
Bajaj Finserv Balanced Advantage Reg,Regular,43875,INF0QA701680,Debt,Bajaj Finserv Money Market Direct-G,Mutual Fund,--,5.42
Bajaj Finserv Balanced Advantage Reg,Regular,43875,INF0QA701680,Debt,Bajaj Finserv Banking and PSU Direct-G,Mutual Fund,--,3.29
Bajaj Finserv Balanced Advantage Reg,Regular,43875,INF0QA701680,Debt,GOI Sec 7.09 25/11/2074,GOI Securities,SOV,0.38
Bajaj Finserv Balanced Advantage Reg,Regular,43875,INF0QA701680,Debt,GOI Sec 6.79 30/12/2031,GOI Securities,SOV,0.18
Bajaj Finserv Balanced Advantage Reg,Regular,43875,INF0QA701680,Debt,GOI Sec 6.79 07/10/2034,GOI Securities,SOV,0.02
Bajaj Finserv Balanced Advantage Reg,Regular,43875,INF0QA701680,Equity,HDFC Bank,Financial,15.15,7.43
Bajaj Finserv Balanced Advantage Reg,Regular,43875,INF0QA701680,Equity,ICICI Bank,Financial,17.14,5.29
Bajaj Finserv Balanced Advantage Reg,Regular,43875,INF0QA701680,Equity,Bajaj Auto,Consumer Discretionary,26.4,3.54
Bajaj Finserv Balanced Advantage Reg,Regular,43875,INF0QA701680,Equity,Reliance Ind,Energy & Utilities,21.14,3.2
Bajaj Finserv Balanced Advantage Reg,Regular,43875,INF0QA701680,Equity,Hindustan Unilever,Consumer Staples,33.91,3.11
Bajaj Finserv Equity Savings Reg,Regular,45396,INF0QA701BQ5,Debt,Bajaj Finserv Money Market Direct-G,Mutual Fund,--,21.24
Bajaj Finserv Equity Savings Reg,Regular,45396,INF0QA701BQ5,Equity,ITC,Consumer Staples,17.2,6.76
Bajaj Finserv Equity Savings Reg,Regular,45396,INF0QA701BQ5,Equity,ICICI Bank,Financial,17.14,4.19
Bajaj Finserv Equity Savings Reg,Regular,45396,INF0QA701BQ5,Equity,Bajaj Finserv,Financial,27.24,3.01
Bajaj Finserv Equity Savings Reg,Regular,45396,INF0QA701BQ5,Equity,Kotak Bank,Financial,19.98,2.99
Bajaj Finserv Equity Savings Reg,Regular,45396,INF0QA701BQ5,Equity,MCX,Financial,52.56,2.83
Bajaj Finserv Flexi Cap Reg,Regular,43651,#N/A,Debt,--,--,--,--
Bajaj Finserv Flexi Cap Reg,Regular,43651,#N/A,Equity,ICICI Bank,Financial,17.14,4.99
Bajaj Finserv Flexi Cap Reg,Regular,43651,#N/A,Equity,HDFC Bank,Financial,15.15,4.2
Bajaj Finserv Flexi Cap Reg,Regular,43651,#N/A,Equity,MTAR Technologies,Industrials,234.15,3.61
Bajaj Finserv Flexi Cap Reg,Regular,43651,#N/A,Equity,The Federal Bank,Financial,17.61,3.11
Bajaj Finserv Flexi Cap Reg,Regular,43651,#N/A,Equity,Divi's Lab,Healthcare,68.93,3.1
Bajaj Finserv Gilt Reg,Regular,44860,#N/A,Debt,GOI Sec 6.90 15/04/2065,GOI Securities,SOV,54.33
Bajaj Finserv Gilt Reg,Regular,44860,#N/A,Debt,Reserve Bank of India T-Bills 91-D 20/08/2026,Treasury Bills,SOV,19.84
Bajaj Finserv Gilt Reg,Regular,44860,#N/A,Debt,GOI Sec 6.48 06/10/2035,GOI Securities,SOV,19.37
Bajaj Finserv Gilt Reg,Regular,44860,#N/A,Debt,GOI Sec 6.33 05/05/2035,GOI Securities,SOV,0.35
Bajaj Finserv Gilt Reg,Regular,44860,#N/A,Equity,--,--,--,--
Bandhan Aggressive Hybrid Passive FoF Reg,Regular,10846,INF194K01953,Debt,Bandhan CRISIL IBX Gilt April 2028 Index Direct-G,Mutual Fund,--,10.75
Bandhan Aggressive Hybrid Passive FoF Reg,Regular,10846,INF194K01953,Debt,Bandhan CRISIL IBX 90:10 SDL Plus Gilt- April 2032 Index Direct-G,Mutual Fund,--,9.73
Bandhan Aggressive Hybrid Passive FoF Reg,Regular,10846,INF194K01953,Equity,Bandhan Nifty Alpha 50 Index Direct-G,Unspecified,--,76.94
Bandhan Aggressive Hybrid Reg,Regular,33268,INF194KA1U15,Debt,Small Industries Devp. Bank of India Ltd SR I NCD 6.66 25/10/2028,Non Convertible Debenture,AAA,7.39
Bandhan Aggressive Hybrid Reg,Regular,33268,INF194KA1U15,Debt,National Bank For Agriculture & Rural Development SR 26B Bonds 6.85 19/01/2029,Bonds,AAA,3.83
Bandhan Aggressive Hybrid Reg,Regular,33268,INF194KA1U15,Debt,GOI Sec 6.68 07/07/2040,GOI Securities,SOV,1.6
Bandhan Aggressive Hybrid Reg,Regular,33268,INF194KA1U15,Debt,National Bank For Agriculture & Rural Development SR 26C Debenture 7.27 23/02/2029,Debenture,AAA,1.29
Bandhan Aggressive Hybrid Reg,Regular,33268,INF194KA1U15,Debt,Bajaj Housing Finance Ltd Debenture 7.10 16/10/2028,Debenture,AAA,1.28
Bandhan Aggressive Hybrid Reg,Regular,33268,INF194KA1U15,Equity,ICICI Bank,Financial,17.14,5.63
Bandhan Aggressive Hybrid Reg,Regular,33268,INF194KA1U15,Equity,HDFC Bank,Financial,15.15,4.58
Bandhan Aggressive Hybrid Reg,Regular,33268,INF194KA1U15,Equity,Reliance Ind,Energy & Utilities,21.14,3.88
Bandhan Aggressive Hybrid Reg,Regular,33268,INF194KA1U15,Equity,NTPC,Energy & Utilities,12.62,3.83
Bandhan Aggressive Hybrid Reg,Regular,33268,INF194KA1U15,Equity,SBI,Financial,11.13,2.95
Bandhan Arbitrage Reg,Regular,3971,INF194K01615,Debt,Bandhan Money Market Direct-G,Mutual Fund,--,13.2
Bandhan Arbitrage Reg,Regular,3971,INF194K01615,Debt,Bandhan Ultra Short Duration Direct-G,Mutual Fund,--,7.24
Bandhan Arbitrage Reg,Regular,3971,INF194K01615,Debt,Bandhan Low Duration Direct-G,Mutual Fund,--,6.96
Bandhan Arbitrage Reg,Regular,3971,INF194K01615,Debt,Rajasthan State SDL 8.27 02/01/2029,State Development Loan,SOV,0.65
Bandhan Arbitrage Reg,Regular,3971,INF194K01615,Debt,Small Industries Devp. Bank of India Ltd CD 09/02/2027,Certificate of Deposit,A1+,0.6
Bandhan Arbitrage Reg,Regular,3971,INF194K01615,Equity,HDFC Bank,Financial,15.15,4.56
Bandhan Arbitrage Reg,Regular,3971,INF194K01615,Equity,Vodafone Idea,Technology,4.33,3.38
Bandhan Arbitrage Reg,Regular,3971,INF194K01615,Equity,ICICI Bank,Financial,17.14,2.7
Bandhan Arbitrage Reg,Regular,3971,INF194K01615,Equity,Kotak Bank,Financial,19.98,2.49
Bandhan Arbitrage Reg,Regular,3971,INF194K01615,Equity,MCX,Financial,52.56,2.02
Bandhan Balanced Advantage Reg,Regular,28340,INF194KA1UE8,Debt,--,--,--,--
Bandhan Balanced Advantage Reg,Regular,28340,INF194KA1UE8,Equity,--,--,--,--
Bandhan Conservative Hybrid Passive FoF Reg,Regular,10844,INF194K01987,Debt,Bandhan CRISIL IBX Gilt April 2028 Index Direct-G,Mutual Fund,--,36.98
Bandhan Conservative Hybrid Passive FoF Reg,Regular,10844,INF194K01987,Debt,Bandhan CRISIL IBX 90:10 SDL Plus Gilt- April 2032 Index Direct-G,Mutual Fund,--,36.86
Bandhan Conservative Hybrid Passive FoF Reg,Regular,10844,INF194K01987,Equity,Bandhan Nifty 50 Index Direct-G,Unspecified,--,23.43
Bandhan Conservative Hybrid Reg,Regular,10841,INF194K01RW9,Debt,GOI Sec 7.30 19/06/2053,GOI Securities,SOV,7.93
Bandhan Conservative Hybrid Reg,Regular,10841,INF194K01RW9,Debt,GOI Sec 6.68 07/07/2040,GOI Securities,SOV,7.25
Bandhan Conservative Hybrid Reg,Regular,10841,INF194K01RW9,Debt,Rajasthan State SDL 8.57 11/07/2028,State Development Loan,SOV,5.28
Bandhan Conservative Hybrid Reg,Regular,10841,INF194K01RW9,Debt,Godrej Industries Ltd SR II NCD 8.40 27/08/2027,Non Convertible Debenture,AA+,5.15
Bandhan Conservative Hybrid Reg,Regular,10841,INF194K01RW9,Debt,REC Ltd SR 220-A NCD 7.77 31/03/2028,Non Convertible Debenture,AAA,5.15
Bandhan Conservative Hybrid Reg,Regular,10841,INF194K01RW9,Equity,Bandhan IDFNIFTYET ETF,Unspecified,--,11.48
Bandhan Conservative Hybrid Reg,Regular,10841,INF194K01RW9,Equity,Titan,Consumer Discretionary,70.73,2.47
Bandhan Conservative Hybrid Reg,Regular,10841,INF194K01RW9,Equity,TVS Motor,Consumer Discretionary,52.76,2.15
Bandhan Conservative Hybrid Reg,Regular,10841,INF194K01RW9,Equity,Tata Consultancy,Technology,15.83,1.79
Bandhan Conservative Hybrid Reg,Regular,10841,INF194K01RW9,Equity,HDFC Bank,Financial,15.15,1.74
Bandhan Equity Savings Reg,Regular,7762,INF194K01581,Debt,Bandhan Money Market Direct-G,Mutual Fund,--,7.15
Bandhan Equity Savings Reg,Regular,7762,INF194K01581,Debt,Indian Railway Finance Corporation Ltd SR 181 NCD 7.37 31/07/2029,Non Convertible Debenture,AAA,3.84
Bandhan Equity Savings Reg,Regular,7762,INF194K01581,Debt,National Bank For Agriculture & Rural Development SR 25G Bonds 7.48 15/09/2028,Bonds,AAA,2.56
Bandhan Equity Savings Reg,Regular,7762,INF194K01581,Debt,GOI GOI Sec 6.54 17/01/2032,GOI Securities,SOV,2.52
Bandhan Equity Savings Reg,Regular,7762,INF194K01581,Debt,GOI Sec 6.68 07/07/2040,GOI Securities,SOV,2.42
Bandhan Equity Savings Reg,Regular,7762,INF194K01581,Equity,HDFC Bank,Financial,15.15,4.34
Bandhan Equity Savings Reg,Regular,7762,INF194K01581,Equity,MCX,Financial,52.56,4.1
Bandhan Equity Savings Reg,Regular,7762,INF194K01581,Equity,Axis Bank,Financial,15.54,3.97
Bandhan Equity Savings Reg,Regular,7762,INF194K01581,Equity,Reliance Ind,Energy & Utilities,21.14,3.78
Bandhan Equity Savings Reg,Regular,7762,INF194K01581,Equity,Kotak Bank,Financial,19.98,3.66
Bandhan Flexi Cap Reg,Regular,2886,#N/A,Debt,--,--,--,--
Bandhan Flexi Cap Reg,Regular,2886,#N/A,Equity,HDFC Bank,Financial,15.15,8.16
Bandhan Flexi Cap Reg,Regular,2886,#N/A,Equity,ICICI Bank,Financial,17.14,7.02
Bandhan Flexi Cap Reg,Regular,2886,#N/A,Equity,Reliance Ind,Energy & Utilities,21.14,4.71
Bandhan Flexi Cap Reg,Regular,2886,#N/A,Equity,Kotak Bank,Financial,19.98,3.52
Bandhan Flexi Cap Reg,Regular,2886,#N/A,Equity,Axis Bank,Financial,15.54,3.44
Bandhan Focused Reg,Regular,3151,#N/A,Debt,--,--,--,--
Bandhan Focused Reg,Regular,3151,#N/A,Equity,LT Foods,Consumer Staples,20.58,8.32
Bandhan Focused Reg,Regular,3151,#N/A,Equity,Power Fin.,Financial,5.51,8.01
Bandhan Focused Reg,Regular,3151,#N/A,Equity,HDFC Bank,Financial,15.15,6.13
Bandhan Focused Reg,Regular,3151,#N/A,Equity,Cholamandalam Financial,Financial,11,5.15
Bandhan Focused Reg,Regular,3151,#N/A,Equity,SBI,Financial,11.13,4.87
Bandhan Gilt Fund with 10 year Constant Duration Reg,Regular,1243,#N/A,Debt,GOI Sec 7.54 23/05/2036,GOI Securities,SOV,65.02
Bandhan Gilt Fund with 10 year Constant Duration Reg,Regular,1243,#N/A,Debt,GOI Sec 6.68 07/07/2040,GOI Securities,SOV,21.73
Bandhan Gilt Fund with 10 year Constant Duration Reg,Regular,1243,#N/A,Debt,GOI Sec 7.18 14/08/2033,GOI Securities,SOV,4.97
Bandhan Gilt Fund with 10 year Constant Duration Reg,Regular,1243,#N/A,Debt,GOI Sec 7.10 08/04/2034,GOI Securities,SOV,4.63
Bandhan Gilt Fund with 10 year Constant Duration Reg,Regular,1243,#N/A,Debt,GOI Sec 8.24 15/02/2027,GOI Securities,SOV,0.14
Bandhan Gilt Fund with 10 year Constant Duration Reg,Regular,1243,#N/A,Equity,--,--,--,--
Bandhan Gilt Reg,Regular,10020,#N/A,Debt,GOI Sec 6.68 07/07/2040,GOI Securities,SOV,55.94
Bandhan Gilt Reg,Regular,10020,#N/A,Debt,GOI Sec 6.90 15/04/2065,GOI Securities,SOV,42.38
Bandhan Gilt Reg,Regular,10020,#N/A,Equity,--,--,--,--
Bandhan Nifty 500 Momentum 50 Index Reg,Regular,44629,#N/A,Debt,--,--,--,--
Bandhan Nifty 500 Momentum 50 Index Reg,Regular,44629,#N/A,Equity,Hindalco Ind,Materials,17.41,5.2
Bandhan Nifty 500 Momentum 50 Index Reg,Regular,44629,#N/A,Equity,Eicher Motors,Consumer Discretionary,35.98,4.81
Bandhan Nifty 500 Momentum 50 Index Reg,Regular,44629,#N/A,Equity,Shriram Finance,Financial,21.13,4.77
Bandhan Nifty 500 Momentum 50 Index Reg,Regular,44629,#N/A,Equity,Bajaj Finance,Financial,28.93,4.71
Bandhan Nifty 500 Momentum 50 Index Reg,Regular,44629,#N/A,Equity,Bharti Airtel,Technology,40.64,4.5
Bandhan Nifty Alpha 50 Index Reg,Regular,43862,#N/A,Debt,--,--,--,--
Bandhan Nifty Alpha 50 Index Reg,Regular,43862,#N/A,Equity,GE Vernova T&D,Industrials,101.42,5.01
Bandhan Nifty Alpha 50 Index Reg,Regular,43862,#N/A,Equity,Hindustan Copper,Materials,53.77,4.07
Bandhan Nifty Alpha 50 Index Reg,Regular,43862,#N/A,Equity,Hitachi Energy,Industrials,149.94,4.05
Bandhan Nifty Alpha 50 Index Reg,Regular,43862,#N/A,Equity,MCX,Financial,52.56,3.7
Bandhan Nifty Alpha 50 Index Reg,Regular,43862,#N/A,Equity,Aditya Birla,Financial,23.96,3.14
Bandhan Nifty Total Mkt Index Reg,Regular,44402,#N/A,Debt,--,--,--,--
Bandhan Nifty Total Mkt Index Reg,Regular,44402,#N/A,Equity,HDFC Bank,Financial,15.15,5.86
Bandhan Nifty Total Mkt Index Reg,Regular,44402,#N/A,Equity,Reliance Ind,Energy & Utilities,21.14,4.79
Bandhan Nifty Total Mkt Index Reg,Regular,44402,#N/A,Equity,ICICI Bank,Financial,17.14,4.48
Bandhan Nifty Total Mkt Index Reg,Regular,44402,#N/A,Equity,Bharti Airtel,Technology,40.64,2.87
Bandhan Nifty Total Mkt Index Reg,Regular,44402,#N/A,Equity,Larsen & Toubro,Industrials,33.53,2.34
Bandhan Retirement Reg,Regular,43789,INF194KB1GN7,Debt,GOI Sec 7.30 19/06/2053,GOI Securities,SOV,21.18
Bandhan Retirement Reg,Regular,43789,INF194KB1GN7,Equity,Reliance Ind,Energy & Utilities,21.14,5.66
Bandhan Retirement Reg,Regular,43789,INF194KB1GN7,Equity,Bharti Airtel,Technology,40.64,5.65
Bandhan Retirement Reg,Regular,43789,INF194KB1GN7,Equity,HDFC Bank,Financial,15.15,4.44
Bandhan Retirement Reg,Regular,43789,INF194KB1GN7,Equity,ICICI Bank,Financial,17.14,4.15
Bandhan Retirement Reg,Regular,43789,INF194KB1GN7,Equity,Larsen & Toubro,Industrials,33.53,3.76
Bank of India Arbitrage Reg,Regular,36388,INF761K01DW5,Debt,Bank of India Liquid Direct-G,Mutual Fund,--,13.52
Bank of India Arbitrage Reg,Regular,36388,INF761K01DW5,Debt,Reserve Bank of India T-Bills 364-D 08/10/2026,Treasury Bills,SOV,2.17
Bank of India Arbitrage Reg,Regular,36388,INF761K01DW5,Debt,Reserve Bank of India T-Bills 364-D 14/05/2026,Treasury Bills,SOV,2
Bank of India Arbitrage Reg,Regular,36388,INF761K01DW5,Debt,Reserve Bank of India T-Bills 364-D 10/09/2026,Treasury Bills,SOV,1.09
Bank of India Arbitrage Reg,Regular,36388,INF761K01DW5,Debt,Reserve Bank of India T-Bills 182-D 22/10/2026,Treasury Bills,SOV,1.09
Bank of India Arbitrage Reg,Regular,36388,INF761K01DW5,Equity,JSW Steel,Materials,13.96,6.46
Bank of India Arbitrage Reg,Regular,36388,INF761K01DW5,Equity,ITC,Consumer Staples,17.2,5.05
Bank of India Arbitrage Reg,Regular,36388,INF761K01DW5,Equity,Sammaan Capital,Financial,--,4.29
Bank of India Arbitrage Reg,Regular,36388,INF761K01DW5,Equity,JIO Financial,Financial,97.68,4
Bank of India Arbitrage Reg,Regular,36388,INF761K01DW5,Equity,UPL,Materials,26.93,3.49
Bank of India Balanced Advantage Reg,Regular,24754,INF761K01BR9,Debt,--,--,--,--
Bank of India Balanced Advantage Reg,Regular,24754,INF761K01BR9,Equity,--,--,--,--
Bank of India Conservative Hybrid Eco,Regular,10202,INF761K01397,Debt,GOI GOI Sec 7.10 18/04/2029,GOI Securities,SOV,7.91
Bank of India Conservative Hybrid Eco,Regular,10202,INF761K01397,Debt,Indian Railway Finance Corporation Ltd SR 175 NCD 7.57 18/04/2029,Non Convertible Debenture,AAA,7.77
Bank of India Conservative Hybrid Eco,Regular,10202,INF761K01397,Debt,National Bank For Agriculture & Rural Development SR F24 Debenture 7.68 30/04/2029,Debenture,AAA,7.77
Bank of India Conservative Hybrid Eco,Regular,10202,INF761K01397,Debt,GOI Sec 6.48 06/10/2035,GOI Securities,SOV,4.91
Bank of India Conservative Hybrid Eco,Regular,10202,INF761K01397,Debt,GOI Sec 6.94 11/05/2036,GOI Securities,SOV,4.67
Bank of India Conservative Hybrid Eco,Regular,10202,INF761K01397,Equity,Glenmark Pharmaceuticals,Healthcare,44.55,2.48
Bank of India Conservative Hybrid Eco,Regular,10202,INF761K01397,Equity,Power Fin.,Financial,5.51,1.6
Bank of India Conservative Hybrid Eco,Regular,10202,INF761K01397,Equity,NTPC,Energy & Utilities,12.62,1.36
Bank of India Conservative Hybrid Eco,Regular,10202,INF761K01397,Equity,Ambuja Cements,Materials,21.64,1.12
Bank of India Conservative Hybrid Eco,Regular,10202,INF761K01397,Equity,SBI,Financial,11.13,1.09
Bank of India Conservative Hybrid Reg,Regular,10198,INF761K01462,Debt,GOI GOI Sec 7.10 18/04/2029,GOI Securities,SOV,7.91
Bank of India Conservative Hybrid Reg,Regular,10198,INF761K01462,Debt,Indian Railway Finance Corporation Ltd SR 175 NCD 7.57 18/04/2029,Non Convertible Debenture,AAA,7.77
Bank of India Conservative Hybrid Reg,Regular,10198,INF761K01462,Debt,National Bank For Agriculture & Rural Development SR F24 Debenture 7.68 30/04/2029,Debenture,AAA,7.77
Bank of India Conservative Hybrid Reg,Regular,10198,INF761K01462,Debt,GOI Sec 6.48 06/10/2035,GOI Securities,SOV,4.91
Bank of India Conservative Hybrid Reg,Regular,10198,INF761K01462,Debt,GOI Sec 6.94 11/05/2036,GOI Securities,SOV,4.67
Bank of India Conservative Hybrid Reg,Regular,10198,INF761K01462,Equity,Glenmark Pharmaceuticals,Healthcare,44.55,2.48
Bank of India Conservative Hybrid Reg,Regular,10198,INF761K01462,Equity,Power Fin.,Financial,5.51,1.6
Bank of India Conservative Hybrid Reg,Regular,10198,INF761K01462,Equity,NTPC,Energy & Utilities,12.62,1.36
Bank of India Conservative Hybrid Reg,Regular,10198,INF761K01462,Equity,Ambuja Cements,Materials,21.64,1.12
Bank of India Conservative Hybrid Reg,Regular,10198,INF761K01462,Equity,SBI,Financial,11.13,1.09
Bank of India Flexi Cap Reg,Regular,41016,#N/A,Debt,--,--,--,--
Bank of India Flexi Cap Reg,Regular,41016,#N/A,Equity,SBI,Financial,11.13,4.44
Bank of India Flexi Cap Reg,Regular,41016,#N/A,Equity,Quality Power Electrical Equipments,Industrials,71.68,3.68
Bank of India Flexi Cap Reg,Regular,41016,#N/A,Equity,Lloyds Metals,Materials,25.99,3.63
Bank of India Flexi Cap Reg,Regular,41016,#N/A,Equity,Hindustan Aero,Industrials,31.08,3.34
Bank of India Flexi Cap Reg,Regular,41016,#N/A,Equity,Sky Gold And Diamonds,Consumer Discretionary,28.01,2.91
Bank of India Mid & Small Cap Eqt & Debt Reg,Regular,32607,INF761K01DP9,Debt,Union Bank of India CD 24/07/2026,Certificate of Deposit,A1+,1.66
Bank of India Mid & Small Cap Eqt & Debt Reg,Regular,32607,INF761K01DP9,Debt,Indian Railway Finance Corporation Ltd SR 175 NCD 7.57 18/04/2029,Non Convertible Debenture,AAA,1.35
Bank of India Mid & Small Cap Eqt & Debt Reg,Regular,32607,INF761K01DP9,Debt,National Bank For Agriculture & Rural Development SR Bonds 7.40 25-D 29/04/2030,Bonds,AAA,1.34
Bank of India Mid & Small Cap Eqt & Debt Reg,Regular,32607,INF761K01DP9,Debt,Small Industries Devp. Bank of India Ltd SR II Bonds/NCD 7.47 05/09/2029,Bonds/NCDs,AAA,1.21
Bank of India Mid & Small Cap Eqt & Debt Reg,Regular,32607,INF761K01DP9,Debt,GOI GOI Sec 7.10 18/04/2029,GOI Securities,SOV,1.13
Bank of India Mid & Small Cap Eqt & Debt Reg,Regular,32607,INF761K01DP9,Equity,Lloyds Metals,Materials,25.99,2.64
Bank of India Mid & Small Cap Eqt & Debt Reg,Regular,32607,INF761K01DP9,Equity,Abbott India,Healthcare,35.86,2.58
Bank of India Mid & Small Cap Eqt & Debt Reg,Regular,32607,INF761K01DP9,Equity,UNO Minda,Consumer Discretionary,52.34,2.49
Bank of India Mid & Small Cap Eqt & Debt Reg,Regular,32607,INF761K01DP9,Equity,Glenmark Pharmaceuticals,Healthcare,44.55,2.44
Bank of India Mid & Small Cap Eqt & Debt Reg,Regular,32607,INF761K01DP9,Equity,Indian Bank,Financial,9.62,2.33
Baroda BNP Paribas Aggressive Hybrid Reg,Regular,33834,INF251K01OW4,Debt,Piramal Finance Ltd Debenture 6.75 26/09/2031,Debenture,AA+,1.34
Baroda BNP Paribas Aggressive Hybrid Reg,Regular,33834,INF251K01OW4,Debt,Indostar Capital Finance Ltd SR I Debenture 10.50 25/09/2026,Debenture,AA-,1.22
Baroda BNP Paribas Aggressive Hybrid Reg,Regular,33834,INF251K01OW4,Debt,Export-Import Bank Of India SR AA02 Bonds 7.35 27/07/2028,Bonds,AAA,1.21
Baroda BNP Paribas Aggressive Hybrid Reg,Regular,33834,INF251K01OW4,Debt,National Housing Bank Debenture 7.59 14/07/2027,Debenture,AAA,1.21
Baroda BNP Paribas Aggressive Hybrid Reg,Regular,33834,INF251K01OW4,Debt,Power Finance Corporation Ltd SR 246A Bonds 7.42 15/04/2028,Bonds,AAA,1.05
Baroda BNP Paribas Aggressive Hybrid Reg,Regular,33834,INF251K01OW4,Equity,Hitachi Energy,Industrials,149.94,5.41
Baroda BNP Paribas Aggressive Hybrid Reg,Regular,33834,INF251K01OW4,Equity,HDFC Bank,Financial,15.15,4.78
Baroda BNP Paribas Aggressive Hybrid Reg,Regular,33834,INF251K01OW4,Equity,ICICI Bank,Financial,17.14,4.58
Baroda BNP Paribas Aggressive Hybrid Reg,Regular,33834,INF251K01OW4,Equity,Reliance Ind,Energy & Utilities,21.14,4.34
Baroda BNP Paribas Aggressive Hybrid Reg,Regular,33834,INF251K01OW4,Equity,Larsen & Toubro,Industrials,33.53,4.16
Baroda BNP Paribas Arbitrage Reg,Regular,33242,INF251K01ON3,Debt,Baroda BNP Paribas Liquid Direct-G,Mutual Fund,--,12.68
Baroda BNP Paribas Arbitrage Reg,Regular,33242,INF251K01ON3,Debt,Baroda BNP Paribas Money Market Direct-G,Mutual Fund,--,11.85
Baroda BNP Paribas Arbitrage Reg,Regular,33242,INF251K01ON3,Debt,Baroda BNP Paribas Ultra Short Duration Direct-G,Mutual Fund,--,2.12
Baroda BNP Paribas Arbitrage Reg,Regular,33242,INF251K01ON3,Equity,HDFC Bank,Financial,15.15,5.86
Baroda BNP Paribas Arbitrage Reg,Regular,33242,INF251K01ON3,Equity,Vodafone Idea,Technology,4.33,3.81
Baroda BNP Paribas Arbitrage Reg,Regular,33242,INF251K01ON3,Equity,ICICI Bank,Financial,17.14,3.56
Baroda BNP Paribas Arbitrage Reg,Regular,33242,INF251K01ON3,Equity,Adani Energy,Energy & Utilities,81.1,3.47
Baroda BNP Paribas Arbitrage Reg,Regular,33242,INF251K01ON3,Equity,Bandhan Bank,Financial,26.36,3.34
Baroda BNP Paribas Balanced Advantage Reg,Regular,38111,INF955L01HC4,Debt,Piramal Finance Ltd Debenture 6.75 26/09/2031,Debenture,AA+,1.22
Baroda BNP Paribas Balanced Advantage Reg,Regular,38111,INF955L01HC4,Debt,NHIT,Infrastructure Investment Trust,--,1.21
Baroda BNP Paribas Balanced Advantage Reg,Regular,38111,INF955L01HC4,Debt,IndiGrid Infrastructure Trust,Infrastructure Investment Trust,--,1.19
Baroda BNP Paribas Balanced Advantage Reg,Regular,38111,INF955L01HC4,Debt,GOI Sec 7.18 14/08/2033,GOI Securities,SOV,1.13
Baroda BNP Paribas Balanced Advantage Reg,Regular,38111,INF955L01HC4,Debt,NXT-Infra Trust InvITs,Infrastructure Investment Trust,--,1.01
Baroda BNP Paribas Balanced Advantage Reg,Regular,38111,INF955L01HC4,Equity,HDFC Bank,Financial,15.15,3.36
Baroda BNP Paribas Balanced Advantage Reg,Regular,38111,INF955L01HC4,Equity,Reliance Ind,Energy & Utilities,21.14,3.25
Baroda BNP Paribas Balanced Advantage Reg,Regular,38111,INF955L01HC4,Equity,Bharat Heavy Elect,Industrials,82.39,2.56
Baroda BNP Paribas Balanced Advantage Reg,Regular,38111,INF955L01HC4,Equity,Bharti Airtel,Technology,40.64,2.53
Baroda BNP Paribas Balanced Advantage Reg,Regular,38111,INF955L01HC4,Equity,Larsen & Toubro,Industrials,33.53,2.51
Baroda BNP Paribas Children's Reg,Regular,44778,#N/A,Debt,--,--,--,--
Baroda BNP Paribas Children's Reg,Regular,44778,#N/A,Equity,Reliance Ind,Energy & Utilities,21.14,3.55
Baroda BNP Paribas Children's Reg,Regular,44778,#N/A,Equity,Bharti Airtel,Technology,40.64,3.51
Baroda BNP Paribas Children's Reg,Regular,44778,#N/A,Equity,Hitachi Energy,Industrials,149.94,2.89
Baroda BNP Paribas Children's Reg,Regular,44778,#N/A,Equity,SBI,Financial,11.13,2.88
Baroda BNP Paribas Children's Reg,Regular,44778,#N/A,Equity,Bharat Heavy Elect,Industrials,82.39,2.64
Baroda BNP Paribas Conservative Hybrid Reg,Regular,2345,INF251K01845,Debt,GOI Sec 6.68 07/07/2040,GOI Securities,SOV,6.05
Baroda BNP Paribas Conservative Hybrid Reg,Regular,2345,INF251K01845,Debt,Reliance Industries Ltd SERIES H Debenture 8.95 09/11/2028,Debenture,AAA,5.06
Baroda BNP Paribas Conservative Hybrid Reg,Regular,2345,INF251K01845,Debt,Jamnagar Utilities and Power Pvt. Ltd SR PPD7 Debenture 7.90 10/08/2028,Debenture,AAA,3.2
Baroda BNP Paribas Conservative Hybrid Reg,Regular,2345,INF251K01845,Debt,Small Industries Devp. Bank of India Ltd SR IX Debenture 7.68 10/08/2027,Debenture,AAA,2.67
Baroda BNP Paribas Conservative Hybrid Reg,Regular,2345,INF251K01845,Debt,National Bank For Agriculture & Rural Development SR 25G Bonds 7.48 15/09/2028,Bonds,AAA,2.65
Baroda BNP Paribas Conservative Hybrid Reg,Regular,2345,INF251K01845,Equity,SBI,Financial,11.13,0.93
Baroda BNP Paribas Conservative Hybrid Reg,Regular,2345,INF251K01845,Equity,Reliance Ind,Energy & Utilities,21.14,0.93
Baroda BNP Paribas Conservative Hybrid Reg,Regular,2345,INF251K01845,Equity,Axis Bank,Financial,15.54,0.72
Baroda BNP Paribas Conservative Hybrid Reg,Regular,2345,INF251K01845,Equity,Larsen & Toubro,Industrials,33.53,0.7
Baroda BNP Paribas Conservative Hybrid Reg,Regular,2345,INF251K01845,Equity,Bharat Heavy Elect,Industrials,82.39,0.67
Baroda BNP Paribas Equity Svngs Reg,Regular,40118,INF955L01II9,Debt,GOI Sec 7.32 13/11/2030,GOI Securities,SOV,3.73
Baroda BNP Paribas Equity Svngs Reg,Regular,40118,INF955L01II9,Debt,GOI Sec 7.18 14/08/2033,GOI Securities,SOV,3.31
Baroda BNP Paribas Equity Svngs Reg,Regular,40118,INF955L01II9,Debt,Shriram Finance Ltd SR PPD OP 1 Debenture 8.70 09/04/2028,Debenture,AAA,2.57
Baroda BNP Paribas Equity Svngs Reg,Regular,40118,INF955L01II9,Debt,Power Finance Corporation Ltd SR 258A Debenture 6.92 16/02/2028,Debenture,AAA,2.52
Baroda BNP Paribas Equity Svngs Reg,Regular,40118,INF955L01II9,Debt,Small Industries Devp. Bank of India Ltd SR V Debenture 7.22 10/04/2029,Debenture,AAA,2.51
Baroda BNP Paribas Equity Svngs Reg,Regular,40118,INF955L01II9,Equity,SBI,Financial,11.13,3.66
Baroda BNP Paribas Equity Svngs Reg,Regular,40118,INF955L01II9,Equity,Bharti Airtel,Technology,40.64,3.54
Baroda BNP Paribas Equity Svngs Reg,Regular,40118,INF955L01II9,Equity,Reliance Ind,Energy & Utilities,21.14,3.32
Baroda BNP Paribas Equity Svngs Reg,Regular,40118,INF955L01II9,Equity,ICICI Bank,Financial,17.14,3.14
Baroda BNP Paribas Equity Svngs Reg,Regular,40118,INF955L01II9,Equity,Larsen & Toubro,Industrials,33.53,2.67
Baroda BNP Paribas Flexi Cap Reg,Regular,42310,#N/A,Debt,--,--,--,--
Baroda BNP Paribas Flexi Cap Reg,Regular,42310,#N/A,Equity,Hindalco Ind,Materials,17.41,3.69
Baroda BNP Paribas Flexi Cap Reg,Regular,42310,#N/A,Equity,The Federal Bank,Financial,17.61,3.43
Baroda BNP Paribas Flexi Cap Reg,Regular,42310,#N/A,Equity,Bharti Airtel,Technology,40.64,3.37
Baroda BNP Paribas Flexi Cap Reg,Regular,42310,#N/A,Equity,HDFC Bank,Financial,15.15,3.35
Baroda BNP Paribas Flexi Cap Reg,Regular,42310,#N/A,Equity,Larsen & Toubro,Industrials,33.53,3.34
Baroda BNP Paribas Focused Reg,Regular,34651,#N/A,Debt,--,--,--,--
Baroda BNP Paribas Focused Reg,Regular,34651,#N/A,Equity,Bharti Airtel,Technology,40.64,9.18
Baroda BNP Paribas Focused Reg,Regular,34651,#N/A,Equity,Axis Bank,Financial,15.54,5.96
Baroda BNP Paribas Focused Reg,Regular,34651,#N/A,Equity,IndusInd Bank,Financial,77.64,5.3
Baroda BNP Paribas Focused Reg,Regular,34651,#N/A,Equity,MCX,Financial,52.56,5.02
Baroda BNP Paribas Focused Reg,Regular,34651,#N/A,Equity,Titan,Consumer Discretionary,70.73,4.41
Baroda BNP Paribas Gilt Reg,Regular,1232,#N/A,Debt,GOI Sec 7.24 18/08/2055,GOI Securities,SOV,18.85
Baroda BNP Paribas Gilt Reg,Regular,1232,#N/A,Debt,GOI Sec 6.36 16/02/2031,GOI Securities,SOV,12.73
Baroda BNP Paribas Gilt Reg,Regular,1232,#N/A,Debt,GOI Sec 6.90 15/04/2065,GOI Securities,SOV,11.16
Baroda BNP Paribas Gilt Reg,Regular,1232,#N/A,Debt,Maharashtra State SDL 6.91 15/09/2033,State Development Loan,SOV,8.31
Baroda BNP Paribas Gilt Reg,Regular,1232,#N/A,Debt,GOI Sec 6.68 07/07/2040,GOI Securities,SOV,7.89
Baroda BNP Paribas Gilt Reg,Regular,1232,#N/A,Equity,--,--,--,--
Baroda BNP Paribas Retirement Reg,Regular,44293,INF251K01TH4,Debt,GOI Sec 6.90 15/04/2065,GOI Securities,SOV,19.55
Baroda BNP Paribas Retirement Reg,Regular,44293,INF251K01TH4,Debt,GOI Sec 7.34 22/04/2064,GOI Securities,SOV,4.01
Baroda BNP Paribas Retirement Reg,Regular,44293,INF251K01TH4,Debt,Jamnagar Utilities and Power Pvt. Ltd SR PPD7 Debenture 7.90 10/08/2028,Debenture,AAA,1.29
Baroda BNP Paribas Retirement Reg,Regular,44293,INF251K01TH4,Debt,GOI Sec 6.79 07/10/2034,GOI Securities,SOV,1.27
Baroda BNP Paribas Retirement Reg,Regular,44293,INF251K01TH4,Debt,Piramal Finance Ltd Debenture 6.75 26/09/2031,Debenture,AA+,1.08
Baroda BNP Paribas Retirement Reg,Regular,44293,INF251K01TH4,Equity,HDFC Bank,Financial,15.15,2.88
Baroda BNP Paribas Retirement Reg,Regular,44293,INF251K01TH4,Equity,Reliance Ind,Energy & Utilities,21.14,2.79
Baroda BNP Paribas Retirement Reg,Regular,44293,INF251K01TH4,Equity,Larsen & Toubro,Industrials,33.53,2.63
Baroda BNP Paribas Retirement Reg,Regular,44293,INF251K01TH4,Equity,ICICI Bank,Financial,17.14,2.59
Baroda BNP Paribas Retirement Reg,Regular,44293,INF251K01TH4,Equity,Hitachi Energy,Industrials,149.94,2.55
Canara Robeco Balanced Advantage Reg,Regular,44368,INF760K01LA6,Debt,--,--,--,--
Canara Robeco Balanced Advantage Reg,Regular,44368,INF760K01LA6,Equity,--,--,--,--
Canara Robeco Conservative Hybrid Reg,Regular,976,INF760K01282,Debt,GOI GOI FRB 22/09/2033,GOI Securities Floating Rate Bond,SOV,4.26
Canara Robeco Conservative Hybrid Reg,Regular,976,INF760K01282,Debt,GOI Sec 4.45 30/10/2034,GOI Securities,SOV,4.21
Canara Robeco Conservative Hybrid Reg,Regular,976,INF760K01282,Debt,REC Ltd SR 221 Debenture 7.51 31/07/2026,Debenture,AAA,4.1
Canara Robeco Conservative Hybrid Reg,Regular,976,INF760K01282,Debt,Bajaj Housing Finance Ltd NCD 7.02 26/05/2028,Non Convertible Debenture,AAA,3.45
Canara Robeco Conservative Hybrid Reg,Regular,976,INF760K01282,Debt,HDFC Bank Ltd SR U005 9 Debenture 29/11/2028,Debenture,AAA,3
Canara Robeco Conservative Hybrid Reg,Regular,976,INF760K01282,Equity,ICICI Bank,Financial,17.14,1.79
Canara Robeco Conservative Hybrid Reg,Regular,976,INF760K01282,Equity,HDFC Bank,Financial,15.15,1.66
Canara Robeco Conservative Hybrid Reg,Regular,976,INF760K01282,Equity,Bajaj Finance,Financial,28.93,1.27
Canara Robeco Conservative Hybrid Reg,Regular,976,INF760K01282,Equity,JB Chemicals,Healthcare,49.98,1.14
Canara Robeco Conservative Hybrid Reg,Regular,976,INF760K01282,Equity,Global Health,Healthcare,58.9,0.88
Canara Robeco Equity Hybrid Reg,Regular,75,INF760K01050,Debt,GOI Sec 4.45 30/10/2034,GOI Securities,SOV,1.22
Canara Robeco Equity Hybrid Reg,Regular,75,INF760K01050,Debt,Small Industries Devp. Bank of India Ltd SR VI Debenture 7.79 14/05/2027,Debenture,AAA,0.91
Canara Robeco Equity Hybrid Reg,Regular,75,INF760K01050,Debt,GOI GOI FRB 22/09/2033,GOI Securities Floating Rate Bond,SOV,0.71
Canara Robeco Equity Hybrid Reg,Regular,75,INF760K01050,Debt,Small Industries Devp. Bank of India Ltd SR III NCD 7.55 22/09/2026,Non Convertible Debenture,AAA,0.68
Canara Robeco Equity Hybrid Reg,Regular,75,INF760K01050,Debt,National Bank For Agriculture & Rural Development SR 23H Debenture 7.58 31/07/2026,Debenture,AAA,0.64
Canara Robeco Equity Hybrid Reg,Regular,75,INF760K01050,Equity,HDFC Bank,Financial,15.15,4.78
Canara Robeco Equity Hybrid Reg,Regular,75,INF760K01050,Equity,ICICI Bank,Financial,17.14,4.21
Canara Robeco Equity Hybrid Reg,Regular,75,INF760K01050,Equity,Axis Bank,Financial,15.54,2.82
Canara Robeco Equity Hybrid Reg,Regular,75,INF760K01050,Equity,Bharti Airtel,Technology,40.64,2.63
Canara Robeco Equity Hybrid Reg,Regular,75,INF760K01050,Equity,SBI,Financial,11.13,2.6
Canara Robeco Flexi Cap Reg,Regular,1839,#N/A,Debt,--,--,--,--
Canara Robeco Flexi Cap Reg,Regular,1839,#N/A,Equity,HDFC Bank,Financial,15.15,6.69
Canara Robeco Flexi Cap Reg,Regular,1839,#N/A,Equity,ICICI Bank,Financial,17.14,6.18
Canara Robeco Flexi Cap Reg,Regular,1839,#N/A,Equity,Reliance Ind,Energy & Utilities,21.14,3.76
Canara Robeco Flexi Cap Reg,Regular,1839,#N/A,Equity,Bharti Airtel,Technology,40.64,3.71
Canara Robeco Flexi Cap Reg,Regular,1839,#N/A,Equity,Larsen & Toubro,Industrials,33.53,3.32
Canara Robeco Focused Reg,Regular,41456,#N/A,Debt,--,--,--,--
Canara Robeco Focused Reg,Regular,41456,#N/A,Equity,ICICI Bank,Financial,17.14,8.47
Canara Robeco Focused Reg,Regular,41456,#N/A,Equity,HDFC Bank,Financial,15.15,6.44
Canara Robeco Focused Reg,Regular,41456,#N/A,Equity,Reliance Ind,Energy & Utilities,21.14,4.78
Canara Robeco Focused Reg,Regular,41456,#N/A,Equity,Larsen & Toubro,Industrials,33.53,4.44
Canara Robeco Focused Reg,Regular,41456,#N/A,Equity,Bharti Airtel,Technology,40.64,4.34
Canara Robeco Gilt Reg,Regular,729,#N/A,Debt,GOI Sec 6.48 06/10/2035,GOI Securities,SOV,42.91
Canara Robeco Gilt Reg,Regular,729,#N/A,Debt,GOI GOI FRB 22/09/2033,GOI Securities Floating Rate Bond,SOV,21.02
Canara Robeco Gilt Reg,Regular,729,#N/A,Debt,Maharashtra State SDL 7.18 28/06/2029,State Development Loan,SOV,20.16
Canara Robeco Gilt Reg,Regular,729,#N/A,Debt,GOI Sec 7.38 20/06/2027,GOI Securities,SOV,2.05
Canara Robeco Gilt Reg,Regular,729,#N/A,Debt,Tamilnadu State SDL 6.64 11/03/2029,State Development Loan,SOV,1.88
Canara Robeco Gilt Reg,Regular,729,#N/A,Equity,--,--,--,--
Capitalmind Arbitrage Reg,Regular,45857,INF226401141,Debt,Capitalmind Liquid Direct-G,Mutual Fund,--,11.46
Capitalmind Arbitrage Reg,Regular,45857,INF226401141,Debt,Reserve Bank of India T-Bills 364-D 25/12/2026,Treasury Bills,SOV,0.83
Capitalmind Arbitrage Reg,Regular,45857,INF226401141,Equity,Larsen & Toubro,Industrials,33.53,4.4
Capitalmind Arbitrage Reg,Regular,45857,INF226401141,Equity,Bharti Airtel,Technology,40.64,4.09
Capitalmind Arbitrage Reg,Regular,45857,INF226401141,Equity,Manappuram Finance,Financial,26.98,4.03
Capitalmind Arbitrage Reg,Regular,45857,INF226401141,Equity,HDFC Bank,Financial,15.15,3.63
Capitalmind Arbitrage Reg,Regular,45857,INF226401141,Equity,NMDC,Materials,10.41,2.78
Capitalmind Flexi Cap Reg,Regular,45312,#N/A,Debt,--,--,--,--
Capitalmind Flexi Cap Reg,Regular,45312,#N/A,Equity,The Federal Bank,Financial,17.61,3.51
Capitalmind Flexi Cap Reg,Regular,45312,#N/A,Equity,Hindalco Ind,Materials,17.41,3.45
Capitalmind Flexi Cap Reg,Regular,45312,#N/A,Equity,Coal India,Materials,8.97,3.17
Capitalmind Flexi Cap Reg,Regular,45312,#N/A,Equity,National Aluminium,Materials,11.93,3.15
Capitalmind Flexi Cap Reg,Regular,45312,#N/A,Equity,Great Eastern Ship,Energy & Utilities,6.65,3.14
DSP 10Y G-Sec Reg,Regular,28171,#N/A,Debt,GOI Sec 6.48 06/10/2035,GOI Securities,SOV,99.09
DSP 10Y G-Sec Reg,Regular,28171,#N/A,Equity,--,--,--,--
DSP Aggressive Hybrid Reg,Regular,610,INF740K01318,Debt,GOI Sec 6.90 15/04/2065,GOI Securities,SOV,4.12
DSP Aggressive Hybrid Reg,Regular,610,INF740K01318,Debt,DSP Short Term Direct-G,Mutual Fund,--,2.3
DSP Aggressive Hybrid Reg,Regular,610,INF740K01318,Debt,Chhattisgarh State SDL 7.59 07/01/2046,State Development Loan,SOV,1.94
DSP Aggressive Hybrid Reg,Regular,610,INF740K01318,Debt,Torrent Pharmaceuticals Ltd SR 4 NCD 7.80 17/01/2031,Non Convertible Debenture,AA+,1.52
DSP Aggressive Hybrid Reg,Regular,610,INF740K01318,Debt,GOI GOI FRB 22/09/2033,GOI Securities Floating Rate Bond,SOV,1.36
DSP Aggressive Hybrid Reg,Regular,610,INF740K01318,Equity,HDFC Bank,Financial,15.15,8.69
DSP Aggressive Hybrid Reg,Regular,610,INF740K01318,Equity,ICICI Bank,Financial,17.14,5.94
DSP Aggressive Hybrid Reg,Regular,610,INF740K01318,Equity,ITC,Consumer Staples,17.2,4.49
DSP Aggressive Hybrid Reg,Regular,610,INF740K01318,Equity,Cipla,Healthcare,28.74,3.89
DSP Aggressive Hybrid Reg,Regular,610,INF740K01318,Equity,Axis Bank,Financial,15.54,3.73
DSP Arbitrage Reg,Regular,35108,INF740KA1DI4,Debt,DSP Savings Direct-G,Mutual Fund,--,10.98
DSP Arbitrage Reg,Regular,35108,INF740KA1DI4,Debt,Canara Bank CD 12/01/2027,Certificate of Deposit,A1+,2.19
DSP Arbitrage Reg,Regular,35108,INF740KA1DI4,Debt,Reserve Bank of India T-Bills 364-D 04/03/2027,Treasury Bills,SOV,1.83
DSP Arbitrage Reg,Regular,35108,INF740KA1DI4,Debt,Bajaj Housing Finance Ltd NCD 7.14 26/02/2027,Non Convertible Debenture,AAA,1.16
DSP Arbitrage Reg,Regular,35108,INF740KA1DI4,Debt,Cholamandalam Investment & Finance Company Ltd SR 653 Debenture 7.38 28/05/2027,Debenture,AA+,0.81
DSP Arbitrage Reg,Regular,35108,INF740KA1DI4,Equity,--,--,--,--
DSP Dynamic Asset Allocation Reg,Regular,23436,INF740K01K57,Debt,GOI Sec 7.32 13/11/2030,GOI Securities,SOV,3.03
DSP Dynamic Asset Allocation Reg,Regular,23436,INF740K01K57,Debt,GOI Sec 7.06 10/04/2028,GOI Securities,SOV,1.67
DSP Dynamic Asset Allocation Reg,Regular,23436,INF740K01K57,Debt,National Bank For Agriculture & Rural Development SR 25G Bonds 7.48 15/09/2028,Bonds,AAA,1.42
DSP Dynamic Asset Allocation Reg,Regular,23436,INF740K01K57,Debt,GOI Sec 7.17 17/04/2030,GOI Securities,SOV,1.4
DSP Dynamic Asset Allocation Reg,Regular,23436,INF740K01K57,Debt,REC Ltd SR 220-A NCD 7.77 31/03/2028,Non Convertible Debenture,AAA,1.38
DSP Dynamic Asset Allocation Reg,Regular,23436,INF740K01K57,Equity,ICICI Bank,Financial,17.14,5.42
DSP Dynamic Asset Allocation Reg,Regular,23436,INF740K01K57,Equity,HDFC Bank,Financial,15.15,4.97
DSP Dynamic Asset Allocation Reg,Regular,23436,INF740K01K57,Equity,Axis Bank,Financial,15.54,3.03
DSP Dynamic Asset Allocation Reg,Regular,23436,INF740K01K57,Equity,Mahindra & Mahindra,Consumer Discretionary,21.56,1.88
DSP Dynamic Asset Allocation Reg,Regular,23436,INF740K01K57,Equity,Bharti Airtel,Technology,40.64,1.66
DSP Equity Savings Reg,Regular,32137,INF740KA1439,Debt,GOI GOI FRB 22/09/2033,GOI Securities Floating Rate Bond,SOV,2.51
DSP Equity Savings Reg,Regular,32137,INF740KA1439,Debt,GOI Sec 7.38 20/06/2027,GOI Securities,SOV,1.91
DSP Equity Savings Reg,Regular,32137,INF740KA1439,Debt,Bajaj Finance Ltd Debenture 7.11 10/07/2028,Debenture,AAA,1.47
DSP Equity Savings Reg,Regular,32137,INF740KA1439,Debt,Bharti Telecom Ltd SR XXVI Debenture 7.45 15/12/2028,Debenture,AAA,1.43
DSP Equity Savings Reg,Regular,32137,INF740KA1439,Debt,Power Finance Corporation Ltd SR 248B Bonds 7.45,Bonds,AAA,1.42
DSP Equity Savings Reg,Regular,32137,INF740KA1439,Equity,HDFC Bank,Financial,15.15,4.77
DSP Equity Savings Reg,Regular,32137,INF740KA1439,Equity,ICICI Bank,Financial,17.14,3.01
DSP Equity Savings Reg,Regular,32137,INF740KA1439,Equity,Mahindra & Mahindra,Consumer Discretionary,21.56,2.49
DSP Equity Savings Reg,Regular,32137,INF740KA1439,Equity,ITC,Consumer Staples,17.2,2.32
DSP Equity Savings Reg,Regular,32137,INF740KA1439,Equity,Cipla,Healthcare,28.74,2.07
DSP Flexi Cap Reg,Regular,393,#N/A,Debt,--,--,--,--
DSP Flexi Cap Reg,Regular,393,#N/A,Equity,ICICI Bank,Financial,17.14,8.26
DSP Flexi Cap Reg,Regular,393,#N/A,Equity,HDFC Bank,Financial,15.15,7.88
DSP Flexi Cap Reg,Regular,393,#N/A,Equity,Axis Bank,Financial,15.54,5.05
DSP Flexi Cap Reg,Regular,393,#N/A,Equity,SBI,Financial,11.13,3.81
DSP Flexi Cap Reg,Regular,393,#N/A,Equity,Cholamandalam Inv,Financial,24.07,3.13
DSP Focused Reg,Regular,11183,#N/A,Debt,--,--,--,--
DSP Focused Reg,Regular,11183,#N/A,Equity,ICICI Bank,Financial,17.14,8.71
DSP Focused Reg,Regular,11183,#N/A,Equity,HDFC Bank,Financial,15.15,8.31
DSP Focused Reg,Regular,11183,#N/A,Equity,Axis Bank,Financial,15.54,5.25
DSP Focused Reg,Regular,11183,#N/A,Equity,Bharti Airtel,Technology,40.64,4.21
DSP Focused Reg,Regular,11183,#N/A,Equity,SBI Life Insurance,Financial,122,4.1
DSP Gilt Reg,Regular,663,#N/A,Debt,GOI Sec 7.24 18/08/2055,GOI Securities,SOV,56.52
DSP Gilt Reg,Regular,663,#N/A,Debt,GOI Sec 7.09 05/08/2054,GOI Securities,SOV,17.29
DSP Gilt Reg,Regular,663,#N/A,Debt,Uttar Pradesh State SDL 7.48 22/03/2042,State Development Loan,SOV,6.68
DSP Gilt Reg,Regular,663,#N/A,Debt,Maharashtra State SDL 7.66 04/03/2047,State Development Loan,SOV,6.02
DSP Gilt Reg,Regular,663,#N/A,Debt,Madhya Pradesh State SDL 7.65 11/03/2040,State Development Loan,SOV,6.01
DSP Gilt Reg,Regular,663,#N/A,Equity,--,--,--,--
DSP Nifty 500 Index Reg,Regular,45717,#N/A,Debt,--,--,--,--
DSP Nifty 500 Index Reg,Regular,45717,#N/A,Equity,HDFC Bank,Financial,15.15,6.08
DSP Nifty 500 Index Reg,Regular,45717,#N/A,Equity,Reliance Ind,Energy & Utilities,21.14,4.98
DSP Nifty 500 Index Reg,Regular,45717,#N/A,Equity,ICICI Bank,Financial,17.14,4.65
DSP Nifty 500 Index Reg,Regular,45717,#N/A,Equity,Bharti Airtel,Technology,40.64,2.98
DSP Nifty 500 Index Reg,Regular,45717,#N/A,Equity,Larsen & Toubro,Industrials,33.53,2.43
DSP Nifty500 Flexicap Quality 30 ETF,Regular,45521,#N/A,Debt,--,--,--,--
DSP Nifty500 Flexicap Quality 30 ETF,Regular,45521,#N/A,Equity,Nestle India,Consumer Staples,79.14,7.71
DSP Nifty500 Flexicap Quality 30 ETF,Regular,45521,#N/A,Equity,Asian Paints,Materials,60.32,6.9
DSP Nifty500 Flexicap Quality 30 ETF,Regular,45521,#N/A,Equity,ITC,Consumer Staples,17.2,6.77
DSP Nifty500 Flexicap Quality 30 ETF,Regular,45521,#N/A,Equity,Hindustan Unilever,Consumer Staples,33.91,6.76
DSP Nifty500 Flexicap Quality 30 ETF,Regular,45521,#N/A,Equity,Maruti Suzuki,Consumer Discretionary,28.03,6.69
DSP Nifty500 Flexicap Quality 30 Index Reg,Regular,45444,#N/A,Debt,--,--,--,--
DSP Nifty500 Flexicap Quality 30 Index Reg,Regular,45444,#N/A,Equity,Nestle India,Consumer Staples,79.14,7.77
DSP Nifty500 Flexicap Quality 30 Index Reg,Regular,45444,#N/A,Equity,Asian Paints,Materials,60.32,6.95
DSP Nifty500 Flexicap Quality 30 Index Reg,Regular,45444,#N/A,Equity,ITC,Consumer Staples,17.2,6.81
DSP Nifty500 Flexicap Quality 30 Index Reg,Regular,45444,#N/A,Equity,Hindustan Unilever,Consumer Staples,33.91,6.8
DSP Nifty500 Flexicap Quality 30 Index Reg,Regular,45444,#N/A,Equity,Maruti Suzuki,Consumer Discretionary,28.03,6.73
DSP Regular Savings Reg,Regular,2227,INF740K01441,Debt,GOI Sec 7.32 13/11/2030,GOI Securities,SOV,11.51
DSP Regular Savings Reg,Regular,2227,INF740K01441,Debt,GOI GOI FRB 22/09/2033,GOI Securities Floating Rate Bond,SOV,8.84
DSP Regular Savings Reg,Regular,2227,INF740K01441,Debt,Maharashtra State SDL 7.03 25/06/2038,State Development Loan,SOV,8.21
DSP Regular Savings Reg,Regular,2227,INF740K01441,Debt,GOI Sec 7.06 10/04/2028,GOI Securities,SOV,5.73
DSP Regular Savings Reg,Regular,2227,INF740K01441,Debt,GOI Sec 6.48 06/10/2035,GOI Securities,SOV,5.46
DSP Regular Savings Reg,Regular,2227,INF740K01441,Equity,HDFC Bank,Financial,15.15,2.79
DSP Regular Savings Reg,Regular,2227,INF740K01441,Equity,ICICI Bank,Financial,17.14,1.55
DSP Regular Savings Reg,Regular,2227,INF740K01441,Equity,Cipla,Healthcare,28.74,1.27
DSP Regular Savings Reg,Regular,2227,INF740K01441,Equity,Kotak Bank,Financial,19.98,1.21
DSP Regular Savings Reg,Regular,2227,INF740K01441,Equity,ITC,Consumer Staples,17.2,1.2
Edelweiss Aggressive Hybrid B,Regular,10478,INF754K01202,Debt,National Bank For Agriculture & Rural Development SR 25G Bonds 7.48 15/09/2028,Bonds,AAA,3.84
Edelweiss Aggressive Hybrid B,Regular,10478,INF754K01202,Debt,Aditya Birla Finance Ltd SR I2 NCD 7.92 27/12/2027,Non Convertible Debenture,AAA,2.07
Edelweiss Aggressive Hybrid B,Regular,10478,INF754K01202,Debt,HDB Financial Services Ltd SR A 1 FX Debenture 7.65 10/09/2027,Debenture,AAA,2.06
Edelweiss Aggressive Hybrid B,Regular,10478,INF754K01202,Debt,Edelweiss Money Market Direct-G,Mutual Fund,--,1.38
Edelweiss Aggressive Hybrid B,Regular,10478,INF754K01202,Debt,Bharti Telecom Ltd SR XXVIII Debenture 7.40 01/02/2029,Debenture,AAA,1.36
Edelweiss Aggressive Hybrid B,Regular,10478,INF754K01202,Equity,ICICI Bank,Financial,17.14,4.3
Edelweiss Aggressive Hybrid B,Regular,10478,INF754K01202,Equity,SBI,Financial,11.13,3.73
Edelweiss Aggressive Hybrid B,Regular,10478,INF754K01202,Equity,HDFC Bank,Financial,15.15,3.55
Edelweiss Aggressive Hybrid B,Regular,10478,INF754K01202,Equity,Bharti Airtel,Technology,40.64,3.5
Edelweiss Aggressive Hybrid B,Regular,10478,INF754K01202,Equity,Reliance Ind,Energy & Utilities,21.14,2.7
Edelweiss Aggressive Hybrid Reg,Regular,10609,INF754K01202,Debt,National Bank For Agriculture & Rural Development SR 25G Bonds 7.48 15/09/2028,Bonds,AAA,3.84
Edelweiss Aggressive Hybrid Reg,Regular,10609,INF754K01202,Debt,Aditya Birla Finance Ltd SR I2 NCD 7.92 27/12/2027,Non Convertible Debenture,AAA,2.07
Edelweiss Aggressive Hybrid Reg,Regular,10609,INF754K01202,Debt,HDB Financial Services Ltd SR A 1 FX Debenture 7.65 10/09/2027,Debenture,AAA,2.06
Edelweiss Aggressive Hybrid Reg,Regular,10609,INF754K01202,Debt,Edelweiss Money Market Direct-G,Mutual Fund,--,1.38
Edelweiss Aggressive Hybrid Reg,Regular,10609,INF754K01202,Debt,Bharti Telecom Ltd SR XXVIII Debenture 7.40 01/02/2029,Debenture,AAA,1.36
Edelweiss Aggressive Hybrid Reg,Regular,10609,INF754K01202,Equity,ICICI Bank,Financial,17.14,4.3
Edelweiss Aggressive Hybrid Reg,Regular,10609,INF754K01202,Equity,SBI,Financial,11.13,3.73
Edelweiss Aggressive Hybrid Reg,Regular,10609,INF754K01202,Equity,HDFC Bank,Financial,15.15,3.55
Edelweiss Aggressive Hybrid Reg,Regular,10609,INF754K01202,Equity,Bharti Airtel,Technology,40.64,3.5
Edelweiss Aggressive Hybrid Reg,Regular,10609,INF754K01202,Equity,Reliance Ind,Energy & Utilities,21.14,2.7
Edelweiss Arbitrage Reg,Regular,27142,INF754K01EF3,Debt,Edelweiss Liquid Direct-G,Mutual Fund,--,7.97
Edelweiss Arbitrage Reg,Regular,27142,INF754K01EF3,Debt,Edelweiss Money Market Direct-G,Mutual Fund,--,3.84
Edelweiss Arbitrage Reg,Regular,27142,INF754K01EF3,Debt,Canara Bank CD 14/09/2026,Certificate of Deposit,A1+,1.99
Edelweiss Arbitrage Reg,Regular,27142,INF754K01EF3,Debt,National Bank For Agriculture & Rural Development SR 24E Debenture 7.80 15/03/2027,Debenture,AAA,1.77
Edelweiss Arbitrage Reg,Regular,27142,INF754K01EF3,Debt,Small Industries Devp. Bank of India Ltd CP 26/02/2027,Commercial Paper,A1+,1.12
Edelweiss Arbitrage Reg,Regular,27142,INF754K01EF3,Equity,HDFC Bank,Financial,15.15,4.58
Edelweiss Arbitrage Reg,Regular,27142,INF754K01EF3,Equity,NMDC,Materials,10.41,2.43
Edelweiss Arbitrage Reg,Regular,27142,INF754K01EF3,Equity,ICICI Bank,Financial,17.14,2.3
Edelweiss Arbitrage Reg,Regular,27142,INF754K01EF3,Equity,Vodafone Idea,Technology,4.33,2.23
Edelweiss Arbitrage Reg,Regular,27142,INF754K01EF3,Equity,Adani Energy,Energy & Utilities,81.1,2
Edelweiss Balanced Advantage Reg,Regular,10607,INF754K01285,Debt,HDB Financial Services Ltd SR A 1 FX Debenture 7.65 10/09/2027,Debenture,AAA,1.24
Edelweiss Balanced Advantage Reg,Regular,10607,INF754K01285,Debt,Aditya Birla Capital Ltd SR B2 NCD 7.3789 14/02/2028,Non Convertible Debenture,AAA,1.15
Edelweiss Balanced Advantage Reg,Regular,10607,INF754K01285,Debt,Edelweiss Liquid Direct-G,Mutual Fund,--,1.01
Edelweiss Balanced Advantage Reg,Regular,10607,INF754K01285,Debt,Small Industries Devp. Bank of India Ltd SR V Bonds 7.51 12/06/2028,Bonds,AAA,0.97
Edelweiss Balanced Advantage Reg,Regular,10607,INF754K01285,Debt,Punjab National Bank CD 15/09/2026,Certificate of Deposit,A1+,0.76
Edelweiss Balanced Advantage Reg,Regular,10607,INF754K01285,Equity,ICICI Bank,Financial,17.14,4.22
Edelweiss Balanced Advantage Reg,Regular,10607,INF754K01285,Equity,Reliance Ind,Energy & Utilities,21.14,4.21
Edelweiss Balanced Advantage Reg,Regular,10607,INF754K01285,Equity,HDFC Bank,Financial,15.15,3.32
Edelweiss Balanced Advantage Reg,Regular,10607,INF754K01285,Equity,Larsen & Toubro,Industrials,33.53,3.23
Edelweiss Balanced Advantage Reg,Regular,10607,INF754K01285,Equity,Bharti Airtel,Technology,40.64,2.93
Edelweiss Equity Savings Reg,Regular,28226,INF843K01KG9,Debt,Edelweiss Liquid Direct-G,Mutual Fund,--,3.92
Edelweiss Equity Savings Reg,Regular,28226,INF843K01KG9,Debt,HDB Financial Services Ltd SR A 1 FX Debenture 7.65 10/09/2027,Debenture,AAA,3.8
Edelweiss Equity Savings Reg,Regular,28226,INF843K01KG9,Debt,Edelweiss Low Duration Direct-G,Mutual Fund,--,2.79
Edelweiss Equity Savings Reg,Regular,28226,INF843K01KG9,Debt,Edelweiss Money Market Direct-G,Mutual Fund,--,2.78
Edelweiss Equity Savings Reg,Regular,28226,INF843K01KG9,Debt,Brookfield REIT,Real Estate Investment Trusts,--,2.31
Edelweiss Equity Savings Reg,Regular,28226,INF843K01KG9,Equity,HDFC Bank,Financial,15.15,5.06
Edelweiss Equity Savings Reg,Regular,28226,INF843K01KG9,Equity,SAIL,Materials,22.3,4.22
Edelweiss Equity Savings Reg,Regular,28226,INF843K01KG9,Equity,Reliance Ind,Energy & Utilities,21.14,4.01
Edelweiss Equity Savings Reg,Regular,28226,INF843K01KG9,Equity,Bharti Airtel,Technology,40.64,3.7
Edelweiss Equity Savings Reg,Regular,28226,INF843K01KG9,Equity,Adani Green Energy,Energy & Utilities,148.76,3.36
Edelweiss Flexi Cap Reg,Regular,29261,#N/A,Debt,--,--,--,--
Edelweiss Flexi Cap Reg,Regular,29261,#N/A,Equity,HDFC Bank,Financial,15.15,5.23
Edelweiss Flexi Cap Reg,Regular,29261,#N/A,Equity,ICICI Bank,Financial,17.14,4.75
Edelweiss Flexi Cap Reg,Regular,29261,#N/A,Equity,Larsen & Toubro,Industrials,33.53,4.04
Edelweiss Flexi Cap Reg,Regular,29261,#N/A,Equity,NTPC,Energy & Utilities,12.62,3.52
Edelweiss Flexi Cap Reg,Regular,29261,#N/A,Equity,Reliance Ind,Energy & Utilities,21.14,3.43
Edelweiss Focused Reg,Regular,42296,#N/A,Debt,--,--,--,--
Edelweiss Focused Reg,Regular,42296,#N/A,Equity,HDFC Bank,Financial,15.15,6.15
Edelweiss Focused Reg,Regular,42296,#N/A,Equity,Reliance Ind,Energy & Utilities,21.14,6.11
Edelweiss Focused Reg,Regular,42296,#N/A,Equity,Larsen & Toubro,Industrials,33.53,5.87
Edelweiss Focused Reg,Regular,42296,#N/A,Equity,ICICI Bank,Financial,17.14,5.6
Edelweiss Focused Reg,Regular,42296,#N/A,Equity,Tata Steel,Materials,22.98,5.08
Edelweiss Government Securities Reg,Regular,24222,#N/A,Debt,GOI Sec 6.90 15/04/2065,GOI Securities,SOV,38.44
Edelweiss Government Securities Reg,Regular,24222,#N/A,Debt,GOI Sec 6.68 07/07/2040,GOI Securities,SOV,18.28
Edelweiss Government Securities Reg,Regular,24222,#N/A,Debt,GOI Sec 6.94 11/05/2036,GOI Securities,SOV,11.63
Edelweiss Government Securities Reg,Regular,24222,#N/A,Debt,Karnataka State SDL 7.48 18/02/2037,State Development Loan,SOV,11.41
Edelweiss Government Securities Reg,Regular,24222,#N/A,Debt,Tamilnadu State SDL 7.73 06/05/2036,State Development Loan,SOV,7.76
Edelweiss Government Securities Reg,Regular,24222,#N/A,Equity,--,--,--,--
Edelweiss Nifty LargeMidcap250 Plus 8-13 Yr G-Sec 70:30 Index Reg,Regular,45921,INF754K01WV2,Debt,GOI Sec 6.48 06/10/2035,GOI Securities,SOV,29.48
Edelweiss Nifty LargeMidcap250 Plus 8-13 Yr G-Sec 70:30 Index Reg,Regular,45921,INF754K01WV2,Equity,HDFC Bank,Financial,15.15,2.99
Edelweiss Nifty LargeMidcap250 Plus 8-13 Yr G-Sec 70:30 Index Reg,Regular,45921,INF754K01WV2,Equity,Reliance Ind,Energy & Utilities,21.14,2.45
Edelweiss Nifty LargeMidcap250 Plus 8-13 Yr G-Sec 70:30 Index Reg,Regular,45921,INF754K01WV2,Equity,ICICI Bank,Financial,17.14,2.29
Edelweiss Nifty LargeMidcap250 Plus 8-13 Yr G-Sec 70:30 Index Reg,Regular,45921,INF754K01WV2,Equity,Bharti Airtel,Technology,40.64,1.47
Edelweiss Nifty LargeMidcap250 Plus 8-13 Yr G-Sec 70:30 Index Reg,Regular,45921,INF754K01WV2,Equity,BSE,Financial,64.44,1.35
Franklin India Aggressive Hybrid Reg,Regular,692,INF090I01817,Debt,Jubilant Bevco Ltd Debenture 31/05/2028,Debenture,AA,4.72
Franklin India Aggressive Hybrid Reg,Regular,692,INF090I01817,Debt,Jubilant Beverages Ltd Debenture 31/05/2028,Debenture,AA,2.88
Franklin India Aggressive Hybrid Reg,Regular,692,INF090I01817,Debt,Poonawalla Fincorp Ltd SR A1 NCD 7.65 21/04/2027,Non Convertible Debenture,AAA,2.17
Franklin India Aggressive Hybrid Reg,Regular,692,INF090I01817,Debt,Bharti Telecom Ltd SR XIX Debenture 8.65 05/11/2027,Debenture,AAA,1.6
Franklin India Aggressive Hybrid Reg,Regular,692,INF090I01817,Debt,Uttarakhand State SDL 7.30 01/10/2032,State Development Loan,SOV,1.5
Franklin India Aggressive Hybrid Reg,Regular,692,INF090I01817,Equity,HDFC Bank,Financial,15.15,5.15
Franklin India Aggressive Hybrid Reg,Regular,692,INF090I01817,Equity,ICICI Bank,Financial,17.14,4.93
Franklin India Aggressive Hybrid Reg,Regular,692,INF090I01817,Equity,Reliance Ind,Energy & Utilities,21.14,4.1
Franklin India Aggressive Hybrid Reg,Regular,692,INF090I01817,Equity,Axis Bank,Financial,15.54,3.58
Franklin India Aggressive Hybrid Reg,Regular,692,INF090I01817,Equity,SBI,Financial,11.13,3.29
Franklin India Arbitrage Reg,Regular,44701,INF090I01XP5,Debt,Franklin India Money Market Direct-G,Mutual Fund,--,11.87
Franklin India Arbitrage Reg,Regular,44701,INF090I01XP5,Debt,Union Bank of India CP 16/03/2027,Commercial Paper,A1+,3.97
Franklin India Arbitrage Reg,Regular,44701,INF090I01XP5,Debt,National Bank For Agriculture & Rural Development CD 17/03/2027,Certificate of Deposit,A1+,3.96
Franklin India Arbitrage Reg,Regular,44701,INF090I01XP5,Debt,Credila Financial Services Ltd CP 364-D 01/03/2027,Commercial Paper,A1+,3.16
Franklin India Arbitrage Reg,Regular,44701,INF090I01XP5,Debt,HDFC Bank Ltd CD 24/02/2027,Certificate of Deposit,A1+,1.99
Franklin India Arbitrage Reg,Regular,44701,INF090I01XP5,Equity,HDFC Bank,Financial,15.15,4.64
Franklin India Arbitrage Reg,Regular,44701,INF090I01XP5,Equity,Reliance Ind,Energy & Utilities,21.14,4.28
Franklin India Arbitrage Reg,Regular,44701,INF090I01XP5,Equity,ICICI Bank,Financial,17.14,4.27
Franklin India Arbitrage Reg,Regular,44701,INF090I01XP5,Equity,Vodafone Idea,Technology,4.33,2.63
Franklin India Arbitrage Reg,Regular,44701,INF090I01XP5,Equity,Larsen & Toubro,Industrials,33.53,2.46
Franklin India Balanced Advantage Reg,Regular,42453,INF090I01WN2,Debt,Jubilant Bevco Ltd Debenture 31/05/2028,Debenture,AA,4.65
Franklin India Balanced Advantage Reg,Regular,42453,INF090I01WN2,Debt,Jubilant Beverages Ltd Debenture 31/05/2028,Debenture,AA,2.88
Franklin India Balanced Advantage Reg,Regular,42453,INF090I01WN2,Debt,RJ Corp Ltd Debenture 7.25 08/12/2028,Debenture,AAA,1.94
Franklin India Balanced Advantage Reg,Regular,42453,INF090I01WN2,Debt,Summit Digitel Infrastructure Pvt. Ltd NCD 7.87 15/03/2030,Non Convertible Debenture,AAA,1.81
Franklin India Balanced Advantage Reg,Regular,42453,INF090I01WN2,Debt,Poonawalla Fincorp Ltd SR A1 NCD 7.65 21/04/2027,Non Convertible Debenture,AAA,1.8
Franklin India Balanced Advantage Reg,Regular,42453,INF090I01WN2,Equity,HDFC Bank,Financial,15.15,5.89
Franklin India Balanced Advantage Reg,Regular,42453,INF090I01WN2,Equity,ICICI Bank,Financial,17.14,4.85
Franklin India Balanced Advantage Reg,Regular,42453,INF090I01WN2,Equity,Bharti Airtel,Technology,40.64,4.39
Franklin India Balanced Advantage Reg,Regular,42453,INF090I01WN2,Equity,Reliance Ind,Energy & Utilities,21.14,4.05
Franklin India Balanced Advantage Reg,Regular,42453,INF090I01WN2,Equity,Larsen & Toubro,Industrials,33.53,3.16
Franklin India Conservative Hybrid Reg,Regular,860,INF090I01EA7,Debt,Bajaj Finance Ltd Debenture 7.82 31/01/2034,Debenture,AAA,7.96
Franklin India Conservative Hybrid Reg,Regular,860,INF090I01EA7,Debt,Kotak Mahindra Bank Ltd CD 08/01/2027,Certificate of Deposit,A1+,7.45
Franklin India Conservative Hybrid Reg,Regular,860,INF090I01EA7,Debt,Jubilant Bevco Ltd Debenture 31/05/2028,Debenture,AA,7.36
Franklin India Conservative Hybrid Reg,Regular,860,INF090I01EA7,Debt,National Bank For Agriculture & Rural Development SR 25G Bonds 7.48 15/09/2028,Bonds,AAA,5.44
Franklin India Conservative Hybrid Reg,Regular,860,INF090I01EA7,Debt,Small Industries Devp. Bank of India Ltd SR IX Debenture 7.68 10/08/2027,Debenture,AAA,5.26
Franklin India Conservative Hybrid Reg,Regular,860,INF090I01EA7,Equity,HDFC Bank,Financial,15.15,1.67
Franklin India Conservative Hybrid Reg,Regular,860,INF090I01EA7,Equity,ICICI Bank,Financial,17.14,1.4
Franklin India Conservative Hybrid Reg,Regular,860,INF090I01EA7,Equity,Reliance Ind,Energy & Utilities,21.14,1.31
Franklin India Conservative Hybrid Reg,Regular,860,INF090I01EA7,Equity,Axis Bank,Financial,15.54,1.2
Franklin India Conservative Hybrid Reg,Regular,860,INF090I01EA7,Equity,SBI,Financial,11.13,1.15
Franklin India Dynamic Asset Allocation Active FoF Reg,Regular,1915,INF090I01262,Debt,ICICI Pru Short Term Direct-G,Mutual Fund,--,19.52
Franklin India Dynamic Asset Allocation Active FoF Reg,Regular,1915,INF090I01262,Debt,Franklin India Corporate Debt Direct-G,Mutual Fund,--,16.37
Franklin India Dynamic Asset Allocation Active FoF Reg,Regular,1915,INF090I01262,Equity,Franklin India Flexi Cap Direct-G,Unspecified,--,61.52
Franklin India Equity Savings Reg,Regular,37262,INF090I01PA3,Debt,GOI Sec 7.37 23/10/2028,GOI Securities,SOV,4.05
Franklin India Equity Savings Reg,Regular,37262,INF090I01PA3,Debt,Jubilant Bevco Ltd Debenture 31/05/2028,Debenture,AA,4
Franklin India Equity Savings Reg,Regular,37262,INF090I01PA3,Debt,Maharashtra State SDL 7.66 04/03/2047,State Development Loan,SOV,3.54
Franklin India Equity Savings Reg,Regular,37262,INF090I01PA3,Debt,Embassy Office Parks REIT SR XIII A Debenture 7.21 17/03/2028,Debenture,AAA,2.36
Franklin India Equity Savings Reg,Regular,37262,INF090I01PA3,Debt,Uttarakhand State SDL 7.30 01/10/2032,State Development Loan,SOV,2.35
Franklin India Equity Savings Reg,Regular,37262,INF090I01PA3,Equity,Axis Bank,Financial,15.54,5.9
Franklin India Equity Savings Reg,Regular,37262,INF090I01PA3,Equity,Reliance Ind,Energy & Utilities,21.14,4.97
Franklin India Equity Savings Reg,Regular,37262,INF090I01PA3,Equity,NTPC,Energy & Utilities,12.62,4.54
Franklin India Equity Savings Reg,Regular,37262,INF090I01PA3,Equity,Bharti Airtel,Technology,40.64,4.27
Franklin India Equity Savings Reg,Regular,37262,INF090I01PA3,Equity,ICICI Bank,Financial,17.14,3.63
Franklin India Flexi Cap Reg,Regular,116,#N/A,Debt,--,--,--,--
Franklin India Flexi Cap Reg,Regular,116,#N/A,Equity,HDFC Bank,Financial,15.15,7.56
Franklin India Flexi Cap Reg,Regular,116,#N/A,Equity,ICICI Bank,Financial,17.14,5.9
Franklin India Flexi Cap Reg,Regular,116,#N/A,Equity,Axis Bank,Financial,15.54,5.31
Franklin India Flexi Cap Reg,Regular,116,#N/A,Equity,Larsen & Toubro,Industrials,33.53,3.9
Franklin India Flexi Cap Reg,Regular,116,#N/A,Equity,SBI,Financial,11.13,3.65
Franklin India Focused Equity Reg,Regular,5141,#N/A,Debt,--,--,--,--
Franklin India Focused Equity Reg,Regular,5141,#N/A,Equity,HDFC Bank,Financial,15.15,8.53
Franklin India Focused Equity Reg,Regular,5141,#N/A,Equity,ICICI Bank,Financial,17.14,7.42
Franklin India Focused Equity Reg,Regular,5141,#N/A,Equity,Axis Bank,Financial,15.54,7.18
Franklin India Focused Equity Reg,Regular,5141,#N/A,Equity,Reliance Ind,Energy & Utilities,21.14,6.53
Franklin India Focused Equity Reg,Regular,5141,#N/A,Equity,Bharti Airtel,Technology,40.64,5.75
Franklin India Government Securities Reg,Regular,1133,#N/A,Debt,Maharashtra State SDL 7.66 04/03/2047,State Development Loan,SOV,19.66
Franklin India Government Securities Reg,Regular,1133,#N/A,Debt,Reserve Bank of India T-Bills 364-D 04/06/2026,Treasury Bills,SOV,16.33
Franklin India Government Securities Reg,Regular,1133,#N/A,Debt,Reserve Bank of India T-Bills 91-D 04/06/2026,Treasury Bills,SOV,16.33
Franklin India Government Securities Reg,Regular,1133,#N/A,Debt,Andhra Pradesh State SDL 7.73,State Development Loan,SOV,9.98
Franklin India Government Securities Reg,Regular,1133,#N/A,Debt,Punjab State SDL 7.62 28/01/2033,State Development Loan,SOV,9.98
Franklin India Government Securities Reg,Regular,1133,#N/A,Equity,--,--,--,--
Franklin India Retirement Reg,Regular,392,INF090I01510,Debt,National Bank For Agriculture & Rural Development SR 25G Bonds 7.48 15/09/2028,Bonds,AAA,9.56
Franklin India Retirement Reg,Regular,392,INF090I01510,Debt,Kotak Mahindra Bank Ltd CD 08/01/2027,Certificate of Deposit,A1+,7.76
Franklin India Retirement Reg,Regular,392,INF090I01510,Debt,Jubilant Bevco Ltd Debenture 31/05/2028,Debenture,AA,5.9
Franklin India Retirement Reg,Regular,392,INF090I01510,Debt,LIC Housing Finance Ltd Bonds 7.90 23/06/2027,Bonds,AAA,5.45
Franklin India Retirement Reg,Regular,392,INF090I01510,Debt,Small Industries Devp. Bank of India Ltd SR IX Debenture 7.68 10/08/2027,Debenture,AAA,5.14
Franklin India Retirement Reg,Regular,392,INF090I01510,Equity,HDFC Bank,Financial,15.15,2.72
Franklin India Retirement Reg,Regular,392,INF090I01510,Equity,ICICI Bank,Financial,17.14,2.09
Franklin India Retirement Reg,Regular,392,INF090I01510,Equity,SBI,Financial,11.13,1.96
Franklin India Retirement Reg,Regular,392,INF090I01510,Equity,Reliance Ind,Energy & Utilities,21.14,1.88
Franklin India Retirement Reg,Regular,392,INF090I01510,Equity,Axis Bank,Financial,15.54,1.75
Groww Aggressive Hybrid Reg,Regular,38324,INF666M01FJ4,Debt,HDFC Bank Ltd CD 11/09/2026,Certificate of Deposit,A1+,5.65
Groww Aggressive Hybrid Reg,Regular,38324,INF666M01FJ4,Debt,Aditya Birla Housing Finance Ltd SR A1 Debenture 8.10 26/04/2028,Debenture,AAA,5.01
Groww Aggressive Hybrid Reg,Regular,38324,INF666M01FJ4,Debt,Union Bank of India CD 15/03/2027,Certificate of Deposit,A1+,2.25
Groww Aggressive Hybrid Reg,Regular,38324,INF666M01FJ4,Debt,Cholamandalam Investment & Finance Company Ltd SR III TR II Bonds 8.30 09/09/2026,Bonds,AA+,1
Groww Aggressive Hybrid Reg,Regular,38324,INF666M01FJ4,Equity,HDFC Bank,Financial,15.15,4.56
Groww Aggressive Hybrid Reg,Regular,38324,INF666M01FJ4,Equity,ICICI Bank,Financial,17.14,4.03
Groww Aggressive Hybrid Reg,Regular,38324,INF666M01FJ4,Equity,Reliance Ind,Energy & Utilities,21.14,3.6
Groww Aggressive Hybrid Reg,Regular,38324,INF666M01FJ4,Equity,Bharti Airtel,Technology,40.64,2.46
Groww Aggressive Hybrid Reg,Regular,38324,INF666M01FJ4,Equity,SBI,Financial,11.13,2.39
Groww Arbitrage Reg,Regular,45944,INF666M01OQ1,Debt,--,--,--,--
Groww Arbitrage Reg,Regular,45944,INF666M01OQ1,Equity,--,--,--,--
Groww Gilt Reg,Regular,45119,#N/A,Debt,GOI Sec 6.90 15/04/2065,GOI Securities,SOV,25.89
Groww Gilt Reg,Regular,45119,#N/A,Debt,GOI Sec 7.71 18/05/2066,GOI Securities,SOV,14.4
Groww Gilt Reg,Regular,45119,#N/A,Debt,Reserve Bank of India T-Bills 364-D 04/06/2026,Treasury Bills,SOV,14.35
Groww Gilt Reg,Regular,45119,#N/A,Debt,Reserve Bank of India T-Bills 364-D 18/06/2026,Treasury Bills,SOV,14.32
Groww Gilt Reg,Regular,45119,#N/A,Debt,GOI Sec 7.24 18/08/2055,GOI Securities,SOV,13.69
Groww Gilt Reg,Regular,45119,#N/A,Equity,--,--,--,--
Groww Nifty 500 Low Volatility 50 ETF,Regular,45217,#N/A,Debt,--,--,--,--
Groww Nifty 500 Low Volatility 50 ETF,Regular,45217,#N/A,Equity,Coal India,Materials,8.97,5.43
Groww Nifty 500 Low Volatility 50 ETF,Regular,45217,#N/A,Equity,Power Grid,Energy & Utilities,16.78,5.41
Groww Nifty 500 Low Volatility 50 ETF,Regular,45217,#N/A,Equity,Bajaj Finance,Financial,28.93,4.86
Groww Nifty 500 Low Volatility 50 ETF,Regular,45217,#N/A,Equity,Bharti Airtel,Technology,40.64,4.65
Groww Nifty 500 Low Volatility 50 ETF,Regular,45217,#N/A,Equity,Asian Paints,Materials,60.32,4.61
Groww Nifty 500 Momentum 50 ETF,Regular,45094,#N/A,Debt,--,--,--,--
Groww Nifty 500 Momentum 50 ETF,Regular,45094,#N/A,Equity,Hindalco Ind,Materials,17.41,5.2
Groww Nifty 500 Momentum 50 ETF,Regular,45094,#N/A,Equity,Eicher Motors,Consumer Discretionary,35.98,4.81
Groww Nifty 500 Momentum 50 ETF,Regular,45094,#N/A,Equity,Shriram Finance,Financial,21.13,4.77
Groww Nifty 500 Momentum 50 ETF,Regular,45094,#N/A,Equity,Bajaj Finance,Financial,28.93,4.71
Groww Nifty 500 Momentum 50 ETF,Regular,45094,#N/A,Equity,Bharti Airtel,Technology,40.64,4.5
Groww Nifty 500 Momentum 50 ETF FoF Reg,Regular,45095,#N/A,Debt,--,--,--,--
Groww Nifty 500 Momentum 50 ETF FoF Reg,Regular,45095,#N/A,Equity,Groww Nifty 500 Momentum 50 ETF-G,Unspecified,--,99.79
Groww Nifty Total Market Index Reg,Regular,43804,#N/A,Debt,--,--,--,--
Groww Nifty Total Market Index Reg,Regular,43804,#N/A,Equity,HDFC Bank,Financial,15.15,5.87
Groww Nifty Total Market Index Reg,Regular,43804,#N/A,Equity,Reliance Ind,Energy & Utilities,21.14,4.8
Groww Nifty Total Market Index Reg,Regular,43804,#N/A,Equity,ICICI Bank,Financial,17.14,4.49
Groww Nifty Total Market Index Reg,Regular,43804,#N/A,Equity,Bharti Airtel,Technology,40.64,2.88
Groww Nifty Total Market Index Reg,Regular,43804,#N/A,Equity,Larsen & Toubro,Industrials,33.53,2.34
HDFC Arbitrage Reg,Regular,6037,INF179K01343,Debt,HDFC Money Market Direct-G,Mutual Fund,--,8.23
HDFC Arbitrage Reg,Regular,6037,INF179K01343,Debt,HDFC Liquid Direct-G,Mutual Fund,--,3.72
HDFC Arbitrage Reg,Regular,6037,INF179K01343,Debt,HDFC Ultra Short Term Fund Direct-G,Mutual Fund,--,2.43
HDFC Arbitrage Reg,Regular,6037,INF179K01343,Debt,HDFC Low Duration Direct-G,Mutual Fund,--,2.22
HDFC Arbitrage Reg,Regular,6037,INF179K01343,Debt,Indian Overseas Bank CD 26/02/2027,Certificate of Deposit,A1+,1.13
HDFC Arbitrage Reg,Regular,6037,INF179K01343,Equity,HDFC Bank,Financial,15.15,6.19
HDFC Arbitrage Reg,Regular,6037,INF179K01343,Equity,Reliance Ind,Energy & Utilities,21.14,4.4
HDFC Arbitrage Reg,Regular,6037,INF179K01343,Equity,ICICI Bank,Financial,17.14,3.96
HDFC Arbitrage Reg,Regular,6037,INF179K01343,Equity,Bharti Airtel,Technology,40.64,2.43
HDFC Arbitrage Reg,Regular,6037,INF179K01343,Equity,JSW Steel,Materials,13.96,2.41
HDFC BSE 500 ETF,Regular,43117,#N/A,Debt,--,--,--,--
HDFC BSE 500 ETF,Regular,43117,#N/A,Equity,HDFC Bank,Financial,15.15,6.03
HDFC BSE 500 ETF,Regular,43117,#N/A,Equity,ICICI Bank,Financial,17.14,4.78
HDFC BSE 500 ETF,Regular,43117,#N/A,Equity,Reliance Ind,Energy & Utilities,21.14,4.75
HDFC BSE 500 ETF,Regular,43117,#N/A,Equity,Bharti Airtel,Technology,40.64,2.77
HDFC BSE 500 ETF,Regular,43117,#N/A,Equity,Larsen & Toubro,Industrials,33.53,2.53
HDFC BSE 500 Index Reg,Regular,43476,#N/A,Debt,--,--,--,--
HDFC BSE 500 Index Reg,Regular,43476,#N/A,Equity,HDFC Bank,Financial,15.15,6.02
HDFC BSE 500 Index Reg,Regular,43476,#N/A,Equity,ICICI Bank,Financial,17.14,4.77
HDFC BSE 500 Index Reg,Regular,43476,#N/A,Equity,Reliance Ind,Energy & Utilities,21.14,4.74
HDFC BSE 500 Index Reg,Regular,43476,#N/A,Equity,Bharti Airtel,Technology,40.64,2.77
HDFC BSE 500 Index Reg,Regular,43476,#N/A,Equity,Larsen & Toubro,Industrials,33.53,2.53
HDFC Balanced Advantage Reg,Regular,842,INF179K01830,Debt,GOI Sec 7.18 14/08/2033,GOI Securities,SOV,2.02
HDFC Balanced Advantage Reg,Regular,842,INF179K01830,Debt,GOI Sec 4.45 30/10/2034,GOI Securities,SOV,1.32
HDFC Balanced Advantage Reg,Regular,842,INF179K01830,Debt,GOI Sec 7.18 24/07/2037,GOI Securities,SOV,0.95
HDFC Balanced Advantage Reg,Regular,842,INF179K01830,Debt,Embassy Office,Real Estate Investment Trusts,--,0.8
HDFC Balanced Advantage Reg,Regular,842,INF179K01830,Debt,GOI Sec 7.34 22/04/2064,GOI Securities,SOV,0.73
HDFC Balanced Advantage Reg,Regular,842,INF179K01830,Equity,ICICI Bank,Financial,17.14,4.74
HDFC Balanced Advantage Reg,Regular,842,INF179K01830,Equity,HDFC Bank,Financial,15.15,4.33
HDFC Balanced Advantage Reg,Regular,842,INF179K01830,Equity,Reliance Ind,Energy & Utilities,21.14,3.82
HDFC Balanced Advantage Reg,Regular,842,INF179K01830,Equity,SBI,Financial,11.13,3.25
HDFC Balanced Advantage Reg,Regular,842,INF179K01830,Equity,Bharti Airtel,Technology,40.64,3.05
HDFC Children's Reg,Regular,936,INF179KC1IY8,Debt,GOI Sec 7.18 14/08/2033,GOI Securities,SOV,3.84
HDFC Children's Reg,Regular,936,INF179KC1IY8,Debt,GOI Sec 7.10 08/04/2034,GOI Securities,SOV,3.08
HDFC Children's Reg,Regular,936,INF179KC1IY8,Debt,GOI GOI Sec 7.10 18/04/2029,GOI Securities,SOV,2.26
HDFC Children's Reg,Regular,936,INF179KC1IY8,Debt,State Bank of India SR 2 Bonds 7.33 20/09/2039,Bonds,AAA,1.45
HDFC Children's Reg,Regular,936,INF179KC1IY8,Debt,GOI Sec 7.18 24/07/2037,GOI Securities,SOV,1.15
HDFC Children's Reg,Regular,936,INF179KC1IY8,Equity,HDFC Bank,Financial,15.26,6.65
HDFC Children's Reg,Regular,936,INF179KC1IY8,Equity,ICICI Bank,Financial,17.15,6.44
HDFC Children's Reg,Regular,936,INF179KC1IY8,Equity,Larsen & Toubro,Industrials,33.67,3.97
HDFC Children's Reg,Regular,936,INF179KC1IY8,Equity,Reliance Ind,Energy & Utilities,21.26,3.25
HDFC Children's Reg,Regular,936,INF179KC1IY8,Equity,SBI,Financial,11.16,2.96
HDFC Diversified Equity All Cap Active FoF Reg,Regular,45483,#N/A,Debt,--,--,--,--
HDFC Diversified Equity All Cap Active FoF Reg,Regular,45483,#N/A,Equity,HDFC Large Cap Direct-G,Unspecified,--,32.69
HDFC Diversified Equity All Cap Active FoF Reg,Regular,45483,#N/A,Equity,HDFC Flexi Cap Direct-G,Unspecified,--,25.82
HDFC Diversified Equity All Cap Active FoF Reg,Regular,45483,#N/A,Equity,HDFC Large and Mid Cap Direct-G,Unspecified,--,15.19
HDFC Diversified Equity All Cap Active FoF Reg,Regular,45483,#N/A,Equity,HDFC Small Cap Direct-G,Unspecified,--,12.9
HDFC Diversified Equity All Cap Active FoF Reg,Regular,45483,#N/A,Equity,HDFC Multi Cap Direct-G,Unspecified,--,9.69
HDFC Equity Savings Reg,Regular,2374,INF179K01AM7,Debt,GOI Sec 7.18 14/08/2033,GOI Securities,SOV,2.34
HDFC Equity Savings Reg,Regular,2374,INF179K01AM7,Debt,GOI GOI Sec 7.10 18/04/2029,GOI Securities,SOV,1.98
HDFC Equity Savings Reg,Regular,2374,INF179K01AM7,Debt,Muthoot Finance Ltd Debenture 8.05 25/11/2027,Debenture,AA+,1.32
HDFC Equity Savings Reg,Regular,2374,INF179K01AM7,Debt,State Bank of India SR 2 Bonds 7.33 20/09/2039,Bonds,AAA,1.21
HDFC Equity Savings Reg,Regular,2374,INF179K01AM7,Debt,GOI Sec 7.17 17/04/2030,GOI Securities,SOV,1.08
HDFC Equity Savings Reg,Regular,2374,INF179K01AM7,Equity,HDFC Bank,Financial,15.15,7.11
HDFC Equity Savings Reg,Regular,2374,INF179K01AM7,Equity,Reliance Ind,Energy & Utilities,21.14,5.71
HDFC Equity Savings Reg,Regular,2374,INF179K01AM7,Equity,ICICI Bank,Financial,17.14,5.1
HDFC Equity Savings Reg,Regular,2374,INF179K01AM7,Equity,Larsen & Toubro,Industrials,33.53,3.75
HDFC Equity Savings Reg,Regular,2374,INF179K01AM7,Equity,NTPC,Energy & Utilities,12.62,3.74
HDFC Flexi Cap Reg,Regular,219,#N/A,Debt,--,--,--,--
HDFC Flexi Cap Reg,Regular,219,#N/A,Equity,ICICI Bank,Financial,17.14,8.83
HDFC Flexi Cap Reg,Regular,219,#N/A,Equity,Axis Bank,Financial,15.54,6.84
HDFC Flexi Cap Reg,Regular,219,#N/A,Equity,HDFC Bank,Financial,15.15,6.48
HDFC Flexi Cap Reg,Regular,219,#N/A,Equity,SBI,Financial,11.13,4.22
HDFC Flexi Cap Reg,Regular,219,#N/A,Equity,SBI Life Insurance,Financial,122,3.76
HDFC Focused Reg,Regular,2372,#N/A,Debt,--,--,--,--
HDFC Focused Reg,Regular,2372,#N/A,Equity,ICICI Bank,Financial,17.15,9.01
HDFC Focused Reg,Regular,2372,#N/A,Equity,HDFC Bank,Financial,15.26,8.14
HDFC Focused Reg,Regular,2372,#N/A,Equity,Axis Bank,Financial,15.54,7.4
HDFC Focused Reg,Regular,2372,#N/A,Equity,Kotak Bank,Financial,20.08,5.56
HDFC Focused Reg,Regular,2372,#N/A,Equity,SBI,Financial,11.16,5.22
HDFC Gilt Reg,Regular,1022,#N/A,Debt,GOI Sec 6.90 15/04/2065,GOI Securities,SOV,15.39
HDFC Gilt Reg,Regular,1022,#N/A,Debt,GOI Sec 7.34 22/04/2064,GOI Securities,SOV,11.07
HDFC Gilt Reg,Regular,1022,#N/A,Debt,GOI Sec 7.30 19/06/2053,GOI Securities,SOV,10.42
HDFC Gilt Reg,Regular,1022,#N/A,Debt,GOI Sec 7.26 06/02/2033,GOI Securities,SOV,8.28
HDFC Gilt Reg,Regular,1022,#N/A,Debt,GOI Sec 7.18 14/08/2033,GOI Securities,SOV,7.4
HDFC Gilt Reg,Regular,1022,#N/A,Equity,--,--,--,--
HDFC Hybrid Debt Reg,Regular,1930,INF179K01AE4,Debt,GOI Sec 7.34 22/04/2064,GOI Securities,SOV,4.17
HDFC Hybrid Debt Reg,Regular,1930,INF179K01AE4,Debt,GOI Sec 4.45 30/10/2034,GOI Securities,SOV,3.19
HDFC Hybrid Debt Reg,Regular,1930,INF179K01AE4,Debt,GOI Sec 7.23 15/04/2039,GOI Securities,SOV,3.11
HDFC Hybrid Debt Reg,Regular,1930,INF179K01AE4,Debt,GOI Sec 7.09 05/08/2054,GOI Securities,SOV,2.91
HDFC Hybrid Debt Reg,Regular,1930,INF179K01AE4,Debt,Indian Railway Finance Corporation Ltd SERIES 134 Debenture 8.30 25/03/2029,Debenture,AAA,2.52
HDFC Hybrid Debt Reg,Regular,1930,INF179K01AE4,Equity,ICICI Bank,Financial,17.14,1.95
HDFC Hybrid Debt Reg,Regular,1930,INF179K01AE4,Equity,HDFC Bank,Financial,15.15,1.62
HDFC Hybrid Debt Reg,Regular,1930,INF179K01AE4,Equity,SBI,Financial,11.13,1.35
HDFC Hybrid Debt Reg,Regular,1930,INF179K01AE4,Equity,Axis Bank,Financial,15.54,1.31
HDFC Hybrid Debt Reg,Regular,1930,INF179K01AE4,Equity,Reliance Ind,Energy & Utilities,21.14,1.03
HDFC Hybrid Equity Reg,Regular,2668,INF179K01AS4,Debt,GOI Sec 7.34 22/04/2064,GOI Securities,SOV,2.54
HDFC Hybrid Equity Reg,Regular,2668,INF179K01AS4,Debt,Bajaj Finance Ltd Bonds/NCD 7.55 03/04/2035,Bonds/NCDs,AAA,1.58
HDFC Hybrid Equity Reg,Regular,2668,INF179K01AS4,Debt,HDFC Bank Ltd SR US006 Debenture 7.75 13/06/2033,Debenture,AAA,1.12
HDFC Hybrid Equity Reg,Regular,2668,INF179K01AS4,Debt,HDFC Bank Ltd SR AB002 Debenture 7.97 17/02/2033,Debenture,AAA,0.9
HDFC Hybrid Equity Reg,Regular,2668,INF179K01AS4,Debt,State Bank of India SR 2 Bonds 7.33 20/09/2039,Bonds,AAA,0.89
HDFC Hybrid Equity Reg,Regular,2668,INF179K01AS4,Equity,ICICI Bank,Financial,17.15,6.63
HDFC Hybrid Equity Reg,Regular,2668,INF179K01AS4,Equity,HDFC Bank,Financial,15.26,6.53
HDFC Hybrid Equity Reg,Regular,2668,INF179K01AS4,Equity,Reliance Ind,Energy & Utilities,21.26,4.75
HDFC Hybrid Equity Reg,Regular,2668,INF179K01AS4,Equity,SBI,Financial,11.16,3.59
HDFC Hybrid Equity Reg,Regular,2668,INF179K01AS4,Equity,Axis Bank,Financial,15.54,3.13
HDFC Retirement Savings Equity Reg,Regular,31779,#N/A,Debt,--,--,--,--
HDFC Retirement Savings Equity Reg,Regular,31779,#N/A,Equity,HDFC Bank,Financial,15.15,6.88
HDFC Retirement Savings Equity Reg,Regular,31779,#N/A,Equity,ICICI Bank,Financial,17.14,6.79
HDFC Retirement Savings Equity Reg,Regular,31779,#N/A,Equity,Reliance Ind,Energy & Utilities,21.14,4.96
HDFC Retirement Savings Equity Reg,Regular,31779,#N/A,Equity,Axis Bank,Financial,15.54,4.64
HDFC Retirement Savings Equity Reg,Regular,31779,#N/A,Equity,Kotak Bank,Financial,19.98,4.04
HDFC Retirement Savings Hybrid Debt Reg,Regular,31783,INF179KB1MK0,Debt,GOI Sec 6.67 17/12/2050,GOI Securities,SOV,8.94
HDFC Retirement Savings Hybrid Debt Reg,Regular,31783,INF179KB1MK0,Debt,Mahindra Rural Housing Finance Ltd SR AA NCD 8.35 24/09/2032,Non Convertible Debenture,AAA,6.7
HDFC Retirement Savings Hybrid Debt Reg,Regular,31783,INF179KB1MK0,Debt,GOI Sec 6.48 06/10/2035,GOI Securities,SOV,6.41
HDFC Retirement Savings Hybrid Debt Reg,Regular,31783,INF179KB1MK0,Debt,GOI Sec 6.19 16/09/2034,GOI Securities,SOV,6.31
HDFC Retirement Savings Hybrid Debt Reg,Regular,31783,INF179KB1MK0,Debt,GOI Sec 7.57 17/06/2033,GOI Securities,SOV,5.14
HDFC Retirement Savings Hybrid Debt Reg,Regular,31783,INF179KB1MK0,Equity,Larsen & Toubro,Industrials,33.53,7.64
HDFC Retirement Savings Hybrid Debt Reg,Regular,31783,INF179KB1MK0,Equity,ICICI Bank,Financial,17.14,7.11
HDFC Retirement Savings Hybrid Debt Reg,Regular,31783,INF179KB1MK0,Equity,Reliance Ind,Energy & Utilities,21.14,5.84
HDFC Retirement Savings Hybrid Debt Reg,Regular,31783,INF179KB1MK0,Equity,HDFC Bank,Financial,15.15,2.17
HDFC Retirement Savings Hybrid Debt Reg,Regular,31783,INF179KB1MK0,Equity,SBI,Financial,11.13,1.25
HDFC Retirement Savings Hybrid Equity Reg,Regular,31781,INF179KB1MI4,Debt,Bajaj Finance Ltd Debenture 7.93,Debenture,AAA,4.34
HDFC Retirement Savings Hybrid Equity Reg,Regular,31781,INF179KB1MI4,Debt,GOI Sec 7.26 22/08/2032,GOI Securities,SOV,1.91
HDFC Retirement Savings Hybrid Equity Reg,Regular,31781,INF179KB1MI4,Debt,GOI Sec 6.10 12/07/2031,GOI Securities,SOV,1.88
HDFC Retirement Savings Hybrid Equity Reg,Regular,31781,INF179KB1MI4,Debt,GOI Sec 7.18 24/07/2037,GOI Securities,SOV,1.58
HDFC Retirement Savings Hybrid Equity Reg,Regular,31781,INF179KB1MI4,Debt,GOI Sec 7.18 14/08/2033,GOI Securities,SOV,1.58
HDFC Retirement Savings Hybrid Equity Reg,Regular,31781,INF179KB1MI4,Equity,HDFC Bank,Financial,15.15,5.61
HDFC Retirement Savings Hybrid Equity Reg,Regular,31781,INF179KB1MI4,Equity,ICICI Bank,Financial,17.14,5.52
HDFC Retirement Savings Hybrid Equity Reg,Regular,31781,INF179KB1MI4,Equity,Reliance Ind,Energy & Utilities,21.14,3.73
HDFC Retirement Savings Hybrid Equity Reg,Regular,31781,INF179KB1MI4,Equity,Axis Bank,Financial,15.54,3.23
HDFC Retirement Savings Hybrid Equity Reg,Regular,31781,INF179KB1MI4,Equity,Kotak Bank,Financial,19.98,3.14
HSBC Aggressive Hybrid Active FoF Reg,Regular,25858,INF336L01IA9,Debt,HSBC Medium to Long Duration Direct-G,Mutual Fund,--,10.46
HSBC Aggressive Hybrid Active FoF Reg,Regular,25858,INF336L01IA9,Debt,HSBC Corporate Bond Direct-G,Mutual Fund,--,8.58
HSBC Aggressive Hybrid Active FoF Reg,Regular,25858,INF336L01IA9,Debt,HSBC Dynamic Bond Direct-G,Mutual Fund,--,4.95
HSBC Aggressive Hybrid Active FoF Reg,Regular,25858,INF336L01IA9,Equity,HSBC Large Cap Direct-G,Unspecified,--,33.37
HSBC Aggressive Hybrid Active FoF Reg,Regular,25858,INF336L01IA9,Equity,HSBC Midcap Direct-G,Unspecified,--,21.25
HSBC Aggressive Hybrid Active FoF Reg,Regular,25858,INF336L01IA9,Equity,HSBC Small Cap Direct-G,Unspecified,--,20.57
HSBC Aggressive Hybrid Reg,Regular,12056,INF917K01LB0,Debt,National Bank For Agriculture & Rural Development CP 91-D 11/08/2026,Commercial Paper,A1+,1.79
HSBC Aggressive Hybrid Reg,Regular,12056,INF917K01LB0,Debt,Punjab National Bank CD 28/01/2027,Certificate of Deposit,A1+,1.73
HSBC Aggressive Hybrid Reg,Regular,12056,INF917K01LB0,Debt,Union Bank of India CD 02/03/2027,Certificate of Deposit,A1+,1.72
HSBC Aggressive Hybrid Reg,Regular,12056,INF917K01LB0,Debt,The Federal Bank Ltd CD 04/03/2027,Certificate of Deposit,A1+,1.71
HSBC Aggressive Hybrid Reg,Regular,12056,INF917K01LB0,Debt,HDFC Bank Ltd CD 24/02/2027,Certificate of Deposit,A1+,1.29
HSBC Aggressive Hybrid Reg,Regular,12056,INF917K01LB0,Equity,GE Vernova T&D,Industrials,102.04,4.63
HSBC Aggressive Hybrid Reg,Regular,12056,INF917K01LB0,Equity,ICICI Bank,Financial,17.15,4.29
HSBC Aggressive Hybrid Reg,Regular,12056,INF917K01LB0,Equity,Mahindra & Mahindra,Consumer Discretionary,21.69,3.25
HSBC Aggressive Hybrid Reg,Regular,12056,INF917K01LB0,Equity,HDFC Bank,Financial,15.26,3.13
HSBC Aggressive Hybrid Reg,Regular,12056,INF917K01LB0,Equity,Karur Vysya Bank,Financial,10.62,3.02
HSBC Arbitrage Reg,Regular,27296,INF917K01QL8,Debt,HSBC Money Market Direct-G,Mutual Fund,--,17.15
HSBC Arbitrage Reg,Regular,27296,INF917K01QL8,Debt,HSBC Ultra Short Duration Direct-G,Mutual Fund,--,3.31
HSBC Arbitrage Reg,Regular,27296,INF917K01QL8,Debt,Indian Bank CD 12/01/2027,Certificate of Deposit,A1+,2.68
HSBC Arbitrage Reg,Regular,27296,INF917K01QL8,Debt,Small Industries Devp. Bank of India Ltd CD 06/11/2026,Certificate of Deposit,A1+,0.91
HSBC Arbitrage Reg,Regular,27296,INF917K01QL8,Debt,Reserve Bank of India T-Bills 364-D 28/01/2027,Treasury Bills,SOV,0.9
HSBC Arbitrage Reg,Regular,27296,INF917K01QL8,Equity,ICICI Bank,Financial,17.14,6.08
HSBC Arbitrage Reg,Regular,27296,INF917K01QL8,Equity,HDFC Bank,Financial,15.15,5.52
HSBC Arbitrage Reg,Regular,27296,INF917K01QL8,Equity,Bandhan Bank,Financial,26.36,4.07
HSBC Arbitrage Reg,Regular,27296,INF917K01QL8,Equity,SAIL,Materials,22.3,3.86
HSBC Arbitrage Reg,Regular,27296,INF917K01QL8,Equity,RBL Bank,Financial,25.18,3.32
HSBC Balanced Advantage Reg,Regular,12058,INF917K01KY4,Debt,GOI Sec 7.06 10/04/2028,GOI Securities,SOV,3.29
HSBC Balanced Advantage Reg,Regular,12058,INF917K01KY4,Debt,GOI Sec 7.37 23/10/2028,GOI Securities,SOV,2.76
HSBC Balanced Advantage Reg,Regular,12058,INF917K01KY4,Debt,REC Ltd SR 245A Bonds 7.44 29/02/2028,Bonds,AAA,2.04
HSBC Balanced Advantage Reg,Regular,12058,INF917K01KY4,Debt,REC Ltd SR 236-A Debenture 7.45 31/08/2035,Debenture,AAA,1.73
HSBC Balanced Advantage Reg,Regular,12058,INF917K01KY4,Debt,GOI Sec 7.18 14/08/2033,GOI Securities,SOV,1.73
HSBC Balanced Advantage Reg,Regular,12058,INF917K01KY4,Equity,HDFC Bank,Financial,15.15,5.5
HSBC Balanced Advantage Reg,Regular,12058,INF917K01KY4,Equity,ICICI Bank,Financial,17.14,5.39
HSBC Balanced Advantage Reg,Regular,12058,INF917K01KY4,Equity,Axis Bank,Financial,15.54,4.55
HSBC Balanced Advantage Reg,Regular,12058,INF917K01KY4,Equity,Kotak Bank,Financial,19.98,3.87
HSBC Balanced Advantage Reg,Regular,12058,INF917K01KY4,Equity,Aurobindo Pharma,Healthcare,23.84,3.49
HSBC Conservative Hybrid Reg,Regular,2077,INF336L01099,Debt,Maharashtra State SDL 7.70 25/05/2032,State Development Loan,SOV,10.14
HSBC Conservative Hybrid Reg,Regular,2077,INF336L01099,Debt,National Bank For Agriculture & Rural Development SR 25G Bonds 7.48 15/09/2028,Bonds,AAA,7.03
HSBC Conservative Hybrid Reg,Regular,2077,INF336L01099,Debt,REC Ltd SR 245A Bonds 7.44 29/02/2028,Bonds,AAA,6.81
HSBC Conservative Hybrid Reg,Regular,2077,INF336L01099,Debt,Tamilnadu State SDL 7.58 11/02/2037,State Development Loan,SOV,6.8
HSBC Conservative Hybrid Reg,Regular,2077,INF336L01099,Debt,GOI Sec 6.48 06/10/2035,GOI Securities,SOV,3.93
HSBC Conservative Hybrid Reg,Regular,2077,INF336L01099,Equity,Billionbrains Garage Ventures,Financial,57.75,2.48
HSBC Conservative Hybrid Reg,Regular,2077,INF336L01099,Equity,ICICI Bank,Financial,17.14,2.28
HSBC Conservative Hybrid Reg,Regular,2077,INF336L01099,Equity,The Federal Bank,Financial,17.61,1.75
HSBC Conservative Hybrid Reg,Regular,2077,INF336L01099,Equity,GE Vernova T&D,Industrials,101.42,1.38
HSBC Conservative Hybrid Reg,Regular,2077,INF336L01099,Equity,KEI,Industrials,53.92,1.11
HSBC Equity Savings Reg,Regular,13338,INF917K01AA5,Debt,GOI Sec 6.36 16/02/2031,GOI Securities,SOV,2.46
HSBC Equity Savings Reg,Regular,13338,INF917K01AA5,Debt,Reserve Bank of India T-Bills 364-D 28/01/2027,Treasury Bills,SOV,2.37
HSBC Equity Savings Reg,Regular,13338,INF917K01AA5,Debt,Reserve Bank of India T-Bills 364-D 04/02/2027,Treasury Bills,SOV,2.37
HSBC Equity Savings Reg,Regular,13338,INF917K01AA5,Debt,GOI Sec 7.06 10/04/2028,GOI Securities,SOV,1.91
HSBC Equity Savings Reg,Regular,13338,INF917K01AA5,Debt,GOI Sec 7.04 03/06/2029,GOI Securities,SOV,1.55
HSBC Equity Savings Reg,Regular,13338,INF917K01AA5,Equity,ICICI Bank,Financial,17.14,4.62
HSBC Equity Savings Reg,Regular,13338,INF917K01AA5,Equity,SBI,Financial,11.13,4.56
HSBC Equity Savings Reg,Regular,13338,INF917K01AA5,Equity,HDFC Bank,Financial,15.15,4.05
HSBC Equity Savings Reg,Regular,13338,INF917K01AA5,Equity,Axis Bank,Financial,15.54,2.69
HSBC Equity Savings Reg,Regular,13338,INF917K01AA5,Equity,JIO Financial,Financial,97.68,2.58
HSBC Flexi Cap Reg,Regular,2072,#N/A,Debt,--,--,--,--
HSBC Flexi Cap Reg,Regular,2072,#N/A,Equity,ICICI Bank,Financial,17.14,4.2
HSBC Flexi Cap Reg,Regular,2072,#N/A,Equity,HDFC Bank,Financial,15.15,3.14
HSBC Flexi Cap Reg,Regular,2072,#N/A,Equity,Reliance Ind,Energy & Utilities,21.14,2.85
HSBC Flexi Cap Reg,Regular,2072,#N/A,Equity,MTAR Technologies,Industrials,234.15,2.73
HSBC Flexi Cap Reg,Regular,2072,#N/A,Equity,TD Power Systems,Industrials,75.44,2.26
HSBC Focused Reg,Regular,41020,#N/A,Debt,--,--,--,--
HSBC Focused Reg,Regular,41020,#N/A,Equity,ICICI Bank,Financial,17.14,7.71
HSBC Focused Reg,Regular,41020,#N/A,Equity,HDFC Bank,Financial,15.15,6.65
HSBC Focused Reg,Regular,41020,#N/A,Equity,Larsen & Toubro,Industrials,33.53,4.85
HSBC Focused Reg,Regular,41020,#N/A,Equity,MCX,Financial,52.56,4.66
HSBC Focused Reg,Regular,41020,#N/A,Equity,GE Vernova T&D,Industrials,101.42,4.6
HSBC Gilt Reg,Regular,806,#N/A,Debt,GOI Sec 6.90 15/04/2065,GOI Securities,SOV,19.25
HSBC Gilt Reg,Regular,806,#N/A,Debt,GOI Sec 7.24 18/08/2055,GOI Securities,SOV,17.74
HSBC Gilt Reg,Regular,806,#N/A,Debt,GOI Sec 6.36 16/02/2031,GOI Securities,SOV,15.1
HSBC Gilt Reg,Regular,806,#N/A,Debt,Reserve Bank of India T-Bills 182-D 03/09/2026,Treasury Bills,SOV,14.88
HSBC Gilt Reg,Regular,806,#N/A,Debt,GOI Sec 6.68 07/07/2040,GOI Securities,SOV,8.79
HSBC Gilt Reg,Regular,806,#N/A,Equity,--,--,--,--
Helios Arbitrage Reg,Regular,45889,INF0R8701418,Debt,Reserve Bank of India T-Bills 364-D 28/01/2027,Treasury Bills,SOV,9.95
Helios Arbitrage Reg,Regular,45889,INF0R8701418,Debt,Reserve Bank of India T-Bills 364-D 11/03/2027,Treasury Bills,SOV,9.89
Helios Arbitrage Reg,Regular,45889,INF0R8701418,Debt,Reserve Bank of India T-Bills 364-D 13/08/2026,Treasury Bills,SOV,4.08
Helios Arbitrage Reg,Regular,45889,INF0R8701418,Equity,Sun Pharmaceutical,Healthcare,37.38,6.82
Helios Arbitrage Reg,Regular,45889,INF0R8701418,Equity,ICICI Bank,Financial,17.14,6.23
Helios Arbitrage Reg,Regular,45889,INF0R8701418,Equity,Mahindra & Mahindra,Consumer Discretionary,21.56,5.65
Helios Arbitrage Reg,Regular,45889,INF0R8701418,Equity,Bharti Airtel,Technology,40.64,5.57
Helios Arbitrage Reg,Regular,45889,INF0R8701418,Equity,ITC,Consumer Staples,17.2,4.91
Helios Balanced Advantage Reg,Regular,44206,INF0R8701111,Debt,--,--,--,--
Helios Balanced Advantage Reg,Regular,44206,INF0R8701111,Equity,--,--,--,--
Helios Flexi Cap Reg,Regular,43837,#N/A,Debt,--,--,--,--
Helios Flexi Cap Reg,Regular,43837,#N/A,Equity,Adani Ports,Industrials,32.9,4.39
Helios Flexi Cap Reg,Regular,43837,#N/A,Equity,HDFC Bank,Financial,15.15,4.35
Helios Flexi Cap Reg,Regular,43837,#N/A,Equity,Eternal,Technology,634.13,3.86
Helios Flexi Cap Reg,Regular,43837,#N/A,Equity,ICICI Bank,Financial,17.14,3.78
Helios Flexi Cap Reg,Regular,43837,#N/A,Equity,Reliance Ind,Energy & Utilities,21.14,3.76
ICICI Pru Aggressive Hybrid Active FoF,Regular,1936,INF109K01852,Debt,ICICI Pru Gilt Direct-G,Mutual Fund,--,9.05
ICICI Pru Aggressive Hybrid Active FoF,Regular,1936,INF109K01852,Debt,ICICI Pru Corporate Bond Direct-G,Mutual Fund,--,5.99
ICICI Pru Aggressive Hybrid Active FoF,Regular,1936,INF109K01852,Debt,ICICI Pru Savings Direct -G,Mutual Fund,--,5.14
ICICI Pru Aggressive Hybrid Active FoF,Regular,1936,INF109K01852,Equity,ICICI Pru Banking and Financial Services Direct-G,Unspecified,--,26.8
ICICI Pru Aggressive Hybrid Active FoF,Regular,1936,INF109K01852,Equity,ICICI Pru Technology Direct-G,Unspecified,--,23.21
ICICI Pru Aggressive Hybrid Active FoF,Regular,1936,INF109K01852,Equity,ICICI Pru Pharma Healthcare And Diagnostics (P.H.D) Direct-G,Unspecified,--,9.32
ICICI Pru Aggressive Hybrid Active FoF,Regular,1936,INF109K01852,Equity,ICICI Pru Bharat Consumption Direct-G,Unspecified,--,7.92
ICICI Pru Aggressive Hybrid Active FoF,Regular,1936,INF109K01852,Equity,ICICI Pru Rural Opportunities Direct-G,Unspecified,--,5.18
ICICI Pru Arbitrage,Regular,3902,INF109K01BF6,Debt,ICICI Pru Money Market Direct-G,Mutual Fund,--,16.06
ICICI Pru Arbitrage,Regular,3902,INF109K01BF6,Debt,Union Bank of India CD 18/02/2027,Certificate of Deposit,A1+,1.91
ICICI Pru Arbitrage,Regular,3902,INF109K01BF6,Debt,HDFC Bank Ltd CD 15/02/2027,Certificate of Deposit,A1+,1.47
ICICI Pru Arbitrage,Regular,3902,INF109K01BF6,Debt,Small Industries Devp. Bank of India Ltd CD 28/01/2027,Certificate of Deposit,A1+,1.18
ICICI Pru Arbitrage,Regular,3902,INF109K01BF6,Debt,National Bank For Agriculture & Rural Development CD 26/02/2027,Certificate of Deposit,A1+,0.88
ICICI Pru Arbitrage,Regular,3902,INF109K01BF6,Equity,Bharti Airtel,Technology,40.64,5.15
ICICI Pru Arbitrage,Regular,3902,INF109K01BF6,Equity,HDFC Bank,Financial,15.15,3.9
ICICI Pru Arbitrage,Regular,3902,INF109K01BF6,Equity,Vodafone Idea,Technology,4.33,3.7
ICICI Pru Arbitrage,Regular,3902,INF109K01BF6,Equity,Reliance Ind,Energy & Utilities,21.14,3.5
ICICI Pru Arbitrage,Regular,3902,INF109K01BF6,Equity,SBI,Financial,11.13,2.95
ICICI Pru BSE 500 ETF,Regular,36037,#N/A,Debt,--,--,--,--
ICICI Pru BSE 500 ETF,Regular,36037,#N/A,Equity,HDFC Bank,Financial,15.15,6.03
ICICI Pru BSE 500 ETF,Regular,36037,#N/A,Equity,ICICI Bank,Financial,17.14,4.78
ICICI Pru BSE 500 ETF,Regular,36037,#N/A,Equity,Reliance Ind,Energy & Utilities,21.14,4.75
ICICI Pru BSE 500 ETF,Regular,36037,#N/A,Equity,Bharti Airtel,Technology,40.64,2.77
ICICI Pru BSE 500 ETF,Regular,36037,#N/A,Equity,Larsen & Toubro,Industrials,33.53,2.53
ICICI Pru BSE 500 ETF FOF,Regular,41850,#N/A,Debt,--,--,--,--
ICICI Pru BSE 500 ETF FOF,Regular,41850,#N/A,Equity,ICICI BSE500 ETF,Unspecified,--,99.9
ICICI Pru Balanced Advantage,Regular,3906,INF109K01BH2,Debt,Embassy Office,Real Estate Investment Trusts,--,2.92
ICICI Pru Balanced Advantage,Regular,3906,INF109K01BH2,Debt,HDFC Bank Ltd CD 15/02/2027,Certificate of Deposit,A1+,1.48
ICICI Pru Balanced Advantage,Regular,3906,INF109K01BH2,Debt,GOI Sec 6.90 15/04/2065,GOI Securities,SOV,1.12
ICICI Pru Balanced Advantage,Regular,3906,INF109K01BH2,Debt,Cholamandalam Investment & Finance Company Ltd SR 665 RR Debenture 27/02/2029,Debenture,AA+,0.99
ICICI Pru Balanced Advantage,Regular,3906,INF109K01BH2,Debt,GOI Sec 7.24 18/08/2055,GOI Securities,SOV,0.9
ICICI Pru Balanced Advantage,Regular,3906,INF109K01BH2,Equity,TVS Motor,Consumer Discretionary,52.76,5.09
ICICI Pru Balanced Advantage,Regular,3906,INF109K01BH2,Equity,ICICI Bank,Financial,17.14,3.82
ICICI Pru Balanced Advantage,Regular,3906,INF109K01BH2,Equity,HDFC Bank,Financial,15.15,3.52
ICICI Pru Balanced Advantage,Regular,3906,INF109K01BH2,Equity,Reliance Ind,Energy & Utilities,21.14,3.02
ICICI Pru Balanced Advantage,Regular,3906,INF109K01BH2,Equity,Infosys,Technology,15.78,2.83
ICICI Pru Children's,Regular,1031,INF109K01605,Debt,Vedanta Ltd SR 1 Debenture 9.40 20/02/2027,Debenture,AA+,3.55
ICICI Pru Children's,Regular,1031,INF109K01605,Debt,GOI Sec 7.34 22/04/2064,GOI Securities,SOV,2.04
ICICI Pru Children's,Regular,1031,INF109K01605,Debt,Muthoot Finance Ltd Debenture 8.90 17/06/2027,Debenture,AA+,1.78
ICICI Pru Children's,Regular,1031,INF109K01605,Debt,GOI Sec 6.90 15/04/2065,GOI Securities,SOV,1.28
ICICI Pru Children's,Regular,1031,INF109K01605,Debt,GOI Sec 6.48 06/10/2035,GOI Securities,SOV,1.26
ICICI Pru Children's,Regular,1031,INF109K01605,Equity,Reliance Ind,Energy & Utilities,21.14,8.45
ICICI Pru Children's,Regular,1031,INF109K01605,Equity,HDFC Bank,Financial,15.15,6.88
ICICI Pru Children's,Regular,1031,INF109K01605,Equity,Atul,Materials,28.79,4.38
ICICI Pru Children's,Regular,1031,INF109K01605,Equity,SBI,Financial,11.13,3.43
ICICI Pru Children's,Regular,1031,INF109K01605,Equity,Infosys,Technology,15.78,3.3
ICICI Pru Constant Maturity Gilt,Regular,27952,#N/A,Debt,GOI Sec 6.48 06/10/2035,GOI Securities,SOV,26.27
ICICI Pru Constant Maturity Gilt,Regular,27952,#N/A,Debt,GOI Sec 6.68 07/07/2040,GOI Securities,SOV,20.09
ICICI Pru Constant Maturity Gilt,Regular,27952,#N/A,Debt,GOI Sec 6.64 16/06/2035,GOI Securities,SOV,19.07
ICICI Pru Constant Maturity Gilt,Regular,27952,#N/A,Debt,GOI Sec 7.41 19/12/2036,GOI Securities,SOV,17.03
ICICI Pru Constant Maturity Gilt,Regular,27952,#N/A,Debt,GOI Sec 6.68 27/01/2033,GOI Securities,SOV,9.99
ICICI Pru Constant Maturity Gilt,Regular,27952,#N/A,Equity,--,--,--,--
ICICI Pru Diversified Equity All Cap Active FoF,Regular,45887,#N/A,Debt,--,--,--,--
ICICI Pru Diversified Equity All Cap Active FoF,Regular,45887,#N/A,Equity,ICICI Pru Large & Mid Cap Direct-G,Unspecified,--,40.46
ICICI Pru Diversified Equity All Cap Active FoF,Regular,45887,#N/A,Equity,ICICI Pru Large Cap Direct-G,Unspecified,--,31.34
ICICI Pru Diversified Equity All Cap Active FoF,Regular,45887,#N/A,Equity,ICICI Pru Smallcap Direct-G,Unspecified,--,9.62
ICICI Pru Diversified Equity All Cap Active FoF,Regular,45887,#N/A,Equity,ICICI Pru Multicap Direct-G,Unspecified,--,9.25
ICICI Pru Diversified Equity All Cap Active FoF,Regular,45887,#N/A,Equity,ICICI Pru Focused Equity Direct-G,Unspecified,--,5.61
ICICI Pru Diversified Equity All Cap Omni FoF,Regular,40660,#N/A,Debt,--,--,--,--
ICICI Pru Diversified Equity All Cap Omni FoF,Regular,40660,#N/A,Equity,ICICI Pru Focused Equity Direct-G,Unspecified,--,49.24
ICICI Pru Diversified Equity All Cap Omni FoF,Regular,40660,#N/A,Equity,Bandhan Large & Mid Cap Direct-G,Unspecified,--,6.94
ICICI Pru Diversified Equity All Cap Omni FoF,Regular,40660,#N/A,Equity,Parag Parikh Flexi Cap Direct-G,Unspecified,--,6.54
ICICI Pru Diversified Equity All Cap Omni FoF,Regular,40660,#N/A,Equity,Helios Flexi Cap Direct-G,Unspecified,--,5.81
ICICI Pru Diversified Equity All Cap Omni FoF,Regular,40660,#N/A,Equity,HDFC SML250 ETF,Unspecified,--,5.45
ICICI Pru Dynamic Asset Allocation Active FoF,Regular,1934,INF109K01837,Debt,ICICI Pru All Seasons Bond Direct-G,Mutual Fund,--,11.11
ICICI Pru Dynamic Asset Allocation Active FoF,Regular,1934,INF109K01837,Debt,ICICI Pru Savings Direct -G,Mutual Fund,--,7.99
ICICI Pru Dynamic Asset Allocation Active FoF,Regular,1934,INF109K01837,Debt,ICICI Pru Short Term Direct-G,Mutual Fund,--,4.52
ICICI Pru Dynamic Asset Allocation Active FoF,Regular,1934,INF109K01837,Debt,ICICI Pru Corporate Bond Direct-G,Mutual Fund,--,4.06
ICICI Pru Dynamic Asset Allocation Active FoF,Regular,1934,INF109K01837,Debt,ICICI Pru Gilt Direct-G,Mutual Fund,--,3.84
ICICI Pru Dynamic Asset Allocation Active FoF,Regular,1934,INF109K01837,Equity,ICICI Pru Value Direct-G,Unspecified,--,10.87
ICICI Pru Dynamic Asset Allocation Active FoF,Regular,1934,INF109K01837,Equity,ICICI Pru Focused Equity Direct-G,Unspecified,--,5.64
ICICI Pru Dynamic Asset Allocation Active FoF,Regular,1934,INF109K01837,Equity,ICICI Pru Technology Direct-G,Unspecified,--,5.33
ICICI Pru Dynamic Asset Allocation Active FoF,Regular,1934,INF109K01837,Equity,ICICI Pru Innovation Direct-G,Unspecified,--,5.05
ICICI Pru Dynamic Asset Allocation Active FoF,Regular,1934,INF109K01837,Equity,ICICI Pru Large & Mid Cap Direct-G,Unspecified,--,4.9
ICICI Pru Equity & Debt,Regular,686,INF109K01480,Debt,GOI Sec 6.90 15/04/2065,GOI Securities,SOV,1.17
ICICI Pru Equity & Debt,Regular,686,INF109K01480,Debt,Embassy Office,Real Estate Investment Trusts,--,1.09
ICICI Pru Equity & Debt,Regular,686,INF109K01480,Debt,GOI Sec 7.24 18/08/2055,GOI Securities,SOV,1.03
ICICI Pru Equity & Debt,Regular,686,INF109K01480,Debt,Cholamandalam Investment & Finance Company Ltd SR 665 RR Debenture 27/02/2029,Debenture,AA+,0.8
ICICI Pru Equity & Debt,Regular,686,INF109K01480,Debt,Samvardhana Motherson International Ltd Debenture 6.50 20/09/2027,Debenture,--,0.65
ICICI Pru Equity & Debt,Regular,686,INF109K01480,Equity,HDFC Bank,Financial,15.15,6.07
ICICI Pru Equity & Debt,Regular,686,INF109K01480,Equity,ICICI Bank,Financial,17.14,4.88
ICICI Pru Equity & Debt,Regular,686,INF109K01480,Equity,Reliance Ind,Energy & Utilities,21.14,4.71
ICICI Pru Equity & Debt,Regular,686,INF109K01480,Equity,Sun Pharmaceutical,Healthcare,37.38,4.16
ICICI Pru Equity & Debt,Regular,686,INF109K01480,Equity,NTPC,Energy & Utilities,12.62,4.02
ICICI Pru Equity Savings,Regular,28743,INF109KA14I5,Debt,ICICI Pru Savings Direct -G,Mutual Fund,--,8.22
ICICI Pru Equity Savings,Regular,28743,INF109KA14I5,Debt,ICICI Pru Money Market Direct-G,Mutual Fund,--,7.96
ICICI Pru Equity Savings,Regular,28743,INF109KA14I5,Debt,HDFC Bank Ltd CD 05/03/2027,Certificate of Deposit,A1+,0.85
ICICI Pru Equity Savings,Regular,28743,INF109KA14I5,Debt,GOI Sec 6.90 15/04/2065,GOI Securities,SOV,0.81
ICICI Pru Equity Savings,Regular,28743,INF109KA14I5,Debt,GOI Sec 6.48 06/10/2035,GOI Securities,SOV,0.66
ICICI Pru Equity Savings,Regular,28743,INF109KA14I5,Equity,HDFC Bank,Financial,15.15,8.24
ICICI Pru Equity Savings,Regular,28743,INF109KA14I5,Equity,Sun Pharmaceutical,Healthcare,37.38,5.58
ICICI Pru Equity Savings,Regular,28743,INF109KA14I5,Equity,Reliance Ind,Energy & Utilities,21.14,5.45
ICICI Pru Equity Savings,Regular,28743,INF109KA14I5,Equity,Kotak Bank,Financial,19.98,3.42
ICICI Pru Equity Savings,Regular,28743,INF109KA14I5,Equity,Mahindra & Mahindra,Consumer Discretionary,21.56,3.2
ICICI Pru Flexicap,Regular,41523,#N/A,Debt,--,--,--,--
ICICI Pru Flexicap,Regular,41523,#N/A,Equity,TVS Motor,Consumer Discretionary,52.76,9.25
ICICI Pru Flexicap,Regular,41523,#N/A,Equity,Maruti Suzuki,Consumer Discretionary,28.03,6.74
ICICI Pru Flexicap,Regular,41523,#N/A,Equity,ICICI Bank,Financial,17.14,6.37
ICICI Pru Flexicap,Regular,41523,#N/A,Equity,Avenue Supermarts,Consumer Staples,89.06,4.09
ICICI Pru Flexicap,Regular,41523,#N/A,Equity,HDFC Bank,Financial,15.15,3.72
ICICI Pru Focused Equity,Regular,10399,#N/A,Debt,--,--,--,--
ICICI Pru Focused Equity,Regular,10399,#N/A,Equity,ICICI Bank,Financial,17.14,8.07
ICICI Pru Focused Equity,Regular,10399,#N/A,Equity,Axis Bank,Financial,15.54,6.68
ICICI Pru Focused Equity,Regular,10399,#N/A,Equity,TVS Motor,Consumer Discretionary,52.76,5.21
ICICI Pru Focused Equity,Regular,10399,#N/A,Equity,HDFC Bank,Financial,15.15,4.95
ICICI Pru Focused Equity,Regular,10399,#N/A,Equity,Adani Ports,Industrials,32.9,4.6
ICICI Pru Gilt,Regular,643,#N/A,Debt,GOI Sec 6.90 15/04/2065,GOI Securities,SOV,15.03
ICICI Pru Gilt,Regular,643,#N/A,Debt,GOI Sec 6.48 06/10/2035,GOI Securities,SOV,12.57
ICICI Pru Gilt,Regular,643,#N/A,Debt,GOI Sec 7.24 18/08/2055,GOI Securities,SOV,9.6
ICICI Pru Gilt,Regular,643,#N/A,Debt,GOI Sec 7.34 22/04/2064,GOI Securities,SOV,8.8
ICICI Pru Gilt,Regular,643,#N/A,Debt,Maharashtra State SDL 7.15 16/07/2049,State Development Loan,SOV,3.24
ICICI Pru Gilt,Regular,643,#N/A,Equity,--,--,--,--
ICICI Pru Nifty 10 yr Benchmark G-Sec ETF,Regular,42946,#N/A,Debt,GOI Sec 6.94 11/05/2036,GOI Securities,SOV,98.96
ICICI Pru Nifty 10 yr Benchmark G-Sec ETF,Regular,42946,#N/A,Equity,--,--,--,--
ICICI Pru Nifty 5 yr Benchmark G-SEC ETF,Regular,42160,#N/A,Debt,GOI Sec 6.36 16/02/2031,GOI Securities,SOV,97.18
ICICI Pru Nifty 5 yr Benchmark G-SEC ETF,Regular,42160,#N/A,Equity,--,--,--,--
ICICI Pru Nifty 500 Index,Regular,44818,#N/A,Debt,--,--,--,--
ICICI Pru Nifty 500 Index,Regular,44818,#N/A,Equity,HDFC Bank,Financial,15.15,5.88
ICICI Pru Nifty 500 Index,Regular,44818,#N/A,Equity,ICICI Bank,Financial,17.14,4.64
ICICI Pru Nifty 500 Index,Regular,44818,#N/A,Equity,Reliance Ind,Energy & Utilities,21.14,4.61
ICICI Pru Nifty 500 Index,Regular,44818,#N/A,Equity,Bharti Airtel,Technology,40.64,2.9
ICICI Pru Nifty 500 Index,Regular,44818,#N/A,Equity,Larsen & Toubro,Industrials,33.53,2.47
ICICI Pru Regular Savings Reg,Regular,2100,INF109K01902,Debt,GOI Sec 6.90 15/04/2065,GOI Securities,SOV,4.1
ICICI Pru Regular Savings Reg,Regular,2100,INF109K01902,Debt,GOI Sec 6.48 06/10/2035,GOI Securities,SOV,3.35
ICICI Pru Regular Savings Reg,Regular,2100,INF109K01902,Debt,National Bank For Agriculture & Rural Development SR 24C Bonds/NCD 7.83 30/12/2026,Bonds/NCDs,AAA,3.02
ICICI Pru Regular Savings Reg,Regular,2100,INF109K01902,Debt,Adani Enterprises Ltd NCD 8.70 24/03/2028,Non Convertible Debenture,AA-,3
ICICI Pru Regular Savings Reg,Regular,2100,INF109K01902,Debt,Manappuram Finance Ltd NCD 15/12/2027,Non Convertible Debenture,AA,2.99
ICICI Pru Regular Savings Reg,Regular,2100,INF109K01902,Equity,ICICI Bank,Financial,17.14,1.42
ICICI Pru Regular Savings Reg,Regular,2100,INF109K01902,Equity,HDFC Bank,Financial,15.15,1.35
ICICI Pru Regular Savings Reg,Regular,2100,INF109K01902,Equity,Axis Bank,Financial,15.54,1.08
ICICI Pru Regular Savings Reg,Regular,2100,INF109K01902,Equity,SBI Life Insurance,Financial,122,0.97
ICICI Pru Regular Savings Reg,Regular,2100,INF109K01902,Equity,Bharti Airtel,Technology,40.64,0.93
ICICI Pru Retirement Hybrid Aggressive,Regular,39057,INF109KC1TU8,Debt,Vedanta Ltd SR I Debenture 9.31 03/12/2027,Debenture,AA,2.52
ICICI Pru Retirement Hybrid Aggressive,Regular,39057,INF109KC1TU8,Debt,GOI Sec 6.48 06/10/2035,GOI Securities,SOV,1.64
ICICI Pru Retirement Hybrid Aggressive,Regular,39057,INF109KC1TU8,Debt,GOI Sec 6.90 15/04/2065,GOI Securities,SOV,1.51
ICICI Pru Retirement Hybrid Aggressive,Regular,39057,INF109KC1TU8,Debt,Summit Digitel Infrastructure Pvt. Ltd Debenture 6.59 16/06/2026,Debenture,AAA,1.26
ICICI Pru Retirement Hybrid Aggressive,Regular,39057,INF109KC1TU8,Debt,National Bank For Agriculture & Rural Development SR 23I Debenture 7.62 31/01/2028,Debenture,AAA,1.25
ICICI Pru Retirement Hybrid Aggressive,Regular,39057,INF109KC1TU8,Equity,HDFC Bank,Financial,15.15,2.37
ICICI Pru Retirement Hybrid Aggressive,Regular,39057,INF109KC1TU8,Equity,Mahindra & Mahindra,Consumer Discretionary,21.56,2.21
ICICI Pru Retirement Hybrid Aggressive,Regular,39057,INF109KC1TU8,Equity,Titan,Consumer Discretionary,70.73,2.19
ICICI Pru Retirement Hybrid Aggressive,Regular,39057,INF109KC1TU8,Equity,Reliance Ind,Energy & Utilities,21.14,2.14
ICICI Pru Retirement Hybrid Aggressive,Regular,39057,INF109KC1TU8,Equity,Tech Mahindra,Technology,30.12,1.9
ICICI Pru Retirement Hybrid Conservative,Regular,39061,INF109KC1TY0,Debt,GOI Sec 6.48 06/10/2035,GOI Securities,SOV,13.96
ICICI Pru Retirement Hybrid Conservative,Regular,39061,INF109KC1TY0,Debt,GOI Sec 7.34 22/04/2064,GOI Securities,SOV,6.32
ICICI Pru Retirement Hybrid Conservative,Regular,39061,INF109KC1TY0,Debt,Summit Digitel Infrastructure Pvt. Ltd Debenture 6.59 16/06/2026,Debenture,AAA,5.5
ICICI Pru Retirement Hybrid Conservative,Regular,39061,INF109KC1TY0,Debt,National Bank For Agriculture & Rural Development SR 23I Debenture 7.62 31/01/2028,Debenture,AAA,5.48
ICICI Pru Retirement Hybrid Conservative,Regular,39061,INF109KC1TY0,Debt,Power Finance Corporation Ltd SR 205-B Debenture 7.20 10/08/2035,Debenture,AAA,5.29
ICICI Pru Retirement Hybrid Conservative,Regular,39061,INF109KC1TY0,Equity,Larsen & Toubro,Industrials,33.53,1.57
ICICI Pru Retirement Hybrid Conservative,Regular,39061,INF109KC1TY0,Equity,Mahindra & Mahindra,Consumer Discretionary,21.56,1.43
ICICI Pru Retirement Hybrid Conservative,Regular,39061,INF109KC1TY0,Equity,Bajaj Auto,Consumer Discretionary,26.4,1.31
ICICI Pru Retirement Hybrid Conservative,Regular,39061,INF109KC1TY0,Equity,Bharti Hexacom,Technology,42.31,1.25
ICICI Pru Retirement Hybrid Conservative,Regular,39061,INF109KC1TY0,Equity,Tech Mahindra,Technology,30.12,1.22
ICICI Pru Retirement Pure Equity,Regular,39053,#N/A,Debt,--,--,--,--
ICICI Pru Retirement Pure Equity,Regular,39053,#N/A,Equity,HDFC Bank,Financial,15.15,5.74
ICICI Pru Retirement Pure Equity,Regular,39053,#N/A,Equity,Reliance Ind,Energy & Utilities,21.14,4.14
ICICI Pru Retirement Pure Equity,Regular,39053,#N/A,Equity,Hindustan Unilever,Consumer Staples,33.91,3.34
ICICI Pru Retirement Pure Equity,Regular,39053,#N/A,Equity,Britannia Ind,Consumer Staples,49.12,2.47
ICICI Pru Retirement Pure Equity,Regular,39053,#N/A,Equity,ICICI Bank,Financial,17.14,2.38
ITI Arbitrage Reg,Regular,40253,INF00XX01416,Debt,--,--,--,--
ITI Arbitrage Reg,Regular,40253,INF00XX01416,Equity,--,--,--,--
ITI Balanced Advantage Reg,Regular,40423,INF00XX01655,Debt,--,--,--,--
ITI Balanced Advantage Reg,Regular,40423,INF00XX01655,Equity,--,--,--,--
ITI Flexi Cap Reg,Regular,43118,#N/A,Debt,--,--,--,--
ITI Flexi Cap Reg,Regular,43118,#N/A,Equity,HDFC Bank,Financial,15.15,4.82
ITI Flexi Cap Reg,Regular,43118,#N/A,Equity,ICICI Bank,Financial,17.14,4.35
ITI Flexi Cap Reg,Regular,43118,#N/A,Equity,Reliance Ind,Energy & Utilities,21.14,4.28
ITI Flexi Cap Reg,Regular,43118,#N/A,Equity,Bharti Airtel,Technology,40.64,2.75
ITI Flexi Cap Reg,Regular,43118,#N/A,Equity,Larsen & Toubro,Industrials,33.53,2.39
ITI Focused Reg,Regular,43532,#N/A,Debt,--,--,--,--
ITI Focused Reg,Regular,43532,#N/A,Equity,HDFC Bank,Financial,15.15,5.48
ITI Focused Reg,Regular,43532,#N/A,Equity,MCX,Financial,52.56,4.84
ITI Focused Reg,Regular,43532,#N/A,Equity,Reliance Ind,Energy & Utilities,21.14,4.83
ITI Focused Reg,Regular,43532,#N/A,Equity,ICICI Bank,Financial,17.14,4.77
ITI Focused Reg,Regular,43532,#N/A,Equity,Solar,Materials,95.91,4.19
Invesco India Aggressive Hybrid Reg,Regular,36538,INF205K011Q3,Debt,Invesco India Low Duration Direct-G,Mutual Fund,--,7.55
Invesco India Aggressive Hybrid Reg,Regular,36538,INF205K011Q3,Debt,National Bank For Agriculture & Rural Development SR 24E Debenture 7.80 15/03/2027,Debenture,AAA,3.29
Invesco India Aggressive Hybrid Reg,Regular,36538,INF205K011Q3,Debt,National Bank For Agriculture & Rural Development SR 25E Bonds 7.53 24/03/2028,Bonds,AAA,3.28
Invesco India Aggressive Hybrid Reg,Regular,36538,INF205K011Q3,Debt,Adani Power Ltd SR II Debenture 8.20 25/01/2029,Debenture,AA,3.25
Invesco India Aggressive Hybrid Reg,Regular,36538,INF205K011Q3,Debt,Jio Credit Ltd SR 1 Debenture 7.19 15/03/2028,Debenture,AAA,3.24
Invesco India Aggressive Hybrid Reg,Regular,36538,INF205K011Q3,Equity,HDFC Bank,Financial,15.15,5.26
Invesco India Aggressive Hybrid Reg,Regular,36538,INF205K011Q3,Equity,ICICI Bank,Financial,17.14,4.64
Invesco India Aggressive Hybrid Reg,Regular,36538,INF205K011Q3,Equity,Infosys,Technology,15.78,3.88
Invesco India Aggressive Hybrid Reg,Regular,36538,INF205K011Q3,Equity,Kotak Bank,Financial,19.98,2.77
Invesco India Aggressive Hybrid Reg,Regular,36538,INF205K011Q3,Equity,Tata Consultancy,Technology,15.83,2.5
Invesco India Arbitrage Reg,Regular,4840,INF205K01122,Debt,Invesco India Liquid Direct-G,Mutual Fund,--,8.55
Invesco India Arbitrage Reg,Regular,4840,INF205K01122,Debt,Invesco India Money Market Direct-G,Mutual Fund,--,5.36
Invesco India Arbitrage Reg,Regular,4840,INF205K01122,Debt,HDFC Bank Ltd CD 11/09/2026,Certificate of Deposit,A1+,1.79
Invesco India Arbitrage Reg,Regular,4840,INF205K01122,Debt,Punjab National Bank CD 15/09/2026,Certificate of Deposit,A1+,1.78
Invesco India Arbitrage Reg,Regular,4840,INF205K01122,Debt,Small Industries Devp. Bank of India Ltd CP 26/02/2027,Commercial Paper,A1+,1.73
Invesco India Arbitrage Reg,Regular,4840,INF205K01122,Equity,SBI,Financial,11.13,3.68
Invesco India Arbitrage Reg,Regular,4840,INF205K01122,Equity,ICICI Bank,Financial,17.14,3.4
Invesco India Arbitrage Reg,Regular,4840,INF205K01122,Equity,HDFC Bank,Financial,15.15,2.73
Invesco India Arbitrage Reg,Regular,4840,INF205K01122,Equity,Varun Beverages,Consumer Staples,56.06,2.63
Invesco India Arbitrage Reg,Regular,4840,INF205K01122,Equity,Cholamandalam Inv,Financial,24.07,2.55
Invesco India Balanced Advantage Reg,Regular,5566,INF205K01213,Debt,Invesco India Short Duration Direct-G,Mutual Fund,--,8.3
Invesco India Balanced Advantage Reg,Regular,5566,INF205K01213,Debt,Invesco India Low Duration Direct-G,Mutual Fund,--,7.64
Invesco India Balanced Advantage Reg,Regular,5566,INF205K01213,Debt,National Bank For Agriculture & Rural Development SR 24E Debenture 7.80 15/03/2027,Debenture,AAA,2.45
Invesco India Balanced Advantage Reg,Regular,5566,INF205K01213,Debt,GOI Sec 7.26 14/01/2029,GOI Securities,SOV,1.99
Invesco India Balanced Advantage Reg,Regular,5566,INF205K01213,Debt,Invesco India Medium Duration Direct-G,Mutual Fund,--,1.64
Invesco India Balanced Advantage Reg,Regular,5566,INF205K01213,Equity,HDFC Bank,Financial,15.15,8.07
Invesco India Balanced Advantage Reg,Regular,5566,INF205K01213,Equity,Reliance Ind,Energy & Utilities,21.14,7.44
Invesco India Balanced Advantage Reg,Regular,5566,INF205K01213,Equity,ICICI Bank,Financial,17.14,4.75
Invesco India Balanced Advantage Reg,Regular,5566,INF205K01213,Equity,Eternal,Technology,634.13,4.24
Invesco India Balanced Advantage Reg,Regular,5566,INF205K01213,Equity,Infosys,Technology,15.78,3.12
Invesco India Equity Savings Reg,Regular,39159,INF205KA1023,Debt,GOI Sec 6.48 06/10/2035,GOI Securities,SOV,5.83
Invesco India Equity Savings Reg,Regular,39159,INF205KA1023,Debt,Invesco India Liquid Direct-G,Mutual Fund,--,3.74
Invesco India Equity Savings Reg,Regular,39159,INF205KA1023,Debt,Godrej Properties Ltd SR I Debenture 8.30 19/03/2027,Debenture,AA+,3.04
Invesco India Equity Savings Reg,Regular,39159,INF205KA1023,Debt,Small Industries Devp. Bank of India Ltd SR II Debenture 7.44 04/09/2026,Debenture,AAA,3.03
Invesco India Equity Savings Reg,Regular,39159,INF205KA1023,Debt,Cholamandalam Investment & Finance Company Ltd CP 364-D 22/01/2027,Commercial Paper,A1+,2
Invesco India Equity Savings Reg,Regular,39159,INF205KA1023,Equity,Axis Bank,Financial,15.54,7.94
Invesco India Equity Savings Reg,Regular,39159,INF205KA1023,Equity,HDFC Bank,Financial,15.15,5.94
Invesco India Equity Savings Reg,Regular,39159,INF205KA1023,Equity,Reliance Ind,Energy & Utilities,21.14,5.17
Invesco India Equity Savings Reg,Regular,39159,INF205KA1023,Equity,Kotak Bank,Financial,19.98,4.75
Invesco India Equity Savings Reg,Regular,39159,INF205KA1023,Equity,United Spirits,Consumer Staples,49.94,4.24
Invesco India Flexi Cap Reg,Regular,42012,#N/A,Debt,--,--,--,--
Invesco India Flexi Cap Reg,Regular,42012,#N/A,Equity,ICICI Bank,Financial,17.14,5.43
Invesco India Flexi Cap Reg,Regular,42012,#N/A,Equity,Larsen & Toubro,Industrials,33.53,4.61
Invesco India Flexi Cap Reg,Regular,42012,#N/A,Equity,HDFC Bank,Financial,15.15,3.78
Invesco India Flexi Cap Reg,Regular,42012,#N/A,Equity,Interglobe Aviation,Industrials,--,3.15
Invesco India Flexi Cap Reg,Regular,42012,#N/A,Equity,Cholamandalam Inv,Financial,24.07,2.93
Invesco India Focused Reg,Regular,41094,#N/A,Debt,--,--,--,--
Invesco India Focused Reg,Regular,41094,#N/A,Equity,ICICI Bank,Financial,17.14,8.36
Invesco India Focused Reg,Regular,41094,#N/A,Equity,Larsen & Toubro,Industrials,33.53,7.9
Invesco India Focused Reg,Regular,41094,#N/A,Equity,HDFC Bank,Financial,15.15,7.16
Invesco India Focused Reg,Regular,41094,#N/A,Equity,Interglobe Aviation,Industrials,--,5.8
Invesco India Focused Reg,Regular,41094,#N/A,Equity,Ather Energy,Consumer Discretionary,--,5.17
Invesco India Gilt Reg,Regular,6790,#N/A,Debt,GOI Sec 7.24 18/08/2055,GOI Securities,SOV,43.11
Invesco India Gilt Reg,Regular,6790,#N/A,Debt,GOI Sec 6.90 15/04/2065,GOI Securities,SOV,30.57
Invesco India Gilt Reg,Regular,6790,#N/A,Debt,GOI Sec 6.68 07/07/2040,GOI Securities,SOV,17.77
Invesco India Gilt Reg,Regular,6790,#N/A,Equity,--,--,--,--
JM Aggressive Hybrid Reg,Regular,106,INF192K01544,Debt,GOI Sec 6.48 06/10/2035,GOI Securities,SOV,3.47
JM Aggressive Hybrid Reg,Regular,106,INF192K01544,Debt,GOI Sec 6.01 21/07/2030,GOI Securities,SOV,1.92
JM Aggressive Hybrid Reg,Regular,106,INF192K01544,Debt,Kotak Mahindra Bank Ltd CD 21/12/2026,Certificate of Deposit,A1+,1.36
JM Aggressive Hybrid Reg,Regular,106,INF192K01544,Debt,GOI Sec 6.36 16/02/2031,GOI Securities,SOV,1.26
JM Aggressive Hybrid Reg,Regular,106,INF192K01544,Debt,Canara Bank CD 12/01/2027,Certificate of Deposit,A1+,1.09
JM Aggressive Hybrid Reg,Regular,106,INF192K01544,Equity,MCX,Financial,52.56,3.46
JM Aggressive Hybrid Reg,Regular,106,INF192K01544,Equity,Bharti Airtel,Technology,40.64,3.33
JM Aggressive Hybrid Reg,Regular,106,INF192K01544,Equity,Bajaj Finance,Financial,28.93,3.14
JM Aggressive Hybrid Reg,Regular,106,INF192K01544,Equity,HDFC Bank,Financial,15.15,3.14
JM Aggressive Hybrid Reg,Regular,106,INF192K01544,Equity,NTPC,Energy & Utilities,12.62,2.93
JM Arbitrage Reg,Regular,3446,INF192K01510,Debt,JM Liquid Direct-G,Mutual Fund,--,3.95
JM Arbitrage Reg,Regular,3446,INF192K01510,Debt,Shriram Finance Ltd SR XIX TR8 Bonds 9.10 18/03/2027,Bonds,AAA,1.38
JM Arbitrage Reg,Regular,3446,INF192K01510,Debt,Reserve Bank of India T-Bills 182-D 11/06/2026,Treasury Bills,SOV,1.36
JM Arbitrage Reg,Regular,3446,INF192K01510,Debt,Reserve Bank of India T-Bills 182-D 09/07/2026,Treasury Bills,SOV,1.35
JM Arbitrage Reg,Regular,3446,INF192K01510,Debt,Reserve Bank of India T-Bills 182-D 30/07/2026,Treasury Bills,SOV,1.35
JM Arbitrage Reg,Regular,3446,INF192K01510,Equity,HDFC Bank,Financial,15.15,5.01
JM Arbitrage Reg,Regular,3446,INF192K01510,Equity,MCX,Financial,52.56,4.2
JM Arbitrage Reg,Regular,3446,INF192K01510,Equity,Kotak Bank,Financial,19.98,3.97
JM Arbitrage Reg,Regular,3446,INF192K01510,Equity,ICICI Bank,Financial,17.14,3.76
JM Arbitrage Reg,Regular,3446,INF192K01510,Equity,Bharti Airtel,Technology,40.64,3.64
JM Flexicap Reg,Regular,8653,#N/A,Debt,--,--,--,--
JM Flexicap Reg,Regular,8653,#N/A,Equity,ICICI Bank,Financial,17.14,3.56
JM Flexicap Reg,Regular,8653,#N/A,Equity,HDFC Bank,Financial,15.15,3.44
JM Flexicap Reg,Regular,8653,#N/A,Equity,Godfrey Phillips,Consumer Staples,22.94,3.04
JM Flexicap Reg,Regular,8653,#N/A,Equity,NTPC,Energy & Utilities,12.62,2.66
JM Flexicap Reg,Regular,8653,#N/A,Equity,Dr. Reddy'S Labs,Healthcare,25.28,2.62
JM Focused Reg,Regular,6673,#N/A,Debt,--,--,--,--
JM Focused Reg,Regular,6673,#N/A,Equity,Ujjivan SF Bank,Financial,14.91,5.7
JM Focused Reg,Regular,6673,#N/A,Equity,Larsen & Toubro,Industrials,33.53,5.24
JM Focused Reg,Regular,6673,#N/A,Equity,Amber Enterprises,Consumer Discretionary,152.73,5.18
JM Focused Reg,Regular,6673,#N/A,Equity,ITC,Consumer Staples,17.2,4.73
JM Focused Reg,Regular,6673,#N/A,Equity,Bajaj Finance,Financial,28.93,4.67
Kotak Aggressive Hybrid Reg,Regular,707,INF174K01E92,Debt,GOI Sec 7.34 22/04/2064,GOI Securities,SOV,2.08
Kotak Aggressive Hybrid Reg,Regular,707,INF174K01E92,Debt,HDFC Bank Ltd CD 04/06/2026,Certificate of Deposit,A1+,1.73
Kotak Aggressive Hybrid Reg,Regular,707,INF174K01E92,Debt,GOI Sec 7.24 18/08/2055,GOI Securities,SOV,1.22
Kotak Aggressive Hybrid Reg,Regular,707,INF174K01E92,Debt,Union Bank of India CD 28/07/2026,Certificate of Deposit,A1+,1.14
Kotak Aggressive Hybrid Reg,Regular,707,INF174K01E92,Debt,GOI Sec 6.90 15/04/2065,GOI Securities,SOV,1.01
Kotak Aggressive Hybrid Reg,Regular,707,INF174K01E92,Equity,Eternal,Technology,634.13,3.81
Kotak Aggressive Hybrid Reg,Regular,707,INF174K01E92,Equity,GE Vernova T&D,Industrials,101.42,3.48
Kotak Aggressive Hybrid Reg,Regular,707,INF174K01E92,Equity,Bharti Airtel,Technology,40.64,3.47
Kotak Aggressive Hybrid Reg,Regular,707,INF174K01E92,Equity,Fortis Healthcare,Healthcare,71.92,3.42
Kotak Aggressive Hybrid Reg,Regular,707,INF174K01E92,Equity,HDFC Bank,Financial,15.15,3.39
Kotak Arbitrage Reg,Regular,2882,INF174K01302,Debt,Kotak Money Market Direct-G,Mutual Fund,--,11.64
Kotak Arbitrage Reg,Regular,2882,INF174K01302,Debt,Kotak Savings Direct-G,Mutual Fund,--,5.8
Kotak Arbitrage Reg,Regular,2882,INF174K01302,Debt,Kotak Liquid Direct-G,Mutual Fund,--,3.45
Kotak Arbitrage Reg,Regular,2882,INF174K01302,Debt,Kotak Low Duration Direct-G,Mutual Fund,--,2.72
Kotak Arbitrage Reg,Regular,2882,INF174K01302,Debt,HDFC Bank Ltd CD 15/02/2027,Certificate of Deposit,A1+,2.03
Kotak Arbitrage Reg,Regular,2882,INF174K01302,Equity,HDFC Bank,Financial,15.15,3.99
Kotak Arbitrage Reg,Regular,2882,INF174K01302,Equity,ICICI Bank,Financial,17.14,2.94
Kotak Arbitrage Reg,Regular,2882,INF174K01302,Equity,Axis Bank,Financial,15.54,2.15
Kotak Arbitrage Reg,Regular,2882,INF174K01302,Equity,Kotak Bank,Financial,19.98,2.14
Kotak Arbitrage Reg,Regular,2882,INF174K01302,Equity,Bharti Airtel,Technology,40.64,1.67
Kotak Balanced Advantage Reg,Regular,37074,INF174KA1186,Debt,GOI Sec 7.34 22/04/2064,GOI Securities,SOV,5.83
Kotak Balanced Advantage Reg,Regular,37074,INF174KA1186,Debt,Bank Of Baroda CD 11/03/2027,Certificate of Deposit,A1+,1.37
Kotak Balanced Advantage Reg,Regular,37074,INF174KA1186,Debt,JTPM Metal Traders Ltd Debenture 30/04/2030,Debenture,AA,1.22
Kotak Balanced Advantage Reg,Regular,37074,INF174KA1186,Debt,National Housing Bank Bonds 6.80 02/04/2032,Bonds,AAA,1.12
Kotak Balanced Advantage Reg,Regular,37074,INF174KA1186,Debt,Brookfield REIT,Real Estate Investment Trusts,--,1.09
Kotak Balanced Advantage Reg,Regular,37074,INF174KA1186,Equity,Reliance Ind,Energy & Utilities,21.14,3.84
Kotak Balanced Advantage Reg,Regular,37074,INF174KA1186,Equity,ICICI Bank,Financial,17.14,3.79
Kotak Balanced Advantage Reg,Regular,37074,INF174KA1186,Equity,SBI,Financial,11.13,3.21
Kotak Balanced Advantage Reg,Regular,37074,INF174KA1186,Equity,HDFC Bank,Financial,15.15,2.93
Kotak Balanced Advantage Reg,Regular,37074,INF174KA1186,Equity,Bharti Airtel,Technology,40.64,2.34
Kotak Debt Hybrid Reg,Regular,1901,INF174K01393,Debt,GOI Sec 6.90 15/04/2065,GOI Securities,SOV,6.53
Kotak Debt Hybrid Reg,Regular,1901,INF174K01393,Debt,JTPM Metal Traders Ltd Debenture 30/04/2030,Debenture,AA,3.67
Kotak Debt Hybrid Reg,Regular,1901,INF174K01393,Debt,Hero FinCorp Ltd CP 91-D 11/08/2026,Commercial Paper,A1+,3.44
Kotak Debt Hybrid Reg,Regular,1901,INF174K01393,Debt,Punjab National Bank CD 05/02/2027,Certificate of Deposit,A1+,3.32
Kotak Debt Hybrid Reg,Regular,1901,INF174K01393,Debt,Shivshakti Securitisation Trust Sec. Debt,Securitised Debt,AAA,2.55
Kotak Debt Hybrid Reg,Regular,1901,INF174K01393,Equity,NTPC,Energy & Utilities,12.62,1.25
Kotak Debt Hybrid Reg,Regular,1901,INF174K01393,Equity,HDFC Bank,Financial,15.15,1.22
Kotak Debt Hybrid Reg,Regular,1901,INF174K01393,Equity,SBI,Financial,11.13,1.19
Kotak Debt Hybrid Reg,Regular,1901,INF174K01393,Equity,Maruti Suzuki,Consumer Discretionary,28.03,1.06
Kotak Debt Hybrid Reg,Regular,1901,INF174K01393,Equity,Bharti Airtel,Technology,40.64,1.05
Kotak Equity Savings Reg,Regular,28165,INF174K01C78,Debt,Kotak Liquid Direct-G,Mutual Fund,--,6.62
Kotak Equity Savings Reg,Regular,28165,INF174K01C78,Debt,Kotak Low Duration Direct-G,Mutual Fund,--,1.67
Kotak Equity Savings Reg,Regular,28165,INF174K01C78,Debt,Muthoot Finance Ltd NCD 8.45 26/06/2029,Non Convertible Debenture,AA+,1
Kotak Equity Savings Reg,Regular,28165,INF174K01C78,Debt,Embassy Office Parks REIT SR XIII A Debenture 7.21 17/03/2028,Debenture,AAA,0.99
Kotak Equity Savings Reg,Regular,28165,INF174K01C78,Debt,Union Bank of India CD 28/07/2026,Certificate of Deposit,A1+,0.98
Kotak Equity Savings Reg,Regular,28165,INF174K01C78,Equity,Bharti Airtel,Technology,40.64,6.37
Kotak Equity Savings Reg,Regular,28165,INF174K01C78,Equity,Indus Towers,Technology,15.28,3.61
Kotak Equity Savings Reg,Regular,28165,INF174K01C78,Equity,SBI,Financial,11.13,3.1
Kotak Equity Savings Reg,Regular,28165,INF174K01C78,Equity,HDFC Bank,Financial,15.15,2.98
Kotak Equity Savings Reg,Regular,28165,INF174K01C78,Equity,NTPC,Energy & Utilities,12.62,2.96
Kotak Flexicap Reg,Regular,10594,#N/A,Debt,--,--,--,--
Kotak Flexicap Reg,Regular,10594,#N/A,Equity,Bharat Electronics,Industrials,49.42,5.78
Kotak Flexicap Reg,Regular,10594,#N/A,Equity,HDFC Bank,Financial,15.15,5.56
Kotak Flexicap Reg,Regular,10594,#N/A,Equity,ICICI Bank,Financial,17.14,5.07
Kotak Flexicap Reg,Regular,10594,#N/A,Equity,SBI,Financial,11.13,4.64
Kotak Flexicap Reg,Regular,10594,#N/A,Equity,Jindal Steel,Materials,34,4.24
Kotak Focused Reg,Regular,40096,#N/A,Debt,--,--,--,--
Kotak Focused Reg,Regular,40096,#N/A,Equity,HDFC Bank,Financial,15.15,6.32
Kotak Focused Reg,Regular,40096,#N/A,Equity,ICICI Bank,Financial,17.14,5.39
Kotak Focused Reg,Regular,40096,#N/A,Equity,Bharti Airtel,Technology,40.64,4.99
Kotak Focused Reg,Regular,40096,#N/A,Equity,SBI,Financial,11.13,4.74
Kotak Focused Reg,Regular,40096,#N/A,Equity,Shriram Finance,Financial,21.13,4.65
Kotak Gilt Investment PF & Trust,Regular,1918,#N/A,Debt,GOI Sec 6.90 15/04/2065,GOI Securities,SOV,14.9
Kotak Gilt Investment PF & Trust,Regular,1918,#N/A,Debt,Karnataka State SDL 7.58 11/03/2040,State Development Loan,SOV,14.29
Kotak Gilt Investment PF & Trust,Regular,1918,#N/A,Debt,Karnataka State SDL 7.49 04/02/2035,State Development Loan,SOV,6.92
Kotak Gilt Investment PF & Trust,Regular,1918,#N/A,Debt,Tamilnadu State SDL 7.12 18/02/2032,State Development Loan,SOV,6.46
Kotak Gilt Investment PF & Trust,Regular,1918,#N/A,Debt,Uttar Pradesh State SDL 7.62 04/03/2041,State Development Loan,SOV,6.05
Kotak Gilt Investment PF & Trust,Regular,1918,#N/A,Equity,--,--,--,--
Kotak Gilt Investment Reg,Regular,576,#N/A,Debt,GOI Sec 6.90 15/04/2065,GOI Securities,SOV,14.9
Kotak Gilt Investment Reg,Regular,576,#N/A,Debt,Karnataka State SDL 7.58 11/03/2040,State Development Loan,SOV,14.29
Kotak Gilt Investment Reg,Regular,576,#N/A,Debt,Karnataka State SDL 7.49 04/02/2035,State Development Loan,SOV,6.92
Kotak Gilt Investment Reg,Regular,576,#N/A,Debt,Tamilnadu State SDL 7.12 18/02/2032,State Development Loan,SOV,6.46
Kotak Gilt Investment Reg,Regular,576,#N/A,Debt,Uttar Pradesh State SDL 7.62 04/03/2041,State Development Loan,SOV,6.05
Kotak Gilt Investment Reg,Regular,576,#N/A,Equity,--,--,--,--
Kotak Nifty Alpha 50 ETF,Regular,41896,#N/A,Debt,--,--,--,--
Kotak Nifty Alpha 50 ETF,Regular,41896,#N/A,Equity,GE Vernova T&D,Industrials,101.42,5.01
Kotak Nifty Alpha 50 ETF,Regular,41896,#N/A,Equity,Hindustan Copper,Materials,53.77,4.07
Kotak Nifty Alpha 50 ETF,Regular,41896,#N/A,Equity,Hitachi Energy,Industrials,149.94,4.05
Kotak Nifty Alpha 50 ETF,Regular,41896,#N/A,Equity,MCX,Financial,52.56,3.7
Kotak Nifty Alpha 50 ETF,Regular,41896,#N/A,Equity,Aditya Birla,Financial,23.96,3.14
Kotak Nifty Alpha 50 Index Reg,Regular,45400,#N/A,Debt,--,--,--,--
Kotak Nifty Alpha 50 Index Reg,Regular,45400,#N/A,Equity,GE Vernova T&D,Industrials,101.42,5.02
Kotak Nifty Alpha 50 Index Reg,Regular,45400,#N/A,Equity,Hindustan Copper,Materials,53.77,4.08
Kotak Nifty Alpha 50 Index Reg,Regular,45400,#N/A,Equity,Hitachi Energy,Industrials,149.94,4.05
Kotak Nifty Alpha 50 Index Reg,Regular,45400,#N/A,Equity,MCX,Financial,52.56,3.71
Kotak Nifty Alpha 50 Index Reg,Regular,45400,#N/A,Equity,Aditya Birla,Financial,23.96,3.14
Kotak Nifty500 Momentum 50 Index Reg,Regular,45644,#N/A,Debt,--,--,--,--
Kotak Nifty500 Momentum 50 Index Reg,Regular,45644,#N/A,Equity,Hindalco Ind,Materials,17.41,5.24
Kotak Nifty500 Momentum 50 Index Reg,Regular,45644,#N/A,Equity,Eicher Motors,Consumer Discretionary,35.98,4.84
Kotak Nifty500 Momentum 50 Index Reg,Regular,45644,#N/A,Equity,Shriram Finance,Financial,21.13,4.8
Kotak Nifty500 Momentum 50 Index Reg,Regular,45644,#N/A,Equity,Bajaj Finance,Financial,28.93,4.74
Kotak Nifty500 Momentum 50 Index Reg,Regular,45644,#N/A,Equity,Bharti Airtel,Technology,40.64,4.53
LIC MF Aggressive Hybrid Reg,Regular,140,INF767K01030,Debt,HDFC Bank Ltd CD 05/08/2026,Certificate of Deposit,A1+,3.09
LIC MF Aggressive Hybrid Reg,Regular,140,INF767K01030,Debt,NLC India Ltd SR I NCD 8.09 29/05/2029,Non Convertible Debenture,AAA,2.14
LIC MF Aggressive Hybrid Reg,Regular,140,INF767K01030,Debt,GOI Sec 7.34 22/04/2064,GOI Securities,SOV,2.07
LIC MF Aggressive Hybrid Reg,Regular,140,INF767K01030,Debt,Karnataka State SDL 7.70 08/11/2033,State Development Loan,SOV,2.05
LIC MF Aggressive Hybrid Reg,Regular,140,INF767K01030,Debt,Karnataka State SDL 7.73 29/11/2034,State Development Loan,SOV,2.04
LIC MF Aggressive Hybrid Reg,Regular,140,INF767K01030,Equity,HDFC Bank,Financial,15.15,4.71
LIC MF Aggressive Hybrid Reg,Regular,140,INF767K01030,Equity,ICICI Bank,Financial,17.14,4.29
LIC MF Aggressive Hybrid Reg,Regular,140,INF767K01030,Equity,Tata Consultancy,Technology,15.83,2.49
LIC MF Aggressive Hybrid Reg,Regular,140,INF767K01030,Equity,Bharti Airtel,Technology,40.64,2.13
LIC MF Aggressive Hybrid Reg,Regular,140,INF767K01030,Equity,Reliance Ind,Energy & Utilities,21.14,2.1
LIC MF Arbitrage Reg,Regular,38699,INF767K01PL9,Debt,LIC MF Money Market Direct-G,Mutual Fund,--,17.65
LIC MF Arbitrage Reg,Regular,38699,INF767K01PL9,Debt,National Bank For Agriculture & Rural Development SR 24C Bonds/NCD 7.83 30/12/2026,Bonds/NCDs,AAA,8.42
LIC MF Arbitrage Reg,Regular,38699,INF767K01PL9,Debt,LIC MF Liquid Direct-G,Mutual Fund,--,2.4
LIC MF Arbitrage Reg,Regular,38699,INF767K01PL9,Equity,HDFC Bank,Financial,15.15,6.56
LIC MF Arbitrage Reg,Regular,38699,INF767K01PL9,Equity,SBI,Financial,11.13,4.92
LIC MF Arbitrage Reg,Regular,38699,INF767K01PL9,Equity,Bharti Airtel,Technology,40.64,4.88
LIC MF Arbitrage Reg,Regular,38699,INF767K01PL9,Equity,GMR Airports,Industrials,610.11,4.79
LIC MF Arbitrage Reg,Regular,38699,INF767K01PL9,Equity,Reliance Ind,Energy & Utilities,21.14,4.68
LIC MF Balanced Advantage Reg,Regular,41808,INF767K01QV6,Debt,Jamnagar Utilities and Power Pvt. Ltd SR PPD8 Debenture 7.43 24/10/2034,Debenture,AAA,7.43
LIC MF Balanced Advantage Reg,Regular,41808,INF767K01QV6,Debt,GOI Sec 7.18 24/07/2037,GOI Securities,SOV,3.75
LIC MF Balanced Advantage Reg,Regular,41808,INF767K01QV6,Debt,GOI Sec 7.26 22/08/2032,GOI Securities,SOV,2.26
LIC MF Balanced Advantage Reg,Regular,41808,INF767K01QV6,Debt,GOI Sec 7.54 23/05/2036,GOI Securities,SOV,1.56
LIC MF Balanced Advantage Reg,Regular,41808,INF767K01QV6,Debt,Bharti Telecom Ltd SR XXVI Debenture 7.45 15/12/2028,Debenture,AAA,1.49
LIC MF Balanced Advantage Reg,Regular,41808,INF767K01QV6,Equity,HDFC Bank,Financial,15.15,7.68
LIC MF Balanced Advantage Reg,Regular,41808,INF767K01QV6,Equity,Reliance Ind,Energy & Utilities,21.14,4.72
LIC MF Balanced Advantage Reg,Regular,41808,INF767K01QV6,Equity,ICICI Bank,Financial,17.14,4.53
LIC MF Balanced Advantage Reg,Regular,41808,INF767K01QV6,Equity,SBI,Financial,11.13,4.31
LIC MF Balanced Advantage Reg,Regular,41808,INF767K01QV6,Equity,Tata Consultancy,Technology,15.83,3.49
LIC MF Children's Reg,Regular,1135,#N/A,Debt,--,--,--,--
LIC MF Children's Reg,Regular,1135,#N/A,Equity,Axis Bank,Financial,15.54,3.6
LIC MF Children's Reg,Regular,1135,#N/A,Equity,HDFC Bank,Financial,15.15,3.14
LIC MF Children's Reg,Regular,1135,#N/A,Equity,Larsen & Toubro,Industrials,33.53,2.75
LIC MF Children's Reg,Regular,1135,#N/A,Equity,SBI,Financial,11.13,2.7
LIC MF Children's Reg,Regular,1135,#N/A,Equity,ICICI Bank,Financial,17.14,2.37
LIC MF Conservative Hybrid Reg,Regular,552,INF767K01808,Debt,GOI Sec 7.32 13/11/2030,GOI Securities,SOV,11.21
LIC MF Conservative Hybrid Reg,Regular,552,INF767K01808,Debt,GOI Sec 7.17 17/04/2030,GOI Securities,SOV,11.18
LIC MF Conservative Hybrid Reg,Regular,552,INF767K01808,Debt,Tamilnadu State SDL 7.65 18/10/2033,State Development Loan,SOV,11
LIC MF Conservative Hybrid Reg,Regular,552,INF767K01808,Debt,GOI Sec 6.79 07/10/2034,GOI Securities,SOV,10.85
LIC MF Conservative Hybrid Reg,Regular,552,INF767K01808,Debt,Nuclear Power Corpn. Of India Ltd Debenture 8.13 28/03/2028,Debenture,AAA,8.93
LIC MF Conservative Hybrid Reg,Regular,552,INF767K01808,Equity,HDFC Bank,Financial,15.15,3.52
LIC MF Conservative Hybrid Reg,Regular,552,INF767K01808,Equity,Reliance Ind,Energy & Utilities,21.14,2.6
LIC MF Conservative Hybrid Reg,Regular,552,INF767K01808,Equity,Bharat Forge,Consumer Discretionary,86.34,2.37
LIC MF Conservative Hybrid Reg,Regular,552,INF767K01808,Equity,Infosys,Technology,15.78,1.96
LIC MF Conservative Hybrid Reg,Regular,552,INF767K01808,Equity,Axis Bank,Financial,15.54,1.63
LIC MF Equity Savings Reg,Regular,12137,INF397L01315,Debt,LIC MF Liquid Direct-G,Mutual Fund,--,10.81
LIC MF Equity Savings Reg,Regular,12137,INF397L01315,Debt,LIC MF Money Market Direct-G,Mutual Fund,--,1.47
LIC MF Equity Savings Reg,Regular,12137,INF397L01315,Equity,Tata Steel,Materials,22.98,3.08
LIC MF Equity Savings Reg,Regular,12137,INF397L01315,Equity,National Aluminium,Materials,11.93,2.65
LIC MF Equity Savings Reg,Regular,12137,INF397L01315,Equity,Bank Of Baroda,Financial,7.03,2.27
LIC MF Equity Savings Reg,Regular,12137,INF397L01315,Equity,Ashok Leyland,Industrials,24.09,1.91
LIC MF Equity Savings Reg,Regular,12137,INF397L01315,Equity,Bajaj Auto,Consumer Discretionary,26.4,1.77
LIC MF Flexi Cap Reg,Regular,134,#N/A,Debt,--,--,--,--
LIC MF Flexi Cap Reg,Regular,134,#N/A,Equity,ICICI Bank,Financial,17.14,6.55
LIC MF Flexi Cap Reg,Regular,134,#N/A,Equity,Axis Bank,Financial,15.54,4.07
LIC MF Flexi Cap Reg,Regular,134,#N/A,Equity,Bharti Airtel,Technology,40.64,3.76
LIC MF Flexi Cap Reg,Regular,134,#N/A,Equity,Navin Fluorine,Materials,54.64,3.56
LIC MF Flexi Cap Reg,Regular,134,#N/A,Equity,SBI,Financial,11.13,3.52
LIC MF Focused Reg,Regular,34736,#N/A,Debt,--,--,--,--
LIC MF Focused Reg,Regular,34736,#N/A,Equity,Infosys,Technology,15.78,6.19
LIC MF Focused Reg,Regular,34736,#N/A,Equity,Schaeffler India,Industrials,51.72,5.12
LIC MF Focused Reg,Regular,34736,#N/A,Equity,ICICI Bank,Financial,17.14,4.88
LIC MF Focused Reg,Regular,34736,#N/A,Equity,Maruti Suzuki,Consumer Discretionary,28.03,4.82
LIC MF Focused Reg,Regular,34736,#N/A,Equity,Mahindra & Mahindra,Consumer Discretionary,21.56,4.81
LIC MF Gilt,Regular,713,#N/A,Debt,GOI Sec 7.30 19/06/2053,GOI Securities,SOV,33.55
LIC MF Gilt,Regular,713,#N/A,Debt,GOI Sec 7.34 22/04/2064,GOI Securities,SOV,21.7
LIC MF Gilt,Regular,713,#N/A,Debt,Reserve Bank of India T-Bills 91-D 06/08/2026,Treasury Bills,SOV,11.12
LIC MF Gilt,Regular,713,#N/A,Debt,GOI Sec 7.24 18/08/2055,GOI Securities,SOV,10.94
LIC MF Gilt,Regular,713,#N/A,Debt,GOI Sec 6.68 07/07/2040,GOI Securities,SOV,10.9
LIC MF Gilt,Regular,1988,#N/A,Debt,GOI Sec 7.30 19/06/2053,GOI Securities,SOV,33.55
LIC MF Gilt,Regular,1988,#N/A,Debt,GOI Sec 7.34 22/04/2064,GOI Securities,SOV,21.7
LIC MF Gilt,Regular,1988,#N/A,Debt,Reserve Bank of India T-Bills 91-D 06/08/2026,Treasury Bills,SOV,11.12
LIC MF Gilt,Regular,1988,#N/A,Debt,GOI Sec 7.24 18/08/2055,GOI Securities,SOV,10.94
LIC MF Gilt,Regular,1988,#N/A,Debt,GOI Sec 6.68 07/07/2040,GOI Securities,SOV,10.9
LIC MF Gilt,Regular,713,#N/A,Equity,--,--,--,--
LIC MF Gilt,Regular,1988,#N/A,Equity,--,--,--,--
LIC MF Nifty 8-13 yr G-Sec ETF,Regular,29111,#N/A,Debt,GOI Sec 6.48 06/10/2035,GOI Securities,SOV,71.78
LIC MF Nifty 8-13 yr G-Sec ETF,Regular,29111,#N/A,Debt,GOI Sec 6.33 05/05/2035,GOI Securities,SOV,17.25
LIC MF Nifty 8-13 yr G-Sec ETF,Regular,29111,#N/A,Debt,GOI Sec 6.94 11/05/2036,GOI Securities,SOV,10.65
LIC MF Nifty 8-13 yr G-Sec ETF,Regular,29111,#N/A,Equity,--,--,--,--
LIC MF ULIS Reg,Regular,120,,Debt,GOI Sec 7.18 24/07/2037,GOI Securities,SOV,4.77
LIC MF ULIS Reg,Regular,120,,Debt,GOI Sec 7.41 19/12/2036,GOI Securities,SOV,3.67
LIC MF ULIS Reg,Regular,120,,Debt,Maharashtra State SDL 7.63 31/01/2036,State Development Loan,SOV,3.56
LIC MF ULIS Reg,Regular,120,,Debt,Jamnagar Utilities and Power Pvt. Ltd SR PPD8 Debenture 7.43 24/10/2034,Debenture,AAA,2.36
LIC MF ULIS Reg,Regular,120,,Debt,HDFC Bank Ltd SR AA009 8 Debenture 27/07/2032,Debenture,AAA,1.25
LIC MF ULIS Reg,Regular,120,,Equity,ICICI Bank,Financial,17.14,7.96
LIC MF ULIS Reg,Regular,120,,Equity,HDFC Bank,Financial,15.15,4.37
LIC MF ULIS Reg,Regular,120,,Equity,Trent,Consumer Discretionary,85.72,3.29
LIC MF ULIS Reg,Regular,120,,Equity,KSB,Industrials,55.19,3.16
LIC MF ULIS Reg,Regular,120,,Equity,Bharat Electronics,Industrials,49.42,3.08
Mahindra Manulife Aggressive Hybrid Reg,Regular,40092,INF174V01754,Debt,Maharashtra State SDL 7.20 23/10/2036,State Development Loan,SOV,1.46
Mahindra Manulife Aggressive Hybrid Reg,Regular,40092,INF174V01754,Debt,Bharti Telecom Ltd SR XX Debenture 8.75 05/11/2028,Debenture,AAA,1.18
Mahindra Manulife Aggressive Hybrid Reg,Regular,40092,INF174V01754,Debt,GOI Sec 6.68 07/07/2040,GOI Securities,SOV,1.16
Mahindra Manulife Aggressive Hybrid Reg,Regular,40092,INF174V01754,Debt,TVS Credit Services Ltd NCD 9.40 10/06/2026,Non Convertible Debenture,AA+,1.13
Mahindra Manulife Aggressive Hybrid Reg,Regular,40092,INF174V01754,Debt,GOI Sec 7.24 18/08/2055,GOI Securities,SOV,1.03
Mahindra Manulife Aggressive Hybrid Reg,Regular,40092,INF174V01754,Equity,ICICI Bank,Financial,17.14,5.72
Mahindra Manulife Aggressive Hybrid Reg,Regular,40092,INF174V01754,Equity,HDFC Bank,Financial,15.15,5.23
Mahindra Manulife Aggressive Hybrid Reg,Regular,40092,INF174V01754,Equity,Reliance Ind,Energy & Utilities,21.14,2.92
Mahindra Manulife Aggressive Hybrid Reg,Regular,40092,INF174V01754,Equity,Kotak Bank,Financial,19.98,2.81
Mahindra Manulife Aggressive Hybrid Reg,Regular,40092,INF174V01754,Equity,Bharti Airtel,Technology,40.64,2.68
Mahindra Manulife Arbitrage Reg,Regular,41082,INF174V01978,Debt,Mahindra Manulife Low Duration Direct-G,Mutual Fund,--,13.93
Mahindra Manulife Arbitrage Reg,Regular,41082,INF174V01978,Debt,Mahindra Manulife Liquid Direct-G,Mutual Fund,--,7.57
Mahindra Manulife Arbitrage Reg,Regular,41082,INF174V01978,Equity,HDFC Bank,Financial,15.15,6.93
Mahindra Manulife Arbitrage Reg,Regular,41082,INF174V01978,Equity,ICICI Bank,Financial,17.14,6.46
Mahindra Manulife Arbitrage Reg,Regular,41082,INF174V01978,Equity,Hindalco Ind,Materials,17.41,5.73
Mahindra Manulife Arbitrage Reg,Regular,41082,INF174V01978,Equity,Tata Power,Energy & Utilities,33.8,5.44
Mahindra Manulife Arbitrage Reg,Regular,41082,INF174V01978,Equity,Indus Towers,Technology,15.28,4.97
Mahindra Manulife Balanced Advantage Reg,Regular,41919,INF174V01BB6,Debt,--,--,--,--
Mahindra Manulife Balanced Advantage Reg,Regular,41919,INF174V01BB6,Equity,--,--,--,--
Mahindra Manulife Equity Savings Reg,Regular,33351,INF174V01150,Debt,Bharti Telecom Ltd SR XXVIII Debenture 7.40 01/02/2029,Debenture,AAA,3.72
Mahindra Manulife Equity Savings Reg,Regular,33351,INF174V01150,Debt,National Bank For Agriculture & Rural Development SR 25G Bonds 7.48 15/09/2028,Bonds,AAA,2.83
Mahindra Manulife Equity Savings Reg,Regular,33351,INF174V01150,Debt,REC Ltd SERIES 169 Debenture 8.37 07/12/2028,Debenture,AAA,1.94
Mahindra Manulife Equity Savings Reg,Regular,33351,INF174V01150,Debt,GOI Sec 6.94 11/05/2036,GOI Securities,SOV,1.9
Mahindra Manulife Equity Savings Reg,Regular,33351,INF174V01150,Debt,National Bank For Agriculture & Rural Development SR 25C Bonds 7.44 24/02/2028,Bonds,AAA,1.89
Mahindra Manulife Equity Savings Reg,Regular,33351,INF174V01150,Equity,ICICI Bank,Financial,17.14,5.52
Mahindra Manulife Equity Savings Reg,Regular,33351,INF174V01150,Equity,HDFC Bank,Financial,15.15,4.49
Mahindra Manulife Equity Savings Reg,Regular,33351,INF174V01150,Equity,Bajaj Finance,Financial,28.93,4.48
Mahindra Manulife Equity Savings Reg,Regular,33351,INF174V01150,Equity,Ambuja Cements,Materials,21.64,4.41
Mahindra Manulife Equity Savings Reg,Regular,33351,INF174V01150,Equity,Reliance Ind,Energy & Utilities,21.14,4.13
Mahindra Manulife Flexi Cap Reg,Regular,41631,#N/A,Debt,--,--,--,--
Mahindra Manulife Flexi Cap Reg,Regular,41631,#N/A,Equity,ICICI Bank,Financial,17.14,7.87
Mahindra Manulife Flexi Cap Reg,Regular,41631,#N/A,Equity,HDFC Bank,Financial,15.15,4.52
Mahindra Manulife Flexi Cap Reg,Regular,41631,#N/A,Equity,Kotak Bank,Financial,19.98,3.45
Mahindra Manulife Flexi Cap Reg,Regular,41631,#N/A,Equity,Bharti Airtel,Technology,40.64,3.23
Mahindra Manulife Flexi Cap Reg,Regular,41631,#N/A,Equity,Bajaj Finance,Financial,28.93,2.91
Mahindra Manulife Focused Reg,Regular,41167,#N/A,Debt,--,--,--,--
Mahindra Manulife Focused Reg,Regular,41167,#N/A,Equity,ICICI Bank,Financial,17.14,9.16
Mahindra Manulife Focused Reg,Regular,41167,#N/A,Equity,Reliance Ind,Energy & Utilities,21.14,6.56
Mahindra Manulife Focused Reg,Regular,41167,#N/A,Equity,Larsen & Toubro,Industrials,33.53,4.99
Mahindra Manulife Focused Reg,Regular,41167,#N/A,Equity,HDFC Bank,Financial,15.15,4.62
Mahindra Manulife Focused Reg,Regular,41167,#N/A,Equity,Grasim,Materials,42.16,4.38
Mirae Asset Aggressive Hybrid Reg,Regular,30602,INF769K01DE6,Debt,Torrent Pharmaceuticals Ltd SR 1 Debenture 7.45 19/01/2028,Debenture,AA+,1.75
Mirae Asset Aggressive Hybrid Reg,Regular,30602,INF769K01DE6,Debt,Bharti Telecom Ltd SR XXIX Debenture 7.75 29/02/2028,Debenture,AAA,1.6
Mirae Asset Aggressive Hybrid Reg,Regular,30602,INF769K01DE6,Debt,GOI Sec 7.10 08/04/2034,GOI Securities,SOV,1.25
Mirae Asset Aggressive Hybrid Reg,Regular,30602,INF769K01DE6,Debt,Cholamandalam Financial Holdings Ltd SR 662 Bonds 7.94 20/03/2029,Bonds,AA+,1.06
Mirae Asset Aggressive Hybrid Reg,Regular,30602,INF769K01DE6,Debt,Muthoot Finance Ltd NCD 7.88 22/11/2028,Non Convertible Debenture,AA+,1.05
Mirae Asset Aggressive Hybrid Reg,Regular,30602,INF769K01DE6,Equity,HDFC Bank,Financial,15.15,6.3
Mirae Asset Aggressive Hybrid Reg,Regular,30602,INF769K01DE6,Equity,ICICI Bank,Financial,17.14,4.47
Mirae Asset Aggressive Hybrid Reg,Regular,30602,INF769K01DE6,Equity,SBI,Financial,11.13,4.34
Mirae Asset Aggressive Hybrid Reg,Regular,30602,INF769K01DE6,Equity,Reliance Ind,Energy & Utilities,21.14,3.46
Mirae Asset Aggressive Hybrid Reg,Regular,30602,INF769K01DE6,Equity,Bharti Airtel,Technology,40.64,3.16
Mirae Asset Arbitrage Reg,Regular,41012,INF769K01FP7,Debt,Mirae Asset Liquid Direct-G,Mutual Fund,--,8.94
Mirae Asset Arbitrage Reg,Regular,41012,INF769K01FP7,Debt,Mirae Asset Money Market Direct-G,Mutual Fund,--,4.95
Mirae Asset Arbitrage Reg,Regular,41012,INF769K01FP7,Equity,Maruti Suzuki,Consumer Discretionary,28.03,1.92
Mirae Asset Arbitrage Reg,Regular,41012,INF769K01FP7,Equity,BSE,Financial,64.44,1.34
Mirae Asset Arbitrage Reg,Regular,41012,INF769K01FP7,Equity,Sun Pharmaceutical,Healthcare,37.38,1.29
Mirae Asset Arbitrage Reg,Regular,41012,INF769K01FP7,Equity,SBI Life Insurance,Financial,122,1.11
Mirae Asset Arbitrage Reg,Regular,41012,INF769K01FP7,Equity,Shriram Finance,Financial,21.13,1.08
Mirae Asset Balanced Advantage Reg,Regular,42306,INF769K01IK2,Debt,GOI Sec 7.18 14/08/2033,GOI Securities,SOV,3.43
Mirae Asset Balanced Advantage Reg,Regular,42306,INF769K01IK2,Debt,Cholamandalam Financial Holdings Ltd SR 662 Bonds 7.94 20/03/2029,Bonds,AA+,2.36
Mirae Asset Balanced Advantage Reg,Regular,42306,INF769K01IK2,Debt,GOI Sec 7.10 08/04/2034,GOI Securities,SOV,1.67
Mirae Asset Balanced Advantage Reg,Regular,42306,INF769K01IK2,Debt,GOI Sec 6.79 07/10/2034,GOI Securities,SOV,1.56
Mirae Asset Balanced Advantage Reg,Regular,42306,INF769K01IK2,Debt,Piramal Finance Pvt. Ltd Bonds/NCD 8.75 29/10/2027,Bonds/NCDs,AA+,1.21
Mirae Asset Balanced Advantage Reg,Regular,42306,INF769K01IK2,Equity,HDFC Bank,Financial,15.15,5.22
Mirae Asset Balanced Advantage Reg,Regular,42306,INF769K01IK2,Equity,ICICI Bank,Financial,17.14,3.33
Mirae Asset Balanced Advantage Reg,Regular,42306,INF769K01IK2,Equity,Bharti Airtel,Technology,40.64,3.09
Mirae Asset Balanced Advantage Reg,Regular,42306,INF769K01IK2,Equity,SBI,Financial,11.13,3
Mirae Asset Balanced Advantage Reg,Regular,42306,INF769K01IK2,Equity,Reliance Ind,Energy & Utilities,21.14,2.84
Mirae Asset Equity Savings Reg,Regular,38385,INF769K01EI5,Debt,Muthoot Finance Ltd NCD 7.88 22/11/2028,Non Convertible Debenture,AA+,2.57
Mirae Asset Equity Savings Reg,Regular,38385,INF769K01EI5,Debt,Torrent Pharmaceuticals Ltd SR 1 Debenture 7.45 19/01/2028,Debenture,AA+,2.07
Mirae Asset Equity Savings Reg,Regular,38385,INF769K01EI5,Debt,Torrent Pharmaceuticals Ltd SR 2 NCD 7.60 19/01/2029,Non Convertible Debenture,AA+,2.06
Mirae Asset Equity Savings Reg,Regular,38385,INF769K01EI5,Debt,GOI Sec 6.79 07/10/2034,GOI Securities,SOV,1.38
Mirae Asset Equity Savings Reg,Regular,38385,INF769K01EI5,Debt,GOI Sec 7.32 13/11/2030,GOI Securities,SOV,1.33
Mirae Asset Equity Savings Reg,Regular,38385,INF769K01EI5,Equity,HDFC Bank,Financial,15.15,4.19
Mirae Asset Equity Savings Reg,Regular,38385,INF769K01EI5,Equity,ICICI Bank,Financial,17.14,2.84
Mirae Asset Equity Savings Reg,Regular,38385,INF769K01EI5,Equity,Reliance Ind,Energy & Utilities,21.14,2.31
Mirae Asset Equity Savings Reg,Regular,38385,INF769K01EI5,Equity,Bharti Airtel,Technology,40.64,2.25
Mirae Asset Equity Savings Reg,Regular,38385,INF769K01EI5,Equity,SBI,Financial,11.13,2.12
Mirae Asset Flexi Cap Reg,Regular,43132,#N/A,Debt,--,--,--,--
Mirae Asset Flexi Cap Reg,Regular,43132,#N/A,Equity,HDFC Bank,Financial,15.15,5.51
Mirae Asset Flexi Cap Reg,Regular,43132,#N/A,Equity,ICICI Bank,Financial,17.14,5.29
Mirae Asset Flexi Cap Reg,Regular,43132,#N/A,Equity,Reliance Ind,Energy & Utilities,21.14,4.72
Mirae Asset Flexi Cap Reg,Regular,43132,#N/A,Equity,SBI,Financial,11.13,2.88
Mirae Asset Flexi Cap Reg,Regular,43132,#N/A,Equity,Bharti Airtel,Technology,40.64,2.38
Mirae Asset Focused Reg,Regular,39821,#N/A,Debt,--,--,--,--
Mirae Asset Focused Reg,Regular,39821,#N/A,Equity,HDFC Bank,Financial,15.15,9.12
Mirae Asset Focused Reg,Regular,39821,#N/A,Equity,ICICI Bank,Financial,17.14,8.05
Mirae Asset Focused Reg,Regular,39821,#N/A,Equity,Bharti Airtel,Technology,40.64,5.89
Mirae Asset Focused Reg,Regular,39821,#N/A,Equity,Infosys,Technology,15.78,4.67
Mirae Asset Focused Reg,Regular,39821,#N/A,Equity,One97 Comm,Industrials,123.68,4.36
Mirae Asset Nifty 8-13 yr G-Sec ETF,Regular,43473,#N/A,Debt,GOI Sec 6.48 06/10/2035,GOI Securities,SOV,50.14
Mirae Asset Nifty 8-13 yr G-Sec ETF,Regular,43473,#N/A,Debt,GOI Sec 6.33 05/05/2035,GOI Securities,SOV,23.52
Mirae Asset Nifty 8-13 yr G-Sec ETF,Regular,43473,#N/A,Debt,GOI Sec 6.79 07/10/2034,GOI Securities,SOV,21.68
Mirae Asset Nifty 8-13 yr G-Sec ETF,Regular,43473,#N/A,Equity,--,--,--,--
Mirae Asset Nifty Total Market Index Reg,Regular,44599,#N/A,Debt,--,--,--,--
Mirae Asset Nifty Total Market Index Reg,Regular,44599,#N/A,Equity,HDFC Bank,Financial,15.15,5.84
Mirae Asset Nifty Total Market Index Reg,Regular,44599,#N/A,Equity,Reliance Ind,Energy & Utilities,21.14,4.78
Mirae Asset Nifty Total Market Index Reg,Regular,44599,#N/A,Equity,ICICI Bank,Financial,17.14,4.46
Mirae Asset Nifty Total Market Index Reg,Regular,44599,#N/A,Equity,Bharti Airtel,Technology,40.64,2.86
Mirae Asset Nifty Total Market Index Reg,Regular,44599,#N/A,Equity,Larsen & Toubro,Industrials,33.53,2.33
Motilal Oswal 5 Year G-Sec FoF Reg,Regular,41758,#N/A,Debt,Motilal GSEC ETF,Mutual Fund,Others,99.63
Motilal Oswal 5 Year G-Sec FoF Reg,Regular,41758,#N/A,Equity,--,--,--,--
Motilal Oswal Arbitrage Reg,Regular,44837,INF247L01EG4,Debt,Motilal Oswal Liquid Direct-G,Mutual Fund,--,11.48
Motilal Oswal Arbitrage Reg,Regular,44837,INF247L01EG4,Debt,Axis Bank Ltd CD 06/05/2026,Certificate of Deposit,A1+,1.03
Motilal Oswal Arbitrage Reg,Regular,44837,INF247L01EG4,Debt,GOI Sec 5.74 15/11/2026,GOI Securities,SOV,1.03
Motilal Oswal Arbitrage Reg,Regular,44837,INF247L01EG4,Debt,HDFC Bank Ltd CD 24/06/2026,Certificate of Deposit,A1+,1.02
Motilal Oswal Arbitrage Reg,Regular,44837,INF247L01EG4,Debt,Canara Bank CD 03/06/2026,Certificate of Deposit,A1+,1.02
Motilal Oswal Arbitrage Reg,Regular,44837,INF247L01EG4,Equity,Reliance Ind,Energy & Utilities,21.14,6.6
Motilal Oswal Arbitrage Reg,Regular,44837,INF247L01EG4,Equity,HDFC Bank,Financial,15.15,5.22
Motilal Oswal Arbitrage Reg,Regular,44837,INF247L01EG4,Equity,Cholamandalam Inv,Financial,24.07,4.54
Motilal Oswal Arbitrage Reg,Regular,44837,INF247L01EG4,Equity,Bharti Airtel,Technology,40.64,4.47
Motilal Oswal Arbitrage Reg,Regular,44837,INF247L01EG4,Equity,Aditya Birla,Financial,23.96,2.85
Motilal Oswal BSE 1000 Index Reg,Regular,45218,#N/A,Debt,--,--,--,--
Motilal Oswal BSE 1000 Index Reg,Regular,45218,#N/A,Equity,HDFC Bank,Financial,15.15,5.87
Motilal Oswal BSE 1000 Index Reg,Regular,45218,#N/A,Equity,Reliance Ind,Energy & Utilities,21.14,4.83
Motilal Oswal BSE 1000 Index Reg,Regular,45218,#N/A,Equity,ICICI Bank,Financial,17.14,4.51
Motilal Oswal BSE 1000 Index Reg,Regular,45218,#N/A,Equity,Bharti Airtel,Technology,40.64,2.68
Motilal Oswal BSE 1000 Index Reg,Regular,45218,#N/A,Equity,Larsen & Toubro,Industrials,33.53,2.34
Motilal Oswal Balanced Advantage Reg,Regular,32930,INF247L01585,Debt,Bajaj Finance Ltd Debenture 7.3763 26/06/2028,Debenture,AAA,3.37
Motilal Oswal Balanced Advantage Reg,Regular,32930,INF247L01585,Debt,HDB Financial Services Ltd SR 228 TR Debenture 7.4091 05/06/2028,Debenture,AAA,3.37
Motilal Oswal Balanced Advantage Reg,Regular,32930,INF247L01585,Debt,Kotak Mahindra Prime Ltd Debenture 7.1554 19/06/2028,Debenture,AAA,3.36
Motilal Oswal Balanced Advantage Reg,Regular,32930,INF247L01585,Debt,Muthoot Finance Ltd NCD 7.88 22/11/2028,Non Convertible Debenture,AA+,3.36
Motilal Oswal Balanced Advantage Reg,Regular,32930,INF247L01585,Debt,Tata Capital Ltd SR C Debenture 7.12 14/11/2028,Debenture,AAA,3.35
Motilal Oswal Balanced Advantage Reg,Regular,32930,INF247L01585,Equity,ICICI Bank,Financial,17.14,6.88
Motilal Oswal Balanced Advantage Reg,Regular,32930,INF247L01585,Equity,Eternal,Technology,634.13,5.57
Motilal Oswal Balanced Advantage Reg,Regular,32930,INF247L01585,Equity,Coforge,Technology,40.04,5.56
Motilal Oswal Balanced Advantage Reg,Regular,32930,INF247L01585,Equity,Shaily Eng Plastics,Materials,84.23,5.12
Motilal Oswal Balanced Advantage Reg,Regular,32930,INF247L01585,Equity,NTPC,Energy & Utilities,12.62,4.85
Motilal Oswal Diversified Equity Flexicap Passive FoF Reg,Regular,45728,#N/A,Debt,--,--,--,--
Motilal Oswal Diversified Equity Flexicap Passive FoF Reg,Regular,45728,#N/A,Equity,Motilal Oswal Nifty Smallcap 250 Index Direct-G,Unspecified,--,33.99
Motilal Oswal Diversified Equity Flexicap Passive FoF Reg,Regular,45728,#N/A,Equity,Motilal Oswal Nifty Midcap 150 Index Direct-G,Unspecified,--,32.73
Motilal Oswal Diversified Equity Flexicap Passive FoF Reg,Regular,45728,#N/A,Equity,Motilal Oswal Nifty 100 ETF-G,Unspecified,--,31.37
Motilal Oswal Flexi Cap Reg,Regular,26123,#N/A,Debt,--,--,--,--
Motilal Oswal Flexi Cap Reg,Regular,26123,#N/A,Equity,Kalyan Jewellers,Consumer Discretionary,26.07,7.36
Motilal Oswal Flexi Cap Reg,Regular,26123,#N/A,Equity,CG Power,Industrials,119.04,6.43
Motilal Oswal Flexi Cap Reg,Regular,26123,#N/A,Equity,Eternal,Technology,634.13,5.32
Motilal Oswal Flexi Cap Reg,Regular,26123,#N/A,Equity,Coforge,Technology,40.04,5.27
Motilal Oswal Flexi Cap Reg,Regular,26123,#N/A,Equity,Bharti Airtel,Technology,40.64,5.17
Motilal Oswal Focused Reg,Regular,19512,#N/A,Debt,--,--,--,--
Motilal Oswal Focused Reg,Regular,19512,#N/A,Equity,CG Power,Industrials,119.04,4.2
Motilal Oswal Focused Reg,Regular,19512,#N/A,Equity,Acutaas Chemicals,Healthcare,73.93,4.19
Motilal Oswal Focused Reg,Regular,19512,#N/A,Equity,MTAR Technologies,Industrials,234.15,4.13
Motilal Oswal Focused Reg,Regular,19512,#N/A,Equity,ICICI Bank,Financial,17.14,4.12
Motilal Oswal Focused Reg,Regular,19512,#N/A,Equity,AU Small Fin Bank,Financial,27.21,4.08
Motilal Oswal Nifty 500 ETF,Regular,43812,#N/A,Debt,--,--,--,--
Motilal Oswal Nifty 500 ETF,Regular,43812,#N/A,Equity,HDFC Bank,Financial,15.15,6.09
Motilal Oswal Nifty 500 ETF,Regular,43812,#N/A,Equity,Reliance Ind,Energy & Utilities,21.14,4.98
Motilal Oswal Nifty 500 ETF,Regular,43812,#N/A,Equity,ICICI Bank,Financial,17.14,4.66
Motilal Oswal Nifty 500 ETF,Regular,43812,#N/A,Equity,Bharti Airtel,Technology,40.64,2.99
Motilal Oswal Nifty 500 ETF,Regular,43812,#N/A,Equity,Larsen & Toubro,Industrials,33.53,2.43
Motilal Oswal Nifty 500 Index Reg,Regular,40239,#N/A,Debt,--,--,--,--
Motilal Oswal Nifty 500 Index Reg,Regular,40239,#N/A,Equity,HDFC Bank,Financial,15.15,6.09
Motilal Oswal Nifty 500 Index Reg,Regular,40239,#N/A,Equity,Reliance Ind,Energy & Utilities,21.14,4.99
Motilal Oswal Nifty 500 Index Reg,Regular,40239,#N/A,Equity,ICICI Bank,Financial,17.14,4.66
Motilal Oswal Nifty 500 Index Reg,Regular,40239,#N/A,Equity,Bharti Airtel,Technology,40.64,2.99
Motilal Oswal Nifty 500 Index Reg,Regular,40239,#N/A,Equity,Larsen & Toubro,Industrials,33.53,2.43
Motilal Oswal Nifty 500 Momentum 50 ETF,Regular,44555,#N/A,Debt,--,--,--,--
Motilal Oswal Nifty 500 Momentum 50 ETF,Regular,44555,#N/A,Equity,Hindalco Ind,Materials,17.41,5.2
Motilal Oswal Nifty 500 Momentum 50 ETF,Regular,44555,#N/A,Equity,Eicher Motors,Consumer Discretionary,35.98,4.81
Motilal Oswal Nifty 500 Momentum 50 ETF,Regular,44555,#N/A,Equity,Shriram Finance,Financial,21.13,4.77
Motilal Oswal Nifty 500 Momentum 50 ETF,Regular,44555,#N/A,Equity,Bajaj Finance,Financial,28.93,4.71
Motilal Oswal Nifty 500 Momentum 50 ETF,Regular,44555,#N/A,Equity,Bharti Airtel,Technology,40.64,4.5
Motilal Oswal Nifty 500 Momentum 50 Index Reg,Regular,44553,#N/A,Debt,--,--,--,--
Motilal Oswal Nifty 500 Momentum 50 Index Reg,Regular,44553,#N/A,Equity,Hindalco Ind,Materials,17.41,5.21
Motilal Oswal Nifty 500 Momentum 50 Index Reg,Regular,44553,#N/A,Equity,Eicher Motors,Consumer Discretionary,35.98,4.81
Motilal Oswal Nifty 500 Momentum 50 Index Reg,Regular,44553,#N/A,Equity,Shriram Finance,Financial,21.13,4.77
Motilal Oswal Nifty 500 Momentum 50 Index Reg,Regular,44553,#N/A,Equity,Bajaj Finance,Financial,28.93,4.71
Motilal Oswal Nifty 500 Momentum 50 Index Reg,Regular,44553,#N/A,Equity,Bharti Airtel,Technology,40.64,4.51
Motilal Oswal Nifty 5Y Benchmark G-Sec ETF,Regular,41212,#N/A,Debt,GOI Sec 6.36 16/02/2031,GOI Securities,SOV,98.41
Motilal Oswal Nifty 5Y Benchmark G-Sec ETF,Regular,41212,#N/A,Debt,GOI Sec 6.01 21/07/2030,GOI Securities,SOV,0.23
Motilal Oswal Nifty 5Y Benchmark G-Sec ETF,Regular,41212,#N/A,Equity,--,--,--,--
Motilal Oswal Nifty Alpha 50 ETF,Regular,45363,#N/A,Debt,--,--,--,--
Motilal Oswal Nifty Alpha 50 ETF,Regular,45363,#N/A,Equity,GE Vernova T&D,Industrials,101.42,5
Motilal Oswal Nifty Alpha 50 ETF,Regular,45363,#N/A,Equity,Hindustan Copper,Materials,53.77,4.07
Motilal Oswal Nifty Alpha 50 ETF,Regular,45363,#N/A,Equity,Hitachi Energy,Industrials,149.94,4.05
Motilal Oswal Nifty Alpha 50 ETF,Regular,45363,#N/A,Equity,MCX,Financial,52.56,3.7
Motilal Oswal Nifty Alpha 50 ETF,Regular,45363,#N/A,Equity,Aditya Birla,Financial,23.96,3.14
NJ Arbitrage Reg,Regular,42434,INF0J8L01057,Debt,Reserve Bank of India T-Bills 364-D 03/12/2026,Treasury Bills,SOV,2.27
NJ Arbitrage Reg,Regular,42434,INF0J8L01057,Debt,Reserve Bank of India T-Bills 182-D 08/05/2026,Treasury Bills,SOV,1.89
NJ Arbitrage Reg,Regular,42434,INF0J8L01057,Debt,Reserve Bank of India T-Bills 182-D 08/10/2026,Treasury Bills,SOV,1.85
NJ Arbitrage Reg,Regular,42434,INF0J8L01057,Debt,Reserve Bank of India T-Bills 91-D 30/07/2026,Treasury Bills,SOV,1.12
NJ Arbitrage Reg,Regular,42434,INF0J8L01057,Debt,Reserve Bank of India T-Bills 182-D 27/08/2026,Treasury Bills,SOV,1.12
NJ Arbitrage Reg,Regular,42434,INF0J8L01057,Equity,Reliance Ind,Energy & Utilities,21.14,8.03
NJ Arbitrage Reg,Regular,42434,INF0J8L01057,Equity,Bharti Airtel,Technology,40.64,7.51
NJ Arbitrage Reg,Regular,42434,INF0J8L01057,Equity,Kotak Bank,Financial,19.98,6.95
NJ Arbitrage Reg,Regular,42434,INF0J8L01057,Equity,Sammaan Capital,Financial,--,5.61
NJ Arbitrage Reg,Regular,42434,INF0J8L01057,Equity,Mahindra & Mahindra,Consumer Discretionary,21.56,4.42
NJ Balanced Advantage Reg,Regular,41746,INF0J8L01024,Debt,Reserve Bank of India T-Bills 364-D 02/07/2026,Treasury Bills,SOV,1.01
NJ Balanced Advantage Reg,Regular,41746,INF0J8L01024,Debt,GOI CGL 8.33 09/07/2026,Central Government Loan,SOV,0.73
NJ Balanced Advantage Reg,Regular,41746,INF0J8L01024,Debt,Reserve Bank of India T-Bills 91-D 22/05/2026,Treasury Bills,SOV,0.58
NJ Balanced Advantage Reg,Regular,41746,INF0J8L01024,Debt,Reserve Bank of India T-Bills 182-D 08/05/2026,Treasury Bills,SOV,0.29
NJ Balanced Advantage Reg,Regular,41746,INF0J8L01024,Debt,Reserve Bank of India T-Bills 182-D 04/06/2026,Treasury Bills,SOV,0.29
NJ Balanced Advantage Reg,Regular,41746,INF0J8L01024,Equity,HDFC Bank,Financial,15.15,6.22
NJ Balanced Advantage Reg,Regular,41746,INF0J8L01024,Equity,Reliance Ind,Energy & Utilities,21.14,4.33
NJ Balanced Advantage Reg,Regular,41746,INF0J8L01024,Equity,Eicher Motors,Consumer Discretionary,35.98,3.48
NJ Balanced Advantage Reg,Regular,41746,INF0J8L01024,Equity,Marico,Consumer Staples,60.57,3.24
NJ Balanced Advantage Reg,Regular,41746,INF0J8L01024,Equity,Britannia Ind,Consumer Staples,49.12,3.22
NJ Flexi Cap Reg,Regular,43712,#N/A,Debt,--,--,--,--
NJ Flexi Cap Reg,Regular,43712,#N/A,Equity,Britannia Ind,Consumer Staples,49.12,4.53
NJ Flexi Cap Reg,Regular,43712,#N/A,Equity,Eicher Motors,Consumer Discretionary,35.98,4.2
NJ Flexi Cap Reg,Regular,43712,#N/A,Equity,Marico,Consumer Staples,60.57,4.18
NJ Flexi Cap Reg,Regular,43712,#N/A,Equity,ITC,Consumer Staples,17.2,4.03
NJ Flexi Cap Reg,Regular,43712,#N/A,Equity,ICICI Bank,Financial,17.14,3.99
Navi Aggressive Hybrid Reg,Regular,35937,INF959L01DI2,Debt,REC Ltd SR 228-A NCD 7.80 30/05/2026,Non Convertible Debenture,AAA,4.51
Navi Aggressive Hybrid Reg,Regular,35937,INF959L01DI2,Debt,Bank Of Baroda CD 25/05/2026,Certificate of Deposit,A1+,4.49
Navi Aggressive Hybrid Reg,Regular,35937,INF959L01DI2,Debt,National Bank For Agriculture & Rural Development CP 91-D 07/05/2026,Commercial Paper,A1+,2.7
Navi Aggressive Hybrid Reg,Regular,35937,INF959L01DI2,Debt,HDFC Bank Ltd SR Z001 6 NCD 29/05/2026,Non Convertible Debenture,AAA,2.25
Navi Aggressive Hybrid Reg,Regular,35937,INF959L01DI2,Debt,Time Technoplast Ltd CP 91-D 13/05/2026,Commercial Paper,A1+,2.25
Navi Aggressive Hybrid Reg,Regular,35937,INF959L01DI2,Equity,Axis Bank,Financial,15.54,4.45
Navi Aggressive Hybrid Reg,Regular,35937,INF959L01DI2,Equity,HDFC Bank,Financial,15.15,3.27
Navi Aggressive Hybrid Reg,Regular,35937,INF959L01DI2,Equity,Redington,Technology,12.12,3.09
Navi Aggressive Hybrid Reg,Regular,35937,INF959L01DI2,Equity,Kotak Bank,Financial,19.98,3.01
Navi Aggressive Hybrid Reg,Regular,35937,INF959L01DI2,Equity,Usha Martin,Materials,31.41,2.92
Navi Flexi Cap Reg,Regular,36680,#N/A,Debt,--,--,--,--
Navi Flexi Cap Reg,Regular,36680,#N/A,Equity,ICICI Bank,Financial,17.14,4.27
Navi Flexi Cap Reg,Regular,36680,#N/A,Equity,Axis Bank,Financial,15.54,4.12
Navi Flexi Cap Reg,Regular,36680,#N/A,Equity,HDFC Bank,Financial,15.15,3.9
Navi Flexi Cap Reg,Regular,36680,#N/A,Equity,Usha Martin,Materials,31.41,3.05
Navi Flexi Cap Reg,Regular,36680,#N/A,Equity,Kotak Bank,Financial,19.98,3.03
Nippon India Aggressive Hybrid Reg,Regular,2791,INF204K01FW1,Debt,Cube Highways Trust,Infrastructure Investment Trust,--,1.43
Nippon India Aggressive Hybrid Reg,Regular,2791,INF204K01FW1,Debt,GOI Sec 7.10 08/04/2034,GOI Securities,SOV,1.28
Nippon India Aggressive Hybrid Reg,Regular,2791,INF204K01FW1,Debt,Muthoot Finance Ltd Debenture 26/07/2029,Debenture,AA+,1.14
Nippon India Aggressive Hybrid Reg,Regular,2791,INF204K01FW1,Debt,Brookfield REIT,Real Estate Investment Trusts,--,1.04
Nippon India Aggressive Hybrid Reg,Regular,2791,INF204K01FW1,Debt,JTPM Metal Traders Ltd Debenture 30/04/2030,Debenture,AA,0.93
Nippon India Aggressive Hybrid Reg,Regular,2791,INF204K01FW1,Equity,HDFC Bank,Financial,15.15,4.68
Nippon India Aggressive Hybrid Reg,Regular,2791,INF204K01FW1,Equity,ICICI Bank,Financial,17.14,4.49
Nippon India Aggressive Hybrid Reg,Regular,2791,INF204K01FW1,Equity,Larsen & Toubro,Industrials,33.53,3.67
Nippon India Aggressive Hybrid Reg,Regular,2791,INF204K01FW1,Equity,Bharti Airtel,Technology,40.64,3.62
Nippon India Aggressive Hybrid Reg,Regular,2791,INF204K01FW1,Equity,Axis Bank,Financial,15.54,3.05
Nippon India Aggressive Hybrid Seg Port 1 Reg,Regular,40308,INF204K01FW1,Debt,Reliance Capital Ltd SR-FB- NCD 8.85 05/10/2026,Non Convertible Debenture,D,92.69
Nippon India Aggressive Hybrid Seg Port 1 Reg,Regular,40308,INF204K01FW1,Equity,--,--,--,--
Nippon India Aggressive Hybrid Seg Port 2 Reg,Regular,40852,INF204K01FW1,Debt,--,--,--,--
Nippon India Aggressive Hybrid Seg Port 2 Reg,Regular,40852,INF204K01FW1,Equity,--,--,--,--
Nippon India Arbitrage Reg,Regular,11625,INF204K01IY1,Debt,Nippon India Money Market Direct-G,Mutual Fund,--,13.7
Nippon India Arbitrage Reg,Regular,11625,INF204K01IY1,Debt,Nippon India Ultra Short Duration Direct-G,Mutual Fund,--,6.06
Nippon India Arbitrage Reg,Regular,11625,INF204K01IY1,Debt,Bank Of Baroda CD 20/05/2026,Certificate of Deposit,A1+,1.22
Nippon India Arbitrage Reg,Regular,11625,INF204K01IY1,Debt,Aavas Financiers Ltd CP 365-D 17/06/2026,Commercial Paper,A1+,1.21
Nippon India Arbitrage Reg,Regular,11625,INF204K01IY1,Debt,Small Industries Devp. Bank of India Ltd CD 14/01/2027,Certificate of Deposit,A1+,1.16
Nippon India Arbitrage Reg,Regular,11625,INF204K01IY1,Equity,HDFC Bank,Financial,15.15,5.37
Nippon India Arbitrage Reg,Regular,11625,INF204K01IY1,Equity,Bharti Airtel,Technology,40.64,3.03
Nippon India Arbitrage Reg,Regular,11625,INF204K01IY1,Equity,ICICI Bank,Financial,17.14,2.73
Nippon India Arbitrage Reg,Regular,11625,INF204K01IY1,Equity,Reliance Ind,Energy & Utilities,21.14,2.55
Nippon India Arbitrage Reg,Regular,11625,INF204K01IY1,Equity,Axis Bank,Financial,15.54,2.15
Nippon India Balanced Advantage Reg,Regular,2510,INF204K01604,Debt,--,--,--,--
Nippon India Balanced Advantage Reg,Regular,2510,INF204K01604,Equity,--,--,--,--
Nippon India Conservative Hybrid Reg,Regular,1990,INF204K01FD1,Debt,Tamilnadu State SDL 7.03 02/03/2030,State Development Loan,SOV,5.18
Nippon India Conservative Hybrid Reg,Regular,1990,INF204K01FD1,Debt,Triumph Composites Pvt. Ltd Debenture 10.50 27/04/2031,Debenture,AA-,4.19
Nippon India Conservative Hybrid Reg,Regular,1990,INF204K01FD1,Debt,Delhi International Airport Ltd NCD 22/08/2030,Non Convertible Debenture,AA,3.8
Nippon India Conservative Hybrid Reg,Regular,1990,INF204K01FD1,Debt,Aditya Birla Real Estate Ltd NCD 8.55 30/08/2029,Non Convertible Debenture,AA,3.63
Nippon India Conservative Hybrid Reg,Regular,1990,INF204K01FD1,Debt,GMR Airports Ltd Bonds 13/02/2027,Bonds,A+,3.48
Nippon India Conservative Hybrid Reg,Regular,1990,INF204K01FD1,Equity,HDFC Bank,Financial,15.15,1
Nippon India Conservative Hybrid Reg,Regular,1990,INF204K01FD1,Equity,Reliance Ind,Energy & Utilities,21.14,0.87
Nippon India Conservative Hybrid Reg,Regular,1990,INF204K01FD1,Equity,AU Small Fin Bank,Financial,27.21,0.82
Nippon India Conservative Hybrid Reg,Regular,1990,INF204K01FD1,Equity,ICICI Bank,Financial,17.14,0.73
Nippon India Conservative Hybrid Reg,Regular,1990,INF204K01FD1,Equity,Bharti Airtel,Technology,40.64,0.51
Nippon India Conservative Hybrid Seg Port 2 Reg,Regular,40870,INF204K01FD1,Debt,--,--,--,--
Nippon India Conservative Hybrid Seg Port 2 Reg,Regular,40870,INF204K01FD1,Equity,--,--,--,--
Nippon India Conservative Hybrid Seg Port1 Reg,Regular,40701,INF204K01FD1,Debt,Vodafone Idea Ltd Bonds/Deb 8.25 10/07/2020,Bonds/Debentures,B+,99.5
Nippon India Conservative Hybrid Seg Port1 Reg,Regular,40701,INF204K01FD1,Equity,--,--,--,--
Nippon India Diversified Equity Flexicap Passive FoF Reg,Regular,41239,#N/A,Debt,--,--,--,--
Nippon India Diversified Equity Flexicap Passive FoF Reg,Regular,41239,#N/A,Equity,Nippon India ETF Nifty 100-IDCW,Unspecified,--,72.91
Nippon India Diversified Equity Flexicap Passive FoF Reg,Regular,41239,#N/A,Equity,Nippon MID150BEES ETF,Unspecified,--,15.22
Nippon India Diversified Equity Flexicap Passive FoF Reg,Regular,41239,#N/A,Equity,Nippon India Nifty Smallcap 250 Index Direct-G,Unspecified,--,10.81
Nippon India ETF Nifty 5Y Benchmark G-Sec,Regular,41391,#N/A,Debt,GOI Sec 6.36 16/02/2031,GOI Securities,SOV,93.75
Nippon India ETF Nifty 5Y Benchmark G-Sec,Regular,41391,#N/A,Debt,GOI Sec 6.01 21/07/2030,GOI Securities,SOV,2.2
Nippon India ETF Nifty 5Y Benchmark G-Sec,Regular,41391,#N/A,Debt,GOI Sec 6.75 23/12/2029,GOI Securities,SOV,1.38
Nippon India ETF Nifty 5Y Benchmark G-Sec,Regular,41391,#N/A,Equity,--,--,--,--
Nippon India ETF Nifty 8-13 yr G-Sec LT Gilt,Regular,32557,#N/A,Debt,GOI Sec 6.48 06/10/2035,GOI Securities,SOV,68.35
Nippon India ETF Nifty 8-13 yr G-Sec LT Gilt,Regular,32557,#N/A,Debt,GOI Sec 6.33 05/05/2035,GOI Securities,SOV,19.23
Nippon India ETF Nifty 8-13 yr G-Sec LT Gilt,Regular,32557,#N/A,Debt,GOI Sec 6.94 11/05/2036,GOI Securities,SOV,9.17
Nippon India ETF Nifty 8-13 yr G-Sec LT Gilt,Regular,32557,#N/A,Debt,GOI Sec 6.79 07/10/2034,GOI Securities,SOV,1.02
Nippon India ETF Nifty 8-13 yr G-Sec LT Gilt,Regular,32557,#N/A,Equity,--,--,--,--
Nippon India Equity Savings Reg,Regular,30212,INF204KA1V94,Debt,GOI Sec 7.32 13/11/2030,GOI Securities,SOV,4.26
Nippon India Equity Savings Reg,Regular,30212,INF204KA1V94,Debt,GOI Sec 7.26 06/02/2033,GOI Securities,SOV,2.41
Nippon India Equity Savings Reg,Regular,30212,INF204KA1V94,Debt,GOI GOI Sec 7.10 18/04/2029,GOI Securities,SOV,1.81
Nippon India Equity Savings Reg,Regular,30212,INF204KA1V94,Debt,GOI Sec 7.41 19/12/2036,GOI Securities,SOV,1.22
Nippon India Equity Savings Reg,Regular,30212,INF204KA1V94,Debt,GOI Sec 7.17 17/04/2030,GOI Securities,SOV,1.21
Nippon India Equity Savings Reg,Regular,30212,INF204KA1V94,Equity,ICICI Bank,Financial,17.14,8.51
Nippon India Equity Savings Reg,Regular,30212,INF204KA1V94,Equity,Mahindra & Mahindra,Consumer Discretionary,21.56,7.59
Nippon India Equity Savings Reg,Regular,30212,INF204KA1V94,Equity,HDFC Bank,Financial,15.15,6.57
Nippon India Equity Savings Reg,Regular,30212,INF204KA1V94,Equity,Bharti Airtel,Technology,40.64,5.46
Nippon India Equity Savings Reg,Regular,30212,INF204KA1V94,Equity,Reliance Ind,Energy & Utilities,21.14,4.82
Nippon India Equity Savings Seg Port 1 Reg,Regular,40316,INF204KA1V94,Debt,--,--,--,--
Nippon India Equity Savings Seg Port 1 Reg,Regular,40316,INF204KA1V94,Equity,--,--,--,--
Nippon India Equity Savings Seg Port 2 Reg,Regular,40860,INF204KA1V94,Debt,--,--,--,--
Nippon India Equity Savings Seg Port 2 Reg,Regular,40860,INF204KA1V94,Equity,--,--,--,--
Nippon India Flexi Cap Reg,Regular,41614,#N/A,Debt,--,--,--,--
Nippon India Flexi Cap Reg,Regular,41614,#N/A,Equity,ICICI Bank,Financial,17.14,6.64
Nippon India Flexi Cap Reg,Regular,41614,#N/A,Equity,HDFC Bank,Financial,15.15,6.06
Nippon India Flexi Cap Reg,Regular,41614,#N/A,Equity,Axis Bank,Financial,15.54,4.05
Nippon India Flexi Cap Reg,Regular,41614,#N/A,Equity,Reliance Ind,Energy & Utilities,21.14,3.73
Nippon India Flexi Cap Reg,Regular,41614,#N/A,Equity,Larsen & Toubro,Industrials,33.53,2.82
Nippon India Focused Reg,Regular,3900,#N/A,Debt,--,--,--,--
Nippon India Focused Reg,Regular,3900,#N/A,Equity,ICICI Bank,Financial,17.14,8.56
Nippon India Focused Reg,Regular,3900,#N/A,Equity,HDFC Bank,Financial,15.15,8.25
Nippon India Focused Reg,Regular,3900,#N/A,Equity,Axis Bank,Financial,15.54,7.02
Nippon India Focused Reg,Regular,3900,#N/A,Equity,Infosys,Technology,15.78,4.75
Nippon India Focused Reg,Regular,3900,#N/A,Equity,Eternal,Technology,634.13,4.27
Nippon India Gilt,Regular,1775,#N/A,Debt,GOI Sec 7.24 18/08/2055,GOI Securities,SOV,12.82
Nippon India Gilt,Regular,1775,#N/A,Debt,GOI Sec 6.90 15/04/2065,GOI Securities,SOV,12.67
Nippon India Gilt,Regular,1775,#N/A,Debt,GOI Sec 6.68 07/07/2040,GOI Securities,SOV,12.1
Nippon India Gilt,Regular,1775,#N/A,Debt,GOI Sec 7.34 22/04/2064,GOI Securities,SOV,11.88
Nippon India Gilt,Regular,1775,#N/A,Debt,GOI Sec 7.25 12/06/2063,GOI Securities,SOV,6.06
Nippon India Gilt,Regular,1775,#N/A,Equity,--,--,--,--
Nippon India Gilt Inst,Regular,1773,#N/A,Debt,GOI Sec 7.24 18/08/2055,GOI Securities,SOV,12.82
Nippon India Gilt Inst,Regular,1773,#N/A,Debt,GOI Sec 6.90 15/04/2065,GOI Securities,SOV,12.67
Nippon India Gilt Inst,Regular,1773,#N/A,Debt,GOI Sec 6.68 07/07/2040,GOI Securities,SOV,12.1
Nippon India Gilt Inst,Regular,1773,#N/A,Debt,GOI Sec 7.34 22/04/2064,GOI Securities,SOV,11.88
Nippon India Gilt Inst,Regular,1773,#N/A,Debt,GOI Sec 7.25 12/06/2063,GOI Securities,SOV,6.06
Nippon India Gilt Inst,Regular,1773,#N/A,Equity,--,--,--,--
Nippon India Gilt PF,Regular,19468,#N/A,Debt,GOI Sec 7.24 18/08/2055,GOI Securities,SOV,12.82
Nippon India Gilt PF,Regular,19468,#N/A,Debt,GOI Sec 6.90 15/04/2065,GOI Securities,SOV,12.67
Nippon India Gilt PF,Regular,19468,#N/A,Debt,GOI Sec 6.68 07/07/2040,GOI Securities,SOV,12.1
Nippon India Gilt PF,Regular,19468,#N/A,Debt,GOI Sec 7.34 22/04/2064,GOI Securities,SOV,11.88
Nippon India Gilt PF,Regular,19468,#N/A,Debt,GOI Sec 7.25 12/06/2063,GOI Securities,SOV,6.06
Nippon India Gilt PF,Regular,19468,#N/A,Equity,--,--,--,--
Nippon India Nifty 500 Low Volatility 50 Index Reg,Regular,45107,#N/A,Debt,--,--,--,--
Nippon India Nifty 500 Low Volatility 50 Index Reg,Regular,45107,#N/A,Equity,Coal India,Materials,8.97,5.22
Nippon India Nifty 500 Low Volatility 50 Index Reg,Regular,45107,#N/A,Equity,Asian Paints,Materials,60.32,5.11
Nippon India Nifty 500 Low Volatility 50 Index Reg,Regular,45107,#N/A,Equity,Power Grid,Energy & Utilities,16.78,5
Nippon India Nifty 500 Low Volatility 50 Index Reg,Regular,45107,#N/A,Equity,Bajaj Finance,Financial,28.93,4.77
Nippon India Nifty 500 Low Volatility 50 Index Reg,Regular,45107,#N/A,Equity,Bharti Airtel,Technology,40.64,4.56
Nippon India Nifty 500 Momentum 50 Index Reg,Regular,44556,#N/A,Debt,--,--,--,--
Nippon India Nifty 500 Momentum 50 Index Reg,Regular,44556,#N/A,Equity,Hindalco Ind,Materials,17.41,5.51
Nippon India Nifty 500 Momentum 50 Index Reg,Regular,44556,#N/A,Equity,BSE,Financial,64.44,4.85
Nippon India Nifty 500 Momentum 50 Index Reg,Regular,44556,#N/A,Equity,Eicher Motors,Consumer Discretionary,35.98,4.73
Nippon India Nifty 500 Momentum 50 Index Reg,Regular,44556,#N/A,Equity,Shriram Finance,Financial,21.13,4.7
Nippon India Nifty 500 Momentum 50 Index Reg,Regular,44556,#N/A,Equity,Asian Paints,Materials,60.32,4.49
Nippon India Nifty 500 Quality 50 Index Reg,Regular,45103,#N/A,Debt,--,--,--,--
Nippon India Nifty 500 Quality 50 Index Reg,Regular,45103,#N/A,Equity,BSE,Financial,64.44,6.04
Nippon India Nifty 500 Quality 50 Index Reg,Regular,45103,#N/A,Equity,Bharat Electronics,Industrials,49.42,4.48
Nippon India Nifty 500 Quality 50 Index Reg,Regular,45103,#N/A,Equity,Coal India,Materials,8.97,3.98
Nippon India Nifty 500 Quality 50 Index Reg,Regular,45103,#N/A,Equity,Bajaj Auto,Consumer Discretionary,26.4,3.84
Nippon India Nifty 500 Quality 50 Index Reg,Regular,45103,#N/A,Equity,Suzlon Energy,Industrials,23.63,3.74
Nippon India Retirement Incm Generation Reg,Regular,29295,INF204KA1C22,Debt,GOI CGL 7.06 10/10/2046,Central Government Loan,SOV,30.4
Nippon India Retirement Incm Generation Reg,Regular,29295,INF204KA1C22,Debt,GOI Sec 6.68 07/07/2040,GOI Securities,SOV,16.75
Nippon India Retirement Incm Generation Reg,Regular,29295,INF204KA1C22,Debt,GOI Sec 8.13 22/06/2045,GOI Securities,SOV,15.88
Nippon India Retirement Incm Generation Reg,Regular,29295,INF204KA1C22,Debt,GOI Sec 8.17 01/12/2044,GOI Securities,SOV,4.93
Nippon India Retirement Incm Generation Reg,Regular,29295,INF204KA1C22,Debt,GOI Sec 8.30 31/12/2042,GOI Securities,SOV,1.64
Nippon India Retirement Incm Generation Reg,Regular,29295,INF204KA1C22,Equity,ICICI Bank,Financial,17.14,2.68
Nippon India Retirement Incm Generation Reg,Regular,29295,INF204KA1C22,Equity,SBI,Financial,11.13,2.05
Nippon India Retirement Incm Generation Reg,Regular,29295,INF204KA1C22,Equity,Reliance Ind,Energy & Utilities,21.14,1.69
Nippon India Retirement Incm Generation Reg,Regular,29295,INF204KA1C22,Equity,HDFC Bank,Financial,15.15,1.59
Nippon India Retirement Incm Generation Reg,Regular,29295,INF204KA1C22,Equity,Larsen & Toubro,Industrials,33.53,1.37
Nippon India Retirement Wealth Creation Reg,Regular,29289,#N/A,Debt,--,--,--,--
Nippon India Retirement Wealth Creation Reg,Regular,29289,#N/A,Equity,HDFC Bank,Financial,15.15,7.85
Nippon India Retirement Wealth Creation Reg,Regular,29289,#N/A,Equity,ICICI Bank,Financial,17.14,7.33
Nippon India Retirement Wealth Creation Reg,Regular,29289,#N/A,Equity,Reliance Ind,Energy & Utilities,21.14,4.46
Nippon India Retirement Wealth Creation Reg,Regular,29289,#N/A,Equity,Axis Bank,Financial,15.54,4.24
Nippon India Retirement Wealth Creation Reg,Regular,29289,#N/A,Equity,Infosys,Technology,15.78,4.2
Old Bridge Arbitrage Reg,Regular,45601,INF0S5R01091,Debt,Shriram Finance Ltd SR PPD IX TR Debenture 8.75 04/05/2026,Debenture,AAA,3.26
Old Bridge Arbitrage Reg,Regular,45601,INF0S5R01091,Debt,Reserve Bank of India T-Bills 182-D 08/05/2026,Treasury Bills,SOV,3.25
Old Bridge Arbitrage Reg,Regular,45601,INF0S5R01091,Debt,Reserve Bank of India T-Bills 364-D 17/12/2026,Treasury Bills,SOV,3.15
Old Bridge Arbitrage Reg,Regular,45601,INF0S5R01091,Equity,ICICI Bank,Financial,17.14,6.05
Old Bridge Arbitrage Reg,Regular,45601,INF0S5R01091,Equity,HDFC Bank,Financial,15.15,4.59
Old Bridge Arbitrage Reg,Regular,45601,INF0S5R01091,Equity,Bharat Heavy Elect,Industrials,82.39,4.4
Old Bridge Arbitrage Reg,Regular,45601,INF0S5R01091,Equity,JSW Steel,Materials,13.96,4.34
Old Bridge Arbitrage Reg,Regular,45601,INF0S5R01091,Equity,Bharti Airtel,Technology,40.64,3.62
Old Bridge Flexi Cap Reg,Regular,45844,#N/A,Debt,--,--,--,--
Old Bridge Flexi Cap Reg,Regular,45844,#N/A,Equity,Gujarat Ambuja,Consumer Staples,23.67,3.34
Old Bridge Flexi Cap Reg,Regular,45844,#N/A,Equity,Shriram Finance,Financial,21.13,3.26
Old Bridge Flexi Cap Reg,Regular,45844,#N/A,Equity,Mahindra & Mahindra,Consumer Discretionary,21.56,3.25
Old Bridge Flexi Cap Reg,Regular,45844,#N/A,Equity,Aurobindo Pharma,Healthcare,23.84,3.15
Old Bridge Flexi Cap Reg,Regular,45844,#N/A,Equity,Glenmark Pharmaceuticals,Healthcare,44.55,3.07
Old Bridge Focused Reg,Regular,44036,#N/A,Debt,--,--,--,--
Old Bridge Focused Reg,Regular,44036,#N/A,Equity,Shriram Finance,Financial,21.13,6.78
Old Bridge Focused Reg,Regular,44036,#N/A,Equity,Aurobindo Pharma,Healthcare,23.84,5.71
Old Bridge Focused Reg,Regular,44036,#N/A,Equity,Maruti Suzuki,Consumer Discretionary,28.03,4.58
Old Bridge Focused Reg,Regular,44036,#N/A,Equity,Bharti Airtel,Technology,40.64,4.48
Old Bridge Focused Reg,Regular,44036,#N/A,Equity,Axis Bank,Financial,15.54,4.47
PGIM India Aggressive Hybrid Equity Reg,Regular,2057,INF663L01HC4,Debt,GOI Sec 7.26 22/08/2032,GOI Securities,SOV,4.52
PGIM India Aggressive Hybrid Equity Reg,Regular,2057,INF663L01HC4,Debt,Union Bank of India CD 03/06/2026,Certificate of Deposit,A1+,3.96
PGIM India Aggressive Hybrid Equity Reg,Regular,2057,INF663L01HC4,Debt,GOI Sec 7.10 08/04/2034,GOI Securities,SOV,2.49
PGIM India Aggressive Hybrid Equity Reg,Regular,2057,INF663L01HC4,Debt,GOI Sec 7.26 06/02/2033,GOI Securities,SOV,1.91
PGIM India Aggressive Hybrid Equity Reg,Regular,2057,INF663L01HC4,Debt,GOI Sec 6.01 21/07/2030,GOI Securities,SOV,1.69
PGIM India Aggressive Hybrid Equity Reg,Regular,2057,INF663L01HC4,Equity,PGIM Jennison Global Opportunities Fund USD I Accumulation Forgn.MF-,Unspecified,--,11.23
PGIM India Aggressive Hybrid Equity Reg,Regular,2057,INF663L01HC4,Equity,ICICI Bank,Financial,17.14,5.83
PGIM India Aggressive Hybrid Equity Reg,Regular,2057,INF663L01HC4,Equity,HDFC Bank,Financial,15.15,5.38
PGIM India Aggressive Hybrid Equity Reg,Regular,2057,INF663L01HC4,Equity,Bharti Airtel,Technology,40.64,3.68
PGIM India Aggressive Hybrid Equity Reg,Regular,2057,INF663L01HC4,Equity,Reliance Ind,Energy & Utilities,21.14,3.65
PGIM India Arbitrage Reg,Regular,27870,INF223J019N4,Debt,PGIM India Liquid Direct-G,Mutual Fund,--,20.34
PGIM India Arbitrage Reg,Regular,27870,INF223J019N4,Debt,Reserve Bank of India T-Bills 182-D 11/06/2026,Treasury Bills,SOV,5.42
PGIM India Arbitrage Reg,Regular,27870,INF223J019N4,Debt,Reserve Bank of India T-Bills 91-D 04/06/2026,Treasury Bills,SOV,5.42
PGIM India Arbitrage Reg,Regular,27870,INF223J019N4,Debt,Reserve Bank of India T-Bills 364-D 29/10/2026,Treasury Bills,SOV,0.21
PGIM India Arbitrage Reg,Regular,27870,INF223J019N4,Equity,HDFC Bank,Financial,15.15,9.42
PGIM India Arbitrage Reg,Regular,27870,INF223J019N4,Equity,Reliance Ind,Energy & Utilities,21.14,6.81
PGIM India Arbitrage Reg,Regular,27870,INF223J019N4,Equity,Vodafone Idea,Technology,4.33,5.75
PGIM India Arbitrage Reg,Regular,27870,INF223J019N4,Equity,Titan,Consumer Discretionary,70.73,5.42
PGIM India Arbitrage Reg,Regular,27870,INF223J019N4,Equity,ICICI Bank,Financial,17.14,3.91
PGIM India Balanced Advantage Reg,Regular,41261,INF663L01V72,Debt,--,--,--,--
PGIM India Balanced Advantage Reg,Regular,41261,INF663L01V72,Equity,--,--,--,--
PGIM India Equity Savings Reg,Regular,2059,INF223J01FB7,Debt,GOI Sec 7.10 08/04/2034,GOI Securities,SOV,8.44
PGIM India Equity Savings Reg,Regular,2059,INF223J01FB7,Debt,GOI Sec 7.18 14/08/2033,GOI Securities,SOV,5.08
PGIM India Equity Savings Reg,Regular,2059,INF223J01FB7,Debt,IndiGrid Infrastructure Trust,Infrastructure Investment Trust,--,4.98
PGIM India Equity Savings Reg,Regular,2059,INF223J01FB7,Debt,Brookfield REIT,Real Estate Investment Trusts,--,4.76
PGIM India Equity Savings Reg,Regular,2059,INF223J01FB7,Debt,Export-Import Bank Of India Bonds 8.87 30/10/2029,Bonds,AAA,3.47
PGIM India Equity Savings Reg,Regular,2059,INF223J01FB7,Equity,Tata Steel,Materials,22.98,8.38
PGIM India Equity Savings Reg,Regular,2059,INF223J01FB7,Equity,HDFC Bank,Financial,15.15,7.65
PGIM India Equity Savings Reg,Regular,2059,INF223J01FB7,Equity,Reliance Ind,Energy & Utilities,21.14,6.72
PGIM India Equity Savings Reg,Regular,2059,INF223J01FB7,Equity,Adani Ports,Industrials,32.9,6.04
PGIM India Equity Savings Reg,Regular,2059,INF223J01FB7,Equity,Bajaj Finance,Financial,28.93,4.96
PGIM India Flexi Cap Reg,Regular,29471,#N/A,Debt,--,--,--,--
PGIM India Flexi Cap Reg,Regular,29471,#N/A,Equity,HDFC Bank,Financial,15.15,5.78
PGIM India Flexi Cap Reg,Regular,29471,#N/A,Equity,ICICI Bank,Financial,17.14,5.55
PGIM India Flexi Cap Reg,Regular,29471,#N/A,Equity,Bharti Airtel,Technology,40.64,3.09
PGIM India Flexi Cap Reg,Regular,29471,#N/A,Equity,Reliance Ind,Energy & Utilities,21.14,2.82
PGIM India Flexi Cap Reg,Regular,29471,#N/A,Equity,SBI,Financial,11.13,2.34
PGIM India Gilt Reg,Regular,9603,#N/A,Debt,GOI Sec 6.68 07/07/2040,GOI Securities,SOV,18.83
PGIM India Gilt Reg,Regular,9603,#N/A,Debt,GOI Sec 6.48 06/10/2035,GOI Securities,SOV,18.06
PGIM India Gilt Reg,Regular,9603,#N/A,Debt,GOI Sec 7.24 18/08/2055,GOI Securities,SOV,12.43
PGIM India Gilt Reg,Regular,9603,#N/A,Debt,GOI Sec 6.90 15/04/2065,GOI Securities,SOV,8.38
PGIM India Gilt Reg,Regular,9603,#N/A,Debt,GOI Sec 6.79 07/10/2034,GOI Securities,SOV,6.37
PGIM India Gilt Reg,Regular,9603,#N/A,Equity,--,--,--,--
Parag Parikh Arbitrage Reg,Regular,43815,INF879O01217,Debt,Parag Parikh Liquid Direct-G,Mutual Fund,--,16.08
Parag Parikh Arbitrage Reg,Regular,43815,INF879O01217,Debt,Kotak Securities Ltd CP 90-D 27/05/2026,Commercial Paper,A1+,2.1
Parag Parikh Arbitrage Reg,Regular,43815,INF879O01217,Debt,Small Industries Devp. Bank of India Ltd CD 09/07/2026,Certificate of Deposit,A1+,2.08
Parag Parikh Arbitrage Reg,Regular,43815,INF879O01217,Debt,Axis Bank Ltd CD 11/08/2026,Certificate of Deposit,A1+,2.07
Parag Parikh Arbitrage Reg,Regular,43815,INF879O01217,Debt,Canara Bank CD 08/01/2027,Certificate of Deposit,A1+,2.01
Parag Parikh Arbitrage Reg,Regular,43815,INF879O01217,Equity,HDFC Bank,Financial,15.15,6.11
Parag Parikh Arbitrage Reg,Regular,43815,INF879O01217,Equity,Axis Bank,Financial,15.54,5.14
Parag Parikh Arbitrage Reg,Regular,43815,INF879O01217,Equity,ICICI Bank,Financial,17.14,4.99
Parag Parikh Arbitrage Reg,Regular,43815,INF879O01217,Equity,Bharti Airtel,Technology,40.64,4.83
Parag Parikh Arbitrage Reg,Regular,43815,INF879O01217,Equity,Reliance Ind,Energy & Utilities,21.14,4.66
Parag Parikh Conservative Hybrid Reg,Regular,41482,INF879O01209,Debt,Embassy Office,Real Estate Investment Trusts,--,5.08
Parag Parikh Conservative Hybrid Reg,Regular,41482,INF879O01209,Debt,Brookfield REIT,Real Estate Investment Trusts,--,4.96
Parag Parikh Conservative Hybrid Reg,Regular,41482,INF879O01209,Debt,Uttar Pradesh State SDL 7.08 17/02/2031,State Development Loan,SOV,4.41
Parag Parikh Conservative Hybrid Reg,Regular,41482,INF879O01209,Debt,Karnataka State SDL 7.08 12/02/2031,State Development Loan,SOV,4.11
Parag Parikh Conservative Hybrid Reg,Regular,41482,INF879O01209,Debt,Maharashtra State SDL 7.72 01/03/2031,State Development Loan,SOV,3.77
Parag Parikh Conservative Hybrid Reg,Regular,41482,INF879O01209,Equity,Coal India,Materials,8.97,2.31
Parag Parikh Conservative Hybrid Reg,Regular,41482,INF879O01209,Equity,Power Grid,Energy & Utilities,16.78,2.08
Parag Parikh Conservative Hybrid Reg,Regular,41482,INF879O01209,Equity,ITC,Consumer Staples,17.2,1.91
Parag Parikh Conservative Hybrid Reg,Regular,41482,INF879O01209,Equity,Petronet Lng,Energy & Utilities,10.27,1.9
Parag Parikh Conservative Hybrid Reg,Regular,41482,INF879O01209,Equity,REC,Financial,5.64,0.95
Parag Parikh Dynamic Asset Allocation Reg,Regular,44167,INF879O01233,Debt,Embassy Office,Real Estate Investment Trusts,--,5.09
Parag Parikh Dynamic Asset Allocation Reg,Regular,44167,INF879O01233,Debt,Brookfield REIT,Real Estate Investment Trusts,--,5.08
Parag Parikh Dynamic Asset Allocation Reg,Regular,44167,INF879O01233,Debt,Parag Parikh Liquid Direct-G,Mutual Fund,--,3.96
Parag Parikh Dynamic Asset Allocation Reg,Regular,44167,INF879O01233,Debt,Tamilnadu State SDL 7.12 18/02/2032,State Development Loan,SOV,3.63
Parag Parikh Dynamic Asset Allocation Reg,Regular,44167,INF879O01233,Debt,Maharashtra State SDL 7.72 01/03/2031,State Development Loan,SOV,2.81
Parag Parikh Dynamic Asset Allocation Reg,Regular,44167,INF879O01233,Equity,Coal India,Materials,8.97,3.2
Parag Parikh Dynamic Asset Allocation Reg,Regular,44167,INF879O01233,Equity,Reliance Ind,Energy & Utilities,21.14,3.07
Parag Parikh Dynamic Asset Allocation Reg,Regular,44167,INF879O01233,Equity,Power Grid,Energy & Utilities,16.78,2.74
Parag Parikh Dynamic Asset Allocation Reg,Regular,44167,INF879O01233,Equity,HDFC Bank,Financial,15.15,2.71
Parag Parikh Dynamic Asset Allocation Reg,Regular,44167,INF879O01233,Equity,ITC,Consumer Staples,17.2,2.63
Parag Parikh Flexi Cap Reg,Regular,19699,#N/A,Debt,--,--,--,--
Parag Parikh Flexi Cap Reg,Regular,19699,#N/A,Equity,HDFC Bank,Financial,15.26,7.94
Parag Parikh Flexi Cap Reg,Regular,19699,#N/A,Equity,Power Grid,Energy & Utilities,16.83,6.99
Parag Parikh Flexi Cap Reg,Regular,19699,#N/A,Equity,Coal India,Materials,9.05,5.95
Parag Parikh Flexi Cap Reg,Regular,19699,#N/A,Equity,ITC,Consumer Staples,17.25,5.43
Parag Parikh Flexi Cap Reg,Regular,19699,#N/A,Equity,ICICI Bank,Financial,17.15,4.92
Quant Aggressive Hybrid Reg,Regular,950,INF966L01267,Debt,Small Industries Devp. Bank of India Ltd CD 10/11/2026,Certificate of Deposit,A1+,4.76
Quant Aggressive Hybrid Reg,Regular,950,INF966L01267,Debt,Reserve Bank of India T-Bills 364-D 19/02/2027,Treasury Bills,SOV,4.73
Quant Aggressive Hybrid Reg,Regular,950,INF966L01267,Debt,Capri Global Capital Ltd CP 129-D 31/07/2026,Commercial Paper,A1+,2.42
Quant Aggressive Hybrid Reg,Regular,950,INF966L01267,Debt,Maharashtra State SDL 7.23 04/09/2035,State Development Loan,SOV,2.4
Quant Aggressive Hybrid Reg,Regular,950,INF966L01267,Debt,Reserve Bank of India T-Bills 364-D 21/05/2026,Treasury Bills,SOV,2.32
Quant Aggressive Hybrid Reg,Regular,950,INF966L01267,Equity,ICICI Bank,Financial,17.14,8.91
Quant Aggressive Hybrid Reg,Regular,950,INF966L01267,Equity,Adani Green Energy,Energy & Utilities,148.76,8.8
Quant Aggressive Hybrid Reg,Regular,950,INF966L01267,Equity,Reliance Ind,Energy & Utilities,21.14,7.72
Quant Aggressive Hybrid Reg,Regular,950,INF966L01267,Equity,Adani Power,Energy & Utilities,33.28,7.56
Quant Aggressive Hybrid Reg,Regular,950,INF966L01267,Equity,Aurobindo Pharma,Healthcare,23.84,7.01
Quant Arbitrage Reg,Regular,45073,INF966L01DZ1,Debt,Quant Liquid Direct-G,Mutual Fund,--,16.27
Quant Arbitrage Reg,Regular,45073,INF966L01DZ1,Debt,Reserve Bank of India T-Bills 364-D 08/04/2027,Treasury Bills,SOV,2.7
Quant Arbitrage Reg,Regular,45073,INF966L01DZ1,Debt,Reserve Bank of India T-Bills 364-D 04/03/2027,Treasury Bills,SOV,1.36
Quant Arbitrage Reg,Regular,45073,INF966L01DZ1,Debt,Reserve Bank of India T-Bills 364-D 15/04/2027,Treasury Bills,SOV,1.35
Quant Arbitrage Reg,Regular,45073,INF966L01DZ1,Debt,Reserve Bank of India T-Bills 364-D 21/05/2026,Treasury Bills,SOV,0.85
Quant Arbitrage Reg,Regular,45073,INF966L01DZ1,Equity,Bharat Heavy Elect,Industrials,82.39,5.03
Quant Arbitrage Reg,Regular,45073,INF966L01DZ1,Equity,JIO Financial,Financial,97.68,4.88
Quant Arbitrage Reg,Regular,45073,INF966L01DZ1,Equity,HDFC Bank,Financial,15.15,4.49
Quant Arbitrage Reg,Regular,45073,INF966L01DZ1,Equity,Godrej Consumer,Consumer Staples,56.43,3.96
Quant Arbitrage Reg,Regular,45073,INF966L01DZ1,Equity,Adani Ports,Industrials,32.9,3.85
Quant Dynamic Asset Allocation Reg,Regular,43469,INF966L01BO9,Debt,Capri Global Capital Ltd CP 129-D 31/07/2026,Commercial Paper,A1+,2.72
Quant Dynamic Asset Allocation Reg,Regular,43469,INF966L01BO9,Debt,Citius TransNet Investment Trust InvITs,Infrastructure Investment Trust,--,1.98
Quant Dynamic Asset Allocation Reg,Regular,43469,INF966L01BO9,Debt,Reserve Bank of India T-Bills 91-D 07/05/2026,Treasury Bills,SOV,0.89
Quant Dynamic Asset Allocation Reg,Regular,43469,INF966L01BO9,Debt,Reserve Bank of India T-Bills 91-D 14/05/2026,Treasury Bills,SOV,0.89
Quant Dynamic Asset Allocation Reg,Regular,43469,INF966L01BO9,Debt,Reserve Bank of India T-Bills 91-D 22/05/2026,Treasury Bills,SOV,0.88
Quant Dynamic Asset Allocation Reg,Regular,43469,INF966L01BO9,Equity,Reliance Ind,Energy & Utilities,21.14,9.71
Quant Dynamic Asset Allocation Reg,Regular,43469,INF966L01BO9,Equity,ICICI Prudential Asset Management,Financial,48.22,8.91
Quant Dynamic Asset Allocation Reg,Regular,43469,INF966L01BO9,Equity,HDFC Life,Financial,62.11,8.5
Quant Dynamic Asset Allocation Reg,Regular,43469,INF966L01BO9,Equity,Samvardhana Motherson,Consumer Discretionary,39.01,8.34
Quant Dynamic Asset Allocation Reg,Regular,43469,INF966L01BO9,Equity,Adani Green Energy,Energy & Utilities,148.76,7.78
Quant Equity Savings Reg,Regular,45351,INF966L01EF1,Debt,Quant Liquid Direct-G,Mutual Fund,--,10.12
Quant Equity Savings Reg,Regular,45351,INF966L01EF1,Debt,Citius TransNet Investment Trust InvITs,Infrastructure Investment Trust,--,9.06
Quant Equity Savings Reg,Regular,45351,INF966L01EF1,Equity,Adani Green Energy,Energy & Utilities,148.76,10.16
Quant Equity Savings Reg,Regular,45351,INF966L01EF1,Equity,ICICI Bank,Financial,17.14,8.2
Quant Equity Savings Reg,Regular,45351,INF966L01EF1,Equity,Bharti Airtel,Technology,40.64,7.95
Quant Equity Savings Reg,Regular,45351,INF966L01EF1,Equity,Tata Chemicals,Materials,--,6.03
Quant Equity Savings Reg,Regular,45351,INF966L01EF1,Equity,HDFC Life,Financial,62.11,5.92
Quant Flexi Cap Reg,Regular,8827,#N/A,Debt,--,--,--,--
Quant Flexi Cap Reg,Regular,8827,#N/A,Equity,Adani Power,Energy & Utilities,33.28,9.66
Quant Flexi Cap Reg,Regular,8827,#N/A,Equity,Samvardhana Motherson,Consumer Discretionary,39.01,7.55
Quant Flexi Cap Reg,Regular,8827,#N/A,Equity,Adani Enterprises,Materials,41.04,7.4
Quant Flexi Cap Reg,Regular,8827,#N/A,Equity,ICICI Prudential Asset Management,Financial,48.22,6.73
Quant Flexi Cap Reg,Regular,8827,#N/A,Equity,Aurobindo Pharma,Healthcare,23.84,6.39
Quant Gilt Reg,Regular,42966,#N/A,Debt,GOI Sec 7.09 05/08/2054,GOI Securities,SOV,23.56
Quant Gilt Reg,Regular,42966,#N/A,Debt,Karnataka State SDL 7.68 21/12/2034,State Development Loan,SOV,12.57
Quant Gilt Reg,Regular,42966,#N/A,Debt,Maharashtra State SDL 7.46 13/09/2033,State Development Loan,SOV,9.46
Quant Gilt Reg,Regular,42966,#N/A,Debt,Tamilnadu State SDL 7.49 24/04/2034,State Development Loan,SOV,7.96
Quant Gilt Reg,Regular,42966,#N/A,Debt,GOI Sec 12/09/2027,GOI Securities,SOV,6.41
Quant Gilt Reg,Regular,42966,#N/A,Equity,--,--,--,--
Quantum Diversified Equity All Cap Active FoF Reg,Regular,33962,#N/A,Debt,--,--,--,--
Quantum Diversified Equity All Cap Active FoF Reg,Regular,33962,#N/A,Equity,Invesco India Mid Cap Direct-G,Unspecified,--,14.34
Quantum Diversified Equity All Cap Active FoF Reg,Regular,33962,#N/A,Equity,ICICI Pru Focused Equity Direct-G,Unspecified,--,14.3
Quantum Diversified Equity All Cap Active FoF Reg,Regular,33962,#N/A,Equity,ICICI Pru Large & Mid Cap Direct-G,Unspecified,--,14.13
Quantum Diversified Equity All Cap Active FoF Reg,Regular,33962,#N/A,Equity,Franklin India Flexi Cap Direct-G,Unspecified,--,14.11
Quantum Diversified Equity All Cap Active FoF Reg,Regular,33962,#N/A,Equity,DSP Large Cap Direct-G,Unspecified,--,14.03
SBI Arbitrage Opportunities Reg,Regular,3687,INF200K01156,Debt,SBI Savings Direct-G,Mutual Fund,--,7.94
SBI Arbitrage Opportunities Reg,Regular,3687,INF200K01156,Debt,SBI Liquid Direct-G,Mutual Fund,--,5.73
SBI Arbitrage Opportunities Reg,Regular,3687,INF200K01156,Debt,SBI Low Duration Direct-G,Mutual Fund,--,2.58
SBI Arbitrage Opportunities Reg,Regular,3687,INF200K01156,Debt,SBI Ultra Short Duration Direct-G,Mutual Fund,--,1.64
SBI Arbitrage Opportunities Reg,Regular,3687,INF200K01156,Debt,Bank Of Baroda CD 02/02/2027,Certificate of Deposit,A1+,1.11
SBI Arbitrage Opportunities Reg,Regular,3687,INF200K01156,Equity,HDFC Bank,Financial,15.15,5.24
SBI Arbitrage Opportunities Reg,Regular,3687,INF200K01156,Equity,ICICI Bank,Financial,17.14,3.81
SBI Arbitrage Opportunities Reg,Regular,3687,INF200K01156,Equity,SBI,Financial,11.13,3.34
SBI Arbitrage Opportunities Reg,Regular,3687,INF200K01156,Equity,Bharti Airtel,Technology,40.64,2.17
SBI Arbitrage Opportunities Reg,Regular,3687,INF200K01156,Equity,Reliance Ind,Energy & Utilities,21.14,1.87
SBI Balanced Advantage Reg,Regular,41653,INF200KA1Y40,Debt,Reserve Bank of India T-Bills 364-D 04/03/2027,Treasury Bills,SOV,1.99
SBI Balanced Advantage Reg,Regular,41653,INF200KA1Y40,Debt,Reserve Bank of India T-Bills 91-D 16/07/2026,Treasury Bills,SOV,1.34
SBI Balanced Advantage Reg,Regular,41653,INF200KA1Y40,Debt,Brookfield REIT,Real Estate Investment Trusts,--,1.28
SBI Balanced Advantage Reg,Regular,41653,INF200KA1Y40,Debt,Adani Power Ltd SR I 8 Debenture 27/01/2028,Debenture,AA,1.17
SBI Balanced Advantage Reg,Regular,41653,INF200KA1Y40,Debt,JSW Kalinga Steel Ltd Debenture,Debenture,AA,0.98
SBI Balanced Advantage Reg,Regular,41653,INF200KA1Y40,Equity,Reliance Ind,Energy & Utilities,21.14,5.38
SBI Balanced Advantage Reg,Regular,41653,INF200KA1Y40,Equity,HDFC Bank,Financial,15.15,4.18
SBI Balanced Advantage Reg,Regular,41653,INF200KA1Y40,Equity,ICICI Bank,Financial,17.14,3.4
SBI Balanced Advantage Reg,Regular,41653,INF200KA1Y40,Equity,GAIL (India),Energy & Utilities,14.58,2.42
SBI Balanced Advantage Reg,Regular,41653,INF200KA1Y40,Equity,Tata Steel,Materials,22.98,2.1
SBI Children's Investment Plan Reg,Regular,41123,INF200KA1Q99,Debt,Reserve Bank of India T-Bills 364-D 19/11/2026,Treasury Bills,SOV,0.16
SBI Children's Investment Plan Reg,Regular,41123,INF200KA1Q99,Equity,Alphabet Inc Class A (GOOGL),Technology,28.09,7.79
SBI Children's Investment Plan Reg,Regular,41123,INF200KA1Q99,Equity,SBI,Financial,11.13,6.29
SBI Children's Investment Plan Reg,Regular,41123,INF200KA1Q99,Equity,Thangamayil Jew,Consumer Discretionary,48.02,4.8
SBI Children's Investment Plan Reg,Regular,41123,INF200KA1Q99,Equity,Hatsun Agro,Consumer Staples,55.91,4.36
SBI Children's Investment Plan Reg,Regular,41123,INF200KA1Q99,Equity,Adani Power,Energy & Utilities,33.28,4.1
SBI Children's Savings Plan Reg,Regular,1229,INF200K01776,Debt,GOI Sec 6.68 07/07/2040,GOI Securities,SOV,10.2
SBI Children's Savings Plan Reg,Regular,1229,INF200K01776,Debt,GOI Sec 7.18 14/08/2033,GOI Securities,SOV,7.27
SBI Children's Savings Plan Reg,Regular,1229,INF200K01776,Debt,JSW Kalinga Steel Ltd Debenture,Debenture,AA,3.62
SBI Children's Savings Plan Reg,Regular,1229,INF200K01776,Debt,REC Ltd SR 230-A Bonds 7.71 26/02/2027,Bonds,AAA,3.59
SBI Children's Savings Plan Reg,Regular,1229,INF200K01776,Debt,LIC Housing Finance Ltd NCD 7.58 23/03/2035,Non Convertible Debenture,AAA,3.58
SBI Children's Savings Plan Reg,Regular,1229,INF200K01776,Equity,Powerica,Industrials,22.15,2.51
SBI Children's Savings Plan Reg,Regular,1229,INF200K01776,Equity,Muthoot Finance,Financial,10.93,1.69
SBI Children's Savings Plan Reg,Regular,1229,INF200K01776,Equity,Thangamayil Jew,Consumer Discretionary,48.02,1.33
SBI Children's Savings Plan Reg,Regular,1229,INF200K01776,Equity,Hatsun Agro,Consumer Staples,55.91,1.3
SBI Children's Savings Plan Reg,Regular,1229,INF200K01776,Equity,Hawkins Cookers,Consumer Discretionary,31.12,1.24
SBI Conservative Hybrid Reg,Regular,960,INF200K01859,Debt,Infopark Properties Ltd SR I RR Debenture 19/06/2039,Debenture,AA-,3.06
SBI Conservative Hybrid Reg,Regular,960,INF200K01859,Debt,Aditya Birla Renewables Ltd Bonds/NCD 8.60 24/09/2027,Bonds/NCDs,AA,3.06
SBI Conservative Hybrid Reg,Regular,960,INF200K01859,Debt,Adani Power Ltd SR I 8 Debenture 27/01/2028,Debenture,AA,3.03
SBI Conservative Hybrid Reg,Regular,960,INF200K01859,Debt,Tamilnadu State SDL 7.52 03/12/2055,State Development Loan,SOV,2.94
SBI Conservative Hybrid Reg,Regular,960,INF200K01859,Debt,JTPM Metal Traders Ltd Debenture 30/04/2030,Debenture,AA,2.68
SBI Conservative Hybrid Reg,Regular,960,INF200K01859,Equity,Kingfa Science,Materials,37.23,2
SBI Conservative Hybrid Reg,Regular,960,INF200K01859,Equity,Asian Paints,Materials,60.32,1.85
SBI Conservative Hybrid Reg,Regular,960,INF200K01859,Equity,Biocon,Healthcare,174.62,1.66
SBI Conservative Hybrid Reg,Regular,960,INF200K01859,Equity,Axis Bank,Financial,15.54,1.33
SBI Conservative Hybrid Reg,Regular,960,INF200K01859,Equity,Reliance Ind,Energy & Utilities,21.14,1.24
SBI Constant Maturity 10-Year Gilt Reg,Regular,899,#N/A,Debt,GOI Sec 6.48 06/10/2035,GOI Securities,SOV,59.06
SBI Constant Maturity 10-Year Gilt Reg,Regular,899,#N/A,Debt,GOI Sec 7.18 24/07/2037,GOI Securities,SOV,14.53
SBI Constant Maturity 10-Year Gilt Reg,Regular,899,#N/A,Debt,GOI Sec 6.79 07/10/2034,GOI Securities,SOV,13.01
SBI Constant Maturity 10-Year Gilt Reg,Regular,899,#N/A,Debt,Maharashtra State SDL 7.57 25/03/2036,State Development Loan,SOV,11.89
SBI Constant Maturity 10-Year Gilt Reg,Regular,899,#N/A,Equity,--,--,--,--
SBI Dynamic Asset Allocation Active FoF Reg,Regular,45475,INF200KB1977,Debt,SBI Medium Duration Direct-G,Mutual Fund,--,18.58
SBI Dynamic Asset Allocation Active FoF Reg,Regular,45475,INF200KB1977,Debt,SBI Medium to Long Duration Direct-G,Mutual Fund,--,8.74
SBI Dynamic Asset Allocation Active FoF Reg,Regular,45475,INF200KB1977,Debt,SBI Dynamic Bond Direct-G,Mutual Fund,--,8.63
SBI Dynamic Asset Allocation Active FoF Reg,Regular,45475,INF200KB1977,Debt,SBI Low Duration Direct-G,Mutual Fund,--,4.25
SBI Dynamic Asset Allocation Active FoF Reg,Regular,45475,INF200KB1977,Equity,SBI Focused Direct-G,Unspecified,--,9.53
SBI Dynamic Asset Allocation Active FoF Reg,Regular,45475,INF200KB1977,Equity,SBI Large & Midcap Direct-G,Unspecified,--,7.94
SBI Dynamic Asset Allocation Active FoF Reg,Regular,45475,INF200KB1977,Equity,SBI Dividend Yield Direct-G,Unspecified,--,7.43
SBI Dynamic Asset Allocation Active FoF Reg,Regular,45475,INF200KB1977,Equity,SBI Flexicap Direct-G,Unspecified,--,6.61
SBI Dynamic Asset Allocation Active FoF Reg,Regular,45475,INF200KB1977,Equity,SBI Banking & Financial Services Direct-G,Unspecified,--,5.39
SBI Equity Hybrid Reg,Regular,204,INF200K01107,Debt,West Bengal State SDL 7.95 30/03/2049,State Development Loan,SOV,1.22
SBI Equity Hybrid Reg,Regular,204,INF200K01107,Debt,Adani Power Ltd SR II Debenture 8.20 25/01/2029,Debenture,AA,1.19
SBI Equity Hybrid Reg,Regular,204,INF200K01107,Debt,Canara Bank CD 04/03/2027,Certificate of Deposit,A1+,1.1
SBI Equity Hybrid Reg,Regular,204,INF200K01107,Debt,JSW Kalinga Steel Ltd Debenture,Debenture,AA,1.04
SBI Equity Hybrid Reg,Regular,204,INF200K01107,Debt,West Bengal State SDL 7.57 31/12/2046,State Development Loan,SOV,0.85
SBI Equity Hybrid Reg,Regular,204,INF200K01107,Equity,SBI,Financial,11.13,4.23
SBI Equity Hybrid Reg,Regular,204,INF200K01107,Equity,Adani Power,Energy & Utilities,33.28,3.7
SBI Equity Hybrid Reg,Regular,204,INF200K01107,Equity,ICICI Bank,Financial,17.14,3.64
SBI Equity Hybrid Reg,Regular,204,INF200K01107,Equity,Solar,Materials,95.91,3.32
SBI Equity Hybrid Reg,Regular,204,INF200K01107,Equity,Adani Energy,Energy & Utilities,81.1,3.25
SBI Equity Savings Reg,Regular,30274,INF200KA1DA4,Debt,SBI Liquid Direct-G,Mutual Fund,--,2.7
SBI Equity Savings Reg,Regular,30274,INF200KA1DA4,Debt,GOI Sec 7.10 08/04/2034,GOI Securities,SOV,2.2
SBI Equity Savings Reg,Regular,30274,INF200KA1DA4,Debt,SBI Savings Direct-G,Mutual Fund,--,1.78
SBI Equity Savings Reg,Regular,30274,INF200KA1DA4,Debt,Infopark Properties Ltd SR I RR Debenture 19/06/2039,Debenture,AA-,1.76
SBI Equity Savings Reg,Regular,30274,INF200KA1DA4,Debt,National Bank For Agriculture & Rural Development SR 25G Bonds 7.48 15/09/2028,Bonds,AAA,1.75
SBI Equity Savings Reg,Regular,30274,INF200KA1DA4,Equity,ICICI Bank,Financial,17.14,5.29
SBI Equity Savings Reg,Regular,30274,INF200KA1DA4,Equity,HDFC Bank,Financial,15.15,5.14
SBI Equity Savings Reg,Regular,30274,INF200KA1DA4,Equity,Reliance Ind,Energy & Utilities,21.14,5.04
SBI Equity Savings Reg,Regular,30274,INF200KA1DA4,Equity,Kotak Bank,Financial,19.98,3.66
SBI Equity Savings Reg,Regular,30274,INF200KA1DA4,Equity,SBI,Financial,11.13,3.38
SBI Flexicap Reg,Regular,2859,#N/A,Debt,--,--,--,--
SBI Flexicap Reg,Regular,2859,#N/A,Equity,ICICI Bank,Financial,17.14,5.52
SBI Flexicap Reg,Regular,2859,#N/A,Equity,SBI,Financial,11.13,5.02
SBI Flexicap Reg,Regular,2859,#N/A,Equity,Axis Bank,Financial,15.54,4.42
SBI Flexicap Reg,Regular,2859,#N/A,Equity,HDFC Bank,Financial,15.15,4.39
SBI Flexicap Reg,Regular,2859,#N/A,Equity,Larsen & Toubro,Industrials,33.53,3.98
SBI Focused Reg,Regular,2415,#N/A,Debt,--,--,--,--
SBI Focused Reg,Regular,2415,#N/A,Equity,Alphabet Inc Class A (GOOGL),Technology,28.09,11.14
SBI Focused Reg,Regular,2415,#N/A,Equity,SBI,Financial,11.13,6.96
SBI Focused Reg,Regular,2415,#N/A,Equity,ICICI Bank,Financial,17.14,6.59
SBI Focused Reg,Regular,2415,#N/A,Equity,Adani Power,Energy & Utilities,33.28,5.94
SBI Focused Reg,Regular,2415,#N/A,Equity,Muthoot Finance,Financial,10.93,5.21
SBI Gilt Reg,Regular,901,#N/A,Debt,GOI Sec 6.68 07/07/2040,GOI Securities,SOV,34.73
SBI Gilt Reg,Regular,901,#N/A,Debt,GOI Sec 6.48 06/10/2035,GOI Securities,SOV,11.92
SBI Gilt Reg,Regular,901,#N/A,Debt,Reserve Bank of India T-Bills 91-D 20/08/2026,Treasury Bills,SOV,9.26
SBI Gilt Reg,Regular,901,#N/A,Debt,GOI Sec 6.94 11/05/2036,GOI Securities,SOV,6.31
SBI Gilt Reg,Regular,901,#N/A,Debt,Reserve Bank of India T-Bills 182-D 13/08/2026,Treasury Bills,SOV,5.69
SBI Gilt Reg,Regular,901,#N/A,Equity,--,--,--,--
SBI Magnum Gilt PF,Regular,1940,#N/A,Debt,GOI Sec 6.68 07/07/2040,GOI Securities,SOV,34.73
SBI Magnum Gilt PF,Regular,1940,#N/A,Debt,GOI Sec 6.48 06/10/2035,GOI Securities,SOV,11.92
SBI Magnum Gilt PF,Regular,1940,#N/A,Debt,Reserve Bank of India T-Bills 91-D 20/08/2026,Treasury Bills,SOV,9.26
SBI Magnum Gilt PF,Regular,1940,#N/A,Debt,GOI Sec 6.94 11/05/2036,GOI Securities,SOV,6.31
SBI Magnum Gilt PF,Regular,1940,#N/A,Debt,Reserve Bank of India T-Bills 182-D 13/08/2026,Treasury Bills,SOV,5.69
SBI Magnum Gilt PF,Regular,1940,#N/A,Equity,--,--,--,--
SBI Magnum Gilt PF Fixed 1Y,Regular,1943,#N/A,Debt,GOI Sec 6.68 07/07/2040,GOI Securities,SOV,34.73
SBI Magnum Gilt PF Fixed 1Y,Regular,1943,#N/A,Debt,GOI Sec 6.48 06/10/2035,GOI Securities,SOV,11.92
SBI Magnum Gilt PF Fixed 1Y,Regular,1943,#N/A,Debt,Reserve Bank of India T-Bills 91-D 20/08/2026,Treasury Bills,SOV,9.26
SBI Magnum Gilt PF Fixed 1Y,Regular,1943,#N/A,Debt,GOI Sec 6.94 11/05/2036,GOI Securities,SOV,6.31
SBI Magnum Gilt PF Fixed 1Y,Regular,1943,#N/A,Debt,Reserve Bank of India T-Bills 182-D 13/08/2026,Treasury Bills,SOV,5.69
SBI Magnum Gilt PF Fixed 1Y,Regular,1943,#N/A,Equity,--,--,--,--
SBI Magnum Gilt PF Fixed 2Y,Regular,1945,#N/A,Debt,GOI Sec 6.68 07/07/2040,GOI Securities,SOV,34.73
SBI Magnum Gilt PF Fixed 2Y,Regular,1945,#N/A,Debt,GOI Sec 6.48 06/10/2035,GOI Securities,SOV,11.92
SBI Magnum Gilt PF Fixed 2Y,Regular,1945,#N/A,Debt,Reserve Bank of India T-Bills 91-D 20/08/2026,Treasury Bills,SOV,9.26
SBI Magnum Gilt PF Fixed 2Y,Regular,1945,#N/A,Debt,GOI Sec 6.94 11/05/2036,GOI Securities,SOV,6.31
SBI Magnum Gilt PF Fixed 2Y,Regular,1945,#N/A,Debt,Reserve Bank of India T-Bills 182-D 13/08/2026,Treasury Bills,SOV,5.69
SBI Magnum Gilt PF Fixed 2Y,Regular,1945,#N/A,Equity,--,--,--,--
SBI Magnum Gilt PF Fixed 3Y,Regular,1946,#N/A,Debt,GOI Sec 6.68 07/07/2040,GOI Securities,SOV,34.73
SBI Magnum Gilt PF Fixed 3Y,Regular,1946,#N/A,Debt,GOI Sec 6.48 06/10/2035,GOI Securities,SOV,11.92
SBI Magnum Gilt PF Fixed 3Y,Regular,1946,#N/A,Debt,Reserve Bank of India T-Bills 91-D 20/08/2026,Treasury Bills,SOV,9.26
SBI Magnum Gilt PF Fixed 3Y,Regular,1946,#N/A,Debt,GOI Sec 6.94 11/05/2036,GOI Securities,SOV,6.31
SBI Magnum Gilt PF Fixed 3Y,Regular,1946,#N/A,Debt,Reserve Bank of India T-Bills 182-D 13/08/2026,Treasury Bills,SOV,5.69
SBI Magnum Gilt PF Fixed 3Y,Regular,1946,#N/A,Equity,--,--,--,--
SBI Nifty 10Y Benchmark G-Sec ETF,Regular,32486,#N/A,Debt,GOI Sec 6.94 11/05/2036,GOI Securities,SOV,99.63
SBI Nifty 10Y Benchmark G-Sec ETF,Regular,32486,#N/A,Equity,--,--,--,--
SBI Nifty 500 Index Reg,Regular,44565,#N/A,Debt,--,--,--,--
SBI Nifty 500 Index Reg,Regular,44565,#N/A,Equity,HDFC Bank,Financial,15.15,6.09
SBI Nifty 500 Index Reg,Regular,44565,#N/A,Equity,Reliance Ind,Energy & Utilities,21.14,4.99
SBI Nifty 500 Index Reg,Regular,44565,#N/A,Equity,ICICI Bank,Financial,17.14,4.66
SBI Nifty 500 Index Reg,Regular,44565,#N/A,Equity,Bharti Airtel,Technology,40.64,2.99
SBI Nifty 500 Index Reg,Regular,44565,#N/A,Equity,Larsen & Toubro,Industrials,33.53,2.43
SBI Retirement Benefit Aggressive Hybrid Reg,Regular,41273,INF200KA1S71,Debt,SBI Gold ETF,Mutual Fund,--,4.91
SBI Retirement Benefit Aggressive Hybrid Reg,Regular,41273,INF200KA1S71,Debt,GOI Sec 6.48 06/10/2035,GOI Securities,SOV,4.57
SBI Retirement Benefit Aggressive Hybrid Reg,Regular,41273,INF200KA1S71,Debt,NHIT,Infrastructure Investment Trust,--,2.63
SBI Retirement Benefit Aggressive Hybrid Reg,Regular,41273,INF200KA1S71,Debt,Cube Highways Trust,Infrastructure Investment Trust,--,2.43
SBI Retirement Benefit Aggressive Hybrid Reg,Regular,41273,INF200KA1S71,Debt,Housing & Urban Development Corporation Ltd SR IV 2018 Debenture 8.58 14/02/2029,Debenture,AAA,0.32
SBI Retirement Benefit Aggressive Hybrid Reg,Regular,41273,INF200KA1S71,Equity,HDFC Bank,Financial,15.15,5.68
SBI Retirement Benefit Aggressive Hybrid Reg,Regular,41273,INF200KA1S71,Equity,Reliance Ind,Energy & Utilities,21.14,4.7
SBI Retirement Benefit Aggressive Hybrid Reg,Regular,41273,INF200KA1S71,Equity,ICICI Bank,Financial,17.14,4.43
SBI Retirement Benefit Aggressive Hybrid Reg,Regular,41273,INF200KA1S71,Equity,Larsen & Toubro,Industrials,33.53,3.44
SBI Retirement Benefit Aggressive Hybrid Reg,Regular,41273,INF200KA1S71,Equity,SBI,Financial,11.13,3.23
SBI Retirement Benefit Aggressive Reg,Regular,41269,#N/A,Debt,--,--,--,--
SBI Retirement Benefit Aggressive Reg,Regular,41269,#N/A,Equity,HDFC Bank,Financial,15.15,6.79
SBI Retirement Benefit Aggressive Reg,Regular,41269,#N/A,Equity,Reliance Ind,Energy & Utilities,21.14,5.85
SBI Retirement Benefit Aggressive Reg,Regular,41269,#N/A,Equity,ICICI Bank,Financial,17.14,5.48
SBI Retirement Benefit Aggressive Reg,Regular,41269,#N/A,Equity,Larsen & Toubro,Industrials,33.53,4.19
SBI Retirement Benefit Aggressive Reg,Regular,41269,#N/A,Equity,SBI,Financial,11.13,4.09
SBI Retirement Benefit Conservative Hybrid Reg,Regular,41277,INF200KA1T54,Debt,GOI Sec 07/12/2031,GOI Securities,SOV,10.21
SBI Retirement Benefit Conservative Hybrid Reg,Regular,41277,INF200KA1T54,Debt,GOI Sec 6.90 15/04/2065,GOI Securities,SOV,7.17
SBI Retirement Benefit Conservative Hybrid Reg,Regular,41277,INF200KA1T54,Debt,National Bank For Agriculture & Rural Development SR 26F Bonds 7.44 17/07/2029,Bonds,AAA,3.93
SBI Retirement Benefit Conservative Hybrid Reg,Regular,41277,INF200KA1T54,Debt,Bharat Sanchar Nigam Ltd SR II TR A Debenture 7.72 22/12/2032,Debenture,AAA,3.93
SBI Retirement Benefit Conservative Hybrid Reg,Regular,41277,INF200KA1T54,Debt,GOI Sec 7.09 25/11/2074,GOI Securities,SOV,3.67
SBI Retirement Benefit Conservative Hybrid Reg,Regular,41277,INF200KA1T54,Equity,HDFC Bank,Financial,15.15,2.84
SBI Retirement Benefit Conservative Hybrid Reg,Regular,41277,INF200KA1T54,Equity,ICICI Bank,Financial,17.14,2.17
SBI Retirement Benefit Conservative Hybrid Reg,Regular,41277,INF200KA1T54,Equity,Reliance Ind,Energy & Utilities,21.14,2.07
SBI Retirement Benefit Conservative Hybrid Reg,Regular,41277,INF200KA1T54,Equity,Larsen & Toubro,Industrials,33.53,1.8
SBI Retirement Benefit Conservative Hybrid Reg,Regular,41277,INF200KA1T54,Equity,Maruti Suzuki,Consumer Discretionary,28.03,1.48
SBI Retirement Benefit Conservative Reg,Regular,41281,INF200KA1T13,Debt,GOI Sec 6.90 15/04/2065,GOI Securities,SOV,15.55
SBI Retirement Benefit Conservative Reg,Regular,41281,INF200KA1T13,Debt,Bharat Sanchar Nigam Ltd SR II TR A Debenture 7.72 22/12/2032,Debenture,AAA,6.83
SBI Retirement Benefit Conservative Reg,Regular,41281,INF200KA1T13,Debt,National Bank For Agriculture & Rural Development SR 26F Bonds 7.44 17/07/2029,Bonds,AAA,6.82
SBI Retirement Benefit Conservative Reg,Regular,41281,INF200KA1T13,Debt,GOI Sec 7.43 19/01/2076,GOI Securities,SOV,6.68
SBI Retirement Benefit Conservative Reg,Regular,41281,INF200KA1T13,Debt,GOI Sec 7.09 25/11/2074,GOI Securities,SOV,6.37
SBI Retirement Benefit Conservative Reg,Regular,41281,INF200KA1T13,Equity,HDFC Bank,Financial,15.15,1.44
SBI Retirement Benefit Conservative Reg,Regular,41281,INF200KA1T13,Equity,ICICI Bank,Financial,17.14,1.14
SBI Retirement Benefit Conservative Reg,Regular,41281,INF200KA1T13,Equity,Reliance Ind,Energy & Utilities,21.14,1.05
SBI Retirement Benefit Conservative Reg,Regular,41281,INF200KA1T13,Equity,Larsen & Toubro,Industrials,33.53,0.86
SBI Retirement Benefit Conservative Reg,Regular,41281,INF200KA1T13,Equity,SBI,Financial,11.13,0.75
Samco Arbitrage Reg,Regular,44722,INF0K1H01222,Debt,--,--,--,--
Samco Arbitrage Reg,Regular,44722,INF0K1H01222,Equity,Interglobe Aviation,Industrials,--,8.2
Samco Arbitrage Reg,Regular,44722,INF0K1H01222,Equity,Shriram Finance,Financial,21.13,7.97
Samco Arbitrage Reg,Regular,44722,INF0K1H01222,Equity,Bharti Airtel,Technology,40.64,7.88
Samco Arbitrage Reg,Regular,44722,INF0K1H01222,Equity,Mahindra & Mahindra,Consumer Discretionary,21.56,7.88
Samco Arbitrage Reg,Regular,44722,INF0K1H01222,Equity,HDFC Bank,Financial,15.15,6.69
Samco Dynamic Asset Allocation Reg,Regular,43871,INF0K1H01099,Debt,GOI Sec 7.38 20/06/2027,GOI Securities,SOV,12.75
Samco Dynamic Asset Allocation Reg,Regular,43871,INF0K1H01099,Equity,Religare Enterprises,Financial,90.79,8.69
Samco Dynamic Asset Allocation Reg,Regular,43871,INF0K1H01099,Equity,Adani Power,Energy & Utilities,33.28,2.18
Samco Dynamic Asset Allocation Reg,Regular,43871,INF0K1H01099,Equity,Tata Steel,Materials,22.98,2.02
Samco Dynamic Asset Allocation Reg,Regular,43871,INF0K1H01099,Equity,Hindalco Ind,Materials,17.41,1.87
Samco Dynamic Asset Allocation Reg,Regular,43871,INF0K1H01099,Equity,Shriram Finance,Financial,21.13,1.72
Samco Flexi Cap Reg,Regular,41934,#N/A,Debt,--,--,--,--
Samco Flexi Cap Reg,Regular,41934,#N/A,Equity,Nestle India,Consumer Staples,79.14,6.75
Samco Flexi Cap Reg,Regular,41934,#N/A,Equity,Coal India,Materials,8.97,6.33
Samco Flexi Cap Reg,Regular,41934,#N/A,Equity,Marico,Consumer Staples,60.57,6.16
Samco Flexi Cap Reg,Regular,41934,#N/A,Equity,Maharashtra Bank,Financial,9.22,5.95
Samco Flexi Cap Reg,Regular,41934,#N/A,Equity,Hero Motocorp,Consumer Discretionary,16.96,4.45
Shriram Aggressive Hybrid Reg,Regular,22586,INF680P01018,Debt,GOI GOI Sec 6.54 17/01/2032,GOI Securities,SOV,6.17
Shriram Aggressive Hybrid Reg,Regular,22586,INF680P01018,Debt,REC Ltd SERIES GOI-V Debenture 8.54 15/11/2028,Debenture,AAA,5.44
Shriram Aggressive Hybrid Reg,Regular,22586,INF680P01018,Debt,National Bank For Agriculture & Rural Development SR 25A Debenture 7.70 30/09/2027,Debenture,AAA,4.28
Shriram Aggressive Hybrid Reg,Regular,22586,INF680P01018,Debt,LIC Housing Finance Ltd Debenture 7.835 11/05/2027,Debenture,AAA,4.09
Shriram Aggressive Hybrid Reg,Regular,22586,INF680P01018,Debt,Reserve Bank of India T-Bills 182-D 04/06/2026,Treasury Bills,SOV,1.02
Shriram Aggressive Hybrid Reg,Regular,22586,INF680P01018,Equity,HDFC Bank,Financial,15.15,4.99
Shriram Aggressive Hybrid Reg,Regular,22586,INF680P01018,Equity,Reliance Ind,Energy & Utilities,21.14,4.49
Shriram Aggressive Hybrid Reg,Regular,22586,INF680P01018,Equity,Axis Bank,Financial,15.54,3.92
Shriram Aggressive Hybrid Reg,Regular,22586,INF680P01018,Equity,ICICI Bank,Financial,17.14,3.78
Shriram Aggressive Hybrid Reg,Regular,22586,INF680P01018,Equity,Bharti Airtel,Technology,40.64,3.27
Shriram Balanced Advantage Reg,Regular,40001,INF680P01174,Debt,National Bank For Agriculture & Rural Development SR 25A Debenture 7.70 30/09/2027,Debenture,AAA,8.38
Shriram Balanced Advantage Reg,Regular,40001,INF680P01174,Debt,REC Ltd SERIES GOI-V Debenture 8.54 15/11/2028,Debenture,AAA,4.91
Shriram Balanced Advantage Reg,Regular,40001,INF680P01174,Debt,Export-Import Bank Of India SR Z01 Debenture 7.45 12/04/2028,Debenture,AAA,4.07
Shriram Balanced Advantage Reg,Regular,40001,INF680P01174,Debt,GOI GOI Sec 6.54 17/01/2032,GOI Securities,SOV,4.03
Shriram Balanced Advantage Reg,Regular,40001,INF680P01174,Debt,LIC Housing Finance Ltd Debenture 7.835 11/05/2027,Debenture,AAA,2
Shriram Balanced Advantage Reg,Regular,40001,INF680P01174,Equity,HCL Technologies,Technology,18.51,1.78
Shriram Balanced Advantage Reg,Regular,40001,INF680P01174,Equity,Marico,Consumer Staples,60.57,1.61
Shriram Balanced Advantage Reg,Regular,40001,INF680P01174,Equity,Bharat Electronics,Industrials,49.42,1.53
Shriram Balanced Advantage Reg,Regular,40001,INF680P01174,Equity,Bajaj Holdings,Financial,11.63,1.45
Shriram Balanced Advantage Reg,Regular,40001,INF680P01174,Equity,Interglobe Aviation,Industrials,--,1.23
Shriram Flexi Cap Reg,Regular,37579,#N/A,Debt,--,--,--,--
Shriram Flexi Cap Reg,Regular,37579,#N/A,Equity,HDFC Bank,Financial,15.15,7.38
Shriram Flexi Cap Reg,Regular,37579,#N/A,Equity,Reliance Ind,Energy & Utilities,21.14,5.02
Shriram Flexi Cap Reg,Regular,37579,#N/A,Equity,ICICI Bank,Financial,17.14,4.59
Shriram Flexi Cap Reg,Regular,37579,#N/A,Equity,Axis Bank,Financial,15.54,3.91
Shriram Flexi Cap Reg,Regular,37579,#N/A,Equity,SBI,Financial,11.13,3.88
Sundaram Aggressive Hybrid Reg,Regular,714,INF173K01CL8,Debt,GOI Sec 6.48 06/10/2035,GOI Securities,SOV,2.39
Sundaram Aggressive Hybrid Reg,Regular,714,INF173K01CL8,Debt,GOI Sec 7.10 08/04/2034,GOI Securities,SOV,1.48
Sundaram Aggressive Hybrid Reg,Regular,714,INF173K01CL8,Debt,Sundaram Money Market Direct-G,Mutual Fund,--,1.31
Sundaram Aggressive Hybrid Reg,Regular,714,INF173K01CL8,Debt,Embassy Office,Real Estate Investment Trusts,--,1.27
Sundaram Aggressive Hybrid Reg,Regular,714,INF173K01CL8,Debt,National Bank For Agriculture & Rural Development SR 25E Bonds 7.53 24/03/2028,Bonds,AAA,1
Sundaram Aggressive Hybrid Reg,Regular,714,INF173K01CL8,Equity,HDFC Bank,Financial,15.15,6.09
Sundaram Aggressive Hybrid Reg,Regular,714,INF173K01CL8,Equity,ICICI Bank,Financial,17.14,4.93
Sundaram Aggressive Hybrid Reg,Regular,714,INF173K01CL8,Equity,Reliance Ind,Energy & Utilities,21.14,4.36
Sundaram Aggressive Hybrid Reg,Regular,714,INF173K01CL8,Equity,Larsen & Toubro,Industrials,33.53,3.71
Sundaram Aggressive Hybrid Reg,Regular,714,INF173K01CL8,Equity,Bharti Airtel,Technology,40.64,3.65
Sundaram Arbitrage Reg,Regular,32285,INF173K01NB6,Debt,--,--,--,--
Sundaram Arbitrage Reg,Regular,32285,INF173K01NB6,Equity,--,--,--,--
Sundaram Balanced Advantage Reg,Regular,11824,INF173K01585,Debt,--,--,--,--
Sundaram Balanced Advantage Reg,Regular,11824,INF173K01585,Equity,--,--,--,--
Sundaram Conservative Hybrid Reg,Regular,10863,INF903J01HB0,Debt,GOI Sec 6.36 16/02/2031,GOI Securities,SOV,26.44
Sundaram Conservative Hybrid Reg,Regular,10863,INF903J01HB0,Debt,CDMDF Class A2,Alternative Investment Fund,--,0.49
Sundaram Conservative Hybrid Reg,Regular,10863,INF903J01HB0,Equity,Bharti Airtel,Technology,40.64,2.36
Sundaram Conservative Hybrid Reg,Regular,10863,INF903J01HB0,Equity,Reliance Ind,Energy & Utilities,21.14,2.14
Sundaram Conservative Hybrid Reg,Regular,10863,INF903J01HB0,Equity,HDFC Bank,Financial,15.15,2.01
Sundaram Conservative Hybrid Reg,Regular,10863,INF903J01HB0,Equity,SBI,Financial,11.13,1.25
Sundaram Conservative Hybrid Reg,Regular,10863,INF903J01HB0,Equity,ICICI Bank,Financial,17.14,1.08
Sundaram Equity Savings Reg,Regular,1306,INF173K01213,Debt,LIC Housing Finance Ltd Bonds/NCD 6.65 15/02/2027,Bonds/NCDs,AAA,2.3
Sundaram Equity Savings Reg,Regular,1306,INF173K01213,Debt,GOI Sec 6.48 06/10/2035,GOI Securities,SOV,2.23
Sundaram Equity Savings Reg,Regular,1306,INF173K01213,Debt,GOI Sec 7.37 23/10/2028,GOI Securities,SOV,1.42
Sundaram Equity Savings Reg,Regular,1306,INF173K01213,Debt,GOI Sec 7.23 15/04/2039,GOI Securities,SOV,1.39
Sundaram Equity Savings Reg,Regular,1306,INF173K01213,Debt,Small Industries Devp. Bank of India Ltd SR II Bonds/NCD 7.47 05/09/2029,Bonds/NCDs,AAA,1.38
Sundaram Equity Savings Reg,Regular,1306,INF173K01213,Equity,Bharti Airtel,Technology,40.64,9.69
Sundaram Equity Savings Reg,Regular,1306,INF173K01213,Equity,Reliance Ind,Energy & Utilities,21.14,8.85
Sundaram Equity Savings Reg,Regular,1306,INF173K01213,Equity,HDFC Bank,Financial,15.15,7.39
Sundaram Equity Savings Reg,Regular,1306,INF173K01213,Equity,ICICI Bank,Financial,17.14,7.14
Sundaram Equity Savings Reg,Regular,1306,INF173K01213,Equity,Axis Bank,Financial,15.54,4.4
Sundaram Flexi Cap Reg,Regular,42502,#N/A,Debt,--,--,--,--
Sundaram Flexi Cap Reg,Regular,42502,#N/A,Equity,HDFC Bank,Financial,15.15,6.86
Sundaram Flexi Cap Reg,Regular,42502,#N/A,Equity,ICICI Bank,Financial,17.14,5.66
Sundaram Flexi Cap Reg,Regular,42502,#N/A,Equity,Reliance Ind,Energy & Utilities,21.14,4.3
Sundaram Flexi Cap Reg,Regular,42502,#N/A,Equity,Axis Bank,Financial,15.54,4.21
Sundaram Flexi Cap Reg,Regular,42502,#N/A,Equity,Bharti Airtel,Technology,40.64,3.9
Sundaram Focused Reg,Regular,2916,#N/A,Debt,--,--,--,--
Sundaram Focused Reg,Regular,2916,#N/A,Equity,HDFC Bank,Financial,15.15,7.95
Sundaram Focused Reg,Regular,2916,#N/A,Equity,ICICI Bank,Financial,17.14,6.64
Sundaram Focused Reg,Regular,2916,#N/A,Equity,Bharti Airtel,Technology,40.64,6.38
Sundaram Focused Reg,Regular,2916,#N/A,Equity,TVS Motor,Consumer Discretionary,52.76,5.74
Sundaram Focused Reg,Regular,2916,#N/A,Equity,Craftsman Automation,Consumer Discretionary,55.93,5.7
TRUST MF Flexi Cap Reg,Regular,44269,#N/A,Debt,--,--,--,--
TRUST MF Flexi Cap Reg,Regular,44269,#N/A,Equity,ICICI Bank,Financial,17.14,5.91
TRUST MF Flexi Cap Reg,Regular,44269,#N/A,Equity,Reliance Ind,Energy & Utilities,21.14,5.38
TRUST MF Flexi Cap Reg,Regular,44269,#N/A,Equity,HDFC Bank,Financial,15.15,5.24
TRUST MF Flexi Cap Reg,Regular,44269,#N/A,Equity,SBI,Financial,11.13,3.05
TRUST MF Flexi Cap Reg,Regular,44269,#N/A,Equity,Bharti Airtel,Technology,40.64,2.92
TRUSTMF Arbitrage Reg,Regular,45454,INF0GCD01867,Debt,TRUSTMF Liquid Direct-G,Mutual Fund,--,16.66
TRUSTMF Arbitrage Reg,Regular,45454,INF0GCD01867,Equity,ICICI Bank,Financial,17.14,5.84
TRUSTMF Arbitrage Reg,Regular,45454,INF0GCD01867,Equity,Bandhan Bank,Financial,26.36,5.74
TRUSTMF Arbitrage Reg,Regular,45454,INF0GCD01867,Equity,Reliance Ind,Energy & Utilities,21.14,5.12
TRUSTMF Arbitrage Reg,Regular,45454,INF0GCD01867,Equity,Adani Enterprises,Materials,41.04,4.3
TRUSTMF Arbitrage Reg,Regular,45454,INF0GCD01867,Equity,HDFC Bank,Financial,15.15,4.09
Tata Aggressive Hybrid Reg,Regular,211,INF277K01303,Debt,Tata Corporate Bond Fund Direct-G,Mutual Fund,--,1.51
Tata Aggressive Hybrid Reg,Regular,211,INF277K01303,Debt,Maharashtra State SDL 6.76 23/04/2037,State Development Loan,SOV,1.26
Tata Aggressive Hybrid Reg,Regular,211,INF277K01303,Debt,LIC Housing Finance Ltd Debenture 8.75 08/12/2028,Debenture,AAA,1.17
Tata Aggressive Hybrid Reg,Regular,211,INF277K01303,Debt,Sansar Trust SERIES A1 PTC Sec. Debt 25/10/2028,Securitised Debt,AAA,1.05
Tata Aggressive Hybrid Reg,Regular,211,INF277K01303,Debt,GOI Sec 7.18 14/08/2033,GOI Securities,SOV,1.03
Tata Aggressive Hybrid Reg,Regular,211,INF277K01303,Equity,Bharti Airtel,Technology,40.64,4.97
Tata Aggressive Hybrid Reg,Regular,211,INF277K01303,Equity,ICICI Bank,Financial,17.14,4.78
Tata Aggressive Hybrid Reg,Regular,211,INF277K01303,Equity,Reliance Ind,Energy & Utilities,21.14,2.87
Tata Aggressive Hybrid Reg,Regular,211,INF277K01303,Equity,Larsen & Toubro,Industrials,33.53,2.77
Tata Aggressive Hybrid Reg,Regular,211,INF277K01303,Equity,Infosys,Technology,15.78,2.61
Tata Arbitrage Reg,Regular,38500,INF277K015Q7,Debt,Tata Money Market Direct-G,Mutual Fund,--,12.64
Tata Arbitrage Reg,Regular,38500,INF277K015Q7,Debt,Small Industries Devp. Bank of India Ltd CD 23/10/2026,Certificate of Deposit,A1+,2.13
Tata Arbitrage Reg,Regular,38500,INF277K015Q7,Debt,National Bank For Agriculture & Rural Development CD 28/01/2027,Certificate of Deposit,A1+,1.57
Tata Arbitrage Reg,Regular,38500,INF277K015Q7,Debt,Canara Bank CD 28/01/2027,Certificate of Deposit,A1+,1.15
Tata Arbitrage Reg,Regular,38500,INF277K015Q7,Debt,National Bank For Agriculture & Rural Development CD 17/03/2027,Certificate of Deposit,A1+,1.14
Tata Arbitrage Reg,Regular,38500,INF277K015Q7,Equity,HDFC Bank,Financial,15.15,8.66
Tata Arbitrage Reg,Regular,38500,INF277K015Q7,Equity,ICICI Bank,Financial,17.14,3.83
Tata Arbitrage Reg,Regular,38500,INF277K015Q7,Equity,SBI,Financial,11.13,1.77
Tata Arbitrage Reg,Regular,38500,INF277K015Q7,Equity,Bharti Airtel,Technology,40.64,1.76
Tata Arbitrage Reg,Regular,38500,INF277K015Q7,Equity,JSW Steel,Materials,13.96,1.75
Tata Balanced Advantage Reg,Regular,38705,INF277K010S4,Debt,GOI Sec 7.34 22/04/2064,GOI Securities,SOV,2.08
Tata Balanced Advantage Reg,Regular,38705,INF277K010S4,Debt,GOI GOI Sec 6.54 17/01/2032,GOI Securities,SOV,1.79
Tata Balanced Advantage Reg,Regular,38705,INF277K010S4,Debt,GOI Sec 7.09 05/08/2054,GOI Securities,SOV,1.6
Tata Balanced Advantage Reg,Regular,38705,INF277K010S4,Debt,Brookfield REIT,Real Estate Investment Trusts,--,1.51
Tata Balanced Advantage Reg,Regular,38705,INF277K010S4,Debt,Tata Communications Ltd NCD 6.77 07/08/2028,Non Convertible Debenture,AAA,1.11
Tata Balanced Advantage Reg,Regular,38705,INF277K010S4,Equity,Reliance Ind,Energy & Utilities,21.14,4.74
Tata Balanced Advantage Reg,Regular,38705,INF277K010S4,Equity,HDFC Bank,Financial,15.15,3.35
Tata Balanced Advantage Reg,Regular,38705,INF277K010S4,Equity,Bharti Airtel,Technology,40.64,2.94
Tata Balanced Advantage Reg,Regular,38705,INF277K010S4,Equity,ICICI Bank,Financial,17.14,2.63
Tata Balanced Advantage Reg,Regular,38705,INF277K010S4,Equity,Larsen & Toubro,Industrials,33.53,2.42
Tata Children's Reg,Regular,210,#N/A,Debt,--,--,--,--
Tata Children's Reg,Regular,210,#N/A,Equity,HDFC Bank,Financial,15.15,5.89
Tata Children's Reg,Regular,210,#N/A,Equity,Reliance Ind,Energy & Utilities,21.14,5.23
Tata Children's Reg,Regular,210,#N/A,Equity,ICICI Bank,Financial,17.14,3.82
Tata Children's Reg,Regular,210,#N/A,Equity,Larsen & Toubro,Industrials,33.53,3.72
Tata Children's Reg,Regular,210,#N/A,Equity,Marico,Consumer Staples,60.57,3.63
Tata Flexi Cap Reg,Regular,37435,#N/A,Debt,--,--,--,--
Tata Flexi Cap Reg,Regular,37435,#N/A,Equity,HDFC Bank,Financial,15.15,5.75
Tata Flexi Cap Reg,Regular,37435,#N/A,Equity,ICICI Bank,Financial,17.14,5.49
Tata Flexi Cap Reg,Regular,37435,#N/A,Equity,Reliance Ind,Energy & Utilities,21.14,4.31
Tata Flexi Cap Reg,Regular,37435,#N/A,Equity,Axis Bank,Financial,15.54,3.63
Tata Flexi Cap Reg,Regular,37435,#N/A,Equity,Bharti Airtel,Technology,40.64,3.56
Tata Focused Reg,Regular,40403,#N/A,Debt,--,--,--,--
Tata Focused Reg,Regular,40403,#N/A,Equity,HDFC Bank,Financial,15.15,6.94
Tata Focused Reg,Regular,40403,#N/A,Equity,ICICI Bank,Financial,17.14,6.63
Tata Focused Reg,Regular,40403,#N/A,Equity,Axis Bank,Financial,15.54,5.61
Tata Focused Reg,Regular,40403,#N/A,Equity,Reliance Ind,Energy & Utilities,21.14,4.83
Tata Focused Reg,Regular,40403,#N/A,Equity,NTPC,Energy & Utilities,12.62,4.76
Tata GSF Reg,Regular,652,#N/A,Debt,GOI Sec 7.24 18/08/2055,GOI Securities,SOV,28.63
Tata GSF Reg,Regular,652,#N/A,Debt,GOI Sec 6.90 15/04/2065,GOI Securities,SOV,20.3
Tata GSF Reg,Regular,652,#N/A,Debt,GOI Sec 7.09 05/08/2054,GOI Securities,SOV,18.77
Tata GSF Reg,Regular,652,#N/A,Debt,GOI Sec 7.34 22/04/2064,GOI Securities,SOV,9.59
Tata GSF Reg,Regular,652,#N/A,Debt,Gujarat State SDL 6.98 27/02/2030,State Development Loan,SOV,4.94
Tata GSF Reg,Regular,652,#N/A,Equity,--,--,--,--
Tata Retirement Savings Conservative Reg,Regular,13415,INF277K01FI6,Debt,GOI Sec 6.79 07/10/2034,GOI Securities,SOV,20.78
Tata Retirement Savings Conservative Reg,Regular,13415,INF277K01FI6,Debt,GOI Sec 7.17 17/04/2030,GOI Securities,SOV,9.19
Tata Retirement Savings Conservative Reg,Regular,13415,INF277K01FI6,Debt,GOI Sec 7.38 20/06/2027,GOI Securities,SOV,9.16
Tata Retirement Savings Conservative Reg,Regular,13415,INF277K01FI6,Debt,GOI Sec 6.36 16/02/2031,GOI Securities,SOV,8.88
Tata Retirement Savings Conservative Reg,Regular,13415,INF277K01FI6,Debt,Jamnagar Utilities and Power Pvt. Ltd SR PPD 6 NCD 6.40 29/09/2026,Non Convertible Debenture,AAA,5.99
Tata Retirement Savings Conservative Reg,Regular,13415,INF277K01FI6,Equity,Solar,Materials,95.91,1.58
Tata Retirement Savings Conservative Reg,Regular,13415,INF277K01FI6,Equity,BSE,Financial,64.44,1.42
Tata Retirement Savings Conservative Reg,Regular,13415,INF277K01FI6,Equity,ICICI Bank,Financial,17.14,1.36
Tata Retirement Savings Conservative Reg,Regular,13415,INF277K01FI6,Equity,Reliance Ind,Energy & Utilities,21.14,1.29
Tata Retirement Savings Conservative Reg,Regular,13415,INF277K01FI6,Equity,Eternal,Technology,634.13,1.1
Tata Retirement Savings Moderate Reg,Regular,13414,INF277K01FH8,Debt,GOI Sec 6.36 16/02/2031,GOI Securities,SOV,3.2
Tata Retirement Savings Moderate Reg,Regular,13414,INF277K01FH8,Debt,GOI Sec 6.94 11/05/2036,GOI Securities,SOV,1.77
Tata Retirement Savings Moderate Reg,Regular,13414,INF277K01FH8,Debt,GOI Sec 7.38 20/06/2027,GOI Securities,SOV,1.42
Tata Retirement Savings Moderate Reg,Regular,13414,INF277K01FH8,Debt,GOI Sec 6.79 07/10/2034,GOI Securities,SOV,1.38
Tata Retirement Savings Moderate Reg,Regular,13414,INF277K01FH8,Debt,HDFC Bank Ltd SR US002 Debenture 7.80 03/05/2033,Debenture,AAA,1.16
Tata Retirement Savings Moderate Reg,Regular,13414,INF277K01FH8,Equity,Solar,Materials,95.91,4.82
Tata Retirement Savings Moderate Reg,Regular,13414,INF277K01FH8,Equity,ICICI Bank,Financial,17.14,4.01
Tata Retirement Savings Moderate Reg,Regular,13414,INF277K01FH8,Equity,BSE,Financial,64.44,3.98
Tata Retirement Savings Moderate Reg,Regular,13414,INF277K01FH8,Equity,Reliance Ind,Energy & Utilities,21.14,3.55
Tata Retirement Savings Moderate Reg,Regular,13414,INF277K01FH8,Equity,Eternal,Technology,634.13,2.87
Tata Retirement Savings Progressive Reg,Regular,13413,#N/A,Debt,--,--,--,--
Tata Retirement Savings Progressive Reg,Regular,13413,#N/A,Equity,Solar,Materials,95.91,5.55
Tata Retirement Savings Progressive Reg,Regular,13413,#N/A,Equity,ICICI Bank,Financial,17.14,4.67
Tata Retirement Savings Progressive Reg,Regular,13413,#N/A,Equity,BSE,Financial,64.44,4.55
Tata Retirement Savings Progressive Reg,Regular,13413,#N/A,Equity,Reliance Ind,Energy & Utilities,21.14,4.02
Tata Retirement Savings Progressive Reg,Regular,13413,#N/A,Equity,MCX,Financial,52.56,3.37
Taurus Flexi Cap Reg,Regular,214,#N/A,Debt,--,--,--,--
Taurus Flexi Cap Reg,Regular,214,#N/A,Equity,HDFC Bank,Financial,15.15,7.89
Taurus Flexi Cap Reg,Regular,214,#N/A,Equity,ITC,Consumer Staples,17.2,7.24
Taurus Flexi Cap Reg,Regular,214,#N/A,Equity,Divi's Lab,Healthcare,68.93,5.32
Taurus Flexi Cap Reg,Regular,214,#N/A,Equity,Park Medi World,Healthcare,46.95,4.9
Taurus Flexi Cap Reg,Regular,214,#N/A,Equity,ICICI Bank,Financial,17.14,4.24
The Wealth Company Arbtg Reg,Regular,45513,INF2F0001305,Debt,The Wealth Company Liquid Direct-G,Mutual Fund,--,18.22
The Wealth Company Arbtg Reg,Regular,45513,INF2F0001305,Debt,National Bank For Agriculture & Rural Development SR 23H Debenture 7.58 31/07/2026,Debenture,AAA,6.49
The Wealth Company Arbtg Reg,Regular,45513,INF2F0001305,Equity,HDFC Bank,Financial,15.15,6.44
The Wealth Company Arbtg Reg,Regular,45513,INF2F0001305,Equity,ICICI Bank,Financial,17.14,5.51
The Wealth Company Arbtg Reg,Regular,45513,INF2F0001305,Equity,Kotak Bank,Financial,19.98,5.47
The Wealth Company Arbtg Reg,Regular,45513,INF2F0001305,Equity,Mahindra & Mahindra,Consumer Discretionary,21.56,5.3
The Wealth Company Arbtg Reg,Regular,45513,INF2F0001305,Equity,Axis Bank,Financial,15.54,5.29
The Wealth Company Balanced Advantage Reg,Regular,45769,INF2F0001446,Debt,--,--,--,--
The Wealth Company Balanced Advantage Reg,Regular,45769,INF2F0001446,Equity,--,--,--,--
The Wealth Company Flexi Cap Reg,Regular,45497,#N/A,Debt,--,--,--,--
The Wealth Company Flexi Cap Reg,Regular,45497,#N/A,Equity,HDFC Bank,Financial,15.15,4.74
The Wealth Company Flexi Cap Reg,Regular,45497,#N/A,Equity,ICICI Bank,Financial,17.14,4.57
The Wealth Company Flexi Cap Reg,Regular,45497,#N/A,Equity,BSE,Financial,64.44,3.39
The Wealth Company Flexi Cap Reg,Regular,45497,#N/A,Equity,Rajratan Global,Materials,32.27,3.1
The Wealth Company Flexi Cap Reg,Regular,45497,#N/A,Equity,Ather Energy,Consumer Discretionary,--,3.08
UTI Aggressive Hybrid,Regular,284,INF789F01323,Debt,GOI Sec 7.24 18/08/2055,GOI Securities,SOV,1.1
UTI Aggressive Hybrid,Regular,284,INF789F01323,Debt,GOI Sec 6.90 15/04/2065,GOI Securities,SOV,1.05
UTI Aggressive Hybrid,Regular,284,INF789F01323,Debt,Nexus Select Trust,Real Estate Investment Trusts,--,0.93
UTI Aggressive Hybrid,Regular,284,INF789F01323,Debt,Indus Infra Trust,Infrastructure Investment Trust,--,0.87
UTI Aggressive Hybrid,Regular,284,INF789F01323,Debt,Knowledge Realty Trust REITs,Real Estate Investment Trusts,--,0.79
UTI Aggressive Hybrid,Regular,284,INF789F01323,Equity,HDFC Bank,Financial,15.15,5.36
UTI Aggressive Hybrid,Regular,284,INF789F01323,Equity,ICICI Bank,Financial,17.14,4.31
UTI Aggressive Hybrid,Regular,284,INF789F01323,Equity,Infosys,Technology,15.78,3.32
UTI Aggressive Hybrid,Regular,284,INF789F01323,Equity,Larsen & Toubro,Industrials,33.53,2.92
UTI Aggressive Hybrid,Regular,284,INF789F01323,Equity,Bharti Airtel,Technology,40.64,2.9
UTI Arbitrage Reg,Regular,3464,INF789FB1RJ0,Debt,UTI Money Market Direct-G,Mutual Fund,--,15.1
UTI Arbitrage Reg,Regular,3464,INF789FB1RJ0,Debt,Union Bank of India CD 19/01/2027,Certificate of Deposit,A1+,2.17
UTI Arbitrage Reg,Regular,3464,INF789FB1RJ0,Debt,Canara Bank CD 28/01/2027,Certificate of Deposit,A1+,2.16
UTI Arbitrage Reg,Regular,3464,INF789FB1RJ0,Debt,UTI Floater Direct-G,Mutual Fund,--,2.15
UTI Arbitrage Reg,Regular,3464,INF789FB1RJ0,Debt,Small Industries Devp. Bank of India Ltd CD 09/02/2027,Certificate of Deposit,A1+,1.72
UTI Arbitrage Reg,Regular,3464,INF789FB1RJ0,Equity,ICICI Bank,Financial,17.14,5.31
UTI Arbitrage Reg,Regular,3464,INF789FB1RJ0,Equity,HDFC Bank,Financial,15.15,4.92
UTI Arbitrage Reg,Regular,3464,INF789FB1RJ0,Equity,Reliance Ind,Energy & Utilities,21.14,3.03
UTI Arbitrage Reg,Regular,3464,INF789FB1RJ0,Equity,SAIL,Materials,22.3,2.65
UTI Arbitrage Reg,Regular,3464,INF789FB1RJ0,Equity,Bharti Airtel,Technology,40.64,2.59
UTI Balanced Advantage Reg,Regular,43664,INF789F1AYT7,Debt,GOI Sec 7.06 10/04/2028,GOI Securities,SOV,4.42
UTI Balanced Advantage Reg,Regular,43664,INF789F1AYT7,Debt,UTI Floater Direct-G,Mutual Fund,--,3.53
UTI Balanced Advantage Reg,Regular,43664,INF789F1AYT7,Debt,REC Ltd SR 236-B Debenture 7.56 31/08/2027,Debenture,AAA,2.51
UTI Balanced Advantage Reg,Regular,43664,INF789F1AYT7,Debt,Export-Import Bank Of India SR AA01 Bonds 7.14 13/12/2029,Bonds,AAA,1.98
UTI Balanced Advantage Reg,Regular,43664,INF789F1AYT7,Debt,Export-Import Bank Of India SR Z02 NCD 7.40 14/03/2029,Non Convertible Debenture,AAA,1.67
UTI Balanced Advantage Reg,Regular,43664,INF789F1AYT7,Equity,HDFC Bank,Financial,15.15,7.33
UTI Balanced Advantage Reg,Regular,43664,INF789F1AYT7,Equity,ICICI Bank,Financial,17.14,6.24
UTI Balanced Advantage Reg,Regular,43664,INF789F1AYT7,Equity,Reliance Ind,Energy & Utilities,21.14,4.8
UTI Balanced Advantage Reg,Regular,43664,INF789F1AYT7,Equity,Bharti Airtel,Technology,40.64,3.49
UTI Balanced Advantage Reg,Regular,43664,INF789F1AYT7,Equity,Kotak Bank,Financial,19.98,2.95
UTI Children's Equity Reg,Regular,2090,#N/A,Debt,--,--,--,--
UTI Children's Equity Reg,Regular,2090,#N/A,Equity,HDFC Bank,Financial,15.15,7.68
UTI Children's Equity Reg,Regular,2090,#N/A,Equity,ICICI Bank,Financial,17.14,6.9
UTI Children's Equity Reg,Regular,2090,#N/A,Equity,Bharti Airtel,Technology,40.64,4.46
UTI Children's Equity Reg,Regular,2090,#N/A,Equity,Reliance Ind,Energy & Utilities,21.14,4.27
UTI Children's Equity Reg,Regular,2090,#N/A,Equity,Axis Bank,Financial,15.54,4.01
UTI Children's Hybrid Reg,Regular,265,INF789F1AZP2,Debt,GOI Sec 6.68 07/07/2040,GOI Securities,SOV,5.47
UTI Children's Hybrid Reg,Regular,265,INF789F1AZP2,Debt,GOI Sec 7.32 13/11/2030,GOI Securities,SOV,3.92
UTI Children's Hybrid Reg,Regular,265,INF789F1AZP2,Debt,GOI Sec 7.24 18/08/2055,GOI Securities,SOV,2.76
UTI Children's Hybrid Reg,Regular,265,INF789F1AZP2,Debt,GOI Sec 7.18 24/07/2037,GOI Securities,SOV,2.69
UTI Children's Hybrid Reg,Regular,265,INF789F1AZP2,Debt,Rajasthan State SDL 7.32 24/09/2035,State Development Loan,SOV,1.85
UTI Children's Hybrid Reg,Regular,265,INF789F1AZP2,Equity,HDFC Bank,Financial,15.15,3.03
UTI Children's Hybrid Reg,Regular,265,INF789F1AZP2,Equity,ICICI Bank,Financial,17.14,2.59
UTI Children's Hybrid Reg,Regular,265,INF789F1AZP2,Equity,Bharti Airtel,Technology,40.64,1.77
UTI Children's Hybrid Reg,Regular,265,INF789F1AZP2,Equity,Reliance Ind,Energy & Utilities,21.14,1.67
UTI Children's Hybrid Reg,Regular,265,INF789F1AZP2,Equity,Axis Bank,Financial,15.54,1.67
UTI Cons Hybrid Seg Port Reg,Regular,40725,INF789F01893,Debt,Vodafone Idea Ltd Debenture 8.04 27/01/2022,Debenture,B-,90.36
UTI Cons Hybrid Seg Port Reg,Regular,40725,INF789F01893,Equity,--,--,--,--
UTI Conservative Hybrid Reg,Regular,1993,INF789F01893,Debt,National Bank For Agriculture & Rural Development SR Bonds 7.40 25-D 29/04/2030,Bonds,AAA,4.51
UTI Conservative Hybrid Reg,Regular,1993,INF789F01893,Debt,LIC Housing Finance Ltd Bonds 7.645 21/02/2030,Bonds,AAA,3.02
UTI Conservative Hybrid Reg,Regular,1993,INF789F01893,Debt,HDFC Bank Ltd SR US006 Debenture 7.75 13/06/2033,Debenture,AAA,3.01
UTI Conservative Hybrid Reg,Regular,1993,INF789F01893,Debt,West Bengal State SDL 7.74 18/02/2044,State Development Loan,SOV,3.01
UTI Conservative Hybrid Reg,Regular,1993,INF789F01893,Debt,Jio Credit Ltd SR II Debenture 7.08 26/05/2028,Debenture,AAA,2.99
UTI Conservative Hybrid Reg,Regular,1993,INF789F01893,Equity,HDFC Bank,Financial,15.15,2.05
UTI Conservative Hybrid Reg,Regular,1993,INF789F01893,Equity,ICICI Bank,Financial,17.14,1.45
UTI Conservative Hybrid Reg,Regular,1993,INF789F01893,Equity,Bharti Airtel,Technology,40.64,1.06
UTI Conservative Hybrid Reg,Regular,1993,INF789F01893,Equity,Axis Bank,Financial,15.54,0.98
UTI Conservative Hybrid Reg,Regular,1993,INF789F01893,Equity,Kotak Bank,Financial,19.98,0.94
UTI Equity Savings Reg,Regular,37349,INF789F1A744,Debt,GOI Sec 7.32 13/11/2030,GOI Securities,SOV,8.09
UTI Equity Savings Reg,Regular,37349,INF789F1A744,Debt,GOI Sec 7.04 03/06/2029,GOI Securities,SOV,5.74
UTI Equity Savings Reg,Regular,37349,INF789F1A744,Debt,GOI Sec 6.01 21/07/2030,GOI Securities,SOV,4.75
UTI Equity Savings Reg,Regular,37349,INF789F1A744,Debt,GOI Sec 7.06 10/04/2028,GOI Securities,SOV,2.46
UTI Equity Savings Reg,Regular,37349,INF789F1A744,Debt,Irb Invit Fund,Infrastructure Investment Trust,--,1.84
UTI Equity Savings Reg,Regular,37349,INF789F1A744,Equity,Axis Bank,Financial,15.54,5.25
UTI Equity Savings Reg,Regular,37349,INF789F1A744,Equity,HDFC Bank,Financial,15.15,3.86
UTI Equity Savings Reg,Regular,37349,INF789F1A744,Equity,Bharti Airtel,Technology,40.64,3.63
UTI Equity Savings Reg,Regular,37349,INF789F1A744,Equity,Grasim,Materials,42.16,3.61
UTI Equity Savings Reg,Regular,37349,INF789F1A744,Equity,Mahindra & Mahindra,Consumer Discretionary,21.56,3.36
UTI Flexi Cap Reg,Regular,247,#N/A,Debt,--,--,--,--
UTI Flexi Cap Reg,Regular,247,#N/A,Equity,ICICI Bank,Financial,17.15,6.18
UTI Flexi Cap Reg,Regular,247,#N/A,Equity,Bajaj Finance,Financial,28.99,6.13
UTI Flexi Cap Reg,Regular,247,#N/A,Equity,Eternal,Technology,641.25,5.7
UTI Flexi Cap Reg,Regular,247,#N/A,Equity,HDFC Bank,Financial,15.26,5.18
UTI Flexi Cap Reg,Regular,247,#N/A,Equity,Titan,Consumer Discretionary,71.12,3.89
UTI Focused Reg,Regular,41627,#N/A,Debt,--,--,--,--
UTI Focused Reg,Regular,41627,#N/A,Equity,ICICI Bank,Financial,17.14,8.75
UTI Focused Reg,Regular,41627,#N/A,Equity,HDFC Bank,Financial,15.15,8.17
UTI Focused Reg,Regular,41627,#N/A,Equity,Reliance Ind,Energy & Utilities,21.14,5.15
UTI Focused Reg,Regular,41627,#N/A,Equity,Eternal,Technology,634.13,5.08
UTI Focused Reg,Regular,41627,#N/A,Equity,Larsen & Toubro,Industrials,33.53,4.61
UTI Gilt Discontinued Provident,Regular,1865,#N/A,Debt,Reserve Bank of India T-Bills 364-D 04/03/2027,Treasury Bills,SOV,29.34
UTI Gilt Discontinued Provident,Regular,1865,#N/A,Debt,Reserve Bank of India T-Bills 364-D 28/01/2027,Treasury Bills,SOV,17.71
UTI Gilt Discontinued Provident,Regular,1865,#N/A,Debt,GOI Sec 6.90 15/04/2065,GOI Securities,SOV,14.1
UTI Gilt Discontinued Provident,Regular,1865,#N/A,Debt,GOI Sec 6.79 15/05/2027,GOI Securities,SOV,9.25
UTI Gilt Discontinued Provident,Regular,1865,#N/A,Debt,GOI Sec 7.24 18/08/2055,GOI Securities,SOV,4.39
UTI Gilt Discontinued Provident,Regular,1865,#N/A,Equity,--,--,--,--
UTI Gilt Fund with 10 year Constant Duration Reg,Regular,42369,#N/A,Debt,GOI Sec 6.79 07/10/2034,GOI Securities,SOV,30.69
UTI Gilt Fund with 10 year Constant Duration Reg,Regular,42369,#N/A,Debt,GOI Sec 6.94 11/05/2036,GOI Securities,SOV,22.2
UTI Gilt Fund with 10 year Constant Duration Reg,Regular,42369,#N/A,Debt,GOI Sec 6.48 06/10/2035,GOI Securities,SOV,17.17
UTI Gilt Fund with 10 year Constant Duration Reg,Regular,42369,#N/A,Debt,GOI Sec 7.18 24/07/2037,GOI Securities,SOV,12.57
UTI Gilt Fund with 10 year Constant Duration Reg,Regular,42369,#N/A,Debt,GOI Sec 6.68 07/07/2040,GOI Securities,SOV,8.4
UTI Gilt Fund with 10 year Constant Duration Reg,Regular,42369,#N/A,Equity,--,--,--,--
UTI Gilt Reg,Regular,1167,#N/A,Debt,Reserve Bank of India T-Bills 364-D 04/03/2027,Treasury Bills,SOV,29.34
UTI Gilt Reg,Regular,1167,#N/A,Debt,Reserve Bank of India T-Bills 364-D 28/01/2027,Treasury Bills,SOV,17.71
UTI Gilt Reg,Regular,1167,#N/A,Debt,GOI Sec 6.90 15/04/2065,GOI Securities,SOV,14.1
UTI Gilt Reg,Regular,1167,#N/A,Debt,GOI Sec 6.79 15/05/2027,GOI Securities,SOV,9.25
UTI Gilt Reg,Regular,1167,#N/A,Debt,GOI Sec 7.24 18/08/2055,GOI Securities,SOV,4.39
UTI Gilt Reg,Regular,1167,#N/A,Equity,--,--,--,--
UTI Nifty 10 yr Benchmark G-Sec ETF,Regular,44082,#N/A,Debt,GOI Sec 6.94 11/05/2036,GOI Securities,SOV,99.72
UTI Nifty 10 yr Benchmark G-Sec ETF,Regular,44082,#N/A,Equity,--,--,--,--
UTI Nifty 5 yr Benchmark G-Sec ETF,Regular,44081,#N/A,Debt,GOI Sec 6.36 16/02/2031,GOI Securities,SOV,98.03
UTI Nifty 5 yr Benchmark G-Sec ETF,Regular,44081,#N/A,Equity,--,--,--,--
UTI Nifty500 Shariah Index Reg,Regular,45820,#N/A,Debt,--,--,--,--
UTI Nifty500 Shariah Index Reg,Regular,45820,#N/A,Equity,Infosys,Technology,15.78,7.13
UTI Nifty500 Shariah Index Reg,Regular,45820,#N/A,Equity,Tata Consultancy,Technology,15.83,4.04
UTI Nifty500 Shariah Index Reg,Regular,45820,#N/A,Equity,Hindustan Unilever,Consumer Staples,33.91,3.35
UTI Nifty500 Shariah Index Reg,Regular,45820,#N/A,Equity,Sun Pharmaceutical,Healthcare,37.38,3.34
UTI Nifty500 Shariah Index Reg,Regular,45820,#N/A,Equity,Hindalco Ind,Materials,17.41,2.86
UTI Retirement Reg,Regular,281,INF789F1AA56,Debt,GOI Sec 7.18 24/07/2037,GOI Securities,SOV,6.89
UTI Retirement Reg,Regular,281,INF789F1AA56,Debt,GOI Sec 6.68 07/07/2040,GOI Securities,SOV,3.48
UTI Retirement Reg,Regular,281,INF789F1AA56,Debt,GOI Sec 7.32 13/11/2030,GOI Securities,SOV,3.11
UTI Retirement Reg,Regular,281,INF789F1AA56,Debt,GOI Sec 7.24 18/08/2055,GOI Securities,SOV,2.59
UTI Retirement Reg,Regular,281,INF789F1AA56,Debt,Power Finance Corporation Ltd SR BS233C Fixed Deposits 7.60 25/08/2033,Fixed Deposits,AAA,1.61
UTI Retirement Reg,Regular,281,INF789F1AA56,Equity,HDFC Bank,Financial,15.15,2.88
UTI Retirement Reg,Regular,281,INF789F1AA56,Equity,ICICI Bank,Financial,17.14,2.43
UTI Retirement Reg,Regular,281,INF789F1AA56,Equity,Infosys,Technology,15.78,1.91
UTI Retirement Reg,Regular,281,INF789F1AA56,Equity,Larsen & Toubro,Industrials,33.53,1.53
UTI Retirement Reg,Regular,281,INF789F1AA56,Equity,Reliance Ind,Energy & Utilities,21.14,1.42
UTI Unit Linked Insurance Reg,Regular,222,,Debt,GOI Sec 7.18 24/07/2037,GOI Securities,SOV,8.19
UTI Unit Linked Insurance Reg,Regular,222,,Debt,GOI Sec 7.32 13/11/2030,GOI Securities,SOV,4.16
UTI Unit Linked Insurance Reg,Regular,222,,Debt,GOI Sec 7.24 18/08/2055,GOI Securities,SOV,2.61
UTI Unit Linked Insurance Reg,Regular,222,,Debt,Mahindra & Mahindra Financial Services Ltd SR AC2026 RR Debenture 18/05/2029,Debenture,AAA,2.55
UTI Unit Linked Insurance Reg,Regular,222,,Debt,GOI Sec 6.68 07/07/2040,GOI Securities,SOV,2.4
UTI Unit Linked Insurance Reg,Regular,222,,Equity,ICICI Bank,Financial,17.14,2.6
UTI Unit Linked Insurance Reg,Regular,222,,Equity,Bajaj Finance,Financial,28.93,2.57
UTI Unit Linked Insurance Reg,Regular,222,,Equity,Eternal,Technology,634.13,2.39
UTI Unit Linked Insurance Reg,Regular,222,,Equity,HDFC Bank,Financial,15.15,2.19
UTI Unit Linked Insurance Reg,Regular,222,,Equity,Titan,Consumer Discretionary,70.73,1.62
Unifi Dynamic Asset Allocation Reg,Regular,45025,INF1MIY01023,Debt,--,--,--,--
Unifi Dynamic Asset Allocation Reg,Regular,45025,INF1MIY01023,Equity,--,--,--,--
Unifi Flexi Cap Reg,Regular,45188,#N/A,Debt,--,--,--,--
Unifi Flexi Cap Reg,Regular,45188,#N/A,Equity,Bharti Airtel,Technology,40.64,5.12
Unifi Flexi Cap Reg,Regular,45188,#N/A,Equity,Reliance Ind,Energy & Utilities,21.14,4.49
Unifi Flexi Cap Reg,Regular,45188,#N/A,Equity,ICICI Bank,Financial,17.14,4.42
Unifi Flexi Cap Reg,Regular,45188,#N/A,Equity,South Indian Bank,Financial,8.1,4.2
Unifi Flexi Cap Reg,Regular,45188,#N/A,Equity,Kotak Bank,Financial,19.98,3.65
Union Aggressive Hybrid Reg,Regular,41184,INF582M01HC4,Debt,Power Finance Corporation Ltd SR BS221B Debenture 7.59 17/01/2028,Debenture,AAA,3.52
Union Aggressive Hybrid Reg,Regular,41184,INF582M01HC4,Debt,National Bank For Agriculture & Rural Development SR Bonds 7.40 25-D 29/04/2030,Bonds,AAA,3.48
Union Aggressive Hybrid Reg,Regular,41184,INF582M01HC4,Debt,REC Ltd SR 236-A Debenture 7.45 31/08/2035,Debenture,AAA,3.45
Union Aggressive Hybrid Reg,Regular,41184,INF582M01HC4,Debt,Indian Railway Finance Corporation Ltd SR 175 NCD 7.57 18/04/2029,Non Convertible Debenture,AAA,2.11
Union Aggressive Hybrid Reg,Regular,41184,INF582M01HC4,Debt,National Bank For Agriculture & Rural Development SR F24 Debenture 7.68 30/04/2029,Debenture,AAA,2.11
Union Aggressive Hybrid Reg,Regular,41184,INF582M01HC4,Equity,ICICI Bank,Financial,17.14,4.4
Union Aggressive Hybrid Reg,Regular,41184,INF582M01HC4,Equity,HDFC Bank,Financial,15.15,3.81
Union Aggressive Hybrid Reg,Regular,41184,INF582M01HC4,Equity,Tata Consumer,Consumer Staples,71.13,2.28
Union Aggressive Hybrid Reg,Regular,41184,INF582M01HC4,Equity,Reliance Ind,Energy & Utilities,21.14,2.26
Union Aggressive Hybrid Reg,Regular,41184,INF582M01HC4,Equity,Bharti Airtel,Technology,40.64,2.17
Union Arbitrage Reg,Regular,38969,INF582M01EW9,Debt,Union Money Market Direct-G,Mutual Fund,--,16.33
Union Arbitrage Reg,Regular,38969,INF582M01EW9,Debt,Bank Of Baroda CD 08/03/2027,Certificate of Deposit,A1+,5.84
Union Arbitrage Reg,Regular,38969,INF582M01EW9,Debt,Reserve Bank of India T-Bills 364-D 09/07/2026,Treasury Bills,SOV,0.12
Union Arbitrage Reg,Regular,38969,INF582M01EW9,Equity,HDFC Bank,Financial,15.15,4.53
Union Arbitrage Reg,Regular,38969,INF582M01EW9,Equity,Max Financial,Financial,657.6,3.31
Union Arbitrage Reg,Regular,38969,INF582M01EW9,Equity,Reliance Ind,Energy & Utilities,21.14,3.24
Union Arbitrage Reg,Regular,38969,INF582M01EW9,Equity,Bharti Airtel,Technology,40.64,2.76
Union Arbitrage Reg,Regular,38969,INF582M01EW9,Equity,Vodafone Idea,Technology,4.33,2.31
Union Balanced Advantage Reg,Regular,34860,INF582M01DI0,Debt,--,--,--,--
Union Balanced Advantage Reg,Regular,34860,INF582M01DI0,Equity,--,--,--,--
Union Children's Reg,Regular,43922,#N/A,Debt,--,--,--,--
Union Children's Reg,Regular,43922,#N/A,Equity,HDFC Bank,Financial,15.15,3.76
Union Children's Reg,Regular,43922,#N/A,Equity,Reliance Ind,Energy & Utilities,21.14,3.38
Union Children's Reg,Regular,43922,#N/A,Equity,Axis Bank,Financial,15.54,3.25
Union Children's Reg,Regular,43922,#N/A,Equity,ICICI Bank,Financial,17.14,3.18
Union Children's Reg,Regular,43922,#N/A,Equity,Bharti Airtel,Technology,40.64,2.67
Union Diversified Equity All Cap Active FoF Reg,Regular,45471,#N/A,Debt,--,--,--,--
Union Diversified Equity All Cap Active FoF Reg,Regular,45471,#N/A,Equity,Union Multicap Direct-G,Unspecified,--,55.57
Union Diversified Equity All Cap Active FoF Reg,Regular,45471,#N/A,Equity,Union Small Cap Direct-G,Unspecified,--,16
Union Diversified Equity All Cap Active FoF Reg,Regular,45471,#N/A,Equity,Union Midcap Direct-G,Unspecified,--,12.29
Union Diversified Equity All Cap Active FoF Reg,Regular,45471,#N/A,Equity,Union Large & Midcap Direct-G,Unspecified,--,9.75
Union Diversified Equity All Cap Active FoF Reg,Regular,45471,#N/A,Equity,Union Largecap Direct-G,Unspecified,--,4.72
Union Equity Savings Reg,Regular,37120,INF582M01EG2,Debt,Power Finance Corporation Ltd SR 247A Bonds 7.44 15/01/2030,Bonds,AAA,7.04
Union Equity Savings Reg,Regular,37120,INF582M01EG2,Debt,National Bank For Agriculture & Rural Development SR 26C Debenture 7.27 23/02/2029,Debenture,AAA,7.01
Union Equity Savings Reg,Regular,37120,INF582M01EG2,Debt,Indian Railway Finance Corporation Ltd SR 186 Bonds 7.25 17/01/2035,Bonds,AAA,3.45
Union Equity Savings Reg,Regular,37120,INF582M01EG2,Debt,Reserve Bank of India T-Bills 91-D 20/08/2026,Treasury Bills,SOV,2.81
Union Equity Savings Reg,Regular,37120,INF582M01EG2,Debt,Reserve Bank of India T-Bills 364-D 09/07/2026,Treasury Bills,SOV,2.22
Union Equity Savings Reg,Regular,37120,INF582M01EG2,Equity,Patanjali Foods,Consumer Staples,25.19,5.23
Union Equity Savings Reg,Regular,37120,INF582M01EG2,Equity,Reliance Ind,Energy & Utilities,21.14,3.59
Union Equity Savings Reg,Regular,37120,INF582M01EG2,Equity,Indus Towers,Technology,15.28,3.53
Union Equity Savings Reg,Regular,37120,INF582M01EG2,Equity,Bajaj Finance,Financial,28.93,3.34
Union Equity Savings Reg,Regular,37120,INF582M01EG2,Equity,HDFC Bank,Financial,15.15,3.24
Union Flexi Cap Reg,Regular,12817,#N/A,Debt,--,--,--,--
Union Flexi Cap Reg,Regular,12817,#N/A,Equity,ICICI Bank,Financial,17.14,4.39
Union Flexi Cap Reg,Regular,12817,#N/A,Equity,HDFC Bank,Financial,15.15,3.94
Union Flexi Cap Reg,Regular,12817,#N/A,Equity,Tata Consumer,Consumer Staples,71.13,2.85
Union Flexi Cap Reg,Regular,12817,#N/A,Equity,Bharti Airtel,Technology,40.64,2.84
Union Flexi Cap Reg,Regular,12817,#N/A,Equity,Axis Bank,Financial,15.54,2.73
Union Focused Reg,Regular,40106,#N/A,Debt,--,--,--,--
Union Focused Reg,Regular,40106,#N/A,Equity,ICICI Bank,Financial,17.14,7.76
Union Focused Reg,Regular,40106,#N/A,Equity,Hitachi Energy,Industrials,149.94,5.42
Union Focused Reg,Regular,40106,#N/A,Equity,Solar,Materials,95.91,5.3
Union Focused Reg,Regular,40106,#N/A,Equity,Tata Consumer,Consumer Staples,71.13,5.14
Union Focused Reg,Regular,40106,#N/A,Equity,GE Vernova T&D,Industrials,101.42,4.68
Union Gilt Reg,Regular,42323,#N/A,Debt,GOI Sec 6.90 15/04/2065,GOI Securities,SOV,56.77
Union Gilt Reg,Regular,42323,#N/A,Debt,GOI Sec 7.24 18/08/2055,GOI Securities,SOV,32.75
Union Gilt Reg,Regular,42323,#N/A,Equity,--,--,--,--
Union Retirement Reg,Regular,42490,#N/A,Debt,--,--,--,--
Union Retirement Reg,Regular,42490,#N/A,Equity,ICICI Bank,Financial,17.14,5.71
Union Retirement Reg,Regular,42490,#N/A,Equity,HDFC Bank,Financial,15.15,5.26
Union Retirement Reg,Regular,42490,#N/A,Equity,Acutaas Chemicals,Healthcare,73.93,3.16
Union Retirement Reg,Regular,42490,#N/A,Equity,MCX,Financial,52.56,2.68
Union Retirement Reg,Regular,42490,#N/A,Equity,Reliance Ind,Energy & Utilities,21.14,2.67
WhiteOak Capital Aggressive Hybrid Reg,Regular,46014,#N/A,Debt,--,--,--,--
WhiteOak Capital Aggressive Hybrid Reg,Regular,46014,#N/A,Equity,--,--,--,--
WhiteOak Capital Arbitrage Reg,Regular,44528,INF03VN01928,Debt,WhiteOak Capital Liquid Direct-G,Mutual Fund,--,4.6
WhiteOak Capital Arbitrage Reg,Regular,44528,INF03VN01928,Debt,WhiteOak Capital Ultra Short Duration Direct-G,Mutual Fund,--,3.71
WhiteOak Capital Arbitrage Reg,Regular,44528,INF03VN01928,Debt,Canara Bank CD 14/09/2026,Certificate of Deposit,A1+,1.71
WhiteOak Capital Arbitrage Reg,Regular,44528,INF03VN01928,Debt,Bank Of Baroda CD 04/12/2026,Certificate of Deposit,A1+,1.68
WhiteOak Capital Arbitrage Reg,Regular,44528,INF03VN01928,Debt,Canara Bank CD 04/03/2027,Certificate of Deposit,A1+,1.65
WhiteOak Capital Arbitrage Reg,Regular,44528,INF03VN01928,Equity,Vodafone Idea,Technology,4.33,5.83
WhiteOak Capital Arbitrage Reg,Regular,44528,INF03VN01928,Equity,HDFC Bank,Financial,15.15,3.38
WhiteOak Capital Arbitrage Reg,Regular,44528,INF03VN01928,Equity,ICICI Bank,Financial,17.14,3.22
WhiteOak Capital Arbitrage Reg,Regular,44528,INF03VN01928,Equity,NTPC,Energy & Utilities,12.62,3
WhiteOak Capital Arbitrage Reg,Regular,44528,INF03VN01928,Equity,Bharti Airtel,Technology,40.64,2.75
WhiteOak Capital Balanced Advantage Reg,Regular,43007,INF03VN01720,Debt,--,--,--,--
WhiteOak Capital Balanced Advantage Reg,Regular,43007,INF03VN01720,Equity,--,--,--,--
WhiteOak Capital Balanced Hybrid Reg,Regular,43826,INF03VN01811,Debt,GOI Sec 6.94 11/05/2036,GOI Securities,SOV,2.97
WhiteOak Capital Balanced Hybrid Reg,Regular,43826,INF03VN01811,Debt,REC Ltd SR 245A Bonds 7.44 29/02/2028,Bonds,AAA,2.79
WhiteOak Capital Balanced Hybrid Reg,Regular,43826,INF03VN01811,Debt,Bajaj Finance Ltd Debenture 7.11 10/07/2028,Debenture,AAA,2.75
WhiteOak Capital Balanced Hybrid Reg,Regular,43826,INF03VN01811,Debt,HDFC Bank Ltd CD 21/09/2026,Certificate of Deposit,A1+,2.05
WhiteOak Capital Balanced Hybrid Reg,Regular,43826,INF03VN01811,Debt,Nexus Select Trust,Real Estate Investment Trusts,--,1.96
WhiteOak Capital Balanced Hybrid Reg,Regular,43826,INF03VN01811,Equity,ICICI Bank,Financial,17.14,4.81
WhiteOak Capital Balanced Hybrid Reg,Regular,43826,INF03VN01811,Equity,HDFC Bank,Financial,15.15,3.73
WhiteOak Capital Balanced Hybrid Reg,Regular,43826,INF03VN01811,Equity,Bharti Airtel,Technology,40.64,2.52
WhiteOak Capital Balanced Hybrid Reg,Regular,43826,INF03VN01811,Equity,Nestle India,Consumer Staples,79.14,1.88
WhiteOak Capital Balanced Hybrid Reg,Regular,43826,INF03VN01811,Equity,Mahindra & Mahindra,Consumer Discretionary,21.56,1.66
WhiteOak Capital Equity Savings Reg,Regular,44998,INF03VN01AC5,Debt,GOI Sec 6.28 14/07/2032,GOI Securities,SOV,4.85
WhiteOak Capital Equity Savings Reg,Regular,44998,INF03VN01AC5,Debt,GOI Sec 6.36 16/02/2031,GOI Securities,SOV,2.71
WhiteOak Capital Equity Savings Reg,Regular,44998,INF03VN01AC5,Debt,Nexus Select Trust,Real Estate Investment Trusts,--,2.24
WhiteOak Capital Equity Savings Reg,Regular,44998,INF03VN01AC5,Debt,GOI Sec 6.68 07/07/2040,GOI Securities,SOV,1.95
WhiteOak Capital Equity Savings Reg,Regular,44998,INF03VN01AC5,Debt,Embassy Office,Real Estate Investment Trusts,--,1.94
WhiteOak Capital Equity Savings Reg,Regular,44998,INF03VN01AC5,Equity,ICICI Bank,Financial,17.14,6.65
WhiteOak Capital Equity Savings Reg,Regular,44998,INF03VN01AC5,Equity,HDFC Bank,Financial,15.15,6.42
WhiteOak Capital Equity Savings Reg,Regular,44998,INF03VN01AC5,Equity,Vodafone Idea,Technology,4.33,3.87
WhiteOak Capital Equity Savings Reg,Regular,44998,INF03VN01AC5,Equity,Bharti Airtel,Technology,40.64,3.37
WhiteOak Capital Equity Savings Reg,Regular,44998,INF03VN01AC5,Equity,Maruti Suzuki,Consumer Discretionary,28.03,3.32
WhiteOak Capital Flexi Cap Reg,Regular,42318,#N/A,Debt,--,--,--,--
WhiteOak Capital Flexi Cap Reg,Regular,42318,#N/A,Equity,ICICI Bank,Financial,17.14,8.05
WhiteOak Capital Flexi Cap Reg,Regular,42318,#N/A,Equity,HDFC Bank,Financial,15.15,6.56
WhiteOak Capital Flexi Cap Reg,Regular,42318,#N/A,Equity,Bharti Airtel,Technology,40.64,4.21
WhiteOak Capital Flexi Cap Reg,Regular,42318,#N/A,Equity,Nestle India,Consumer Staples,79.14,2.86
WhiteOak Capital Flexi Cap Reg,Regular,42318,#N/A,Equity,Bharat Electronics,Industrials,49.42,2.44
Zerodha Nifty 8-13 Yr G-Sec ETF,Regular,45448,#N/A,Debt,GOI Sec 6.48 06/10/2035,GOI Securities,SOV,67.51
Zerodha Nifty 8-13 Yr G-Sec ETF,Regular,45448,#N/A,Debt,GOI Sec 6.33 05/05/2035,GOI Securities,SOV,19.07
Zerodha Nifty 8-13 Yr G-Sec ETF,Regular,45448,#N/A,Debt,GOI Sec 6.94 11/05/2036,GOI Securities,SOV,12.55
Zerodha Nifty 8-13 Yr G-Sec ETF,Regular,45448,#N/A,Equity,--,--,--,--
360 ONE Balanced Hybrid Dir,Direct,43766,INF579M01AY9,Debt,REC Ltd SR 223B Debenture 7.46 30/06/2028,Debenture,AAA,4.76
360 ONE Balanced Hybrid Dir,Direct,43766,INF579M01AY9,Debt,GOI Sec 7.37 23/10/2028,GOI Securities,SOV,3.48
360 ONE Balanced Hybrid Dir,Direct,43766,INF579M01AY9,Debt,Mindspace Business Parks REIT SR Debenture 7.96 11/05/2029,Debenture,AAA,3.42
360 ONE Balanced Hybrid Dir,Direct,43766,INF579M01AY9,Debt,Embassy Office Parks REIT SR XII Bonds 7.73 14/12/2029,Bonds,AAA,3.4
360 ONE Balanced Hybrid Dir,Direct,43766,INF579M01AY9,Debt,Jamnagar Utilities and Power Pvt. Ltd SR PPD 6 NCD 6.40 29/09/2026,Non Convertible Debenture,AAA,3.39
360 ONE Balanced Hybrid Dir,Direct,43766,INF579M01AY9,Equity,HDFC Bank,Financial,15.26,2.39
360 ONE Balanced Hybrid Dir,Direct,43766,INF579M01AY9,Equity,GE Vernova T&D,Industrials,102.04,2.12
360 ONE Balanced Hybrid Dir,Direct,43766,INF579M01AY9,Equity,ICICI Bank,Financial,17.15,2.07
360 ONE Balanced Hybrid Dir,Direct,43766,INF579M01AY9,Equity,Cholamandalam Inv,Financial,24.24,1.71
360 ONE Balanced Hybrid Dir,Direct,43766,INF579M01AY9,Equity,Indus Towers,Technology,15.3,1.58
360 ONE Flexicap Dir,Direct,43547,#N/A,Debt,--,--,--,--
360 ONE Flexicap Dir,Direct,43547,#N/A,Equity,ICICI Bank,Financial,17.15,4.68
360 ONE Flexicap Dir,Direct,43547,#N/A,Equity,GE Vernova T&D,Industrials,102.04,4.67
360 ONE Flexicap Dir,Direct,43547,#N/A,Equity,Larsen & Toubro,Industrials,33.67,3.8
360 ONE Flexicap Dir,Direct,43547,#N/A,Equity,Kotak Bank,Financial,20.08,3.67
360 ONE Flexicap Dir,Direct,43547,#N/A,Equity,Indus Towers,Technology,15.3,3.65
360 ONE Focused Dir,Direct,28458,#N/A,Debt,--,--,--,--
360 ONE Focused Dir,Direct,28458,#N/A,Equity,--,--,--,--
ABSL Aggressive Hybrid Omni FoF Dir,Direct,16932,INF084M01ET2,Debt,Aditya Birla SL Short Term Direct-G,Mutual Fund,--,13.48
ABSL Aggressive Hybrid Omni FoF Dir,Direct,16932,INF084M01ET2,Debt,HDFC Corporate Bond Direct-G,Mutual Fund,--,7.27
ABSL Aggressive Hybrid Omni FoF Dir,Direct,16932,INF084M01ET2,Equity,Aditya Birla SL Flexi Cap Direct-G,Unspecified,--,15.49
ABSL Aggressive Hybrid Omni FoF Dir,Direct,16932,INF084M01ET2,Equity,ICICI Pru Large Cap Direct-G,Unspecified,--,14.66
ABSL Aggressive Hybrid Omni FoF Dir,Direct,16932,INF084M01ET2,Equity,Nippon India Growth Mid Cap Direct-G,Unspecified,--,14.43
ABSL Aggressive Hybrid Omni FoF Dir,Direct,16932,INF084M01ET2,Equity,Kotak Multicap Direct-G,Unspecified,--,11.38
ABSL Aggressive Hybrid Omni FoF Dir,Direct,16932,INF084M01ET2,Equity,Aditya Birla SL Large Cap Direct-G,Unspecified,--,10.15
ABSL Arbitrage Dir,Direct,15739,INF209K01VP1,Debt,Aditya Birla SL Money Manager Direct-G,Mutual Fund,--,10.37
ABSL Arbitrage Dir,Direct,15739,INF209K01VP1,Debt,Aditya Birla SL Liquid Direct-G,Mutual Fund,--,4.44
ABSL Arbitrage Dir,Direct,15739,INF209K01VP1,Debt,Aditya Birla SL Floating Rate Direct-G,Mutual Fund,--,3.64
ABSL Arbitrage Dir,Direct,15739,INF209K01VP1,Debt,HDFC Bank Ltd CD 15/02/2027,Certificate of Deposit,A1+,1.47
ABSL Arbitrage Dir,Direct,15739,INF209K01VP1,Debt,Small Industries Devp. Bank of India Ltd CD 28/01/2027,Certificate of Deposit,A1+,1.39
ABSL Arbitrage Dir,Direct,15739,INF209K01VP1,Equity,HDFC Bank,Financial,15.15,5.68
ABSL Arbitrage Dir,Direct,15739,INF209K01VP1,Equity,Reliance Ind,Energy & Utilities,21.14,4.08
ABSL Arbitrage Dir,Direct,15739,INF209K01VP1,Equity,ICICI Bank,Financial,17.14,2.78
ABSL Arbitrage Dir,Direct,15739,INF209K01VP1,Equity,Axis Bank,Financial,15.54,2.33
ABSL Arbitrage Dir,Direct,15739,INF209K01VP1,Equity,Vodafone Idea,Technology,4.33,1.79
ABSL BSE 500 Momentum 50 Index Fund Dir,Direct,45377,#N/A,Debt,--,--,--,--
ABSL BSE 500 Momentum 50 Index Fund Dir,Direct,45377,#N/A,Equity,MCX,Financial,52.84,4.84
ABSL BSE 500 Momentum 50 Index Fund Dir,Direct,45377,#N/A,Equity,Eicher Motors,Consumer Discretionary,36.12,4.03
ABSL BSE 500 Momentum 50 Index Fund Dir,Direct,45377,#N/A,Equity,SBI,Financial,11.16,4.03
ABSL BSE 500 Momentum 50 Index Fund Dir,Direct,45377,#N/A,Equity,Cummins India,Industrials,66.22,4
ABSL BSE 500 Momentum 50 Index Fund Dir,Direct,45377,#N/A,Equity,TVS Motor,Consumer Discretionary,53.1,3.99
ABSL BSE 500 Quality 50 Index Dir,Direct,45381,#N/A,Debt,--,--,--,--
ABSL BSE 500 Quality 50 Index Dir,Direct,45381,#N/A,Equity,Nestle India,Consumer Staples,79.37,4.43
ABSL BSE 500 Quality 50 Index Dir,Direct,45381,#N/A,Equity,MCX,Financial,52.84,4.41
ABSL BSE 500 Quality 50 Index Dir,Direct,45381,#N/A,Equity,Suzlon Energy,Industrials,23.82,4.2
ABSL BSE 500 Quality 50 Index Dir,Direct,45381,#N/A,Equity,GE Vernova T&D,Industrials,102.04,4.1
ABSL BSE 500 Quality 50 Index Dir,Direct,45381,#N/A,Equity,Cummins India,Industrials,66.22,4.09
ABSL Bal Bhavishya Yojna Dir,Direct,38821,#N/A,Debt,--,--,--,--
ABSL Bal Bhavishya Yojna Dir,Direct,38821,#N/A,Equity,ICICI Bank,Financial,17.15,5.59
ABSL Bal Bhavishya Yojna Dir,Direct,38821,#N/A,Equity,Reliance Ind,Energy & Utilities,21.26,4.03
ABSL Bal Bhavishya Yojna Dir,Direct,38821,#N/A,Equity,HDFC Bank,Financial,15.26,3.95
ABSL Bal Bhavishya Yojna Dir,Direct,38821,#N/A,Equity,Axis Bank,Financial,15.54,2.92
ABSL Bal Bhavishya Yojna Dir,Direct,38821,#N/A,Equity,Infosys,Technology,15.85,2.78
ABSL Balanced Advantage Dir,Direct,16897,INF084M01DJ5,Debt,IndiGrid Infrastructure Trust,Infrastructure Investment Trust,--,2.38
ABSL Balanced Advantage Dir,Direct,16897,INF084M01DJ5,Debt,GOI Sec 7.18 24/07/2037,GOI Securities,SOV,1.69
ABSL Balanced Advantage Dir,Direct,16897,INF084M01DJ5,Debt,Cholamandalam Investment & Finance Company Ltd Debenture 7.50 30/09/2026,Debenture,--,1.62
ABSL Balanced Advantage Dir,Direct,16897,INF084M01DJ5,Debt,Nexus Select Trust,Real Estate Investment Trusts,--,1.31
ABSL Balanced Advantage Dir,Direct,16897,INF084M01DJ5,Debt,Cholamandalam Investment & Finance Company Ltd SR SD73 Debenture 8.92 02/12/2034,Debenture,AA+,1.09
ABSL Balanced Advantage Dir,Direct,16897,INF084M01DJ5,Equity,ICICI Bank,Financial,17.14,4.06
ABSL Balanced Advantage Dir,Direct,16897,INF084M01DJ5,Equity,Reliance Ind,Energy & Utilities,21.14,3.19
ABSL Balanced Advantage Dir,Direct,16897,INF084M01DJ5,Equity,HDFC Bank,Financial,15.15,3.12
ABSL Balanced Advantage Dir,Direct,16897,INF084M01DJ5,Equity,Kotak Bank,Financial,19.98,2.7
ABSL Balanced Advantage Dir,Direct,16897,INF084M01DJ5,Equity,SBI,Financial,11.13,2.48
ABSL CRISIL 10 Year Gilt ETF,Direct,44486,#N/A,Debt,GOI Sec 6.48 06/10/2035,GOI Securities,SOV,95.77
ABSL CRISIL 10 Year Gilt ETF,Direct,44486,#N/A,Equity,--,--,--,--
ABSL CRISIL Broad Based Gilt ETF,Direct,44415,#N/A,Debt,GOI Sec 7.04 03/06/2029,GOI Securities,SOV,28.08
ABSL CRISIL Broad Based Gilt ETF,Direct,44415,#N/A,Debt,GOI Sec 7.32 13/11/2030,GOI Securities,SOV,27.94
ABSL CRISIL Broad Based Gilt ETF,Direct,44415,#N/A,Debt,GOI Sec 6.90 15/04/2065,GOI Securities,SOV,27.43
ABSL CRISIL Broad Based Gilt ETF,Direct,44415,#N/A,Debt,GOI Sec 6.48 06/10/2035,GOI Securities,SOV,12.99
ABSL CRISIL Broad Based Gilt ETF,Direct,44415,#N/A,Debt,GOI CGL 8.32 02/08/2032,Central Government Loan,SOV,0.28
ABSL CRISIL Broad Based Gilt ETF,Direct,44415,#N/A,Equity,--,--,--,--
ABSL Conservative Hybrid Active FoF Dir,Direct,16925,INF084M01EQ8,Debt,Aditya Birla SL Short Term Direct-G,Mutual Fund,--,39.91
ABSL Conservative Hybrid Active FoF Dir,Direct,16925,INF084M01EQ8,Debt,HDFC Corporate Bond Direct-G,Mutual Fund,--,36.19
ABSL Conservative Hybrid Active FoF Dir,Direct,16925,INF084M01EQ8,Equity,Aditya Birla SL Flexi Cap Direct-G,Unspecified,--,5.65
ABSL Conservative Hybrid Active FoF Dir,Direct,16925,INF084M01EQ8,Equity,ICICI Pru Large Cap Direct-G,Unspecified,--,4.73
ABSL Conservative Hybrid Active FoF Dir,Direct,16925,INF084M01EQ8,Equity,Nippon India Growth Mid Cap Direct-G,Unspecified,--,3.63
ABSL Conservative Hybrid Active FoF Dir,Direct,16925,INF084M01EQ8,Equity,Aditya Birla SL Large Cap Direct-G,Unspecified,--,3.05
ABSL Conservative Hybrid Active FoF Dir,Direct,16925,INF084M01EQ8,Equity,Kotak Multicap Direct-G,Unspecified,--,3.02
ABSL Dynamic Asset Allocation Omni FoF Dir,Direct,16914,INF084M01EW6,Debt,Aditya Birla SL Short Term Direct-G,Mutual Fund,--,12.15
ABSL Dynamic Asset Allocation Omni FoF Dir,Direct,16914,INF084M01EW6,Debt,HDFC Corporate Bond Direct-G,Mutual Fund,--,11.68
ABSL Dynamic Asset Allocation Omni FoF Dir,Direct,16914,INF084M01EW6,Equity,Nippon India Growth Mid Cap Direct-G,Unspecified,--,13.65
ABSL Dynamic Asset Allocation Omni FoF Dir,Direct,16914,INF084M01EW6,Equity,Aditya Birla SL Flexi Cap Direct-G,Unspecified,--,12.89
ABSL Dynamic Asset Allocation Omni FoF Dir,Direct,16914,INF084M01EW6,Equity,ICICI Pru Large Cap Direct-G,Unspecified,--,12.19
ABSL Dynamic Asset Allocation Omni FoF Dir,Direct,16914,INF084M01EW6,Equity,DSP Small Cap Direct-G,Unspecified,--,12.06
ABSL Dynamic Asset Allocation Omni FoF Dir,Direct,16914,INF084M01EW6,Equity,Kotak Multicap Direct-G,Unspecified,--,9.44
ABSL Equity Hybrid '95 Dir,Direct,15692,INF209K01ZC0,Debt,--,--,--,--
ABSL Equity Hybrid '95 Dir,Direct,15692,INF209K01ZC0,Equity,--,--,--,--
ABSL Equity Savings Dir,Direct,28671,INF209KA1TP9,Debt,Aditya Birla SL Liquid Direct-G,Mutual Fund,--,4.7
ABSL Equity Savings Dir,Direct,28671,INF209KA1TP9,Debt,Aditya Birla SL Money Manager Direct-G,Mutual Fund,--,3.8
ABSL Equity Savings Dir,Direct,28671,INF209KA1TP9,Debt,National Bank For Agriculture & Rural Development CD 19/01/2027,Certificate of Deposit,A1+,2.19
ABSL Equity Savings Dir,Direct,28671,INF209KA1TP9,Debt,Export-Import Bank Of India CD 01/03/2027,Certificate of Deposit,A1+,2.17
ABSL Equity Savings Dir,Direct,28671,INF209KA1TP9,Debt,National Bank For Financing Infrastructure And Development CD 04/03/2027,Certificate of Deposit,A1+,2.17
ABSL Equity Savings Dir,Direct,28671,INF209KA1TP9,Equity,ICICI Bank,Financial,17.14,7.06
ABSL Equity Savings Dir,Direct,28671,INF209KA1TP9,Equity,HDFC Bank,Financial,15.15,6.62
ABSL Equity Savings Dir,Direct,28671,INF209KA1TP9,Equity,Reliance Ind,Energy & Utilities,21.14,4.24
ABSL Equity Savings Dir,Direct,28671,INF209KA1TP9,Equity,RBL Bank,Financial,25.18,3.98
ABSL Equity Savings Dir,Direct,28671,INF209KA1TP9,Equity,Kotak Bank,Financial,19.98,2.83
ABSL Flexi Cap Dir,Direct,15741,#N/A,Debt,--,--,--,--
ABSL Flexi Cap Dir,Direct,15741,#N/A,Equity,ICICI Bank,Financial,17.15,5.84
ABSL Flexi Cap Dir,Direct,15741,#N/A,Equity,HDFC Bank,Financial,15.26,3.61
ABSL Flexi Cap Dir,Direct,15741,#N/A,Equity,Kotak Bank,Financial,20.08,3.45
ABSL Flexi Cap Dir,Direct,15741,#N/A,Equity,Reliance Ind,Energy & Utilities,21.26,3.19
ABSL Flexi Cap Dir,Direct,15741,#N/A,Equity,Infosys,Technology,15.85,2.84
ABSL Focused Dir,Direct,15883,#N/A,Debt,--,--,--,--
ABSL Focused Dir,Direct,15883,#N/A,Equity,--,--,--,--
ABSL Government Securities Dir,Direct,15896,#N/A,Debt,GOI Sec 7.34 22/04/2064,GOI Securities,SOV,32.48
ABSL Government Securities Dir,Direct,15896,#N/A,Debt,GOI Sec 7.25 12/06/2063,GOI Securities,SOV,12.23
ABSL Government Securities Dir,Direct,15896,#N/A,Debt,GOI Sec 6.90 15/04/2065,GOI Securities,SOV,8.86
ABSL Government Securities Dir,Direct,15896,#N/A,Debt,GOI Sec 7.24 18/08/2055,GOI Securities,SOV,8.7
ABSL Government Securities Dir,Direct,15896,#N/A,Debt,GOI Sec 7.30 19/06/2053,GOI Securities,SOV,6.76
ABSL Government Securities Dir,Direct,15896,#N/A,Equity,--,--,--,--
ABSL Regular Savings Dir,Direct,15919,INF209K01XH4,Debt,Cholamandalam Investment & Finance Company Ltd SR SD73 Debenture 8.92 02/12/2034,Debenture,AA+,3.71
ABSL Regular Savings Dir,Direct,15919,INF209K01XH4,Debt,JTPM Metal Traders Ltd Debenture 30/04/2030,Debenture,AA,3.07
ABSL Regular Savings Dir,Direct,15919,INF209K01XH4,Debt,Muthoot Finance Ltd Debenture 26/07/2029,Debenture,AA+,3.05
ABSL Regular Savings Dir,Direct,15919,INF209K01XH4,Debt,Madhya Pradesh State SDL 7.56 04/03/2039,State Development Loan,SOV,2.66
ABSL Regular Savings Dir,Direct,15919,INF209K01XH4,Debt,Adani Power Ltd SR II Debenture 8.20 25/01/2029,Debenture,AA,2.35
ABSL Regular Savings Dir,Direct,15919,INF209K01XH4,Equity,ICICI Bank,Financial,17.14,1.75
ABSL Regular Savings Dir,Direct,15919,INF209K01XH4,Equity,HDFC Bank,Financial,15.15,1.51
ABSL Regular Savings Dir,Direct,15919,INF209K01XH4,Equity,Hindalco Ind,Materials,17.41,1.45
ABSL Regular Savings Dir,Direct,15919,INF209K01XH4,Equity,Bharti Airtel,Technology,40.64,1.12
ABSL Regular Savings Dir,Direct,15919,INF209K01XH4,Equity,Bajaj Finserv,Financial,27.24,0.91
ABSL Retirement 30s Dir,Direct,39181,#N/A,Debt,--,--,--,--
ABSL Retirement 30s Dir,Direct,39181,#N/A,Equity,ICICI Bank,Financial,17.15,3.74
ABSL Retirement 30s Dir,Direct,39181,#N/A,Equity,Aditya Infotech,Technology,111.94,2.7
ABSL Retirement 30s Dir,Direct,39181,#N/A,Equity,HDFC Bank,Financial,15.26,2.34
ABSL Retirement 30s Dir,Direct,39181,#N/A,Equity,Ather Energy,Consumer Discretionary,--,2.27
ABSL Retirement 30s Dir,Direct,39181,#N/A,Equity,Kirloskar Oil,Industrials,46.2,2.2
ABSL Retirement 40s Dir,Direct,39185,INF209KB1I80,Debt,GOI Sec 6.48 06/10/2035,GOI Securities,SOV,6.39
ABSL Retirement 40s Dir,Direct,39185,INF209KB1I80,Debt,GOI Sec 7.34 22/04/2064,GOI Securities,SOV,2.97
ABSL Retirement 40s Dir,Direct,39185,INF209KB1I80,Debt,GOI Sec 7.17 17/04/2030,GOI Securities,SOV,1.81
ABSL Retirement 40s Dir,Direct,39185,INF209KB1I80,Debt,HDFC Bank Ltd SR V004 Debenture 8.55 27/03/2029,Debenture,AAA,0.9
ABSL Retirement 40s Dir,Direct,39185,INF209KB1I80,Debt,GOI Sec 7.26 06/02/2033,GOI Securities,SOV,0.9
ABSL Retirement 40s Dir,Direct,39185,INF209KB1I80,Equity,ICICI Bank,Financial,17.15,5.93
ABSL Retirement 40s Dir,Direct,39185,INF209KB1I80,Equity,HDFC Bank,Financial,15.26,4.31
ABSL Retirement 40s Dir,Direct,39185,INF209KB1I80,Equity,Infosys,Technology,15.85,3.41
ABSL Retirement 40s Dir,Direct,39185,INF209KB1I80,Equity,Reliance Ind,Energy & Utilities,21.26,3.33
ABSL Retirement 40s Dir,Direct,39185,INF209KB1I80,Equity,Ultratech Cement,Materials,39.38,2.91
ABSL Retirement 50s Dir,Direct,39189,INF209KB1J48,Debt,GOI Sec 6.48 06/10/2035,GOI Securities,SOV,19.85
ABSL Retirement 50s Dir,Direct,39189,INF209KB1J48,Debt,GOI Sec 7.26 06/02/2033,GOI Securities,SOV,8.53
ABSL Retirement 50s Dir,Direct,39189,INF209KB1J48,Debt,HDFC Bank Ltd SR V004 Debenture 8.55 27/03/2029,Debenture,AAA,7.6
ABSL Retirement 50s Dir,Direct,39189,INF209KB1J48,Debt,GOI Sec 6.57 05/12/2033,GOI Securities,SOV,3.66
ABSL Retirement 50s Dir,Direct,39189,INF209KB1J48,Debt,Rajasthan State SDL 7.49 28/08/2035,State Development Loan,SOV,2.94
ABSL Retirement 50s Dir,Direct,39189,INF209KB1J48,Equity,HDFC Bank,Financial,15.15,1.67
ABSL Retirement 50s Dir,Direct,39189,INF209KB1J48,Equity,ICICI Bank,Financial,17.14,1.65
ABSL Retirement 50s Dir,Direct,39189,INF209KB1J48,Equity,TD Power Systems,Industrials,75.44,1.49
ABSL Retirement 50s Dir,Direct,39189,INF209KB1J48,Equity,Hindalco Ind,Materials,17.41,1.48
ABSL Retirement 50s Dir,Direct,39189,INF209KB1J48,Equity,Metropolis Health,Healthcare,57.04,1.25
Abakkus Flexi Cap Dir,Direct,45683,#N/A,Debt,--,--,--,--
Abakkus Flexi Cap Dir,Direct,45683,#N/A,Equity,ICICI Bank,Financial,17.2,4.63
Abakkus Flexi Cap Dir,Direct,45683,#N/A,Equity,HDFC Bank,Financial,15.11,4.12
Abakkus Flexi Cap Dir,Direct,45683,#N/A,Equity,Reliance Ind,Energy & Utilities,21.3,3.15
Abakkus Flexi Cap Dir,Direct,45683,#N/A,Equity,ICICI Prudential Asset Management,Financial,48.89,3.07
Abakkus Flexi Cap Dir,Direct,45683,#N/A,Equity,SBI,Financial,11.18,3.03
Angel One Nifty Total Market ETF,Direct,44964,#N/A,Debt,--,--,--,--
Angel One Nifty Total Market ETF,Direct,44964,#N/A,Equity,HDFC Bank,Financial,15.26,5.84
Angel One Nifty Total Market ETF,Direct,44964,#N/A,Equity,Reliance Ind,Energy & Utilities,21.26,4.78
Angel One Nifty Total Market ETF,Direct,44964,#N/A,Equity,ICICI Bank,Financial,17.15,4.47
Angel One Nifty Total Market ETF,Direct,44964,#N/A,Equity,Bharti Airtel,Technology,40.89,2.87
Angel One Nifty Total Market ETF,Direct,44964,#N/A,Equity,Larsen & Toubro,Industrials,33.67,2.33
Angel One Nifty Total Market Index Dir,Direct,44963,#N/A,Debt,--,--,--,--
Angel One Nifty Total Market Index Dir,Direct,44963,#N/A,Equity,HDFC Bank,Financial,15.26,5.84
Angel One Nifty Total Market Index Dir,Direct,44963,#N/A,Equity,Reliance Ind,Energy & Utilities,21.26,4.78
Angel One Nifty Total Market Index Dir,Direct,44963,#N/A,Equity,ICICI Bank,Financial,17.15,4.47
Angel One Nifty Total Market Index Dir,Direct,44963,#N/A,Equity,Bharti Airtel,Technology,40.89,2.86
Angel One Nifty Total Market Index Dir,Direct,44963,#N/A,Equity,Larsen & Toubro,Industrials,33.67,2.33
Angel One Nifty Total Market Momentum Quality 50 ETF,Direct,45605,#N/A,Debt,--,--,--,--
Angel One Nifty Total Market Momentum Quality 50 ETF,Direct,45605,#N/A,Equity,BSE,Financial,65,6.58
Angel One Nifty Total Market Momentum Quality 50 ETF,Direct,45605,#N/A,Equity,MCX,Financial,52.84,5.8
Angel One Nifty Total Market Momentum Quality 50 ETF,Direct,45605,#N/A,Equity,Cummins India,Industrials,66.22,5.23
Angel One Nifty Total Market Momentum Quality 50 ETF,Direct,45605,#N/A,Equity,Bharat Electronics,Industrials,49.8,5.19
Angel One Nifty Total Market Momentum Quality 50 ETF,Direct,45605,#N/A,Equity,Eicher Motors,Consumer Discretionary,36.12,4.65
Angel One Nifty Total Market Momentum Quality 50 Index Dir,Direct,45607,#N/A,Debt,--,--,--,--
Angel One Nifty Total Market Momentum Quality 50 Index Dir,Direct,45607,#N/A,Equity,BSE,Financial,65,6.59
Angel One Nifty Total Market Momentum Quality 50 Index Dir,Direct,45607,#N/A,Equity,MCX,Financial,52.84,5.8
Angel One Nifty Total Market Momentum Quality 50 Index Dir,Direct,45607,#N/A,Equity,Cummins India,Industrials,66.22,5.23
Angel One Nifty Total Market Momentum Quality 50 Index Dir,Direct,45607,#N/A,Equity,Bharat Electronics,Industrials,49.8,5.19
Angel One Nifty Total Market Momentum Quality 50 Index Dir,Direct,45607,#N/A,Equity,Eicher Motors,Consumer Discretionary,36.12,4.66
Axis Aggressive Hybrid Dir,Direct,37134,INF846K01E25,Debt,--,--,--,--
Axis Aggressive Hybrid Dir,Direct,37134,INF846K01E25,Equity,--,--,--,--
Axis Arbitrage Dir,Direct,27587,INF846K01PZ1,Debt,Axis Money Market Direct-G,Mutual Fund,--,14.62
Axis Arbitrage Dir,Direct,27587,INF846K01PZ1,Debt,Union Bank of India CD,Certificate of Deposit,A1+,2.42
Axis Arbitrage Dir,Direct,27587,INF846K01PZ1,Debt,Mahindra & Mahindra Financial Services Ltd CP 365-D 18/02/2027,Commercial Paper,A1+,1.46
Axis Arbitrage Dir,Direct,27587,INF846K01PZ1,Debt,Small Industries Devp. Bank of India Ltd CD 04/02/2027,Certificate of Deposit,A1+,1.22
Axis Arbitrage Dir,Direct,27587,INF846K01PZ1,Debt,HDFC Bank Ltd CD 11/09/2026,Certificate of Deposit,A1+,1
Axis Arbitrage Dir,Direct,27587,INF846K01PZ1,Equity,HDFC Bank,Financial,15.15,4.41
Axis Arbitrage Dir,Direct,27587,INF846K01PZ1,Equity,ICICI Bank,Financial,17.14,3.19
Axis Arbitrage Dir,Direct,27587,INF846K01PZ1,Equity,Reliance Ind,Energy & Utilities,21.14,2.91
Axis Arbitrage Dir,Direct,27587,INF846K01PZ1,Equity,Bharti Airtel,Technology,40.64,2.54
Axis Arbitrage Dir,Direct,27587,INF846K01PZ1,Equity,Kotak Bank,Financial,19.98,2.45
Axis Balanced Advantage Dir,Direct,34467,INF846K01A29,Debt,GOI Sec 7.61 09/05/2030,GOI Securities,SOV,1.79
Axis Balanced Advantage Dir,Direct,34467,INF846K01A29,Debt,Muthoot Finance Ltd SR 28-A OP I Bonds 8.40 28/08/2028,Bonds,AA+,1.33
Axis Balanced Advantage Dir,Direct,34467,INF846K01A29,Debt,Shriram Finance Ltd SR PPD VIII OP Bonds 8.75 28/04/2028,Bonds,AAA,1.21
Axis Balanced Advantage Dir,Direct,34467,INF846K01A29,Debt,Cholamandalam Investment & Finance Company Ltd SR SD79 NCD 8.66 23/02/2033,Non Convertible Debenture,AA+,1.19
Axis Balanced Advantage Dir,Direct,34467,INF846K01A29,Debt,Muthoot Finance Ltd Debenture 8.52 07/04/2028,Debenture,AA+,1.12
Axis Balanced Advantage Dir,Direct,34467,INF846K01A29,Equity,HDFC Bank,Financial,15.15,5.96
Axis Balanced Advantage Dir,Direct,34467,INF846K01A29,Equity,ICICI Bank,Financial,17.14,5.25
Axis Balanced Advantage Dir,Direct,34467,INF846K01A29,Equity,Reliance Ind,Energy & Utilities,21.14,5.16
Axis Balanced Advantage Dir,Direct,34467,INF846K01A29,Equity,SBI,Financial,11.13,3.84
Axis Balanced Advantage Dir,Direct,34467,INF846K01A29,Equity,Infosys,Technology,15.78,3
Axis Children's Dir,Direct,31507,INF846K01WO1,Debt,GOI Sec 7.10 08/04/2034,GOI Securities,SOV,8.54
Axis Children's Dir,Direct,31507,INF846K01WO1,Debt,GOI Sec 7.18 14/08/2033,GOI Securities,SOV,4.01
Axis Children's Dir,Direct,31507,INF846K01WO1,Debt,Shriram Finance Ltd SR PPD VIII OP Debenture 8.55 28/04/2028,Debenture,AAA,2.3
Axis Children's Dir,Direct,31507,INF846K01WO1,Debt,Muthoot Finance Ltd SR 28-A OP I Bonds 8.40 28/08/2028,Bonds,AA+,2.27
Axis Children's Dir,Direct,31507,INF846K01WO1,Debt,GMR Airports Ltd Bonds 13/02/2027,Bonds,A+,1.18
Axis Children's Dir,Direct,31507,INF846K01WO1,Equity,Reliance Ind,Energy & Utilities,21.26,5.3
Axis Children's Dir,Direct,31507,INF846K01WO1,Equity,ICICI Bank,Financial,17.15,4.72
Axis Children's Dir,Direct,31507,INF846K01WO1,Equity,HDFC Bank,Financial,15.26,4.46
Axis Children's Dir,Direct,31507,INF846K01WO1,Equity,SBI,Financial,11.16,3.17
Axis Children's Dir,Direct,31507,INF846K01WO1,Equity,Infosys,Technology,15.85,3.02
Axis Conservative Hybrid Dir,Direct,17334,INF846K01EA8,Debt,GOI Sec 7.18 14/08/2033,GOI Securities,SOV,15.73
Axis Conservative Hybrid Dir,Direct,17334,INF846K01EA8,Debt,GOI Sec 6.79 07/10/2034,GOI Securities,SOV,11.74
Axis Conservative Hybrid Dir,Direct,17334,INF846K01EA8,Debt,Reserve Bank of India T-Bills 182-D 18/06/2026,Treasury Bills,SOV,11.43
Axis Conservative Hybrid Dir,Direct,17334,INF846K01EA8,Debt,Power Finance Corporation Ltd SR 223 Debenture 7.64 22/02/2033,Debenture,AAA,6.82
Axis Conservative Hybrid Dir,Direct,17334,INF846K01EA8,Debt,GOI Sec 7.18 24/07/2037,GOI Securities,SOV,4.16
Axis Conservative Hybrid Dir,Direct,17334,INF846K01EA8,Equity,Reliance Ind,Energy & Utilities,21.14,1.96
Axis Conservative Hybrid Dir,Direct,17334,INF846K01EA8,Equity,ICICI Bank,Financial,17.14,1.59
Axis Conservative Hybrid Dir,Direct,17334,INF846K01EA8,Equity,HDFC Bank,Financial,15.15,1.58
Axis Conservative Hybrid Dir,Direct,17334,INF846K01EA8,Equity,Infosys,Technology,15.78,1.3
Axis Conservative Hybrid Dir,Direct,17334,INF846K01EA8,Equity,NTPC,Energy & Utilities,12.62,1.09
Axis Equity Savings Dir,Direct,30703,INF846K01VJ3,Debt,GOI Sec 7.18 14/08/2033,GOI Securities,SOV,4.67
Axis Equity Savings Dir,Direct,30703,INF846K01VJ3,Debt,GOI Sec 7.10 08/04/2034,GOI Securities,SOV,4.06
Axis Equity Savings Dir,Direct,30703,INF846K01VJ3,Debt,Axis Money Market Direct-G,Mutual Fund,--,2.95
Axis Equity Savings Dir,Direct,30703,INF846K01VJ3,Debt,Muthoot Finance Ltd Debenture 8.52 07/04/2028,Debenture,AA+,1.74
Axis Equity Savings Dir,Direct,30703,INF846K01VJ3,Debt,GMR Airports Ltd Bonds 13/02/2027,Bonds,A+,1.2
Axis Equity Savings Dir,Direct,30703,INF846K01VJ3,Equity,Reliance Ind,Energy & Utilities,21.14,9.73
Axis Equity Savings Dir,Direct,30703,INF846K01VJ3,Equity,HDFC Bank,Financial,15.15,7.22
Axis Equity Savings Dir,Direct,30703,INF846K01VJ3,Equity,ICICI Bank,Financial,17.14,6.09
Axis Equity Savings Dir,Direct,30703,INF846K01VJ3,Equity,Tata Steel,Materials,22.98,3.19
Axis Equity Savings Dir,Direct,30703,INF846K01VJ3,Equity,Kotak Bank,Financial,19.98,2.9
Axis Flexi Cap Dir,Direct,34711,#N/A,Debt,--,--,--,--
Axis Flexi Cap Dir,Direct,34711,#N/A,Equity,ICICI Bank,Financial,17.15,7.58
Axis Flexi Cap Dir,Direct,34711,#N/A,Equity,Bharti Airtel,Technology,40.89,4.46
Axis Flexi Cap Dir,Direct,34711,#N/A,Equity,Bharat Electronics,Industrials,49.8,4.05
Axis Flexi Cap Dir,Direct,34711,#N/A,Equity,Bajaj Finance,Financial,28.99,3.92
Axis Flexi Cap Dir,Direct,34711,#N/A,Equity,Eternal,Technology,641.25,3.68
Axis Focused Dir,Direct,15684,#N/A,Debt,--,--,--,--
Axis Focused Dir,Direct,15684,#N/A,Equity,ICICI Bank,Financial,17.15,7.55
Axis Focused Dir,Direct,15684,#N/A,Equity,Eternal,Technology,641.25,5.93
Axis Focused Dir,Direct,15684,#N/A,Equity,Divi's Lab,Healthcare,69.51,5.36
Axis Focused Dir,Direct,15684,#N/A,Equity,Apollo Hospitals,Healthcare,63.25,4.73
Axis Focused Dir,Direct,15684,#N/A,Equity,Cholamandalam Inv,Financial,24.24,4.63
Axis Gilt Dir,Direct,15681,#N/A,Debt,GOI Sec 7.24 18/08/2055,GOI Securities,SOV,21.39
Axis Gilt Dir,Direct,15681,#N/A,Debt,GOI Sec 6.48 06/10/2035,GOI Securities,SOV,18.21
Axis Gilt Dir,Direct,15681,#N/A,Debt,GOI Sec 6.90 15/04/2065,GOI Securities,SOV,9.75
Axis Gilt Dir,Direct,15681,#N/A,Debt,GOI Sec 6.68 07/07/2040,GOI Securities,SOV,9.5
Axis Gilt Dir,Direct,15681,#N/A,Debt,GOI Sec 7.34 22/04/2064,GOI Securities,SOV,5.64
Axis Gilt Dir,Direct,15681,#N/A,Equity,--,--,--,--
Axis Nifty 500 Index Dir,Direct,44413,#N/A,Debt,--,--,--,--
Axis Nifty 500 Index Dir,Direct,44413,#N/A,Equity,HDFC Bank,Financial,15.26,6.09
Axis Nifty 500 Index Dir,Direct,44413,#N/A,Equity,Reliance Ind,Energy & Utilities,21.26,4.98
Axis Nifty 500 Index Dir,Direct,44413,#N/A,Equity,ICICI Bank,Financial,17.15,4.65
Axis Nifty 500 Index Dir,Direct,44413,#N/A,Equity,Bharti Airtel,Technology,40.89,2.98
Axis Nifty 500 Index Dir,Direct,44413,#N/A,Equity,Larsen & Toubro,Industrials,33.67,2.43
Axis Nifty500 Momentum 50 Index Dir,Direct,44905,#N/A,Debt,--,--,--,--
Axis Nifty500 Momentum 50 Index Dir,Direct,44905,#N/A,Equity,Hindalco Ind,Materials,17.49,5.21
Axis Nifty500 Momentum 50 Index Dir,Direct,44905,#N/A,Equity,Eicher Motors,Consumer Discretionary,36.12,4.82
Axis Nifty500 Momentum 50 Index Dir,Direct,44905,#N/A,Equity,Shriram Finance,Financial,21.29,4.78
Axis Nifty500 Momentum 50 Index Dir,Direct,44905,#N/A,Equity,Bajaj Finance,Financial,28.99,4.71
Axis Nifty500 Momentum 50 Index Dir,Direct,44905,#N/A,Equity,Bharti Airtel,Technology,40.89,4.51
Axis Nifty500 Quality 50 Index Dir,Direct,45468,#N/A,Debt,--,--,--,--
Axis Nifty500 Quality 50 Index Dir,Direct,45468,#N/A,Equity,BSE,Financial,65,5.26
Axis Nifty500 Quality 50 Index Dir,Direct,45468,#N/A,Equity,Bharat Electronics,Industrials,49.8,4.67
Axis Nifty500 Quality 50 Index Dir,Direct,45468,#N/A,Equity,Coal India,Materials,9.05,4.16
Axis Nifty500 Quality 50 Index Dir,Direct,45468,#N/A,Equity,Britannia Ind,Consumer Staples,49.3,3.87
Axis Nifty500 Quality 50 Index Dir,Direct,45468,#N/A,Equity,Tata Consultancy,Technology,15.91,3.67
Axis Retirement-Aggressive Plan Dir,Direct,40429,INF846K01S86,Debt,GOI Sec 7.10 08/04/2034,GOI Securities,SOV,6.09
Axis Retirement-Aggressive Plan Dir,Direct,40429,INF846K01S86,Debt,GOI Sec 6.79 07/10/2034,GOI Securities,SOV,4.91
Axis Retirement-Aggressive Plan Dir,Direct,40429,INF846K01S86,Debt,GOI Sec 7.25 12/06/2063,GOI Securities,SOV,3.35
Axis Retirement-Aggressive Plan Dir,Direct,40429,INF846K01S86,Debt,GOI Sec 7.18 24/07/2037,GOI Securities,SOV,2.86
Axis Retirement-Aggressive Plan Dir,Direct,40429,INF846K01S86,Debt,GOI Sec 7.57 17/06/2033,GOI Securities,SOV,1.32
Axis Retirement-Aggressive Plan Dir,Direct,40429,INF846K01S86,Equity,Reliance Ind,Energy & Utilities,21.26,5.91
Axis Retirement-Aggressive Plan Dir,Direct,40429,INF846K01S86,Equity,HDFC Bank,Financial,15.26,5.02
Axis Retirement-Aggressive Plan Dir,Direct,40429,INF846K01S86,Equity,ICICI Bank,Financial,17.15,4.78
Axis Retirement-Aggressive Plan Dir,Direct,40429,INF846K01S86,Equity,Infosys,Technology,15.85,3.23
Axis Retirement-Aggressive Plan Dir,Direct,40429,INF846K01S86,Equity,SBI,Financial,11.16,3.2
Axis Retirement-Conservative Plan Dir,Direct,40437,INF846K01T69,Debt,GOI Sec 7.18 24/07/2037,GOI Securities,SOV,32.93
Axis Retirement-Conservative Plan Dir,Direct,40437,INF846K01T69,Debt,GOI Sec 7.34 22/04/2064,GOI Securities,SOV,14.73
Axis Retirement-Conservative Plan Dir,Direct,40437,INF846K01T69,Debt,GOI Sec 7.10 08/04/2034,GOI Securities,SOV,10.59
Axis Retirement-Conservative Plan Dir,Direct,40437,INF846K01T69,Debt,Indus Infra Trust,Infrastructure Investment Trust,--,1.73
Axis Retirement-Conservative Plan Dir,Direct,40437,INF846K01T69,Equity,Reliance Ind,Energy & Utilities,21.14,4.71
Axis Retirement-Conservative Plan Dir,Direct,40437,INF846K01T69,Equity,SBI,Financial,11.13,2.57
Axis Retirement-Conservative Plan Dir,Direct,40437,INF846K01T69,Equity,Apollo Hospitals,Healthcare,62.98,2.47
Axis Retirement-Conservative Plan Dir,Direct,40437,INF846K01T69,Equity,Infosys,Technology,15.78,2.34
Axis Retirement-Conservative Plan Dir,Direct,40437,INF846K01T69,Equity,Bharti Airtel,Technology,40.64,2.25
Axis Retirement-Dynamic Plan Dir,Direct,40433,INF846K01T28,Debt,GOI Sec 7.30 19/06/2053,GOI Securities,SOV,5.13
Axis Retirement-Dynamic Plan Dir,Direct,40433,INF846K01T28,Debt,GOI Sec 7.25 12/06/2063,GOI Securities,SOV,2.66
Axis Retirement-Dynamic Plan Dir,Direct,40433,INF846K01T28,Debt,GOI Sec 7.18 24/07/2037,GOI Securities,SOV,1.77
Axis Retirement-Dynamic Plan Dir,Direct,40433,INF846K01T28,Debt,GOI Sec 7.10 08/04/2034,GOI Securities,SOV,0.89
Axis Retirement-Dynamic Plan Dir,Direct,40433,INF846K01T28,Equity,Reliance Ind,Energy & Utilities,21.14,5.9
Axis Retirement-Dynamic Plan Dir,Direct,40433,INF846K01T28,Equity,ICICI Bank,Financial,17.14,5.66
Axis Retirement-Dynamic Plan Dir,Direct,40433,INF846K01T28,Equity,HDFC Bank,Financial,15.15,5.47
Axis Retirement-Dynamic Plan Dir,Direct,40433,INF846K01T28,Equity,Infosys,Technology,15.78,3.33
Axis Retirement-Dynamic Plan Dir,Direct,40433,INF846K01T28,Equity,SBI,Financial,11.13,3.19
Bajaj Finserv Arbitrage Dir,Direct,43770,INF0QA701524,Debt,Bajaj Finserv Money Market Direct-G,Mutual Fund,--,15.38
Bajaj Finserv Arbitrage Dir,Direct,43770,INF0QA701524,Debt,Bajaj Finserv Liquid Direct-G,Mutual Fund,--,11.54
Bajaj Finserv Arbitrage Dir,Direct,43770,INF0QA701524,Debt,L&T Finance Ltd CP 91-D 27/05/2026,Commercial Paper,A1+,2.61
Bajaj Finserv Arbitrage Dir,Direct,43770,INF0QA701524,Equity,HDFC Bank,Financial,15.15,6.7
Bajaj Finserv Arbitrage Dir,Direct,43770,INF0QA701524,Equity,Reliance Ind,Energy & Utilities,21.14,6.01
Bajaj Finserv Arbitrage Dir,Direct,43770,INF0QA701524,Equity,ICICI Bank,Financial,17.14,3.75
Bajaj Finserv Arbitrage Dir,Direct,43770,INF0QA701524,Equity,SAIL,Materials,22.3,2.27
Bajaj Finserv Arbitrage Dir,Direct,43770,INF0QA701524,Equity,RBL Bank,Financial,25.18,2.15
Bajaj Finserv Balanced Advantage Dir,Direct,43877,INF0QA701656,Debt,Bajaj Finserv Money Market Direct-G,Mutual Fund,--,5.42
Bajaj Finserv Balanced Advantage Dir,Direct,43877,INF0QA701656,Debt,Bajaj Finserv Banking and PSU Direct-G,Mutual Fund,--,3.29
Bajaj Finserv Balanced Advantage Dir,Direct,43877,INF0QA701656,Debt,GOI Sec 7.09 25/11/2074,GOI Securities,SOV,0.38
Bajaj Finserv Balanced Advantage Dir,Direct,43877,INF0QA701656,Debt,GOI Sec 6.79 30/12/2031,GOI Securities,SOV,0.18
Bajaj Finserv Balanced Advantage Dir,Direct,43877,INF0QA701656,Debt,GOI Sec 6.79 07/10/2034,GOI Securities,SOV,0.02
Bajaj Finserv Balanced Advantage Dir,Direct,43877,INF0QA701656,Equity,HDFC Bank,Financial,15.15,7.43
Bajaj Finserv Balanced Advantage Dir,Direct,43877,INF0QA701656,Equity,ICICI Bank,Financial,17.14,5.29
Bajaj Finserv Balanced Advantage Dir,Direct,43877,INF0QA701656,Equity,Bajaj Auto,Consumer Discretionary,26.4,3.54
Bajaj Finserv Balanced Advantage Dir,Direct,43877,INF0QA701656,Equity,Reliance Ind,Energy & Utilities,21.14,3.2
Bajaj Finserv Balanced Advantage Dir,Direct,43877,INF0QA701656,Equity,Hindustan Unilever,Consumer Staples,33.91,3.11
Bajaj Finserv Equity Savings Dir,Direct,45398,INF0QA701BT9,Debt,Bajaj Finserv Money Market Direct-G,Mutual Fund,--,21.24
Bajaj Finserv Equity Savings Dir,Direct,45398,INF0QA701BT9,Equity,ITC,Consumer Staples,17.2,6.76
Bajaj Finserv Equity Savings Dir,Direct,45398,INF0QA701BT9,Equity,ICICI Bank,Financial,17.14,4.19
Bajaj Finserv Equity Savings Dir,Direct,45398,INF0QA701BT9,Equity,Bajaj Finserv,Financial,27.24,3.01
Bajaj Finserv Equity Savings Dir,Direct,45398,INF0QA701BT9,Equity,Kotak Bank,Financial,19.98,2.99
Bajaj Finserv Equity Savings Dir,Direct,45398,INF0QA701BT9,Equity,MCX,Financial,52.56,2.83
Bajaj Finserv Flexi Cap Dir,Direct,43653,#N/A,Debt,--,--,--,--
Bajaj Finserv Flexi Cap Dir,Direct,43653,#N/A,Equity,ICICI Bank,Financial,17.15,4.99
Bajaj Finserv Flexi Cap Dir,Direct,43653,#N/A,Equity,HDFC Bank,Financial,15.26,4.2
Bajaj Finserv Flexi Cap Dir,Direct,43653,#N/A,Equity,MTAR Technologies,Industrials,234.48,3.61
Bajaj Finserv Flexi Cap Dir,Direct,43653,#N/A,Equity,The Federal Bank,Financial,17.76,3.11
Bajaj Finserv Flexi Cap Dir,Direct,43653,#N/A,Equity,Divi's Lab,Healthcare,69.51,3.1
Bajaj Finserv Gilt Dir,Direct,44862,#N/A,Debt,GOI Sec 6.90 15/04/2065,GOI Securities,SOV,54.33
Bajaj Finserv Gilt Dir,Direct,44862,#N/A,Debt,Reserve Bank of India T-Bills 91-D 20/08/2026,Treasury Bills,SOV,19.84
Bajaj Finserv Gilt Dir,Direct,44862,#N/A,Debt,GOI Sec 6.48 06/10/2035,GOI Securities,SOV,19.37
Bajaj Finserv Gilt Dir,Direct,44862,#N/A,Debt,GOI Sec 6.33 05/05/2035,GOI Securities,SOV,0.35
Bajaj Finserv Gilt Dir,Direct,44862,#N/A,Equity,--,--,--,--
Bandhan Aggressive Hybrid Dir,Direct,33270,INF194KA1U56,Debt,Small Industries Devp. Bank of India Ltd SR I NCD 6.66 25/10/2028,Non Convertible Debenture,AAA,7.39
Bandhan Aggressive Hybrid Dir,Direct,33270,INF194KA1U56,Debt,National Bank For Agriculture & Rural Development SR 26B Bonds 6.85 19/01/2029,Bonds,AAA,3.83
Bandhan Aggressive Hybrid Dir,Direct,33270,INF194KA1U56,Debt,GOI Sec 6.68 07/07/2040,GOI Securities,SOV,1.6
Bandhan Aggressive Hybrid Dir,Direct,33270,INF194KA1U56,Debt,National Bank For Agriculture & Rural Development SR 26C Debenture 7.27 23/02/2029,Debenture,AAA,1.29
Bandhan Aggressive Hybrid Dir,Direct,33270,INF194KA1U56,Debt,Bajaj Housing Finance Ltd Debenture 7.10 16/10/2028,Debenture,AAA,1.28
Bandhan Aggressive Hybrid Dir,Direct,33270,INF194KA1U56,Equity,ICICI Bank,Financial,17.15,5.63
Bandhan Aggressive Hybrid Dir,Direct,33270,INF194KA1U56,Equity,HDFC Bank,Financial,15.26,4.58
Bandhan Aggressive Hybrid Dir,Direct,33270,INF194KA1U56,Equity,Reliance Ind,Energy & Utilities,21.26,3.88
Bandhan Aggressive Hybrid Dir,Direct,33270,INF194KA1U56,Equity,NTPC,Energy & Utilities,12.68,3.83
Bandhan Aggressive Hybrid Dir,Direct,33270,INF194KA1U56,Equity,SBI,Financial,11.16,2.95
Bandhan Aggressive Hybrid Passive FoF Dir,Direct,16468,INF194K012B6,Debt,Bandhan CRISIL IBX Gilt April 2028 Index Direct-G,Mutual Fund,--,10.75
Bandhan Aggressive Hybrid Passive FoF Dir,Direct,16468,INF194K012B6,Debt,Bandhan CRISIL IBX 90:10 SDL Plus Gilt- April 2032 Index Direct-G,Mutual Fund,--,9.73
Bandhan Aggressive Hybrid Passive FoF Dir,Direct,16468,INF194K012B6,Equity,Bandhan Nifty Alpha 50 Index Direct-G,Unspecified,--,76.94
Bandhan Arbitrage Dir,Direct,17551,INF194K01Y60,Debt,Bandhan Money Market Direct-G,Mutual Fund,--,13.2
Bandhan Arbitrage Dir,Direct,17551,INF194K01Y60,Debt,Bandhan Ultra Short Duration Direct-G,Mutual Fund,--,7.24
Bandhan Arbitrage Dir,Direct,17551,INF194K01Y60,Debt,Bandhan Low Duration Direct-G,Mutual Fund,--,6.96
Bandhan Arbitrage Dir,Direct,17551,INF194K01Y60,Debt,Rajasthan State SDL 8.27 02/01/2029,State Development Loan,SOV,0.65
Bandhan Arbitrage Dir,Direct,17551,INF194K01Y60,Debt,Small Industries Devp. Bank of India Ltd CD 09/02/2027,Certificate of Deposit,A1+,0.6
Bandhan Arbitrage Dir,Direct,17551,INF194K01Y60,Equity,HDFC Bank,Financial,15.15,4.56
Bandhan Arbitrage Dir,Direct,17551,INF194K01Y60,Equity,Vodafone Idea,Technology,4.33,3.38
Bandhan Arbitrage Dir,Direct,17551,INF194K01Y60,Equity,ICICI Bank,Financial,17.14,2.7
Bandhan Arbitrage Dir,Direct,17551,INF194K01Y60,Equity,Kotak Bank,Financial,19.98,2.49
Bandhan Arbitrage Dir,Direct,17551,INF194K01Y60,Equity,MCX,Financial,52.56,2.02
Bandhan Balanced Advantage Dir,Direct,28342,INF194KA1UH1,Debt,Reserve Bank of India T-Bills 91-D 14/05/2026,Treasury Bills,SOV,3.39
Bandhan Balanced Advantage Dir,Direct,28342,INF194KA1UH1,Debt,GOI Sec 6.68 07/07/2040,GOI Securities,SOV,3.37
Bandhan Balanced Advantage Dir,Direct,28342,INF194KA1UH1,Debt,Canara Bank CD 15/09/2026,Certificate of Deposit,A1+,2.21
Bandhan Balanced Advantage Dir,Direct,28342,INF194KA1UH1,Debt,Punjab National Bank CD 15/09/2026,Certificate of Deposit,A1+,2.21
Bandhan Balanced Advantage Dir,Direct,28342,INF194KA1UH1,Debt,HDFC Bank Ltd CD 06/11/2026,Certificate of Deposit,A1+,2.18
Bandhan Balanced Advantage Dir,Direct,28342,INF194KA1UH1,Equity,Reliance Ind,Energy & Utilities,21.14,4.38
Bandhan Balanced Advantage Dir,Direct,28342,INF194KA1UH1,Equity,Bharti Airtel,Technology,40.64,3.43
Bandhan Balanced Advantage Dir,Direct,28342,INF194KA1UH1,Equity,Bajaj Finance,Financial,28.93,3.29
Bandhan Balanced Advantage Dir,Direct,28342,INF194KA1UH1,Equity,HDFC Bank,Financial,15.15,3.17
Bandhan Balanced Advantage Dir,Direct,28342,INF194KA1UH1,Equity,ICICI Bank,Financial,17.14,3.16
Bandhan Conservative Hybrid Dir,Direct,16525,INF194K015B9,Debt,GOI Sec 7.30 19/06/2053,GOI Securities,SOV,7.93
Bandhan Conservative Hybrid Dir,Direct,16525,INF194K015B9,Debt,GOI Sec 6.68 07/07/2040,GOI Securities,SOV,7.25
Bandhan Conservative Hybrid Dir,Direct,16525,INF194K015B9,Debt,Rajasthan State SDL 8.57 11/07/2028,State Development Loan,SOV,5.28
Bandhan Conservative Hybrid Dir,Direct,16525,INF194K015B9,Debt,Godrej Industries Ltd SR II NCD 8.40 27/08/2027,Non Convertible Debenture,AA+,5.15
Bandhan Conservative Hybrid Dir,Direct,16525,INF194K015B9,Debt,REC Ltd SR 220-A NCD 7.77 31/03/2028,Non Convertible Debenture,AAA,5.15
Bandhan Conservative Hybrid Dir,Direct,16525,INF194K015B9,Equity,Bandhan IDFNIFTYET ETF,Unspecified,--,11.48
Bandhan Conservative Hybrid Dir,Direct,16525,INF194K015B9,Equity,Titan,Consumer Discretionary,70.73,2.47
Bandhan Conservative Hybrid Dir,Direct,16525,INF194K015B9,Equity,TVS Motor,Consumer Discretionary,52.76,2.15
Bandhan Conservative Hybrid Dir,Direct,16525,INF194K015B9,Equity,Tata Consultancy,Technology,15.83,1.79
Bandhan Conservative Hybrid Dir,Direct,16525,INF194K015B9,Equity,HDFC Bank,Financial,15.15,1.74
Bandhan Conservative Hybrid Passive FoF Dir,Direct,17859,INF194K016A9,Debt,Bandhan CRISIL IBX Gilt April 2028 Index Direct-G,Mutual Fund,--,36.98
Bandhan Conservative Hybrid Passive FoF Dir,Direct,17859,INF194K016A9,Debt,Bandhan CRISIL IBX 90:10 SDL Plus Gilt- April 2032 Index Direct-G,Mutual Fund,--,36.86
Bandhan Conservative Hybrid Passive FoF Dir,Direct,17859,INF194K016A9,Equity,Bandhan Nifty 50 Index Direct-G,Unspecified,--,23.43
Bandhan Equity Savings Dir,Direct,17857,INF194K01Z02,Debt,Bandhan Money Market Direct-G,Mutual Fund,--,7.15
Bandhan Equity Savings Dir,Direct,17857,INF194K01Z02,Debt,Indian Railway Finance Corporation Ltd SR 181 NCD 7.37 31/07/2029,Non Convertible Debenture,AAA,3.84
Bandhan Equity Savings Dir,Direct,17857,INF194K01Z02,Debt,National Bank For Agriculture & Rural Development SR 25G Bonds 7.48 15/09/2028,Bonds,AAA,2.56
Bandhan Equity Savings Dir,Direct,17857,INF194K01Z02,Debt,GOI GOI Sec 6.54 17/01/2032,GOI Securities,SOV,2.52
Bandhan Equity Savings Dir,Direct,17857,INF194K01Z02,Debt,GOI Sec 6.68 07/07/2040,GOI Securities,SOV,2.42
Bandhan Equity Savings Dir,Direct,17857,INF194K01Z02,Equity,HDFC Bank,Financial,15.15,4.34
Bandhan Equity Savings Dir,Direct,17857,INF194K01Z02,Equity,MCX,Financial,52.56,4.1
Bandhan Equity Savings Dir,Direct,17857,INF194K01Z02,Equity,Axis Bank,Financial,15.54,3.97
Bandhan Equity Savings Dir,Direct,17857,INF194K01Z02,Equity,Reliance Ind,Energy & Utilities,21.14,3.78
Bandhan Equity Savings Dir,Direct,17857,INF194K01Z02,Equity,Kotak Bank,Financial,19.98,3.66
Bandhan Flexi Cap Dir,Direct,16501,#N/A,Debt,--,--,--,--
Bandhan Flexi Cap Dir,Direct,16501,#N/A,Equity,HDFC Bank,Financial,15.26,8.16
Bandhan Flexi Cap Dir,Direct,16501,#N/A,Equity,ICICI Bank,Financial,17.15,7.02
Bandhan Flexi Cap Dir,Direct,16501,#N/A,Equity,Reliance Ind,Energy & Utilities,21.26,4.71
Bandhan Flexi Cap Dir,Direct,16501,#N/A,Equity,Kotak Bank,Financial,20.08,3.52
Bandhan Flexi Cap Dir,Direct,16501,#N/A,Equity,Axis Bank,Financial,15.54,3.44
Bandhan Focused Dir,Direct,16507,#N/A,Debt,--,--,--,--
Bandhan Focused Dir,Direct,16507,#N/A,Equity,LT Foods,Consumer Staples,20.79,8.32
Bandhan Focused Dir,Direct,16507,#N/A,Equity,Power Fin.,Financial,5.54,8.01
Bandhan Focused Dir,Direct,16507,#N/A,Equity,HDFC Bank,Financial,15.26,6.13
Bandhan Focused Dir,Direct,16507,#N/A,Equity,Cholamandalam Financial,Financial,11.02,5.15
Bandhan Focused Dir,Direct,16507,#N/A,Equity,SBI,Financial,11.16,4.87
Bandhan Gilt Dir,Direct,16715,#N/A,Debt,GOI Sec 6.68 07/07/2040,GOI Securities,SOV,55.94
Bandhan Gilt Dir,Direct,16715,#N/A,Debt,GOI Sec 6.90 15/04/2065,GOI Securities,SOV,42.38
Bandhan Gilt Dir,Direct,16715,#N/A,Equity,--,--,--,--
Bandhan Gilt Fund with 10 year Constant Duration Dir,Direct,16728,#N/A,Debt,GOI Sec 7.54 23/05/2036,GOI Securities,SOV,65.02
Bandhan Gilt Fund with 10 year Constant Duration Dir,Direct,16728,#N/A,Debt,GOI Sec 6.68 07/07/2040,GOI Securities,SOV,21.73
Bandhan Gilt Fund with 10 year Constant Duration Dir,Direct,16728,#N/A,Debt,GOI Sec 7.18 14/08/2033,GOI Securities,SOV,4.97
Bandhan Gilt Fund with 10 year Constant Duration Dir,Direct,16728,#N/A,Debt,GOI Sec 7.10 08/04/2034,GOI Securities,SOV,4.63
Bandhan Gilt Fund with 10 year Constant Duration Dir,Direct,16728,#N/A,Debt,GOI Sec 8.24 15/02/2027,GOI Securities,SOV,0.14
Bandhan Gilt Fund with 10 year Constant Duration Dir,Direct,16728,#N/A,Equity,--,--,--,--
Bandhan Nifty 500 Momentum 50 Index Dir,Direct,44630,#N/A,Debt,--,--,--,--
Bandhan Nifty 500 Momentum 50 Index Dir,Direct,44630,#N/A,Equity,Hindalco Ind,Materials,17.49,5.2
Bandhan Nifty 500 Momentum 50 Index Dir,Direct,44630,#N/A,Equity,Eicher Motors,Consumer Discretionary,36.12,4.81
Bandhan Nifty 500 Momentum 50 Index Dir,Direct,44630,#N/A,Equity,Shriram Finance,Financial,21.29,4.77
Bandhan Nifty 500 Momentum 50 Index Dir,Direct,44630,#N/A,Equity,Bajaj Finance,Financial,28.99,4.71
Bandhan Nifty 500 Momentum 50 Index Dir,Direct,44630,#N/A,Equity,Bharti Airtel,Technology,40.89,4.5
Bandhan Nifty Alpha 50 Index Dir,Direct,43864,#N/A,Debt,--,--,--,--
Bandhan Nifty Alpha 50 Index Dir,Direct,43864,#N/A,Equity,GE Vernova T&D,Industrials,102.04,5.01
Bandhan Nifty Alpha 50 Index Dir,Direct,43864,#N/A,Equity,Hindustan Copper,Materials,53.79,4.07
Bandhan Nifty Alpha 50 Index Dir,Direct,43864,#N/A,Equity,Hitachi Energy,Industrials,152.06,4.05
Bandhan Nifty Alpha 50 Index Dir,Direct,43864,#N/A,Equity,MCX,Financial,52.84,3.7
Bandhan Nifty Alpha 50 Index Dir,Direct,43864,#N/A,Equity,Aditya Birla,Financial,24.12,3.14
Bandhan Nifty Total Mkt Index Dir,Direct,44403,#N/A,Debt,--,--,--,--
Bandhan Nifty Total Mkt Index Dir,Direct,44403,#N/A,Equity,HDFC Bank,Financial,15.26,5.86
Bandhan Nifty Total Mkt Index Dir,Direct,44403,#N/A,Equity,Reliance Ind,Energy & Utilities,21.26,4.79
Bandhan Nifty Total Mkt Index Dir,Direct,44403,#N/A,Equity,ICICI Bank,Financial,17.15,4.48
Bandhan Nifty Total Mkt Index Dir,Direct,44403,#N/A,Equity,Bharti Airtel,Technology,40.89,2.87
Bandhan Nifty Total Mkt Index Dir,Direct,44403,#N/A,Equity,Larsen & Toubro,Industrials,33.67,2.34
Bandhan Retirement Dir,Direct,43791,INF194KB1GU2,Debt,GOI Sec 7.30 19/06/2053,GOI Securities,SOV,21.18
Bandhan Retirement Dir,Direct,43791,INF194KB1GU2,Equity,Reliance Ind,Energy & Utilities,21.26,5.66
Bandhan Retirement Dir,Direct,43791,INF194KB1GU2,Equity,Bharti Airtel,Technology,40.89,5.65
Bandhan Retirement Dir,Direct,43791,INF194KB1GU2,Equity,HDFC Bank,Financial,15.26,4.44
Bandhan Retirement Dir,Direct,43791,INF194KB1GU2,Equity,ICICI Bank,Financial,17.15,4.15
Bandhan Retirement Dir,Direct,43791,INF194KB1GU2,Equity,Larsen & Toubro,Industrials,33.67,3.76
Bank of India Arbitrage Dir,Direct,36392,INF761K01ED3,Debt,Bank of India Liquid Direct-G,Mutual Fund,--,13.52
Bank of India Arbitrage Dir,Direct,36392,INF761K01ED3,Debt,Reserve Bank of India T-Bills 364-D 08/10/2026,Treasury Bills,SOV,2.17
Bank of India Arbitrage Dir,Direct,36392,INF761K01ED3,Debt,Reserve Bank of India T-Bills 364-D 14/05/2026,Treasury Bills,SOV,2
Bank of India Arbitrage Dir,Direct,36392,INF761K01ED3,Debt,Reserve Bank of India T-Bills 364-D 10/09/2026,Treasury Bills,SOV,1.09
Bank of India Arbitrage Dir,Direct,36392,INF761K01ED3,Debt,Reserve Bank of India T-Bills 182-D 22/10/2026,Treasury Bills,SOV,1.09
Bank of India Arbitrage Dir,Direct,36392,INF761K01ED3,Equity,JSW Steel,Materials,13.96,6.46
Bank of India Arbitrage Dir,Direct,36392,INF761K01ED3,Equity,ITC,Consumer Staples,17.2,5.05
Bank of India Arbitrage Dir,Direct,36392,INF761K01ED3,Equity,Sammaan Capital,Financial,--,4.29
Bank of India Arbitrage Dir,Direct,36392,INF761K01ED3,Equity,JIO Financial,Financial,97.68,4
Bank of India Arbitrage Dir,Direct,36392,INF761K01ED3,Equity,UPL,Materials,26.93,3.49
Bank of India Balanced Advantage Dir,Direct,24756,INF761K01BO6,Debt,Irb Invit Fund,Infrastructure Investment Trust,--,3.81
Bank of India Balanced Advantage Dir,Direct,24756,INF761K01BO6,Debt,National Bank For Agriculture & Rural Development SR F24 Debenture 7.68 30/04/2029,Debenture,AAA,3.27
Bank of India Balanced Advantage Dir,Direct,24756,INF761K01BO6,Debt,Small Industries Devp. Bank of India Ltd SR II Bonds/NCD 7.47 05/09/2029,Bonds/NCDs,AAA,3.25
Bank of India Balanced Advantage Dir,Direct,24756,INF761K01BO6,Debt,Reserve Bank of India T-Bills 364-D 11/06/2026,Treasury Bills,SOV,2.89
Bank of India Balanced Advantage Dir,Direct,24756,INF761K01BO6,Debt,Indian Railway Finance Corporation Ltd SR 181 NCD 7.37 31/07/2029,Non Convertible Debenture,AAA,2.61
Bank of India Balanced Advantage Dir,Direct,24756,INF761K01BO6,Equity,Reliance Ind,Energy & Utilities,21.14,4.93
Bank of India Balanced Advantage Dir,Direct,24756,INF761K01BO6,Equity,ICICI Bank,Financial,17.14,3.81
Bank of India Balanced Advantage Dir,Direct,24756,INF761K01BO6,Equity,HDFC Bank,Financial,15.15,3.05
Bank of India Balanced Advantage Dir,Direct,24756,INF761K01BO6,Equity,Bharti Airtel,Technology,40.64,2.53
Bank of India Balanced Advantage Dir,Direct,24756,INF761K01BO6,Equity,SBI,Financial,11.13,2.31
Bank of India Conservative Hybrid Dir,Direct,17549,INF761K01819,Debt,GOI GOI Sec 7.10 18/04/2029,GOI Securities,SOV,7.91
Bank of India Conservative Hybrid Dir,Direct,17549,INF761K01819,Debt,Indian Railway Finance Corporation Ltd SR 175 NCD 7.57 18/04/2029,Non Convertible Debenture,AAA,7.77
Bank of India Conservative Hybrid Dir,Direct,17549,INF761K01819,Debt,National Bank For Agriculture & Rural Development SR F24 Debenture 7.68 30/04/2029,Debenture,AAA,7.77
Bank of India Conservative Hybrid Dir,Direct,17549,INF761K01819,Debt,GOI Sec 6.48 06/10/2035,GOI Securities,SOV,4.91
Bank of India Conservative Hybrid Dir,Direct,17549,INF761K01819,Debt,GOI Sec 6.94 11/05/2036,GOI Securities,SOV,4.67
Bank of India Conservative Hybrid Dir,Direct,17549,INF761K01819,Equity,Glenmark Pharmaceuticals,Healthcare,44.55,2.48
Bank of India Conservative Hybrid Dir,Direct,17549,INF761K01819,Equity,Power Fin.,Financial,5.51,1.6
Bank of India Conservative Hybrid Dir,Direct,17549,INF761K01819,Equity,NTPC,Energy & Utilities,12.62,1.36
Bank of India Conservative Hybrid Dir,Direct,17549,INF761K01819,Equity,Ambuja Cements,Materials,21.64,1.12
Bank of India Conservative Hybrid Dir,Direct,17549,INF761K01819,Equity,SBI,Financial,11.13,1.09
Bank of India Flexi Cap Dir,Direct,41018,#N/A,Debt,--,--,--,--
Bank of India Flexi Cap Dir,Direct,41018,#N/A,Equity,SBI,Financial,11.16,4.44
Bank of India Flexi Cap Dir,Direct,41018,#N/A,Equity,Quality Power Electrical Equipments,Industrials,73.77,3.68
Bank of India Flexi Cap Dir,Direct,41018,#N/A,Equity,Lloyds Metals,Materials,25.71,3.63
Bank of India Flexi Cap Dir,Direct,41018,#N/A,Equity,Hindustan Aero,Industrials,31.33,3.34
Bank of India Flexi Cap Dir,Direct,41018,#N/A,Equity,Sky Gold And Diamonds,Consumer Discretionary,28.38,2.91
Bank of India Mid & Small Cap Eqt & Debt Dir,Direct,32609,INF761K01DM6,Debt,Union Bank of India CD 24/07/2026,Certificate of Deposit,A1+,1.66
Bank of India Mid & Small Cap Eqt & Debt Dir,Direct,32609,INF761K01DM6,Debt,Indian Railway Finance Corporation Ltd SR 175 NCD 7.57 18/04/2029,Non Convertible Debenture,AAA,1.35
Bank of India Mid & Small Cap Eqt & Debt Dir,Direct,32609,INF761K01DM6,Debt,National Bank For Agriculture & Rural Development SR Bonds 7.40 25-D 29/04/2030,Bonds,AAA,1.34
Bank of India Mid & Small Cap Eqt & Debt Dir,Direct,32609,INF761K01DM6,Debt,Small Industries Devp. Bank of India Ltd SR II Bonds/NCD 7.47 05/09/2029,Bonds/NCDs,AAA,1.21
Bank of India Mid & Small Cap Eqt & Debt Dir,Direct,32609,INF761K01DM6,Debt,GOI GOI Sec 7.10 18/04/2029,GOI Securities,SOV,1.13
Bank of India Mid & Small Cap Eqt & Debt Dir,Direct,32609,INF761K01DM6,Equity,Lloyds Metals,Materials,25.71,2.64
Bank of India Mid & Small Cap Eqt & Debt Dir,Direct,32609,INF761K01DM6,Equity,Abbott India,Healthcare,36,2.58
Bank of India Mid & Small Cap Eqt & Debt Dir,Direct,32609,INF761K01DM6,Equity,UNO Minda,Consumer Discretionary,52.53,2.49
Bank of India Mid & Small Cap Eqt & Debt Dir,Direct,32609,INF761K01DM6,Equity,Glenmark Pharmaceuticals,Healthcare,44.9,2.44
Bank of India Mid & Small Cap Eqt & Debt Dir,Direct,32609,INF761K01DM6,Equity,Indian Bank,Financial,9.66,2.33
Baroda BNP Paribas Aggressive Hybrid Dir,Direct,33836,INF251K01OZ7,Debt,Piramal Finance Ltd Debenture 6.75 26/09/2031,Debenture,AA+,1.34
Baroda BNP Paribas Aggressive Hybrid Dir,Direct,33836,INF251K01OZ7,Debt,Indostar Capital Finance Ltd SR I Debenture 10.50 25/09/2026,Debenture,AA-,1.22
Baroda BNP Paribas Aggressive Hybrid Dir,Direct,33836,INF251K01OZ7,Debt,Export-Import Bank Of India SR AA02 Bonds 7.35 27/07/2028,Bonds,AAA,1.21
Baroda BNP Paribas Aggressive Hybrid Dir,Direct,33836,INF251K01OZ7,Debt,National Housing Bank Debenture 7.59 14/07/2027,Debenture,AAA,1.21
Baroda BNP Paribas Aggressive Hybrid Dir,Direct,33836,INF251K01OZ7,Debt,Power Finance Corporation Ltd SR 246A Bonds 7.42 15/04/2028,Bonds,AAA,1.05
Baroda BNP Paribas Aggressive Hybrid Dir,Direct,33836,INF251K01OZ7,Equity,HDFC Bank,Financial,15.26,4.93
Baroda BNP Paribas Aggressive Hybrid Dir,Direct,33836,INF251K01OZ7,Equity,Hitachi Energy,Industrials,152.06,4.92
Baroda BNP Paribas Aggressive Hybrid Dir,Direct,33836,INF251K01OZ7,Equity,Reliance Ind,Energy & Utilities,21.26,4.68
Baroda BNP Paribas Aggressive Hybrid Dir,Direct,33836,INF251K01OZ7,Equity,ICICI Bank,Financial,17.15,4.59
Baroda BNP Paribas Aggressive Hybrid Dir,Direct,33836,INF251K01OZ7,Equity,Larsen & Toubro,Industrials,33.67,4.08
Baroda BNP Paribas Arbitrage Dir,Direct,33244,INF251K01OT0,Debt,Baroda BNP Paribas Liquid Direct-G,Mutual Fund,--,12.68
Baroda BNP Paribas Arbitrage Dir,Direct,33244,INF251K01OT0,Debt,Baroda BNP Paribas Money Market Direct-G,Mutual Fund,--,11.85
Baroda BNP Paribas Arbitrage Dir,Direct,33244,INF251K01OT0,Debt,Baroda BNP Paribas Ultra Short Duration Direct-G,Mutual Fund,--,2.12
Baroda BNP Paribas Arbitrage Dir,Direct,33244,INF251K01OT0,Equity,HDFC Bank,Financial,15.15,5.86
Baroda BNP Paribas Arbitrage Dir,Direct,33244,INF251K01OT0,Equity,Vodafone Idea,Technology,4.33,3.81
Baroda BNP Paribas Arbitrage Dir,Direct,33244,INF251K01OT0,Equity,ICICI Bank,Financial,17.14,3.56
Baroda BNP Paribas Arbitrage Dir,Direct,33244,INF251K01OT0,Equity,Adani Energy,Energy & Utilities,81.1,3.47
Baroda BNP Paribas Arbitrage Dir,Direct,33244,INF251K01OT0,Equity,Bandhan Bank,Financial,26.36,3.34
Baroda BNP Paribas Balanced Advantage Dir,Direct,38113,INF955L01HF7,Debt,Piramal Finance Ltd Debenture 6.75 26/09/2031,Debenture,AA+,1.22
Baroda BNP Paribas Balanced Advantage Dir,Direct,38113,INF955L01HF7,Debt,NHIT,Infrastructure Investment Trust,--,1.21
Baroda BNP Paribas Balanced Advantage Dir,Direct,38113,INF955L01HF7,Debt,IndiGrid Infrastructure Trust,Infrastructure Investment Trust,--,1.19
Baroda BNP Paribas Balanced Advantage Dir,Direct,38113,INF955L01HF7,Debt,GOI Sec 7.18 14/08/2033,GOI Securities,SOV,1.13
Baroda BNP Paribas Balanced Advantage Dir,Direct,38113,INF955L01HF7,Debt,NXT-Infra Trust InvITs,Infrastructure Investment Trust,--,1.01
Baroda BNP Paribas Balanced Advantage Dir,Direct,38113,INF955L01HF7,Equity,HDFC Bank,Financial,15.15,3.36
Baroda BNP Paribas Balanced Advantage Dir,Direct,38113,INF955L01HF7,Equity,Reliance Ind,Energy & Utilities,21.14,3.25
Baroda BNP Paribas Balanced Advantage Dir,Direct,38113,INF955L01HF7,Equity,Bharat Heavy Elect,Industrials,82.39,2.56
Baroda BNP Paribas Balanced Advantage Dir,Direct,38113,INF955L01HF7,Equity,Bharti Airtel,Technology,40.64,2.53
Baroda BNP Paribas Balanced Advantage Dir,Direct,38113,INF955L01HF7,Equity,Larsen & Toubro,Industrials,33.53,2.51
Baroda BNP Paribas Children's Dir,Direct,44780,#N/A,Debt,--,--,--,--
Baroda BNP Paribas Children's Dir,Direct,44780,#N/A,Equity,HDFC Bank,Financial,15.26,4.97
Baroda BNP Paribas Children's Dir,Direct,44780,#N/A,Equity,Reliance Ind,Energy & Utilities,21.26,3.93
Baroda BNP Paribas Children's Dir,Direct,44780,#N/A,Equity,Bharti Airtel,Technology,40.89,3.7
Baroda BNP Paribas Children's Dir,Direct,44780,#N/A,Equity,Bharat Heavy Elect,Industrials,82.84,3.42
Baroda BNP Paribas Children's Dir,Direct,44780,#N/A,Equity,ICICI Bank,Financial,17.15,3.37
Baroda BNP Paribas Conservative Hybrid Dir,Direct,15728,INF251K01HR8,Debt,GOI Sec 6.68 07/07/2040,GOI Securities,SOV,6.05
Baroda BNP Paribas Conservative Hybrid Dir,Direct,15728,INF251K01HR8,Debt,Reliance Industries Ltd SERIES H Debenture 8.95 09/11/2028,Debenture,AAA,5.06
Baroda BNP Paribas Conservative Hybrid Dir,Direct,15728,INF251K01HR8,Debt,Jamnagar Utilities and Power Pvt. Ltd SR PPD7 Debenture 7.90 10/08/2028,Debenture,AAA,3.2
Baroda BNP Paribas Conservative Hybrid Dir,Direct,15728,INF251K01HR8,Debt,Small Industries Devp. Bank of India Ltd SR IX Debenture 7.68 10/08/2027,Debenture,AAA,2.67
Baroda BNP Paribas Conservative Hybrid Dir,Direct,15728,INF251K01HR8,Debt,National Bank For Agriculture & Rural Development SR 25G Bonds 7.48 15/09/2028,Bonds,AAA,2.65
Baroda BNP Paribas Conservative Hybrid Dir,Direct,15728,INF251K01HR8,Equity,SBI,Financial,11.13,0.93
Baroda BNP Paribas Conservative Hybrid Dir,Direct,15728,INF251K01HR8,Equity,Reliance Ind,Energy & Utilities,21.14,0.93
Baroda BNP Paribas Conservative Hybrid Dir,Direct,15728,INF251K01HR8,Equity,Axis Bank,Financial,15.54,0.72
Baroda BNP Paribas Conservative Hybrid Dir,Direct,15728,INF251K01HR8,Equity,Larsen & Toubro,Industrials,33.53,0.7
Baroda BNP Paribas Conservative Hybrid Dir,Direct,15728,INF251K01HR8,Equity,Bharat Heavy Elect,Industrials,82.39,0.67
Baroda BNP Paribas Equity Svngs Dir,Direct,40120,INF955L01IL3,Debt,GOI Sec 7.32 13/11/2030,GOI Securities,SOV,3.73
Baroda BNP Paribas Equity Svngs Dir,Direct,40120,INF955L01IL3,Debt,GOI Sec 7.18 14/08/2033,GOI Securities,SOV,3.31
Baroda BNP Paribas Equity Svngs Dir,Direct,40120,INF955L01IL3,Debt,Shriram Finance Ltd SR PPD OP 1 Debenture 8.70 09/04/2028,Debenture,AAA,2.57
Baroda BNP Paribas Equity Svngs Dir,Direct,40120,INF955L01IL3,Debt,Power Finance Corporation Ltd SR 258A Debenture 6.92 16/02/2028,Debenture,AAA,2.52
Baroda BNP Paribas Equity Svngs Dir,Direct,40120,INF955L01IL3,Debt,Small Industries Devp. Bank of India Ltd SR V Debenture 7.22 10/04/2029,Debenture,AAA,2.51
Baroda BNP Paribas Equity Svngs Dir,Direct,40120,INF955L01IL3,Equity,SBI,Financial,11.13,3.66
Baroda BNP Paribas Equity Svngs Dir,Direct,40120,INF955L01IL3,Equity,Bharti Airtel,Technology,40.64,3.54
Baroda BNP Paribas Equity Svngs Dir,Direct,40120,INF955L01IL3,Equity,Reliance Ind,Energy & Utilities,21.14,3.32
Baroda BNP Paribas Equity Svngs Dir,Direct,40120,INF955L01IL3,Equity,ICICI Bank,Financial,17.14,3.14
Baroda BNP Paribas Equity Svngs Dir,Direct,40120,INF955L01IL3,Equity,Larsen & Toubro,Industrials,33.53,2.67
Baroda BNP Paribas Flexi Cap Dir,Direct,42312,#N/A,Debt,--,--,--,--
Baroda BNP Paribas Flexi Cap Dir,Direct,42312,#N/A,Equity,HDFC Bank,Financial,15.26,4.34
Baroda BNP Paribas Flexi Cap Dir,Direct,42312,#N/A,Equity,Bharti Airtel,Technology,40.89,3.54
Baroda BNP Paribas Flexi Cap Dir,Direct,42312,#N/A,Equity,Cummins India,Industrials,66.22,3.51
Baroda BNP Paribas Flexi Cap Dir,Direct,42312,#N/A,Equity,The Federal Bank,Financial,17.76,3.47
Baroda BNP Paribas Flexi Cap Dir,Direct,42312,#N/A,Equity,Hindalco Ind,Materials,17.49,3.46
Baroda BNP Paribas Focused Dir,Direct,34653,#N/A,Debt,--,--,--,--
Baroda BNP Paribas Focused Dir,Direct,34653,#N/A,Equity,Bharti Airtel,Technology,40.89,9.36
Baroda BNP Paribas Focused Dir,Direct,34653,#N/A,Equity,Axis Bank,Financial,15.54,5.81
Baroda BNP Paribas Focused Dir,Direct,34653,#N/A,Equity,IndusInd Bank,Financial,78.55,5.24
Baroda BNP Paribas Focused Dir,Direct,34653,#N/A,Equity,MCX,Financial,52.84,4.99
Baroda BNP Paribas Focused Dir,Direct,34653,#N/A,Equity,NHPC,Energy & Utilities,19.55,4.44
Baroda BNP Paribas Gilt Dir,Direct,15706,#N/A,Debt,GOI Sec 7.24 18/08/2055,GOI Securities,SOV,18.85
Baroda BNP Paribas Gilt Dir,Direct,15706,#N/A,Debt,GOI Sec 6.36 16/02/2031,GOI Securities,SOV,12.73
Baroda BNP Paribas Gilt Dir,Direct,15706,#N/A,Debt,GOI Sec 6.90 15/04/2065,GOI Securities,SOV,11.16
Baroda BNP Paribas Gilt Dir,Direct,15706,#N/A,Debt,Maharashtra State SDL 6.91 15/09/2033,State Development Loan,SOV,8.31
Baroda BNP Paribas Gilt Dir,Direct,15706,#N/A,Debt,GOI Sec 6.68 07/07/2040,GOI Securities,SOV,7.89
Baroda BNP Paribas Gilt Dir,Direct,15706,#N/A,Equity,--,--,--,--
Baroda BNP Paribas Retirement Dir,Direct,44295,INF251K01TJ0,Debt,GOI Sec 6.90 15/04/2065,GOI Securities,SOV,16.24
Baroda BNP Paribas Retirement Dir,Direct,44295,INF251K01TJ0,Debt,GOI Sec 7.34 22/04/2064,GOI Securities,SOV,4.03
Baroda BNP Paribas Retirement Dir,Direct,44295,INF251K01TJ0,Debt,Jamnagar Utilities and Power Pvt. Ltd SR PPD7 Debenture 7.90 10/08/2028,Debenture,AAA,1.3
Baroda BNP Paribas Retirement Dir,Direct,44295,INF251K01TJ0,Debt,GOI Sec 6.79 07/10/2034,GOI Securities,SOV,1.28
Baroda BNP Paribas Retirement Dir,Direct,44295,INF251K01TJ0,Debt,Piramal Finance Ltd Debenture 6.75 26/09/2031,Debenture,AA+,1.09
Baroda BNP Paribas Retirement Dir,Direct,44295,INF251K01TJ0,Equity,HDFC Bank,Financial,15.26,4.41
Baroda BNP Paribas Retirement Dir,Direct,44295,INF251K01TJ0,Equity,ICICI Bank,Financial,17.15,3.45
Baroda BNP Paribas Retirement Dir,Direct,44295,INF251K01TJ0,Equity,Reliance Ind,Energy & Utilities,21.26,3.04
Baroda BNP Paribas Retirement Dir,Direct,44295,INF251K01TJ0,Equity,Larsen & Toubro,Industrials,33.67,2.48
Baroda BNP Paribas Retirement Dir,Direct,44295,INF251K01TJ0,Equity,Bharat Heavy Elect,Industrials,82.84,2.29
Canara Robeco Balanced Advantage Dir,Direct,44370,INF760K01LD0,Debt,REC Ltd SR 234-A Debenture 7.70 31/08/2026,Debenture,AAA,2.2
Canara Robeco Balanced Advantage Dir,Direct,44370,INF760K01LD0,Debt,Bajaj Finance Ltd Debenture 8.10 08/01/2027,Debenture,AAA,2.2
Canara Robeco Balanced Advantage Dir,Direct,44370,INF760K01LD0,Debt,LIC Housing Finance Ltd Debenture 7.74 22/10/2027,Debenture,AAA,2.19
Canara Robeco Balanced Advantage Dir,Direct,44370,INF760K01LD0,Debt,Kotak Mahindra Prime Ltd Debenture 7.745 19/11/2027,Debenture,AAA,2.19
Canara Robeco Balanced Advantage Dir,Direct,44370,INF760K01LD0,Debt,LIC Housing Finance Ltd Debenture 7.61 29/08/2034,Debenture,AAA,2.16
Canara Robeco Balanced Advantage Dir,Direct,44370,INF760K01LD0,Equity,HDFC Bank,Financial,15.15,6.79
Canara Robeco Balanced Advantage Dir,Direct,44370,INF760K01LD0,Equity,Reliance Ind,Energy & Utilities,21.14,5.23
Canara Robeco Balanced Advantage Dir,Direct,44370,INF760K01LD0,Equity,ICICI Bank,Financial,17.14,4.32
Canara Robeco Balanced Advantage Dir,Direct,44370,INF760K01LD0,Equity,Larsen & Toubro,Industrials,33.53,3.72
Canara Robeco Balanced Advantage Dir,Direct,44370,INF760K01LD0,Equity,Bharti Airtel,Technology,40.64,3.16
Canara Robeco Conservative Hybrid Dir,Direct,15770,INF760K01GB4,Debt,GOI GOI FRB 22/09/2033,GOI Securities Floating Rate Bond,SOV,4.26
Canara Robeco Conservative Hybrid Dir,Direct,15770,INF760K01GB4,Debt,GOI Sec 4.45 30/10/2034,GOI Securities,SOV,4.21
Canara Robeco Conservative Hybrid Dir,Direct,15770,INF760K01GB4,Debt,REC Ltd SR 221 Debenture 7.51 31/07/2026,Debenture,AAA,4.1
Canara Robeco Conservative Hybrid Dir,Direct,15770,INF760K01GB4,Debt,Bajaj Housing Finance Ltd NCD 7.02 26/05/2028,Non Convertible Debenture,AAA,3.45
Canara Robeco Conservative Hybrid Dir,Direct,15770,INF760K01GB4,Debt,HDFC Bank Ltd SR U005 9 Debenture 29/11/2028,Debenture,AAA,3
Canara Robeco Conservative Hybrid Dir,Direct,15770,INF760K01GB4,Equity,ICICI Bank,Financial,17.14,1.79
Canara Robeco Conservative Hybrid Dir,Direct,15770,INF760K01GB4,Equity,HDFC Bank,Financial,15.15,1.66
Canara Robeco Conservative Hybrid Dir,Direct,15770,INF760K01GB4,Equity,Bajaj Finance,Financial,28.93,1.27
Canara Robeco Conservative Hybrid Dir,Direct,15770,INF760K01GB4,Equity,JB Chemicals,Healthcare,49.98,1.14
Canara Robeco Conservative Hybrid Dir,Direct,15770,INF760K01GB4,Equity,Global Health,Healthcare,58.9,0.88
Canara Robeco Equity Hybrid Dir,Direct,16384,INF760K01EZ8,Debt,GOI Sec 4.45 30/10/2034,GOI Securities,SOV,1.21
Canara Robeco Equity Hybrid Dir,Direct,16384,INF760K01EZ8,Debt,Small Industries Devp. Bank of India Ltd SR VI Debenture 7.79 14/05/2027,Debenture,AAA,0.91
Canara Robeco Equity Hybrid Dir,Direct,16384,INF760K01EZ8,Debt,GOI GOI FRB 22/09/2033,GOI Securities Floating Rate Bond,SOV,0.71
Canara Robeco Equity Hybrid Dir,Direct,16384,INF760K01EZ8,Debt,Small Industries Devp. Bank of India Ltd SR III NCD 7.55 22/09/2026,Non Convertible Debenture,AAA,0.68
Canara Robeco Equity Hybrid Dir,Direct,16384,INF760K01EZ8,Debt,National Bank For Agriculture & Rural Development SR 23H Debenture 7.58 31/07/2026,Debenture,AAA,0.64
Canara Robeco Equity Hybrid Dir,Direct,16384,INF760K01EZ8,Equity,HDFC Bank,Financial,15.26,4.93
Canara Robeco Equity Hybrid Dir,Direct,16384,INF760K01EZ8,Equity,ICICI Bank,Financial,17.15,4.21
Canara Robeco Equity Hybrid Dir,Direct,16384,INF760K01EZ8,Equity,SBI,Financial,11.16,2.81
Canara Robeco Equity Hybrid Dir,Direct,16384,INF760K01EZ8,Equity,Reliance Ind,Energy & Utilities,21.26,2.79
Canara Robeco Equity Hybrid Dir,Direct,16384,INF760K01EZ8,Equity,Infosys,Technology,15.85,2.57
Canara Robeco Flexi Cap Dir,Direct,16588,#N/A,Debt,--,--,--,--
Canara Robeco Flexi Cap Dir,Direct,16588,#N/A,Equity,HDFC Bank,Financial,15.26,6.89
Canara Robeco Flexi Cap Dir,Direct,16588,#N/A,Equity,ICICI Bank,Financial,17.15,6.18
Canara Robeco Flexi Cap Dir,Direct,16588,#N/A,Equity,Reliance Ind,Energy & Utilities,21.26,4.04
Canara Robeco Flexi Cap Dir,Direct,16588,#N/A,Equity,Bharti Airtel,Technology,40.89,3.71
Canara Robeco Flexi Cap Dir,Direct,16588,#N/A,Equity,SBI,Financial,11.16,3.49
Canara Robeco Focused Dir,Direct,41458,#N/A,Debt,--,--,--,--
Canara Robeco Focused Dir,Direct,41458,#N/A,Equity,ICICI Bank,Financial,17.15,8.38
Canara Robeco Focused Dir,Direct,41458,#N/A,Equity,HDFC Bank,Financial,15.26,6.57
Canara Robeco Focused Dir,Direct,41458,#N/A,Equity,Reliance Ind,Energy & Utilities,21.26,5.09
Canara Robeco Focused Dir,Direct,41458,#N/A,Equity,Larsen & Toubro,Industrials,33.67,4.3
Canara Robeco Focused Dir,Direct,41458,#N/A,Equity,Bharti Airtel,Technology,40.89,4.2
Canara Robeco Gilt Dir,Direct,15745,#N/A,Debt,GOI Sec 6.48 06/10/2035,GOI Securities,SOV,42.91
Canara Robeco Gilt Dir,Direct,15745,#N/A,Debt,GOI GOI FRB 22/09/2033,GOI Securities Floating Rate Bond,SOV,21.02
Canara Robeco Gilt Dir,Direct,15745,#N/A,Debt,Maharashtra State SDL 7.18 28/06/2029,State Development Loan,SOV,20.16
Canara Robeco Gilt Dir,Direct,15745,#N/A,Debt,GOI Sec 7.38 20/06/2027,GOI Securities,SOV,2.05
Canara Robeco Gilt Dir,Direct,15745,#N/A,Debt,Tamilnadu State SDL 6.64 11/03/2029,State Development Loan,SOV,1.88
Canara Robeco Gilt Dir,Direct,15745,#N/A,Equity,--,--,--,--
Capitalmind Arbitrage Dir,Direct,45859,INF226401117,Debt,Capitalmind Liquid Direct-G,Mutual Fund,--,11.46
Capitalmind Arbitrage Dir,Direct,45859,INF226401117,Debt,Reserve Bank of India T-Bills 364-D 25/12/2026,Treasury Bills,SOV,0.83
Capitalmind Arbitrage Dir,Direct,45859,INF226401117,Equity,Larsen & Toubro,Industrials,33.53,4.4
Capitalmind Arbitrage Dir,Direct,45859,INF226401117,Equity,Bharti Airtel,Technology,40.64,4.09
Capitalmind Arbitrage Dir,Direct,45859,INF226401117,Equity,Manappuram Finance,Financial,26.98,4.03
Capitalmind Arbitrage Dir,Direct,45859,INF226401117,Equity,HDFC Bank,Financial,15.15,3.63
Capitalmind Arbitrage Dir,Direct,45859,INF226401117,Equity,NMDC,Materials,10.41,2.78
Capitalmind Flexi Cap Dir,Direct,45313,#N/A,Debt,--,--,--,--
Capitalmind Flexi Cap Dir,Direct,45313,#N/A,Equity,The Federal Bank,Financial,17.76,3.51
Capitalmind Flexi Cap Dir,Direct,45313,#N/A,Equity,Hindalco Ind,Materials,17.49,3.45
Capitalmind Flexi Cap Dir,Direct,45313,#N/A,Equity,Coal India,Materials,9.05,3.17
Capitalmind Flexi Cap Dir,Direct,45313,#N/A,Equity,National Aluminium,Materials,11.98,3.15
Capitalmind Flexi Cap Dir,Direct,45313,#N/A,Equity,Great Eastern Ship,Energy & Utilities,6.73,3.14
DSP 10Y G-Sec Dir,Direct,28175,#N/A,Debt,GOI Sec 6.48 06/10/2035,GOI Securities,SOV,99.09
DSP 10Y G-Sec Dir,Direct,28175,#N/A,Equity,--,--,--,--
DSP Aggressive Hybrid Dir,Direct,15793,INF740K01NY4,Debt,--,--,--,--
DSP Aggressive Hybrid Dir,Direct,15793,INF740K01NY4,Equity,--,--,--,--
DSP Arbitrage Dir,Direct,35111,INF740KA1DN4,Debt,DSP Savings Direct-G,Mutual Fund,--,10.98
DSP Arbitrage Dir,Direct,35111,INF740KA1DN4,Debt,Canara Bank CD 12/01/2027,Certificate of Deposit,A1+,2.19
DSP Arbitrage Dir,Direct,35111,INF740KA1DN4,Debt,Reserve Bank of India T-Bills 364-D 04/03/2027,Treasury Bills,SOV,1.83
DSP Arbitrage Dir,Direct,35111,INF740KA1DN4,Debt,Bajaj Housing Finance Ltd NCD 7.14 26/02/2027,Non Convertible Debenture,AAA,1.16
DSP Arbitrage Dir,Direct,35111,INF740KA1DN4,Debt,Cholamandalam Investment & Finance Company Ltd SR 653 Debenture 7.38 28/05/2027,Debenture,AA+,0.81
DSP Arbitrage Dir,Direct,35111,INF740KA1DN4,Equity,--,--,--,--
DSP Dynamic Asset Allocation Dir,Direct,23438,INF740K01K81,Debt,GOI Sec 7.32 13/11/2030,GOI Securities,SOV,3.03
DSP Dynamic Asset Allocation Dir,Direct,23438,INF740K01K81,Debt,GOI Sec 7.06 10/04/2028,GOI Securities,SOV,1.67
DSP Dynamic Asset Allocation Dir,Direct,23438,INF740K01K81,Debt,National Bank For Agriculture & Rural Development SR 25G Bonds 7.48 15/09/2028,Bonds,AAA,1.42
DSP Dynamic Asset Allocation Dir,Direct,23438,INF740K01K81,Debt,GOI Sec 7.17 17/04/2030,GOI Securities,SOV,1.4
DSP Dynamic Asset Allocation Dir,Direct,23438,INF740K01K81,Debt,REC Ltd SR 220-A NCD 7.77 31/03/2028,Non Convertible Debenture,AAA,1.38
DSP Dynamic Asset Allocation Dir,Direct,23438,INF740K01K81,Equity,ICICI Bank,Financial,17.15,5.42
DSP Dynamic Asset Allocation Dir,Direct,23438,INF740K01K81,Equity,HDFC Bank,Financial,15.26,4.97
DSP Dynamic Asset Allocation Dir,Direct,23438,INF740K01K81,Equity,Axis Bank,Financial,15.54,3.03
DSP Dynamic Asset Allocation Dir,Direct,23438,INF740K01K81,Equity,Mahindra & Mahindra,Consumer Discretionary,21.69,1.88
DSP Dynamic Asset Allocation Dir,Direct,23438,INF740K01K81,Equity,Bharti Airtel,Technology,40.89,1.66
DSP Equity Savings Dir,Direct,32141,INF740KA1504,Debt,GOI GOI FRB 22/09/2033,GOI Securities Floating Rate Bond,SOV,2.51
DSP Equity Savings Dir,Direct,32141,INF740KA1504,Debt,GOI Sec 7.38 20/06/2027,GOI Securities,SOV,1.91
DSP Equity Savings Dir,Direct,32141,INF740KA1504,Debt,Bajaj Finance Ltd Debenture 7.11 10/07/2028,Debenture,AAA,1.47
DSP Equity Savings Dir,Direct,32141,INF740KA1504,Debt,Bharti Telecom Ltd SR XXVI Debenture 7.45 15/12/2028,Debenture,AAA,1.43
DSP Equity Savings Dir,Direct,32141,INF740KA1504,Debt,Power Finance Corporation Ltd SR 248B Bonds 7.45,Bonds,AAA,1.42
DSP Equity Savings Dir,Direct,32141,INF740KA1504,Equity,HDFC Bank,Financial,15.15,4.77
DSP Equity Savings Dir,Direct,32141,INF740KA1504,Equity,ICICI Bank,Financial,17.14,3.01
DSP Equity Savings Dir,Direct,32141,INF740KA1504,Equity,Mahindra & Mahindra,Consumer Discretionary,21.56,2.49
DSP Equity Savings Dir,Direct,32141,INF740KA1504,Equity,ITC,Consumer Staples,17.2,2.32
DSP Equity Savings Dir,Direct,32141,INF740KA1504,Equity,Cipla,Healthcare,28.74,2.07
DSP Flexi Cap Dir,Direct,16386,#N/A,Debt,--,--,--,--
DSP Flexi Cap Dir,Direct,16386,#N/A,Equity,ICICI Bank,Financial,17.15,8.26
DSP Flexi Cap Dir,Direct,16386,#N/A,Equity,HDFC Bank,Financial,15.26,7.88
DSP Flexi Cap Dir,Direct,16386,#N/A,Equity,Axis Bank,Financial,15.54,5.05
DSP Flexi Cap Dir,Direct,16386,#N/A,Equity,SBI,Financial,11.16,3.81
DSP Flexi Cap Dir,Direct,16386,#N/A,Equity,Cholamandalam Inv,Financial,24.24,3.13
DSP Focused Dir,Direct,16388,#N/A,Debt,--,--,--,--
DSP Focused Dir,Direct,16388,#N/A,Equity,ICICI Bank,Financial,17.15,8.71
DSP Focused Dir,Direct,16388,#N/A,Equity,HDFC Bank,Financial,15.26,8.31
DSP Focused Dir,Direct,16388,#N/A,Equity,Axis Bank,Financial,15.54,5.25
DSP Focused Dir,Direct,16388,#N/A,Equity,Bharti Airtel,Technology,40.89,4.21
DSP Focused Dir,Direct,16388,#N/A,Equity,SBI Life Insurance,Financial,123.22,4.1
DSP Gilt Dir,Direct,16391,#N/A,Debt,GOI Sec 7.24 18/08/2055,GOI Securities,SOV,56.52
DSP Gilt Dir,Direct,16391,#N/A,Debt,GOI Sec 7.09 05/08/2054,GOI Securities,SOV,17.29
DSP Gilt Dir,Direct,16391,#N/A,Debt,Uttar Pradesh State SDL 7.48 22/03/2042,State Development Loan,SOV,6.68
DSP Gilt Dir,Direct,16391,#N/A,Debt,Maharashtra State SDL 7.66 04/03/2047,State Development Loan,SOV,6.02
DSP Gilt Dir,Direct,16391,#N/A,Debt,Madhya Pradesh State SDL 7.65 11/03/2040,State Development Loan,SOV,6.01
DSP Gilt Dir,Direct,16391,#N/A,Equity,--,--,--,--
DSP Nifty 500 Index Dir,Direct,45719,#N/A,Debt,--,--,--,--
DSP Nifty 500 Index Dir,Direct,45719,#N/A,Equity,HDFC Bank,Financial,15.26,6.08
DSP Nifty 500 Index Dir,Direct,45719,#N/A,Equity,Reliance Ind,Energy & Utilities,21.26,4.98
DSP Nifty 500 Index Dir,Direct,45719,#N/A,Equity,ICICI Bank,Financial,17.15,4.65
DSP Nifty 500 Index Dir,Direct,45719,#N/A,Equity,Bharti Airtel,Technology,40.89,2.98
DSP Nifty 500 Index Dir,Direct,45719,#N/A,Equity,Larsen & Toubro,Industrials,33.67,2.43
DSP Nifty500 Flexicap Quality 30 ETF,Direct,45521,#N/A,Debt,--,--,--,--
DSP Nifty500 Flexicap Quality 30 ETF,Direct,45521,#N/A,Equity,Nestle India,Consumer Staples,79.37,7.71
DSP Nifty500 Flexicap Quality 30 ETF,Direct,45521,#N/A,Equity,Asian Paints,Materials,60.56,6.9
DSP Nifty500 Flexicap Quality 30 ETF,Direct,45521,#N/A,Equity,ITC,Consumer Staples,17.25,6.77
DSP Nifty500 Flexicap Quality 30 ETF,Direct,45521,#N/A,Equity,Hindustan Unilever,Consumer Staples,34,6.76
DSP Nifty500 Flexicap Quality 30 ETF,Direct,45521,#N/A,Equity,Maruti Suzuki,Consumer Discretionary,28.18,6.69
DSP Nifty500 Flexicap Quality 30 Index Dir,Direct,45446,#N/A,Debt,--,--,--,--
DSP Nifty500 Flexicap Quality 30 Index Dir,Direct,45446,#N/A,Equity,Nestle India,Consumer Staples,79.37,7.77
DSP Nifty500 Flexicap Quality 30 Index Dir,Direct,45446,#N/A,Equity,Asian Paints,Materials,60.56,6.95
DSP Nifty500 Flexicap Quality 30 Index Dir,Direct,45446,#N/A,Equity,ITC,Consumer Staples,17.25,6.81
DSP Nifty500 Flexicap Quality 30 Index Dir,Direct,45446,#N/A,Equity,Hindustan Unilever,Consumer Staples,34,6.8
DSP Nifty500 Flexicap Quality 30 Index Dir,Direct,45446,#N/A,Equity,Maruti Suzuki,Consumer Discretionary,28.18,6.73
DSP Regular Savings Dir,Direct,16984,INF740K01NO5,Debt,GOI Sec 7.32 13/11/2030,GOI Securities,SOV,11.51
DSP Regular Savings Dir,Direct,16984,INF740K01NO5,Debt,GOI GOI FRB 22/09/2033,GOI Securities Floating Rate Bond,SOV,8.84
DSP Regular Savings Dir,Direct,16984,INF740K01NO5,Debt,Maharashtra State SDL 7.03 25/06/2038,State Development Loan,SOV,8.21
DSP Regular Savings Dir,Direct,16984,INF740K01NO5,Debt,GOI Sec 7.06 10/04/2028,GOI Securities,SOV,5.73
DSP Regular Savings Dir,Direct,16984,INF740K01NO5,Debt,GOI Sec 6.48 06/10/2035,GOI Securities,SOV,5.46
DSP Regular Savings Dir,Direct,16984,INF740K01NO5,Equity,HDFC Bank,Financial,15.15,2.79
DSP Regular Savings Dir,Direct,16984,INF740K01NO5,Equity,ICICI Bank,Financial,17.14,1.55
DSP Regular Savings Dir,Direct,16984,INF740K01NO5,Equity,Cipla,Healthcare,28.74,1.27
DSP Regular Savings Dir,Direct,16984,INF740K01NO5,Equity,Kotak Bank,Financial,19.98,1.21
DSP Regular Savings Dir,Direct,16984,INF740K01NO5,Equity,ITC,Consumer Staples,17.2,1.2
Edelweiss Aggressive Hybrid Dir,Direct,17354,INF754K01CE0,Debt,National Bank For Agriculture & Rural Development SR 25G Bonds 7.48 15/09/2028,Bonds,AAA,3.84
Edelweiss Aggressive Hybrid Dir,Direct,17354,INF754K01CE0,Debt,Aditya Birla Finance Ltd SR I2 NCD 7.92 27/12/2027,Non Convertible Debenture,AAA,2.07
Edelweiss Aggressive Hybrid Dir,Direct,17354,INF754K01CE0,Debt,HDB Financial Services Ltd SR A 1 FX Debenture 7.65 10/09/2027,Debenture,AAA,2.06
Edelweiss Aggressive Hybrid Dir,Direct,17354,INF754K01CE0,Debt,Edelweiss Money Market Direct-G,Mutual Fund,--,1.38
Edelweiss Aggressive Hybrid Dir,Direct,17354,INF754K01CE0,Debt,Bharti Telecom Ltd SR XXVIII Debenture 7.40 01/02/2029,Debenture,AAA,1.36
Edelweiss Aggressive Hybrid Dir,Direct,17354,INF754K01CE0,Equity,ICICI Bank,Financial,17.15,4.3
Edelweiss Aggressive Hybrid Dir,Direct,17354,INF754K01CE0,Equity,SBI,Financial,11.16,3.73
Edelweiss Aggressive Hybrid Dir,Direct,17354,INF754K01CE0,Equity,HDFC Bank,Financial,15.26,3.55
Edelweiss Aggressive Hybrid Dir,Direct,17354,INF754K01CE0,Equity,Bharti Airtel,Technology,40.89,3.5
Edelweiss Aggressive Hybrid Dir,Direct,17354,INF754K01CE0,Equity,Reliance Ind,Energy & Utilities,21.26,2.7
Edelweiss Arbitrage Dir,Direct,27145,INF754K01EA4,Debt,Edelweiss Liquid Direct-G,Mutual Fund,--,7.97
Edelweiss Arbitrage Dir,Direct,27145,INF754K01EA4,Debt,Edelweiss Money Market Direct-G,Mutual Fund,--,3.84
Edelweiss Arbitrage Dir,Direct,27145,INF754K01EA4,Debt,Canara Bank CD 14/09/2026,Certificate of Deposit,A1+,1.99
Edelweiss Arbitrage Dir,Direct,27145,INF754K01EA4,Debt,National Bank For Agriculture & Rural Development SR 24E Debenture 7.80 15/03/2027,Debenture,AAA,1.77
Edelweiss Arbitrage Dir,Direct,27145,INF754K01EA4,Debt,Small Industries Devp. Bank of India Ltd CP 26/02/2027,Commercial Paper,A1+,1.12
Edelweiss Arbitrage Dir,Direct,27145,INF754K01EA4,Equity,HDFC Bank,Financial,15.15,4.58
Edelweiss Arbitrage Dir,Direct,27145,INF754K01EA4,Equity,NMDC,Materials,10.41,2.43
Edelweiss Arbitrage Dir,Direct,27145,INF754K01EA4,Equity,ICICI Bank,Financial,17.14,2.3
Edelweiss Arbitrage Dir,Direct,27145,INF754K01EA4,Equity,Vodafone Idea,Technology,4.33,2.23
Edelweiss Arbitrage Dir,Direct,27145,INF754K01EA4,Equity,Adani Energy,Energy & Utilities,81.1,2
Edelweiss Balanced Advantage Dir,Direct,17768,INF754K01BS2,Debt,HDB Financial Services Ltd SR A 1 FX Debenture 7.65 10/09/2027,Debenture,AAA,1.24
Edelweiss Balanced Advantage Dir,Direct,17768,INF754K01BS2,Debt,Aditya Birla Capital Ltd SR B2 NCD 7.3789 14/02/2028,Non Convertible Debenture,AAA,1.15
Edelweiss Balanced Advantage Dir,Direct,17768,INF754K01BS2,Debt,Edelweiss Liquid Direct-G,Mutual Fund,--,1.01
Edelweiss Balanced Advantage Dir,Direct,17768,INF754K01BS2,Debt,Small Industries Devp. Bank of India Ltd SR V Bonds 7.51 12/06/2028,Bonds,AAA,0.97
Edelweiss Balanced Advantage Dir,Direct,17768,INF754K01BS2,Debt,Punjab National Bank CD 15/09/2026,Certificate of Deposit,A1+,0.76
Edelweiss Balanced Advantage Dir,Direct,17768,INF754K01BS2,Equity,ICICI Bank,Financial,17.14,4.22
Edelweiss Balanced Advantage Dir,Direct,17768,INF754K01BS2,Equity,Reliance Ind,Energy & Utilities,21.14,4.21
Edelweiss Balanced Advantage Dir,Direct,17768,INF754K01BS2,Equity,HDFC Bank,Financial,15.15,3.32
Edelweiss Balanced Advantage Dir,Direct,17768,INF754K01BS2,Equity,Larsen & Toubro,Industrials,33.53,3.23
Edelweiss Balanced Advantage Dir,Direct,17768,INF754K01BS2,Equity,Bharti Airtel,Technology,40.64,2.93
Edelweiss Equity Savings Dir,Direct,28229,INF843K01KC8,Debt,Edelweiss Liquid Direct-G,Mutual Fund,--,3.92
Edelweiss Equity Savings Dir,Direct,28229,INF843K01KC8,Debt,HDB Financial Services Ltd SR A 1 FX Debenture 7.65 10/09/2027,Debenture,AAA,3.8
Edelweiss Equity Savings Dir,Direct,28229,INF843K01KC8,Debt,Edelweiss Low Duration Direct-G,Mutual Fund,--,2.79
Edelweiss Equity Savings Dir,Direct,28229,INF843K01KC8,Debt,Edelweiss Money Market Direct-G,Mutual Fund,--,2.78
Edelweiss Equity Savings Dir,Direct,28229,INF843K01KC8,Debt,Brookfield REIT,Real Estate Investment Trusts,--,2.31
Edelweiss Equity Savings Dir,Direct,28229,INF843K01KC8,Equity,HDFC Bank,Financial,15.26,5.06
Edelweiss Equity Savings Dir,Direct,28229,INF843K01KC8,Equity,SAIL,Materials,22.4,4.22
Edelweiss Equity Savings Dir,Direct,28229,INF843K01KC8,Equity,Reliance Ind,Energy & Utilities,21.26,4.01
Edelweiss Equity Savings Dir,Direct,28229,INF843K01KC8,Equity,Bharti Airtel,Technology,40.89,3.7
Edelweiss Equity Savings Dir,Direct,28229,INF843K01KC8,Equity,Adani Green Energy,Energy & Utilities,150,3.36
Edelweiss Flexi Cap Dir,Direct,29263,#N/A,Debt,--,--,--,--
Edelweiss Flexi Cap Dir,Direct,29263,#N/A,Equity,HDFC Bank,Financial,15.26,5.23
Edelweiss Flexi Cap Dir,Direct,29263,#N/A,Equity,ICICI Bank,Financial,17.15,4.75
Edelweiss Flexi Cap Dir,Direct,29263,#N/A,Equity,Larsen & Toubro,Industrials,33.67,4.04
Edelweiss Flexi Cap Dir,Direct,29263,#N/A,Equity,NTPC,Energy & Utilities,12.68,3.52
Edelweiss Flexi Cap Dir,Direct,29263,#N/A,Equity,Reliance Ind,Energy & Utilities,21.26,3.43
Edelweiss Focused Dir,Direct,42298,#N/A,Debt,--,--,--,--
Edelweiss Focused Dir,Direct,42298,#N/A,Equity,HDFC Bank,Financial,15.26,6.15
Edelweiss Focused Dir,Direct,42298,#N/A,Equity,Reliance Ind,Energy & Utilities,21.26,6.11
Edelweiss Focused Dir,Direct,42298,#N/A,Equity,Larsen & Toubro,Industrials,33.67,5.87
Edelweiss Focused Dir,Direct,42298,#N/A,Equity,ICICI Bank,Financial,17.15,5.6
Edelweiss Focused Dir,Direct,42298,#N/A,Equity,Tata Steel,Materials,23.03,5.08
Edelweiss Government Securities Dir,Direct,24229,#N/A,Debt,GOI Sec 6.90 15/04/2065,GOI Securities,SOV,38.44
Edelweiss Government Securities Dir,Direct,24229,#N/A,Debt,GOI Sec 6.68 07/07/2040,GOI Securities,SOV,18.28
Edelweiss Government Securities Dir,Direct,24229,#N/A,Debt,GOI Sec 6.94 11/05/2036,GOI Securities,SOV,11.63
Edelweiss Government Securities Dir,Direct,24229,#N/A,Debt,Karnataka State SDL 7.48 18/02/2037,State Development Loan,SOV,11.41
Edelweiss Government Securities Dir,Direct,24229,#N/A,Debt,Tamilnadu State SDL 7.73 06/05/2036,State Development Loan,SOV,7.76
Edelweiss Government Securities Dir,Direct,24229,#N/A,Equity,--,--,--,--
Edelweiss Nifty LargeMidcap250 Plus 8-13 Yr G-Sec 70:30 Index Dir,Direct,45923,INF754K01WR0,Debt,GOI Sec 6.48 06/10/2035,GOI Securities,SOV,29.48
Edelweiss Nifty LargeMidcap250 Plus 8-13 Yr G-Sec 70:30 Index Dir,Direct,45923,INF754K01WR0,Equity,HDFC Bank,Financial,15.26,2.99
Edelweiss Nifty LargeMidcap250 Plus 8-13 Yr G-Sec 70:30 Index Dir,Direct,45923,INF754K01WR0,Equity,Reliance Ind,Energy & Utilities,21.26,2.45
Edelweiss Nifty LargeMidcap250 Plus 8-13 Yr G-Sec 70:30 Index Dir,Direct,45923,INF754K01WR0,Equity,ICICI Bank,Financial,17.15,2.29
Edelweiss Nifty LargeMidcap250 Plus 8-13 Yr G-Sec 70:30 Index Dir,Direct,45923,INF754K01WR0,Equity,Bharti Airtel,Technology,40.89,1.47
Edelweiss Nifty LargeMidcap250 Plus 8-13 Yr G-Sec 70:30 Index Dir,Direct,45923,INF754K01WR0,Equity,BSE,Financial,65,1.35
Franklin India Aggressive Hybrid Dir,Direct,16020,INF090I01FZ1,Debt,Jubilant Bevco Ltd Debenture 31/05/2028,Debenture,AA,4.72
Franklin India Aggressive Hybrid Dir,Direct,16020,INF090I01FZ1,Debt,Jubilant Beverages Ltd Debenture 31/05/2028,Debenture,AA,2.88
Franklin India Aggressive Hybrid Dir,Direct,16020,INF090I01FZ1,Debt,Poonawalla Fincorp Ltd SR A1 NCD 7.65 21/04/2027,Non Convertible Debenture,AAA,2.17
Franklin India Aggressive Hybrid Dir,Direct,16020,INF090I01FZ1,Debt,Bharti Telecom Ltd SR XIX Debenture 8.65 05/11/2027,Debenture,AAA,1.6
Franklin India Aggressive Hybrid Dir,Direct,16020,INF090I01FZ1,Debt,Uttarakhand State SDL 7.30 01/10/2032,State Development Loan,SOV,1.5
Franklin India Aggressive Hybrid Dir,Direct,16020,INF090I01FZ1,Equity,HDFC Bank,Financial,15.26,5.15
Franklin India Aggressive Hybrid Dir,Direct,16020,INF090I01FZ1,Equity,ICICI Bank,Financial,17.15,4.93
Franklin India Aggressive Hybrid Dir,Direct,16020,INF090I01FZ1,Equity,Reliance Ind,Energy & Utilities,21.26,4.1
Franklin India Aggressive Hybrid Dir,Direct,16020,INF090I01FZ1,Equity,Axis Bank,Financial,15.54,3.58
Franklin India Aggressive Hybrid Dir,Direct,16020,INF090I01FZ1,Equity,SBI,Financial,11.16,3.29
Franklin India Arbitrage Dir,Direct,44703,INF090I01XS9,Debt,Franklin India Money Market Direct-G,Mutual Fund,--,11.87
Franklin India Arbitrage Dir,Direct,44703,INF090I01XS9,Debt,Union Bank of India CP 16/03/2027,Commercial Paper,A1+,3.97
Franklin India Arbitrage Dir,Direct,44703,INF090I01XS9,Debt,National Bank For Agriculture & Rural Development CD 17/03/2027,Certificate of Deposit,A1+,3.96
Franklin India Arbitrage Dir,Direct,44703,INF090I01XS9,Debt,Credila Financial Services Ltd CP 364-D 01/03/2027,Commercial Paper,A1+,3.16
Franklin India Arbitrage Dir,Direct,44703,INF090I01XS9,Debt,HDFC Bank Ltd CD 24/02/2027,Certificate of Deposit,A1+,1.99
Franklin India Arbitrage Dir,Direct,44703,INF090I01XS9,Equity,HDFC Bank,Financial,15.15,4.64
Franklin India Arbitrage Dir,Direct,44703,INF090I01XS9,Equity,Reliance Ind,Energy & Utilities,21.14,4.28
Franklin India Arbitrage Dir,Direct,44703,INF090I01XS9,Equity,ICICI Bank,Financial,17.14,4.27
Franklin India Arbitrage Dir,Direct,44703,INF090I01XS9,Equity,Vodafone Idea,Technology,4.33,2.63
Franklin India Arbitrage Dir,Direct,44703,INF090I01XS9,Equity,Larsen & Toubro,Industrials,33.53,2.46
Franklin India Balanced Advantage Dir,Direct,42455,INF090I01WQ5,Debt,Jubilant Bevco Ltd Debenture 31/05/2028,Debenture,AA,4.65
Franklin India Balanced Advantage Dir,Direct,42455,INF090I01WQ5,Debt,Jubilant Beverages Ltd Debenture 31/05/2028,Debenture,AA,2.88
Franklin India Balanced Advantage Dir,Direct,42455,INF090I01WQ5,Debt,RJ Corp Ltd Debenture 7.25 08/12/2028,Debenture,AAA,1.94
Franklin India Balanced Advantage Dir,Direct,42455,INF090I01WQ5,Debt,Summit Digitel Infrastructure Pvt. Ltd NCD 7.87 15/03/2030,Non Convertible Debenture,AAA,1.81
Franklin India Balanced Advantage Dir,Direct,42455,INF090I01WQ5,Debt,Poonawalla Fincorp Ltd SR A1 NCD 7.65 21/04/2027,Non Convertible Debenture,AAA,1.8
Franklin India Balanced Advantage Dir,Direct,42455,INF090I01WQ5,Equity,HDFC Bank,Financial,15.15,5.89
Franklin India Balanced Advantage Dir,Direct,42455,INF090I01WQ5,Equity,ICICI Bank,Financial,17.14,4.85
Franklin India Balanced Advantage Dir,Direct,42455,INF090I01WQ5,Equity,Bharti Airtel,Technology,40.64,4.39
Franklin India Balanced Advantage Dir,Direct,42455,INF090I01WQ5,Equity,Reliance Ind,Energy & Utilities,21.14,4.05
Franklin India Balanced Advantage Dir,Direct,42455,INF090I01WQ5,Equity,Larsen & Toubro,Industrials,33.53,3.16
Franklin India Conservative Hybrid Dir,Direct,17832,INF090I01GF1,Debt,Bajaj Finance Ltd Debenture 7.82 31/01/2034,Debenture,AAA,7.96
Franklin India Conservative Hybrid Dir,Direct,17832,INF090I01GF1,Debt,Kotak Mahindra Bank Ltd CD 08/01/2027,Certificate of Deposit,A1+,7.45
Franklin India Conservative Hybrid Dir,Direct,17832,INF090I01GF1,Debt,Jubilant Bevco Ltd Debenture 31/05/2028,Debenture,AA,7.36
Franklin India Conservative Hybrid Dir,Direct,17832,INF090I01GF1,Debt,National Bank For Agriculture & Rural Development SR 25G Bonds 7.48 15/09/2028,Bonds,AAA,5.44
Franklin India Conservative Hybrid Dir,Direct,17832,INF090I01GF1,Debt,Small Industries Devp. Bank of India Ltd SR IX Debenture 7.68 10/08/2027,Debenture,AAA,5.26
Franklin India Conservative Hybrid Dir,Direct,17832,INF090I01GF1,Equity,HDFC Bank,Financial,15.15,1.67
Franklin India Conservative Hybrid Dir,Direct,17832,INF090I01GF1,Equity,ICICI Bank,Financial,17.14,1.4
Franklin India Conservative Hybrid Dir,Direct,17832,INF090I01GF1,Equity,Reliance Ind,Energy & Utilities,21.14,1.31
Franklin India Conservative Hybrid Dir,Direct,17832,INF090I01GF1,Equity,Axis Bank,Financial,15.54,1.2
Franklin India Conservative Hybrid Dir,Direct,17832,INF090I01GF1,Equity,SBI,Financial,11.13,1.15
Franklin India Dynamic Asset Allocation Active FoF Dir,Direct,16024,INF090I01HV6,Debt,ICICI Pru Short Term Direct-G,Mutual Fund,--,19.52
Franklin India Dynamic Asset Allocation Active FoF Dir,Direct,16024,INF090I01HV6,Debt,Franklin India Corporate Debt Direct-G,Mutual Fund,--,16.37
Franklin India Dynamic Asset Allocation Active FoF Dir,Direct,16024,INF090I01HV6,Equity,Franklin India Flexi Cap Direct-G,Unspecified,--,61.52
Franklin India Equity Savings Dir,Direct,37266,INF090I01PD7,Debt,GOI Sec 7.37 23/10/2028,GOI Securities,SOV,4.05
Franklin India Equity Savings Dir,Direct,37266,INF090I01PD7,Debt,Jubilant Bevco Ltd Debenture 31/05/2028,Debenture,AA,4
Franklin India Equity Savings Dir,Direct,37266,INF090I01PD7,Debt,Maharashtra State SDL 7.66 04/03/2047,State Development Loan,SOV,3.54
Franklin India Equity Savings Dir,Direct,37266,INF090I01PD7,Debt,Embassy Office Parks REIT SR XIII A Debenture 7.21 17/03/2028,Debenture,AAA,2.36
Franklin India Equity Savings Dir,Direct,37266,INF090I01PD7,Debt,Uttarakhand State SDL 7.30 01/10/2032,State Development Loan,SOV,2.35
Franklin India Equity Savings Dir,Direct,37266,INF090I01PD7,Equity,Axis Bank,Financial,15.54,5.9
Franklin India Equity Savings Dir,Direct,37266,INF090I01PD7,Equity,Reliance Ind,Energy & Utilities,21.14,4.97
Franklin India Equity Savings Dir,Direct,37266,INF090I01PD7,Equity,NTPC,Energy & Utilities,12.62,4.54
Franklin India Equity Savings Dir,Direct,37266,INF090I01PD7,Equity,Bharti Airtel,Technology,40.64,4.27
Franklin India Equity Savings Dir,Direct,37266,INF090I01PD7,Equity,ICICI Bank,Financial,17.14,3.63
Franklin India Flexi Cap Dir,Direct,16008,#N/A,Debt,--,--,--,--
Franklin India Flexi Cap Dir,Direct,16008,#N/A,Equity,HDFC Bank,Financial,15.26,7.56
Franklin India Flexi Cap Dir,Direct,16008,#N/A,Equity,ICICI Bank,Financial,17.15,5.9
Franklin India Flexi Cap Dir,Direct,16008,#N/A,Equity,Axis Bank,Financial,15.54,5.31
Franklin India Flexi Cap Dir,Direct,16008,#N/A,Equity,Larsen & Toubro,Industrials,33.67,3.9
Franklin India Flexi Cap Dir,Direct,16008,#N/A,Equity,SBI,Financial,11.16,3.65
Franklin India Focused Equity Dir,Direct,15990,#N/A,Debt,--,--,--,--
Franklin India Focused Equity Dir,Direct,15990,#N/A,Equity,HDFC Bank,Financial,15.26,8.53
Franklin India Focused Equity Dir,Direct,15990,#N/A,Equity,ICICI Bank,Financial,17.15,7.42
Franklin India Focused Equity Dir,Direct,15990,#N/A,Equity,Axis Bank,Financial,15.54,7.18
Franklin India Focused Equity Dir,Direct,15990,#N/A,Equity,Reliance Ind,Energy & Utilities,21.26,6.53
Franklin India Focused Equity Dir,Direct,15990,#N/A,Equity,Bharti Airtel,Technology,40.89,5.75
Franklin India Government Securities Dir,Direct,16888,#N/A,Debt,Maharashtra State SDL 7.66 04/03/2047,State Development Loan,SOV,19.66
Franklin India Government Securities Dir,Direct,16888,#N/A,Debt,Reserve Bank of India T-Bills 364-D 04/06/2026,Treasury Bills,SOV,16.33
Franklin India Government Securities Dir,Direct,16888,#N/A,Debt,Reserve Bank of India T-Bills 91-D 04/06/2026,Treasury Bills,SOV,16.33
Franklin India Government Securities Dir,Direct,16888,#N/A,Debt,Andhra Pradesh State SDL 7.73,State Development Loan,SOV,9.98
Franklin India Government Securities Dir,Direct,16888,#N/A,Debt,Punjab State SDL 7.62 28/01/2033,State Development Loan,SOV,9.98
Franklin India Government Securities Dir,Direct,16888,#N/A,Equity,--,--,--,--
Franklin India Retirement Dir,Direct,16753,INF090I01JZ3,Debt,National Bank For Agriculture & Rural Development SR 25G Bonds 7.48 15/09/2028,Bonds,AAA,9.56
Franklin India Retirement Dir,Direct,16753,INF090I01JZ3,Debt,Kotak Mahindra Bank Ltd CD 08/01/2027,Certificate of Deposit,A1+,7.76
Franklin India Retirement Dir,Direct,16753,INF090I01JZ3,Debt,Jubilant Bevco Ltd Debenture 31/05/2028,Debenture,AA,5.9
Franklin India Retirement Dir,Direct,16753,INF090I01JZ3,Debt,LIC Housing Finance Ltd Bonds 7.90 23/06/2027,Bonds,AAA,5.45
Franklin India Retirement Dir,Direct,16753,INF090I01JZ3,Debt,Small Industries Devp. Bank of India Ltd SR IX Debenture 7.68 10/08/2027,Debenture,AAA,5.14
Franklin India Retirement Dir,Direct,16753,INF090I01JZ3,Equity,HDFC Bank,Financial,15.26,2.72
Franklin India Retirement Dir,Direct,16753,INF090I01JZ3,Equity,ICICI Bank,Financial,17.15,2.09
Franklin India Retirement Dir,Direct,16753,INF090I01JZ3,Equity,SBI,Financial,11.16,1.96
Franklin India Retirement Dir,Direct,16753,INF090I01JZ3,Equity,Reliance Ind,Energy & Utilities,21.26,1.88
Franklin India Retirement Dir,Direct,16753,INF090I01JZ3,Equity,Axis Bank,Financial,15.54,1.75
Groww Aggressive Hybrid Dir,Direct,38328,INF666M01FA3,Debt,--,--,--,--
Groww Aggressive Hybrid Dir,Direct,38328,INF666M01FA3,Equity,--,--,--,--
Groww Arbitrage Dir,Direct,45946,INF666M01ON8,Debt,Groww Liquid Direct-G,Mutual Fund,--,13.49
Groww Arbitrage Dir,Direct,45946,INF666M01ON8,Equity,Axis Bank,Financial,15.54,5.06
Groww Arbitrage Dir,Direct,45946,INF666M01ON8,Equity,HDFC Bank,Financial,15.15,5
Groww Arbitrage Dir,Direct,45946,INF666M01ON8,Equity,Sun Pharmaceutical,Healthcare,37.38,4.66
Groww Arbitrage Dir,Direct,45946,INF666M01ON8,Equity,ICICI Bank,Financial,17.14,4.56
Groww Arbitrage Dir,Direct,45946,INF666M01ON8,Equity,HDFC Life,Financial,62.11,3.96
Groww Gilt Dir,Direct,45121,#N/A,Debt,GOI Sec 6.90 15/04/2065,GOI Securities,SOV,25.89
Groww Gilt Dir,Direct,45121,#N/A,Debt,GOI Sec 7.71 18/05/2066,GOI Securities,SOV,14.4
Groww Gilt Dir,Direct,45121,#N/A,Debt,Reserve Bank of India T-Bills 364-D 04/06/2026,Treasury Bills,SOV,14.35
Groww Gilt Dir,Direct,45121,#N/A,Debt,Reserve Bank of India T-Bills 364-D 18/06/2026,Treasury Bills,SOV,14.32
Groww Gilt Dir,Direct,45121,#N/A,Debt,GOI Sec 7.24 18/08/2055,GOI Securities,SOV,13.69
Groww Gilt Dir,Direct,45121,#N/A,Equity,--,--,--,--
Groww Nifty 500 Low Volatility 50 ETF,Direct,45217,#N/A,Debt,--,--,--,--
Groww Nifty 500 Low Volatility 50 ETF,Direct,45217,#N/A,Equity,Coal India,Materials,9.05,5.43
Groww Nifty 500 Low Volatility 50 ETF,Direct,45217,#N/A,Equity,Power Grid,Energy & Utilities,16.83,5.41
Groww Nifty 500 Low Volatility 50 ETF,Direct,45217,#N/A,Equity,Bajaj Finance,Financial,28.99,4.86
Groww Nifty 500 Low Volatility 50 ETF,Direct,45217,#N/A,Equity,Bharti Airtel,Technology,40.89,4.65
Groww Nifty 500 Low Volatility 50 ETF,Direct,45217,#N/A,Equity,Asian Paints,Materials,60.56,4.61
Groww Nifty 500 Momentum 50 ETF,Direct,45094,#N/A,Debt,--,--,--,--
Groww Nifty 500 Momentum 50 ETF,Direct,45094,#N/A,Equity,Hindalco Ind,Materials,17.49,5.2
Groww Nifty 500 Momentum 50 ETF,Direct,45094,#N/A,Equity,Eicher Motors,Consumer Discretionary,36.12,4.81
Groww Nifty 500 Momentum 50 ETF,Direct,45094,#N/A,Equity,Shriram Finance,Financial,21.29,4.77
Groww Nifty 500 Momentum 50 ETF,Direct,45094,#N/A,Equity,Bajaj Finance,Financial,28.99,4.71
Groww Nifty 500 Momentum 50 ETF,Direct,45094,#N/A,Equity,Bharti Airtel,Technology,40.89,4.5
Groww Nifty 500 Momentum 50 ETF FoF Dir,Direct,45097,#N/A,Debt,--,--,--,--
Groww Nifty 500 Momentum 50 ETF FoF Dir,Direct,45097,#N/A,Equity,Groww Nifty 500 Momentum 50 ETF-G,Unspecified,--,99.79
Groww Nifty Total Market Index Dir,Direct,43806,#N/A,Debt,--,--,--,--
Groww Nifty Total Market Index Dir,Direct,43806,#N/A,Equity,HDFC Bank,Financial,15.26,5.87
Groww Nifty Total Market Index Dir,Direct,43806,#N/A,Equity,Reliance Ind,Energy & Utilities,21.26,4.8
Groww Nifty Total Market Index Dir,Direct,43806,#N/A,Equity,ICICI Bank,Financial,17.15,4.49
Groww Nifty Total Market Index Dir,Direct,43806,#N/A,Equity,Bharti Airtel,Technology,40.89,2.88
Groww Nifty Total Market Index Dir,Direct,43806,#N/A,Equity,Larsen & Toubro,Industrials,33.67,2.34
HDFC Arbitrage Dir,Direct,26024,INF179KA1KT6,Debt,HDFC Money Market Direct-G,Mutual Fund,--,8.23
HDFC Arbitrage Dir,Direct,26024,INF179KA1KT6,Debt,HDFC Liquid Direct-G,Mutual Fund,--,3.72
HDFC Arbitrage Dir,Direct,26024,INF179KA1KT6,Debt,HDFC Ultra Short Term Fund Direct-G,Mutual Fund,--,2.43
HDFC Arbitrage Dir,Direct,26024,INF179KA1KT6,Debt,HDFC Low Duration Direct-G,Mutual Fund,--,2.22
HDFC Arbitrage Dir,Direct,26024,INF179KA1KT6,Debt,Indian Overseas Bank CD 26/02/2027,Certificate of Deposit,A1+,1.13
HDFC Arbitrage Dir,Direct,26024,INF179KA1KT6,Equity,HDFC Bank,Financial,15.15,6.19
HDFC Arbitrage Dir,Direct,26024,INF179KA1KT6,Equity,Reliance Ind,Energy & Utilities,21.14,4.4
HDFC Arbitrage Dir,Direct,26024,INF179KA1KT6,Equity,ICICI Bank,Financial,17.14,3.96
HDFC Arbitrage Dir,Direct,26024,INF179KA1KT6,Equity,Bharti Airtel,Technology,40.64,2.43
HDFC Arbitrage Dir,Direct,26024,INF179KA1KT6,Equity,JSW Steel,Materials,13.96,2.41
HDFC BSE 500 ETF,Direct,43117,#N/A,Debt,--,--,--,--
HDFC BSE 500 ETF,Direct,43117,#N/A,Equity,HDFC Bank,Financial,15.26,6.03
HDFC BSE 500 ETF,Direct,43117,#N/A,Equity,ICICI Bank,Financial,17.15,4.78
HDFC BSE 500 ETF,Direct,43117,#N/A,Equity,Reliance Ind,Energy & Utilities,21.26,4.75
HDFC BSE 500 ETF,Direct,43117,#N/A,Equity,Bharti Airtel,Technology,40.89,2.77
HDFC BSE 500 ETF,Direct,43117,#N/A,Equity,Larsen & Toubro,Industrials,33.67,2.53
HDFC BSE 500 Index Dir,Direct,43477,#N/A,Debt,--,--,--,--
HDFC BSE 500 Index Dir,Direct,43477,#N/A,Equity,HDFC Bank,Financial,15.26,6.02
HDFC BSE 500 Index Dir,Direct,43477,#N/A,Equity,ICICI Bank,Financial,17.15,4.77
HDFC BSE 500 Index Dir,Direct,43477,#N/A,Equity,Reliance Ind,Energy & Utilities,21.26,4.74
HDFC BSE 500 Index Dir,Direct,43477,#N/A,Equity,Bharti Airtel,Technology,40.89,2.77
HDFC BSE 500 Index Dir,Direct,43477,#N/A,Equity,Larsen & Toubro,Industrials,33.67,2.53
HDFC Balanced Advantage Dir,Direct,16055,INF179K01WA6,Debt,GOI Sec 7.18 14/08/2033,GOI Securities,SOV,2.02
HDFC Balanced Advantage Dir,Direct,16055,INF179K01WA6,Debt,GOI Sec 4.45 30/10/2034,GOI Securities,SOV,1.32
HDFC Balanced Advantage Dir,Direct,16055,INF179K01WA6,Debt,GOI Sec 7.18 24/07/2037,GOI Securities,SOV,0.95
HDFC Balanced Advantage Dir,Direct,16055,INF179K01WA6,Debt,Embassy Office,Real Estate Investment Trusts,--,0.8
HDFC Balanced Advantage Dir,Direct,16055,INF179K01WA6,Debt,GOI Sec 7.34 22/04/2064,GOI Securities,SOV,0.73
HDFC Balanced Advantage Dir,Direct,16055,INF179K01WA6,Equity,ICICI Bank,Financial,17.15,4.74
HDFC Balanced Advantage Dir,Direct,16055,INF179K01WA6,Equity,HDFC Bank,Financial,15.26,4.33
HDFC Balanced Advantage Dir,Direct,16055,INF179K01WA6,Equity,Reliance Ind,Energy & Utilities,21.26,3.82
HDFC Balanced Advantage Dir,Direct,16055,INF179K01WA6,Equity,SBI,Financial,11.16,3.25
HDFC Balanced Advantage Dir,Direct,16055,INF179K01WA6,Equity,Bharti Airtel,Technology,40.89,3.05
HDFC Children's Dir,Direct,15995,INF179KC1IX0,Debt,GOI Sec 7.18 14/08/2033,GOI Securities,SOV,3.84
HDFC Children's Dir,Direct,15995,INF179KC1IX0,Debt,GOI Sec 7.10 08/04/2034,GOI Securities,SOV,3.08
HDFC Children's Dir,Direct,15995,INF179KC1IX0,Debt,GOI GOI Sec 7.10 18/04/2029,GOI Securities,SOV,2.26
HDFC Children's Dir,Direct,15995,INF179KC1IX0,Debt,State Bank of India SR 2 Bonds 7.33 20/09/2039,Bonds,AAA,1.45
HDFC Children's Dir,Direct,15995,INF179KC1IX0,Debt,GOI Sec 7.18 24/07/2037,GOI Securities,SOV,1.15
HDFC Children's Dir,Direct,15995,INF179KC1IX0,Equity,HDFC Bank,Financial,15.26,6.65
HDFC Children's Dir,Direct,15995,INF179KC1IX0,Equity,ICICI Bank,Financial,17.15,6.44
HDFC Children's Dir,Direct,15995,INF179KC1IX0,Equity,Larsen & Toubro,Industrials,33.67,3.97
HDFC Children's Dir,Direct,15995,INF179KC1IX0,Equity,Reliance Ind,Energy & Utilities,21.26,3.25
HDFC Children's Dir,Direct,15995,INF179KC1IX0,Equity,SBI,Financial,11.16,2.96
HDFC Diversified Equity All Cap Active FoF Dir,Direct,45485,#N/A,Debt,--,--,--,--
HDFC Diversified Equity All Cap Active FoF Dir,Direct,45485,#N/A,Equity,HDFC Large Cap Direct-G,Unspecified,--,32.69
HDFC Diversified Equity All Cap Active FoF Dir,Direct,45485,#N/A,Equity,HDFC Flexi Cap Direct-G,Unspecified,--,25.82
HDFC Diversified Equity All Cap Active FoF Dir,Direct,45485,#N/A,Equity,HDFC Large and Mid Cap Direct-G,Unspecified,--,15.19
HDFC Diversified Equity All Cap Active FoF Dir,Direct,45485,#N/A,Equity,HDFC Small Cap Direct-G,Unspecified,--,12.9
HDFC Diversified Equity All Cap Active FoF Dir,Direct,45485,#N/A,Equity,HDFC Multi Cap Direct-G,Unspecified,--,9.69
HDFC Equity Savings Dir,Direct,16118,INF179K01XT4,Debt,GOI Sec 7.18 14/08/2033,GOI Securities,SOV,2.34
HDFC Equity Savings Dir,Direct,16118,INF179K01XT4,Debt,GOI GOI Sec 7.10 18/04/2029,GOI Securities,SOV,1.98
HDFC Equity Savings Dir,Direct,16118,INF179K01XT4,Debt,Muthoot Finance Ltd Debenture 8.05 25/11/2027,Debenture,AA+,1.32
HDFC Equity Savings Dir,Direct,16118,INF179K01XT4,Debt,State Bank of India SR 2 Bonds 7.33 20/09/2039,Bonds,AAA,1.21
HDFC Equity Savings Dir,Direct,16118,INF179K01XT4,Debt,GOI Sec 7.17 17/04/2030,GOI Securities,SOV,1.08
HDFC Equity Savings Dir,Direct,16118,INF179K01XT4,Equity,HDFC Bank,Financial,15.15,7.11
HDFC Equity Savings Dir,Direct,16118,INF179K01XT4,Equity,Reliance Ind,Energy & Utilities,21.14,5.71
HDFC Equity Savings Dir,Direct,16118,INF179K01XT4,Equity,ICICI Bank,Financial,17.14,5.1
HDFC Equity Savings Dir,Direct,16118,INF179K01XT4,Equity,Larsen & Toubro,Industrials,33.53,3.75
HDFC Equity Savings Dir,Direct,16118,INF179K01XT4,Equity,NTPC,Energy & Utilities,12.62,3.74
HDFC Flexi Cap Dir,Direct,16026,#N/A,Debt,--,--,--,--
HDFC Flexi Cap Dir,Direct,16026,#N/A,Equity,ICICI Bank,Financial,17.15,8.83
HDFC Flexi Cap Dir,Direct,16026,#N/A,Equity,Axis Bank,Financial,15.54,6.84
HDFC Flexi Cap Dir,Direct,16026,#N/A,Equity,HDFC Bank,Financial,15.26,6.48
HDFC Flexi Cap Dir,Direct,16026,#N/A,Equity,SBI,Financial,11.16,4.22
HDFC Flexi Cap Dir,Direct,16026,#N/A,Equity,SBI Life Insurance,Financial,123.22,3.76
HDFC Focused Dir,Direct,16021,#N/A,Debt,--,--,--,--
HDFC Focused Dir,Direct,16021,#N/A,Equity,ICICI Bank,Financial,17.15,9.01
HDFC Focused Dir,Direct,16021,#N/A,Equity,HDFC Bank,Financial,15.26,8.14
HDFC Focused Dir,Direct,16021,#N/A,Equity,Axis Bank,Financial,15.54,7.4
HDFC Focused Dir,Direct,16021,#N/A,Equity,Kotak Bank,Financial,20.08,5.56
HDFC Focused Dir,Direct,16021,#N/A,Equity,SBI,Financial,11.16,5.22
HDFC Gilt Dir,Direct,16046,#N/A,Debt,GOI Sec 6.90 15/04/2065,GOI Securities,SOV,15.39
HDFC Gilt Dir,Direct,16046,#N/A,Debt,GOI Sec 7.34 22/04/2064,GOI Securities,SOV,11.07
HDFC Gilt Dir,Direct,16046,#N/A,Debt,GOI Sec 7.30 19/06/2053,GOI Securities,SOV,10.42
HDFC Gilt Dir,Direct,16046,#N/A,Debt,GOI Sec 7.26 06/02/2033,GOI Securities,SOV,8.28
HDFC Gilt Dir,Direct,16046,#N/A,Debt,GOI Sec 7.18 14/08/2033,GOI Securities,SOV,7.4
HDFC Gilt Dir,Direct,16046,#N/A,Equity,--,--,--,--
HDFC Hybrid Debt Dir,Direct,16453,INF179K01XE6,Debt,GOI Sec 7.34 22/04/2064,GOI Securities,SOV,4.17
HDFC Hybrid Debt Dir,Direct,16453,INF179K01XE6,Debt,GOI Sec 4.45 30/10/2034,GOI Securities,SOV,3.19
HDFC Hybrid Debt Dir,Direct,16453,INF179K01XE6,Debt,GOI Sec 7.23 15/04/2039,GOI Securities,SOV,3.11
HDFC Hybrid Debt Dir,Direct,16453,INF179K01XE6,Debt,GOI Sec 7.09 05/08/2054,GOI Securities,SOV,2.91
HDFC Hybrid Debt Dir,Direct,16453,INF179K01XE6,Debt,Indian Railway Finance Corporation Ltd SERIES 134 Debenture 8.30 25/03/2029,Debenture,AAA,2.52
HDFC Hybrid Debt Dir,Direct,16453,INF179K01XE6,Equity,ICICI Bank,Financial,17.14,1.95
HDFC Hybrid Debt Dir,Direct,16453,INF179K01XE6,Equity,HDFC Bank,Financial,15.15,1.62
HDFC Hybrid Debt Dir,Direct,16453,INF179K01XE6,Equity,SBI,Financial,11.13,1.35
HDFC Hybrid Debt Dir,Direct,16453,INF179K01XE6,Equity,Axis Bank,Financial,15.54,1.31
HDFC Hybrid Debt Dir,Direct,16453,INF179K01XE6,Equity,Reliance Ind,Energy & Utilities,21.14,1.03
HDFC Hybrid Equity Dir,Direct,16132,INF179K01XZ1,Debt,GOI Sec 7.34 22/04/2064,GOI Securities,SOV,2.54
HDFC Hybrid Equity Dir,Direct,16132,INF179K01XZ1,Debt,Bajaj Finance Ltd Bonds/NCD 7.55 03/04/2035,Bonds/NCDs,AAA,1.58
HDFC Hybrid Equity Dir,Direct,16132,INF179K01XZ1,Debt,HDFC Bank Ltd SR US006 Debenture 7.75 13/06/2033,Debenture,AAA,1.12
HDFC Hybrid Equity Dir,Direct,16132,INF179K01XZ1,Debt,HDFC Bank Ltd SR AB002 Debenture 7.97 17/02/2033,Debenture,AAA,0.9
HDFC Hybrid Equity Dir,Direct,16132,INF179K01XZ1,Debt,State Bank of India SR 2 Bonds 7.33 20/09/2039,Bonds,AAA,0.89
HDFC Hybrid Equity Dir,Direct,16132,INF179K01XZ1,Equity,ICICI Bank,Financial,17.15,6.63
HDFC Hybrid Equity Dir,Direct,16132,INF179K01XZ1,Equity,HDFC Bank,Financial,15.26,6.53
HDFC Hybrid Equity Dir,Direct,16132,INF179K01XZ1,Equity,Reliance Ind,Energy & Utilities,21.26,4.75
HDFC Hybrid Equity Dir,Direct,16132,INF179K01XZ1,Equity,SBI,Financial,11.16,3.59
HDFC Hybrid Equity Dir,Direct,16132,INF179K01XZ1,Equity,Axis Bank,Financial,15.54,3.13
HDFC Retirement Savings Equity Dir,Direct,31780,#N/A,Debt,--,--,--,--
HDFC Retirement Savings Equity Dir,Direct,31780,#N/A,Equity,--,--,--,--
HDFC Retirement Savings Hybrid Debt Dir,Direct,31784,INF179KB1MJ2,Debt,GOI Sec 6.67 17/12/2050,GOI Securities,SOV,8.94
HDFC Retirement Savings Hybrid Debt Dir,Direct,31784,INF179KB1MJ2,Debt,Mahindra Rural Housing Finance Ltd SR AA NCD 8.35 24/09/2032,Non Convertible Debenture,AAA,6.7
HDFC Retirement Savings Hybrid Debt Dir,Direct,31784,INF179KB1MJ2,Debt,GOI Sec 6.48 06/10/2035,GOI Securities,SOV,6.41
HDFC Retirement Savings Hybrid Debt Dir,Direct,31784,INF179KB1MJ2,Debt,GOI Sec 6.19 16/09/2034,GOI Securities,SOV,6.31
HDFC Retirement Savings Hybrid Debt Dir,Direct,31784,INF179KB1MJ2,Debt,GOI Sec 7.57 17/06/2033,GOI Securities,SOV,5.14
HDFC Retirement Savings Hybrid Debt Dir,Direct,31784,INF179KB1MJ2,Equity,Larsen & Toubro,Industrials,33.53,7.64
HDFC Retirement Savings Hybrid Debt Dir,Direct,31784,INF179KB1MJ2,Equity,ICICI Bank,Financial,17.14,7.11
HDFC Retirement Savings Hybrid Debt Dir,Direct,31784,INF179KB1MJ2,Equity,Reliance Ind,Energy & Utilities,21.14,5.84
HDFC Retirement Savings Hybrid Debt Dir,Direct,31784,INF179KB1MJ2,Equity,HDFC Bank,Financial,15.15,2.17
HDFC Retirement Savings Hybrid Debt Dir,Direct,31784,INF179KB1MJ2,Equity,SBI,Financial,11.13,1.25
HDFC Retirement Savings Hybrid Equity Dir,Direct,31782,INF179KB1MH6,Debt,Bajaj Finance Ltd Debenture 7.93,Debenture,AAA,4.34
HDFC Retirement Savings Hybrid Equity Dir,Direct,31782,INF179KB1MH6,Debt,GOI Sec 7.26 22/08/2032,GOI Securities,SOV,1.91
HDFC Retirement Savings Hybrid Equity Dir,Direct,31782,INF179KB1MH6,Debt,GOI Sec 6.10 12/07/2031,GOI Securities,SOV,1.88
HDFC Retirement Savings Hybrid Equity Dir,Direct,31782,INF179KB1MH6,Debt,GOI Sec 7.18 24/07/2037,GOI Securities,SOV,1.58
HDFC Retirement Savings Hybrid Equity Dir,Direct,31782,INF179KB1MH6,Debt,GOI Sec 7.18 14/08/2033,GOI Securities,SOV,1.58
HDFC Retirement Savings Hybrid Equity Dir,Direct,31782,INF179KB1MH6,Equity,HDFC Bank,Financial,15.26,5.61
HDFC Retirement Savings Hybrid Equity Dir,Direct,31782,INF179KB1MH6,Equity,ICICI Bank,Financial,17.15,5.52
HDFC Retirement Savings Hybrid Equity Dir,Direct,31782,INF179KB1MH6,Equity,Reliance Ind,Energy & Utilities,21.26,3.73
HDFC Retirement Savings Hybrid Equity Dir,Direct,31782,INF179KB1MH6,Equity,Axis Bank,Financial,15.54,3.23
HDFC Retirement Savings Hybrid Equity Dir,Direct,31782,INF179KB1MH6,Equity,Kotak Bank,Financial,20.08,3.14
HSBC Aggressive Hybrid Active FoF Dir,Direct,25860,INF336L01ID3,Debt,HSBC Medium to Long Duration Direct-G,Mutual Fund,--,10.46
HSBC Aggressive Hybrid Active FoF Dir,Direct,25860,INF336L01ID3,Debt,HSBC Corporate Bond Direct-G,Mutual Fund,--,8.58
HSBC Aggressive Hybrid Active FoF Dir,Direct,25860,INF336L01ID3,Debt,HSBC Dynamic Bond Direct-G,Mutual Fund,--,4.95
HSBC Aggressive Hybrid Active FoF Dir,Direct,25860,INF336L01ID3,Equity,HSBC Large Cap Direct-G,Unspecified,--,33.37
HSBC Aggressive Hybrid Active FoF Dir,Direct,25860,INF336L01ID3,Equity,HSBC Midcap Direct-G,Unspecified,--,21.25
HSBC Aggressive Hybrid Active FoF Dir,Direct,25860,INF336L01ID3,Equity,HSBC Small Cap Direct-G,Unspecified,--,20.57
HSBC Aggressive Hybrid Dir,Direct,16264,INF917K01LE4,Debt,National Bank For Agriculture & Rural Development CP 91-D 11/08/2026,Commercial Paper,A1+,1.79
HSBC Aggressive Hybrid Dir,Direct,16264,INF917K01LE4,Debt,Punjab National Bank CD 28/01/2027,Certificate of Deposit,A1+,1.73
HSBC Aggressive Hybrid Dir,Direct,16264,INF917K01LE4,Debt,Union Bank of India CD 02/03/2027,Certificate of Deposit,A1+,1.72
HSBC Aggressive Hybrid Dir,Direct,16264,INF917K01LE4,Debt,The Federal Bank Ltd CD 04/03/2027,Certificate of Deposit,A1+,1.71
HSBC Aggressive Hybrid Dir,Direct,16264,INF917K01LE4,Debt,HDFC Bank Ltd CD 24/02/2027,Certificate of Deposit,A1+,1.29
HSBC Aggressive Hybrid Dir,Direct,16264,INF917K01LE4,Equity,GE Vernova T&D,Industrials,102.04,4.63
HSBC Aggressive Hybrid Dir,Direct,16264,INF917K01LE4,Equity,ICICI Bank,Financial,17.15,4.29
HSBC Aggressive Hybrid Dir,Direct,16264,INF917K01LE4,Equity,Mahindra & Mahindra,Consumer Discretionary,21.69,3.25
HSBC Aggressive Hybrid Dir,Direct,16264,INF917K01LE4,Equity,HDFC Bank,Financial,15.26,3.13
HSBC Aggressive Hybrid Dir,Direct,16264,INF917K01LE4,Equity,Karur Vysya Bank,Financial,10.62,3.02
HSBC Arbitrage Dir,Direct,27300,INF917K01QR5,Debt,HSBC Money Market Direct-G,Mutual Fund,--,17.15
HSBC Arbitrage Dir,Direct,27300,INF917K01QR5,Debt,HSBC Ultra Short Duration Direct-G,Mutual Fund,--,3.31
HSBC Arbitrage Dir,Direct,27300,INF917K01QR5,Debt,Indian Bank CD 12/01/2027,Certificate of Deposit,A1+,2.68
HSBC Arbitrage Dir,Direct,27300,INF917K01QR5,Debt,Small Industries Devp. Bank of India Ltd CD 06/11/2026,Certificate of Deposit,A1+,0.91
HSBC Arbitrage Dir,Direct,27300,INF917K01QR5,Debt,Reserve Bank of India T-Bills 364-D 28/01/2027,Treasury Bills,SOV,0.9
HSBC Arbitrage Dir,Direct,27300,INF917K01QR5,Equity,ICICI Bank,Financial,17.14,6.08
HSBC Arbitrage Dir,Direct,27300,INF917K01QR5,Equity,HDFC Bank,Financial,15.15,5.52
HSBC Arbitrage Dir,Direct,27300,INF917K01QR5,Equity,Bandhan Bank,Financial,26.36,4.07
HSBC Arbitrage Dir,Direct,27300,INF917K01QR5,Equity,SAIL,Materials,22.3,3.86
HSBC Arbitrage Dir,Direct,27300,INF917K01QR5,Equity,RBL Bank,Financial,25.18,3.32
HSBC Balanced Advantage Dir,Direct,16259,INF917K01IN1,Debt,GOI Sec 7.06 10/04/2028,GOI Securities,SOV,3.29
HSBC Balanced Advantage Dir,Direct,16259,INF917K01IN1,Debt,GOI Sec 7.37 23/10/2028,GOI Securities,SOV,2.76
HSBC Balanced Advantage Dir,Direct,16259,INF917K01IN1,Debt,REC Ltd SR 245A Bonds 7.44 29/02/2028,Bonds,AAA,2.04
HSBC Balanced Advantage Dir,Direct,16259,INF917K01IN1,Debt,REC Ltd SR 236-A Debenture 7.45 31/08/2035,Debenture,AAA,1.73
HSBC Balanced Advantage Dir,Direct,16259,INF917K01IN1,Debt,GOI Sec 7.18 14/08/2033,GOI Securities,SOV,1.73
HSBC Balanced Advantage Dir,Direct,16259,INF917K01IN1,Equity,HDFC Bank,Financial,15.15,5.5
HSBC Balanced Advantage Dir,Direct,16259,INF917K01IN1,Equity,ICICI Bank,Financial,17.14,5.39
HSBC Balanced Advantage Dir,Direct,16259,INF917K01IN1,Equity,Axis Bank,Financial,15.54,4.55
HSBC Balanced Advantage Dir,Direct,16259,INF917K01IN1,Equity,Kotak Bank,Financial,19.98,3.87
HSBC Balanced Advantage Dir,Direct,16259,INF917K01IN1,Equity,Aurobindo Pharma,Healthcare,23.84,3.49
HSBC Conservative Hybrid Dir,Direct,17058,INF336L01DW4,Debt,Maharashtra State SDL 7.70 25/05/2032,State Development Loan,SOV,10.14
HSBC Conservative Hybrid Dir,Direct,17058,INF336L01DW4,Debt,National Bank For Agriculture & Rural Development SR 25G Bonds 7.48 15/09/2028,Bonds,AAA,7.03
HSBC Conservative Hybrid Dir,Direct,17058,INF336L01DW4,Debt,REC Ltd SR 245A Bonds 7.44 29/02/2028,Bonds,AAA,6.81
HSBC Conservative Hybrid Dir,Direct,17058,INF336L01DW4,Debt,Tamilnadu State SDL 7.58 11/02/2037,State Development Loan,SOV,6.8
HSBC Conservative Hybrid Dir,Direct,17058,INF336L01DW4,Debt,GOI Sec 6.48 06/10/2035,GOI Securities,SOV,3.93
HSBC Conservative Hybrid Dir,Direct,17058,INF336L01DW4,Equity,Billionbrains Garage Ventures,Financial,57.75,2.48
HSBC Conservative Hybrid Dir,Direct,17058,INF336L01DW4,Equity,ICICI Bank,Financial,17.14,2.28
HSBC Conservative Hybrid Dir,Direct,17058,INF336L01DW4,Equity,The Federal Bank,Financial,17.61,1.75
HSBC Conservative Hybrid Dir,Direct,17058,INF336L01DW4,Equity,GE Vernova T&D,Industrials,101.42,1.38
HSBC Conservative Hybrid Dir,Direct,17058,INF336L01DW4,Equity,KEI,Industrials,53.92,1.11
HSBC Equity Savings Dir,Direct,16283,INF917K01GE4,Debt,GOI Sec 6.36 16/02/2031,GOI Securities,SOV,2.46
HSBC Equity Savings Dir,Direct,16283,INF917K01GE4,Debt,Reserve Bank of India T-Bills 364-D 28/01/2027,Treasury Bills,SOV,2.37
HSBC Equity Savings Dir,Direct,16283,INF917K01GE4,Debt,Reserve Bank of India T-Bills 364-D 04/02/2027,Treasury Bills,SOV,2.37
HSBC Equity Savings Dir,Direct,16283,INF917K01GE4,Debt,GOI Sec 7.06 10/04/2028,GOI Securities,SOV,1.91
HSBC Equity Savings Dir,Direct,16283,INF917K01GE4,Debt,GOI Sec 7.04 03/06/2029,GOI Securities,SOV,1.55
HSBC Equity Savings Dir,Direct,16283,INF917K01GE4,Equity,ICICI Bank,Financial,17.14,4.62
HSBC Equity Savings Dir,Direct,16283,INF917K01GE4,Equity,SBI,Financial,11.13,4.56
HSBC Equity Savings Dir,Direct,16283,INF917K01GE4,Equity,HDFC Bank,Financial,15.15,4.05
HSBC Equity Savings Dir,Direct,16283,INF917K01GE4,Equity,Axis Bank,Financial,15.54,2.69
HSBC Equity Savings Dir,Direct,16283,INF917K01GE4,Equity,JIO Financial,Financial,97.68,2.58
HSBC Flexi Cap Dir,Direct,16320,#N/A,Debt,--,--,--,--
HSBC Flexi Cap Dir,Direct,16320,#N/A,Equity,ICICI Bank,Financial,17.15,4.2
HSBC Flexi Cap Dir,Direct,16320,#N/A,Equity,HDFC Bank,Financial,15.26,3.14
HSBC Flexi Cap Dir,Direct,16320,#N/A,Equity,Reliance Ind,Energy & Utilities,21.26,2.85
HSBC Flexi Cap Dir,Direct,16320,#N/A,Equity,MTAR Technologies,Industrials,234.48,2.73
HSBC Flexi Cap Dir,Direct,16320,#N/A,Equity,TD Power Systems,Industrials,76.55,2.26
HSBC Focused Dir,Direct,41022,#N/A,Debt,--,--,--,--
HSBC Focused Dir,Direct,41022,#N/A,Equity,ICICI Bank,Financial,17.15,7.71
HSBC Focused Dir,Direct,41022,#N/A,Equity,HDFC Bank,Financial,15.26,6.65
HSBC Focused Dir,Direct,41022,#N/A,Equity,Larsen & Toubro,Industrials,33.67,4.85
HSBC Focused Dir,Direct,41022,#N/A,Equity,MCX,Financial,52.84,4.66
HSBC Focused Dir,Direct,41022,#N/A,Equity,GE Vernova T&D,Industrials,102.04,4.6
HSBC Gilt Dir,Direct,16236,#N/A,Debt,GOI Sec 6.90 15/04/2065,GOI Securities,SOV,19.25
HSBC Gilt Dir,Direct,16236,#N/A,Debt,GOI Sec 7.24 18/08/2055,GOI Securities,SOV,17.74
HSBC Gilt Dir,Direct,16236,#N/A,Debt,GOI Sec 6.36 16/02/2031,GOI Securities,SOV,15.1
HSBC Gilt Dir,Direct,16236,#N/A,Debt,Reserve Bank of India T-Bills 182-D 03/09/2026,Treasury Bills,SOV,14.88
HSBC Gilt Dir,Direct,16236,#N/A,Debt,GOI Sec 6.68 07/07/2040,GOI Securities,SOV,8.79
HSBC Gilt Dir,Direct,16236,#N/A,Equity,--,--,--,--
Helios Arbitrage Dir,Direct,45891,INF0R8701442,Debt,Reserve Bank of India T-Bills 364-D 28/01/2027,Treasury Bills,SOV,9.95
Helios Arbitrage Dir,Direct,45891,INF0R8701442,Debt,Reserve Bank of India T-Bills 364-D 11/03/2027,Treasury Bills,SOV,9.89
Helios Arbitrage Dir,Direct,45891,INF0R8701442,Debt,Reserve Bank of India T-Bills 364-D 13/08/2026,Treasury Bills,SOV,4.08
Helios Arbitrage Dir,Direct,45891,INF0R8701442,Equity,Sun Pharmaceutical,Healthcare,37.38,6.82
Helios Arbitrage Dir,Direct,45891,INF0R8701442,Equity,ICICI Bank,Financial,17.14,6.23
Helios Arbitrage Dir,Direct,45891,INF0R8701442,Equity,Mahindra & Mahindra,Consumer Discretionary,21.56,5.65
Helios Arbitrage Dir,Direct,45891,INF0R8701442,Equity,Bharti Airtel,Technology,40.64,5.57
Helios Arbitrage Dir,Direct,45891,INF0R8701442,Equity,ITC,Consumer Staples,17.2,4.91
Helios Balanced Advantage Dir,Direct,44208,INF0R8701145,Debt,Embassy Office,Real Estate Investment Trusts,--,1.99
Helios Balanced Advantage Dir,Direct,44208,INF0R8701145,Debt,GOI Sec 7.06 10/04/2028,GOI Securities,SOV,1.67
Helios Balanced Advantage Dir,Direct,44208,INF0R8701145,Debt,GOI Sec 7.10 08/04/2034,GOI Securities,SOV,1.65
Helios Balanced Advantage Dir,Direct,44208,INF0R8701145,Debt,Reserve Bank of India T-Bills 364-D 06/08/2026,Treasury Bills,SOV,1.62
Helios Balanced Advantage Dir,Direct,44208,INF0R8701145,Debt,Reserve Bank of India T-Bills 364-D 19/11/2026,Treasury Bills,SOV,1.59
Helios Balanced Advantage Dir,Direct,44208,INF0R8701145,Equity,Kotak Bank,Financial,19.98,6.58
Helios Balanced Advantage Dir,Direct,44208,INF0R8701145,Equity,Reliance Ind,Energy & Utilities,21.14,6.03
Helios Balanced Advantage Dir,Direct,44208,INF0R8701145,Equity,HDFC Bank,Financial,15.15,4.69
Helios Balanced Advantage Dir,Direct,44208,INF0R8701145,Equity,ICICI Bank,Financial,17.14,4.47
Helios Balanced Advantage Dir,Direct,44208,INF0R8701145,Equity,Bharti Airtel,Technology,40.64,4.22
Helios Flexi Cap Dir,Direct,43839,#N/A,Debt,--,--,--,--
Helios Flexi Cap Dir,Direct,43839,#N/A,Equity,Adani Ports,Industrials,33,4.39
Helios Flexi Cap Dir,Direct,43839,#N/A,Equity,HDFC Bank,Financial,15.26,4.35
Helios Flexi Cap Dir,Direct,43839,#N/A,Equity,Eternal,Technology,641.25,3.86
Helios Flexi Cap Dir,Direct,43839,#N/A,Equity,ICICI Bank,Financial,17.15,3.78
Helios Flexi Cap Dir,Direct,43839,#N/A,Equity,Reliance Ind,Energy & Utilities,21.26,3.76
ICICI Pru Aggressive Hybrid Active FoF Dir,Direct,17838,INF109K01X40,Debt,ICICI Pru Gilt Direct-G,Mutual Fund,--,9.05
ICICI Pru Aggressive Hybrid Active FoF Dir,Direct,17838,INF109K01X40,Debt,ICICI Pru Corporate Bond Direct-G,Mutual Fund,--,5.99
ICICI Pru Aggressive Hybrid Active FoF Dir,Direct,17838,INF109K01X40,Debt,ICICI Pru Savings Direct -G,Mutual Fund,--,5.14
ICICI Pru Aggressive Hybrid Active FoF Dir,Direct,17838,INF109K01X40,Equity,ICICI Pru Banking and Financial Services Direct-G,Unspecified,--,26.8
ICICI Pru Aggressive Hybrid Active FoF Dir,Direct,17838,INF109K01X40,Equity,ICICI Pru Technology Direct-G,Unspecified,--,23.21
ICICI Pru Aggressive Hybrid Active FoF Dir,Direct,17838,INF109K01X40,Equity,ICICI Pru Pharma Healthcare And Diagnostics (P.H.D) Direct-G,Unspecified,--,9.32
ICICI Pru Aggressive Hybrid Active FoF Dir,Direct,17838,INF109K01X40,Equity,ICICI Pru Bharat Consumption Direct-G,Unspecified,--,7.92
ICICI Pru Aggressive Hybrid Active FoF Dir,Direct,17838,INF109K01X40,Equity,ICICI Pru Rural Opportunities Direct-G,Unspecified,--,5.18
ICICI Pru Arbitrage Dir,Direct,17396,INF109K016O4,Debt,ICICI Pru Money Market Direct-G,Mutual Fund,--,16.06
ICICI Pru Arbitrage Dir,Direct,17396,INF109K016O4,Debt,Union Bank of India CD 18/02/2027,Certificate of Deposit,A1+,1.91
ICICI Pru Arbitrage Dir,Direct,17396,INF109K016O4,Debt,HDFC Bank Ltd CD 15/02/2027,Certificate of Deposit,A1+,1.47
ICICI Pru Arbitrage Dir,Direct,17396,INF109K016O4,Debt,Small Industries Devp. Bank of India Ltd CD 28/01/2027,Certificate of Deposit,A1+,1.18
ICICI Pru Arbitrage Dir,Direct,17396,INF109K016O4,Debt,National Bank For Agriculture & Rural Development CD 26/02/2027,Certificate of Deposit,A1+,0.88
ICICI Pru Arbitrage Dir,Direct,17396,INF109K016O4,Equity,Bharti Airtel,Technology,40.64,5.15
ICICI Pru Arbitrage Dir,Direct,17396,INF109K016O4,Equity,HDFC Bank,Financial,15.15,3.9
ICICI Pru Arbitrage Dir,Direct,17396,INF109K016O4,Equity,Vodafone Idea,Technology,4.33,3.7
ICICI Pru Arbitrage Dir,Direct,17396,INF109K016O4,Equity,Reliance Ind,Energy & Utilities,21.14,3.5
ICICI Pru Arbitrage Dir,Direct,17396,INF109K016O4,Equity,SBI,Financial,11.13,2.95
ICICI Pru BSE 500 ETF,Direct,36037,#N/A,Debt,--,--,--,--
ICICI Pru BSE 500 ETF,Direct,36037,#N/A,Equity,HDFC Bank,Financial,15.26,6.03
ICICI Pru BSE 500 ETF,Direct,36037,#N/A,Equity,ICICI Bank,Financial,17.15,4.78
ICICI Pru BSE 500 ETF,Direct,36037,#N/A,Equity,Reliance Ind,Energy & Utilities,21.26,4.75
ICICI Pru BSE 500 ETF,Direct,36037,#N/A,Equity,Bharti Airtel,Technology,40.89,2.77
ICICI Pru BSE 500 ETF,Direct,36037,#N/A,Equity,Larsen & Toubro,Industrials,33.67,2.53
ICICI Pru BSE 500 ETF FOF Dir,Direct,41852,#N/A,Debt,--,--,--,--
ICICI Pru BSE 500 ETF FOF Dir,Direct,41852,#N/A,Equity,ICICI BSE500 ETF,Unspecified,--,99.9
ICICI Pru Balanced Advantage Dir,Direct,15829,INF109K012B0,Debt,Embassy Office,Real Estate Investment Trusts,--,2.92
ICICI Pru Balanced Advantage Dir,Direct,15829,INF109K012B0,Debt,HDFC Bank Ltd CD 15/02/2027,Certificate of Deposit,A1+,1.48
ICICI Pru Balanced Advantage Dir,Direct,15829,INF109K012B0,Debt,GOI Sec 6.90 15/04/2065,GOI Securities,SOV,1.12
ICICI Pru Balanced Advantage Dir,Direct,15829,INF109K012B0,Debt,Cholamandalam Investment & Finance Company Ltd SR 665 RR Debenture 27/02/2029,Debenture,AA+,0.99
ICICI Pru Balanced Advantage Dir,Direct,15829,INF109K012B0,Debt,GOI Sec 7.24 18/08/2055,GOI Securities,SOV,0.9
ICICI Pru Balanced Advantage Dir,Direct,15829,INF109K012B0,Equity,TVS Motor,Consumer Discretionary,52.76,5.09
ICICI Pru Balanced Advantage Dir,Direct,15829,INF109K012B0,Equity,ICICI Bank,Financial,17.14,3.82
ICICI Pru Balanced Advantage Dir,Direct,15829,INF109K012B0,Equity,HDFC Bank,Financial,15.15,3.52
ICICI Pru Balanced Advantage Dir,Direct,15829,INF109K012B0,Equity,Reliance Ind,Energy & Utilities,21.14,3.02
ICICI Pru Balanced Advantage Dir,Direct,15829,INF109K012B0,Equity,Infosys,Technology,15.78,2.83
ICICI Pru Children's Dir,Direct,15940,INF109K01Y49,Debt,Vedanta Ltd SR 1 Debenture 9.40 20/02/2027,Debenture,AA+,3.55
ICICI Pru Children's Dir,Direct,15940,INF109K01Y49,Debt,GOI Sec 7.34 22/04/2064,GOI Securities,SOV,2.04
ICICI Pru Children's Dir,Direct,15940,INF109K01Y49,Debt,Muthoot Finance Ltd Debenture 8.90 17/06/2027,Debenture,AA+,1.78
ICICI Pru Children's Dir,Direct,15940,INF109K01Y49,Debt,GOI Sec 6.90 15/04/2065,GOI Securities,SOV,1.28
ICICI Pru Children's Dir,Direct,15940,INF109K01Y49,Debt,GOI Sec 6.48 06/10/2035,GOI Securities,SOV,1.26
ICICI Pru Children's Dir,Direct,15940,INF109K01Y49,Equity,Reliance Ind,Energy & Utilities,21.26,8.45
ICICI Pru Children's Dir,Direct,15940,INF109K01Y49,Equity,HDFC Bank,Financial,15.26,6.88
ICICI Pru Children's Dir,Direct,15940,INF109K01Y49,Equity,Atul,Materials,28.92,4.38
ICICI Pru Children's Dir,Direct,15940,INF109K01Y49,Equity,SBI,Financial,11.16,3.43
ICICI Pru Children's Dir,Direct,15940,INF109K01Y49,Equity,Infosys,Technology,15.85,3.3
ICICI Pru Constant Maturity Gilt Dir,Direct,27957,#N/A,Debt,GOI Sec 6.48 06/10/2035,GOI Securities,SOV,26.27
ICICI Pru Constant Maturity Gilt Dir,Direct,27957,#N/A,Debt,GOI Sec 6.68 07/07/2040,GOI Securities,SOV,20.09
ICICI Pru Constant Maturity Gilt Dir,Direct,27957,#N/A,Debt,GOI Sec 6.64 16/06/2035,GOI Securities,SOV,19.07
ICICI Pru Constant Maturity Gilt Dir,Direct,27957,#N/A,Debt,GOI Sec 7.41 19/12/2036,GOI Securities,SOV,17.03
ICICI Pru Constant Maturity Gilt Dir,Direct,27957,#N/A,Debt,GOI Sec 6.68 27/01/2033,GOI Securities,SOV,9.99
ICICI Pru Constant Maturity Gilt Dir,Direct,27957,#N/A,Equity,--,--,--,--
ICICI Pru Diversified Equity All Cap Active FoF Dir,Direct,45888,#N/A,Debt,--,--,--,--
ICICI Pru Diversified Equity All Cap Active FoF Dir,Direct,45888,#N/A,Equity,ICICI Pru Large & Mid Cap Direct-G,Unspecified,--,40.46
ICICI Pru Diversified Equity All Cap Active FoF Dir,Direct,45888,#N/A,Equity,ICICI Pru Large Cap Direct-G,Unspecified,--,31.34
ICICI Pru Diversified Equity All Cap Active FoF Dir,Direct,45888,#N/A,Equity,ICICI Pru Smallcap Direct-G,Unspecified,--,9.62
ICICI Pru Diversified Equity All Cap Active FoF Dir,Direct,45888,#N/A,Equity,ICICI Pru Multicap Direct-G,Unspecified,--,9.25
ICICI Pru Diversified Equity All Cap Active FoF Dir,Direct,45888,#N/A,Equity,ICICI Pru Focused Equity Direct-G,Unspecified,--,5.61
ICICI Pru Diversified Equity All Cap Omni FoF Dir,Direct,40662,#N/A,Debt,--,--,--,--
ICICI Pru Diversified Equity All Cap Omni FoF Dir,Direct,40662,#N/A,Equity,ICICI Pru Focused Equity Direct-G,Unspecified,--,49.24
ICICI Pru Diversified Equity All Cap Omni FoF Dir,Direct,40662,#N/A,Equity,Bandhan Large & Mid Cap Direct-G,Unspecified,--,6.94
ICICI Pru Diversified Equity All Cap Omni FoF Dir,Direct,40662,#N/A,Equity,Parag Parikh Flexi Cap Direct-G,Unspecified,--,6.54
ICICI Pru Diversified Equity All Cap Omni FoF Dir,Direct,40662,#N/A,Equity,Helios Flexi Cap Direct-G,Unspecified,--,5.81
ICICI Pru Diversified Equity All Cap Omni FoF Dir,Direct,40662,#N/A,Equity,HDFC SML250 ETF,Unspecified,--,5.45
ICICI Pru Dynamic Asset Allocation Active FoF Dir,Direct,17406,INF109K01X16,Debt,ICICI Pru All Seasons Bond Direct-G,Mutual Fund,--,11.11
ICICI Pru Dynamic Asset Allocation Active FoF Dir,Direct,17406,INF109K01X16,Debt,ICICI Pru Savings Direct -G,Mutual Fund,--,7.99
ICICI Pru Dynamic Asset Allocation Active FoF Dir,Direct,17406,INF109K01X16,Debt,ICICI Pru Short Term Direct-G,Mutual Fund,--,4.52
ICICI Pru Dynamic Asset Allocation Active FoF Dir,Direct,17406,INF109K01X16,Debt,ICICI Pru Corporate Bond Direct-G,Mutual Fund,--,4.06
ICICI Pru Dynamic Asset Allocation Active FoF Dir,Direct,17406,INF109K01X16,Debt,ICICI Pru Gilt Direct-G,Mutual Fund,--,3.84
ICICI Pru Dynamic Asset Allocation Active FoF Dir,Direct,17406,INF109K01X16,Equity,ICICI Pru Value Direct-G,Unspecified,--,10.87
ICICI Pru Dynamic Asset Allocation Active FoF Dir,Direct,17406,INF109K01X16,Equity,ICICI Pru Focused Equity Direct-G,Unspecified,--,5.64
ICICI Pru Dynamic Asset Allocation Active FoF Dir,Direct,17406,INF109K01X16,Equity,ICICI Pru Technology Direct-G,Unspecified,--,5.33
ICICI Pru Dynamic Asset Allocation Active FoF Dir,Direct,17406,INF109K01X16,Equity,ICICI Pru Innovation Direct-G,Unspecified,--,5.05
ICICI Pru Dynamic Asset Allocation Active FoF Dir,Direct,17406,INF109K01X16,Equity,ICICI Pru Large & Mid Cap Direct-G,Unspecified,--,4.9
ICICI Pru Equity & Debt Dir,Direct,15815,INF109K01Y07,Debt,--,--,--,--
ICICI Pru Equity & Debt Dir,Direct,15815,INF109K01Y07,Equity,--,--,--,--
ICICI Pru Equity Savings Dir,Direct,28745,INF109KA11J9,Debt,ICICI Pru Savings Direct -G,Mutual Fund,--,8.22
ICICI Pru Equity Savings Dir,Direct,28745,INF109KA11J9,Debt,ICICI Pru Money Market Direct-G,Mutual Fund,--,7.96
ICICI Pru Equity Savings Dir,Direct,28745,INF109KA11J9,Debt,HDFC Bank Ltd CD 05/03/2027,Certificate of Deposit,A1+,0.85
ICICI Pru Equity Savings Dir,Direct,28745,INF109KA11J9,Debt,GOI Sec 6.90 15/04/2065,GOI Securities,SOV,0.81
ICICI Pru Equity Savings Dir,Direct,28745,INF109KA11J9,Debt,GOI Sec 6.48 06/10/2035,GOI Securities,SOV,0.66
ICICI Pru Equity Savings Dir,Direct,28745,INF109KA11J9,Equity,HDFC Bank,Financial,15.15,8.24
ICICI Pru Equity Savings Dir,Direct,28745,INF109KA11J9,Equity,Sun Pharmaceutical,Healthcare,37.38,5.58
ICICI Pru Equity Savings Dir,Direct,28745,INF109KA11J9,Equity,Reliance Ind,Energy & Utilities,21.14,5.45
ICICI Pru Equity Savings Dir,Direct,28745,INF109KA11J9,Equity,Kotak Bank,Financial,19.98,3.42
ICICI Pru Equity Savings Dir,Direct,28745,INF109KA11J9,Equity,Mahindra & Mahindra,Consumer Discretionary,21.56,3.2
ICICI Pru Flexicap Dir,Direct,41525,#N/A,Debt,--,--,--,--
ICICI Pru Flexicap Dir,Direct,41525,#N/A,Equity,--,--,--,--
ICICI Pru Focused Equity Dir,Direct,17412,#N/A,Debt,--,--,--,--
ICICI Pru Focused Equity Dir,Direct,17412,#N/A,Equity,ICICI Bank,Financial,17.15,8.07
ICICI Pru Focused Equity Dir,Direct,17412,#N/A,Equity,Axis Bank,Financial,15.54,6.68
ICICI Pru Focused Equity Dir,Direct,17412,#N/A,Equity,TVS Motor,Consumer Discretionary,53.1,5.21
ICICI Pru Focused Equity Dir,Direct,17412,#N/A,Equity,HDFC Bank,Financial,15.26,4.95
ICICI Pru Focused Equity Dir,Direct,17412,#N/A,Equity,Adani Ports,Industrials,33,4.6
ICICI Pru Gilt Dir,Direct,15953,#N/A,Debt,GOI Sec 6.90 15/04/2065,GOI Securities,SOV,15.03
ICICI Pru Gilt Dir,Direct,15953,#N/A,Debt,GOI Sec 6.48 06/10/2035,GOI Securities,SOV,12.57
ICICI Pru Gilt Dir,Direct,15953,#N/A,Debt,GOI Sec 7.24 18/08/2055,GOI Securities,SOV,9.6
ICICI Pru Gilt Dir,Direct,15953,#N/A,Debt,GOI Sec 7.34 22/04/2064,GOI Securities,SOV,8.8
ICICI Pru Gilt Dir,Direct,15953,#N/A,Debt,Maharashtra State SDL 7.15 16/07/2049,State Development Loan,SOV,3.24
ICICI Pru Gilt Dir,Direct,15953,#N/A,Equity,--,--,--,--
ICICI Pru Nifty 10 yr Benchmark G-Sec ETF,Direct,42946,#N/A,Debt,GOI Sec 6.94 11/05/2036,GOI Securities,SOV,98.96
ICICI Pru Nifty 10 yr Benchmark G-Sec ETF,Direct,42946,#N/A,Equity,--,--,--,--
ICICI Pru Nifty 5 yr Benchmark G-SEC ETF,Direct,42160,#N/A,Debt,GOI Sec 6.36 16/02/2031,GOI Securities,SOV,97.18
ICICI Pru Nifty 5 yr Benchmark G-SEC ETF,Direct,42160,#N/A,Equity,--,--,--,--
ICICI Pru Nifty 500 Index Dir,Direct,44820,#N/A,Debt,--,--,--,--
ICICI Pru Nifty 500 Index Dir,Direct,44820,#N/A,Equity,HDFC Bank,Financial,15.15,5.88
ICICI Pru Nifty 500 Index Dir,Direct,44820,#N/A,Equity,ICICI Bank,Financial,17.14,4.64
ICICI Pru Nifty 500 Index Dir,Direct,44820,#N/A,Equity,Reliance Ind,Energy & Utilities,21.14,4.61
ICICI Pru Nifty 500 Index Dir,Direct,44820,#N/A,Equity,Bharti Airtel,Technology,40.64,2.9
ICICI Pru Nifty 500 Index Dir,Direct,44820,#N/A,Equity,Larsen & Toubro,Industrials,33.53,2.47
ICICI Pru Regular Savings Dir,Direct,15851,INF109K01S39,Debt,GOI Sec 6.90 15/04/2065,GOI Securities,SOV,4.1
ICICI Pru Regular Savings Dir,Direct,15851,INF109K01S39,Debt,GOI Sec 6.48 06/10/2035,GOI Securities,SOV,3.35
ICICI Pru Regular Savings Dir,Direct,15851,INF109K01S39,Debt,National Bank For Agriculture & Rural Development SR 24C Bonds/NCD 7.83 30/12/2026,Bonds/NCDs,AAA,3.02
ICICI Pru Regular Savings Dir,Direct,15851,INF109K01S39,Debt,Adani Enterprises Ltd NCD 8.70 24/03/2028,Non Convertible Debenture,AA-,3
ICICI Pru Regular Savings Dir,Direct,15851,INF109K01S39,Debt,Manappuram Finance Ltd NCD 15/12/2027,Non Convertible Debenture,AA,2.99
ICICI Pru Regular Savings Dir,Direct,15851,INF109K01S39,Equity,ICICI Bank,Financial,17.14,1.42
ICICI Pru Regular Savings Dir,Direct,15851,INF109K01S39,Equity,HDFC Bank,Financial,15.15,1.35
ICICI Pru Regular Savings Dir,Direct,15851,INF109K01S39,Equity,Axis Bank,Financial,15.54,1.08
ICICI Pru Regular Savings Dir,Direct,15851,INF109K01S39,Equity,SBI Life Insurance,Financial,122,0.97
ICICI Pru Regular Savings Dir,Direct,15851,INF109K01S39,Equity,Bharti Airtel,Technology,40.64,0.93
ICICI Pru Retirement Hybrid Aggressive Dir,Direct,39059,INF109KC1TW4,Debt,Vedanta Ltd SR I Debenture 9.31 03/12/2027,Debenture,AA,2.52
ICICI Pru Retirement Hybrid Aggressive Dir,Direct,39059,INF109KC1TW4,Debt,GOI Sec 6.48 06/10/2035,GOI Securities,SOV,1.64
ICICI Pru Retirement Hybrid Aggressive Dir,Direct,39059,INF109KC1TW4,Debt,GOI Sec 6.90 15/04/2065,GOI Securities,SOV,1.51
ICICI Pru Retirement Hybrid Aggressive Dir,Direct,39059,INF109KC1TW4,Debt,Summit Digitel Infrastructure Pvt. Ltd Debenture 6.59 16/06/2026,Debenture,AAA,1.26
ICICI Pru Retirement Hybrid Aggressive Dir,Direct,39059,INF109KC1TW4,Debt,National Bank For Agriculture & Rural Development SR 23I Debenture 7.62 31/01/2028,Debenture,AAA,1.25
ICICI Pru Retirement Hybrid Aggressive Dir,Direct,39059,INF109KC1TW4,Equity,HDFC Bank,Financial,15.26,2.37
ICICI Pru Retirement Hybrid Aggressive Dir,Direct,39059,INF109KC1TW4,Equity,Mahindra & Mahindra,Consumer Discretionary,21.69,2.21
ICICI Pru Retirement Hybrid Aggressive Dir,Direct,39059,INF109KC1TW4,Equity,Titan,Consumer Discretionary,71.12,2.19
ICICI Pru Retirement Hybrid Aggressive Dir,Direct,39059,INF109KC1TW4,Equity,Reliance Ind,Energy & Utilities,21.26,2.14
ICICI Pru Retirement Hybrid Aggressive Dir,Direct,39059,INF109KC1TW4,Equity,Tech Mahindra,Technology,30.24,1.9
ICICI Pru Retirement Hybrid Conservative Dir,Direct,39063,INF109KC1UA8,Debt,GOI Sec 6.48 06/10/2035,GOI Securities,SOV,13.96
ICICI Pru Retirement Hybrid Conservative Dir,Direct,39063,INF109KC1UA8,Debt,GOI Sec 7.34 22/04/2064,GOI Securities,SOV,6.32
ICICI Pru Retirement Hybrid Conservative Dir,Direct,39063,INF109KC1UA8,Debt,Summit Digitel Infrastructure Pvt. Ltd Debenture 6.59 16/06/2026,Debenture,AAA,5.5
ICICI Pru Retirement Hybrid Conservative Dir,Direct,39063,INF109KC1UA8,Debt,National Bank For Agriculture & Rural Development SR 23I Debenture 7.62 31/01/2028,Debenture,AAA,5.48
ICICI Pru Retirement Hybrid Conservative Dir,Direct,39063,INF109KC1UA8,Debt,Power Finance Corporation Ltd SR 205-B Debenture 7.20 10/08/2035,Debenture,AAA,5.29
ICICI Pru Retirement Hybrid Conservative Dir,Direct,39063,INF109KC1UA8,Equity,Larsen & Toubro,Industrials,33.53,1.57
ICICI Pru Retirement Hybrid Conservative Dir,Direct,39063,INF109KC1UA8,Equity,Mahindra & Mahindra,Consumer Discretionary,21.56,1.43
ICICI Pru Retirement Hybrid Conservative Dir,Direct,39063,INF109KC1UA8,Equity,Bajaj Auto,Consumer Discretionary,26.4,1.31
ICICI Pru Retirement Hybrid Conservative Dir,Direct,39063,INF109KC1UA8,Equity,Bharti Hexacom,Technology,42.31,1.25
ICICI Pru Retirement Hybrid Conservative Dir,Direct,39063,INF109KC1UA8,Equity,Tech Mahindra,Technology,30.12,1.22
ICICI Pru Retirement Pure Equity Dir,Direct,39055,#N/A,Debt,--,--,--,--
ICICI Pru Retirement Pure Equity Dir,Direct,39055,#N/A,Equity,HDFC Bank,Financial,15.26,5.74
ICICI Pru Retirement Pure Equity Dir,Direct,39055,#N/A,Equity,Reliance Ind,Energy & Utilities,21.26,4.14
ICICI Pru Retirement Pure Equity Dir,Direct,39055,#N/A,Equity,Hindustan Unilever,Consumer Staples,34,3.34
ICICI Pru Retirement Pure Equity Dir,Direct,39055,#N/A,Equity,Britannia Ind,Consumer Staples,49.3,2.47
ICICI Pru Retirement Pure Equity Dir,Direct,39055,#N/A,Equity,ICICI Bank,Financial,17.15,2.38
ITI Arbitrage Dir,Direct,40255,INF00XX01440,Debt,ITI Liquid Direct-G,Mutual Fund,--,10.69
ITI Arbitrage Dir,Direct,40255,INF00XX01440,Equity,HDFC Bank,Financial,15.15,4.56
ITI Arbitrage Dir,Direct,40255,INF00XX01440,Equity,Power Fin.,Financial,5.51,4.53
ITI Arbitrage Dir,Direct,40255,INF00XX01440,Equity,One97 Comm,Industrials,123.68,4.26
ITI Arbitrage Dir,Direct,40255,INF00XX01440,Equity,Cummins India,Industrials,65.51,3.73
ITI Arbitrage Dir,Direct,40255,INF00XX01440,Equity,HDFC Life,Financial,62.11,3.24
ITI Balanced Advantage Dir,Direct,40425,INF00XX01689,Debt,GOI Sec 7.06 10/04/2028,GOI Securities,SOV,4.34
ITI Balanced Advantage Dir,Direct,40425,INF00XX01689,Debt,National Bank For Agriculture & Rural Development SR 25G Bonds 7.48 15/09/2028,Bonds,AAA,3.97
ITI Balanced Advantage Dir,Direct,40425,INF00XX01689,Debt,Power Grid Corporation of India Ltd Debenture 8.13 25/04/2028,Debenture,AAA,2.89
ITI Balanced Advantage Dir,Direct,40425,INF00XX01689,Debt,National Bank For Agriculture & Rural Development SR 25E Bonds 7.53 24/03/2028,Bonds,AAA,2.28
ITI Balanced Advantage Dir,Direct,40425,INF00XX01689,Debt,Small Industries Devp. Bank of India Ltd SR IV Bonds 7.79 19/04/2027,Bonds,AAA,2.14
ITI Balanced Advantage Dir,Direct,40425,INF00XX01689,Equity,Reliance Ind,Energy & Utilities,21.14,4.72
ITI Balanced Advantage Dir,Direct,40425,INF00XX01689,Equity,Bharti Airtel,Technology,40.64,4.43
ITI Balanced Advantage Dir,Direct,40425,INF00XX01689,Equity,HDFC Bank,Financial,15.15,3.8
ITI Balanced Advantage Dir,Direct,40425,INF00XX01689,Equity,ICICI Bank,Financial,17.14,3.63
ITI Balanced Advantage Dir,Direct,40425,INF00XX01689,Equity,Shriram Finance,Financial,21.13,3.14
ITI Flexi Cap Dir,Direct,43120,#N/A,Debt,--,--,--,--
ITI Flexi Cap Dir,Direct,43120,#N/A,Equity,HDFC Bank,Financial,15.15,4.82
ITI Flexi Cap Dir,Direct,43120,#N/A,Equity,ICICI Bank,Financial,17.14,4.35
ITI Flexi Cap Dir,Direct,43120,#N/A,Equity,Reliance Ind,Energy & Utilities,21.14,4.28
ITI Flexi Cap Dir,Direct,43120,#N/A,Equity,Bharti Airtel,Technology,40.64,2.75
ITI Flexi Cap Dir,Direct,43120,#N/A,Equity,Larsen & Toubro,Industrials,33.53,2.39
ITI Focused Dir,Direct,43534,#N/A,Debt,--,--,--,--
ITI Focused Dir,Direct,43534,#N/A,Equity,HDFC Bank,Financial,15.15,5.48
ITI Focused Dir,Direct,43534,#N/A,Equity,MCX,Financial,52.56,4.84
ITI Focused Dir,Direct,43534,#N/A,Equity,Reliance Ind,Energy & Utilities,21.14,4.83
ITI Focused Dir,Direct,43534,#N/A,Equity,ICICI Bank,Financial,17.14,4.77
ITI Focused Dir,Direct,43534,#N/A,Equity,Solar,Materials,95.91,4.19
Invesco India Aggressive Hybrid Dir,Direct,36540,INF205K014Q7,Debt,Invesco India Low Duration Direct-G,Mutual Fund,--,7.55
Invesco India Aggressive Hybrid Dir,Direct,36540,INF205K014Q7,Debt,National Bank For Agriculture & Rural Development SR 24E Debenture 7.80 15/03/2027,Debenture,AAA,3.29
Invesco India Aggressive Hybrid Dir,Direct,36540,INF205K014Q7,Debt,National Bank For Agriculture & Rural Development SR 25E Bonds 7.53 24/03/2028,Bonds,AAA,3.28
Invesco India Aggressive Hybrid Dir,Direct,36540,INF205K014Q7,Debt,Adani Power Ltd SR II Debenture 8.20 25/01/2029,Debenture,AA,3.25
Invesco India Aggressive Hybrid Dir,Direct,36540,INF205K014Q7,Debt,Jio Credit Ltd SR 1 Debenture 7.19 15/03/2028,Debenture,AAA,3.24
Invesco India Aggressive Hybrid Dir,Direct,36540,INF205K014Q7,Equity,HDFC Bank,Financial,15.26,5.26
Invesco India Aggressive Hybrid Dir,Direct,36540,INF205K014Q7,Equity,ICICI Bank,Financial,17.15,4.64
Invesco India Aggressive Hybrid Dir,Direct,36540,INF205K014Q7,Equity,Infosys,Technology,15.85,3.88
Invesco India Aggressive Hybrid Dir,Direct,36540,INF205K014Q7,Equity,Kotak Bank,Financial,20.08,2.77
Invesco India Aggressive Hybrid Dir,Direct,36540,INF205K014Q7,Equity,Tata Consultancy,Technology,15.91,2.5
Invesco India Arbitrage Dir,Direct,16368,INF205K01KR8,Debt,Invesco India Liquid Direct-G,Mutual Fund,--,8.55
Invesco India Arbitrage Dir,Direct,16368,INF205K01KR8,Debt,Invesco India Money Market Direct-G,Mutual Fund,--,5.36
Invesco India Arbitrage Dir,Direct,16368,INF205K01KR8,Debt,HDFC Bank Ltd CD 11/09/2026,Certificate of Deposit,A1+,1.79
Invesco India Arbitrage Dir,Direct,16368,INF205K01KR8,Debt,Punjab National Bank CD 15/09/2026,Certificate of Deposit,A1+,1.78
Invesco India Arbitrage Dir,Direct,16368,INF205K01KR8,Debt,Small Industries Devp. Bank of India Ltd CP 26/02/2027,Commercial Paper,A1+,1.73
Invesco India Arbitrage Dir,Direct,16368,INF205K01KR8,Equity,SBI,Financial,11.13,3.68
Invesco India Arbitrage Dir,Direct,16368,INF205K01KR8,Equity,ICICI Bank,Financial,17.14,3.4
Invesco India Arbitrage Dir,Direct,16368,INF205K01KR8,Equity,HDFC Bank,Financial,15.15,2.73
Invesco India Arbitrage Dir,Direct,16368,INF205K01KR8,Equity,Varun Beverages,Consumer Staples,56.06,2.63
Invesco India Arbitrage Dir,Direct,16368,INF205K01KR8,Equity,Cholamandalam Inv,Financial,24.07,2.55
Invesco India Balanced Advantage Dir,Direct,16740,INF205K01LN5,Debt,Invesco India Short Duration Direct-G,Mutual Fund,--,8.3
Invesco India Balanced Advantage Dir,Direct,16740,INF205K01LN5,Debt,Invesco India Low Duration Direct-G,Mutual Fund,--,7.64
Invesco India Balanced Advantage Dir,Direct,16740,INF205K01LN5,Debt,National Bank For Agriculture & Rural Development SR 24E Debenture 7.80 15/03/2027,Debenture,AAA,2.45
Invesco India Balanced Advantage Dir,Direct,16740,INF205K01LN5,Debt,GOI Sec 7.26 14/01/2029,GOI Securities,SOV,1.99
Invesco India Balanced Advantage Dir,Direct,16740,INF205K01LN5,Debt,Invesco India Medium Duration Direct-G,Mutual Fund,--,1.64
Invesco India Balanced Advantage Dir,Direct,16740,INF205K01LN5,Equity,HDFC Bank,Financial,15.15,8.07
Invesco India Balanced Advantage Dir,Direct,16740,INF205K01LN5,Equity,Reliance Ind,Energy & Utilities,21.14,7.44
Invesco India Balanced Advantage Dir,Direct,16740,INF205K01LN5,Equity,ICICI Bank,Financial,17.14,4.75
Invesco India Balanced Advantage Dir,Direct,16740,INF205K01LN5,Equity,Eternal,Technology,634.13,4.24
Invesco India Balanced Advantage Dir,Direct,16740,INF205K01LN5,Equity,Infosys,Technology,15.78,3.12
Invesco India Equity Savings Dir,Direct,39161,INF205KA1049,Debt,GOI Sec 6.48 06/10/2035,GOI Securities,SOV,5.83
Invesco India Equity Savings Dir,Direct,39161,INF205KA1049,Debt,Invesco India Liquid Direct-G,Mutual Fund,--,3.74
Invesco India Equity Savings Dir,Direct,39161,INF205KA1049,Debt,Godrej Properties Ltd SR I Debenture 8.30 19/03/2027,Debenture,AA+,3.04
Invesco India Equity Savings Dir,Direct,39161,INF205KA1049,Debt,Small Industries Devp. Bank of India Ltd SR II Debenture 7.44 04/09/2026,Debenture,AAA,3.03
Invesco India Equity Savings Dir,Direct,39161,INF205KA1049,Debt,Cholamandalam Investment & Finance Company Ltd CP 364-D 22/01/2027,Commercial Paper,A1+,2
Invesco India Equity Savings Dir,Direct,39161,INF205KA1049,Equity,Axis Bank,Financial,15.54,7.94
Invesco India Equity Savings Dir,Direct,39161,INF205KA1049,Equity,HDFC Bank,Financial,15.15,5.94
Invesco India Equity Savings Dir,Direct,39161,INF205KA1049,Equity,Reliance Ind,Energy & Utilities,21.14,5.17
Invesco India Equity Savings Dir,Direct,39161,INF205KA1049,Equity,Kotak Bank,Financial,19.98,4.75
Invesco India Equity Savings Dir,Direct,39161,INF205KA1049,Equity,United Spirits,Consumer Staples,49.94,4.24
Invesco India Flexi Cap Dir,Direct,42014,#N/A,Debt,--,--,--,--
Invesco India Flexi Cap Dir,Direct,42014,#N/A,Equity,ICICI Bank,Financial,17.15,5.43
Invesco India Flexi Cap Dir,Direct,42014,#N/A,Equity,Larsen & Toubro,Industrials,33.67,4.61
Invesco India Flexi Cap Dir,Direct,42014,#N/A,Equity,HDFC Bank,Financial,15.26,3.78
Invesco India Flexi Cap Dir,Direct,42014,#N/A,Equity,Interglobe Aviation,Industrials,--,3.15
Invesco India Flexi Cap Dir,Direct,42014,#N/A,Equity,Cholamandalam Inv,Financial,24.24,2.93
Invesco India Focused Dir,Direct,41096,#N/A,Debt,--,--,--,--
Invesco India Focused Dir,Direct,41096,#N/A,Equity,ICICI Bank,Financial,17.15,8.36
Invesco India Focused Dir,Direct,41096,#N/A,Equity,Larsen & Toubro,Industrials,33.67,7.9
Invesco India Focused Dir,Direct,41096,#N/A,Equity,HDFC Bank,Financial,15.26,7.16
Invesco India Focused Dir,Direct,41096,#N/A,Equity,Interglobe Aviation,Industrials,--,5.8
Invesco India Focused Dir,Direct,41096,#N/A,Equity,Ather Energy,Consumer Discretionary,--,5.17
Invesco India Gilt Dir,Direct,16750,#N/A,Debt,GOI Sec 7.24 18/08/2055,GOI Securities,SOV,43.11
Invesco India Gilt Dir,Direct,16750,#N/A,Debt,GOI Sec 6.90 15/04/2065,GOI Securities,SOV,30.57
Invesco India Gilt Dir,Direct,16750,#N/A,Debt,GOI Sec 6.68 07/07/2040,GOI Securities,SOV,17.77
Invesco India Gilt Dir,Direct,16750,#N/A,Equity,--,--,--,--
JM Aggressive Hybrid Dir,Direct,17144,INF192K01BQ9,Debt,GOI Sec 6.48 06/10/2035,GOI Securities,SOV,3.47
JM Aggressive Hybrid Dir,Direct,17144,INF192K01BQ9,Debt,GOI Sec 6.01 21/07/2030,GOI Securities,SOV,1.92
JM Aggressive Hybrid Dir,Direct,17144,INF192K01BQ9,Debt,Kotak Mahindra Bank Ltd CD 21/12/2026,Certificate of Deposit,A1+,1.36
JM Aggressive Hybrid Dir,Direct,17144,INF192K01BQ9,Debt,GOI Sec 6.36 16/02/2031,GOI Securities,SOV,1.26
JM Aggressive Hybrid Dir,Direct,17144,INF192K01BQ9,Debt,Canara Bank CD 12/01/2027,Certificate of Deposit,A1+,1.09
JM Aggressive Hybrid Dir,Direct,17144,INF192K01BQ9,Equity,MCX,Financial,52.84,3.46
JM Aggressive Hybrid Dir,Direct,17144,INF192K01BQ9,Equity,Bharti Airtel,Technology,40.89,3.33
JM Aggressive Hybrid Dir,Direct,17144,INF192K01BQ9,Equity,Bajaj Finance,Financial,28.99,3.14
JM Aggressive Hybrid Dir,Direct,17144,INF192K01BQ9,Equity,HDFC Bank,Financial,15.26,3.14
JM Aggressive Hybrid Dir,Direct,17144,INF192K01BQ9,Equity,NTPC,Energy & Utilities,12.68,2.93
JM Arbitrage Dir,Direct,17142,INF192K01BN6,Debt,JM Liquid Direct-G,Mutual Fund,--,3.95
JM Arbitrage Dir,Direct,17142,INF192K01BN6,Debt,Shriram Finance Ltd SR XIX TR8 Bonds 9.10 18/03/2027,Bonds,AAA,1.38
JM Arbitrage Dir,Direct,17142,INF192K01BN6,Debt,Reserve Bank of India T-Bills 182-D 11/06/2026,Treasury Bills,SOV,1.36
JM Arbitrage Dir,Direct,17142,INF192K01BN6,Debt,Reserve Bank of India T-Bills 182-D 09/07/2026,Treasury Bills,SOV,1.35
JM Arbitrage Dir,Direct,17142,INF192K01BN6,Debt,Reserve Bank of India T-Bills 182-D 30/07/2026,Treasury Bills,SOV,1.35
JM Arbitrage Dir,Direct,17142,INF192K01BN6,Equity,HDFC Bank,Financial,15.15,5.01
JM Arbitrage Dir,Direct,17142,INF192K01BN6,Equity,MCX,Financial,52.56,4.2
JM Arbitrage Dir,Direct,17142,INF192K01BN6,Equity,Kotak Bank,Financial,19.98,3.97
JM Arbitrage Dir,Direct,17142,INF192K01BN6,Equity,ICICI Bank,Financial,17.14,3.76
JM Arbitrage Dir,Direct,17142,INF192K01BN6,Equity,Bharti Airtel,Technology,40.64,3.64
JM Flexicap Dir,Direct,16547,#N/A,Debt,--,--,--,--
JM Flexicap Dir,Direct,16547,#N/A,Equity,ICICI Bank,Financial,17.15,3.56
JM Flexicap Dir,Direct,16547,#N/A,Equity,HDFC Bank,Financial,15.26,3.44
JM Flexicap Dir,Direct,16547,#N/A,Equity,Godfrey Phillips,Consumer Staples,23.15,3.04
JM Flexicap Dir,Direct,16547,#N/A,Equity,NTPC,Energy & Utilities,12.68,2.66
JM Flexicap Dir,Direct,16547,#N/A,Equity,Dr. Reddy'S Labs,Healthcare,25.33,2.62
JM Focused Dir,Direct,16539,#N/A,Debt,--,--,--,--
JM Focused Dir,Direct,16539,#N/A,Equity,--,--,--,--
JioBlackRock Arbitrage Dir,Direct,45707,INF22M001101,Debt,JioBlackRock Money Market Direct-G,Mutual Fund,--,9.56
JioBlackRock Arbitrage Dir,Direct,45707,INF22M001101,Debt,Canara Bank CD 15/06/2026,Certificate of Deposit,A1+,5.2
JioBlackRock Arbitrage Dir,Direct,45707,INF22M001101,Debt,ICICI Bank Ltd CD 29/06/2026,Certificate of Deposit,A1+,5.19
JioBlackRock Arbitrage Dir,Direct,45707,INF22M001101,Debt,Punjab National Bank CD 15/09/2026,Certificate of Deposit,A1+,5.11
JioBlackRock Arbitrage Dir,Direct,45707,INF22M001101,Debt,Canara Bank CD 28/01/2027,Certificate of Deposit,A1+,4.98
JioBlackRock Arbitrage Dir,Direct,45707,INF22M001101,Equity,Reliance Ind,Energy & Utilities,21.14,5.72
JioBlackRock Arbitrage Dir,Direct,45707,INF22M001101,Equity,ICICI Bank,Financial,17.14,5.4
JioBlackRock Arbitrage Dir,Direct,45707,INF22M001101,Equity,Adani Enterprises,Materials,41.04,5.37
JioBlackRock Arbitrage Dir,Direct,45707,INF22M001101,Equity,HDFC Bank,Financial,15.15,5.09
JioBlackRock Arbitrage Dir,Direct,45707,INF22M001101,Equity,Bharti Airtel,Technology,40.64,4
JioBlackRock Flexi Cap Dir,Direct,45482,#N/A,Debt,--,--,--,--
JioBlackRock Flexi Cap Dir,Direct,45482,#N/A,Equity,HDFC Bank,Financial,15.26,7.62
JioBlackRock Flexi Cap Dir,Direct,45482,#N/A,Equity,ICICI Bank,Financial,17.15,5.88
JioBlackRock Flexi Cap Dir,Direct,45482,#N/A,Equity,Bharti Airtel,Technology,40.89,4.41
JioBlackRock Flexi Cap Dir,Direct,45482,#N/A,Equity,Larsen & Toubro,Industrials,33.67,3.8
JioBlackRock Flexi Cap Dir,Direct,45482,#N/A,Equity,SBI,Financial,11.16,3.73
JioBlackRock Nifty 8-13 yr G-Sec Index Dir,Direct,45426,#N/A,Debt,GOI Sec 6.48 06/10/2035,GOI Securities,SOV,65.61
JioBlackRock Nifty 8-13 yr G-Sec Index Dir,Direct,45426,#N/A,Debt,GOI Sec 6.33 05/05/2035,GOI Securities,SOV,25.2
JioBlackRock Nifty 8-13 yr G-Sec Index Dir,Direct,45426,#N/A,Debt,GOI Sec 6.94 11/05/2036,GOI Securities,SOV,8.25
JioBlackRock Nifty 8-13 yr G-Sec Index Dir,Direct,45426,#N/A,Equity,--,--,--,--
Kotak Aggressive Hybrid Dir,Direct,16338,INF174K01F00,Debt,GOI Sec 7.34 22/04/2064,GOI Securities,SOV,2.08
Kotak Aggressive Hybrid Dir,Direct,16338,INF174K01F00,Debt,HDFC Bank Ltd CD 04/06/2026,Certificate of Deposit,A1+,1.73
Kotak Aggressive Hybrid Dir,Direct,16338,INF174K01F00,Debt,GOI Sec 7.24 18/08/2055,GOI Securities,SOV,1.22
Kotak Aggressive Hybrid Dir,Direct,16338,INF174K01F00,Debt,Union Bank of India CD 28/07/2026,Certificate of Deposit,A1+,1.14
Kotak Aggressive Hybrid Dir,Direct,16338,INF174K01F00,Debt,GOI Sec 6.90 15/04/2065,GOI Securities,SOV,1.01
Kotak Aggressive Hybrid Dir,Direct,16338,INF174K01F00,Equity,Eternal,Technology,641.25,3.81
Kotak Aggressive Hybrid Dir,Direct,16338,INF174K01F00,Equity,GE Vernova T&D,Industrials,102.04,3.48
Kotak Aggressive Hybrid Dir,Direct,16338,INF174K01F00,Equity,Bharti Airtel,Technology,40.89,3.47
Kotak Aggressive Hybrid Dir,Direct,16338,INF174K01F00,Equity,Fortis Healthcare,Healthcare,72.28,3.42
Kotak Aggressive Hybrid Dir,Direct,16338,INF174K01F00,Equity,HDFC Bank,Financial,15.26,3.39
Kotak Arbitrage Dir,Direct,17136,INF174K01LC6,Debt,Kotak Money Market Direct-G,Mutual Fund,--,11.64
Kotak Arbitrage Dir,Direct,17136,INF174K01LC6,Debt,Kotak Savings Direct-G,Mutual Fund,--,5.8
Kotak Arbitrage Dir,Direct,17136,INF174K01LC6,Debt,Kotak Liquid Direct-G,Mutual Fund,--,3.45
Kotak Arbitrage Dir,Direct,17136,INF174K01LC6,Debt,Kotak Low Duration Direct-G,Mutual Fund,--,2.72
Kotak Arbitrage Dir,Direct,17136,INF174K01LC6,Debt,HDFC Bank Ltd CD 15/02/2027,Certificate of Deposit,A1+,2.03
Kotak Arbitrage Dir,Direct,17136,INF174K01LC6,Equity,HDFC Bank,Financial,15.15,3.99
Kotak Arbitrage Dir,Direct,17136,INF174K01LC6,Equity,ICICI Bank,Financial,17.14,2.94
Kotak Arbitrage Dir,Direct,17136,INF174K01LC6,Equity,Axis Bank,Financial,15.54,2.15
Kotak Arbitrage Dir,Direct,17136,INF174K01LC6,Equity,Kotak Bank,Financial,19.98,2.14
Kotak Arbitrage Dir,Direct,17136,INF174K01LC6,Equity,Bharti Airtel,Technology,40.64,1.67
Kotak Balanced Advantage Dir,Direct,37076,INF174KA1210,Debt,--,--,--,--
Kotak Balanced Advantage Dir,Direct,37076,INF174KA1210,Equity,--,--,--,--
Kotak Debt Hybrid Dir,Direct,17795,INF174K01JZ1,Debt,GOI Sec 6.90 15/04/2065,GOI Securities,SOV,6.53
Kotak Debt Hybrid Dir,Direct,17795,INF174K01JZ1,Debt,JTPM Metal Traders Ltd Debenture 30/04/2030,Debenture,AA,3.67
Kotak Debt Hybrid Dir,Direct,17795,INF174K01JZ1,Debt,Hero FinCorp Ltd CP 91-D 11/08/2026,Commercial Paper,A1+,3.44
Kotak Debt Hybrid Dir,Direct,17795,INF174K01JZ1,Debt,Punjab National Bank CD 05/02/2027,Certificate of Deposit,A1+,3.32
Kotak Debt Hybrid Dir,Direct,17795,INF174K01JZ1,Debt,Shivshakti Securitisation Trust Sec. Debt,Securitised Debt,AAA,2.55
Kotak Debt Hybrid Dir,Direct,17795,INF174K01JZ1,Equity,NTPC,Energy & Utilities,12.62,1.25
Kotak Debt Hybrid Dir,Direct,17795,INF174K01JZ1,Equity,HDFC Bank,Financial,15.15,1.22
Kotak Debt Hybrid Dir,Direct,17795,INF174K01JZ1,Equity,SBI,Financial,11.13,1.19
Kotak Debt Hybrid Dir,Direct,17795,INF174K01JZ1,Equity,Maruti Suzuki,Consumer Discretionary,28.03,1.06
Kotak Debt Hybrid Dir,Direct,17795,INF174K01JZ1,Equity,Bharti Airtel,Technology,40.64,1.05
Kotak Equity Savings Dir,Direct,28168,INF174K01D28,Debt,Kotak Liquid Direct-G,Mutual Fund,--,6.62
Kotak Equity Savings Dir,Direct,28168,INF174K01D28,Debt,Kotak Low Duration Direct-G,Mutual Fund,--,1.67
Kotak Equity Savings Dir,Direct,28168,INF174K01D28,Debt,Muthoot Finance Ltd NCD 8.45 26/06/2029,Non Convertible Debenture,AA+,1
Kotak Equity Savings Dir,Direct,28168,INF174K01D28,Debt,Embassy Office Parks REIT SR XIII A Debenture 7.21 17/03/2028,Debenture,AAA,0.99
Kotak Equity Savings Dir,Direct,28168,INF174K01D28,Debt,Union Bank of India CD 28/07/2026,Certificate of Deposit,A1+,0.98
Kotak Equity Savings Dir,Direct,28168,INF174K01D28,Equity,Bharti Airtel,Technology,40.64,6.37
Kotak Equity Savings Dir,Direct,28168,INF174K01D28,Equity,Indus Towers,Technology,15.28,3.61
Kotak Equity Savings Dir,Direct,28168,INF174K01D28,Equity,SBI,Financial,11.13,3.1
Kotak Equity Savings Dir,Direct,28168,INF174K01D28,Equity,HDFC Bank,Financial,15.15,2.98
Kotak Equity Savings Dir,Direct,28168,INF174K01D28,Equity,NTPC,Energy & Utilities,12.62,2.96
Kotak Flexicap Dir,Direct,17140,#N/A,Debt,--,--,--,--
Kotak Flexicap Dir,Direct,17140,#N/A,Equity,Bharat Electronics,Industrials,49.8,5.78
Kotak Flexicap Dir,Direct,17140,#N/A,Equity,HDFC Bank,Financial,15.26,5.56
Kotak Flexicap Dir,Direct,17140,#N/A,Equity,ICICI Bank,Financial,17.15,5.07
Kotak Flexicap Dir,Direct,17140,#N/A,Equity,SBI,Financial,11.16,4.64
Kotak Flexicap Dir,Direct,17140,#N/A,Equity,Jindal Steel,Materials,34.04,4.24
Kotak Focused Dir,Direct,40098,#N/A,Debt,--,--,--,--
Kotak Focused Dir,Direct,40098,#N/A,Equity,--,--,--,--
Kotak Gilt Investment Dir,Direct,16354,#N/A,Debt,GOI Sec 6.90 15/04/2065,GOI Securities,SOV,14.9
Kotak Gilt Investment Dir,Direct,16354,#N/A,Debt,Karnataka State SDL 7.58 11/03/2040,State Development Loan,SOV,14.29
Kotak Gilt Investment Dir,Direct,16354,#N/A,Debt,Karnataka State SDL 7.49 04/02/2035,State Development Loan,SOV,6.92
Kotak Gilt Investment Dir,Direct,16354,#N/A,Debt,Tamilnadu State SDL 7.12 18/02/2032,State Development Loan,SOV,6.46
Kotak Gilt Investment Dir,Direct,16354,#N/A,Debt,Uttar Pradesh State SDL 7.62 04/03/2041,State Development Loan,SOV,6.05
Kotak Gilt Investment Dir,Direct,16354,#N/A,Equity,--,--,--,--
Kotak Gilt Investment PF & Trust Dir,Direct,17766,#N/A,Debt,GOI Sec 6.90 15/04/2065,GOI Securities,SOV,14.9
Kotak Gilt Investment PF & Trust Dir,Direct,17766,#N/A,Debt,Karnataka State SDL 7.58 11/03/2040,State Development Loan,SOV,14.29
Kotak Gilt Investment PF & Trust Dir,Direct,17766,#N/A,Debt,Karnataka State SDL 7.49 04/02/2035,State Development Loan,SOV,6.92
Kotak Gilt Investment PF & Trust Dir,Direct,17766,#N/A,Debt,Tamilnadu State SDL 7.12 18/02/2032,State Development Loan,SOV,6.46
Kotak Gilt Investment PF & Trust Dir,Direct,17766,#N/A,Debt,Uttar Pradesh State SDL 7.62 04/03/2041,State Development Loan,SOV,6.05
Kotak Gilt Investment PF & Trust Dir,Direct,17766,#N/A,Equity,--,--,--,--
Kotak Nifty Alpha 50 ETF,Direct,41896,#N/A,Debt,--,--,--,--
Kotak Nifty Alpha 50 ETF,Direct,41896,#N/A,Equity,--,--,--,--
Kotak Nifty Alpha 50 Index Dir,Direct,45402,#N/A,Debt,--,--,--,--
Kotak Nifty Alpha 50 Index Dir,Direct,45402,#N/A,Equity,GE Vernova T&D,Industrials,101.42,5.02
Kotak Nifty Alpha 50 Index Dir,Direct,45402,#N/A,Equity,Hindustan Copper,Materials,53.77,4.08
Kotak Nifty Alpha 50 Index Dir,Direct,45402,#N/A,Equity,Hitachi Energy,Industrials,149.94,4.05
Kotak Nifty Alpha 50 Index Dir,Direct,45402,#N/A,Equity,MCX,Financial,52.56,3.71
Kotak Nifty Alpha 50 Index Dir,Direct,45402,#N/A,Equity,Aditya Birla,Financial,23.96,3.14
Kotak Nifty500 Momentum 50 Index Dir,Direct,45646,#N/A,Debt,--,--,--,--
Kotak Nifty500 Momentum 50 Index Dir,Direct,45646,#N/A,Equity,Hindalco Ind,Materials,17.41,5.24
Kotak Nifty500 Momentum 50 Index Dir,Direct,45646,#N/A,Equity,Eicher Motors,Consumer Discretionary,35.98,4.84
Kotak Nifty500 Momentum 50 Index Dir,Direct,45646,#N/A,Equity,Shriram Finance,Financial,21.13,4.8
Kotak Nifty500 Momentum 50 Index Dir,Direct,45646,#N/A,Equity,Bajaj Finance,Financial,28.93,4.74
Kotak Nifty500 Momentum 50 Index Dir,Direct,45646,#N/A,Equity,Bharti Airtel,Technology,40.64,4.53
LIC MF Aggressive Hybrid Dir,Direct,16765,INF767K01ED0,Debt,HDFC Bank Ltd CD 05/08/2026,Certificate of Deposit,A1+,3.09
LIC MF Aggressive Hybrid Dir,Direct,16765,INF767K01ED0,Debt,NLC India Ltd SR I NCD 8.09 29/05/2029,Non Convertible Debenture,AAA,2.14
LIC MF Aggressive Hybrid Dir,Direct,16765,INF767K01ED0,Debt,GOI Sec 7.34 22/04/2064,GOI Securities,SOV,2.07
LIC MF Aggressive Hybrid Dir,Direct,16765,INF767K01ED0,Debt,Karnataka State SDL 7.70 08/11/2033,State Development Loan,SOV,2.05
LIC MF Aggressive Hybrid Dir,Direct,16765,INF767K01ED0,Debt,Karnataka State SDL 7.73 29/11/2034,State Development Loan,SOV,2.04
LIC MF Aggressive Hybrid Dir,Direct,16765,INF767K01ED0,Equity,HDFC Bank,Financial,15.26,4.71
LIC MF Aggressive Hybrid Dir,Direct,16765,INF767K01ED0,Equity,ICICI Bank,Financial,17.15,4.29
LIC MF Aggressive Hybrid Dir,Direct,16765,INF767K01ED0,Equity,Tata Consultancy,Technology,15.91,2.49
LIC MF Aggressive Hybrid Dir,Direct,16765,INF767K01ED0,Equity,Bharti Airtel,Technology,40.89,2.13
LIC MF Aggressive Hybrid Dir,Direct,16765,INF767K01ED0,Equity,Reliance Ind,Energy & Utilities,21.26,2.1
LIC MF Arbitrage Dir,Direct,38702,INF767K01PP0,Debt,LIC MF Money Market Direct-G,Mutual Fund,--,17.65
LIC MF Arbitrage Dir,Direct,38702,INF767K01PP0,Debt,National Bank For Agriculture & Rural Development SR 24C Bonds/NCD 7.83 30/12/2026,Bonds/NCDs,AAA,8.42
LIC MF Arbitrage Dir,Direct,38702,INF767K01PP0,Debt,LIC MF Liquid Direct-G,Mutual Fund,--,2.4
LIC MF Arbitrage Dir,Direct,38702,INF767K01PP0,Equity,HDFC Bank,Financial,15.15,6.56
LIC MF Arbitrage Dir,Direct,38702,INF767K01PP0,Equity,SBI,Financial,11.13,4.92
LIC MF Arbitrage Dir,Direct,38702,INF767K01PP0,Equity,Bharti Airtel,Technology,40.64,4.88
LIC MF Arbitrage Dir,Direct,38702,INF767K01PP0,Equity,GMR Airports,Industrials,610.11,4.79
LIC MF Arbitrage Dir,Direct,38702,INF767K01PP0,Equity,Reliance Ind,Energy & Utilities,21.14,4.68
LIC MF Balanced Advantage Dir,Direct,41810,INF767K01QY0,Debt,Jamnagar Utilities and Power Pvt. Ltd SR PPD8 Debenture 7.43 24/10/2034,Debenture,AAA,7.43
LIC MF Balanced Advantage Dir,Direct,41810,INF767K01QY0,Debt,GOI Sec 7.18 24/07/2037,GOI Securities,SOV,3.75
LIC MF Balanced Advantage Dir,Direct,41810,INF767K01QY0,Debt,GOI Sec 7.26 22/08/2032,GOI Securities,SOV,2.26
LIC MF Balanced Advantage Dir,Direct,41810,INF767K01QY0,Debt,GOI Sec 7.54 23/05/2036,GOI Securities,SOV,1.56
LIC MF Balanced Advantage Dir,Direct,41810,INF767K01QY0,Debt,Bharti Telecom Ltd SR XXVI Debenture 7.45 15/12/2028,Debenture,AAA,1.49
LIC MF Balanced Advantage Dir,Direct,41810,INF767K01QY0,Equity,HDFC Bank,Financial,15.15,7.68
LIC MF Balanced Advantage Dir,Direct,41810,INF767K01QY0,Equity,Reliance Ind,Energy & Utilities,21.14,4.72
LIC MF Balanced Advantage Dir,Direct,41810,INF767K01QY0,Equity,ICICI Bank,Financial,17.14,4.53
LIC MF Balanced Advantage Dir,Direct,41810,INF767K01QY0,Equity,SBI,Financial,11.13,4.31
LIC MF Balanced Advantage Dir,Direct,41810,INF767K01QY0,Equity,Tata Consultancy,Technology,15.83,3.49
LIC MF Children's Dir,Direct,17648,#N/A,Debt,--,--,--,--
LIC MF Children's Dir,Direct,17648,#N/A,Equity,Axis Bank,Financial,15.54,3.6
LIC MF Children's Dir,Direct,17648,#N/A,Equity,HDFC Bank,Financial,15.26,3.14
LIC MF Children's Dir,Direct,17648,#N/A,Equity,Larsen & Toubro,Industrials,33.67,2.75
LIC MF Children's Dir,Direct,17648,#N/A,Equity,SBI,Financial,11.16,2.7
LIC MF Children's Dir,Direct,17648,#N/A,Equity,ICICI Bank,Financial,17.15,2.37
LIC MF Conservative Hybrid Dir,Direct,17456,INF767K01EO7,Debt,GOI Sec 7.32 13/11/2030,GOI Securities,SOV,11.21
LIC MF Conservative Hybrid Dir,Direct,17456,INF767K01EO7,Debt,GOI Sec 7.17 17/04/2030,GOI Securities,SOV,11.18
LIC MF Conservative Hybrid Dir,Direct,17456,INF767K01EO7,Debt,Tamilnadu State SDL 7.65 18/10/2033,State Development Loan,SOV,11
LIC MF Conservative Hybrid Dir,Direct,17456,INF767K01EO7,Debt,GOI Sec 6.79 07/10/2034,GOI Securities,SOV,10.85
LIC MF Conservative Hybrid Dir,Direct,17456,INF767K01EO7,Debt,Nuclear Power Corpn. Of India Ltd Debenture 8.13 28/03/2028,Debenture,AAA,8.93
LIC MF Conservative Hybrid Dir,Direct,17456,INF767K01EO7,Equity,HDFC Bank,Financial,15.15,3.52
LIC MF Conservative Hybrid Dir,Direct,17456,INF767K01EO7,Equity,Reliance Ind,Energy & Utilities,21.14,2.6
LIC MF Conservative Hybrid Dir,Direct,17456,INF767K01EO7,Equity,Bharat Forge,Consumer Discretionary,86.34,2.37
LIC MF Conservative Hybrid Dir,Direct,17456,INF767K01EO7,Equity,Infosys,Technology,15.78,1.96
LIC MF Conservative Hybrid Dir,Direct,17456,INF767K01EO7,Equity,Axis Bank,Financial,15.54,1.63
LIC MF Equity Savings Dir,Direct,16516,INF397L01AZ5,Debt,LIC MF Liquid Direct-G,Mutual Fund,--,10.81
LIC MF Equity Savings Dir,Direct,16516,INF397L01AZ5,Debt,LIC MF Money Market Direct-G,Mutual Fund,--,1.47
LIC MF Equity Savings Dir,Direct,16516,INF397L01AZ5,Equity,Tata Steel,Materials,22.98,3.08
LIC MF Equity Savings Dir,Direct,16516,INF397L01AZ5,Equity,National Aluminium,Materials,11.93,2.65
LIC MF Equity Savings Dir,Direct,16516,INF397L01AZ5,Equity,Bank Of Baroda,Financial,7.03,2.27
LIC MF Equity Savings Dir,Direct,16516,INF397L01AZ5,Equity,Ashok Leyland,Industrials,24.09,1.91
LIC MF Equity Savings Dir,Direct,16516,INF397L01AZ5,Equity,Bajaj Auto,Consumer Discretionary,26.4,1.77
LIC MF Flexi Cap Dir,Direct,16756,#N/A,Debt,--,--,--,--
LIC MF Flexi Cap Dir,Direct,16756,#N/A,Equity,--,--,--,--
LIC MF Focused Dir,Direct,34738,#N/A,Debt,--,--,--,--
LIC MF Focused Dir,Direct,34738,#N/A,Equity,--,--,--,--
LIC MF Gilt Dir,Direct,16777,#N/A,Debt,GOI Sec 7.30 19/06/2053,GOI Securities,SOV,33.55
LIC MF Gilt Dir,Direct,16777,#N/A,Debt,GOI Sec 7.34 22/04/2064,GOI Securities,SOV,21.7
LIC MF Gilt Dir,Direct,16777,#N/A,Debt,Reserve Bank of India T-Bills 91-D 06/08/2026,Treasury Bills,SOV,11.12
LIC MF Gilt Dir,Direct,16777,#N/A,Debt,GOI Sec 7.24 18/08/2055,GOI Securities,SOV,10.94
LIC MF Gilt Dir,Direct,16777,#N/A,Debt,GOI Sec 6.68 07/07/2040,GOI Securities,SOV,10.9
LIC MF Gilt Dir,Direct,16777,#N/A,Equity,--,--,--,--
LIC MF Nifty 8-13 yr G-Sec ETF,Direct,29111,#N/A,Debt,GOI Sec 6.48 06/10/2035,GOI Securities,SOV,71.78
LIC MF Nifty 8-13 yr G-Sec ETF,Direct,29111,#N/A,Debt,GOI Sec 6.33 05/05/2035,GOI Securities,SOV,17.25
LIC MF Nifty 8-13 yr G-Sec ETF,Direct,29111,#N/A,Debt,GOI Sec 6.94 11/05/2036,GOI Securities,SOV,10.65
LIC MF Nifty 8-13 yr G-Sec ETF,Direct,29111,#N/A,Equity,--,--,--,--
LIC MF ULIS Dir,Direct,17866,,Debt,GOI Sec 7.18 24/07/2037,GOI Securities,SOV,4.77
LIC MF ULIS Dir,Direct,17866,,Debt,GOI Sec 7.41 19/12/2036,GOI Securities,SOV,3.67
LIC MF ULIS Dir,Direct,17866,,Debt,Maharashtra State SDL 7.63 31/01/2036,State Development Loan,SOV,3.56
LIC MF ULIS Dir,Direct,17866,,Debt,Jamnagar Utilities and Power Pvt. Ltd SR PPD8 Debenture 7.43 24/10/2034,Debenture,AAA,2.36
LIC MF ULIS Dir,Direct,17866,,Debt,HDFC Bank Ltd SR AA009 8 Debenture 27/07/2032,Debenture,AAA,1.25
LIC MF ULIS Dir,Direct,17866,,Equity,ICICI Bank,Financial,17.15,7.96
LIC MF ULIS Dir,Direct,17866,,Equity,HDFC Bank,Financial,15.26,4.37
LIC MF ULIS Dir,Direct,17866,,Equity,Trent,Consumer Discretionary,86.34,3.29
LIC MF ULIS Dir,Direct,17866,,Equity,KSB,Industrials,54.75,3.16
LIC MF ULIS Dir,Direct,17866,,Equity,Bharat Electronics,Industrials,49.8,3.08
Mahindra Manulife Aggressive Hybrid Dir,Direct,40094,INF174V01788,Debt,Maharashtra State SDL 7.20 23/10/2036,State Development Loan,SOV,1.46
Mahindra Manulife Aggressive Hybrid Dir,Direct,40094,INF174V01788,Debt,Bharti Telecom Ltd SR XX Debenture 8.75 05/11/2028,Debenture,AAA,1.18
Mahindra Manulife Aggressive Hybrid Dir,Direct,40094,INF174V01788,Debt,GOI Sec 6.68 07/07/2040,GOI Securities,SOV,1.16
Mahindra Manulife Aggressive Hybrid Dir,Direct,40094,INF174V01788,Debt,TVS Credit Services Ltd NCD 9.40 10/06/2026,Non Convertible Debenture,AA+,1.13
Mahindra Manulife Aggressive Hybrid Dir,Direct,40094,INF174V01788,Debt,GOI Sec 7.24 18/08/2055,GOI Securities,SOV,1.03
Mahindra Manulife Aggressive Hybrid Dir,Direct,40094,INF174V01788,Equity,ICICI Bank,Financial,17.15,5.72
Mahindra Manulife Aggressive Hybrid Dir,Direct,40094,INF174V01788,Equity,HDFC Bank,Financial,15.26,5.23
Mahindra Manulife Aggressive Hybrid Dir,Direct,40094,INF174V01788,Equity,Reliance Ind,Energy & Utilities,21.26,2.92
Mahindra Manulife Aggressive Hybrid Dir,Direct,40094,INF174V01788,Equity,Kotak Bank,Financial,20.08,2.81
Mahindra Manulife Aggressive Hybrid Dir,Direct,40094,INF174V01788,Equity,Bharti Airtel,Technology,40.89,2.68
Mahindra Manulife Arbitrage Dir,Direct,41084,INF174V01AA0,Debt,Mahindra Manulife Low Duration Direct-G,Mutual Fund,--,13.93
Mahindra Manulife Arbitrage Dir,Direct,41084,INF174V01AA0,Debt,Mahindra Manulife Liquid Direct-G,Mutual Fund,--,7.57
Mahindra Manulife Arbitrage Dir,Direct,41084,INF174V01AA0,Equity,HDFC Bank,Financial,15.15,6.93
Mahindra Manulife Arbitrage Dir,Direct,41084,INF174V01AA0,Equity,ICICI Bank,Financial,17.14,6.46
Mahindra Manulife Arbitrage Dir,Direct,41084,INF174V01AA0,Equity,Hindalco Ind,Materials,17.41,5.73
Mahindra Manulife Arbitrage Dir,Direct,41084,INF174V01AA0,Equity,Tata Power,Energy & Utilities,33.8,5.44
Mahindra Manulife Arbitrage Dir,Direct,41084,INF174V01AA0,Equity,Indus Towers,Technology,15.28,4.97
Mahindra Manulife Balanced Advantage Dir,Direct,41921,INF174V01BE0,Debt,Muthoot Finance Ltd Debenture 8.52 07/04/2028,Debenture,AA+,2.82
Mahindra Manulife Balanced Advantage Dir,Direct,41921,INF174V01BE0,Debt,National Bank For Agriculture & Rural Development SR 25E Bonds 7.53 24/03/2028,Bonds,AAA,2.81
Mahindra Manulife Balanced Advantage Dir,Direct,41921,INF174V01BE0,Debt,GOI Sec 6.68 07/07/2040,GOI Securities,SOV,2.19
Mahindra Manulife Balanced Advantage Dir,Direct,41921,INF174V01BE0,Debt,HDFC Bank Ltd CD 19/11/2026,Certificate of Deposit,A1+,1.36
Mahindra Manulife Balanced Advantage Dir,Direct,41921,INF174V01BE0,Debt,Bharti Telecom Ltd SR XX Debenture 8.75 05/11/2028,Debenture,AAA,1.14
Mahindra Manulife Balanced Advantage Dir,Direct,41921,INF174V01BE0,Equity,ICICI Bank,Financial,17.14,3.2
Mahindra Manulife Balanced Advantage Dir,Direct,41921,INF174V01BE0,Equity,Reliance Ind,Energy & Utilities,21.14,2.47
Mahindra Manulife Balanced Advantage Dir,Direct,41921,INF174V01BE0,Equity,HDFC Bank,Financial,15.15,2.45
Mahindra Manulife Balanced Advantage Dir,Direct,41921,INF174V01BE0,Equity,Bharti Airtel,Technology,40.64,2.44
Mahindra Manulife Balanced Advantage Dir,Direct,41921,INF174V01BE0,Equity,Axis Bank,Financial,15.54,2.18
Mahindra Manulife Equity Savings Dir,Direct,33353,INF174V01184,Debt,Bharti Telecom Ltd SR XXVIII Debenture 7.40 01/02/2029,Debenture,AAA,3.72
Mahindra Manulife Equity Savings Dir,Direct,33353,INF174V01184,Debt,National Bank For Agriculture & Rural Development SR 25G Bonds 7.48 15/09/2028,Bonds,AAA,2.83
Mahindra Manulife Equity Savings Dir,Direct,33353,INF174V01184,Debt,REC Ltd SERIES 169 Debenture 8.37 07/12/2028,Debenture,AAA,1.94
Mahindra Manulife Equity Savings Dir,Direct,33353,INF174V01184,Debt,GOI Sec 6.94 11/05/2036,GOI Securities,SOV,1.9
Mahindra Manulife Equity Savings Dir,Direct,33353,INF174V01184,Debt,National Bank For Agriculture & Rural Development SR 25C Bonds 7.44 24/02/2028,Bonds,AAA,1.89
Mahindra Manulife Equity Savings Dir,Direct,33353,INF174V01184,Equity,ICICI Bank,Financial,17.14,5.52
Mahindra Manulife Equity Savings Dir,Direct,33353,INF174V01184,Equity,HDFC Bank,Financial,15.15,4.49
Mahindra Manulife Equity Savings Dir,Direct,33353,INF174V01184,Equity,Bajaj Finance,Financial,28.93,4.48
Mahindra Manulife Equity Savings Dir,Direct,33353,INF174V01184,Equity,Ambuja Cements,Materials,21.64,4.41
Mahindra Manulife Equity Savings Dir,Direct,33353,INF174V01184,Equity,Reliance Ind,Energy & Utilities,21.14,4.13
Mahindra Manulife Flexi Cap Dir,Direct,41633,#N/A,Debt,--,--,--,--
Mahindra Manulife Flexi Cap Dir,Direct,41633,#N/A,Equity,ICICI Bank,Financial,17.14,7.87
Mahindra Manulife Flexi Cap Dir,Direct,41633,#N/A,Equity,HDFC Bank,Financial,15.15,4.52
Mahindra Manulife Flexi Cap Dir,Direct,41633,#N/A,Equity,Kotak Bank,Financial,19.98,3.45
Mahindra Manulife Flexi Cap Dir,Direct,41633,#N/A,Equity,Bharti Airtel,Technology,40.64,3.23
Mahindra Manulife Flexi Cap Dir,Direct,41633,#N/A,Equity,Bajaj Finance,Financial,28.93,2.91
Mahindra Manulife Focused Dir,Direct,41169,#N/A,Debt,--,--,--,--
Mahindra Manulife Focused Dir,Direct,41169,#N/A,Equity,--,--,--,--
Mirae Asset Aggressive Hybrid Dir,Direct,30604,INF769K01DH9,Debt,--,--,--,--
Mirae Asset Aggressive Hybrid Dir,Direct,30604,INF769K01DH9,Equity,--,--,--,--
Mirae Asset Arbitrage Dir,Direct,41014,INF769K01FS1,Debt,Mirae Asset Liquid Direct-G,Mutual Fund,--,8.94
Mirae Asset Arbitrage Dir,Direct,41014,INF769K01FS1,Debt,Mirae Asset Money Market Direct-G,Mutual Fund,--,4.95
Mirae Asset Arbitrage Dir,Direct,41014,INF769K01FS1,Equity,Maruti Suzuki,Consumer Discretionary,28.03,1.92
Mirae Asset Arbitrage Dir,Direct,41014,INF769K01FS1,Equity,BSE,Financial,64.44,1.34
Mirae Asset Arbitrage Dir,Direct,41014,INF769K01FS1,Equity,Sun Pharmaceutical,Healthcare,37.38,1.29
Mirae Asset Arbitrage Dir,Direct,41014,INF769K01FS1,Equity,SBI Life Insurance,Financial,122,1.11
Mirae Asset Arbitrage Dir,Direct,41014,INF769K01FS1,Equity,Shriram Finance,Financial,21.13,1.08
Mirae Asset Balanced Advantage Dir,Direct,42308,INF769K01IN6,Debt,GOI Sec 7.18 14/08/2033,GOI Securities,SOV,3.43
Mirae Asset Balanced Advantage Dir,Direct,42308,INF769K01IN6,Debt,Cholamandalam Financial Holdings Ltd SR 662 Bonds 7.94 20/03/2029,Bonds,AA+,2.36
Mirae Asset Balanced Advantage Dir,Direct,42308,INF769K01IN6,Debt,GOI Sec 7.10 08/04/2034,GOI Securities,SOV,1.67
Mirae Asset Balanced Advantage Dir,Direct,42308,INF769K01IN6,Debt,GOI Sec 6.79 07/10/2034,GOI Securities,SOV,1.56
Mirae Asset Balanced Advantage Dir,Direct,42308,INF769K01IN6,Debt,Piramal Finance Pvt. Ltd Bonds/NCD 8.75 29/10/2027,Bonds/NCDs,AA+,1.21
Mirae Asset Balanced Advantage Dir,Direct,42308,INF769K01IN6,Equity,HDFC Bank,Financial,15.15,5.22
Mirae Asset Balanced Advantage Dir,Direct,42308,INF769K01IN6,Equity,ICICI Bank,Financial,17.14,3.33
Mirae Asset Balanced Advantage Dir,Direct,42308,INF769K01IN6,Equity,Bharti Airtel,Technology,40.64,3.09
Mirae Asset Balanced Advantage Dir,Direct,42308,INF769K01IN6,Equity,SBI,Financial,11.13,3
Mirae Asset Balanced Advantage Dir,Direct,42308,INF769K01IN6,Equity,Reliance Ind,Energy & Utilities,21.14,2.84
Mirae Asset Equity Savings Dir,Direct,38387,INF769K01EK1,Debt,Muthoot Finance Ltd NCD 7.88 22/11/2028,Non Convertible Debenture,AA+,2.57
Mirae Asset Equity Savings Dir,Direct,38387,INF769K01EK1,Debt,Torrent Pharmaceuticals Ltd SR 1 Debenture 7.45 19/01/2028,Debenture,AA+,2.07
Mirae Asset Equity Savings Dir,Direct,38387,INF769K01EK1,Debt,Torrent Pharmaceuticals Ltd SR 2 NCD 7.60 19/01/2029,Non Convertible Debenture,AA+,2.06
Mirae Asset Equity Savings Dir,Direct,38387,INF769K01EK1,Debt,GOI Sec 6.79 07/10/2034,GOI Securities,SOV,1.38
Mirae Asset Equity Savings Dir,Direct,38387,INF769K01EK1,Debt,GOI Sec 7.32 13/11/2030,GOI Securities,SOV,1.33
Mirae Asset Equity Savings Dir,Direct,38387,INF769K01EK1,Equity,HDFC Bank,Financial,15.15,4.19
Mirae Asset Equity Savings Dir,Direct,38387,INF769K01EK1,Equity,ICICI Bank,Financial,17.14,2.84
Mirae Asset Equity Savings Dir,Direct,38387,INF769K01EK1,Equity,Reliance Ind,Energy & Utilities,21.14,2.31
Mirae Asset Equity Savings Dir,Direct,38387,INF769K01EK1,Equity,Bharti Airtel,Technology,40.64,2.25
Mirae Asset Equity Savings Dir,Direct,38387,INF769K01EK1,Equity,SBI,Financial,11.13,2.12
Mirae Asset Flexi Cap Dir,Direct,43134,#N/A,Debt,--,--,--,--
Mirae Asset Flexi Cap Dir,Direct,43134,#N/A,Equity,HDFC Bank,Financial,15.15,5.51
Mirae Asset Flexi Cap Dir,Direct,43134,#N/A,Equity,ICICI Bank,Financial,17.14,5.29
Mirae Asset Flexi Cap Dir,Direct,43134,#N/A,Equity,Reliance Ind,Energy & Utilities,21.14,4.72
Mirae Asset Flexi Cap Dir,Direct,43134,#N/A,Equity,SBI,Financial,11.13,2.88
Mirae Asset Flexi Cap Dir,Direct,43134,#N/A,Equity,Bharti Airtel,Technology,40.64,2.38
Mirae Asset Focused Dir,Direct,39823,#N/A,Debt,--,--,--,--
Mirae Asset Focused Dir,Direct,39823,#N/A,Equity,HDFC Bank,Financial,15.26,9.12
Mirae Asset Focused Dir,Direct,39823,#N/A,Equity,ICICI Bank,Financial,17.15,8.05
Mirae Asset Focused Dir,Direct,39823,#N/A,Equity,Bharti Airtel,Technology,40.89,5.89
Mirae Asset Focused Dir,Direct,39823,#N/A,Equity,Infosys,Technology,15.85,4.67
Mirae Asset Focused Dir,Direct,39823,#N/A,Equity,One97 Comm,Industrials,124.82,4.36
Mirae Asset Nifty 8-13 yr G-Sec ETF,Direct,43473,#N/A,Debt,GOI Sec 6.48 06/10/2035,GOI Securities,SOV,50.14
Mirae Asset Nifty 8-13 yr G-Sec ETF,Direct,43473,#N/A,Debt,GOI Sec 6.33 05/05/2035,GOI Securities,SOV,23.52
Mirae Asset Nifty 8-13 yr G-Sec ETF,Direct,43473,#N/A,Debt,GOI Sec 6.79 07/10/2034,GOI Securities,SOV,21.68
Mirae Asset Nifty 8-13 yr G-Sec ETF,Direct,43473,#N/A,Equity,--,--,--,--
Mirae Asset Nifty Total Market Index Dir,Direct,44601,#N/A,Debt,--,--,--,--
Mirae Asset Nifty Total Market Index Dir,Direct,44601,#N/A,Equity,--,--,--,--
Motilal Oswal 5 Year G-Sec FoF Dir,Direct,41759,#N/A,Debt,Motilal GSEC ETF,Mutual Fund,Others,99.63
Motilal Oswal 5 Year G-Sec FoF Dir,Direct,41759,#N/A,Equity,--,--,--,--
Motilal Oswal Arbitrage Dir,Direct,44839,INF247L01ED1,Debt,Motilal Oswal Liquid Direct-G,Mutual Fund,--,11.48
Motilal Oswal Arbitrage Dir,Direct,44839,INF247L01ED1,Debt,Axis Bank Ltd CD 06/05/2026,Certificate of Deposit,A1+,1.03
Motilal Oswal Arbitrage Dir,Direct,44839,INF247L01ED1,Debt,GOI Sec 5.74 15/11/2026,GOI Securities,SOV,1.03
Motilal Oswal Arbitrage Dir,Direct,44839,INF247L01ED1,Debt,HDFC Bank Ltd CD 24/06/2026,Certificate of Deposit,A1+,1.02
Motilal Oswal Arbitrage Dir,Direct,44839,INF247L01ED1,Debt,Canara Bank CD 03/06/2026,Certificate of Deposit,A1+,1.02
Motilal Oswal Arbitrage Dir,Direct,44839,INF247L01ED1,Equity,Reliance Ind,Energy & Utilities,21.14,6.6
Motilal Oswal Arbitrage Dir,Direct,44839,INF247L01ED1,Equity,HDFC Bank,Financial,15.15,5.22
Motilal Oswal Arbitrage Dir,Direct,44839,INF247L01ED1,Equity,Cholamandalam Inv,Financial,24.07,4.54
Motilal Oswal Arbitrage Dir,Direct,44839,INF247L01ED1,Equity,Bharti Airtel,Technology,40.64,4.47
Motilal Oswal Arbitrage Dir,Direct,44839,INF247L01ED1,Equity,Aditya Birla,Financial,23.96,2.85
Motilal Oswal BSE 1000 Index Dir,Direct,45219,#N/A,Debt,--,--,--,--
Motilal Oswal BSE 1000 Index Dir,Direct,45219,#N/A,Equity,HDFC Bank,Financial,15.15,5.87
Motilal Oswal BSE 1000 Index Dir,Direct,45219,#N/A,Equity,Reliance Ind,Energy & Utilities,21.14,4.83
Motilal Oswal BSE 1000 Index Dir,Direct,45219,#N/A,Equity,ICICI Bank,Financial,17.14,4.51
Motilal Oswal BSE 1000 Index Dir,Direct,45219,#N/A,Equity,Bharti Airtel,Technology,40.64,2.68
Motilal Oswal BSE 1000 Index Dir,Direct,45219,#N/A,Equity,Larsen & Toubro,Industrials,33.53,2.34
Motilal Oswal Balanced Advantage Dir,Direct,32933,INF247L01635,Debt,Bajaj Finance Ltd Debenture 7.3763 26/06/2028,Debenture,AAA,3.37
Motilal Oswal Balanced Advantage Dir,Direct,32933,INF247L01635,Debt,HDB Financial Services Ltd SR 228 TR Debenture 7.4091 05/06/2028,Debenture,AAA,3.37
Motilal Oswal Balanced Advantage Dir,Direct,32933,INF247L01635,Debt,Kotak Mahindra Prime Ltd Debenture 7.1554 19/06/2028,Debenture,AAA,3.36
Motilal Oswal Balanced Advantage Dir,Direct,32933,INF247L01635,Debt,Muthoot Finance Ltd NCD 7.88 22/11/2028,Non Convertible Debenture,AA+,3.36
Motilal Oswal Balanced Advantage Dir,Direct,32933,INF247L01635,Debt,Tata Capital Ltd SR C Debenture 7.12 14/11/2028,Debenture,AAA,3.35
Motilal Oswal Balanced Advantage Dir,Direct,32933,INF247L01635,Equity,ICICI Bank,Financial,17.14,6.88
Motilal Oswal Balanced Advantage Dir,Direct,32933,INF247L01635,Equity,Eternal,Technology,634.13,5.57
Motilal Oswal Balanced Advantage Dir,Direct,32933,INF247L01635,Equity,Coforge,Technology,40.04,5.56
Motilal Oswal Balanced Advantage Dir,Direct,32933,INF247L01635,Equity,Shaily Eng Plastics,Materials,84.23,5.12
Motilal Oswal Balanced Advantage Dir,Direct,32933,INF247L01635,Equity,NTPC,Energy & Utilities,12.62,4.85
Motilal Oswal Diversified Equity Flexicap Passive FoF Dir,Direct,45729,#N/A,Debt,--,--,--,--
Motilal Oswal Diversified Equity Flexicap Passive FoF Dir,Direct,45729,#N/A,Equity,--,--,--,--
Motilal Oswal Flexi Cap Dir,Direct,26125,#N/A,Debt,--,--,--,--
Motilal Oswal Flexi Cap Dir,Direct,26125,#N/A,Equity,Kalyan Jewellers,Consumer Discretionary,26.07,7.36
Motilal Oswal Flexi Cap Dir,Direct,26125,#N/A,Equity,CG Power,Industrials,119.04,6.43
Motilal Oswal Flexi Cap Dir,Direct,26125,#N/A,Equity,Eternal,Technology,634.13,5.32
Motilal Oswal Flexi Cap Dir,Direct,26125,#N/A,Equity,Coforge,Technology,40.04,5.27
Motilal Oswal Flexi Cap Dir,Direct,26125,#N/A,Equity,Bharti Airtel,Technology,40.64,5.17
Motilal Oswal Focused Dir,Direct,19514,#N/A,Debt,--,--,--,--
Motilal Oswal Focused Dir,Direct,19514,#N/A,Equity,--,--,--,--
Motilal Oswal Nifty 500 ETF,Direct,43812,#N/A,Debt,--,--,--,--
Motilal Oswal Nifty 500 ETF,Direct,43812,#N/A,Equity,--,--,--,--
Motilal Oswal Nifty 500 Index Dir,Direct,40240,#N/A,Debt,--,--,--,--
Motilal Oswal Nifty 500 Index Dir,Direct,40240,#N/A,Equity,--,--,--,--
Motilal Oswal Nifty 500 Momentum 50 ETF,Direct,44555,#N/A,Debt,--,--,--,--
Motilal Oswal Nifty 500 Momentum 50 ETF,Direct,44555,#N/A,Equity,Hindalco Ind,Materials,17.41,5.2
Motilal Oswal Nifty 500 Momentum 50 ETF,Direct,44555,#N/A,Equity,Eicher Motors,Consumer Discretionary,35.98,4.81
Motilal Oswal Nifty 500 Momentum 50 ETF,Direct,44555,#N/A,Equity,Shriram Finance,Financial,21.13,4.77
Motilal Oswal Nifty 500 Momentum 50 ETF,Direct,44555,#N/A,Equity,Bajaj Finance,Financial,28.93,4.71
Motilal Oswal Nifty 500 Momentum 50 ETF,Direct,44555,#N/A,Equity,Bharti Airtel,Technology,40.64,4.5
Motilal Oswal Nifty 500 Momentum 50 Index Dir,Direct,44554,#N/A,Debt,--,--,--,--
Motilal Oswal Nifty 500 Momentum 50 Index Dir,Direct,44554,#N/A,Equity,Hindalco Ind,Materials,17.41,5.21
Motilal Oswal Nifty 500 Momentum 50 Index Dir,Direct,44554,#N/A,Equity,Eicher Motors,Consumer Discretionary,35.98,4.81
Motilal Oswal Nifty 500 Momentum 50 Index Dir,Direct,44554,#N/A,Equity,Shriram Finance,Financial,21.13,4.77
Motilal Oswal Nifty 500 Momentum 50 Index Dir,Direct,44554,#N/A,Equity,Bajaj Finance,Financial,28.93,4.71
Motilal Oswal Nifty 500 Momentum 50 Index Dir,Direct,44554,#N/A,Equity,Bharti Airtel,Technology,40.64,4.51
Motilal Oswal Nifty 5Y Benchmark G-Sec ETF,Direct,41212,#N/A,Debt,GOI Sec 6.36 16/02/2031,GOI Securities,SOV,98.41
Motilal Oswal Nifty 5Y Benchmark G-Sec ETF,Direct,41212,#N/A,Debt,GOI Sec 6.01 21/07/2030,GOI Securities,SOV,0.23
Motilal Oswal Nifty 5Y Benchmark G-Sec ETF,Direct,41212,#N/A,Equity,--,--,--,--
Motilal Oswal Nifty Alpha 50 ETF,Direct,45363,#N/A,Debt,--,--,--,--
Motilal Oswal Nifty Alpha 50 ETF,Direct,45363,#N/A,Equity,--,--,--,--
NJ Arbitrage Dir,Direct,42435,INF0J8L01065,Debt,Reserve Bank of India T-Bills 364-D 03/12/2026,Treasury Bills,SOV,2.27
NJ Arbitrage Dir,Direct,42435,INF0J8L01065,Debt,Reserve Bank of India T-Bills 182-D 08/05/2026,Treasury Bills,SOV,1.89
NJ Arbitrage Dir,Direct,42435,INF0J8L01065,Debt,Reserve Bank of India T-Bills 182-D 08/10/2026,Treasury Bills,SOV,1.85
NJ Arbitrage Dir,Direct,42435,INF0J8L01065,Debt,Reserve Bank of India T-Bills 91-D 30/07/2026,Treasury Bills,SOV,1.12
NJ Arbitrage Dir,Direct,42435,INF0J8L01065,Debt,Reserve Bank of India T-Bills 182-D 27/08/2026,Treasury Bills,SOV,1.12
NJ Arbitrage Dir,Direct,42435,INF0J8L01065,Equity,Reliance Ind,Energy & Utilities,21.14,8.03
NJ Arbitrage Dir,Direct,42435,INF0J8L01065,Equity,Bharti Airtel,Technology,40.64,7.51
NJ Arbitrage Dir,Direct,42435,INF0J8L01065,Equity,Kotak Bank,Financial,19.98,6.95
NJ Arbitrage Dir,Direct,42435,INF0J8L01065,Equity,Sammaan Capital,Financial,--,5.61
NJ Arbitrage Dir,Direct,42435,INF0J8L01065,Equity,Mahindra & Mahindra,Consumer Discretionary,21.56,4.42
NJ Balanced Advantage Dir,Direct,41748,INF0J8L01040,Debt,Reserve Bank of India T-Bills 364-D 02/07/2026,Treasury Bills,SOV,1.01
NJ Balanced Advantage Dir,Direct,41748,INF0J8L01040,Debt,GOI CGL 8.33 09/07/2026,Central Government Loan,SOV,0.73
NJ Balanced Advantage Dir,Direct,41748,INF0J8L01040,Debt,Reserve Bank of India T-Bills 91-D 22/05/2026,Treasury Bills,SOV,0.58
NJ Balanced Advantage Dir,Direct,41748,INF0J8L01040,Debt,Reserve Bank of India T-Bills 182-D 08/05/2026,Treasury Bills,SOV,0.29
NJ Balanced Advantage Dir,Direct,41748,INF0J8L01040,Debt,Reserve Bank of India T-Bills 182-D 04/06/2026,Treasury Bills,SOV,0.29
NJ Balanced Advantage Dir,Direct,41748,INF0J8L01040,Equity,HDFC Bank,Financial,15.15,6.22
NJ Balanced Advantage Dir,Direct,41748,INF0J8L01040,Equity,Reliance Ind,Energy & Utilities,21.14,4.33
NJ Balanced Advantage Dir,Direct,41748,INF0J8L01040,Equity,Eicher Motors,Consumer Discretionary,35.98,3.48
NJ Balanced Advantage Dir,Direct,41748,INF0J8L01040,Equity,Marico,Consumer Staples,60.57,3.24
NJ Balanced Advantage Dir,Direct,41748,INF0J8L01040,Equity,Britannia Ind,Consumer Staples,49.12,3.22
NJ Flexi Cap Dir,Direct,43714,#N/A,Debt,--,--,--,--
NJ Flexi Cap Dir,Direct,43714,#N/A,Equity,--,--,--,--
Navi Aggressive Hybrid Dir,Direct,35943,INF959L01CX3,Debt,REC Ltd SR 228-A NCD 7.80 30/05/2026,Non Convertible Debenture,AAA,4.51
Navi Aggressive Hybrid Dir,Direct,35943,INF959L01CX3,Debt,Bank Of Baroda CD 25/05/2026,Certificate of Deposit,A1+,4.49
Navi Aggressive Hybrid Dir,Direct,35943,INF959L01CX3,Debt,National Bank For Agriculture & Rural Development CP 91-D 07/05/2026,Commercial Paper,A1+,2.7
Navi Aggressive Hybrid Dir,Direct,35943,INF959L01CX3,Debt,HDFC Bank Ltd SR Z001 6 NCD 29/05/2026,Non Convertible Debenture,AAA,2.25
Navi Aggressive Hybrid Dir,Direct,35943,INF959L01CX3,Debt,Time Technoplast Ltd CP 91-D 13/05/2026,Commercial Paper,A1+,2.25
Navi Aggressive Hybrid Dir,Direct,35943,INF959L01CX3,Equity,Axis Bank,Financial,15.54,4.45
Navi Aggressive Hybrid Dir,Direct,35943,INF959L01CX3,Equity,HDFC Bank,Financial,15.26,3.27
Navi Aggressive Hybrid Dir,Direct,35943,INF959L01CX3,Equity,Redington,Technology,12.21,3.09
Navi Aggressive Hybrid Dir,Direct,35943,INF959L01CX3,Equity,Kotak Bank,Financial,20.08,3.01
Navi Aggressive Hybrid Dir,Direct,35943,INF959L01CX3,Equity,Usha Martin,Materials,31.3,2.92
Navi Flexi Cap Dir,Direct,36686,#N/A,Debt,--,--,--,--
Navi Flexi Cap Dir,Direct,36686,#N/A,Equity,ICICI Bank,Financial,17.14,4.27
Navi Flexi Cap Dir,Direct,36686,#N/A,Equity,Axis Bank,Financial,15.54,4.12
Navi Flexi Cap Dir,Direct,36686,#N/A,Equity,HDFC Bank,Financial,15.15,3.9
Navi Flexi Cap Dir,Direct,36686,#N/A,Equity,Usha Martin,Materials,31.41,3.05
Navi Flexi Cap Dir,Direct,36686,#N/A,Equity,Kotak Bank,Financial,19.98,3.03
Nippon India Aggressive Hybrid Dir,Direct,16159,INF204K01B08,Debt,Cube Highways Trust,Infrastructure Investment Trust,--,1.42
Nippon India Aggressive Hybrid Dir,Direct,16159,INF204K01B08,Debt,GOI Sec 7.10 08/04/2034,GOI Securities,SOV,1.27
Nippon India Aggressive Hybrid Dir,Direct,16159,INF204K01B08,Debt,Brookfield REIT,Real Estate Investment Trusts,--,1.06
Nippon India Aggressive Hybrid Dir,Direct,16159,INF204K01B08,Debt,JTPM Metal Traders Ltd Debenture 30/04/2030,Debenture,AA,0.92
Nippon India Aggressive Hybrid Dir,Direct,16159,INF204K01B08,Debt,Suryapet Khammam Road Pvt. Ltd SR BRR NCD 8.28 30/06/2031,Non Convertible Debenture,AAA,0.88
Nippon India Aggressive Hybrid Dir,Direct,16159,INF204K01B08,Equity,HDFC Bank,Financial,15.26,4.82
Nippon India Aggressive Hybrid Dir,Direct,16159,INF204K01B08,Equity,ICICI Bank,Financial,17.15,4.1
Nippon India Aggressive Hybrid Dir,Direct,16159,INF204K01B08,Equity,Bharti Airtel,Technology,40.89,3.72
Nippon India Aggressive Hybrid Dir,Direct,16159,INF204K01B08,Equity,Larsen & Toubro,Industrials,33.67,3.6
Nippon India Aggressive Hybrid Dir,Direct,16159,INF204K01B08,Equity,Axis Bank,Financial,15.54,2.99
Nippon India Aggressive Hybrid Seg Port 1 Direct,Direct,40312,INF204K01B08,Debt,--,--,--,--
Nippon India Aggressive Hybrid Seg Port 1 Direct,Direct,40312,INF204K01B08,Equity,--,--,--,--
Nippon India Aggressive Hybrid Seg Port 2 Dir,Direct,40856,INF204K01B08,Debt,--,--,--,--
Nippon India Aggressive Hybrid Seg Port 2 Dir,Direct,40856,INF204K01B08,Equity,--,--,--,--
Nippon India Arbitrage Dir,Direct,17008,INF204K01XZ7,Debt,Nippon India Money Market Direct-G,Mutual Fund,--,13.7
Nippon India Arbitrage Dir,Direct,17008,INF204K01XZ7,Debt,Nippon India Ultra Short Duration Direct-G,Mutual Fund,--,6.06
Nippon India Arbitrage Dir,Direct,17008,INF204K01XZ7,Debt,Bank Of Baroda CD 20/05/2026,Certificate of Deposit,A1+,1.22
Nippon India Arbitrage Dir,Direct,17008,INF204K01XZ7,Debt,Aavas Financiers Ltd CP 365-D 17/06/2026,Commercial Paper,A1+,1.21
Nippon India Arbitrage Dir,Direct,17008,INF204K01XZ7,Debt,Small Industries Devp. Bank of India Ltd CD 14/01/2027,Certificate of Deposit,A1+,1.16
Nippon India Arbitrage Dir,Direct,17008,INF204K01XZ7,Equity,HDFC Bank,Financial,15.15,5.37
Nippon India Arbitrage Dir,Direct,17008,INF204K01XZ7,Equity,Bharti Airtel,Technology,40.64,3.03
Nippon India Arbitrage Dir,Direct,17008,INF204K01XZ7,Equity,ICICI Bank,Financial,17.14,2.73
Nippon India Arbitrage Dir,Direct,17008,INF204K01XZ7,Equity,Reliance Ind,Energy & Utilities,21.14,2.55
Nippon India Arbitrage Dir,Direct,17008,INF204K01XZ7,Equity,Axis Bank,Financial,15.54,2.15
Nippon India Balanced Advantage Dir,Direct,17097,INF204K01G94,Debt,National Bank For Agriculture & Rural Development SR 25G Bonds 7.48 15/09/2028,Bonds,AAA,1.56
Nippon India Balanced Advantage Dir,Direct,17097,INF204K01G94,Debt,Cube Highways Trust,Infrastructure Investment Trust,--,1.48
Nippon India Balanced Advantage Dir,Direct,17097,INF204K01G94,Debt,Muthoot Finance Ltd Debenture 26/07/2029,Debenture,AA+,1.31
Nippon India Balanced Advantage Dir,Direct,17097,INF204K01G94,Debt,MINDSPACE,Real Estate Investment Trusts,--,1.24
Nippon India Balanced Advantage Dir,Direct,17097,INF204K01G94,Debt,NHIT,Infrastructure Investment Trust,--,1.09
Nippon India Balanced Advantage Dir,Direct,17097,INF204K01G94,Equity,ICICI Bank,Financial,17.14,5.39
Nippon India Balanced Advantage Dir,Direct,17097,INF204K01G94,Equity,HDFC Bank,Financial,15.15,5.39
Nippon India Balanced Advantage Dir,Direct,17097,INF204K01G94,Equity,Reliance Ind,Energy & Utilities,21.14,2.76
Nippon India Balanced Advantage Dir,Direct,17097,INF204K01G94,Equity,Axis Bank,Financial,15.54,2.59
Nippon India Balanced Advantage Dir,Direct,17097,INF204K01G94,Equity,Bharti Airtel,Technology,40.64,2.58
Nippon India Conservative Hybrid Dir,Direct,16144,INF204K01YV4,Debt,Tamilnadu State SDL 7.03 02/03/2030,State Development Loan,SOV,5.18
Nippon India Conservative Hybrid Dir,Direct,16144,INF204K01YV4,Debt,Triumph Composites Pvt. Ltd Debenture 10.50 27/04/2031,Debenture,AA-,4.19
Nippon India Conservative Hybrid Dir,Direct,16144,INF204K01YV4,Debt,Delhi International Airport Ltd NCD 22/08/2030,Non Convertible Debenture,AA,3.8
Nippon India Conservative Hybrid Dir,Direct,16144,INF204K01YV4,Debt,Aditya Birla Real Estate Ltd NCD 8.55 30/08/2029,Non Convertible Debenture,AA,3.63
Nippon India Conservative Hybrid Dir,Direct,16144,INF204K01YV4,Debt,GMR Airports Ltd Bonds 13/02/2027,Bonds,A+,3.48
Nippon India Conservative Hybrid Dir,Direct,16144,INF204K01YV4,Equity,HDFC Bank,Financial,15.15,1
Nippon India Conservative Hybrid Dir,Direct,16144,INF204K01YV4,Equity,Reliance Ind,Energy & Utilities,21.14,0.87
Nippon India Conservative Hybrid Dir,Direct,16144,INF204K01YV4,Equity,AU Small Fin Bank,Financial,27.21,0.82
Nippon India Conservative Hybrid Dir,Direct,16144,INF204K01YV4,Equity,ICICI Bank,Financial,17.14,0.73
Nippon India Conservative Hybrid Dir,Direct,16144,INF204K01YV4,Equity,Bharti Airtel,Technology,40.64,0.51
Nippon India Conservative Hybrid Seg Port 2 Direct,Direct,40873,INF204K01YV4,Debt,--,--,--,--
Nippon India Conservative Hybrid Seg Port 2 Direct,Direct,40873,INF204K01YV4,Equity,--,--,--,--
Nippon India Conservative Hybrid Seg Port1 Dir,Direct,40704,INF204K01YV4,Debt,Vodafone Idea Ltd Bonds/Deb 8.25 10/07/2020,Bonds/Debentures,B+,99.5
Nippon India Conservative Hybrid Seg Port1 Dir,Direct,40704,INF204K01YV4,Equity,--,--,--,--
Nippon India Diversified Equity Flexicap Passive FoF Dir,Direct,41241,#N/A,Debt,--,--,--,--
Nippon India Diversified Equity Flexicap Passive FoF Dir,Direct,41241,#N/A,Equity,Nippon India ETF Nifty 100-IDCW,Unspecified,--,72.91
Nippon India Diversified Equity Flexicap Passive FoF Dir,Direct,41241,#N/A,Equity,Nippon MID150BEES ETF,Unspecified,--,15.22
Nippon India Diversified Equity Flexicap Passive FoF Dir,Direct,41241,#N/A,Equity,Nippon India Nifty Smallcap 250 Index Direct-G,Unspecified,--,10.81
Nippon India ETF Nifty 5Y Benchmark G-Sec,Direct,41391,#N/A,Debt,GOI Sec 6.36 16/02/2031,GOI Securities,SOV,93.75
Nippon India ETF Nifty 5Y Benchmark G-Sec,Direct,41391,#N/A,Debt,GOI Sec 6.01 21/07/2030,GOI Securities,SOV,2.2
Nippon India ETF Nifty 5Y Benchmark G-Sec,Direct,41391,#N/A,Debt,GOI Sec 6.75 23/12/2029,GOI Securities,SOV,1.38
Nippon India ETF Nifty 5Y Benchmark G-Sec,Direct,41391,#N/A,Equity,--,--,--,--
Nippon India ETF Nifty 8-13 yr G-Sec LT Gilt,Direct,32557,#N/A,Debt,GOI Sec 6.48 06/10/2035,GOI Securities,SOV,68.35
Nippon India ETF Nifty 8-13 yr G-Sec LT Gilt,Direct,32557,#N/A,Debt,GOI Sec 6.33 05/05/2035,GOI Securities,SOV,19.23
Nippon India ETF Nifty 8-13 yr G-Sec LT Gilt,Direct,32557,#N/A,Debt,GOI Sec 6.94 11/05/2036,GOI Securities,SOV,9.17
Nippon India ETF Nifty 8-13 yr G-Sec LT Gilt,Direct,32557,#N/A,Debt,GOI Sec 6.79 07/10/2034,GOI Securities,SOV,1.02
Nippon India ETF Nifty 8-13 yr G-Sec LT Gilt,Direct,32557,#N/A,Equity,--,--,--,--
Nippon India Equity Savings Dir,Direct,30217,INF204KA1W77,Debt,GOI Sec 7.32 13/11/2030,GOI Securities,SOV,4.26
Nippon India Equity Savings Dir,Direct,30217,INF204KA1W77,Debt,GOI Sec 7.26 06/02/2033,GOI Securities,SOV,2.41
Nippon India Equity Savings Dir,Direct,30217,INF204KA1W77,Debt,GOI GOI Sec 7.10 18/04/2029,GOI Securities,SOV,1.81
Nippon India Equity Savings Dir,Direct,30217,INF204KA1W77,Debt,GOI Sec 7.41 19/12/2036,GOI Securities,SOV,1.22
Nippon India Equity Savings Dir,Direct,30217,INF204KA1W77,Debt,GOI Sec 7.17 17/04/2030,GOI Securities,SOV,1.21
Nippon India Equity Savings Dir,Direct,30217,INF204KA1W77,Equity,ICICI Bank,Financial,17.14,8.51
Nippon India Equity Savings Dir,Direct,30217,INF204KA1W77,Equity,Mahindra & Mahindra,Consumer Discretionary,21.56,7.59
Nippon India Equity Savings Dir,Direct,30217,INF204KA1W77,Equity,HDFC Bank,Financial,15.15,6.57
Nippon India Equity Savings Dir,Direct,30217,INF204KA1W77,Equity,Bharti Airtel,Technology,40.64,5.46
Nippon India Equity Savings Dir,Direct,30217,INF204KA1W77,Equity,Reliance Ind,Energy & Utilities,21.14,4.82
Nippon India Equity Savings Seg Port 1 Direct,Direct,40321,INF204KA1W77,Debt,Reliance Capital Ltd SR-FB- NCD 8.85 05/10/2026,Non Convertible Debenture,D,92.69
Nippon India Equity Savings Seg Port 1 Direct,Direct,40321,INF204KA1W77,Equity,--,--,--,--
Nippon India Equity Savings Seg Port 2 Direct,Direct,40865,INF204KA1W77,Debt,--,--,--,--
Nippon India Equity Savings Seg Port 2 Direct,Direct,40865,INF204KA1W77,Equity,--,--,--,--
Nippon India Flexi Cap Dir,Direct,41616,#N/A,Debt,--,--,--,--
Nippon India Flexi Cap Dir,Direct,41616,#N/A,Equity,ICICI Bank,Financial,17.14,6.64
Nippon India Flexi Cap Dir,Direct,41616,#N/A,Equity,HDFC Bank,Financial,15.15,6.06
Nippon India Flexi Cap Dir,Direct,41616,#N/A,Equity,Axis Bank,Financial,15.54,4.05
Nippon India Flexi Cap Dir,Direct,41616,#N/A,Equity,Reliance Ind,Energy & Utilities,21.14,3.73
Nippon India Flexi Cap Dir,Direct,41616,#N/A,Equity,Larsen & Toubro,Industrials,33.53,2.82
Nippon India Focused Dir,Direct,16129,#N/A,Debt,--,--,--,--
Nippon India Focused Dir,Direct,16129,#N/A,Equity,--,--,--,--
Nippon India Gilt Dir,Direct,16078,#N/A,Debt,GOI Sec 7.24 18/08/2055,GOI Securities,SOV,12.82
Nippon India Gilt Dir,Direct,16078,#N/A,Debt,GOI Sec 6.90 15/04/2065,GOI Securities,SOV,12.67
Nippon India Gilt Dir,Direct,16078,#N/A,Debt,GOI Sec 6.68 07/07/2040,GOI Securities,SOV,12.1
Nippon India Gilt Dir,Direct,16078,#N/A,Debt,GOI Sec 7.34 22/04/2064,GOI Securities,SOV,11.88
Nippon India Gilt Dir,Direct,16078,#N/A,Debt,GOI Sec 7.25 12/06/2063,GOI Securities,SOV,6.06
Nippon India Gilt Dir,Direct,16078,#N/A,Equity,--,--,--,--
Nippon India Nifty 500 Low Volatility 50 Index Dir,Direct,45109,#N/A,Debt,--,--,--,--
Nippon India Nifty 500 Low Volatility 50 Index Dir,Direct,45109,#N/A,Equity,ICICI Bank,Financial,17.14,8.56
Nippon India Nifty 500 Low Volatility 50 Index Dir,Direct,45109,#N/A,Equity,HDFC Bank,Financial,15.15,8.25
Nippon India Nifty 500 Low Volatility 50 Index Dir,Direct,45109,#N/A,Equity,Axis Bank,Financial,15.54,7.02
Nippon India Nifty 500 Low Volatility 50 Index Dir,Direct,45109,#N/A,Equity,Infosys,Technology,15.78,4.75
Nippon India Nifty 500 Low Volatility 50 Index Dir,Direct,45109,#N/A,Equity,Eternal,Technology,634.13,4.27
Nippon India Nifty 500 Momentum 50 Index Dir,Direct,44558,#N/A,Debt,--,--,--,--
Nippon India Nifty 500 Momentum 50 Index Dir,Direct,44558,#N/A,Equity,Hindalco Ind,Materials,17.41,5.51
Nippon India Nifty 500 Momentum 50 Index Dir,Direct,44558,#N/A,Equity,BSE,Financial,64.44,4.85
Nippon India Nifty 500 Momentum 50 Index Dir,Direct,44558,#N/A,Equity,Eicher Motors,Consumer Discretionary,35.98,4.73
Nippon India Nifty 500 Momentum 50 Index Dir,Direct,44558,#N/A,Equity,Shriram Finance,Financial,21.13,4.7
Nippon India Nifty 500 Momentum 50 Index Dir,Direct,44558,#N/A,Equity,Asian Paints,Materials,60.32,4.49
Nippon India Nifty 500 Quality 50 Index Dir,Direct,45105,#N/A,Debt,--,--,--,--
Nippon India Nifty 500 Quality 50 Index Dir,Direct,45105,#N/A,Equity,BSE,Financial,64.44,6.04
Nippon India Nifty 500 Quality 50 Index Dir,Direct,45105,#N/A,Equity,Bharat Electronics,Industrials,49.42,4.48
Nippon India Nifty 500 Quality 50 Index Dir,Direct,45105,#N/A,Equity,Coal India,Materials,8.97,3.98
Nippon India Nifty 500 Quality 50 Index Dir,Direct,45105,#N/A,Equity,Bajaj Auto,Consumer Discretionary,26.4,3.84
Nippon India Nifty 500 Quality 50 Index Dir,Direct,45105,#N/A,Equity,Suzlon Energy,Industrials,23.63,3.74
Nippon India Retirement Incm Generation Dir,Direct,29298,INF204KA1C30,Debt,GOI CGL 7.06 10/10/2046,Central Government Loan,SOV,30.4
Nippon India Retirement Incm Generation Dir,Direct,29298,INF204KA1C30,Debt,GOI Sec 6.68 07/07/2040,GOI Securities,SOV,16.75
Nippon India Retirement Incm Generation Dir,Direct,29298,INF204KA1C30,Debt,GOI Sec 8.13 22/06/2045,GOI Securities,SOV,15.88
Nippon India Retirement Incm Generation Dir,Direct,29298,INF204KA1C30,Debt,GOI Sec 8.17 01/12/2044,GOI Securities,SOV,4.93
Nippon India Retirement Incm Generation Dir,Direct,29298,INF204KA1C30,Debt,GOI Sec 8.30 31/12/2042,GOI Securities,SOV,1.64
Nippon India Retirement Incm Generation Dir,Direct,29298,INF204KA1C30,Equity,ICICI Bank,Financial,17.14,2.68
Nippon India Retirement Incm Generation Dir,Direct,29298,INF204KA1C30,Equity,SBI,Financial,11.13,2.05
Nippon India Retirement Incm Generation Dir,Direct,29298,INF204KA1C30,Equity,Reliance Ind,Energy & Utilities,21.14,1.69
Nippon India Retirement Incm Generation Dir,Direct,29298,INF204KA1C30,Equity,HDFC Bank,Financial,15.15,1.59
Nippon India Retirement Incm Generation Dir,Direct,29298,INF204KA1C30,Equity,Larsen & Toubro,Industrials,33.53,1.37
Nippon India Retirement Wealth Creation Dir,Direct,29291,#N/A,Debt,--,--,--,--
Nippon India Retirement Wealth Creation Dir,Direct,29291,#N/A,Equity,HDFC Bank,Financial,15.15,7.85
Nippon India Retirement Wealth Creation Dir,Direct,29291,#N/A,Equity,ICICI Bank,Financial,17.14,7.33
Nippon India Retirement Wealth Creation Dir,Direct,29291,#N/A,Equity,Reliance Ind,Energy & Utilities,21.14,4.46
Nippon India Retirement Wealth Creation Dir,Direct,29291,#N/A,Equity,Axis Bank,Financial,15.54,4.24
Nippon India Retirement Wealth Creation Dir,Direct,29291,#N/A,Equity,Infosys,Technology,15.78,4.2
Old Bridge Arbitrage Dir,Direct,45603,INF0S5R01125,Debt,Shriram Finance Ltd SR PPD IX TR Debenture 8.75 04/05/2026,Debenture,AAA,3.26
Old Bridge Arbitrage Dir,Direct,45603,INF0S5R01125,Debt,Reserve Bank of India T-Bills 182-D 08/05/2026,Treasury Bills,SOV,3.25
Old Bridge Arbitrage Dir,Direct,45603,INF0S5R01125,Debt,Reserve Bank of India T-Bills 364-D 17/12/2026,Treasury Bills,SOV,3.15
Old Bridge Arbitrage Dir,Direct,45603,INF0S5R01125,Equity,ICICI Bank,Financial,17.14,6.05
Old Bridge Arbitrage Dir,Direct,45603,INF0S5R01125,Equity,HDFC Bank,Financial,15.15,4.59
Old Bridge Arbitrage Dir,Direct,45603,INF0S5R01125,Equity,Bharat Heavy Elect,Industrials,82.39,4.4
Old Bridge Arbitrage Dir,Direct,45603,INF0S5R01125,Equity,JSW Steel,Materials,13.96,4.34
Old Bridge Arbitrage Dir,Direct,45603,INF0S5R01125,Equity,Bharti Airtel,Technology,40.64,3.62
Old Bridge Flexi Cap Dir,Direct,45846,#N/A,Debt,--,--,--,--
Old Bridge Flexi Cap Dir,Direct,45846,#N/A,Equity,Gujarat Ambuja,Consumer Staples,24.02,3.34
Old Bridge Flexi Cap Dir,Direct,45846,#N/A,Equity,Shriram Finance,Financial,21.29,3.26
Old Bridge Flexi Cap Dir,Direct,45846,#N/A,Equity,Mahindra & Mahindra,Consumer Discretionary,21.69,3.25
Old Bridge Flexi Cap Dir,Direct,45846,#N/A,Equity,Aurobindo Pharma,Healthcare,23.96,3.15
Old Bridge Flexi Cap Dir,Direct,45846,#N/A,Equity,Glenmark Pharmaceuticals,Healthcare,44.9,3.07
Old Bridge Focused Dir,Direct,44038,#N/A,Debt,--,--,--,--
Old Bridge Focused Dir,Direct,44038,#N/A,Equity,--,--,--,--
PGIM India Aggressive Hybrid Equity Dir,Direct,15620,INF663L01GX2,Debt,GOI Sec 7.26 22/08/2032,GOI Securities,SOV,4.52
PGIM India Aggressive Hybrid Equity Dir,Direct,15620,INF663L01GX2,Debt,Union Bank of India CD 03/06/2026,Certificate of Deposit,A1+,3.96
PGIM India Aggressive Hybrid Equity Dir,Direct,15620,INF663L01GX2,Debt,GOI Sec 7.10 08/04/2034,GOI Securities,SOV,2.49
PGIM India Aggressive Hybrid Equity Dir,Direct,15620,INF663L01GX2,Debt,GOI Sec 7.26 06/02/2033,GOI Securities,SOV,1.91
PGIM India Aggressive Hybrid Equity Dir,Direct,15620,INF663L01GX2,Debt,GOI Sec 6.01 21/07/2030,GOI Securities,SOV,1.69
PGIM India Aggressive Hybrid Equity Dir,Direct,15620,INF663L01GX2,Equity,PGIM Jennison Global Opportunities Fund USD I Accumulation Forgn.MF-,Unspecified,--,11.23
PGIM India Aggressive Hybrid Equity Dir,Direct,15620,INF663L01GX2,Equity,ICICI Bank,Financial,17.15,5.83
PGIM India Aggressive Hybrid Equity Dir,Direct,15620,INF663L01GX2,Equity,HDFC Bank,Financial,15.26,5.38
PGIM India Aggressive Hybrid Equity Dir,Direct,15620,INF663L01GX2,Equity,Bharti Airtel,Technology,40.89,3.68
PGIM India Aggressive Hybrid Equity Dir,Direct,15620,INF663L01GX2,Equity,Reliance Ind,Energy & Utilities,21.26,3.65
PGIM India Arbitrage Dir,Direct,27877,INF223J013N7,Debt,PGIM India Liquid Direct-G,Mutual Fund,--,20.34
PGIM India Arbitrage Dir,Direct,27877,INF223J013N7,Debt,Reserve Bank of India T-Bills 182-D 11/06/2026,Treasury Bills,SOV,5.42
PGIM India Arbitrage Dir,Direct,27877,INF223J013N7,Debt,Reserve Bank of India T-Bills 91-D 04/06/2026,Treasury Bills,SOV,5.42
PGIM India Arbitrage Dir,Direct,27877,INF223J013N7,Debt,Reserve Bank of India T-Bills 364-D 29/10/2026,Treasury Bills,SOV,0.21
PGIM India Arbitrage Dir,Direct,27877,INF223J013N7,Equity,HDFC Bank,Financial,15.15,9.42
PGIM India Arbitrage Dir,Direct,27877,INF223J013N7,Equity,Reliance Ind,Energy & Utilities,21.14,6.81
PGIM India Arbitrage Dir,Direct,27877,INF223J013N7,Equity,Vodafone Idea,Technology,4.33,5.75
PGIM India Arbitrage Dir,Direct,27877,INF223J013N7,Equity,Titan,Consumer Discretionary,70.73,5.42
PGIM India Arbitrage Dir,Direct,27877,INF223J013N7,Equity,ICICI Bank,Financial,17.14,3.91
PGIM India Balanced Advantage Dir,Direct,41263,INF663L01V49,Debt,GOI Sec 6.79 07/10/2034,GOI Securities,SOV,3.82
PGIM India Balanced Advantage Dir,Direct,41263,INF663L01V49,Debt,GOI Sec 7.18 14/08/2033,GOI Securities,SOV,2.77
PGIM India Balanced Advantage Dir,Direct,41263,INF663L01V49,Debt,GOI Sec 7.09 05/08/2054,GOI Securities,SOV,1.76
PGIM India Balanced Advantage Dir,Direct,41263,INF663L01V49,Debt,Muthoot Finance Ltd CP 365-D 16/03/2027,Commercial Paper,A1+,1.76
PGIM India Balanced Advantage Dir,Direct,41263,INF663L01V49,Debt,GOI Sec 7.25 12/06/2063,GOI Securities,SOV,1.71
PGIM India Balanced Advantage Dir,Direct,41263,INF663L01V49,Equity,HDFC Bank,Financial,15.15,5.59
PGIM India Balanced Advantage Dir,Direct,41263,INF663L01V49,Equity,ICICI Bank,Financial,17.14,4.92
PGIM India Balanced Advantage Dir,Direct,41263,INF663L01V49,Equity,Reliance Ind,Energy & Utilities,21.14,4.43
PGIM India Balanced Advantage Dir,Direct,41263,INF663L01V49,Equity,Bharti Airtel,Technology,40.64,2.99
PGIM India Balanced Advantage Dir,Direct,41263,INF663L01V49,Equity,Varun Beverages,Consumer Staples,56.06,2.35
PGIM India Equity Savings Dir,Direct,16392,INF223J01QD0,Debt,GOI Sec 7.10 08/04/2034,GOI Securities,SOV,8.44
PGIM India Equity Savings Dir,Direct,16392,INF223J01QD0,Debt,GOI Sec 7.18 14/08/2033,GOI Securities,SOV,5.08
PGIM India Equity Savings Dir,Direct,16392,INF223J01QD0,Debt,IndiGrid Infrastructure Trust,Infrastructure Investment Trust,--,4.98
PGIM India Equity Savings Dir,Direct,16392,INF223J01QD0,Debt,Brookfield REIT,Real Estate Investment Trusts,--,4.76
PGIM India Equity Savings Dir,Direct,16392,INF223J01QD0,Debt,Export-Import Bank Of India Bonds 8.87 30/10/2029,Bonds,AAA,3.47
PGIM India Equity Savings Dir,Direct,16392,INF223J01QD0,Equity,Tata Steel,Materials,22.98,8.38
PGIM India Equity Savings Dir,Direct,16392,INF223J01QD0,Equity,HDFC Bank,Financial,15.15,7.65
PGIM India Equity Savings Dir,Direct,16392,INF223J01QD0,Equity,Reliance Ind,Energy & Utilities,21.14,6.72
PGIM India Equity Savings Dir,Direct,16392,INF223J01QD0,Equity,Adani Ports,Industrials,32.9,6.04
PGIM India Equity Savings Dir,Direct,16392,INF223J01QD0,Equity,Bajaj Finance,Financial,28.93,4.96
PGIM India Flexi Cap Dir,Direct,29473,#N/A,Debt,--,--,--,--
PGIM India Flexi Cap Dir,Direct,29473,#N/A,Equity,HDFC Bank,Financial,15.15,5.78
PGIM India Flexi Cap Dir,Direct,29473,#N/A,Equity,ICICI Bank,Financial,17.14,5.55
PGIM India Flexi Cap Dir,Direct,29473,#N/A,Equity,Bharti Airtel,Technology,40.64,3.09
PGIM India Flexi Cap Dir,Direct,29473,#N/A,Equity,Reliance Ind,Energy & Utilities,21.14,2.82
PGIM India Flexi Cap Dir,Direct,29473,#N/A,Equity,SBI,Financial,11.13,2.34
PGIM India Gilt Dir,Direct,15595,#N/A,Debt,GOI Sec 6.68 07/07/2040,GOI Securities,SOV,18.83
PGIM India Gilt Dir,Direct,15595,#N/A,Debt,GOI Sec 6.48 06/10/2035,GOI Securities,SOV,18.06
PGIM India Gilt Dir,Direct,15595,#N/A,Debt,GOI Sec 7.24 18/08/2055,GOI Securities,SOV,12.43
PGIM India Gilt Dir,Direct,15595,#N/A,Debt,GOI Sec 6.90 15/04/2065,GOI Securities,SOV,8.38
PGIM India Gilt Dir,Direct,15595,#N/A,Debt,GOI Sec 6.79 07/10/2034,GOI Securities,SOV,6.37
PGIM India Gilt Dir,Direct,15595,#N/A,Equity,--,--,--,--
Parag Parikh Arbitrage Dir,Direct,43816,INF879O01225,Debt,Parag Parikh Liquid Direct-G,Mutual Fund,--,16.08
Parag Parikh Arbitrage Dir,Direct,43816,INF879O01225,Debt,Kotak Securities Ltd CP 90-D 27/05/2026,Commercial Paper,A1+,2.1
Parag Parikh Arbitrage Dir,Direct,43816,INF879O01225,Debt,Small Industries Devp. Bank of India Ltd CD 09/07/2026,Certificate of Deposit,A1+,2.08
Parag Parikh Arbitrage Dir,Direct,43816,INF879O01225,Debt,Axis Bank Ltd CD 11/08/2026,Certificate of Deposit,A1+,2.07
Parag Parikh Arbitrage Dir,Direct,43816,INF879O01225,Debt,Canara Bank CD 08/01/2027,Certificate of Deposit,A1+,2.01
Parag Parikh Arbitrage Dir,Direct,43816,INF879O01225,Equity,HDFC Bank,Financial,15.15,6.11
Parag Parikh Arbitrage Dir,Direct,43816,INF879O01225,Equity,Axis Bank,Financial,15.54,5.14
Parag Parikh Arbitrage Dir,Direct,43816,INF879O01225,Equity,ICICI Bank,Financial,17.14,4.99
Parag Parikh Arbitrage Dir,Direct,43816,INF879O01225,Equity,Bharti Airtel,Technology,40.64,4.83
Parag Parikh Arbitrage Dir,Direct,43816,INF879O01225,Equity,Reliance Ind,Energy & Utilities,21.14,4.66
Parag Parikh Conservative Hybrid Dir,Direct,41484,INF879O01175,Debt,Embassy Office,Real Estate Investment Trusts,--,5.08
Parag Parikh Conservative Hybrid Dir,Direct,41484,INF879O01175,Debt,Brookfield REIT,Real Estate Investment Trusts,--,4.96
Parag Parikh Conservative Hybrid Dir,Direct,41484,INF879O01175,Debt,Uttar Pradesh State SDL 7.08 17/02/2031,State Development Loan,SOV,4.41
Parag Parikh Conservative Hybrid Dir,Direct,41484,INF879O01175,Debt,Karnataka State SDL 7.08 12/02/2031,State Development Loan,SOV,4.11
Parag Parikh Conservative Hybrid Dir,Direct,41484,INF879O01175,Debt,Maharashtra State SDL 7.72 01/03/2031,State Development Loan,SOV,3.77
Parag Parikh Conservative Hybrid Dir,Direct,41484,INF879O01175,Equity,Coal India,Materials,8.97,2.31
Parag Parikh Conservative Hybrid Dir,Direct,41484,INF879O01175,Equity,Power Grid,Energy & Utilities,16.78,2.08
Parag Parikh Conservative Hybrid Dir,Direct,41484,INF879O01175,Equity,ITC,Consumer Staples,17.2,1.91
Parag Parikh Conservative Hybrid Dir,Direct,41484,INF879O01175,Equity,Petronet Lng,Energy & Utilities,10.27,1.9
Parag Parikh Conservative Hybrid Dir,Direct,41484,INF879O01175,Equity,REC,Financial,5.64,0.95
Parag Parikh Dynamic Asset Allocation Dir,Direct,44169,INF879O01266,Debt,Embassy Office,Real Estate Investment Trusts,--,5.09
Parag Parikh Dynamic Asset Allocation Dir,Direct,44169,INF879O01266,Debt,Brookfield REIT,Real Estate Investment Trusts,--,5.08
Parag Parikh Dynamic Asset Allocation Dir,Direct,44169,INF879O01266,Debt,Parag Parikh Liquid Direct-G,Mutual Fund,--,3.96
Parag Parikh Dynamic Asset Allocation Dir,Direct,44169,INF879O01266,Debt,Tamilnadu State SDL 7.12 18/02/2032,State Development Loan,SOV,3.63
Parag Parikh Dynamic Asset Allocation Dir,Direct,44169,INF879O01266,Debt,Maharashtra State SDL 7.72 01/03/2031,State Development Loan,SOV,2.81
Parag Parikh Dynamic Asset Allocation Dir,Direct,44169,INF879O01266,Equity,Coal India,Materials,8.97,3.2
Parag Parikh Dynamic Asset Allocation Dir,Direct,44169,INF879O01266,Equity,Reliance Ind,Energy & Utilities,21.14,3.07
Parag Parikh Dynamic Asset Allocation Dir,Direct,44169,INF879O01266,Equity,Power Grid,Energy & Utilities,16.78,2.74
Parag Parikh Dynamic Asset Allocation Dir,Direct,44169,INF879O01266,Equity,HDFC Bank,Financial,15.15,2.71
Parag Parikh Dynamic Asset Allocation Dir,Direct,44169,INF879O01266,Equity,ITC,Consumer Staples,17.2,2.63
Parag Parikh Flexi Cap Dir,Direct,19701,#N/A,Debt,--,--,--,--
Parag Parikh Flexi Cap Dir,Direct,19701,#N/A,Equity,HDFC Bank,Financial,15.26,7.94
Parag Parikh Flexi Cap Dir,Direct,19701,#N/A,Equity,Power Grid,Energy & Utilities,16.83,6.99
Parag Parikh Flexi Cap Dir,Direct,19701,#N/A,Equity,Coal India,Materials,9.05,5.95
Parag Parikh Flexi Cap Dir,Direct,19701,#N/A,Equity,ITC,Consumer Staples,17.25,5.43
Parag Parikh Flexi Cap Dir,Direct,19701,#N/A,Equity,ICICI Bank,Financial,17.15,4.92
Quant Aggressive Hybrid Dir,Direct,17357,INF966L01556,Debt,Small Industries Devp. Bank of India Ltd CD 10/11/2026,Certificate of Deposit,A1+,4.76
Quant Aggressive Hybrid Dir,Direct,17357,INF966L01556,Debt,Reserve Bank of India T-Bills 364-D 19/02/2027,Treasury Bills,SOV,4.73
Quant Aggressive Hybrid Dir,Direct,17357,INF966L01556,Debt,Capri Global Capital Ltd CP 129-D 31/07/2026,Commercial Paper,A1+,2.42
Quant Aggressive Hybrid Dir,Direct,17357,INF966L01556,Debt,Maharashtra State SDL 7.23 04/09/2035,State Development Loan,SOV,2.4
Quant Aggressive Hybrid Dir,Direct,17357,INF966L01556,Debt,Reserve Bank of India T-Bills 364-D 21/05/2026,Treasury Bills,SOV,2.32
Quant Aggressive Hybrid Dir,Direct,17357,INF966L01556,Equity,ICICI Bank,Financial,17.15,8.91
Quant Aggressive Hybrid Dir,Direct,17357,INF966L01556,Equity,Adani Green Energy,Energy & Utilities,150,8.8
Quant Aggressive Hybrid Dir,Direct,17357,INF966L01556,Equity,Reliance Ind,Energy & Utilities,21.26,7.72
Quant Aggressive Hybrid Dir,Direct,17357,INF966L01556,Equity,Adani Power,Energy & Utilities,33.61,7.56
Quant Aggressive Hybrid Dir,Direct,17357,INF966L01556,Equity,Aurobindo Pharma,Healthcare,23.96,7.01
Quant Arbitrage Dir,Direct,45075,INF966L01DW8,Debt,Quant Liquid Direct-G,Mutual Fund,--,16.27
Quant Arbitrage Dir,Direct,45075,INF966L01DW8,Debt,Reserve Bank of India T-Bills 364-D 08/04/2027,Treasury Bills,SOV,2.7
Quant Arbitrage Dir,Direct,45075,INF966L01DW8,Debt,Reserve Bank of India T-Bills 364-D 04/03/2027,Treasury Bills,SOV,1.36
Quant Arbitrage Dir,Direct,45075,INF966L01DW8,Debt,Reserve Bank of India T-Bills 364-D 15/04/2027,Treasury Bills,SOV,1.35
Quant Arbitrage Dir,Direct,45075,INF966L01DW8,Debt,Reserve Bank of India T-Bills 364-D 21/05/2026,Treasury Bills,SOV,0.85
Quant Arbitrage Dir,Direct,45075,INF966L01DW8,Equity,Bharat Heavy Elect,Industrials,82.39,5.03
Quant Arbitrage Dir,Direct,45075,INF966L01DW8,Equity,JIO Financial,Financial,97.68,4.88
Quant Arbitrage Dir,Direct,45075,INF966L01DW8,Equity,HDFC Bank,Financial,15.15,4.49
Quant Arbitrage Dir,Direct,45075,INF966L01DW8,Equity,Godrej Consumer,Consumer Staples,56.43,3.96
Quant Arbitrage Dir,Direct,45075,INF966L01DW8,Equity,Adani Ports,Industrials,32.9,3.85
Quant Dynamic Asset Allocation Dir,Direct,43471,INF966L01BL5,Debt,Capri Global Capital Ltd CP 129-D 31/07/2026,Commercial Paper,A1+,2.72
Quant Dynamic Asset Allocation Dir,Direct,43471,INF966L01BL5,Debt,Citius TransNet Investment Trust InvITs,Infrastructure Investment Trust,--,1.98
Quant Dynamic Asset Allocation Dir,Direct,43471,INF966L01BL5,Debt,Reserve Bank of India T-Bills 91-D 07/05/2026,Treasury Bills,SOV,0.89
Quant Dynamic Asset Allocation Dir,Direct,43471,INF966L01BL5,Debt,Reserve Bank of India T-Bills 91-D 14/05/2026,Treasury Bills,SOV,0.89
Quant Dynamic Asset Allocation Dir,Direct,43471,INF966L01BL5,Debt,Reserve Bank of India T-Bills 91-D 22/05/2026,Treasury Bills,SOV,0.88
Quant Dynamic Asset Allocation Dir,Direct,43471,INF966L01BL5,Equity,Reliance Ind,Energy & Utilities,21.14,9.71
Quant Dynamic Asset Allocation Dir,Direct,43471,INF966L01BL5,Equity,ICICI Prudential Asset Management,Financial,48.22,8.91
Quant Dynamic Asset Allocation Dir,Direct,43471,INF966L01BL5,Equity,HDFC Life,Financial,62.11,8.5
Quant Dynamic Asset Allocation Dir,Direct,43471,INF966L01BL5,Equity,Samvardhana Motherson,Consumer Discretionary,39.01,8.34
Quant Dynamic Asset Allocation Dir,Direct,43471,INF966L01BL5,Equity,Adani Green Energy,Energy & Utilities,148.76,7.78
Quant Equity Savings Dir,Direct,45353,INF966L01EC8,Debt,Quant Liquid Direct-G,Mutual Fund,--,10.12
Quant Equity Savings Dir,Direct,45353,INF966L01EC8,Debt,Citius TransNet Investment Trust InvITs,Infrastructure Investment Trust,--,9.06
Quant Equity Savings Dir,Direct,45353,INF966L01EC8,Equity,Adani Green Energy,Energy & Utilities,148.76,10.16
Quant Equity Savings Dir,Direct,45353,INF966L01EC8,Equity,ICICI Bank,Financial,17.14,8.2
Quant Equity Savings Dir,Direct,45353,INF966L01EC8,Equity,Bharti Airtel,Technology,40.64,7.95
Quant Equity Savings Dir,Direct,45353,INF966L01EC8,Equity,Tata Chemicals,Materials,--,6.03
Quant Equity Savings Dir,Direct,45353,INF966L01EC8,Equity,HDFC Life,Financial,62.11,5.92
Quant Flexi Cap Dir,Direct,17377,#N/A,Debt,--,--,--,--
Quant Flexi Cap Dir,Direct,17377,#N/A,Equity,Adani Power,Energy & Utilities,33.28,9.66
Quant Flexi Cap Dir,Direct,17377,#N/A,Equity,Samvardhana Motherson,Consumer Discretionary,39.01,7.55
Quant Flexi Cap Dir,Direct,17377,#N/A,Equity,Adani Enterprises,Materials,41.04,7.4
Quant Flexi Cap Dir,Direct,17377,#N/A,Equity,ICICI Prudential Asset Management,Financial,48.22,6.73
Quant Flexi Cap Dir,Direct,17377,#N/A,Equity,Aurobindo Pharma,Healthcare,23.84,6.39
Quant Gilt Dir,Direct,42968,#N/A,Debt,GOI Sec 7.09 05/08/2054,GOI Securities,SOV,23.56
Quant Gilt Dir,Direct,42968,#N/A,Debt,Karnataka State SDL 7.68 21/12/2034,State Development Loan,SOV,12.57
Quant Gilt Dir,Direct,42968,#N/A,Debt,Maharashtra State SDL 7.46 13/09/2033,State Development Loan,SOV,9.46
Quant Gilt Dir,Direct,42968,#N/A,Debt,Tamilnadu State SDL 7.49 24/04/2034,State Development Loan,SOV,7.96
Quant Gilt Dir,Direct,42968,#N/A,Debt,GOI Sec 12/09/2027,GOI Securities,SOV,6.41
Quant Gilt Dir,Direct,42968,#N/A,Equity,--,--,--,--
Quantum Diversified Equity All Cap Active FoF Dir,Direct,10550,#N/A,Debt,--,--,--,--
Quantum Diversified Equity All Cap Active FoF Dir,Direct,10550,#N/A,Equity,--,--,--,--
SBI Arbitrage Opportunities Dir,Direct,17570,INF200K01QU0,Debt,SBI Savings Direct-G,Mutual Fund,--,7.94
SBI Arbitrage Opportunities Dir,Direct,17570,INF200K01QU0,Debt,SBI Liquid Direct-G,Mutual Fund,--,5.73
SBI Arbitrage Opportunities Dir,Direct,17570,INF200K01QU0,Debt,SBI Low Duration Direct-G,Mutual Fund,--,2.58
SBI Arbitrage Opportunities Dir,Direct,17570,INF200K01QU0,Debt,SBI Ultra Short Duration Direct-G,Mutual Fund,--,1.64
SBI Arbitrage Opportunities Dir,Direct,17570,INF200K01QU0,Debt,Bank Of Baroda CD 02/02/2027,Certificate of Deposit,A1+,1.11
SBI Arbitrage Opportunities Dir,Direct,17570,INF200K01QU0,Equity,HDFC Bank,Financial,15.15,5.24
SBI Arbitrage Opportunities Dir,Direct,17570,INF200K01QU0,Equity,ICICI Bank,Financial,17.14,3.81
SBI Arbitrage Opportunities Dir,Direct,17570,INF200K01QU0,Equity,SBI,Financial,11.13,3.34
SBI Arbitrage Opportunities Dir,Direct,17570,INF200K01QU0,Equity,Bharti Airtel,Technology,40.64,2.17
SBI Arbitrage Opportunities Dir,Direct,17570,INF200K01QU0,Equity,Reliance Ind,Energy & Utilities,21.14,1.87
SBI Balanced Advantage Dir,Direct,41655,INF200KA1Y73,Debt,Reserve Bank of India T-Bills 364-D 04/03/2027,Treasury Bills,SOV,1.99
SBI Balanced Advantage Dir,Direct,41655,INF200KA1Y73,Debt,Reserve Bank of India T-Bills 91-D 16/07/2026,Treasury Bills,SOV,1.34
SBI Balanced Advantage Dir,Direct,41655,INF200KA1Y73,Debt,Brookfield REIT,Real Estate Investment Trusts,--,1.28
SBI Balanced Advantage Dir,Direct,41655,INF200KA1Y73,Debt,Adani Power Ltd SR I 8 Debenture 27/01/2028,Debenture,AA,1.17
SBI Balanced Advantage Dir,Direct,41655,INF200KA1Y73,Debt,JSW Kalinga Steel Ltd Debenture,Debenture,AA,0.98
SBI Balanced Advantage Dir,Direct,41655,INF200KA1Y73,Equity,Reliance Ind,Energy & Utilities,21.14,5.38
SBI Balanced Advantage Dir,Direct,41655,INF200KA1Y73,Equity,HDFC Bank,Financial,15.15,4.18
SBI Balanced Advantage Dir,Direct,41655,INF200KA1Y73,Equity,ICICI Bank,Financial,17.14,3.4
SBI Balanced Advantage Dir,Direct,41655,INF200KA1Y73,Equity,GAIL (India),Energy & Utilities,14.58,2.42
SBI Balanced Advantage Dir,Direct,41655,INF200KA1Y73,Equity,Tata Steel,Materials,22.98,2.1
SBI Children's Investment Plan Dir,Direct,41124,INF200KA1R07,Debt,Reserve Bank of India T-Bills 364-D 19/11/2026,Treasury Bills,SOV,0.16
SBI Children's Investment Plan Dir,Direct,41124,INF200KA1R07,Equity,Alphabet Inc Class A (GOOGL),Technology,28.09,7.79
SBI Children's Investment Plan Dir,Direct,41124,INF200KA1R07,Equity,SBI,Financial,11.16,6.29
SBI Children's Investment Plan Dir,Direct,41124,INF200KA1R07,Equity,Thangamayil Jew,Consumer Discretionary,48.49,4.8
SBI Children's Investment Plan Dir,Direct,41124,INF200KA1R07,Equity,Hatsun Agro,Consumer Staples,56.8,4.36
SBI Children's Investment Plan Dir,Direct,41124,INF200KA1R07,Equity,Adani Power,Energy & Utilities,33.61,4.1
SBI Children's Savings Plan Dir,Direct,17524,INF200K01QR6,Debt,GOI Sec 6.68 07/07/2040,GOI Securities,SOV,10.2
SBI Children's Savings Plan Dir,Direct,17524,INF200K01QR6,Debt,GOI Sec 7.18 14/08/2033,GOI Securities,SOV,7.27
SBI Children's Savings Plan Dir,Direct,17524,INF200K01QR6,Debt,JSW Kalinga Steel Ltd Debenture,Debenture,AA,3.62
SBI Children's Savings Plan Dir,Direct,17524,INF200K01QR6,Debt,REC Ltd SR 230-A Bonds 7.71 26/02/2027,Bonds,AAA,3.59
SBI Children's Savings Plan Dir,Direct,17524,INF200K01QR6,Debt,LIC Housing Finance Ltd NCD 7.58 23/03/2035,Non Convertible Debenture,AAA,3.58
SBI Children's Savings Plan Dir,Direct,17524,INF200K01QR6,Equity,Powerica,Industrials,22.15,2.51
SBI Children's Savings Plan Dir,Direct,17524,INF200K01QR6,Equity,Muthoot Finance,Financial,10.93,1.69
SBI Children's Savings Plan Dir,Direct,17524,INF200K01QR6,Equity,Thangamayil Jew,Consumer Discretionary,48.02,1.33
SBI Children's Savings Plan Dir,Direct,17524,INF200K01QR6,Equity,Hatsun Agro,Consumer Staples,55.91,1.3
SBI Children's Savings Plan Dir,Direct,17524,INF200K01QR6,Equity,Hawkins Cookers,Consumer Discretionary,31.12,1.24
SBI Conservative Hybrid Dir,Direct,17516,INF200K01TS8,Debt,Infopark Properties Ltd SR I RR Debenture 19/06/2039,Debenture,AA-,3.06
SBI Conservative Hybrid Dir,Direct,17516,INF200K01TS8,Debt,Aditya Birla Renewables Ltd Bonds/NCD 8.60 24/09/2027,Bonds/NCDs,AA,3.06
SBI Conservative Hybrid Dir,Direct,17516,INF200K01TS8,Debt,Adani Power Ltd SR I 8 Debenture 27/01/2028,Debenture,AA,3.03
SBI Conservative Hybrid Dir,Direct,17516,INF200K01TS8,Debt,Tamilnadu State SDL 7.52 03/12/2055,State Development Loan,SOV,2.94
SBI Conservative Hybrid Dir,Direct,17516,INF200K01TS8,Debt,JTPM Metal Traders Ltd Debenture 30/04/2030,Debenture,AA,2.68
SBI Conservative Hybrid Dir,Direct,17516,INF200K01TS8,Equity,Kingfa Science,Materials,37.23,2
SBI Conservative Hybrid Dir,Direct,17516,INF200K01TS8,Equity,Asian Paints,Materials,60.32,1.85
SBI Conservative Hybrid Dir,Direct,17516,INF200K01TS8,Equity,Biocon,Healthcare,174.62,1.66
SBI Conservative Hybrid Dir,Direct,17516,INF200K01TS8,Equity,Axis Bank,Financial,15.54,1.33
SBI Conservative Hybrid Dir,Direct,17516,INF200K01TS8,Equity,Reliance Ind,Energy & Utilities,21.14,1.24
SBI Constant Maturity 10-Year Gilt Dir,Direct,17173,#N/A,Debt,GOI Sec 6.48 06/10/2035,GOI Securities,SOV,59.06
SBI Constant Maturity 10-Year Gilt Dir,Direct,17173,#N/A,Debt,GOI Sec 7.18 24/07/2037,GOI Securities,SOV,14.53
SBI Constant Maturity 10-Year Gilt Dir,Direct,17173,#N/A,Debt,GOI Sec 6.79 07/10/2034,GOI Securities,SOV,13.01
SBI Constant Maturity 10-Year Gilt Dir,Direct,17173,#N/A,Debt,Maharashtra State SDL 7.57 25/03/2036,State Development Loan,SOV,11.89
SBI Constant Maturity 10-Year Gilt Dir,Direct,17173,#N/A,Equity,--,--,--,--
SBI Dynamic Asset Allocation Active FoF Dir,Direct,45477,INF200KB1AA9,Debt,SBI Medium Duration Direct-G,Mutual Fund,--,18.58
SBI Dynamic Asset Allocation Active FoF Dir,Direct,45477,INF200KB1AA9,Debt,SBI Medium to Long Duration Direct-G,Mutual Fund,--,8.74
SBI Dynamic Asset Allocation Active FoF Dir,Direct,45477,INF200KB1AA9,Debt,SBI Dynamic Bond Direct-G,Mutual Fund,--,8.63
SBI Dynamic Asset Allocation Active FoF Dir,Direct,45477,INF200KB1AA9,Debt,SBI Low Duration Direct-G,Mutual Fund,--,4.25
SBI Dynamic Asset Allocation Active FoF Dir,Direct,45477,INF200KB1AA9,Equity,SBI Focused Direct-G,Unspecified,--,9.53
SBI Dynamic Asset Allocation Active FoF Dir,Direct,45477,INF200KB1AA9,Equity,SBI Large & Midcap Direct-G,Unspecified,--,7.94
SBI Dynamic Asset Allocation Active FoF Dir,Direct,45477,INF200KB1AA9,Equity,SBI Dividend Yield Direct-G,Unspecified,--,7.43
SBI Dynamic Asset Allocation Active FoF Dir,Direct,45477,INF200KB1AA9,Equity,SBI Flexicap Direct-G,Unspecified,--,6.61
SBI Dynamic Asset Allocation Active FoF Dir,Direct,45477,INF200KB1AA9,Equity,SBI Banking & Financial Services Direct-G,Unspecified,--,5.39
SBI Equity Hybrid Dir,Direct,16215,INF200K01RY0,Debt,West Bengal State SDL 7.95 30/03/2049,State Development Loan,SOV,1.22
SBI Equity Hybrid Dir,Direct,16215,INF200K01RY0,Debt,Adani Power Ltd SR II Debenture 8.20 25/01/2029,Debenture,AA,1.19
SBI Equity Hybrid Dir,Direct,16215,INF200K01RY0,Debt,Canara Bank CD 04/03/2027,Certificate of Deposit,A1+,1.1
SBI Equity Hybrid Dir,Direct,16215,INF200K01RY0,Debt,JSW Kalinga Steel Ltd Debenture,Debenture,AA,1.04
SBI Equity Hybrid Dir,Direct,16215,INF200K01RY0,Debt,West Bengal State SDL 7.57 31/12/2046,State Development Loan,SOV,0.85
SBI Equity Hybrid Dir,Direct,16215,INF200K01RY0,Equity,SBI,Financial,11.16,4.23
SBI Equity Hybrid Dir,Direct,16215,INF200K01RY0,Equity,Adani Power,Energy & Utilities,33.61,3.7
SBI Equity Hybrid Dir,Direct,16215,INF200K01RY0,Equity,ICICI Bank,Financial,17.15,3.64
SBI Equity Hybrid Dir,Direct,16215,INF200K01RY0,Equity,Solar,Materials,97.1,3.32
SBI Equity Hybrid Dir,Direct,16215,INF200K01RY0,Equity,Adani Energy,Energy & Utilities,81.38,3.25
SBI Equity Savings Dir,Direct,30277,INF200KA1DF3,Debt,SBI Liquid Direct-G,Mutual Fund,--,2.7
SBI Equity Savings Dir,Direct,30277,INF200KA1DF3,Debt,GOI Sec 7.10 08/04/2034,GOI Securities,SOV,2.2
SBI Equity Savings Dir,Direct,30277,INF200KA1DF3,Debt,SBI Savings Direct-G,Mutual Fund,--,1.78
SBI Equity Savings Dir,Direct,30277,INF200KA1DF3,Debt,Infopark Properties Ltd SR I RR Debenture 19/06/2039,Debenture,AA-,1.76
SBI Equity Savings Dir,Direct,30277,INF200KA1DF3,Debt,National Bank For Agriculture & Rural Development SR 25G Bonds 7.48 15/09/2028,Bonds,AAA,1.75
SBI Equity Savings Dir,Direct,30277,INF200KA1DF3,Equity,ICICI Bank,Financial,17.14,5.29
SBI Equity Savings Dir,Direct,30277,INF200KA1DF3,Equity,HDFC Bank,Financial,15.15,5.14
SBI Equity Savings Dir,Direct,30277,INF200KA1DF3,Equity,Reliance Ind,Energy & Utilities,21.14,5.04
SBI Equity Savings Dir,Direct,30277,INF200KA1DF3,Equity,Kotak Bank,Financial,19.98,3.66
SBI Equity Savings Dir,Direct,30277,INF200KA1DF3,Equity,SBI,Financial,11.13,3.38
SBI Flexicap Dir,Direct,17514,#N/A,Debt,--,--,--,--
SBI Flexicap Dir,Direct,17514,#N/A,Equity,--,--,--,--
SBI Focused Dir,Direct,16324,#N/A,Debt,--,--,--,--
SBI Focused Dir,Direct,16324,#N/A,Equity,Alphabet Inc Class A (GOOGL),Technology,28.09,11.14
SBI Focused Dir,Direct,16324,#N/A,Equity,SBI,Financial,11.16,6.96
SBI Focused Dir,Direct,16324,#N/A,Equity,ICICI Bank,Financial,17.15,6.59
SBI Focused Dir,Direct,16324,#N/A,Equity,Adani Power,Energy & Utilities,33.61,5.94
SBI Focused Dir,Direct,16324,#N/A,Equity,Muthoot Finance,Financial,10.92,5.21
SBI Gilt Dir,Direct,17166,#N/A,Debt,GOI Sec 6.68 07/07/2040,GOI Securities,SOV,34.73
SBI Gilt Dir,Direct,17166,#N/A,Debt,GOI Sec 6.48 06/10/2035,GOI Securities,SOV,11.92
SBI Gilt Dir,Direct,17166,#N/A,Debt,Reserve Bank of India T-Bills 91-D 20/08/2026,Treasury Bills,SOV,9.26
SBI Gilt Dir,Direct,17166,#N/A,Debt,GOI Sec 6.94 11/05/2036,GOI Securities,SOV,6.31
SBI Gilt Dir,Direct,17166,#N/A,Debt,Reserve Bank of India T-Bills 182-D 13/08/2026,Treasury Bills,SOV,5.69
SBI Gilt Dir,Direct,17166,#N/A,Equity,--,--,--,--
SBI Nifty 10Y Benchmark G-Sec ETF,Direct,32486,#N/A,Debt,--,--,--,--
SBI Nifty 10Y Benchmark G-Sec ETF,Direct,32486,#N/A,Equity,--,--,--,--
SBI Nifty 500 Index Dir,Direct,44567,#N/A,Debt,--,--,--,--
SBI Nifty 500 Index Dir,Direct,44567,#N/A,Equity,HDFC Bank,Financial,15.15,6.09
SBI Nifty 500 Index Dir,Direct,44567,#N/A,Equity,Reliance Ind,Energy & Utilities,21.14,4.99
SBI Nifty 500 Index Dir,Direct,44567,#N/A,Equity,ICICI Bank,Financial,17.14,4.66
SBI Nifty 500 Index Dir,Direct,44567,#N/A,Equity,Bharti Airtel,Technology,40.64,2.99
SBI Nifty 500 Index Dir,Direct,44567,#N/A,Equity,Larsen & Toubro,Industrials,33.53,2.43
SBI Retirement Benefit Aggressive Dir,Direct,41271,#N/A,Debt,--,--,--,--
SBI Retirement Benefit Aggressive Dir,Direct,41271,#N/A,Equity,--,--,--,--
SBI Retirement Benefit Aggressive Hybrid Dir,Direct,41275,INF200KA1S97,Debt,SBI Gold ETF,Mutual Fund,--,4.91
SBI Retirement Benefit Aggressive Hybrid Dir,Direct,41275,INF200KA1S97,Debt,GOI Sec 6.48 06/10/2035,GOI Securities,SOV,4.57
SBI Retirement Benefit Aggressive Hybrid Dir,Direct,41275,INF200KA1S97,Debt,NHIT,Infrastructure Investment Trust,--,2.63
SBI Retirement Benefit Aggressive Hybrid Dir,Direct,41275,INF200KA1S97,Debt,Cube Highways Trust,Infrastructure Investment Trust,--,2.43
SBI Retirement Benefit Aggressive Hybrid Dir,Direct,41275,INF200KA1S97,Debt,Housing & Urban Development Corporation Ltd SR IV 2018 Debenture 8.58 14/02/2029,Debenture,AAA,0.32
SBI Retirement Benefit Aggressive Hybrid Dir,Direct,41275,INF200KA1S97,Equity,HDFC Bank,Financial,15.26,5.68
SBI Retirement Benefit Aggressive Hybrid Dir,Direct,41275,INF200KA1S97,Equity,Reliance Ind,Energy & Utilities,21.26,4.7
SBI Retirement Benefit Aggressive Hybrid Dir,Direct,41275,INF200KA1S97,Equity,ICICI Bank,Financial,17.15,4.43
SBI Retirement Benefit Aggressive Hybrid Dir,Direct,41275,INF200KA1S97,Equity,Larsen & Toubro,Industrials,33.67,3.44
SBI Retirement Benefit Aggressive Hybrid Dir,Direct,41275,INF200KA1S97,Equity,SBI,Financial,11.16,3.23
SBI Retirement Benefit Conservative Dir,Direct,41283,INF200KA1T39,Debt,GOI Sec 6.90 15/04/2065,GOI Securities,SOV,15.55
SBI Retirement Benefit Conservative Dir,Direct,41283,INF200KA1T39,Debt,Bharat Sanchar Nigam Ltd SR II TR A Debenture 7.72 22/12/2032,Debenture,AAA,6.83
SBI Retirement Benefit Conservative Dir,Direct,41283,INF200KA1T39,Debt,National Bank For Agriculture & Rural Development SR 26F Bonds 7.44 17/07/2029,Bonds,AAA,6.82
SBI Retirement Benefit Conservative Dir,Direct,41283,INF200KA1T39,Debt,GOI Sec 7.43 19/01/2076,GOI Securities,SOV,6.68
SBI Retirement Benefit Conservative Dir,Direct,41283,INF200KA1T39,Debt,GOI Sec 7.09 25/11/2074,GOI Securities,SOV,6.37
SBI Retirement Benefit Conservative Dir,Direct,41283,INF200KA1T39,Equity,HDFC Bank,Financial,15.15,1.44
SBI Retirement Benefit Conservative Dir,Direct,41283,INF200KA1T39,Equity,ICICI Bank,Financial,17.14,1.14
SBI Retirement Benefit Conservative Dir,Direct,41283,INF200KA1T39,Equity,Reliance Ind,Energy & Utilities,21.14,1.05
SBI Retirement Benefit Conservative Dir,Direct,41283,INF200KA1T39,Equity,Larsen & Toubro,Industrials,33.53,0.86
SBI Retirement Benefit Conservative Dir,Direct,41283,INF200KA1T39,Equity,SBI,Financial,11.13,0.75
SBI Retirement Benefit Conservative Hybrid Dir,Direct,41279,INF200KA1T70,Debt,GOI Sec 07/12/2031,GOI Securities,SOV,10.21
SBI Retirement Benefit Conservative Hybrid Dir,Direct,41279,INF200KA1T70,Debt,GOI Sec 6.90 15/04/2065,GOI Securities,SOV,7.17
SBI Retirement Benefit Conservative Hybrid Dir,Direct,41279,INF200KA1T70,Debt,National Bank For Agriculture & Rural Development SR 26F Bonds 7.44 17/07/2029,Bonds,AAA,3.93
SBI Retirement Benefit Conservative Hybrid Dir,Direct,41279,INF200KA1T70,Debt,Bharat Sanchar Nigam Ltd SR II TR A Debenture 7.72 22/12/2032,Debenture,AAA,3.93
SBI Retirement Benefit Conservative Hybrid Dir,Direct,41279,INF200KA1T70,Debt,GOI Sec 7.09 25/11/2074,GOI Securities,SOV,3.67
SBI Retirement Benefit Conservative Hybrid Dir,Direct,41279,INF200KA1T70,Equity,HDFC Bank,Financial,15.15,2.84
SBI Retirement Benefit Conservative Hybrid Dir,Direct,41279,INF200KA1T70,Equity,ICICI Bank,Financial,17.14,2.17
SBI Retirement Benefit Conservative Hybrid Dir,Direct,41279,INF200KA1T70,Equity,Reliance Ind,Energy & Utilities,21.14,2.07
SBI Retirement Benefit Conservative Hybrid Dir,Direct,41279,INF200KA1T70,Equity,Larsen & Toubro,Industrials,33.53,1.8
SBI Retirement Benefit Conservative Hybrid Dir,Direct,41279,INF200KA1T70,Equity,Maruti Suzuki,Consumer Discretionary,28.03,1.48
Samco Arbitrage Dir,Direct,44723,INF0K1H01214,Debt,--,--,--,--
Samco Arbitrage Dir,Direct,44723,INF0K1H01214,Equity,Interglobe Aviation,Industrials,--,8.2
Samco Arbitrage Dir,Direct,44723,INF0K1H01214,Equity,Shriram Finance,Financial,21.13,7.97
Samco Arbitrage Dir,Direct,44723,INF0K1H01214,Equity,Bharti Airtel,Technology,40.64,7.88
Samco Arbitrage Dir,Direct,44723,INF0K1H01214,Equity,Mahindra & Mahindra,Consumer Discretionary,21.56,7.88
Samco Arbitrage Dir,Direct,44723,INF0K1H01214,Equity,HDFC Bank,Financial,15.15,6.69
Samco Dynamic Asset Allocation Dir,Direct,43873,INF0K1H01131,Debt,GOI Sec 7.38 20/06/2027,GOI Securities,SOV,12.75
Samco Dynamic Asset Allocation Dir,Direct,43873,INF0K1H01131,Equity,Religare Enterprises,Financial,90.79,8.69
Samco Dynamic Asset Allocation Dir,Direct,43873,INF0K1H01131,Equity,Adani Power,Energy & Utilities,33.28,2.18
Samco Dynamic Asset Allocation Dir,Direct,43873,INF0K1H01131,Equity,Tata Steel,Materials,22.98,2.02
Samco Dynamic Asset Allocation Dir,Direct,43873,INF0K1H01131,Equity,Hindalco Ind,Materials,17.41,1.87
Samco Dynamic Asset Allocation Dir,Direct,43873,INF0K1H01131,Equity,Shriram Finance,Financial,21.13,1.72
Samco Flexi Cap Dir,Direct,41935,#N/A,Debt,--,--,--,--
Samco Flexi Cap Dir,Direct,41935,#N/A,Equity,Nestle India,Consumer Staples,79.14,6.75
Samco Flexi Cap Dir,Direct,41935,#N/A,Equity,Coal India,Materials,8.97,6.33
Samco Flexi Cap Dir,Direct,41935,#N/A,Equity,Marico,Consumer Staples,60.57,6.16
Samco Flexi Cap Dir,Direct,41935,#N/A,Equity,Maharashtra Bank,Financial,9.22,5.95
Samco Flexi Cap Dir,Direct,41935,#N/A,Equity,Hero Motocorp,Consumer Discretionary,16.96,4.45
Shriram Aggressive Hybrid Dir,Direct,22588,INF680P01042,Debt,GOI GOI Sec 6.54 17/01/2032,GOI Securities,SOV,6.17
Shriram Aggressive Hybrid Dir,Direct,22588,INF680P01042,Debt,REC Ltd SERIES GOI-V Debenture 8.54 15/11/2028,Debenture,AAA,5.44
Shriram Aggressive Hybrid Dir,Direct,22588,INF680P01042,Debt,National Bank For Agriculture & Rural Development SR 25A Debenture 7.70 30/09/2027,Debenture,AAA,4.28
Shriram Aggressive Hybrid Dir,Direct,22588,INF680P01042,Debt,LIC Housing Finance Ltd Debenture 7.835 11/05/2027,Debenture,AAA,4.09
Shriram Aggressive Hybrid Dir,Direct,22588,INF680P01042,Debt,Reserve Bank of India T-Bills 182-D 04/06/2026,Treasury Bills,SOV,1.02
Shriram Aggressive Hybrid Dir,Direct,22588,INF680P01042,Equity,HDFC Bank,Financial,15.26,4.99
Shriram Aggressive Hybrid Dir,Direct,22588,INF680P01042,Equity,Reliance Ind,Energy & Utilities,21.26,4.49
Shriram Aggressive Hybrid Dir,Direct,22588,INF680P01042,Equity,Axis Bank,Financial,15.54,3.92
Shriram Aggressive Hybrid Dir,Direct,22588,INF680P01042,Equity,ICICI Bank,Financial,17.15,3.78
Shriram Aggressive Hybrid Dir,Direct,22588,INF680P01042,Equity,Bharti Airtel,Technology,40.89,3.27
Shriram Balanced Advantage Dir,Direct,40003,INF680P01208,Debt,National Bank For Agriculture & Rural Development SR 25A Debenture 7.70 30/09/2027,Debenture,AAA,8.38
Shriram Balanced Advantage Dir,Direct,40003,INF680P01208,Debt,REC Ltd SERIES GOI-V Debenture 8.54 15/11/2028,Debenture,AAA,4.91
Shriram Balanced Advantage Dir,Direct,40003,INF680P01208,Debt,Export-Import Bank Of India SR Z01 Debenture 7.45 12/04/2028,Debenture,AAA,4.07
Shriram Balanced Advantage Dir,Direct,40003,INF680P01208,Debt,GOI GOI Sec 6.54 17/01/2032,GOI Securities,SOV,4.03
Shriram Balanced Advantage Dir,Direct,40003,INF680P01208,Debt,LIC Housing Finance Ltd Debenture 7.835 11/05/2027,Debenture,AAA,2
Shriram Balanced Advantage Dir,Direct,40003,INF680P01208,Equity,HCL Technologies,Technology,18.51,1.78
Shriram Balanced Advantage Dir,Direct,40003,INF680P01208,Equity,Marico,Consumer Staples,60.57,1.61
Shriram Balanced Advantage Dir,Direct,40003,INF680P01208,Equity,Bharat Electronics,Industrials,49.42,1.53
Shriram Balanced Advantage Dir,Direct,40003,INF680P01208,Equity,Bajaj Holdings,Financial,11.63,1.45
Shriram Balanced Advantage Dir,Direct,40003,INF680P01208,Equity,Interglobe Aviation,Industrials,--,1.23
Shriram Flexi Cap Dir,Direct,37581,#N/A,Debt,--,--,--,--
Shriram Flexi Cap Dir,Direct,37581,#N/A,Equity,--,--,--,--
Sundaram Aggressive Hybrid Dir,Direct,16521,INF173K01FE6,Debt,GOI Sec 6.48 06/10/2035,GOI Securities,SOV,2.39
Sundaram Aggressive Hybrid Dir,Direct,16521,INF173K01FE6,Debt,GOI Sec 7.10 08/04/2034,GOI Securities,SOV,1.48
Sundaram Aggressive Hybrid Dir,Direct,16521,INF173K01FE6,Debt,Sundaram Money Market Direct-G,Mutual Fund,--,1.31
Sundaram Aggressive Hybrid Dir,Direct,16521,INF173K01FE6,Debt,Embassy Office,Real Estate Investment Trusts,--,1.27
Sundaram Aggressive Hybrid Dir,Direct,16521,INF173K01FE6,Debt,National Bank For Agriculture & Rural Development SR 25E Bonds 7.53 24/03/2028,Bonds,AAA,1
Sundaram Aggressive Hybrid Dir,Direct,16521,INF173K01FE6,Equity,HDFC Bank,Financial,15.26,6.09
Sundaram Aggressive Hybrid Dir,Direct,16521,INF173K01FE6,Equity,ICICI Bank,Financial,17.15,4.93
Sundaram Aggressive Hybrid Dir,Direct,16521,INF173K01FE6,Equity,Reliance Ind,Energy & Utilities,21.26,4.36
Sundaram Aggressive Hybrid Dir,Direct,16521,INF173K01FE6,Equity,Larsen & Toubro,Industrials,33.67,3.71
Sundaram Aggressive Hybrid Dir,Direct,16521,INF173K01FE6,Equity,Bharti Airtel,Technology,40.89,3.65
Sundaram Arbitrage Dir,Direct,32287,INF173K01NF7,Debt,Reserve Bank of India T-Bills 364-D 25/02/2027,Treasury Bills,SOV,6.5
Sundaram Arbitrage Dir,Direct,32287,INF173K01NF7,Debt,Sundaram Liquid Direct-G,Mutual Fund,--,3.73
Sundaram Arbitrage Dir,Direct,32287,INF173K01NF7,Debt,Reserve Bank of India T-Bills 364-D 28/08/2026,Treasury Bills,SOV,3.34
Sundaram Arbitrage Dir,Direct,32287,INF173K01NF7,Debt,Sundaram Money Market Direct-G,Mutual Fund,--,2.36
Sundaram Arbitrage Dir,Direct,32287,INF173K01NF7,Debt,GOI Sec 7.38 20/06/2027,GOI Securities,SOV,2.3
Sundaram Arbitrage Dir,Direct,32287,INF173K01NF7,Equity,Bajaj Finance,Financial,28.93,6.75
Sundaram Arbitrage Dir,Direct,32287,INF173K01NF7,Equity,Reliance Ind,Energy & Utilities,21.14,6.04
Sundaram Arbitrage Dir,Direct,32287,INF173K01NF7,Equity,SBI,Financial,11.13,5.83
Sundaram Arbitrage Dir,Direct,32287,INF173K01NF7,Equity,Larsen & Toubro,Industrials,33.53,5.58
Sundaram Arbitrage Dir,Direct,32287,INF173K01NF7,Equity,HDFC Bank,Financial,15.15,5.34
Sundaram Balanced Advantage Dir,Direct,16642,INF173K01FI7,Debt,GOI Sec 6.48 06/10/2035,GOI Securities,SOV,3.43
Sundaram Balanced Advantage Dir,Direct,16642,INF173K01FI7,Debt,GOI Sec 7.10 08/04/2034,GOI Securities,SOV,2.42
Sundaram Balanced Advantage Dir,Direct,16642,INF173K01FI7,Debt,Embassy Office,Real Estate Investment Trusts,--,1.87
Sundaram Balanced Advantage Dir,Direct,16642,INF173K01FI7,Debt,GOI Sec 7.32 13/11/2030,GOI Securities,SOV,1.85
Sundaram Balanced Advantage Dir,Direct,16642,INF173K01FI7,Debt,GOI Sec 7.38 20/06/2027,GOI Securities,SOV,1.84
Sundaram Balanced Advantage Dir,Direct,16642,INF173K01FI7,Equity,ICICI Bank,Financial,17.14,6.09
Sundaram Balanced Advantage Dir,Direct,16642,INF173K01FI7,Equity,HDFC Bank,Financial,15.15,5.85
Sundaram Balanced Advantage Dir,Direct,16642,INF173K01FI7,Equity,Reliance Ind,Energy & Utilities,21.14,5.01
Sundaram Balanced Advantage Dir,Direct,16642,INF173K01FI7,Equity,Bharti Airtel,Technology,40.64,3.69
Sundaram Balanced Advantage Dir,Direct,16642,INF173K01FI7,Equity,Kotak Bank,Financial,19.98,3.44
Sundaram Conservative Hybrid Dir,Direct,17227,INF903J01OP6,Debt,GOI Sec 6.36 16/02/2031,GOI Securities,SOV,26.44
Sundaram Conservative Hybrid Dir,Direct,17227,INF903J01OP6,Debt,CDMDF Class A2,Alternative Investment Fund,--,0.49
Sundaram Conservative Hybrid Dir,Direct,17227,INF903J01OP6,Equity,Bharti Airtel,Technology,40.64,2.36
Sundaram Conservative Hybrid Dir,Direct,17227,INF903J01OP6,Equity,Reliance Ind,Energy & Utilities,21.14,2.14
Sundaram Conservative Hybrid Dir,Direct,17227,INF903J01OP6,Equity,HDFC Bank,Financial,15.15,2.01
Sundaram Conservative Hybrid Dir,Direct,17227,INF903J01OP6,Equity,SBI,Financial,11.13,1.25
Sundaram Conservative Hybrid Dir,Direct,17227,INF903J01OP6,Equity,ICICI Bank,Financial,17.14,1.08
Sundaram Equity Savings Dir,Direct,16819,INF173K01GZ9,Debt,LIC Housing Finance Ltd Bonds/NCD 6.65 15/02/2027,Bonds/NCDs,AAA,2.3
Sundaram Equity Savings Dir,Direct,16819,INF173K01GZ9,Debt,GOI Sec 6.48 06/10/2035,GOI Securities,SOV,2.23
Sundaram Equity Savings Dir,Direct,16819,INF173K01GZ9,Debt,GOI Sec 7.37 23/10/2028,GOI Securities,SOV,1.42
Sundaram Equity Savings Dir,Direct,16819,INF173K01GZ9,Debt,GOI Sec 7.23 15/04/2039,GOI Securities,SOV,1.39
Sundaram Equity Savings Dir,Direct,16819,INF173K01GZ9,Debt,Small Industries Devp. Bank of India Ltd SR II Bonds/NCD 7.47 05/09/2029,Bonds/NCDs,AAA,1.38
Sundaram Equity Savings Dir,Direct,16819,INF173K01GZ9,Equity,Bharti Airtel,Technology,40.64,9.69
Sundaram Equity Savings Dir,Direct,16819,INF173K01GZ9,Equity,Reliance Ind,Energy & Utilities,21.14,8.85
Sundaram Equity Savings Dir,Direct,16819,INF173K01GZ9,Equity,HDFC Bank,Financial,15.15,7.39
Sundaram Equity Savings Dir,Direct,16819,INF173K01GZ9,Equity,ICICI Bank,Financial,17.14,7.14
Sundaram Equity Savings Dir,Direct,16819,INF173K01GZ9,Equity,Axis Bank,Financial,15.54,4.4
Sundaram Flexi Cap Dir,Direct,42504,#N/A,Debt,--,--,--,--
Sundaram Flexi Cap Dir,Direct,42504,#N/A,Equity,--,--,--,--
Sundaram Focused Dir,Direct,16614,#N/A,Debt,--,--,--,--
Sundaram Focused Dir,Direct,16614,#N/A,Equity,HDFC Bank,Financial,15.15,6.86
Sundaram Focused Dir,Direct,16614,#N/A,Equity,ICICI Bank,Financial,17.14,5.66
Sundaram Focused Dir,Direct,16614,#N/A,Equity,Reliance Ind,Energy & Utilities,21.14,4.3
Sundaram Focused Dir,Direct,16614,#N/A,Equity,Axis Bank,Financial,15.54,4.21
Sundaram Focused Dir,Direct,16614,#N/A,Equity,Bharti Airtel,Technology,40.64,3.9
TRUST MF Flexi Cap Dir,Direct,44271,#N/A,Debt,--,--,--,--
TRUST MF Flexi Cap Dir,Direct,44271,#N/A,Equity,ICICI Bank,Financial,17.14,5.91
TRUST MF Flexi Cap Dir,Direct,44271,#N/A,Equity,Reliance Ind,Energy & Utilities,21.14,5.38
TRUST MF Flexi Cap Dir,Direct,44271,#N/A,Equity,HDFC Bank,Financial,15.15,5.24
TRUST MF Flexi Cap Dir,Direct,44271,#N/A,Equity,SBI,Financial,11.13,3.05
TRUST MF Flexi Cap Dir,Direct,44271,#N/A,Equity,Bharti Airtel,Technology,40.64,2.92
TRUSTMF Arbitrage Dir,Direct,45455,INF0GCD01859,Debt,TRUSTMF Liquid Direct-G,Mutual Fund,--,16.66
TRUSTMF Arbitrage Dir,Direct,45455,INF0GCD01859,Equity,ICICI Bank,Financial,17.14,5.84
TRUSTMF Arbitrage Dir,Direct,45455,INF0GCD01859,Equity,Bandhan Bank,Financial,26.36,5.74
TRUSTMF Arbitrage Dir,Direct,45455,INF0GCD01859,Equity,Reliance Ind,Energy & Utilities,21.14,5.12
TRUSTMF Arbitrage Dir,Direct,45455,INF0GCD01859,Equity,Adani Enterprises,Materials,41.04,4.3
TRUSTMF Arbitrage Dir,Direct,45455,INF0GCD01859,Equity,HDFC Bank,Financial,15.15,4.09
Tata Aggressive Hybrid Dir,Direct,16662,INF277K01MN2,Debt,Tata Corporate Bond Fund Direct-G,Mutual Fund,--,1.51
Tata Aggressive Hybrid Dir,Direct,16662,INF277K01MN2,Debt,Maharashtra State SDL 6.76 23/04/2037,State Development Loan,SOV,1.26
Tata Aggressive Hybrid Dir,Direct,16662,INF277K01MN2,Debt,LIC Housing Finance Ltd Debenture 8.75 08/12/2028,Debenture,AAA,1.17
Tata Aggressive Hybrid Dir,Direct,16662,INF277K01MN2,Debt,Sansar Trust SERIES A1 PTC Sec. Debt 25/10/2028,Securitised Debt,AAA,1.05
Tata Aggressive Hybrid Dir,Direct,16662,INF277K01MN2,Debt,GOI Sec 7.18 14/08/2033,GOI Securities,SOV,1.03
Tata Aggressive Hybrid Dir,Direct,16662,INF277K01MN2,Equity,Bharti Airtel,Technology,40.89,4.97
Tata Aggressive Hybrid Dir,Direct,16662,INF277K01MN2,Equity,ICICI Bank,Financial,17.15,4.78
Tata Aggressive Hybrid Dir,Direct,16662,INF277K01MN2,Equity,Reliance Ind,Energy & Utilities,21.26,2.87
Tata Aggressive Hybrid Dir,Direct,16662,INF277K01MN2,Equity,Larsen & Toubro,Industrials,33.67,2.77
Tata Aggressive Hybrid Dir,Direct,16662,INF277K01MN2,Equity,Infosys,Technology,15.85,2.61
Tata Arbitrage Dir,Direct,38502,INF277K017Q3,Debt,Tata Money Market Direct-G,Mutual Fund,--,12.64
Tata Arbitrage Dir,Direct,38502,INF277K017Q3,Debt,Small Industries Devp. Bank of India Ltd CD 23/10/2026,Certificate of Deposit,A1+,2.13
Tata Arbitrage Dir,Direct,38502,INF277K017Q3,Debt,National Bank For Agriculture & Rural Development CD 28/01/2027,Certificate of Deposit,A1+,1.57
Tata Arbitrage Dir,Direct,38502,INF277K017Q3,Debt,Canara Bank CD 28/01/2027,Certificate of Deposit,A1+,1.15
Tata Arbitrage Dir,Direct,38502,INF277K017Q3,Debt,National Bank For Agriculture & Rural Development CD 17/03/2027,Certificate of Deposit,A1+,1.14
Tata Arbitrage Dir,Direct,38502,INF277K017Q3,Equity,HDFC Bank,Financial,15.15,8.66
Tata Arbitrage Dir,Direct,38502,INF277K017Q3,Equity,ICICI Bank,Financial,17.14,3.83
Tata Arbitrage Dir,Direct,38502,INF277K017Q3,Equity,SBI,Financial,11.13,1.77
Tata Arbitrage Dir,Direct,38502,INF277K017Q3,Equity,Bharti Airtel,Technology,40.64,1.76
Tata Arbitrage Dir,Direct,38502,INF277K017Q3,Equity,JSW Steel,Materials,13.96,1.75
Tata Balanced Advantage Dir,Direct,38707,INF277K013S8,Debt,GOI Sec 7.34 22/04/2064,GOI Securities,SOV,2.08
Tata Balanced Advantage Dir,Direct,38707,INF277K013S8,Debt,GOI GOI Sec 6.54 17/01/2032,GOI Securities,SOV,1.79
Tata Balanced Advantage Dir,Direct,38707,INF277K013S8,Debt,GOI Sec 7.09 05/08/2054,GOI Securities,SOV,1.6
Tata Balanced Advantage Dir,Direct,38707,INF277K013S8,Debt,Brookfield REIT,Real Estate Investment Trusts,--,1.51
Tata Balanced Advantage Dir,Direct,38707,INF277K013S8,Debt,Tata Communications Ltd NCD 6.77 07/08/2028,Non Convertible Debenture,AAA,1.11
Tata Balanced Advantage Dir,Direct,38707,INF277K013S8,Equity,Reliance Ind,Energy & Utilities,21.14,4.74
Tata Balanced Advantage Dir,Direct,38707,INF277K013S8,Equity,HDFC Bank,Financial,15.15,3.35
Tata Balanced Advantage Dir,Direct,38707,INF277K013S8,Equity,Bharti Airtel,Technology,40.64,2.94
Tata Balanced Advantage Dir,Direct,38707,INF277K013S8,Equity,ICICI Bank,Financial,17.14,2.63
Tata Balanced Advantage Dir,Direct,38707,INF277K013S8,Equity,Larsen & Toubro,Industrials,33.53,2.42
Tata Children's Dir,Direct,16957,#N/A,Debt,--,--,--,--
Tata Children's Dir,Direct,16957,#N/A,Equity,--,--,--,--
Tata Flexi Cap Dir,Direct,37437,#N/A,Debt,--,--,--,--
Tata Flexi Cap Dir,Direct,37437,#N/A,Equity,--,--,--,--
Tata Focused Dir,Direct,40405,#N/A,Debt,--,--,--,--
Tata Focused Dir,Direct,40405,#N/A,Equity,--,--,--,--
Tata GSF Dir,Direct,17531,#N/A,Debt,GOI Sec 7.24 18/08/2055,GOI Securities,SOV,28.63
Tata GSF Dir,Direct,17531,#N/A,Debt,GOI Sec 6.90 15/04/2065,GOI Securities,SOV,20.3
Tata GSF Dir,Direct,17531,#N/A,Debt,GOI Sec 7.09 05/08/2054,GOI Securities,SOV,18.77
Tata GSF Dir,Direct,17531,#N/A,Debt,GOI Sec 7.34 22/04/2064,GOI Securities,SOV,9.59
Tata GSF Dir,Direct,17531,#N/A,Debt,Gujarat State SDL 6.98 27/02/2030,State Development Loan,SOV,4.94
Tata GSF Dir,Direct,17531,#N/A,Equity,--,--,--,--
Tata Retirement Savings Conservative Dir,Direct,17019,INF277K01QM5,Debt,GOI Sec 6.79 07/10/2034,GOI Securities,SOV,20.78
Tata Retirement Savings Conservative Dir,Direct,17019,INF277K01QM5,Debt,GOI Sec 7.17 17/04/2030,GOI Securities,SOV,9.19
Tata Retirement Savings Conservative Dir,Direct,17019,INF277K01QM5,Debt,GOI Sec 7.38 20/06/2027,GOI Securities,SOV,9.16
Tata Retirement Savings Conservative Dir,Direct,17019,INF277K01QM5,Debt,GOI Sec 6.36 16/02/2031,GOI Securities,SOV,8.88
Tata Retirement Savings Conservative Dir,Direct,17019,INF277K01QM5,Debt,Jamnagar Utilities and Power Pvt. Ltd SR PPD 6 NCD 6.40 29/09/2026,Non Convertible Debenture,AAA,5.99
Tata Retirement Savings Conservative Dir,Direct,17019,INF277K01QM5,Equity,Solar,Materials,95.91,1.58
Tata Retirement Savings Conservative Dir,Direct,17019,INF277K01QM5,Equity,BSE,Financial,64.44,1.42
Tata Retirement Savings Conservative Dir,Direct,17019,INF277K01QM5,Equity,ICICI Bank,Financial,17.14,1.36
Tata Retirement Savings Conservative Dir,Direct,17019,INF277K01QM5,Equity,Reliance Ind,Energy & Utilities,21.14,1.29
Tata Retirement Savings Conservative Dir,Direct,17019,INF277K01QM5,Equity,Eternal,Technology,634.13,1.1
Tata Retirement Savings Moderate Dir,Direct,17017,INF277K01QN3,Debt,GOI Sec 6.36 16/02/2031,GOI Securities,SOV,3.2
Tata Retirement Savings Moderate Dir,Direct,17017,INF277K01QN3,Debt,GOI Sec 6.94 11/05/2036,GOI Securities,SOV,1.77
Tata Retirement Savings Moderate Dir,Direct,17017,INF277K01QN3,Debt,GOI Sec 7.38 20/06/2027,GOI Securities,SOV,1.42
Tata Retirement Savings Moderate Dir,Direct,17017,INF277K01QN3,Debt,GOI Sec 6.79 07/10/2034,GOI Securities,SOV,1.38
Tata Retirement Savings Moderate Dir,Direct,17017,INF277K01QN3,Debt,HDFC Bank Ltd SR US002 Debenture 7.80 03/05/2033,Debenture,AAA,1.16
Tata Retirement Savings Moderate Dir,Direct,17017,INF277K01QN3,Equity,Solar,Materials,97.1,4.82
Tata Retirement Savings Moderate Dir,Direct,17017,INF277K01QN3,Equity,ICICI Bank,Financial,17.15,4.01
Tata Retirement Savings Moderate Dir,Direct,17017,INF277K01QN3,Equity,BSE,Financial,65,3.98
Tata Retirement Savings Moderate Dir,Direct,17017,INF277K01QN3,Equity,Reliance Ind,Energy & Utilities,21.26,3.55
Tata Retirement Savings Moderate Dir,Direct,17017,INF277K01QN3,Equity,Eternal,Technology,641.25,2.87
Tata Retirement Savings Progressive Dir,Direct,17020,#N/A,Debt,--,--,--,--
Tata Retirement Savings Progressive Dir,Direct,17020,#N/A,Equity,--,--,--,--
Taurus Flexi Cap Dir,Direct,16705,#N/A,Debt,--,--,--,--
Taurus Flexi Cap Dir,Direct,16705,#N/A,Equity,--,--,--,--
The Wealth Company Arbtg Dir,Direct,45515,INF2F0001271,Debt,The Wealth Company Liquid Direct-G,Mutual Fund,--,18.22
The Wealth Company Arbtg Dir,Direct,45515,INF2F0001271,Debt,National Bank For Agriculture & Rural Development SR 23H Debenture 7.58 31/07/2026,Debenture,AAA,6.49
The Wealth Company Arbtg Dir,Direct,45515,INF2F0001271,Equity,HDFC Bank,Financial,15.15,6.44
The Wealth Company Arbtg Dir,Direct,45515,INF2F0001271,Equity,ICICI Bank,Financial,17.14,5.51
The Wealth Company Arbtg Dir,Direct,45515,INF2F0001271,Equity,Kotak Bank,Financial,19.98,5.47
The Wealth Company Arbtg Dir,Direct,45515,INF2F0001271,Equity,Mahindra & Mahindra,Consumer Discretionary,21.56,5.3
The Wealth Company Arbtg Dir,Direct,45515,INF2F0001271,Equity,Axis Bank,Financial,15.54,5.29
The Wealth Company Balanced Advantage Dir,Direct,45771,INF2F0001479,Debt,Indian Railway Finance Corporation Ltd Debenture 7.49 30/05/2027,Debenture,AAA,4.45
The Wealth Company Balanced Advantage Dir,Direct,45771,INF2F0001479,Debt,National Bank For Agriculture & Rural Development SR 23I Debenture 7.62 31/01/2028,Debenture,AAA,4.44
The Wealth Company Balanced Advantage Dir,Direct,45771,INF2F0001479,Debt,Canara Bank CD 03/06/2026,Certificate of Deposit,A1+,4.42
The Wealth Company Balanced Advantage Dir,Direct,45771,INF2F0001479,Debt,REC Ltd SR 220-A NCD 7.77 31/03/2028,Non Convertible Debenture,AAA,2.23
The Wealth Company Balanced Advantage Dir,Direct,45771,INF2F0001479,Equity,HDFC Bank,Financial,15.15,4.43
The Wealth Company Balanced Advantage Dir,Direct,45771,INF2F0001479,Equity,ICICI Bank,Financial,17.14,3.09
The Wealth Company Balanced Advantage Dir,Direct,45771,INF2F0001479,Equity,Reliance Ind,Energy & Utilities,21.14,2.69
The Wealth Company Balanced Advantage Dir,Direct,45771,INF2F0001479,Equity,Bajaj Finance,Financial,28.93,2.19
The Wealth Company Balanced Advantage Dir,Direct,45771,INF2F0001479,Equity,ICICI Prudential Asset Management,Financial,48.22,2.12
The Wealth Company Flexi Cap Dir,Direct,45499,#N/A,Debt,--,--,--,--
The Wealth Company Flexi Cap Dir,Direct,45499,#N/A,Equity,HDFC Bank,Financial,15.15,4.74
The Wealth Company Flexi Cap Dir,Direct,45499,#N/A,Equity,ICICI Bank,Financial,17.14,4.57
The Wealth Company Flexi Cap Dir,Direct,45499,#N/A,Equity,BSE,Financial,64.44,3.39
The Wealth Company Flexi Cap Dir,Direct,45499,#N/A,Equity,Rajratan Global,Materials,32.27,3.1
The Wealth Company Flexi Cap Dir,Direct,45499,#N/A,Equity,Ather Energy,Consumer Discretionary,--,3.08
UTI Aggressive Hybrid Dir,Direct,15702,INF789F01SK9,Debt,GOI Sec 7.24 18/08/2055,GOI Securities,SOV,1.1
UTI Aggressive Hybrid Dir,Direct,15702,INF789F01SK9,Debt,GOI Sec 6.90 15/04/2065,GOI Securities,SOV,1.05
UTI Aggressive Hybrid Dir,Direct,15702,INF789F01SK9,Debt,Nexus Select Trust,Real Estate Investment Trusts,--,0.93
UTI Aggressive Hybrid Dir,Direct,15702,INF789F01SK9,Debt,Indus Infra Trust,Infrastructure Investment Trust,--,0.87
UTI Aggressive Hybrid Dir,Direct,15702,INF789F01SK9,Debt,Knowledge Realty Trust REITs,Real Estate Investment Trusts,--,0.79
UTI Aggressive Hybrid Dir,Direct,15702,INF789F01SK9,Equity,HDFC Bank,Financial,15.11,5.36
UTI Aggressive Hybrid Dir,Direct,15702,INF789F01SK9,Equity,ICICI Bank,Financial,17.2,4.31
UTI Aggressive Hybrid Dir,Direct,15702,INF789F01SK9,Equity,Infosys,Technology,15.87,3.32
UTI Aggressive Hybrid Dir,Direct,15702,INF789F01SK9,Equity,Larsen & Toubro,Industrials,33.82,2.92
UTI Aggressive Hybrid Dir,Direct,15702,INF789F01SK9,Equity,Bharti Airtel,Technology,40.89,2.9
UTI Arbitrage Dir,Direct,17771,INF789FB1RG6,Debt,UTI Money Market Direct-G,Mutual Fund,--,15.1
UTI Arbitrage Dir,Direct,17771,INF789FB1RG6,Debt,Union Bank of India CD 19/01/2027,Certificate of Deposit,A1+,2.17
UTI Arbitrage Dir,Direct,17771,INF789FB1RG6,Debt,Canara Bank CD 28/01/2027,Certificate of Deposit,A1+,2.16
UTI Arbitrage Dir,Direct,17771,INF789FB1RG6,Debt,UTI Floater Direct-G,Mutual Fund,--,2.15
UTI Arbitrage Dir,Direct,17771,INF789FB1RG6,Debt,Small Industries Devp. Bank of India Ltd CD 09/02/2027,Certificate of Deposit,A1+,1.72
UTI Arbitrage Dir,Direct,17771,INF789FB1RG6,Equity,ICICI Bank,Financial,17.14,5.31
UTI Arbitrage Dir,Direct,17771,INF789FB1RG6,Equity,HDFC Bank,Financial,15.15,4.92
UTI Arbitrage Dir,Direct,17771,INF789FB1RG6,Equity,Reliance Ind,Energy & Utilities,21.14,3.03
UTI Arbitrage Dir,Direct,17771,INF789FB1RG6,Equity,SAIL,Materials,22.3,2.65
UTI Arbitrage Dir,Direct,17771,INF789FB1RG6,Equity,Bharti Airtel,Technology,40.64,2.59
UTI Balanced Advantage Dir,Direct,43666,INF789F1AYV3,Debt,GOI Sec 7.06 10/04/2028,GOI Securities,SOV,4.42
UTI Balanced Advantage Dir,Direct,43666,INF789F1AYV3,Debt,UTI Floater Direct-G,Mutual Fund,--,3.53
UTI Balanced Advantage Dir,Direct,43666,INF789F1AYV3,Debt,REC Ltd SR 236-B Debenture 7.56 31/08/2027,Debenture,AAA,2.51
UTI Balanced Advantage Dir,Direct,43666,INF789F1AYV3,Debt,Export-Import Bank Of India SR AA01 Bonds 7.14 13/12/2029,Bonds,AAA,1.98
UTI Balanced Advantage Dir,Direct,43666,INF789F1AYV3,Debt,Export-Import Bank Of India SR Z02 NCD 7.40 14/03/2029,Non Convertible Debenture,AAA,1.67
UTI Balanced Advantage Dir,Direct,43666,INF789F1AYV3,Equity,HDFC Bank,Financial,15.15,7.33
UTI Balanced Advantage Dir,Direct,43666,INF789F1AYV3,Equity,ICICI Bank,Financial,17.14,6.24
UTI Balanced Advantage Dir,Direct,43666,INF789F1AYV3,Equity,Reliance Ind,Energy & Utilities,21.14,4.8
UTI Balanced Advantage Dir,Direct,43666,INF789F1AYV3,Equity,Bharti Airtel,Technology,40.64,3.49
UTI Balanced Advantage Dir,Direct,43666,INF789F1AYV3,Equity,Kotak Bank,Financial,19.98,2.95
UTI Children's Equity Dir,Direct,15867,#N/A,Debt,--,--,--,--
UTI Children's Equity Dir,Direct,15867,#N/A,Equity,HDFC Bank,Financial,15.15,7.68
UTI Children's Equity Dir,Direct,15867,#N/A,Equity,ICICI Bank,Financial,17.14,6.9
UTI Children's Equity Dir,Direct,15867,#N/A,Equity,Bharti Airtel,Technology,40.64,4.46
UTI Children's Equity Dir,Direct,15867,#N/A,Equity,Reliance Ind,Energy & Utilities,21.14,4.27
UTI Children's Equity Dir,Direct,15867,#N/A,Equity,Axis Bank,Financial,15.54,4.01
UTI Children's Hybrid Dir,Direct,15865,INF789F1AZR8,Debt,GOI Sec 6.68 07/07/2040,GOI Securities,SOV,5.47
UTI Children's Hybrid Dir,Direct,15865,INF789F1AZR8,Debt,GOI Sec 7.32 13/11/2030,GOI Securities,SOV,3.92
UTI Children's Hybrid Dir,Direct,15865,INF789F1AZR8,Debt,GOI Sec 7.24 18/08/2055,GOI Securities,SOV,2.76
UTI Children's Hybrid Dir,Direct,15865,INF789F1AZR8,Debt,GOI Sec 7.18 24/07/2037,GOI Securities,SOV,2.69
UTI Children's Hybrid Dir,Direct,15865,INF789F1AZR8,Debt,Rajasthan State SDL 7.32 24/09/2035,State Development Loan,SOV,1.85
UTI Children's Hybrid Dir,Direct,15865,INF789F1AZR8,Equity,HDFC Bank,Financial,15.26,3.03
UTI Children's Hybrid Dir,Direct,15865,INF789F1AZR8,Equity,ICICI Bank,Financial,17.15,2.59
UTI Children's Hybrid Dir,Direct,15865,INF789F1AZR8,Equity,Bharti Airtel,Technology,40.89,1.77
UTI Children's Hybrid Dir,Direct,15865,INF789F1AZR8,Equity,Reliance Ind,Energy & Utilities,21.26,1.67
UTI Children's Hybrid Dir,Direct,15865,INF789F1AZR8,Equity,Axis Bank,Financial,15.54,1.67
UTI Cons Hybrid Seg Port Dir,Direct,40729,INF789F01UJ7,Debt,Vodafone Idea Ltd Debenture 8.04 27/01/2022,Debenture,B-,90.36
UTI Cons Hybrid Seg Port Dir,Direct,40729,INF789F01UJ7,Equity,--,--,--,--
UTI Conservative Hybrid Dir,Direct,15804,INF789F01UJ7,Debt,National Bank For Agriculture & Rural Development SR Bonds 7.40 25-D 29/04/2030,Bonds,AAA,4.51
UTI Conservative Hybrid Dir,Direct,15804,INF789F01UJ7,Debt,LIC Housing Finance Ltd Bonds 7.645 21/02/2030,Bonds,AAA,3.02
UTI Conservative Hybrid Dir,Direct,15804,INF789F01UJ7,Debt,HDFC Bank Ltd SR US006 Debenture 7.75 13/06/2033,Debenture,AAA,3.01
UTI Conservative Hybrid Dir,Direct,15804,INF789F01UJ7,Debt,West Bengal State SDL 7.74 18/02/2044,State Development Loan,SOV,3.01
UTI Conservative Hybrid Dir,Direct,15804,INF789F01UJ7,Debt,Jio Credit Ltd SR II Debenture 7.08 26/05/2028,Debenture,AAA,2.99
UTI Conservative Hybrid Dir,Direct,15804,INF789F01UJ7,Equity,HDFC Bank,Financial,15.15,2.05
UTI Conservative Hybrid Dir,Direct,15804,INF789F01UJ7,Equity,ICICI Bank,Financial,17.14,1.45
UTI Conservative Hybrid Dir,Direct,15804,INF789F01UJ7,Equity,Bharti Airtel,Technology,40.64,1.06
UTI Conservative Hybrid Dir,Direct,15804,INF789F01UJ7,Equity,Axis Bank,Financial,15.54,0.98
UTI Conservative Hybrid Dir,Direct,15804,INF789F01UJ7,Equity,Kotak Bank,Financial,19.98,0.94
UTI Equity Savings Dir,Direct,37353,INF789F1A777,Debt,GOI Sec 7.32 13/11/2030,GOI Securities,SOV,8.09
UTI Equity Savings Dir,Direct,37353,INF789F1A777,Debt,GOI Sec 7.04 03/06/2029,GOI Securities,SOV,5.74
UTI Equity Savings Dir,Direct,37353,INF789F1A777,Debt,GOI Sec 6.01 21/07/2030,GOI Securities,SOV,4.75
UTI Equity Savings Dir,Direct,37353,INF789F1A777,Debt,GOI Sec 7.06 10/04/2028,GOI Securities,SOV,2.46
UTI Equity Savings Dir,Direct,37353,INF789F1A777,Debt,Irb Invit Fund,Infrastructure Investment Trust,--,1.84
UTI Equity Savings Dir,Direct,37353,INF789F1A777,Equity,Axis Bank,Financial,15.54,5.25
UTI Equity Savings Dir,Direct,37353,INF789F1A777,Equity,HDFC Bank,Financial,15.15,3.86
UTI Equity Savings Dir,Direct,37353,INF789F1A777,Equity,Bharti Airtel,Technology,40.64,3.63
UTI Equity Savings Dir,Direct,37353,INF789F1A777,Equity,Grasim,Materials,42.16,3.61
UTI Equity Savings Dir,Direct,37353,INF789F1A777,Equity,Mahindra & Mahindra,Consumer Discretionary,21.56,3.36
UTI Flexi Cap Dir,Direct,15714,#N/A,Debt,--,--,--,--
UTI Flexi Cap Dir,Direct,15714,#N/A,Equity,ICICI Bank,Financial,17.14,6.18
UTI Flexi Cap Dir,Direct,15714,#N/A,Equity,Bajaj Finance,Financial,28.93,6.13
UTI Flexi Cap Dir,Direct,15714,#N/A,Equity,Eternal,Technology,634.13,5.7
UTI Flexi Cap Dir,Direct,15714,#N/A,Equity,HDFC Bank,Financial,15.15,5.18
UTI Flexi Cap Dir,Direct,15714,#N/A,Equity,Titan,Consumer Discretionary,70.73,3.89
UTI Focused Dir,Direct,41629,#N/A,Debt,--,--,--,--
UTI Focused Dir,Direct,41629,#N/A,Equity,ICICI Bank,Financial,17.14,8.75
UTI Focused Dir,Direct,41629,#N/A,Equity,HDFC Bank,Financial,15.15,8.17
UTI Focused Dir,Direct,41629,#N/A,Equity,Reliance Ind,Energy & Utilities,21.14,5.15
UTI Focused Dir,Direct,41629,#N/A,Equity,Eternal,Technology,634.13,5.08
UTI Focused Dir,Direct,41629,#N/A,Equity,Larsen & Toubro,Industrials,33.53,4.61
UTI Gilt Dir,Direct,17050,#N/A,Debt,Reserve Bank of India T-Bills 364-D 04/03/2027,Treasury Bills,SOV,29.34
UTI Gilt Dir,Direct,17050,#N/A,Debt,Reserve Bank of India T-Bills 364-D 28/01/2027,Treasury Bills,SOV,17.71
UTI Gilt Dir,Direct,17050,#N/A,Debt,GOI Sec 6.90 15/04/2065,GOI Securities,SOV,14.1
UTI Gilt Dir,Direct,17050,#N/A,Debt,GOI Sec 6.79 15/05/2027,GOI Securities,SOV,9.25
UTI Gilt Dir,Direct,17050,#N/A,Debt,GOI Sec 7.24 18/08/2055,GOI Securities,SOV,4.39
UTI Gilt Dir,Direct,17050,#N/A,Equity,--,--,--,--
UTI Gilt Fund with 10 year Constant Duration Dir,Direct,42374,#N/A,Debt,GOI Sec 6.79 07/10/2034,GOI Securities,SOV,30.69
UTI Gilt Fund with 10 year Constant Duration Dir,Direct,42374,#N/A,Debt,GOI Sec 6.94 11/05/2036,GOI Securities,SOV,22.2
UTI Gilt Fund with 10 year Constant Duration Dir,Direct,42374,#N/A,Debt,GOI Sec 6.48 06/10/2035,GOI Securities,SOV,17.17
UTI Gilt Fund with 10 year Constant Duration Dir,Direct,42374,#N/A,Debt,GOI Sec 7.18 24/07/2037,GOI Securities,SOV,12.57
UTI Gilt Fund with 10 year Constant Duration Dir,Direct,42374,#N/A,Debt,GOI Sec 6.68 07/07/2040,GOI Securities,SOV,8.4
UTI Gilt Fund with 10 year Constant Duration Dir,Direct,42374,#N/A,Equity,--,--,--,--
UTI Nifty 10 yr Benchmark G-Sec ETF,Direct,44082,#N/A,Debt,GOI Sec 6.94 11/05/2036,GOI Securities,SOV,99.72
UTI Nifty 10 yr Benchmark G-Sec ETF,Direct,44082,#N/A,Equity,--,--,--,--
UTI Nifty 5 yr Benchmark G-Sec ETF,Direct,44081,#N/A,Debt,GOI Sec 6.36 16/02/2031,GOI Securities,SOV,98.03
UTI Nifty 5 yr Benchmark G-Sec ETF,Direct,44081,#N/A,Equity,--,--,--,--
UTI Nifty500 Shariah Index Dir,Direct,45821,#N/A,Debt,--,--,--,--
UTI Nifty500 Shariah Index Dir,Direct,45821,#N/A,Equity,Infosys,Technology,15.78,7.13
UTI Nifty500 Shariah Index Dir,Direct,45821,#N/A,Equity,Tata Consultancy,Technology,15.83,4.04
UTI Nifty500 Shariah Index Dir,Direct,45821,#N/A,Equity,Hindustan Unilever,Consumer Staples,33.91,3.35
UTI Nifty500 Shariah Index Dir,Direct,45821,#N/A,Equity,Sun Pharmaceutical,Healthcare,37.38,3.34
UTI Nifty500 Shariah Index Dir,Direct,45821,#N/A,Equity,Hindalco Ind,Materials,17.41,2.86
UTI Retirement Dir,Direct,15840,INF789F1AA64,Debt,GOI Sec 7.18 24/07/2037,GOI Securities,SOV,6.89
UTI Retirement Dir,Direct,15840,INF789F1AA64,Debt,GOI Sec 6.68 07/07/2040,GOI Securities,SOV,3.48
UTI Retirement Dir,Direct,15840,INF789F1AA64,Debt,GOI Sec 7.32 13/11/2030,GOI Securities,SOV,3.11
UTI Retirement Dir,Direct,15840,INF789F1AA64,Debt,GOI Sec 7.24 18/08/2055,GOI Securities,SOV,2.59
UTI Retirement Dir,Direct,15840,INF789F1AA64,Debt,Power Finance Corporation Ltd SR BS233C Fixed Deposits 7.60 25/08/2033,Fixed Deposits,AAA,1.61
UTI Retirement Dir,Direct,15840,INF789F1AA64,Equity,HDFC Bank,Financial,15.26,2.88
UTI Retirement Dir,Direct,15840,INF789F1AA64,Equity,ICICI Bank,Financial,17.15,2.43
UTI Retirement Dir,Direct,15840,INF789F1AA64,Equity,Infosys,Technology,15.85,1.91
UTI Retirement Dir,Direct,15840,INF789F1AA64,Equity,Larsen & Toubro,Industrials,33.67,1.53
UTI Retirement Dir,Direct,15840,INF789F1AA64,Equity,Reliance Ind,Energy & Utilities,21.26,1.42
UTI Unit Linked Insurance Dir,Direct,17462,,Debt,GOI Sec 7.18 24/07/2037,GOI Securities,SOV,8.19
UTI Unit Linked Insurance Dir,Direct,17462,,Debt,GOI Sec 7.32 13/11/2030,GOI Securities,SOV,4.16
UTI Unit Linked Insurance Dir,Direct,17462,,Debt,GOI Sec 7.24 18/08/2055,GOI Securities,SOV,2.61
UTI Unit Linked Insurance Dir,Direct,17462,,Debt,Mahindra & Mahindra Financial Services Ltd SR AC2026 RR Debenture 18/05/2029,Debenture,AAA,2.55
UTI Unit Linked Insurance Dir,Direct,17462,,Debt,GOI Sec 6.68 07/07/2040,GOI Securities,SOV,2.4
UTI Unit Linked Insurance Dir,Direct,17462,,Equity,ICICI Bank,Financial,17.14,2.6
UTI Unit Linked Insurance Dir,Direct,17462,,Equity,Bajaj Finance,Financial,28.93,2.57
UTI Unit Linked Insurance Dir,Direct,17462,,Equity,Eternal,Technology,634.13,2.39
UTI Unit Linked Insurance Dir,Direct,17462,,Equity,HDFC Bank,Financial,15.15,2.19
UTI Unit Linked Insurance Dir,Direct,17462,,Equity,Titan,Consumer Discretionary,70.73,1.62
Unifi Dynamic Asset Allocation Dir,Direct,45026,INF1MIY01015,Debt,Shrem Infra Invest Private Ltd SR SIPL NCD 9.75 15/05/2028,Non Convertible Debenture,AA,4.76
Unifi Dynamic Asset Allocation Dir,Direct,45026,INF1MIY01015,Debt,Vedanta Ltd SR II Debenture 9.45 05/06/2028,Debenture,AA,4.7
Unifi Dynamic Asset Allocation Dir,Direct,45026,INF1MIY01015,Debt,GMR Airports Ltd Bonds 13/08/2028,Bonds,A+,3.98
Unifi Dynamic Asset Allocation Dir,Direct,45026,INF1MIY01015,Debt,GOI Sec 6.79 07/10/2034,GOI Securities,SOV,2.92
Unifi Dynamic Asset Allocation Dir,Direct,45026,INF1MIY01015,Debt,SRG Housing Finance Ltd NCD 11.52 01/03/2031,Non Convertible Debenture,A-,2.61
Unifi Dynamic Asset Allocation Dir,Direct,45026,INF1MIY01015,Equity,TVS Motor Company Ltd Pref. Shares 6.00 01/09/2026,Consumer Discretionary,--,5.87
Unifi Dynamic Asset Allocation Dir,Direct,45026,INF1MIY01015,Equity,Bharti Airtel,Technology,40.64,4.16
Unifi Dynamic Asset Allocation Dir,Direct,45026,INF1MIY01015,Equity,HDFC Bank,Financial,15.15,2.64
Unifi Dynamic Asset Allocation Dir,Direct,45026,INF1MIY01015,Equity,ICICI Bank,Financial,17.14,2.15
Unifi Dynamic Asset Allocation Dir,Direct,45026,INF1MIY01015,Equity,Eternal,Technology,634.13,1.98
Unifi Flexi Cap Dir,Direct,45189,#N/A,Debt,--,--,--,--
Unifi Flexi Cap Dir,Direct,45189,#N/A,Equity,Bharti Airtel,Technology,40.64,5.12
Unifi Flexi Cap Dir,Direct,45189,#N/A,Equity,Reliance Ind,Energy & Utilities,21.14,4.49
Unifi Flexi Cap Dir,Direct,45189,#N/A,Equity,ICICI Bank,Financial,17.14,4.42
Unifi Flexi Cap Dir,Direct,45189,#N/A,Equity,South Indian Bank,Financial,8.1,4.2
Unifi Flexi Cap Dir,Direct,45189,#N/A,Equity,Kotak Bank,Financial,19.98,3.65
Union Aggressive Hybrid Dir,Direct,41186,INF582M01GY0,Debt,Power Finance Corporation Ltd SR BS221B Debenture 7.59 17/01/2028,Debenture,AAA,3.52
Union Aggressive Hybrid Dir,Direct,41186,INF582M01GY0,Debt,National Bank For Agriculture & Rural Development SR Bonds 7.40 25-D 29/04/2030,Bonds,AAA,3.48
Union Aggressive Hybrid Dir,Direct,41186,INF582M01GY0,Debt,REC Ltd SR 236-A Debenture 7.45 31/08/2035,Debenture,AAA,3.45
Union Aggressive Hybrid Dir,Direct,41186,INF582M01GY0,Debt,Indian Railway Finance Corporation Ltd SR 175 NCD 7.57 18/04/2029,Non Convertible Debenture,AAA,2.11
Union Aggressive Hybrid Dir,Direct,41186,INF582M01GY0,Debt,National Bank For Agriculture & Rural Development SR F24 Debenture 7.68 30/04/2029,Debenture,AAA,2.11
Union Aggressive Hybrid Dir,Direct,41186,INF582M01GY0,Equity,ICICI Bank,Financial,17.15,4.4
Union Aggressive Hybrid Dir,Direct,41186,INF582M01GY0,Equity,HDFC Bank,Financial,15.26,3.81
Union Aggressive Hybrid Dir,Direct,41186,INF582M01GY0,Equity,Tata Consumer,Consumer Staples,71.53,2.28
Union Aggressive Hybrid Dir,Direct,41186,INF582M01GY0,Equity,Reliance Ind,Energy & Utilities,21.26,2.26
Union Aggressive Hybrid Dir,Direct,41186,INF582M01GY0,Equity,Bharti Airtel,Technology,40.89,2.17
Union Arbitrage Dir,Direct,38971,INF582M01ES7,Debt,Union Money Market Direct-G,Mutual Fund,--,16.33
Union Arbitrage Dir,Direct,38971,INF582M01ES7,Debt,Bank Of Baroda CD 08/03/2027,Certificate of Deposit,A1+,5.84
Union Arbitrage Dir,Direct,38971,INF582M01ES7,Debt,Reserve Bank of India T-Bills 364-D 09/07/2026,Treasury Bills,SOV,0.12
Union Arbitrage Dir,Direct,38971,INF582M01ES7,Equity,HDFC Bank,Financial,15.15,4.53
Union Arbitrage Dir,Direct,38971,INF582M01ES7,Equity,Max Financial,Financial,657.6,3.31
Union Arbitrage Dir,Direct,38971,INF582M01ES7,Equity,Reliance Ind,Energy & Utilities,21.14,3.24
Union Arbitrage Dir,Direct,38971,INF582M01ES7,Equity,Bharti Airtel,Technology,40.64,2.76
Union Arbitrage Dir,Direct,38971,INF582M01ES7,Equity,Vodafone Idea,Technology,4.33,2.31
Union Balanced Advantage Dir,Direct,34862,INF582M01DE9,Debt,National Bank For Agriculture & Rural Development SR 24H Debenture 7.62 10/05/2029,Debenture,AAA,2.04
Union Balanced Advantage Dir,Direct,34862,INF582M01DE9,Debt,Indian Railway Finance Corporation Ltd SR 176 Bonds 7.48 16/02/2034,Bonds,AAA,2.02
Union Balanced Advantage Dir,Direct,34862,INF582M01DE9,Debt,Small Industries Devp. Bank of India Ltd SR IX Bonds 7.39 21/03/2030,Bonds,AAA,2.02
Union Balanced Advantage Dir,Direct,34862,INF582M01DE9,Debt,Power Grid Corporation of India Ltd SR LXXX Bonds 7.12 24/12/2034,Bonds,AAA,1.98
Union Balanced Advantage Dir,Direct,34862,INF582M01DE9,Debt,Punjab National Bank CD 09/03/2027,Certificate of Deposit,A1+,1.94
Union Balanced Advantage Dir,Direct,34862,INF582M01DE9,Equity,HDFC Bank,Financial,15.15,3.96
Union Balanced Advantage Dir,Direct,34862,INF582M01DE9,Equity,Reliance Ind,Energy & Utilities,21.14,3.91
Union Balanced Advantage Dir,Direct,34862,INF582M01DE9,Equity,ICICI Bank,Financial,17.14,3.53
Union Balanced Advantage Dir,Direct,34862,INF582M01DE9,Equity,Bharti Airtel,Technology,40.64,3.46
Union Balanced Advantage Dir,Direct,34862,INF582M01DE9,Equity,Patanjali Foods,Consumer Staples,25.19,2.59
Union Children's Dir,Direct,43924,#N/A,Debt,--,--,--,--
Union Children's Dir,Direct,43924,#N/A,Equity,HDFC Bank,Financial,15.15,3.76
Union Children's Dir,Direct,43924,#N/A,Equity,Reliance Ind,Energy & Utilities,21.14,3.38
Union Children's Dir,Direct,43924,#N/A,Equity,Axis Bank,Financial,15.54,3.25
Union Children's Dir,Direct,43924,#N/A,Equity,ICICI Bank,Financial,17.14,3.18
Union Children's Dir,Direct,43924,#N/A,Equity,Bharti Airtel,Technology,40.64,2.67
Union Diversified Equity All Cap Active FoF Dir,Direct,45473,#N/A,Debt,--,--,--,--
Union Diversified Equity All Cap Active FoF Dir,Direct,45473,#N/A,Equity,Union Multicap Direct-G,Unspecified,--,55.57
Union Diversified Equity All Cap Active FoF Dir,Direct,45473,#N/A,Equity,Union Small Cap Direct-G,Unspecified,--,16
Union Diversified Equity All Cap Active FoF Dir,Direct,45473,#N/A,Equity,Union Midcap Direct-G,Unspecified,--,12.29
Union Diversified Equity All Cap Active FoF Dir,Direct,45473,#N/A,Equity,Union Large & Midcap Direct-G,Unspecified,--,9.75
Union Diversified Equity All Cap Active FoF Dir,Direct,45473,#N/A,Equity,Union Largecap Direct-G,Unspecified,--,4.72
Union Equity Savings Dir,Direct,37122,INF582M01EC1,Debt,Power Finance Corporation Ltd SR 247A Bonds 7.44 15/01/2030,Bonds,AAA,7.04
Union Equity Savings Dir,Direct,37122,INF582M01EC1,Debt,National Bank For Agriculture & Rural Development SR 26C Debenture 7.27 23/02/2029,Debenture,AAA,7.01
Union Equity Savings Dir,Direct,37122,INF582M01EC1,Debt,Indian Railway Finance Corporation Ltd SR 186 Bonds 7.25 17/01/2035,Bonds,AAA,3.45
Union Equity Savings Dir,Direct,37122,INF582M01EC1,Debt,Reserve Bank of India T-Bills 91-D 20/08/2026,Treasury Bills,SOV,2.81
Union Equity Savings Dir,Direct,37122,INF582M01EC1,Debt,Reserve Bank of India T-Bills 364-D 09/07/2026,Treasury Bills,SOV,2.22
Union Equity Savings Dir,Direct,37122,INF582M01EC1,Equity,Patanjali Foods,Consumer Staples,25.19,5.23
Union Equity Savings Dir,Direct,37122,INF582M01EC1,Equity,Reliance Ind,Energy & Utilities,21.14,3.59
Union Equity Savings Dir,Direct,37122,INF582M01EC1,Equity,Indus Towers,Technology,15.28,3.53
Union Equity Savings Dir,Direct,37122,INF582M01EC1,Equity,Bajaj Finance,Financial,28.93,3.34
Union Equity Savings Dir,Direct,37122,INF582M01EC1,Equity,HDFC Bank,Financial,15.15,3.24
Union Flexi Cap Dir,Direct,16412,#N/A,Debt,--,--,--,--
Union Flexi Cap Dir,Direct,16412,#N/A,Equity,ICICI Bank,Financial,17.14,4.39
Union Flexi Cap Dir,Direct,16412,#N/A,Equity,HDFC Bank,Financial,15.15,3.94
Union Flexi Cap Dir,Direct,16412,#N/A,Equity,Tata Consumer,Consumer Staples,71.13,2.85
Union Flexi Cap Dir,Direct,16412,#N/A,Equity,Bharti Airtel,Technology,40.64,2.84
Union Flexi Cap Dir,Direct,16412,#N/A,Equity,Axis Bank,Financial,15.54,2.73
Union Focused Dir,Direct,40108,#N/A,Debt,--,--,--,--
Union Focused Dir,Direct,40108,#N/A,Equity,ICICI Bank,Financial,17.14,7.76
Union Focused Dir,Direct,40108,#N/A,Equity,Hitachi Energy,Industrials,149.94,5.42
Union Focused Dir,Direct,40108,#N/A,Equity,Solar,Materials,95.91,5.3
Union Focused Dir,Direct,40108,#N/A,Equity,Tata Consumer,Consumer Staples,71.13,5.14
Union Focused Dir,Direct,40108,#N/A,Equity,GE Vernova T&D,Industrials,101.42,4.68
Union Gilt Dir,Direct,42326,#N/A,Debt,GOI Sec 6.90 15/04/2065,GOI Securities,SOV,56.77
Union Gilt Dir,Direct,42326,#N/A,Debt,GOI Sec 7.24 18/08/2055,GOI Securities,SOV,32.75
Union Gilt Dir,Direct,42326,#N/A,Equity,--,--,--,--
Union Retirement Dir,Direct,42492,#N/A,Debt,--,--,--,--
Union Retirement Dir,Direct,42492,#N/A,Equity,ICICI Bank,Financial,17.14,5.71
Union Retirement Dir,Direct,42492,#N/A,Equity,HDFC Bank,Financial,15.15,5.26
Union Retirement Dir,Direct,42492,#N/A,Equity,Acutaas Chemicals,Healthcare,73.93,3.16
Union Retirement Dir,Direct,42492,#N/A,Equity,MCX,Financial,52.56,2.68
Union Retirement Dir,Direct,42492,#N/A,Equity,Reliance Ind,Energy & Utilities,21.14,2.67
WhiteOak Capital Aggressive Hybrid Dir,Direct,46015,#N/A,Debt,--,--,--,--
WhiteOak Capital Aggressive Hybrid Dir,Direct,46015,#N/A,Equity,--,--,--,--
WhiteOak Capital Arbitrage Dir,Direct,44529,INF03VN01910,Debt,WhiteOak Capital Liquid Direct-G,Mutual Fund,--,4.6
WhiteOak Capital Arbitrage Dir,Direct,44529,INF03VN01910,Debt,WhiteOak Capital Ultra Short Duration Direct-G,Mutual Fund,--,3.71
WhiteOak Capital Arbitrage Dir,Direct,44529,INF03VN01910,Debt,Canara Bank CD 14/09/2026,Certificate of Deposit,A1+,1.71
WhiteOak Capital Arbitrage Dir,Direct,44529,INF03VN01910,Debt,Bank Of Baroda CD 04/12/2026,Certificate of Deposit,A1+,1.68
WhiteOak Capital Arbitrage Dir,Direct,44529,INF03VN01910,Debt,Canara Bank CD 04/03/2027,Certificate of Deposit,A1+,1.65
WhiteOak Capital Arbitrage Dir,Direct,44529,INF03VN01910,Equity,Vodafone Idea,Technology,4.33,5.83
WhiteOak Capital Arbitrage Dir,Direct,44529,INF03VN01910,Equity,HDFC Bank,Financial,15.15,3.38
WhiteOak Capital Arbitrage Dir,Direct,44529,INF03VN01910,Equity,ICICI Bank,Financial,17.14,3.22
WhiteOak Capital Arbitrage Dir,Direct,44529,INF03VN01910,Equity,NTPC,Energy & Utilities,12.62,3
WhiteOak Capital Arbitrage Dir,Direct,44529,INF03VN01910,Equity,Bharti Airtel,Technology,40.64,2.75
WhiteOak Capital Balanced Advantage Dir,Direct,43008,INF03VN01738,Debt,Nexus Select Trust,Real Estate Investment Trusts,--,2.63
WhiteOak Capital Balanced Advantage Dir,Direct,43008,INF03VN01738,Debt,Embassy Office,Real Estate Investment Trusts,--,2.41
WhiteOak Capital Balanced Advantage Dir,Direct,43008,INF03VN01738,Debt,Bajaj Finance Ltd NCD 7.77 17/04/2029,Non Convertible Debenture,AAA,1.84
WhiteOak Capital Balanced Advantage Dir,Direct,43008,INF03VN01738,Debt,GOI Sec 7.02 18/06/2031,GOI Securities,SOV,1.44
WhiteOak Capital Balanced Advantage Dir,Direct,43008,INF03VN01738,Debt,Bajaj Finance Ltd Debenture 7.3763 26/06/2028,Debenture,AAA,1.37
WhiteOak Capital Balanced Advantage Dir,Direct,43008,INF03VN01738,Equity,ICICI Bank,Financial,17.14,7.78
WhiteOak Capital Balanced Advantage Dir,Direct,43008,INF03VN01738,Equity,HDFC Bank,Financial,15.15,5.58
WhiteOak Capital Balanced Advantage Dir,Direct,43008,INF03VN01738,Equity,Bharti Airtel,Technology,40.64,3.52
WhiteOak Capital Balanced Advantage Dir,Direct,43008,INF03VN01738,Equity,Coforge,Technology,40.04,2.94
WhiteOak Capital Balanced Advantage Dir,Direct,43008,INF03VN01738,Equity,Nestle India,Consumer Staples,79.14,2.24
WhiteOak Capital Balanced Hybrid Dir,Direct,43827,INF03VN01829,Debt,GOI Sec 6.94 11/05/2036,GOI Securities,SOV,2.97
WhiteOak Capital Balanced Hybrid Dir,Direct,43827,INF03VN01829,Debt,REC Ltd SR 245A Bonds 7.44 29/02/2028,Bonds,AAA,2.79
WhiteOak Capital Balanced Hybrid Dir,Direct,43827,INF03VN01829,Debt,Bajaj Finance Ltd Debenture 7.11 10/07/2028,Debenture,AAA,2.75
WhiteOak Capital Balanced Hybrid Dir,Direct,43827,INF03VN01829,Debt,HDFC Bank Ltd CD 21/09/2026,Certificate of Deposit,A1+,2.05
WhiteOak Capital Balanced Hybrid Dir,Direct,43827,INF03VN01829,Debt,Nexus Select Trust,Real Estate Investment Trusts,--,1.96
WhiteOak Capital Balanced Hybrid Dir,Direct,43827,INF03VN01829,Equity,ICICI Bank,Financial,17.15,4.81
WhiteOak Capital Balanced Hybrid Dir,Direct,43827,INF03VN01829,Equity,HDFC Bank,Financial,15.26,3.73
WhiteOak Capital Balanced Hybrid Dir,Direct,43827,INF03VN01829,Equity,Bharti Airtel,Technology,40.89,2.52
WhiteOak Capital Balanced Hybrid Dir,Direct,43827,INF03VN01829,Equity,Nestle India,Consumer Staples,79.37,1.88
WhiteOak Capital Balanced Hybrid Dir,Direct,43827,INF03VN01829,Equity,Mahindra & Mahindra,Consumer Discretionary,21.69,1.66
WhiteOak Capital Equity Savings Dir,Direct,44999,INF03VN01AB7,Debt,GOI Sec 6.28 14/07/2032,GOI Securities,SOV,4.85
WhiteOak Capital Equity Savings Dir,Direct,44999,INF03VN01AB7,Debt,GOI Sec 6.36 16/02/2031,GOI Securities,SOV,2.71
WhiteOak Capital Equity Savings Dir,Direct,44999,INF03VN01AB7,Debt,Nexus Select Trust,Real Estate Investment Trusts,--,2.24
WhiteOak Capital Equity Savings Dir,Direct,44999,INF03VN01AB7,Debt,GOI Sec 6.68 07/07/2040,GOI Securities,SOV,1.95
WhiteOak Capital Equity Savings Dir,Direct,44999,INF03VN01AB7,Debt,Embassy Office,Real Estate Investment Trusts,--,1.94
WhiteOak Capital Equity Savings Dir,Direct,44999,INF03VN01AB7,Equity,ICICI Bank,Financial,17.14,6.65
WhiteOak Capital Equity Savings Dir,Direct,44999,INF03VN01AB7,Equity,HDFC Bank,Financial,15.15,6.42
WhiteOak Capital Equity Savings Dir,Direct,44999,INF03VN01AB7,Equity,Vodafone Idea,Technology,4.33,3.87
WhiteOak Capital Equity Savings Dir,Direct,44999,INF03VN01AB7,Equity,Bharti Airtel,Technology,40.64,3.37
WhiteOak Capital Equity Savings Dir,Direct,44999,INF03VN01AB7,Equity,Maruti Suzuki,Consumer Discretionary,28.03,3.32
WhiteOak Capital Flexi Cap Dir,Direct,42320,#N/A,Debt,--,--,--,--
WhiteOak Capital Flexi Cap Dir,Direct,42320,#N/A,Equity,ICICI Bank,Financial,17.14,8.05
WhiteOak Capital Flexi Cap Dir,Direct,42320,#N/A,Equity,HDFC Bank,Financial,15.15,6.56
WhiteOak Capital Flexi Cap Dir,Direct,42320,#N/A,Equity,Bharti Airtel,Technology,40.64,4.21
WhiteOak Capital Flexi Cap Dir,Direct,42320,#N/A,Equity,Nestle India,Consumer Staples,79.14,2.86
WhiteOak Capital Flexi Cap Dir,Direct,42320,#N/A,Equity,Bharat Electronics,Industrials,49.42,2.44
Zerodha Nifty 8-13 Yr G-Sec ETF,Direct,45448,#N/A,Debt,GOI Sec 6.48 06/10/2035,GOI Securities,SOV,67.51
Zerodha Nifty 8-13 Yr G-Sec ETF,Direct,45448,#N/A,Debt,GOI Sec 6.33 05/05/2035,GOI Securities,SOV,19.07
Zerodha Nifty 8-13 Yr G-Sec ETF,Direct,45448,#N/A,Debt,GOI Sec 6.94 11/05/2036,GOI Securities,SOV,12.55
Zerodha Nifty 8-13 Yr G-Sec ETF,Direct,45448,#N/A,Equity,--,--,--,--
Zerodha Nifty LargeMidcap250 Plus 8-13 Yr G-Sec 70:30 Index Dir,Direct,45943,INF0R8F01208,Debt,GOI Sec 6.48 06/10/2035,GOI Securities,SOV,30.06
Zerodha Nifty LargeMidcap250 Plus 8-13 Yr G-Sec 70:30 Index Dir,Direct,45943,INF0R8F01208,Equity,HDFC Bank,Financial,15.26,3.09
Zerodha Nifty LargeMidcap250 Plus 8-13 Yr G-Sec 70:30 Index Dir,Direct,45943,INF0R8F01208,Equity,Reliance Ind,Energy & Utilities,21.26,2.53
Zerodha Nifty LargeMidcap250 Plus 8-13 Yr G-Sec 70:30 Index Dir,Direct,45943,INF0R8F01208,Equity,ICICI Bank,Financial,17.15,2.36
Zerodha Nifty LargeMidcap250 Plus 8-13 Yr G-Sec 70:30 Index Dir,Direct,45943,INF0R8F01208,Equity,Bharti Airtel,Technology,40.89,1.49
Zerodha Nifty LargeMidcap250 Plus 8-13 Yr G-Sec 70:30 Index Dir,Direct,45943,INF0R8F01208,Equity,BSE,Financial,65,1.37