Fund Name,Plan,VR ID,ISIN,Holding Type,Company,Sector/Instrument,PE/Credit Rating,% Assets
ABSL Arbitrage Reg,Regular,10586,N/A,Debt,Aditya Birla SL Money Manager Direct-G,Mutual Fund,--,10.15
ABSL Arbitrage Reg,Regular,10586,N/A,Debt,Aditya Birla SL Floating Rate Direct-G,Mutual Fund,--,3.56
ABSL Arbitrage Reg,Regular,10586,N/A,Debt,HDFC Bank Ltd CD 15/02/2027,Certificate of Deposit,A1+,1.44
ABSL Arbitrage Reg,Regular,10586,N/A,Debt,Small Industries Devp. Bank of India Ltd CD 28/01/2027,Certificate of Deposit,A1+,1.36
ABSL Arbitrage Reg,Regular,10586,N/A,Debt,National Bank For Agriculture & Rural Development CD 28/01/2027,Certificate of Deposit,A1+,1.27
ABSL Arbitrage Reg,Regular,10586,N/A,Equity,HDFC Bank,Financial,15.13,5.17
ABSL Arbitrage Reg,Regular,10586,N/A,Equity,Reliance Ind,Energy & Utilities,21.1,3.78
ABSL Arbitrage Reg,Regular,10586,N/A,Equity,ICICI Bank,Financial,17.11,3.14
ABSL Arbitrage Reg,Regular,10586,N/A,Equity,Vodafone Idea,Technology,4.35,2.35
ABSL Arbitrage Reg,Regular,10586,N/A,Equity,Axis Bank,Financial,15.5,2.24
ABSL Balanced Advantage Reg,Regular,797,N/A,Debt,IndiGrid Infrastructure Trust,Infrastructure Investment Trust,--,2.36
ABSL Balanced Advantage Reg,Regular,797,N/A,Debt,GOI Sec 7.18 24/07/2037,GOI Securities,SOV,1.69
ABSL Balanced Advantage Reg,Regular,797,N/A,Debt,Cholamandalam Investment & Finance Company Ltd Debenture 7.50 30/09/2026,Debenture,--,1.6
ABSL Balanced Advantage Reg,Regular,797,N/A,Debt,Nexus Select Trust,Real Estate Investment Trusts,--,1.3
ABSL Balanced Advantage Reg,Regular,797,N/A,Debt,Cholamandalam Investment & Finance Company Ltd SR SD73 Debenture 8.92 02/12/2034,Debenture,AA+,1.08
ABSL Balanced Advantage Reg,Regular,797,N/A,Equity,ICICI Bank,Financial,17.11,4
ABSL Balanced Advantage Reg,Regular,797,N/A,Equity,HDFC Bank,Financial,15.13,2.98
ABSL Balanced Advantage Reg,Regular,797,N/A,Equity,Kotak Bank,Financial,20.01,2.74
ABSL Balanced Advantage Reg,Regular,797,N/A,Equity,Reliance Ind,Energy & Utilities,21.1,2.44
ABSL Balanced Advantage Reg,Regular,797,N/A,Equity,SBI,Financial,11.12,2.07
ABSL Dynamic Asset Allocation Omni FoF Reg*,Regular,12661,N/A,Debt,Aditya Birla SL Short Term Direct-G,Mutual Fund,--,12.15
ABSL Dynamic Asset Allocation Omni FoF Reg*,Regular,12661,N/A,Debt,HDFC Corporate Bond Direct-G,Mutual Fund,--,11.68
ABSL Dynamic Asset Allocation Omni FoF Reg*,Regular,12661,N/A,Equity,Nippon India Growth Mid Cap Direct-G,Unspecified,--,13.65
ABSL Dynamic Asset Allocation Omni FoF Reg*,Regular,12661,N/A,Equity,Aditya Birla SL Flexi Cap Direct-G,Unspecified,--,12.89
ABSL Dynamic Asset Allocation Omni FoF Reg*,Regular,12661,N/A,Equity,ICICI Pru Large Cap Direct-G,Unspecified,--,12.19
ABSL Dynamic Asset Allocation Omni FoF Reg*,Regular,12661,N/A,Equity,DSP Small Cap Direct-G,Unspecified,--,12.06
ABSL Dynamic Asset Allocation Omni FoF Reg*,Regular,12661,N/A,Equity,Kotak Multicap Direct-G,Unspecified,--,9.44
Axis Arbitrage Reg,Regular,27585,N/A,Debt,Axis Money Market Direct-G,Mutual Fund,--,14.62
Axis Arbitrage Reg,Regular,27585,N/A,Debt,Union Bank of India CD,Certificate of Deposit,A1+,2.42
Axis Arbitrage Reg,Regular,27585,N/A,Debt,Mahindra & Mahindra Financial Services Ltd CP 365-D 18/02/2027,Commercial Paper,A1+,1.46
Axis Arbitrage Reg,Regular,27585,N/A,Debt,Small Industries Devp. Bank of India Ltd CD 04/02/2027,Certificate of Deposit,A1+,1.22
Axis Arbitrage Reg,Regular,27585,N/A,Debt,HDFC Bank Ltd CD 11/09/2026,Certificate of Deposit,A1+,1
Axis Arbitrage Reg,Regular,27585,N/A,Equity,HDFC Bank,Financial,15.13,4.41
Axis Arbitrage Reg,Regular,27585,N/A,Equity,ICICI Bank,Financial,17.11,3.19
Axis Arbitrage Reg,Regular,27585,N/A,Equity,Reliance Ind,Energy & Utilities,21.1,2.91
Axis Arbitrage Reg,Regular,27585,N/A,Equity,Bharti Airtel,Technology,40.53,2.54
Axis Arbitrage Reg,Regular,27585,N/A,Equity,Kotak Bank,Financial,20.01,2.45
Axis Balanced Advantage Reg,Regular,34465,N/A,Debt,--,--,--,--
Axis Balanced Advantage Reg,Regular,34465,N/A,Equity,--,--,--,--
Axis Retirement-Dynamic Plan Reg,Regular,40431,N/A,Debt,GOI Sec 7.30 19/06/2053,GOI Securities,SOV,5.13
Axis Retirement-Dynamic Plan Reg,Regular,40431,N/A,Debt,GOI Sec 7.25 12/06/2063,GOI Securities,SOV,2.66
Axis Retirement-Dynamic Plan Reg,Regular,40431,N/A,Debt,GOI Sec 7.18 24/07/2037,GOI Securities,SOV,1.77
Axis Retirement-Dynamic Plan Reg,Regular,40431,N/A,Debt,GOI Sec 7.10 08/04/2034,GOI Securities,SOV,0.89
Axis Retirement-Dynamic Plan Reg,Regular,40431,N/A,Equity,Reliance Ind,Energy & Utilities,21.1,5.9
Axis Retirement-Dynamic Plan Reg,Regular,40431,N/A,Equity,ICICI Bank,Financial,17.11,5.66
Axis Retirement-Dynamic Plan Reg,Regular,40431,N/A,Equity,HDFC Bank,Financial,15.13,5.47
Axis Retirement-Dynamic Plan Reg,Regular,40431,N/A,Equity,Infosys,Technology,15.78,3.33
Axis Retirement-Dynamic Plan Reg,Regular,40431,N/A,Equity,SBI,Financial,11.12,3.19
Bajaj Finserv Arbitrage Reg,Regular,43768,N/A,Debt,Bajaj Finserv Money Market Direct-G,Mutual Fund,--,15.38
Bajaj Finserv Arbitrage Reg,Regular,43768,N/A,Debt,Bajaj Finserv Liquid Direct-G,Mutual Fund,--,11.54
Bajaj Finserv Arbitrage Reg,Regular,43768,N/A,Debt,L&T Finance Ltd CP 91-D 27/05/2026,Commercial Paper,A1+,2.61
Bajaj Finserv Arbitrage Reg,Regular,43768,N/A,Equity,HDFC Bank,Financial,15.13,6.7
Bajaj Finserv Arbitrage Reg,Regular,43768,N/A,Equity,Reliance Ind,Energy & Utilities,21.1,6.01
Bajaj Finserv Arbitrage Reg,Regular,43768,N/A,Equity,ICICI Bank,Financial,17.11,3.75
Bajaj Finserv Arbitrage Reg,Regular,43768,N/A,Equity,SAIL,Materials,22.25,2.27
Bajaj Finserv Arbitrage Reg,Regular,43768,N/A,Equity,RBL Bank,Financial,25.11,2.15
Bajaj Finserv Balanced Advantage Reg,Regular,43875,N/A,Debt,Bajaj Finserv Money Market Direct-G,Mutual Fund,--,5.42
Bajaj Finserv Balanced Advantage Reg,Regular,43875,N/A,Debt,Bajaj Finserv Banking and PSU Direct-G,Mutual Fund,--,3.29
Bajaj Finserv Balanced Advantage Reg,Regular,43875,N/A,Debt,GOI Sec 7.09 25/11/2074,GOI Securities,SOV,0.38
Bajaj Finserv Balanced Advantage Reg,Regular,43875,N/A,Debt,GOI Sec 6.79 30/12/2031,GOI Securities,SOV,0.18
Bajaj Finserv Balanced Advantage Reg,Regular,43875,N/A,Debt,GOI Sec 6.79 07/10/2034,GOI Securities,SOV,0.02
Bajaj Finserv Balanced Advantage Reg,Regular,43875,N/A,Equity,HDFC Bank,Financial,15.13,7.43
Bajaj Finserv Balanced Advantage Reg,Regular,43875,N/A,Equity,ICICI Bank,Financial,17.11,5.29
Bajaj Finserv Balanced Advantage Reg,Regular,43875,N/A,Equity,Bajaj Auto,Consumer Discretionary,26.38,3.54
Bajaj Finserv Balanced Advantage Reg,Regular,43875,N/A,Equity,Reliance Ind,Energy & Utilities,21.1,3.2
Bajaj Finserv Balanced Advantage Reg,Regular,43875,N/A,Equity,Hindustan Unilever,Consumer Staples,33.89,3.11
Bandhan Arbitrage Reg,Regular,3971,N/A,Debt,--,--,--,--
Bandhan Arbitrage Reg,Regular,3971,N/A,Equity,--,--,--,--
Bandhan Balanced Advantage Reg,Regular,28340,N/A,Debt,GOI Sec 6.68 07/07/2040,GOI Securities,SOV,2.32
Bandhan Balanced Advantage Reg,Regular,28340,N/A,Debt,Punjab National Bank CD 15/09/2026,Certificate of Deposit,A1+,2.23
Bandhan Balanced Advantage Reg,Regular,28340,N/A,Debt,Canara Bank CD 15/09/2026,Certificate of Deposit,A1+,2.23
Bandhan Balanced Advantage Reg,Regular,28340,N/A,Debt,HDFC Bank Ltd CD 06/11/2026,Certificate of Deposit,A1+,2.2
Bandhan Balanced Advantage Reg,Regular,28340,N/A,Debt,Bank Of Baroda CD 04/12/2026,Certificate of Deposit,A1+,2.19
Bandhan Balanced Advantage Reg,Regular,28340,N/A,Equity,ICICI Bank,Financial,17.11,4.35
Bandhan Balanced Advantage Reg,Regular,28340,N/A,Equity,Reliance Ind,Energy & Utilities,21.1,4.26
Bandhan Balanced Advantage Reg,Regular,28340,N/A,Equity,HDFC Bank,Financial,15.13,3.48
Bandhan Balanced Advantage Reg,Regular,28340,N/A,Equity,Bharti Airtel,Technology,40.53,3.28
Bandhan Balanced Advantage Reg,Regular,28340,N/A,Equity,Bajaj Finance,Financial,28.94,3.23
Bank of India Arbitrage Reg,Regular,36388,N/A,Debt,Bank of India Liquid Direct-G,Mutual Fund,--,13.52
Bank of India Arbitrage Reg,Regular,36388,N/A,Debt,Reserve Bank of India T-Bills 364-D 08/10/2026,Treasury Bills,SOV,2.17
Bank of India Arbitrage Reg,Regular,36388,N/A,Debt,Reserve Bank of India T-Bills 364-D 14/05/2026,Treasury Bills,SOV,2
Bank of India Arbitrage Reg,Regular,36388,N/A,Debt,Reserve Bank of India T-Bills 364-D 10/09/2026,Treasury Bills,SOV,1.09
Bank of India Arbitrage Reg,Regular,36388,N/A,Debt,Reserve Bank of India T-Bills 182-D 22/10/2026,Treasury Bills,SOV,1.09
Bank of India Arbitrage Reg,Regular,36388,N/A,Equity,JSW Steel,Materials,13.91,6.46
Bank of India Arbitrage Reg,Regular,36388,N/A,Equity,ITC,Consumer Staples,17.18,5.05
Bank of India Arbitrage Reg,Regular,36388,N/A,Equity,Sammaan Capital,Financial,--,4.29
Bank of India Arbitrage Reg,Regular,36388,N/A,Equity,JIO Financial,Financial,97.38,4
Bank of India Arbitrage Reg,Regular,36388,N/A,Equity,UPL,Materials,26.84,3.49
Bank of India Balanced Advantage Reg,Regular,24754,N/A,Debt,Irb Invit Fund,Infrastructure Investment Trust,--,3.81
Bank of India Balanced Advantage Reg,Regular,24754,N/A,Debt,National Bank For Agriculture & Rural Development SR F24 Debenture 7.68 30/04/2029,Debenture,AAA,3.27
Bank of India Balanced Advantage Reg,Regular,24754,N/A,Debt,Small Industries Devp. Bank of India Ltd SR II Bonds/NCD 7.47 05/09/2029,Bonds/NCDs,AAA,3.25
Bank of India Balanced Advantage Reg,Regular,24754,N/A,Debt,Reserve Bank of India T-Bills 364-D 11/06/2026,Treasury Bills,SOV,2.89
Bank of India Balanced Advantage Reg,Regular,24754,N/A,Debt,Indian Railway Finance Corporation Ltd SR 181 NCD 7.37 31/07/2029,Non Convertible Debenture,AAA,2.61
Bank of India Balanced Advantage Reg,Regular,24754,N/A,Equity,Reliance Ind,Energy & Utilities,21.1,4.93
Bank of India Balanced Advantage Reg,Regular,24754,N/A,Equity,ICICI Bank,Financial,17.11,3.81
Bank of India Balanced Advantage Reg,Regular,24754,N/A,Equity,HDFC Bank,Financial,15.13,3.05
Bank of India Balanced Advantage Reg,Regular,24754,N/A,Equity,Bharti Airtel,Technology,40.53,2.53
Bank of India Balanced Advantage Reg,Regular,24754,N/A,Equity,SBI,Financial,11.12,2.31
Baroda BNP Paribas Arbitrage Reg,Regular,33242,N/A,Debt,Baroda BNP Paribas Liquid Direct-G,Mutual Fund,--,12.68
Baroda BNP Paribas Arbitrage Reg,Regular,33242,N/A,Debt,Baroda BNP Paribas Money Market Direct-G,Mutual Fund,--,11.85
Baroda BNP Paribas Arbitrage Reg,Regular,33242,N/A,Debt,Baroda BNP Paribas Ultra Short Duration Direct-G,Mutual Fund,--,2.12
Baroda BNP Paribas Arbitrage Reg,Regular,33242,N/A,Equity,HDFC Bank,Financial,15.13,5.86
Baroda BNP Paribas Arbitrage Reg,Regular,33242,N/A,Equity,Vodafone Idea,Technology,4.35,3.81
Baroda BNP Paribas Arbitrage Reg,Regular,33242,N/A,Equity,ICICI Bank,Financial,17.11,3.56
Baroda BNP Paribas Arbitrage Reg,Regular,33242,N/A,Equity,Adani Energy,Energy & Utilities,80.8,3.47
Baroda BNP Paribas Arbitrage Reg,Regular,33242,N/A,Equity,Bandhan Bank,Financial,26.27,3.34
Baroda BNP Paribas Balanced Advantage Reg,Regular,38111,N/A,Debt,Piramal Finance Ltd Debenture 6.75 26/09/2031,Debenture,AA+,1.22
Baroda BNP Paribas Balanced Advantage Reg,Regular,38111,N/A,Debt,NHIT,Infrastructure Investment Trust,--,1.21
Baroda BNP Paribas Balanced Advantage Reg,Regular,38111,N/A,Debt,IndiGrid Infrastructure Trust,Infrastructure Investment Trust,--,1.19
Baroda BNP Paribas Balanced Advantage Reg,Regular,38111,N/A,Debt,GOI Sec 7.18 14/08/2033,GOI Securities,SOV,1.13
Baroda BNP Paribas Balanced Advantage Reg,Regular,38111,N/A,Debt,NXT-Infra Trust InvITs,Infrastructure Investment Trust,--,1.01
Baroda BNP Paribas Balanced Advantage Reg,Regular,38111,N/A,Equity,HDFC Bank,Financial,15.13,3.36
Baroda BNP Paribas Balanced Advantage Reg,Regular,38111,N/A,Equity,Reliance Ind,Energy & Utilities,21.1,3.25
Baroda BNP Paribas Balanced Advantage Reg,Regular,38111,N/A,Equity,Bharat Heavy Elect,Industrials,82.03,2.56
Baroda BNP Paribas Balanced Advantage Reg,Regular,38111,N/A,Equity,Bharti Airtel,Technology,40.53,2.53
Baroda BNP Paribas Balanced Advantage Reg,Regular,38111,N/A,Equity,Larsen & Toubro,Industrials,33.51,2.51
Canara Robeco Balanced Advantage Reg,Regular,44368,N/A,Debt,REC Ltd SR 234-A Debenture 7.70 31/08/2026,Debenture,AAA,2.2
Canara Robeco Balanced Advantage Reg,Regular,44368,N/A,Debt,Bajaj Finance Ltd Debenture 8.10 08/01/2027,Debenture,AAA,2.2
Canara Robeco Balanced Advantage Reg,Regular,44368,N/A,Debt,LIC Housing Finance Ltd Debenture 7.74 22/10/2027,Debenture,AAA,2.19
Canara Robeco Balanced Advantage Reg,Regular,44368,N/A,Debt,Kotak Mahindra Prime Ltd Debenture 7.745 19/11/2027,Debenture,AAA,2.19
Canara Robeco Balanced Advantage Reg,Regular,44368,N/A,Debt,LIC Housing Finance Ltd Debenture 7.61 29/08/2034,Debenture,AAA,2.16
Canara Robeco Balanced Advantage Reg,Regular,44368,N/A,Equity,HDFC Bank,Financial,15.13,6.79
Canara Robeco Balanced Advantage Reg,Regular,44368,N/A,Equity,Reliance Ind,Energy & Utilities,21.1,5.23
Canara Robeco Balanced Advantage Reg,Regular,44368,N/A,Equity,ICICI Bank,Financial,17.11,4.32
Canara Robeco Balanced Advantage Reg,Regular,44368,N/A,Equity,Larsen & Toubro,Industrials,33.51,3.72
Canara Robeco Balanced Advantage Reg,Regular,44368,N/A,Equity,Bharti Airtel,Technology,40.53,3.16
Capitalmind Arbitrage Reg,Regular,45857,N/A,Debt,Capitalmind Liquid Direct-G,Mutual Fund,--,11.46
Capitalmind Arbitrage Reg,Regular,45857,N/A,Debt,Reserve Bank of India T-Bills 364-D 25/12/2026,Treasury Bills,SOV,0.83
Capitalmind Arbitrage Reg,Regular,45857,N/A,Equity,Larsen & Toubro,Industrials,33.51,4.4
Capitalmind Arbitrage Reg,Regular,45857,N/A,Equity,Bharti Airtel,Technology,40.53,4.09
Capitalmind Arbitrage Reg,Regular,45857,N/A,Equity,Manappuram Finance,Financial,26.96,4.03
Capitalmind Arbitrage Reg,Regular,45857,N/A,Equity,HDFC Bank,Financial,15.13,3.63
Capitalmind Arbitrage Reg,Regular,45857,N/A,Equity,NMDC,Materials,10.42,2.78
DSP Arbitrage Reg,Regular,35108,N/A,Debt,DSP Savings Direct-G,Mutual Fund,--,10.98
DSP Arbitrage Reg,Regular,35108,N/A,Debt,Canara Bank CD 12/01/2027,Certificate of Deposit,A1+,2.19
DSP Arbitrage Reg,Regular,35108,N/A,Debt,Reserve Bank of India T-Bills 364-D 04/03/2027,Treasury Bills,SOV,1.83
DSP Arbitrage Reg,Regular,35108,N/A,Debt,Bajaj Housing Finance Ltd NCD 7.14 26/02/2027,Non Convertible Debenture,AAA,1.16
DSP Arbitrage Reg,Regular,35108,N/A,Debt,Cholamandalam Investment & Finance Company Ltd SR 653 Debenture 7.38 28/05/2027,Debenture,AA+,0.81
DSP Arbitrage Reg,Regular,35108,N/A,Equity,--,--,--,--
DSP Dynamic Asset Allocation Reg,Regular,23436,N/A,Debt,GOI Sec 7.32 13/11/2030,GOI Securities,SOV,3.03
DSP Dynamic Asset Allocation Reg,Regular,23436,N/A,Debt,GOI Sec 7.06 10/04/2028,GOI Securities,SOV,1.67
DSP Dynamic Asset Allocation Reg,Regular,23436,N/A,Debt,National Bank For Agriculture & Rural Development SR 25G Bonds 7.48 15/09/2028,Bonds,AAA,1.42
DSP Dynamic Asset Allocation Reg,Regular,23436,N/A,Debt,GOI Sec 7.17 17/04/2030,GOI Securities,SOV,1.4
DSP Dynamic Asset Allocation Reg,Regular,23436,N/A,Debt,REC Ltd SR 220-A NCD 7.77 31/03/2028,Non Convertible Debenture,AAA,1.38
DSP Dynamic Asset Allocation Reg,Regular,23436,N/A,Equity,ICICI Bank,Financial,17.11,5.42
DSP Dynamic Asset Allocation Reg,Regular,23436,N/A,Equity,HDFC Bank,Financial,15.13,4.97
DSP Dynamic Asset Allocation Reg,Regular,23436,N/A,Equity,Axis Bank,Financial,15.5,3.03
DSP Dynamic Asset Allocation Reg,Regular,23436,N/A,Equity,Mahindra & Mahindra,Consumer Discretionary,21.47,1.88
DSP Dynamic Asset Allocation Reg,Regular,23436,N/A,Equity,Bharti Airtel,Technology,40.53,1.66
Edelweiss Arbitrage Reg,Regular,27142,N/A,Debt,Edelweiss Liquid Direct-G,Mutual Fund,--,7.97
Edelweiss Arbitrage Reg,Regular,27142,N/A,Debt,Edelweiss Money Market Direct-G,Mutual Fund,--,3.84
Edelweiss Arbitrage Reg,Regular,27142,N/A,Debt,Canara Bank CD 14/09/2026,Certificate of Deposit,A1+,1.99
Edelweiss Arbitrage Reg,Regular,27142,N/A,Debt,National Bank For Agriculture & Rural Development SR 24E Debenture 7.80 15/03/2027,Debenture,AAA,1.77
Edelweiss Arbitrage Reg,Regular,27142,N/A,Debt,Small Industries Devp. Bank of India Ltd CP 26/02/2027,Commercial Paper,A1+,1.12
Edelweiss Arbitrage Reg,Regular,27142,N/A,Equity,HDFC Bank,Financial,15.13,4.58
Edelweiss Arbitrage Reg,Regular,27142,N/A,Equity,NMDC,Materials,10.42,2.43
Edelweiss Arbitrage Reg,Regular,27142,N/A,Equity,ICICI Bank,Financial,17.11,2.3
Edelweiss Arbitrage Reg,Regular,27142,N/A,Equity,Vodafone Idea,Technology,4.35,2.23
Edelweiss Arbitrage Reg,Regular,27142,N/A,Equity,Adani Energy,Energy & Utilities,80.8,2
Edelweiss Balanced Advantage Reg,Regular,10607,N/A,Debt,HDB Financial Services Ltd SR A 1 FX Debenture 7.65 10/09/2027,Debenture,AAA,1.24
Edelweiss Balanced Advantage Reg,Regular,10607,N/A,Debt,Aditya Birla Capital Ltd SR B2 NCD 7.3789 14/02/2028,Non Convertible Debenture,AAA,1.15
Edelweiss Balanced Advantage Reg,Regular,10607,N/A,Debt,Edelweiss Liquid Direct-G,Mutual Fund,--,1.01
Edelweiss Balanced Advantage Reg,Regular,10607,N/A,Debt,Small Industries Devp. Bank of India Ltd SR V Bonds 7.51 12/06/2028,Bonds,AAA,0.97
Edelweiss Balanced Advantage Reg,Regular,10607,N/A,Debt,Punjab National Bank CD 15/09/2026,Certificate of Deposit,A1+,0.76
Edelweiss Balanced Advantage Reg,Regular,10607,N/A,Equity,ICICI Bank,Financial,17.11,4.22
Edelweiss Balanced Advantage Reg,Regular,10607,N/A,Equity,Reliance Ind,Energy & Utilities,21.1,4.21
Edelweiss Balanced Advantage Reg,Regular,10607,N/A,Equity,HDFC Bank,Financial,15.13,3.32
Edelweiss Balanced Advantage Reg,Regular,10607,N/A,Equity,Larsen & Toubro,Industrials,33.51,3.23
Edelweiss Balanced Advantage Reg,Regular,10607,N/A,Equity,Bharti Airtel,Technology,40.53,2.93
Franklin India Arbitrage Reg,Regular,44701,N/A,Debt,Franklin India Money Market Direct-G,Mutual Fund,--,11.87
Franklin India Arbitrage Reg,Regular,44701,N/A,Debt,Union Bank of India CP 16/03/2027,Commercial Paper,A1+,3.97
Franklin India Arbitrage Reg,Regular,44701,N/A,Debt,National Bank For Agriculture & Rural Development CD 17/03/2027,Certificate of Deposit,A1+,3.96
Franklin India Arbitrage Reg,Regular,44701,N/A,Debt,Credila Financial Services Ltd CP 364-D 01/03/2027,Commercial Paper,A1+,3.16
Franklin India Arbitrage Reg,Regular,44701,N/A,Debt,HDFC Bank Ltd CD 24/02/2027,Certificate of Deposit,A1+,1.99
Franklin India Arbitrage Reg,Regular,44701,N/A,Equity,HDFC Bank,Financial,15.13,4.64
Franklin India Arbitrage Reg,Regular,44701,N/A,Equity,Reliance Ind,Energy & Utilities,21.1,4.28
Franklin India Arbitrage Reg,Regular,44701,N/A,Equity,ICICI Bank,Financial,17.11,4.27
Franklin India Arbitrage Reg,Regular,44701,N/A,Equity,Vodafone Idea,Technology,4.35,2.63
Franklin India Arbitrage Reg,Regular,44701,N/A,Equity,Larsen & Toubro,Industrials,33.51,2.46
Franklin India Balanced Advantage Reg,Regular,42453,N/A,Debt,Jubilant Bevco Ltd Debenture 31/05/2028,Debenture,AA,4.65
Franklin India Balanced Advantage Reg,Regular,42453,N/A,Debt,Jubilant Beverages Ltd Debenture 31/05/2028,Debenture,AA,2.88
Franklin India Balanced Advantage Reg,Regular,42453,N/A,Debt,RJ Corp Ltd Debenture 7.25 08/12/2028,Debenture,AAA,1.94
Franklin India Balanced Advantage Reg,Regular,42453,N/A,Debt,Summit Digitel Infrastructure Pvt. Ltd NCD 7.87 15/03/2030,Non Convertible Debenture,AAA,1.81
Franklin India Balanced Advantage Reg,Regular,42453,N/A,Debt,Poonawalla Fincorp Ltd SR A1 NCD 7.65 21/04/2027,Non Convertible Debenture,AAA,1.8
Franklin India Balanced Advantage Reg,Regular,42453,N/A,Equity,HDFC Bank,Financial,15.13,5.89
Franklin India Balanced Advantage Reg,Regular,42453,N/A,Equity,ICICI Bank,Financial,17.11,4.85
Franklin India Balanced Advantage Reg,Regular,42453,N/A,Equity,Bharti Airtel,Technology,40.53,4.39
Franklin India Balanced Advantage Reg,Regular,42453,N/A,Equity,Reliance Ind,Energy & Utilities,21.1,4.05
Franklin India Balanced Advantage Reg,Regular,42453,N/A,Equity,Larsen & Toubro,Industrials,33.51,3.16
Franklin India Dynamic Asset Allocation Active FoF Reg*,Regular,1915,N/A,Debt,ICICI Pru Short Term Direct-G,Mutual Fund,--,19.52
Franklin India Dynamic Asset Allocation Active FoF Reg*,Regular,1915,N/A,Debt,Franklin India Corporate Debt Direct-G,Mutual Fund,--,16.37
Franklin India Dynamic Asset Allocation Active FoF Reg*,Regular,1915,N/A,Equity,Franklin India Flexi Cap Direct-G,Unspecified,--,61.52
Groww Arbitrage Reg,Regular,45944,N/A,Debt,Groww Liquid Direct-G,Mutual Fund,--,13.49
Groww Arbitrage Reg,Regular,45944,N/A,Equity,Axis Bank,Financial,15.5,5.06
Groww Arbitrage Reg,Regular,45944,N/A,Equity,HDFC Bank,Financial,15.13,5
Groww Arbitrage Reg,Regular,45944,N/A,Equity,Sun Pharmaceutical,Healthcare,37.35,4.66
Groww Arbitrage Reg,Regular,45944,N/A,Equity,ICICI Bank,Financial,17.11,4.56
Groww Arbitrage Reg,Regular,45944,N/A,Equity,HDFC Life,Financial,62.01,3.96
HDFC Arbitrage Reg,Regular,6037,N/A,Debt,HDFC Money Market Direct-G,Mutual Fund,--,8.23
HDFC Arbitrage Reg,Regular,6037,N/A,Debt,HDFC Liquid Direct-G,Mutual Fund,--,3.72
HDFC Arbitrage Reg,Regular,6037,N/A,Debt,HDFC Ultra Short Term Fund Direct-G,Mutual Fund,--,2.43
HDFC Arbitrage Reg,Regular,6037,N/A,Debt,HDFC Low Duration Direct-G,Mutual Fund,--,2.22
HDFC Arbitrage Reg,Regular,6037,N/A,Debt,Indian Overseas Bank CD 26/02/2027,Certificate of Deposit,A1+,1.13
HDFC Arbitrage Reg,Regular,6037,N/A,Equity,HDFC Bank,Financial,15.13,6.19
HDFC Arbitrage Reg,Regular,6037,N/A,Equity,Reliance Ind,Energy & Utilities,21.1,4.4
HDFC Arbitrage Reg,Regular,6037,N/A,Equity,ICICI Bank,Financial,17.11,3.96
HDFC Arbitrage Reg,Regular,6037,N/A,Equity,Bharti Airtel,Technology,40.53,2.43
HDFC Arbitrage Reg,Regular,6037,N/A,Equity,JSW Steel,Materials,13.91,2.41
HDFC Balanced Advantage Reg,Regular,842,N/A,Debt,GOI Sec 7.18 14/08/2033,GOI Securities,SOV,2.02
HDFC Balanced Advantage Reg,Regular,842,N/A,Debt,GOI Sec 4.45 30/10/2034,GOI Securities,SOV,1.32
HDFC Balanced Advantage Reg,Regular,842,N/A,Debt,GOI Sec 7.18 24/07/2037,GOI Securities,SOV,0.95
HDFC Balanced Advantage Reg,Regular,842,N/A,Debt,Embassy Office,Real Estate Investment Trusts,--,0.8
HDFC Balanced Advantage Reg,Regular,842,N/A,Debt,GOI Sec 7.34 22/04/2064,GOI Securities,SOV,0.73
HDFC Balanced Advantage Reg,Regular,842,N/A,Equity,ICICI Bank,Financial,17.11,4.74
HDFC Balanced Advantage Reg,Regular,842,N/A,Equity,HDFC Bank,Financial,15.13,4.33
HDFC Balanced Advantage Reg,Regular,842,N/A,Equity,Reliance Ind,Energy & Utilities,21.1,3.82
HDFC Balanced Advantage Reg,Regular,842,N/A,Equity,SBI,Financial,11.12,3.25
HDFC Balanced Advantage Reg,Regular,842,N/A,Equity,Bharti Airtel,Technology,40.53,3.05
HSBC Arbitrage Reg,Regular,27296,N/A,Debt,HSBC Money Market Direct-G,Mutual Fund,--,17.15
HSBC Arbitrage Reg,Regular,27296,N/A,Debt,HSBC Ultra Short Duration Direct-G,Mutual Fund,--,3.31
HSBC Arbitrage Reg,Regular,27296,N/A,Debt,Indian Bank CD 12/01/2027,Certificate of Deposit,A1+,2.68
HSBC Arbitrage Reg,Regular,27296,N/A,Debt,Small Industries Devp. Bank of India Ltd CD 06/11/2026,Certificate of Deposit,A1+,0.91
HSBC Arbitrage Reg,Regular,27296,N/A,Debt,Reserve Bank of India T-Bills 364-D 28/01/2027,Treasury Bills,SOV,0.9
HSBC Arbitrage Reg,Regular,27296,N/A,Equity,ICICI Bank,Financial,17.11,6.08
HSBC Arbitrage Reg,Regular,27296,N/A,Equity,HDFC Bank,Financial,15.13,5.52
HSBC Arbitrage Reg,Regular,27296,N/A,Equity,Bandhan Bank,Financial,26.27,4.07
HSBC Arbitrage Reg,Regular,27296,N/A,Equity,SAIL,Materials,22.25,3.86
HSBC Arbitrage Reg,Regular,27296,N/A,Equity,RBL Bank,Financial,25.11,3.32
HSBC Balanced Advantage Reg,Regular,12058,N/A,Debt,GOI Sec 7.06 10/04/2028,GOI Securities,SOV,3.29
HSBC Balanced Advantage Reg,Regular,12058,N/A,Debt,GOI Sec 7.37 23/10/2028,GOI Securities,SOV,2.76
HSBC Balanced Advantage Reg,Regular,12058,N/A,Debt,REC Ltd SR 245A Bonds 7.44 29/02/2028,Bonds,AAA,2.04
HSBC Balanced Advantage Reg,Regular,12058,N/A,Debt,REC Ltd SR 236-A Debenture 7.45 31/08/2035,Debenture,AAA,1.73
HSBC Balanced Advantage Reg,Regular,12058,N/A,Debt,GOI Sec 7.18 14/08/2033,GOI Securities,SOV,1.73
HSBC Balanced Advantage Reg,Regular,12058,N/A,Equity,HDFC Bank,Financial,15.13,5.5
HSBC Balanced Advantage Reg,Regular,12058,N/A,Equity,ICICI Bank,Financial,17.11,5.39
HSBC Balanced Advantage Reg,Regular,12058,N/A,Equity,Axis Bank,Financial,15.5,4.55
HSBC Balanced Advantage Reg,Regular,12058,N/A,Equity,Kotak Bank,Financial,20.01,3.87
HSBC Balanced Advantage Reg,Regular,12058,N/A,Equity,Aurobindo Pharma,Healthcare,23.87,3.49
Helios Arbitrage Reg,Regular,45889,N/A,Debt,Reserve Bank of India T-Bills 364-D 28/01/2027,Treasury Bills,SOV,9.95
Helios Arbitrage Reg,Regular,45889,N/A,Debt,Reserve Bank of India T-Bills 364-D 11/03/2027,Treasury Bills,SOV,9.89
Helios Arbitrage Reg,Regular,45889,N/A,Debt,Reserve Bank of India T-Bills 364-D 13/08/2026,Treasury Bills,SOV,4.08
Helios Arbitrage Reg,Regular,45889,N/A,Equity,Sun Pharmaceutical,Healthcare,37.35,6.82
Helios Arbitrage Reg,Regular,45889,N/A,Equity,ICICI Bank,Financial,17.11,6.23
Helios Arbitrage Reg,Regular,45889,N/A,Equity,Mahindra & Mahindra,Consumer Discretionary,21.47,5.65
Helios Arbitrage Reg,Regular,45889,N/A,Equity,Bharti Airtel,Technology,40.53,5.57
Helios Arbitrage Reg,Regular,45889,N/A,Equity,ITC,Consumer Staples,17.18,4.91
Helios Balanced Advantage Reg,Regular,44206,N/A,Debt,Embassy Office,Real Estate Investment Trusts,--,1.99
Helios Balanced Advantage Reg,Regular,44206,N/A,Debt,GOI Sec 7.06 10/04/2028,GOI Securities,SOV,1.67
Helios Balanced Advantage Reg,Regular,44206,N/A,Debt,GOI Sec 7.10 08/04/2034,GOI Securities,SOV,1.65
Helios Balanced Advantage Reg,Regular,44206,N/A,Debt,Reserve Bank of India T-Bills 364-D 06/08/2026,Treasury Bills,SOV,1.62
Helios Balanced Advantage Reg,Regular,44206,N/A,Debt,Reserve Bank of India T-Bills 364-D 19/11/2026,Treasury Bills,SOV,1.59
Helios Balanced Advantage Reg,Regular,44206,N/A,Equity,Kotak Bank,Financial,20.01,6.58
Helios Balanced Advantage Reg,Regular,44206,N/A,Equity,Reliance Ind,Energy & Utilities,21.1,6.03
Helios Balanced Advantage Reg,Regular,44206,N/A,Equity,HDFC Bank,Financial,15.13,4.69
Helios Balanced Advantage Reg,Regular,44206,N/A,Equity,ICICI Bank,Financial,17.11,4.47
Helios Balanced Advantage Reg,Regular,44206,N/A,Equity,Bharti Airtel,Technology,40.53,4.22
ICICI Pru Arbitrage,Regular,3902,N/A,Debt,ICICI Pru Money Market Direct-G,Mutual Fund,--,16.06
ICICI Pru Arbitrage,Regular,3902,N/A,Debt,Union Bank of India CD 18/02/2027,Certificate of Deposit,A1+,1.91
ICICI Pru Arbitrage,Regular,3902,N/A,Debt,HDFC Bank Ltd CD 15/02/2027,Certificate of Deposit,A1+,1.47
ICICI Pru Arbitrage,Regular,3902,N/A,Debt,Small Industries Devp. Bank of India Ltd CD 28/01/2027,Certificate of Deposit,A1+,1.18
ICICI Pru Arbitrage,Regular,3902,N/A,Debt,National Bank For Agriculture & Rural Development CD 26/02/2027,Certificate of Deposit,A1+,0.88
ICICI Pru Arbitrage,Regular,3902,N/A,Equity,Bharti Airtel,Technology,40.53,5.15
ICICI Pru Arbitrage,Regular,3902,N/A,Equity,HDFC Bank,Financial,15.13,3.9
ICICI Pru Arbitrage,Regular,3902,N/A,Equity,Vodafone Idea,Technology,4.35,3.7
ICICI Pru Arbitrage,Regular,3902,N/A,Equity,Reliance Ind,Energy & Utilities,21.1,3.5
ICICI Pru Arbitrage,Regular,3902,N/A,Equity,SBI,Financial,11.12,2.95
ICICI Pru Balanced Advantage,Regular,3906,N/A,Debt,Embassy Office,Real Estate Investment Trusts,--,2.92
ICICI Pru Balanced Advantage,Regular,3906,N/A,Debt,HDFC Bank Ltd CD 15/02/2027,Certificate of Deposit,A1+,1.48
ICICI Pru Balanced Advantage,Regular,3906,N/A,Debt,GOI Sec 6.90 15/04/2065,GOI Securities,SOV,1.12
ICICI Pru Balanced Advantage,Regular,3906,N/A,Debt,Cholamandalam Investment & Finance Company Ltd SR 665 RR Debenture 27/02/2029,Debenture,AA+,0.99
ICICI Pru Balanced Advantage,Regular,3906,N/A,Debt,GOI Sec 7.24 18/08/2055,GOI Securities,SOV,0.9
ICICI Pru Balanced Advantage,Regular,3906,N/A,Equity,TVS Motor,Consumer Discretionary,52.55,5.09
ICICI Pru Balanced Advantage,Regular,3906,N/A,Equity,ICICI Bank,Financial,17.11,3.82
ICICI Pru Balanced Advantage,Regular,3906,N/A,Equity,HDFC Bank,Financial,15.13,3.52
ICICI Pru Balanced Advantage,Regular,3906,N/A,Equity,Reliance Ind,Energy & Utilities,21.1,3.02
ICICI Pru Balanced Advantage,Regular,3906,N/A,Equity,Infosys,Technology,15.78,2.83
ICICI Pru Dynamic Asset Allocation Active FoF*,Regular,1934,N/A,Debt,ICICI Pru All Seasons Bond Direct-G,Mutual Fund,--,11.11
ICICI Pru Dynamic Asset Allocation Active FoF*,Regular,1934,N/A,Debt,ICICI Pru Savings Direct -G,Mutual Fund,--,7.99
ICICI Pru Dynamic Asset Allocation Active FoF*,Regular,1934,N/A,Debt,ICICI Pru Short Term Direct-G,Mutual Fund,--,4.52
ICICI Pru Dynamic Asset Allocation Active FoF*,Regular,1934,N/A,Debt,ICICI Pru Corporate Bond Direct-G,Mutual Fund,--,4.06
ICICI Pru Dynamic Asset Allocation Active FoF*,Regular,1934,N/A,Debt,ICICI Pru Gilt Direct-G,Mutual Fund,--,3.84
ICICI Pru Dynamic Asset Allocation Active FoF*,Regular,1934,N/A,Equity,ICICI Pru Value Direct-G,Unspecified,--,10.87
ICICI Pru Dynamic Asset Allocation Active FoF*,Regular,1934,N/A,Equity,ICICI Pru Focused Equity Direct-G,Unspecified,--,5.64
ICICI Pru Dynamic Asset Allocation Active FoF*,Regular,1934,N/A,Equity,ICICI Pru Technology Direct-G,Unspecified,--,5.33
ICICI Pru Dynamic Asset Allocation Active FoF*,Regular,1934,N/A,Equity,ICICI Pru Innovation Direct-G,Unspecified,--,5.05
ICICI Pru Dynamic Asset Allocation Active FoF*,Regular,1934,N/A,Equity,ICICI Pru Large & Mid Cap Direct-G,Unspecified,--,4.9
ITI Arbitrage Reg,Regular,40253,N/A,Debt,ITI Liquid Direct-G,Mutual Fund,--,10.69
ITI Arbitrage Reg,Regular,40253,N/A,Equity,HDFC Bank,Financial,15.13,4.56
ITI Arbitrage Reg,Regular,40253,N/A,Equity,Power Fin.,Financial,5.49,4.53
ITI Arbitrage Reg,Regular,40253,N/A,Equity,One97 Comm,Industrials,123.45,4.26
ITI Arbitrage Reg,Regular,40253,N/A,Equity,Cummins India,Industrials,65.81,3.73
ITI Arbitrage Reg,Regular,40253,N/A,Equity,HDFC Life,Financial,62.01,3.24
ITI Balanced Advantage Reg,Regular,40423,N/A,Debt,GOI Sec 7.06 10/04/2028,GOI Securities,SOV,4.34
ITI Balanced Advantage Reg,Regular,40423,N/A,Debt,National Bank For Agriculture & Rural Development SR 25G Bonds 7.48 15/09/2028,Bonds,AAA,3.97
ITI Balanced Advantage Reg,Regular,40423,N/A,Debt,Power Grid Corporation of India Ltd Debenture 8.13 25/04/2028,Debenture,AAA,2.89
ITI Balanced Advantage Reg,Regular,40423,N/A,Debt,National Bank For Agriculture & Rural Development SR 25E Bonds 7.53 24/03/2028,Bonds,AAA,2.28
ITI Balanced Advantage Reg,Regular,40423,N/A,Debt,Small Industries Devp. Bank of India Ltd SR IV Bonds 7.79 19/04/2027,Bonds,AAA,2.14
ITI Balanced Advantage Reg,Regular,40423,N/A,Equity,Reliance Ind,Energy & Utilities,21.1,4.72
ITI Balanced Advantage Reg,Regular,40423,N/A,Equity,Bharti Airtel,Technology,40.53,4.43
ITI Balanced Advantage Reg,Regular,40423,N/A,Equity,HDFC Bank,Financial,15.13,3.8
ITI Balanced Advantage Reg,Regular,40423,N/A,Equity,ICICI Bank,Financial,17.11,3.63
ITI Balanced Advantage Reg,Regular,40423,N/A,Equity,Shriram Finance,Financial,21.06,3.14
Invesco India Arbitrage Reg,Regular,4840,N/A,Debt,Invesco India Liquid Direct-G,Mutual Fund,--,8.55
Invesco India Arbitrage Reg,Regular,4840,N/A,Debt,Invesco India Money Market Direct-G,Mutual Fund,--,5.36
Invesco India Arbitrage Reg,Regular,4840,N/A,Debt,HDFC Bank Ltd CD 11/09/2026,Certificate of Deposit,A1+,1.79
Invesco India Arbitrage Reg,Regular,4840,N/A,Debt,Punjab National Bank CD 15/09/2026,Certificate of Deposit,A1+,1.78
Invesco India Arbitrage Reg,Regular,4840,N/A,Debt,Small Industries Devp. Bank of India Ltd CP 26/02/2027,Commercial Paper,A1+,1.73
Invesco India Arbitrage Reg,Regular,4840,N/A,Equity,SBI,Financial,11.12,3.68
Invesco India Arbitrage Reg,Regular,4840,N/A,Equity,ICICI Bank,Financial,17.11,3.4
Invesco India Arbitrage Reg,Regular,4840,N/A,Equity,HDFC Bank,Financial,15.13,2.73
Invesco India Arbitrage Reg,Regular,4840,N/A,Equity,Varun Beverages,Consumer Staples,55.88,2.63
Invesco India Arbitrage Reg,Regular,4840,N/A,Equity,Cholamandalam Inv,Financial,23.99,2.55
Invesco India Balanced Advantage Reg,Regular,5566,N/A,Debt,Invesco India Short Duration Direct-G,Mutual Fund,--,8.3
Invesco India Balanced Advantage Reg,Regular,5566,N/A,Debt,Invesco India Low Duration Direct-G,Mutual Fund,--,7.64
Invesco India Balanced Advantage Reg,Regular,5566,N/A,Debt,National Bank For Agriculture & Rural Development SR 24E Debenture 7.80 15/03/2027,Debenture,AAA,2.45
Invesco India Balanced Advantage Reg,Regular,5566,N/A,Debt,GOI Sec 7.26 14/01/2029,GOI Securities,SOV,1.99
Invesco India Balanced Advantage Reg,Regular,5566,N/A,Debt,Invesco India Medium Duration Direct-G,Mutual Fund,--,1.64
Invesco India Balanced Advantage Reg,Regular,5566,N/A,Equity,HDFC Bank,Financial,15.13,8.07
Invesco India Balanced Advantage Reg,Regular,5566,N/A,Equity,Reliance Ind,Energy & Utilities,21.1,7.44
Invesco India Balanced Advantage Reg,Regular,5566,N/A,Equity,ICICI Bank,Financial,17.11,4.75
Invesco India Balanced Advantage Reg,Regular,5566,N/A,Equity,Eternal,Technology,631.76,4.24
Invesco India Balanced Advantage Reg,Regular,5566,N/A,Equity,Infosys,Technology,15.78,3.12
JM Arbitrage Reg,Regular,3446,N/A,Debt,JM Liquid Direct-G,Mutual Fund,--,3.95
JM Arbitrage Reg,Regular,3446,N/A,Debt,Shriram Finance Ltd SR XIX TR8 Bonds 9.10 18/03/2027,Bonds,AAA,1.38
JM Arbitrage Reg,Regular,3446,N/A,Debt,Reserve Bank of India T-Bills 182-D 11/06/2026,Treasury Bills,SOV,1.36
JM Arbitrage Reg,Regular,3446,N/A,Debt,Reserve Bank of India T-Bills 182-D 09/07/2026,Treasury Bills,SOV,1.35
JM Arbitrage Reg,Regular,3446,N/A,Debt,Reserve Bank of India T-Bills 182-D 30/07/2026,Treasury Bills,SOV,1.35
JM Arbitrage Reg,Regular,3446,N/A,Equity,HDFC Bank,Financial,15.13,5.01
JM Arbitrage Reg,Regular,3446,N/A,Equity,MCX,Financial,52.61,4.2
JM Arbitrage Reg,Regular,3446,N/A,Equity,Kotak Bank,Financial,20.01,3.97
JM Arbitrage Reg,Regular,3446,N/A,Equity,ICICI Bank,Financial,17.11,3.76
JM Arbitrage Reg,Regular,3446,N/A,Equity,Bharti Airtel,Technology,40.53,3.64
Kotak Arbitrage Reg,Regular,2882,N/A,Debt,Kotak Money Market Direct-G,Mutual Fund,--,11.64
Kotak Arbitrage Reg,Regular,2882,N/A,Debt,Kotak Savings Direct-G,Mutual Fund,--,5.8
Kotak Arbitrage Reg,Regular,2882,N/A,Debt,Kotak Liquid Direct-G,Mutual Fund,--,3.45
Kotak Arbitrage Reg,Regular,2882,N/A,Debt,Kotak Low Duration Direct-G,Mutual Fund,--,2.72
Kotak Arbitrage Reg,Regular,2882,N/A,Debt,HDFC Bank Ltd CD 15/02/2027,Certificate of Deposit,A1+,2.03
Kotak Arbitrage Reg,Regular,2882,N/A,Equity,HDFC Bank,Financial,15.13,3.99
Kotak Arbitrage Reg,Regular,2882,N/A,Equity,ICICI Bank,Financial,17.11,2.94
Kotak Arbitrage Reg,Regular,2882,N/A,Equity,Axis Bank,Financial,15.5,2.15
Kotak Arbitrage Reg,Regular,2882,N/A,Equity,Kotak Bank,Financial,20.01,2.14
Kotak Arbitrage Reg,Regular,2882,N/A,Equity,Bharti Airtel,Technology,40.53,1.67
Kotak Balanced Advantage Reg,Regular,37074,N/A,Debt,GOI Sec 7.34 22/04/2064,GOI Securities,SOV,5.83
Kotak Balanced Advantage Reg,Regular,37074,N/A,Debt,Bank Of Baroda CD 11/03/2027,Certificate of Deposit,A1+,1.37
Kotak Balanced Advantage Reg,Regular,37074,N/A,Debt,JTPM Metal Traders Ltd Debenture 30/04/2030,Debenture,AA,1.22
Kotak Balanced Advantage Reg,Regular,37074,N/A,Debt,National Housing Bank Bonds 6.80 02/04/2032,Bonds,AAA,1.12
Kotak Balanced Advantage Reg,Regular,37074,N/A,Debt,Brookfield REIT,Real Estate Investment Trusts,--,1.09
Kotak Balanced Advantage Reg,Regular,37074,N/A,Equity,Reliance Ind,Energy & Utilities,21.1,3.84
Kotak Balanced Advantage Reg,Regular,37074,N/A,Equity,ICICI Bank,Financial,17.11,3.79
Kotak Balanced Advantage Reg,Regular,37074,N/A,Equity,SBI,Financial,11.12,3.21
Kotak Balanced Advantage Reg,Regular,37074,N/A,Equity,HDFC Bank,Financial,15.13,2.93
Kotak Balanced Advantage Reg,Regular,37074,N/A,Equity,Bharti Airtel,Technology,40.53,2.34
LIC MF Arbitrage Reg,Regular,38699,N/A,Debt,LIC MF Money Market Direct-G,Mutual Fund,--,17.65
LIC MF Arbitrage Reg,Regular,38699,N/A,Debt,National Bank For Agriculture & Rural Development SR 24C Bonds/NCD 7.83 30/12/2026,Bonds/NCDs,AAA,8.42
LIC MF Arbitrage Reg,Regular,38699,N/A,Debt,LIC MF Liquid Direct-G,Mutual Fund,--,2.4
LIC MF Arbitrage Reg,Regular,38699,N/A,Equity,HDFC Bank,Financial,15.13,6.56
LIC MF Arbitrage Reg,Regular,38699,N/A,Equity,SBI,Financial,11.12,4.92
LIC MF Arbitrage Reg,Regular,38699,N/A,Equity,Bharti Airtel,Technology,40.53,4.88
LIC MF Arbitrage Reg,Regular,38699,N/A,Equity,GMR Airports,Industrials,607.4,4.79
LIC MF Arbitrage Reg,Regular,38699,N/A,Equity,Reliance Ind,Energy & Utilities,21.1,4.68
LIC MF Balanced Advantage Reg,Regular,41808,N/A,Debt,Jamnagar Utilities and Power Pvt. Ltd SR PPD8 Debenture 7.43 24/10/2034,Debenture,AAA,7.43
LIC MF Balanced Advantage Reg,Regular,41808,N/A,Debt,GOI Sec 7.18 24/07/2037,GOI Securities,SOV,3.75
LIC MF Balanced Advantage Reg,Regular,41808,N/A,Debt,GOI Sec 7.26 22/08/2032,GOI Securities,SOV,2.26
LIC MF Balanced Advantage Reg,Regular,41808,N/A,Debt,GOI Sec 7.54 23/05/2036,GOI Securities,SOV,1.56
LIC MF Balanced Advantage Reg,Regular,41808,N/A,Debt,Bharti Telecom Ltd SR XXVI Debenture 7.45 15/12/2028,Debenture,AAA,1.49
LIC MF Balanced Advantage Reg,Regular,41808,N/A,Equity,HDFC Bank,Financial,15.13,7.68
LIC MF Balanced Advantage Reg,Regular,41808,N/A,Equity,Reliance Ind,Energy & Utilities,21.1,4.72
LIC MF Balanced Advantage Reg,Regular,41808,N/A,Equity,ICICI Bank,Financial,17.11,4.53
LIC MF Balanced Advantage Reg,Regular,41808,N/A,Equity,SBI,Financial,11.12,4.31
LIC MF Balanced Advantage Reg,Regular,41808,N/A,Equity,Tata Consultancy,Technology,15.84,3.49
Mahindra Manulife Arbitrage Reg,Regular,41082,N/A,Debt,Mahindra Manulife Low Duration Direct-G,Mutual Fund,--,13.93
Mahindra Manulife Arbitrage Reg,Regular,41082,N/A,Debt,Mahindra Manulife Liquid Direct-G,Mutual Fund,--,7.57
Mahindra Manulife Arbitrage Reg,Regular,41082,N/A,Equity,HDFC Bank,Financial,15.13,6.93
Mahindra Manulife Arbitrage Reg,Regular,41082,N/A,Equity,ICICI Bank,Financial,17.11,6.46
Mahindra Manulife Arbitrage Reg,Regular,41082,N/A,Equity,Hindalco Ind,Materials,17.43,5.73
Mahindra Manulife Arbitrage Reg,Regular,41082,N/A,Equity,Tata Power,Energy & Utilities,33.67,5.44
Mahindra Manulife Arbitrage Reg,Regular,41082,N/A,Equity,Indus Towers,Technology,15.25,4.97
Mahindra Manulife Balanced Advantage Reg,Regular,41919,N/A,Debt,Muthoot Finance Ltd Debenture 8.52 07/04/2028,Debenture,AA+,2.82
Mahindra Manulife Balanced Advantage Reg,Regular,41919,N/A,Debt,National Bank For Agriculture & Rural Development SR 25E Bonds 7.53 24/03/2028,Bonds,AAA,2.81
Mahindra Manulife Balanced Advantage Reg,Regular,41919,N/A,Debt,GOI Sec 6.68 07/07/2040,GOI Securities,SOV,2.19
Mahindra Manulife Balanced Advantage Reg,Regular,41919,N/A,Debt,HDFC Bank Ltd CD 19/11/2026,Certificate of Deposit,A1+,1.36
Mahindra Manulife Balanced Advantage Reg,Regular,41919,N/A,Debt,Bharti Telecom Ltd SR XX Debenture 8.75 05/11/2028,Debenture,AAA,1.14
Mahindra Manulife Balanced Advantage Reg,Regular,41919,N/A,Equity,ICICI Bank,Financial,17.11,3.2
Mahindra Manulife Balanced Advantage Reg,Regular,41919,N/A,Equity,Reliance Ind,Energy & Utilities,21.1,2.47
Mahindra Manulife Balanced Advantage Reg,Regular,41919,N/A,Equity,HDFC Bank,Financial,15.13,2.45
Mahindra Manulife Balanced Advantage Reg,Regular,41919,N/A,Equity,Bharti Airtel,Technology,40.53,2.44
Mahindra Manulife Balanced Advantage Reg,Regular,41919,N/A,Equity,Axis Bank,Financial,15.5,2.18
Mirae Asset Arbitrage Reg,Regular,41012,N/A,Debt,Mirae Asset Liquid Direct-G,Mutual Fund,--,8.94
Mirae Asset Arbitrage Reg,Regular,41012,N/A,Debt,Mirae Asset Money Market Direct-G,Mutual Fund,--,4.95
Mirae Asset Arbitrage Reg,Regular,41012,N/A,Equity,Maruti Suzuki,Consumer Discretionary,28.01,1.92
Mirae Asset Arbitrage Reg,Regular,41012,N/A,Equity,BSE,Financial,64.19,1.34
Mirae Asset Arbitrage Reg,Regular,41012,N/A,Equity,Sun Pharmaceutical,Healthcare,37.35,1.29
Mirae Asset Arbitrage Reg,Regular,41012,N/A,Equity,SBI Life Insurance,Financial,121.76,1.11
Mirae Asset Arbitrage Reg,Regular,41012,N/A,Equity,Shriram Finance,Financial,21.06,1.08
Mirae Asset Balanced Advantage Reg,Regular,42306,N/A,Debt,--,--,--,--
Mirae Asset Balanced Advantage Reg,Regular,42306,N/A,Equity,--,--,--,--
Motilal Oswal Arbitrage Reg,Regular,44837,N/A,Debt,Motilal Oswal Liquid Direct-G,Mutual Fund,--,11.48
Motilal Oswal Arbitrage Reg,Regular,44837,N/A,Debt,Axis Bank Ltd CD 06/05/2026,Certificate of Deposit,A1+,1.03
Motilal Oswal Arbitrage Reg,Regular,44837,N/A,Debt,GOI Sec 5.74 15/11/2026,GOI Securities,SOV,1.03
Motilal Oswal Arbitrage Reg,Regular,44837,N/A,Debt,HDFC Bank Ltd CD 24/06/2026,Certificate of Deposit,A1+,1.02
Motilal Oswal Arbitrage Reg,Regular,44837,N/A,Debt,Canara Bank CD 03/06/2026,Certificate of Deposit,A1+,1.02
Motilal Oswal Arbitrage Reg,Regular,44837,N/A,Equity,Reliance Ind,Energy & Utilities,21.1,6.6
Motilal Oswal Arbitrage Reg,Regular,44837,N/A,Equity,HDFC Bank,Financial,15.13,5.22
Motilal Oswal Arbitrage Reg,Regular,44837,N/A,Equity,Cholamandalam Inv,Financial,23.99,4.54
Motilal Oswal Arbitrage Reg,Regular,44837,N/A,Equity,Bharti Airtel,Technology,40.53,4.47
Motilal Oswal Arbitrage Reg,Regular,44837,N/A,Equity,Aditya Birla,Financial,23.85,2.85
Motilal Oswal Balanced Advantage Reg,Regular,32930,N/A,Debt,Bajaj Finance Ltd Debenture 7.3763 26/06/2028,Debenture,AAA,3.37
Motilal Oswal Balanced Advantage Reg,Regular,32930,N/A,Debt,HDB Financial Services Ltd SR 228 TR Debenture 7.4091 05/06/2028,Debenture,AAA,3.37
Motilal Oswal Balanced Advantage Reg,Regular,32930,N/A,Debt,Kotak Mahindra Prime Ltd Debenture 7.1554 19/06/2028,Debenture,AAA,3.36
Motilal Oswal Balanced Advantage Reg,Regular,32930,N/A,Debt,Muthoot Finance Ltd NCD 7.88 22/11/2028,Non Convertible Debenture,AA+,3.36
Motilal Oswal Balanced Advantage Reg,Regular,32930,N/A,Debt,Tata Capital Ltd SR C Debenture 7.12 14/11/2028,Debenture,AAA,3.35
Motilal Oswal Balanced Advantage Reg,Regular,32930,N/A,Equity,ICICI Bank,Financial,17.11,6.88
Motilal Oswal Balanced Advantage Reg,Regular,32930,N/A,Equity,Eternal,Technology,631.76,5.57
Motilal Oswal Balanced Advantage Reg,Regular,32930,N/A,Equity,Coforge,Technology,39.89,5.56
Motilal Oswal Balanced Advantage Reg,Regular,32930,N/A,Equity,Shaily Eng Plastics,Materials,81.48,5.12
Motilal Oswal Balanced Advantage Reg,Regular,32930,N/A,Equity,NTPC,Energy & Utilities,12.6,4.85
NJ Arbitrage Reg,Regular,42434,N/A,Debt,Reserve Bank of India T-Bills 364-D 03/12/2026,Treasury Bills,SOV,2.27
NJ Arbitrage Reg,Regular,42434,N/A,Debt,Reserve Bank of India T-Bills 182-D 08/05/2026,Treasury Bills,SOV,1.89
NJ Arbitrage Reg,Regular,42434,N/A,Debt,Reserve Bank of India T-Bills 182-D 08/10/2026,Treasury Bills,SOV,1.85
NJ Arbitrage Reg,Regular,42434,N/A,Debt,Reserve Bank of India T-Bills 91-D 30/07/2026,Treasury Bills,SOV,1.12
NJ Arbitrage Reg,Regular,42434,N/A,Debt,Reserve Bank of India T-Bills 182-D 27/08/2026,Treasury Bills,SOV,1.12
NJ Arbitrage Reg,Regular,42434,N/A,Equity,Reliance Ind,Energy & Utilities,21.1,8.03
NJ Arbitrage Reg,Regular,42434,N/A,Equity,Bharti Airtel,Technology,40.53,7.51
NJ Arbitrage Reg,Regular,42434,N/A,Equity,Kotak Bank,Financial,20.01,6.95
NJ Arbitrage Reg,Regular,42434,N/A,Equity,Sammaan Capital,Financial,--,5.61
NJ Arbitrage Reg,Regular,42434,N/A,Equity,Mahindra & Mahindra,Consumer Discretionary,21.47,4.42
NJ Balanced Advantage Reg,Regular,41746,N/A,Debt,--,--,--,--
NJ Balanced Advantage Reg,Regular,41746,N/A,Equity,--,--,--,--
Nippon India Arbitrage Reg,Regular,11625,N/A,Debt,Nippon India Money Market Direct-G,Mutual Fund,--,13.7
Nippon India Arbitrage Reg,Regular,11625,N/A,Debt,Nippon India Ultra Short Duration Direct-G,Mutual Fund,--,6.06
Nippon India Arbitrage Reg,Regular,11625,N/A,Debt,Bank Of Baroda CD 20/05/2026,Certificate of Deposit,A1+,1.22
Nippon India Arbitrage Reg,Regular,11625,N/A,Debt,Aavas Financiers Ltd CP 365-D 17/06/2026,Commercial Paper,A1+,1.21
Nippon India Arbitrage Reg,Regular,11625,N/A,Debt,Small Industries Devp. Bank of India Ltd CD 14/01/2027,Certificate of Deposit,A1+,1.16
Nippon India Arbitrage Reg,Regular,11625,N/A,Equity,HDFC Bank,Financial,15.13,5.37
Nippon India Arbitrage Reg,Regular,11625,N/A,Equity,Bharti Airtel,Technology,40.53,3.03
Nippon India Arbitrage Reg,Regular,11625,N/A,Equity,ICICI Bank,Financial,17.11,2.73
Nippon India Arbitrage Reg,Regular,11625,N/A,Equity,Reliance Ind,Energy & Utilities,21.1,2.55
Nippon India Arbitrage Reg,Regular,11625,N/A,Equity,Axis Bank,Financial,15.5,2.15
Nippon India Balanced Advantage Reg,Regular,2510,N/A,Debt,National Bank For Agriculture & Rural Development SR 25G Bonds 7.48 15/09/2028,Bonds,AAA,1.56
Nippon India Balanced Advantage Reg,Regular,2510,N/A,Debt,Cube Highways Trust,Infrastructure Investment Trust,--,1.48
Nippon India Balanced Advantage Reg,Regular,2510,N/A,Debt,Muthoot Finance Ltd Debenture 26/07/2029,Debenture,AA+,1.31
Nippon India Balanced Advantage Reg,Regular,2510,N/A,Debt,MINDSPACE,Real Estate Investment Trusts,--,1.24
Nippon India Balanced Advantage Reg,Regular,2510,N/A,Debt,NHIT,Infrastructure Investment Trust,--,1.09
Nippon India Balanced Advantage Reg,Regular,2510,N/A,Equity,ICICI Bank,Financial,17.11,5.39
Nippon India Balanced Advantage Reg,Regular,2510,N/A,Equity,HDFC Bank,Financial,15.13,5.39
Nippon India Balanced Advantage Reg,Regular,2510,N/A,Equity,Reliance Ind,Energy & Utilities,21.1,2.76
Nippon India Balanced Advantage Reg,Regular,2510,N/A,Equity,Axis Bank,Financial,15.5,2.59
Nippon India Balanced Advantage Reg,Regular,2510,N/A,Equity,Bharti Airtel,Technology,40.53,2.58
Old Bridge Arbitrage Reg,Regular,45601,N/A,Debt,Shriram Finance Ltd SR PPD IX TR Debenture 8.75 04/05/2026,Debenture,AAA,3.26
Old Bridge Arbitrage Reg,Regular,45601,N/A,Debt,Reserve Bank of India T-Bills 182-D 08/05/2026,Treasury Bills,SOV,3.25
Old Bridge Arbitrage Reg,Regular,45601,N/A,Debt,Reserve Bank of India T-Bills 364-D 17/12/2026,Treasury Bills,SOV,3.15
Old Bridge Arbitrage Reg,Regular,45601,N/A,Equity,ICICI Bank,Financial,17.11,6.05
Old Bridge Arbitrage Reg,Regular,45601,N/A,Equity,HDFC Bank,Financial,15.13,4.59
Old Bridge Arbitrage Reg,Regular,45601,N/A,Equity,Bharat Heavy Elect,Industrials,82.03,4.4
Old Bridge Arbitrage Reg,Regular,45601,N/A,Equity,JSW Steel,Materials,13.91,4.34
Old Bridge Arbitrage Reg,Regular,45601,N/A,Equity,Bharti Airtel,Technology,40.53,3.62
PGIM India Arbitrage Reg,Regular,27870,N/A,Debt,PGIM India Liquid Direct-G,Mutual Fund,--,20.34
PGIM India Arbitrage Reg,Regular,27870,N/A,Debt,Reserve Bank of India T-Bills 182-D 11/06/2026,Treasury Bills,SOV,5.42
PGIM India Arbitrage Reg,Regular,27870,N/A,Debt,Reserve Bank of India T-Bills 91-D 04/06/2026,Treasury Bills,SOV,5.42
PGIM India Arbitrage Reg,Regular,27870,N/A,Debt,Reserve Bank of India T-Bills 364-D 29/10/2026,Treasury Bills,SOV,0.21
PGIM India Arbitrage Reg,Regular,27870,N/A,Equity,HDFC Bank,Financial,15.13,9.42
PGIM India Arbitrage Reg,Regular,27870,N/A,Equity,Reliance Ind,Energy & Utilities,21.1,6.81
PGIM India Arbitrage Reg,Regular,27870,N/A,Equity,Vodafone Idea,Technology,4.35,5.75
PGIM India Arbitrage Reg,Regular,27870,N/A,Equity,Titan,Consumer Discretionary,70.69,5.42
PGIM India Arbitrage Reg,Regular,27870,N/A,Equity,ICICI Bank,Financial,17.11,3.91
PGIM India Balanced Advantage Reg,Regular,41261,N/A,Debt,GOI Sec 6.79 07/10/2034,GOI Securities,SOV,3.82
PGIM India Balanced Advantage Reg,Regular,41261,N/A,Debt,GOI Sec 7.18 14/08/2033,GOI Securities,SOV,2.77
PGIM India Balanced Advantage Reg,Regular,41261,N/A,Debt,GOI Sec 7.09 05/08/2054,GOI Securities,SOV,1.76
PGIM India Balanced Advantage Reg,Regular,41261,N/A,Debt,Muthoot Finance Ltd CP 365-D 16/03/2027,Commercial Paper,A1+,1.76
PGIM India Balanced Advantage Reg,Regular,41261,N/A,Debt,GOI Sec 7.25 12/06/2063,GOI Securities,SOV,1.71
PGIM India Balanced Advantage Reg,Regular,41261,N/A,Equity,HDFC Bank,Financial,15.13,5.59
PGIM India Balanced Advantage Reg,Regular,41261,N/A,Equity,ICICI Bank,Financial,17.11,4.92
PGIM India Balanced Advantage Reg,Regular,41261,N/A,Equity,Reliance Ind,Energy & Utilities,21.1,4.43
PGIM India Balanced Advantage Reg,Regular,41261,N/A,Equity,Bharti Airtel,Technology,40.53,2.99
PGIM India Balanced Advantage Reg,Regular,41261,N/A,Equity,Varun Beverages,Consumer Staples,55.88,2.35
Parag Parikh Arbitrage Reg,Regular,43815,N/A,Debt,Parag Parikh Liquid Direct-G,Mutual Fund,--,16.08
Parag Parikh Arbitrage Reg,Regular,43815,N/A,Debt,Kotak Securities Ltd CP 90-D 27/05/2026,Commercial Paper,A1+,2.1
Parag Parikh Arbitrage Reg,Regular,43815,N/A,Debt,Small Industries Devp. Bank of India Ltd CD 09/07/2026,Certificate of Deposit,A1+,2.08
Parag Parikh Arbitrage Reg,Regular,43815,N/A,Debt,Axis Bank Ltd CD 11/08/2026,Certificate of Deposit,A1+,2.07
Parag Parikh Arbitrage Reg,Regular,43815,N/A,Debt,Canara Bank CD 08/01/2027,Certificate of Deposit,A1+,2.01
Parag Parikh Arbitrage Reg,Regular,43815,N/A,Equity,HDFC Bank,Financial,15.13,6.11
Parag Parikh Arbitrage Reg,Regular,43815,N/A,Equity,Axis Bank,Financial,15.5,5.14
Parag Parikh Arbitrage Reg,Regular,43815,N/A,Equity,ICICI Bank,Financial,17.11,4.99
Parag Parikh Arbitrage Reg,Regular,43815,N/A,Equity,Bharti Airtel,Technology,40.53,4.83
Parag Parikh Arbitrage Reg,Regular,43815,N/A,Equity,Reliance Ind,Energy & Utilities,21.1,4.66
Parag Parikh Dynamic Asset Allocation Reg,Regular,44167,N/A,Debt,Embassy Office,Real Estate Investment Trusts,--,5.09
Parag Parikh Dynamic Asset Allocation Reg,Regular,44167,N/A,Debt,Brookfield REIT,Real Estate Investment Trusts,--,5.08
Parag Parikh Dynamic Asset Allocation Reg,Regular,44167,N/A,Debt,Parag Parikh Liquid Direct-G,Mutual Fund,--,3.96
Parag Parikh Dynamic Asset Allocation Reg,Regular,44167,N/A,Debt,Tamilnadu State SDL 7.12 18/02/2032,State Development Loan,SOV,3.63
Parag Parikh Dynamic Asset Allocation Reg,Regular,44167,N/A,Debt,Maharashtra State SDL 7.72 01/03/2031,State Development Loan,SOV,2.81
Parag Parikh Dynamic Asset Allocation Reg,Regular,44167,N/A,Equity,Coal India,Materials,8.94,3.2
Parag Parikh Dynamic Asset Allocation Reg,Regular,44167,N/A,Equity,Reliance Ind,Energy & Utilities,21.1,3.07
Parag Parikh Dynamic Asset Allocation Reg,Regular,44167,N/A,Equity,Power Grid,Energy & Utilities,16.77,2.74
Parag Parikh Dynamic Asset Allocation Reg,Regular,44167,N/A,Equity,HDFC Bank,Financial,15.13,2.71
Parag Parikh Dynamic Asset Allocation Reg,Regular,44167,N/A,Equity,ITC,Consumer Staples,17.18,2.63
Quant Arbitrage Reg,Regular,45073,N/A,Debt,Quant Liquid Direct-G,Mutual Fund,--,14.05
Quant Arbitrage Reg,Regular,45073,N/A,Debt,Reserve Bank of India T-Bills 364-D 08/04/2027,Treasury Bills,SOV,2.33
Quant Arbitrage Reg,Regular,45073,N/A,Debt,Reserve Bank of India T-Bills 364-D 20/05/2027,Treasury Bills,SOV,2.32
Quant Arbitrage Reg,Regular,45073,N/A,Debt,Reserve Bank of India T-Bills 364-D 04/03/2027,Treasury Bills,SOV,1.17
Quant Arbitrage Reg,Regular,45073,N/A,Debt,Reserve Bank of India T-Bills 364-D 15/04/2027,Treasury Bills,SOV,1.16
Quant Arbitrage Reg,Regular,45073,N/A,Equity,Bharat Heavy Elect,Industrials,82.03,5.12
Quant Arbitrage Reg,Regular,45073,N/A,Equity,Reliance Ind,Energy & Utilities,21.1,4.22
Quant Arbitrage Reg,Regular,45073,N/A,Equity,JIO Financial,Financial,97.38,4.07
Quant Arbitrage Reg,Regular,45073,N/A,Equity,Indus Towers,Technology,15.25,3.79
Quant Arbitrage Reg,Regular,45073,N/A,Equity,HDFC Bank,Financial,15.13,3.73
Quant Dynamic Asset Allocation Reg,Regular,43469,N/A,Debt,Bagmane Prime Office REIT REITs,Real Estate Investment Trusts,--,7.29
Quant Dynamic Asset Allocation Reg,Regular,43469,N/A,Debt,Capri Global Capital Ltd CP 129-D 31/07/2026,Commercial Paper,A1+,2.67
Quant Dynamic Asset Allocation Reg,Regular,43469,N/A,Debt,Citius TransNet Investment Trust InvITs,Infrastructure Investment Trust,--,1.96
Quant Dynamic Asset Allocation Reg,Regular,43469,N/A,Debt,Reserve Bank of India T-Bills 91-D 04/06/2026,Treasury Bills,SOV,0.76
Quant Dynamic Asset Allocation Reg,Regular,43469,N/A,Debt,Reserve Bank of India T-Bills 91-D 11/06/2026,Treasury Bills,SOV,0.76
Quant Dynamic Asset Allocation Reg,Regular,43469,N/A,Equity,ICICI Prudential Asset Management,Financial,48.01,9.37
Quant Dynamic Asset Allocation Reg,Regular,43469,N/A,Equity,Adani Green Energy,Energy & Utilities,147.87,9.14
Quant Dynamic Asset Allocation Reg,Regular,43469,N/A,Equity,Reliance Ind,Energy & Utilities,21.1,8.76
Quant Dynamic Asset Allocation Reg,Regular,43469,N/A,Equity,HDFC Life,Financial,62.01,8.42
Quant Dynamic Asset Allocation Reg,Regular,43469,N/A,Equity,Aurobindo Pharma,Healthcare,23.87,7.68
SBI Arbitrage Opportunities Reg,Regular,3687,N/A,Debt,SBI Liquid Direct-G,Mutual Fund,--,8.47
SBI Arbitrage Opportunities Reg,Regular,3687,N/A,Debt,SBI Savings Direct-G,Mutual Fund,--,7.87
SBI Arbitrage Opportunities Reg,Regular,3687,N/A,Debt,SBI Low Duration Direct-G,Mutual Fund,--,1.33
SBI Arbitrage Opportunities Reg,Regular,3687,N/A,Debt,Bank Of Baroda CD 02/02/2027,Certificate of Deposit,A1+,1.1
SBI Arbitrage Opportunities Reg,Regular,3687,N/A,Debt,Punjab National Bank CD 04/02/2027,Certificate of Deposit,A1+,1.1
SBI Arbitrage Opportunities Reg,Regular,3687,N/A,Equity,HDFC Bank,Financial,15.13,5.69
SBI Arbitrage Opportunities Reg,Regular,3687,N/A,Equity,ICICI Bank,Financial,17.11,5.42
SBI Arbitrage Opportunities Reg,Regular,3687,N/A,Equity,SBI,Financial,11.12,3.13
SBI Arbitrage Opportunities Reg,Regular,3687,N/A,Equity,Reliance Ind,Energy & Utilities,21.1,2.5
SBI Arbitrage Opportunities Reg,Regular,3687,N/A,Equity,Axis Bank,Financial,15.5,1.81
SBI Balanced Advantage Reg,Regular,41653,N/A,Debt,Reserve Bank of India T-Bills 364-D 04/03/2027,Treasury Bills,SOV,2
SBI Balanced Advantage Reg,Regular,41653,N/A,Debt,Reserve Bank of India T-Bills 91-D 16/07/2026,Treasury Bills,SOV,1.34
SBI Balanced Advantage Reg,Regular,41653,N/A,Debt,Brookfield REIT,Real Estate Investment Trusts,--,1.25
SBI Balanced Advantage Reg,Regular,41653,N/A,Debt,Muthoot Finance Ltd Debenture 26/07/2029,Debenture,AA+,1.23
SBI Balanced Advantage Reg,Regular,41653,N/A,Debt,Adani Power Ltd SR I 8 Debenture 27/01/2028,Debenture,AA,1.17
SBI Balanced Advantage Reg,Regular,41653,N/A,Equity,Reliance Ind,Energy & Utilities,21.1,4.98
SBI Balanced Advantage Reg,Regular,41653,N/A,Equity,HDFC Bank,Financial,15.13,4.04
SBI Balanced Advantage Reg,Regular,41653,N/A,Equity,ICICI Bank,Financial,17.11,3.39
SBI Balanced Advantage Reg,Regular,41653,N/A,Equity,Larsen & Toubro,Industrials,33.51,2.91
SBI Balanced Advantage Reg,Regular,41653,N/A,Equity,GAIL (India),Energy & Utilities,14.57,2.44
SBI Dynamic Asset Allocation Active FoF Reg*,Regular,45475,N/A,Debt,SBI Medium Duration Direct-G,Mutual Fund,--,18.74
SBI Dynamic Asset Allocation Active FoF Reg*,Regular,45475,N/A,Debt,SBI Medium to Long Duration Direct-G,Mutual Fund,--,8.8
SBI Dynamic Asset Allocation Active FoF Reg*,Regular,45475,N/A,Debt,SBI Dynamic Bond Direct-G,Mutual Fund,--,8.68
SBI Dynamic Asset Allocation Active FoF Reg*,Regular,45475,N/A,Debt,SBI Low Duration Direct-G,Mutual Fund,--,4.27
SBI Dynamic Asset Allocation Active FoF Reg*,Regular,45475,N/A,Equity,SBI Focused Direct-G,Unspecified,--,9.6
SBI Dynamic Asset Allocation Active FoF Reg*,Regular,45475,N/A,Equity,SBI Dividend Yield Direct-G,Unspecified,--,8.29
SBI Dynamic Asset Allocation Active FoF Reg*,Regular,45475,N/A,Equity,SBI Large & Midcap Direct-G,Unspecified,--,8.06
SBI Dynamic Asset Allocation Active FoF Reg*,Regular,45475,N/A,Equity,SBI Flexicap Direct-G,Unspecified,--,5.59
SBI Dynamic Asset Allocation Active FoF Reg*,Regular,45475,N/A,Equity,SBI Healthcare Opportunities Direct-G,Unspecified,--,5.49
Samco Arbitrage Reg,Regular,44722,N/A,Debt,--,--,--,--
Samco Arbitrage Reg,Regular,44722,N/A,Equity,Interglobe Aviation,Industrials,--,8.2
Samco Arbitrage Reg,Regular,44722,N/A,Equity,Shriram Finance,Financial,21.06,7.97
Samco Arbitrage Reg,Regular,44722,N/A,Equity,Bharti Airtel,Technology,40.53,7.88
Samco Arbitrage Reg,Regular,44722,N/A,Equity,Mahindra & Mahindra,Consumer Discretionary,21.47,7.88
Samco Arbitrage Reg,Regular,44722,N/A,Equity,HDFC Bank,Financial,15.13,6.69
Samco Dynamic Asset Allocation Reg,Regular,43871,N/A,Debt,GOI Sec 7.38 20/06/2027,GOI Securities,SOV,12.75
Samco Dynamic Asset Allocation Reg,Regular,43871,N/A,Equity,Religare Enterprises,Financial,90.67,8.69
Samco Dynamic Asset Allocation Reg,Regular,43871,N/A,Equity,Adani Power,Energy & Utilities,33.14,2.18
Samco Dynamic Asset Allocation Reg,Regular,43871,N/A,Equity,Tata Steel,Materials,23.02,2.02
Samco Dynamic Asset Allocation Reg,Regular,43871,N/A,Equity,Hindalco Ind,Materials,17.43,1.87
Samco Dynamic Asset Allocation Reg,Regular,43871,N/A,Equity,Shriram Finance,Financial,21.06,1.72
Shriram Balanced Advantage Reg,Regular,40001,N/A,Debt,National Bank For Agriculture & Rural Development SR 25A Debenture 7.70 30/09/2027,Debenture,AAA,8.38
Shriram Balanced Advantage Reg,Regular,40001,N/A,Debt,REC Ltd SERIES GOI-V Debenture 8.54 15/11/2028,Debenture,AAA,4.91
Shriram Balanced Advantage Reg,Regular,40001,N/A,Debt,Export-Import Bank Of India SR Z01 Debenture 7.45 12/04/2028,Debenture,AAA,4.07
Shriram Balanced Advantage Reg,Regular,40001,N/A,Debt,GOI GOI Sec 6.54 17/01/2032,GOI Securities,SOV,4.03
Shriram Balanced Advantage Reg,Regular,40001,N/A,Debt,LIC Housing Finance Ltd Debenture 7.835 11/05/2027,Debenture,AAA,2
Shriram Balanced Advantage Reg,Regular,40001,N/A,Equity,HCL Technologies,Technology,18.46,1.78
Shriram Balanced Advantage Reg,Regular,40001,N/A,Equity,Marico,Consumer Staples,60.42,1.61
Shriram Balanced Advantage Reg,Regular,40001,N/A,Equity,Bharat Electronics,Industrials,49.25,1.53
Shriram Balanced Advantage Reg,Regular,40001,N/A,Equity,Bajaj Holdings,Financial,11.58,1.45
Shriram Balanced Advantage Reg,Regular,40001,N/A,Equity,Interglobe Aviation,Industrials,--,1.23
Sundaram Arbitrage Reg,Regular,32285,N/A,Debt,Reserve Bank of India T-Bills 364-D 25/02/2027,Treasury Bills,SOV,6.5
Sundaram Arbitrage Reg,Regular,32285,N/A,Debt,Sundaram Liquid Direct-G,Mutual Fund,--,3.73
Sundaram Arbitrage Reg,Regular,32285,N/A,Debt,Reserve Bank of India T-Bills 364-D 28/08/2026,Treasury Bills,SOV,3.34
Sundaram Arbitrage Reg,Regular,32285,N/A,Debt,Sundaram Money Market Direct-G,Mutual Fund,--,2.36
Sundaram Arbitrage Reg,Regular,32285,N/A,Debt,GOI Sec 7.38 20/06/2027,GOI Securities,SOV,2.3
Sundaram Arbitrage Reg,Regular,32285,N/A,Equity,Bajaj Finance,Financial,28.94,6.75
Sundaram Arbitrage Reg,Regular,32285,N/A,Equity,Reliance Ind,Energy & Utilities,21.1,6.04
Sundaram Arbitrage Reg,Regular,32285,N/A,Equity,SBI,Financial,11.12,5.83
Sundaram Arbitrage Reg,Regular,32285,N/A,Equity,Larsen & Toubro,Industrials,33.51,5.58
Sundaram Arbitrage Reg,Regular,32285,N/A,Equity,HDFC Bank,Financial,15.13,5.34
Sundaram Balanced Advantage Reg,Regular,11824,N/A,Debt,GOI Sec 6.48 06/10/2035,GOI Securities,SOV,3.43
Sundaram Balanced Advantage Reg,Regular,11824,N/A,Debt,GOI Sec 7.10 08/04/2034,GOI Securities,SOV,2.42
Sundaram Balanced Advantage Reg,Regular,11824,N/A,Debt,Embassy Office,Real Estate Investment Trusts,--,1.87
Sundaram Balanced Advantage Reg,Regular,11824,N/A,Debt,GOI Sec 7.32 13/11/2030,GOI Securities,SOV,1.85
Sundaram Balanced Advantage Reg,Regular,11824,N/A,Debt,GOI Sec 7.38 20/06/2027,GOI Securities,SOV,1.84
Sundaram Balanced Advantage Reg,Regular,11824,N/A,Equity,ICICI Bank,Financial,17.11,6.09
Sundaram Balanced Advantage Reg,Regular,11824,N/A,Equity,HDFC Bank,Financial,15.13,5.85
Sundaram Balanced Advantage Reg,Regular,11824,N/A,Equity,Reliance Ind,Energy & Utilities,21.1,5.01
Sundaram Balanced Advantage Reg,Regular,11824,N/A,Equity,Bharti Airtel,Technology,40.53,3.69
Sundaram Balanced Advantage Reg,Regular,11824,N/A,Equity,Kotak Bank,Financial,20.01,3.44
TRUSTMF Arbitrage Reg,Regular,45454,N/A,Debt,TRUSTMF Liquid Direct-G,Mutual Fund,--,16.66
TRUSTMF Arbitrage Reg,Regular,45454,N/A,Equity,ICICI Bank,Financial,17.11,5.84
TRUSTMF Arbitrage Reg,Regular,45454,N/A,Equity,Bandhan Bank,Financial,26.27,5.74
TRUSTMF Arbitrage Reg,Regular,45454,N/A,Equity,Reliance Ind,Energy & Utilities,21.1,5.12
TRUSTMF Arbitrage Reg,Regular,45454,N/A,Equity,Adani Enterprises,Materials,40.84,4.3
TRUSTMF Arbitrage Reg,Regular,45454,N/A,Equity,HDFC Bank,Financial,15.13,4.09
Tata Arbitrage Reg,Regular,38500,N/A,Debt,Tata Money Market Direct-G,Mutual Fund,--,12.64
Tata Arbitrage Reg,Regular,38500,N/A,Debt,Small Industries Devp. Bank of India Ltd CD 23/10/2026,Certificate of Deposit,A1+,2.13
Tata Arbitrage Reg,Regular,38500,N/A,Debt,National Bank For Agriculture & Rural Development CD 28/01/2027,Certificate of Deposit,A1+,1.57
Tata Arbitrage Reg,Regular,38500,N/A,Debt,Canara Bank CD 28/01/2027,Certificate of Deposit,A1+,1.15
Tata Arbitrage Reg,Regular,38500,N/A,Debt,National Bank For Agriculture & Rural Development CD 17/03/2027,Certificate of Deposit,A1+,1.14
Tata Arbitrage Reg,Regular,38500,N/A,Equity,HDFC Bank,Financial,15.13,8.66
Tata Arbitrage Reg,Regular,38500,N/A,Equity,ICICI Bank,Financial,17.11,3.83
Tata Arbitrage Reg,Regular,38500,N/A,Equity,SBI,Financial,11.12,1.77
Tata Arbitrage Reg,Regular,38500,N/A,Equity,Bharti Airtel,Technology,40.53,1.76
Tata Arbitrage Reg,Regular,38500,N/A,Equity,JSW Steel,Materials,13.91,1.75
Tata Balanced Advantage Reg,Regular,38705,N/A,Debt,GOI Sec 7.34 22/04/2064,GOI Securities,SOV,2.08
Tata Balanced Advantage Reg,Regular,38705,N/A,Debt,GOI GOI Sec 6.54 17/01/2032,GOI Securities,SOV,1.79
Tata Balanced Advantage Reg,Regular,38705,N/A,Debt,GOI Sec 7.09 05/08/2054,GOI Securities,SOV,1.6
Tata Balanced Advantage Reg,Regular,38705,N/A,Debt,Brookfield REIT,Real Estate Investment Trusts,--,1.51
Tata Balanced Advantage Reg,Regular,38705,N/A,Debt,Tata Communications Ltd NCD 6.77 07/08/2028,Non Convertible Debenture,AAA,1.11
Tata Balanced Advantage Reg,Regular,38705,N/A,Equity,Reliance Ind,Energy & Utilities,21.1,4.74
Tata Balanced Advantage Reg,Regular,38705,N/A,Equity,HDFC Bank,Financial,15.13,3.35
Tata Balanced Advantage Reg,Regular,38705,N/A,Equity,Bharti Airtel,Technology,40.53,2.94
Tata Balanced Advantage Reg,Regular,38705,N/A,Equity,ICICI Bank,Financial,17.11,2.63
Tata Balanced Advantage Reg,Regular,38705,N/A,Equity,Larsen & Toubro,Industrials,33.51,2.42
The Wealth Company Arbtg Reg,Regular,45513,N/A,Debt,The Wealth Company Liquid Direct-G,Mutual Fund,--,18.22
The Wealth Company Arbtg Reg,Regular,45513,N/A,Debt,National Bank For Agriculture & Rural Development SR 23H Debenture 7.58 31/07/2026,Debenture,AAA,6.49
The Wealth Company Arbtg Reg,Regular,45513,N/A,Equity,HDFC Bank,Financial,15.13,6.44
The Wealth Company Arbtg Reg,Regular,45513,N/A,Equity,ICICI Bank,Financial,17.11,5.51
The Wealth Company Arbtg Reg,Regular,45513,N/A,Equity,Kotak Bank,Financial,20.01,5.47
The Wealth Company Arbtg Reg,Regular,45513,N/A,Equity,Mahindra & Mahindra,Consumer Discretionary,21.47,5.3
The Wealth Company Arbtg Reg,Regular,45513,N/A,Equity,Axis Bank,Financial,15.5,5.29
The Wealth Company Balanced Advantage Reg,Regular,45769,N/A,Debt,Indian Railway Finance Corporation Ltd Debenture 7.49 30/05/2027,Debenture,AAA,4.45
The Wealth Company Balanced Advantage Reg,Regular,45769,N/A,Debt,National Bank For Agriculture & Rural Development SR 23I Debenture 7.62 31/01/2028,Debenture,AAA,4.44
The Wealth Company Balanced Advantage Reg,Regular,45769,N/A,Debt,Canara Bank CD 03/06/2026,Certificate of Deposit,A1+,4.42
The Wealth Company Balanced Advantage Reg,Regular,45769,N/A,Debt,REC Ltd SR 220-A NCD 7.77 31/03/2028,Non Convertible Debenture,AAA,2.23
The Wealth Company Balanced Advantage Reg,Regular,45769,N/A,Equity,HDFC Bank,Financial,15.13,4.43
The Wealth Company Balanced Advantage Reg,Regular,45769,N/A,Equity,ICICI Bank,Financial,17.11,3.09
The Wealth Company Balanced Advantage Reg,Regular,45769,N/A,Equity,Reliance Ind,Energy & Utilities,21.1,2.69
The Wealth Company Balanced Advantage Reg,Regular,45769,N/A,Equity,Bajaj Finance,Financial,28.94,2.19
The Wealth Company Balanced Advantage Reg,Regular,45769,N/A,Equity,ICICI Prudential Asset Management,Financial,48.01,2.12
UTI Arbitrage Reg,Regular,3464,N/A,Debt,UTI Money Market Direct-G,Mutual Fund,--,15.1
UTI Arbitrage Reg,Regular,3464,N/A,Debt,Union Bank of India CD 19/01/2027,Certificate of Deposit,A1+,2.17
UTI Arbitrage Reg,Regular,3464,N/A,Debt,Canara Bank CD 28/01/2027,Certificate of Deposit,A1+,2.16
UTI Arbitrage Reg,Regular,3464,N/A,Debt,UTI Floater Direct-G,Mutual Fund,--,2.15
UTI Arbitrage Reg,Regular,3464,N/A,Debt,Small Industries Devp. Bank of India Ltd CD 09/02/2027,Certificate of Deposit,A1+,1.72
UTI Arbitrage Reg,Regular,3464,N/A,Equity,ICICI Bank,Financial,17.11,5.31
UTI Arbitrage Reg,Regular,3464,N/A,Equity,HDFC Bank,Financial,15.13,4.92
UTI Arbitrage Reg,Regular,3464,N/A,Equity,Reliance Ind,Energy & Utilities,21.1,3.03
UTI Arbitrage Reg,Regular,3464,N/A,Equity,SAIL,Materials,22.25,2.65
UTI Arbitrage Reg,Regular,3464,N/A,Equity,Bharti Airtel,Technology,40.53,2.59
UTI Balanced Advantage Reg,Regular,43664,N/A,Debt,GOI Sec 7.06 10/04/2028,GOI Securities,SOV,4.42
UTI Balanced Advantage Reg,Regular,43664,N/A,Debt,UTI Floater Direct-G,Mutual Fund,--,3.53
UTI Balanced Advantage Reg,Regular,43664,N/A,Debt,REC Ltd SR 236-B Debenture 7.56 31/08/2027,Debenture,AAA,2.51
UTI Balanced Advantage Reg,Regular,43664,N/A,Debt,Export-Import Bank Of India SR AA01 Bonds 7.14 13/12/2029,Bonds,AAA,1.98
UTI Balanced Advantage Reg,Regular,43664,N/A,Debt,Export-Import Bank Of India SR Z02 NCD 7.40 14/03/2029,Non Convertible Debenture,AAA,1.67
UTI Balanced Advantage Reg,Regular,43664,N/A,Equity,HDFC Bank,Financial,15.13,7.33
UTI Balanced Advantage Reg,Regular,43664,N/A,Equity,ICICI Bank,Financial,17.11,6.24
UTI Balanced Advantage Reg,Regular,43664,N/A,Equity,Reliance Ind,Energy & Utilities,21.1,4.8
UTI Balanced Advantage Reg,Regular,43664,N/A,Equity,Bharti Airtel,Technology,40.53,3.49
UTI Balanced Advantage Reg,Regular,43664,N/A,Equity,Kotak Bank,Financial,20.01,2.95
UTI Unit Linked Insurance Reg,Regular,222,N/A,Debt,GOI Sec 7.18 24/07/2037,GOI Securities,SOV,8.19
UTI Unit Linked Insurance Reg,Regular,222,N/A,Debt,GOI Sec 7.32 13/11/2030,GOI Securities,SOV,4.16
UTI Unit Linked Insurance Reg,Regular,222,N/A,Debt,GOI Sec 7.24 18/08/2055,GOI Securities,SOV,2.61
UTI Unit Linked Insurance Reg,Regular,222,N/A,Debt,Mahindra & Mahindra Financial Services Ltd SR AC2026 RR Debenture 18/05/2029,Debenture,AAA,2.55
UTI Unit Linked Insurance Reg,Regular,222,N/A,Debt,GOI Sec 6.68 07/07/2040,GOI Securities,SOV,2.4
UTI Unit Linked Insurance Reg,Regular,222,N/A,Equity,ICICI Bank,Financial,17.11,2.6
UTI Unit Linked Insurance Reg,Regular,222,N/A,Equity,Bajaj Finance,Financial,28.94,2.57
UTI Unit Linked Insurance Reg,Regular,222,N/A,Equity,Eternal,Technology,631.76,2.39
UTI Unit Linked Insurance Reg,Regular,222,N/A,Equity,HDFC Bank,Financial,15.13,2.19
UTI Unit Linked Insurance Reg,Regular,222,N/A,Equity,Titan,Consumer Discretionary,70.69,1.62
Unifi Dynamic Asset Allocation Reg,Regular,45025,N/A,Debt,Shrem Infra Invest Private Ltd SR SIPL NCD 9.75 15/05/2028,Non Convertible Debenture,AA,4.76
Unifi Dynamic Asset Allocation Reg,Regular,45025,N/A,Debt,Vedanta Ltd SR II Debenture 9.45 05/06/2028,Debenture,AA,4.7
Unifi Dynamic Asset Allocation Reg,Regular,45025,N/A,Debt,GMR Airports Ltd Bonds 13/08/2028,Bonds,A+,3.98
Unifi Dynamic Asset Allocation Reg,Regular,45025,N/A,Debt,GOI Sec 6.79 07/10/2034,GOI Securities,SOV,2.92
Unifi Dynamic Asset Allocation Reg,Regular,45025,N/A,Debt,SRG Housing Finance Ltd NCD 11.52 01/03/2031,Non Convertible Debenture,A-,2.61
Unifi Dynamic Asset Allocation Reg,Regular,45025,N/A,Equity,TVS Motor Company Ltd Pref. Shares 6.00 01/09/2026,Consumer Discretionary,--,5.87
Unifi Dynamic Asset Allocation Reg,Regular,45025,N/A,Equity,Bharti Airtel,Technology,40.53,4.16
Unifi Dynamic Asset Allocation Reg,Regular,45025,N/A,Equity,HDFC Bank,Financial,15.13,2.64
Unifi Dynamic Asset Allocation Reg,Regular,45025,N/A,Equity,ICICI Bank,Financial,17.11,2.15
Unifi Dynamic Asset Allocation Reg,Regular,45025,N/A,Equity,Eternal,Technology,631.76,1.98
Union Arbitrage Reg,Regular,38969,N/A,Debt,Union Money Market Direct-G,Mutual Fund,--,16.33
Union Arbitrage Reg,Regular,38969,N/A,Debt,Bank Of Baroda CD 08/03/2027,Certificate of Deposit,A1+,5.84
Union Arbitrage Reg,Regular,38969,N/A,Debt,Reserve Bank of India T-Bills 364-D 09/07/2026,Treasury Bills,SOV,0.12
Union Arbitrage Reg,Regular,38969,N/A,Equity,HDFC Bank,Financial,15.13,4.53
Union Arbitrage Reg,Regular,38969,N/A,Equity,Max Financial,Financial,657.51,3.31
Union Arbitrage Reg,Regular,38969,N/A,Equity,Reliance Ind,Energy & Utilities,21.1,3.24
Union Arbitrage Reg,Regular,38969,N/A,Equity,Bharti Airtel,Technology,40.53,2.76
Union Arbitrage Reg,Regular,38969,N/A,Equity,Vodafone Idea,Technology,4.35,2.31
Union Balanced Advantage Reg,Regular,34860,N/A,Debt,National Bank For Agriculture & Rural Development SR 24H Debenture 7.62 10/05/2029,Debenture,AAA,2.04
Union Balanced Advantage Reg,Regular,34860,N/A,Debt,Indian Railway Finance Corporation Ltd SR 176 Bonds 7.48 16/02/2034,Bonds,AAA,2.02
Union Balanced Advantage Reg,Regular,34860,N/A,Debt,Small Industries Devp. Bank of India Ltd SR IX Bonds 7.39 21/03/2030,Bonds,AAA,2.02
Union Balanced Advantage Reg,Regular,34860,N/A,Debt,Power Grid Corporation of India Ltd SR LXXX Bonds 7.12 24/12/2034,Bonds,AAA,1.98
Union Balanced Advantage Reg,Regular,34860,N/A,Debt,Punjab National Bank CD 09/03/2027,Certificate of Deposit,A1+,1.94
Union Balanced Advantage Reg,Regular,34860,N/A,Equity,HDFC Bank,Financial,15.13,3.96
Union Balanced Advantage Reg,Regular,34860,N/A,Equity,Reliance Ind,Energy & Utilities,21.1,3.91
Union Balanced Advantage Reg,Regular,34860,N/A,Equity,ICICI Bank,Financial,17.11,3.53
Union Balanced Advantage Reg,Regular,34860,N/A,Equity,Bharti Airtel,Technology,40.53,3.46
Union Balanced Advantage Reg,Regular,34860,N/A,Equity,Patanjali Foods,Consumer Staples,25.18,2.59
WhiteOak Capital Arbitrage Reg,Regular,44528,N/A,Debt,WhiteOak Capital Liquid Direct-G,Mutual Fund,--,4.6
WhiteOak Capital Arbitrage Reg,Regular,44528,N/A,Debt,WhiteOak Capital Ultra Short Duration Direct-G,Mutual Fund,--,3.71
WhiteOak Capital Arbitrage Reg,Regular,44528,N/A,Debt,Canara Bank CD 14/09/2026,Certificate of Deposit,A1+,1.71
WhiteOak Capital Arbitrage Reg,Regular,44528,N/A,Debt,Bank Of Baroda CD 04/12/2026,Certificate of Deposit,A1+,1.68
WhiteOak Capital Arbitrage Reg,Regular,44528,N/A,Debt,Canara Bank CD 04/03/2027,Certificate of Deposit,A1+,1.65
WhiteOak Capital Arbitrage Reg,Regular,44528,N/A,Equity,Vodafone Idea,Technology,4.35,5.83
WhiteOak Capital Arbitrage Reg,Regular,44528,N/A,Equity,HDFC Bank,Financial,15.13,3.38
WhiteOak Capital Arbitrage Reg,Regular,44528,N/A,Equity,ICICI Bank,Financial,17.11,3.22
WhiteOak Capital Arbitrage Reg,Regular,44528,N/A,Equity,NTPC,Energy & Utilities,12.6,3
WhiteOak Capital Arbitrage Reg,Regular,44528,N/A,Equity,Bharti Airtel,Technology,40.53,2.75
WhiteOak Capital Balanced Advantage Reg,Regular,43007,N/A,Debt,Nexus Select Trust,Real Estate Investment Trusts,--,2.63
WhiteOak Capital Balanced Advantage Reg,Regular,43007,N/A,Debt,Embassy Office,Real Estate Investment Trusts,--,2.41
WhiteOak Capital Balanced Advantage Reg,Regular,43007,N/A,Debt,Bajaj Finance Ltd NCD 7.77 17/04/2029,Non Convertible Debenture,AAA,1.84
WhiteOak Capital Balanced Advantage Reg,Regular,43007,N/A,Debt,GOI Sec 7.02 18/06/2031,GOI Securities,SOV,1.44
WhiteOak Capital Balanced Advantage Reg,Regular,43007,N/A,Debt,Bajaj Finance Ltd Debenture 7.3763 26/06/2028,Debenture,AAA,1.37
WhiteOak Capital Balanced Advantage Reg,Regular,43007,N/A,Equity,ICICI Bank,Financial,17.11,7.78
WhiteOak Capital Balanced Advantage Reg,Regular,43007,N/A,Equity,HDFC Bank,Financial,15.13,5.58
WhiteOak Capital Balanced Advantage Reg,Regular,43007,N/A,Equity,Bharti Airtel,Technology,40.53,3.52
WhiteOak Capital Balanced Advantage Reg,Regular,43007,N/A,Equity,Coforge,Technology,39.89,2.94
WhiteOak Capital Balanced Advantage Reg,Regular,43007,N/A,Equity,Nestle India,Consumer Staples,79.25,2.24
ABSL Arbitrage Dir,Direct,15739,N/A,Debt,Aditya Birla SL Money Manager Direct-G,Mutual Fund,--,10.15
ABSL Arbitrage Dir,Direct,15739,N/A,Debt,Aditya Birla SL Floating Rate Direct-G,Mutual Fund,--,3.56
ABSL Arbitrage Dir,Direct,15739,N/A,Debt,HDFC Bank Ltd CD 15/02/2027,Certificate of Deposit,A1+,1.44
ABSL Arbitrage Dir,Direct,15739,N/A,Debt,Small Industries Devp. Bank of India Ltd CD 28/01/2027,Certificate of Deposit,A1+,1.36
ABSL Arbitrage Dir,Direct,15739,N/A,Debt,National Bank For Agriculture & Rural Development CD 28/01/2027,Certificate of Deposit,A1+,1.27
ABSL Arbitrage Dir,Direct,15739,N/A,Equity,HDFC Bank,Financial,15.13,5.17
ABSL Arbitrage Dir,Direct,15739,N/A,Equity,Reliance Ind,Energy & Utilities,21.1,3.78
ABSL Arbitrage Dir,Direct,15739,N/A,Equity,ICICI Bank,Financial,17.11,3.14
ABSL Arbitrage Dir,Direct,15739,N/A,Equity,Vodafone Idea,Technology,4.35,2.35
ABSL Arbitrage Dir,Direct,15739,N/A,Equity,Axis Bank,Financial,15.5,2.24
ABSL Balanced Advantage Dir,Direct,16897,N/A,Debt,IndiGrid Infrastructure Trust,Infrastructure Investment Trust,--,2.36
ABSL Balanced Advantage Dir,Direct,16897,N/A,Debt,GOI Sec 7.18 24/07/2037,GOI Securities,SOV,1.69
ABSL Balanced Advantage Dir,Direct,16897,N/A,Debt,Cholamandalam Investment & Finance Company Ltd Debenture 7.50 30/09/2026,Debenture,--,1.6
ABSL Balanced Advantage Dir,Direct,16897,N/A,Debt,Nexus Select Trust,Real Estate Investment Trusts,--,1.3
ABSL Balanced Advantage Dir,Direct,16897,N/A,Debt,Cholamandalam Investment & Finance Company Ltd SR SD73 Debenture 8.92 02/12/2034,Debenture,AA+,1.08
ABSL Balanced Advantage Dir,Direct,16897,N/A,Equity,ICICI Bank,Financial,17.11,4
ABSL Balanced Advantage Dir,Direct,16897,N/A,Equity,HDFC Bank,Financial,15.13,2.98
ABSL Balanced Advantage Dir,Direct,16897,N/A,Equity,Kotak Bank,Financial,20.01,2.74
ABSL Balanced Advantage Dir,Direct,16897,N/A,Equity,Reliance Ind,Energy & Utilities,21.1,2.44
ABSL Balanced Advantage Dir,Direct,16897,N/A,Equity,SBI,Financial,11.12,2.07
ABSL Dynamic Asset Allocation Omni FoF Dir*,Direct,16914,N/A,Debt,Aditya Birla SL Short Term Direct-G,Mutual Fund,--,12.15
ABSL Dynamic Asset Allocation Omni FoF Dir*,Direct,16914,N/A,Debt,HDFC Corporate Bond Direct-G,Mutual Fund,--,11.68
ABSL Dynamic Asset Allocation Omni FoF Dir*,Direct,16914,N/A,Equity,Nippon India Growth Mid Cap Direct-G,Unspecified,--,13.65
ABSL Dynamic Asset Allocation Omni FoF Dir*,Direct,16914,N/A,Equity,Aditya Birla SL Flexi Cap Direct-G,Unspecified,--,12.89
ABSL Dynamic Asset Allocation Omni FoF Dir*,Direct,16914,N/A,Equity,ICICI Pru Large Cap Direct-G,Unspecified,--,12.19
ABSL Dynamic Asset Allocation Omni FoF Dir*,Direct,16914,N/A,Equity,DSP Small Cap Direct-G,Unspecified,--,12.06
ABSL Dynamic Asset Allocation Omni FoF Dir*,Direct,16914,N/A,Equity,Kotak Multicap Direct-G,Unspecified,--,9.44
Axis Arbitrage Dir,Direct,27587,N/A,Debt,Axis Money Market Direct-G,Mutual Fund,--,14.62
Axis Arbitrage Dir,Direct,27587,N/A,Debt,Union Bank of India CD,Certificate of Deposit,A1+,2.42
Axis Arbitrage Dir,Direct,27587,N/A,Debt,Mahindra & Mahindra Financial Services Ltd CP 365-D 18/02/2027,Commercial Paper,A1+,1.46
Axis Arbitrage Dir,Direct,27587,N/A,Debt,Small Industries Devp. Bank of India Ltd CD 04/02/2027,Certificate of Deposit,A1+,1.22
Axis Arbitrage Dir,Direct,27587,N/A,Debt,HDFC Bank Ltd CD 11/09/2026,Certificate of Deposit,A1+,1
Axis Arbitrage Dir,Direct,27587,N/A,Equity,HDFC Bank,Financial,15.13,4.41
Axis Arbitrage Dir,Direct,27587,N/A,Equity,ICICI Bank,Financial,17.11,3.19
Axis Arbitrage Dir,Direct,27587,N/A,Equity,Reliance Ind,Energy & Utilities,21.1,2.91
Axis Arbitrage Dir,Direct,27587,N/A,Equity,Bharti Airtel,Technology,40.53,2.54
Axis Arbitrage Dir,Direct,27587,N/A,Equity,Kotak Bank,Financial,20.01,2.45
Axis Balanced Advantage Dir,Direct,34467,N/A,Debt,GOI Sec 7.61 09/05/2030,GOI Securities,SOV,1.79
Axis Balanced Advantage Dir,Direct,34467,N/A,Debt,Muthoot Finance Ltd SR 28-A OP I Bonds 8.40 28/08/2028,Bonds,AA+,1.33
Axis Balanced Advantage Dir,Direct,34467,N/A,Debt,Shriram Finance Ltd SR PPD VIII OP Bonds 8.75 28/04/2028,Bonds,AAA,1.21
Axis Balanced Advantage Dir,Direct,34467,N/A,Debt,Cholamandalam Investment & Finance Company Ltd SR SD79 NCD 8.66 23/02/2033,Non Convertible Debenture,AA+,1.19
Axis Balanced Advantage Dir,Direct,34467,N/A,Debt,Muthoot Finance Ltd Debenture 8.52 07/04/2028,Debenture,AA+,1.12
Axis Balanced Advantage Dir,Direct,34467,N/A,Equity,HDFC Bank,Financial,15.13,5.96
Axis Balanced Advantage Dir,Direct,34467,N/A,Equity,ICICI Bank,Financial,17.11,5.25
Axis Balanced Advantage Dir,Direct,34467,N/A,Equity,Reliance Ind,Energy & Utilities,21.1,5.16
Axis Balanced Advantage Dir,Direct,34467,N/A,Equity,SBI,Financial,11.12,3.84
Axis Balanced Advantage Dir,Direct,34467,N/A,Equity,Infosys,Technology,15.78,3
Axis Retirement-Dynamic Plan Dir,Direct,40433,N/A,Debt,GOI Sec 7.30 19/06/2053,GOI Securities,SOV,5.13
Axis Retirement-Dynamic Plan Dir,Direct,40433,N/A,Debt,GOI Sec 7.25 12/06/2063,GOI Securities,SOV,2.66
Axis Retirement-Dynamic Plan Dir,Direct,40433,N/A,Debt,GOI Sec 7.18 24/07/2037,GOI Securities,SOV,1.77
Axis Retirement-Dynamic Plan Dir,Direct,40433,N/A,Debt,GOI Sec 7.10 08/04/2034,GOI Securities,SOV,0.89
Axis Retirement-Dynamic Plan Dir,Direct,40433,N/A,Equity,Reliance Ind,Energy & Utilities,21.1,5.9
Axis Retirement-Dynamic Plan Dir,Direct,40433,N/A,Equity,ICICI Bank,Financial,17.11,5.66
Axis Retirement-Dynamic Plan Dir,Direct,40433,N/A,Equity,HDFC Bank,Financial,15.13,5.47
Axis Retirement-Dynamic Plan Dir,Direct,40433,N/A,Equity,Infosys,Technology,15.78,3.33
Axis Retirement-Dynamic Plan Dir,Direct,40433,N/A,Equity,SBI,Financial,11.12,3.19
Bajaj Finserv Arbitrage Dir,Direct,43770,N/A,Debt,Bajaj Finserv Money Market Direct-G,Mutual Fund,--,15.38
Bajaj Finserv Arbitrage Dir,Direct,43770,N/A,Debt,Bajaj Finserv Liquid Direct-G,Mutual Fund,--,11.54
Bajaj Finserv Arbitrage Dir,Direct,43770,N/A,Debt,L&T Finance Ltd CP 91-D 27/05/2026,Commercial Paper,A1+,2.61
Bajaj Finserv Arbitrage Dir,Direct,43770,N/A,Equity,HDFC Bank,Financial,15.13,6.7
Bajaj Finserv Arbitrage Dir,Direct,43770,N/A,Equity,Reliance Ind,Energy & Utilities,21.1,6.01
Bajaj Finserv Arbitrage Dir,Direct,43770,N/A,Equity,ICICI Bank,Financial,17.11,3.75
Bajaj Finserv Arbitrage Dir,Direct,43770,N/A,Equity,SAIL,Materials,22.25,2.27
Bajaj Finserv Arbitrage Dir,Direct,43770,N/A,Equity,RBL Bank,Financial,25.11,2.15
Bajaj Finserv Balanced Advantage Dir,Direct,43877,N/A,Debt,Bajaj Finserv Money Market Direct-G,Mutual Fund,--,5.42
Bajaj Finserv Balanced Advantage Dir,Direct,43877,N/A,Debt,Bajaj Finserv Banking and PSU Direct-G,Mutual Fund,--,3.29
Bajaj Finserv Balanced Advantage Dir,Direct,43877,N/A,Debt,GOI Sec 7.09 25/11/2074,GOI Securities,SOV,0.38
Bajaj Finserv Balanced Advantage Dir,Direct,43877,N/A,Debt,GOI Sec 6.79 30/12/2031,GOI Securities,SOV,0.18
Bajaj Finserv Balanced Advantage Dir,Direct,43877,N/A,Debt,GOI Sec 6.79 07/10/2034,GOI Securities,SOV,0.02
Bajaj Finserv Balanced Advantage Dir,Direct,43877,N/A,Equity,HDFC Bank,Financial,15.13,7.43
Bajaj Finserv Balanced Advantage Dir,Direct,43877,N/A,Equity,ICICI Bank,Financial,17.11,5.29
Bajaj Finserv Balanced Advantage Dir,Direct,43877,N/A,Equity,Bajaj Auto,Consumer Discretionary,26.38,3.54
Bajaj Finserv Balanced Advantage Dir,Direct,43877,N/A,Equity,Reliance Ind,Energy & Utilities,21.1,3.2
Bajaj Finserv Balanced Advantage Dir,Direct,43877,N/A,Equity,Hindustan Unilever,Consumer Staples,33.89,3.11
Bandhan Arbitrage Dir,Direct,17551,N/A,Debt,Bandhan Money Market Direct-G,Mutual Fund,--,13.2
Bandhan Arbitrage Dir,Direct,17551,N/A,Debt,Bandhan Ultra Short Duration Direct-G,Mutual Fund,--,7.24
Bandhan Arbitrage Dir,Direct,17551,N/A,Debt,Bandhan Low Duration Direct-G,Mutual Fund,--,6.96
Bandhan Arbitrage Dir,Direct,17551,N/A,Debt,Rajasthan State SDL 8.27 02/01/2029,State Development Loan,SOV,0.65
Bandhan Arbitrage Dir,Direct,17551,N/A,Debt,Small Industries Devp. Bank of India Ltd CD 09/02/2027,Certificate of Deposit,A1+,0.6
Bandhan Arbitrage Dir,Direct,17551,N/A,Equity,HDFC Bank,Financial,15.13,4.56
Bandhan Arbitrage Dir,Direct,17551,N/A,Equity,Vodafone Idea,Technology,4.35,3.38
Bandhan Arbitrage Dir,Direct,17551,N/A,Equity,ICICI Bank,Financial,17.11,2.7
Bandhan Arbitrage Dir,Direct,17551,N/A,Equity,Kotak Bank,Financial,20.01,2.49
Bandhan Arbitrage Dir,Direct,17551,N/A,Equity,MCX,Financial,52.61,2.02
Bandhan Balanced Advantage Dir,Direct,28342,N/A,Debt,GOI Sec 6.68 07/07/2040,GOI Securities,SOV,2.32
Bandhan Balanced Advantage Dir,Direct,28342,N/A,Debt,Punjab National Bank CD 15/09/2026,Certificate of Deposit,A1+,2.23
Bandhan Balanced Advantage Dir,Direct,28342,N/A,Debt,Canara Bank CD 15/09/2026,Certificate of Deposit,A1+,2.23
Bandhan Balanced Advantage Dir,Direct,28342,N/A,Debt,HDFC Bank Ltd CD 06/11/2026,Certificate of Deposit,A1+,2.2
Bandhan Balanced Advantage Dir,Direct,28342,N/A,Debt,Bank Of Baroda CD 04/12/2026,Certificate of Deposit,A1+,2.19
Bandhan Balanced Advantage Dir,Direct,28342,N/A,Equity,ICICI Bank,Financial,17.11,4.35
Bandhan Balanced Advantage Dir,Direct,28342,N/A,Equity,Reliance Ind,Energy & Utilities,21.1,4.26
Bandhan Balanced Advantage Dir,Direct,28342,N/A,Equity,HDFC Bank,Financial,15.13,3.48
Bandhan Balanced Advantage Dir,Direct,28342,N/A,Equity,Bharti Airtel,Technology,40.53,3.28
Bandhan Balanced Advantage Dir,Direct,28342,N/A,Equity,Bajaj Finance,Financial,28.94,3.23
Bank of India Arbitrage Dir,Direct,36392,N/A,Debt,Bank of India Liquid Direct-G,Mutual Fund,--,13.52
Bank of India Arbitrage Dir,Direct,36392,N/A,Debt,Reserve Bank of India T-Bills 364-D 08/10/2026,Treasury Bills,SOV,2.17
Bank of India Arbitrage Dir,Direct,36392,N/A,Debt,Reserve Bank of India T-Bills 364-D 14/05/2026,Treasury Bills,SOV,2
Bank of India Arbitrage Dir,Direct,36392,N/A,Debt,Reserve Bank of India T-Bills 364-D 10/09/2026,Treasury Bills,SOV,1.09
Bank of India Arbitrage Dir,Direct,36392,N/A,Debt,Reserve Bank of India T-Bills 182-D 22/10/2026,Treasury Bills,SOV,1.09
Bank of India Arbitrage Dir,Direct,36392,N/A,Equity,JSW Steel,Materials,13.91,6.46
Bank of India Arbitrage Dir,Direct,36392,N/A,Equity,ITC,Consumer Staples,17.18,5.05
Bank of India Arbitrage Dir,Direct,36392,N/A,Equity,Sammaan Capital,Financial,--,4.29
Bank of India Arbitrage Dir,Direct,36392,N/A,Equity,JIO Financial,Financial,97.38,4
Bank of India Arbitrage Dir,Direct,36392,N/A,Equity,UPL,Materials,26.84,3.49
Bank of India Balanced Advantage Dir,Direct,24756,N/A,Debt,Irb Invit Fund,Infrastructure Investment Trust,--,3.81
Bank of India Balanced Advantage Dir,Direct,24756,N/A,Debt,National Bank For Agriculture & Rural Development SR F24 Debenture 7.68 30/04/2029,Debenture,AAA,3.27
Bank of India Balanced Advantage Dir,Direct,24756,N/A,Debt,Small Industries Devp. Bank of India Ltd SR II Bonds/NCD 7.47 05/09/2029,Bonds/NCDs,AAA,3.25
Bank of India Balanced Advantage Dir,Direct,24756,N/A,Debt,Reserve Bank of India T-Bills 364-D 11/06/2026,Treasury Bills,SOV,2.89
Bank of India Balanced Advantage Dir,Direct,24756,N/A,Debt,Indian Railway Finance Corporation Ltd SR 181 NCD 7.37 31/07/2029,Non Convertible Debenture,AAA,2.61
Bank of India Balanced Advantage Dir,Direct,24756,N/A,Equity,Reliance Ind,Energy & Utilities,21.1,4.93
Bank of India Balanced Advantage Dir,Direct,24756,N/A,Equity,ICICI Bank,Financial,17.11,3.81
Bank of India Balanced Advantage Dir,Direct,24756,N/A,Equity,HDFC Bank,Financial,15.13,3.05
Bank of India Balanced Advantage Dir,Direct,24756,N/A,Equity,Bharti Airtel,Technology,40.53,2.53
Bank of India Balanced Advantage Dir,Direct,24756,N/A,Equity,SBI,Financial,11.12,2.31
Baroda BNP Paribas Arbitrage Dir,Direct,33244,N/A,Debt,Baroda BNP Paribas Liquid Direct-G,Mutual Fund,--,12.68
Baroda BNP Paribas Arbitrage Dir,Direct,33244,N/A,Debt,Baroda BNP Paribas Money Market Direct-G,Mutual Fund,--,11.85
Baroda BNP Paribas Arbitrage Dir,Direct,33244,N/A,Debt,Baroda BNP Paribas Ultra Short Duration Direct-G,Mutual Fund,--,2.12
Baroda BNP Paribas Arbitrage Dir,Direct,33244,N/A,Equity,HDFC Bank,Financial,15.13,5.86
Baroda BNP Paribas Arbitrage Dir,Direct,33244,N/A,Equity,Vodafone Idea,Technology,4.35,3.81
Baroda BNP Paribas Arbitrage Dir,Direct,33244,N/A,Equity,ICICI Bank,Financial,17.11,3.56
Baroda BNP Paribas Arbitrage Dir,Direct,33244,N/A,Equity,Adani Energy,Energy & Utilities,80.8,3.47
Baroda BNP Paribas Arbitrage Dir,Direct,33244,N/A,Equity,Bandhan Bank,Financial,26.27,3.34
Baroda BNP Paribas Balanced Advantage Dir,Direct,38113,N/A,Debt,Piramal Finance Ltd Debenture 6.75 26/09/2031,Debenture,AA+,1.22
Baroda BNP Paribas Balanced Advantage Dir,Direct,38113,N/A,Debt,NHIT,Infrastructure Investment Trust,--,1.21
Baroda BNP Paribas Balanced Advantage Dir,Direct,38113,N/A,Debt,IndiGrid Infrastructure Trust,Infrastructure Investment Trust,--,1.19
Baroda BNP Paribas Balanced Advantage Dir,Direct,38113,N/A,Debt,GOI Sec 7.18 14/08/2033,GOI Securities,SOV,1.13
Baroda BNP Paribas Balanced Advantage Dir,Direct,38113,N/A,Debt,NXT-Infra Trust InvITs,Infrastructure Investment Trust,--,1.01
Baroda BNP Paribas Balanced Advantage Dir,Direct,38113,N/A,Equity,HDFC Bank,Financial,15.13,3.36
Baroda BNP Paribas Balanced Advantage Dir,Direct,38113,N/A,Equity,Reliance Ind,Energy & Utilities,21.1,3.25
Baroda BNP Paribas Balanced Advantage Dir,Direct,38113,N/A,Equity,Bharat Heavy Elect,Industrials,82.03,2.56
Baroda BNP Paribas Balanced Advantage Dir,Direct,38113,N/A,Equity,Bharti Airtel,Technology,40.53,2.53
Baroda BNP Paribas Balanced Advantage Dir,Direct,38113,N/A,Equity,Larsen & Toubro,Industrials,33.51,2.51
Canara Robeco Balanced Advantage Dir,Direct,44370,N/A,Debt,REC Ltd SR 234-A Debenture 7.70 31/08/2026,Debenture,AAA,2.2
Canara Robeco Balanced Advantage Dir,Direct,44370,N/A,Debt,Bajaj Finance Ltd Debenture 8.10 08/01/2027,Debenture,AAA,2.2
Canara Robeco Balanced Advantage Dir,Direct,44370,N/A,Debt,LIC Housing Finance Ltd Debenture 7.74 22/10/2027,Debenture,AAA,2.19
Canara Robeco Balanced Advantage Dir,Direct,44370,N/A,Debt,Kotak Mahindra Prime Ltd Debenture 7.745 19/11/2027,Debenture,AAA,2.19
Canara Robeco Balanced Advantage Dir,Direct,44370,N/A,Debt,LIC Housing Finance Ltd Debenture 7.61 29/08/2034,Debenture,AAA,2.16
Canara Robeco Balanced Advantage Dir,Direct,44370,N/A,Equity,HDFC Bank,Financial,15.13,6.79
Canara Robeco Balanced Advantage Dir,Direct,44370,N/A,Equity,Reliance Ind,Energy & Utilities,21.1,5.23
Canara Robeco Balanced Advantage Dir,Direct,44370,N/A,Equity,ICICI Bank,Financial,17.11,4.32
Canara Robeco Balanced Advantage Dir,Direct,44370,N/A,Equity,Larsen & Toubro,Industrials,33.51,3.72
Canara Robeco Balanced Advantage Dir,Direct,44370,N/A,Equity,Bharti Airtel,Technology,40.53,3.16
Capitalmind Arbitrage Dir,Direct,45859,N/A,Debt,Capitalmind Liquid Direct-G,Mutual Fund,--,11.46
Capitalmind Arbitrage Dir,Direct,45859,N/A,Debt,Reserve Bank of India T-Bills 364-D 25/12/2026,Treasury Bills,SOV,0.83
Capitalmind Arbitrage Dir,Direct,45859,N/A,Equity,Larsen & Toubro,Industrials,33.51,4.4
Capitalmind Arbitrage Dir,Direct,45859,N/A,Equity,Bharti Airtel,Technology,40.53,4.09
Capitalmind Arbitrage Dir,Direct,45859,N/A,Equity,Manappuram Finance,Financial,26.96,4.03
Capitalmind Arbitrage Dir,Direct,45859,N/A,Equity,HDFC Bank,Financial,15.13,3.63
Capitalmind Arbitrage Dir,Direct,45859,N/A,Equity,NMDC,Materials,10.42,2.78
DSP Arbitrage Dir,Direct,35111,N/A,Debt,DSP Savings Direct-G,Mutual Fund,--,10.98
DSP Arbitrage Dir,Direct,35111,N/A,Debt,Canara Bank CD 12/01/2027,Certificate of Deposit,A1+,2.19
DSP Arbitrage Dir,Direct,35111,N/A,Debt,Reserve Bank of India T-Bills 364-D 04/03/2027,Treasury Bills,SOV,1.83
DSP Arbitrage Dir,Direct,35111,N/A,Debt,Bajaj Housing Finance Ltd NCD 7.14 26/02/2027,Non Convertible Debenture,AAA,1.16
DSP Arbitrage Dir,Direct,35111,N/A,Debt,Cholamandalam Investment & Finance Company Ltd SR 653 Debenture 7.38 28/05/2027,Debenture,AA+,0.81
DSP Arbitrage Dir,Direct,35111,N/A,Equity,--,--,--,--
DSP Dynamic Asset Allocation Dir,Direct,23438,N/A,Debt,GOI Sec 7.32 13/11/2030,GOI Securities,SOV,3.03
DSP Dynamic Asset Allocation Dir,Direct,23438,N/A,Debt,GOI Sec 7.06 10/04/2028,GOI Securities,SOV,1.67
DSP Dynamic Asset Allocation Dir,Direct,23438,N/A,Debt,National Bank For Agriculture & Rural Development SR 25G Bonds 7.48 15/09/2028,Bonds,AAA,1.42
DSP Dynamic Asset Allocation Dir,Direct,23438,N/A,Debt,GOI Sec 7.17 17/04/2030,GOI Securities,SOV,1.4
DSP Dynamic Asset Allocation Dir,Direct,23438,N/A,Debt,REC Ltd SR 220-A NCD 7.77 31/03/2028,Non Convertible Debenture,AAA,1.38
DSP Dynamic Asset Allocation Dir,Direct,23438,N/A,Equity,ICICI Bank,Financial,17.11,5.42
DSP Dynamic Asset Allocation Dir,Direct,23438,N/A,Equity,HDFC Bank,Financial,15.13,4.97
DSP Dynamic Asset Allocation Dir,Direct,23438,N/A,Equity,Axis Bank,Financial,15.5,3.03
DSP Dynamic Asset Allocation Dir,Direct,23438,N/A,Equity,Mahindra & Mahindra,Consumer Discretionary,21.47,1.88
DSP Dynamic Asset Allocation Dir,Direct,23438,N/A,Equity,Bharti Airtel,Technology,40.53,1.66
Edelweiss Arbitrage Dir,Direct,27145,N/A,Debt,Edelweiss Liquid Direct-G,Mutual Fund,--,7.97
Edelweiss Arbitrage Dir,Direct,27145,N/A,Debt,Edelweiss Money Market Direct-G,Mutual Fund,--,3.84
Edelweiss Arbitrage Dir,Direct,27145,N/A,Debt,Canara Bank CD 14/09/2026,Certificate of Deposit,A1+,1.99
Edelweiss Arbitrage Dir,Direct,27145,N/A,Debt,National Bank For Agriculture & Rural Development SR 24E Debenture 7.80 15/03/2027,Debenture,AAA,1.77
Edelweiss Arbitrage Dir,Direct,27145,N/A,Debt,Small Industries Devp. Bank of India Ltd CP 26/02/2027,Commercial Paper,A1+,1.12
Edelweiss Arbitrage Dir,Direct,27145,N/A,Equity,HDFC Bank,Financial,15.13,4.58
Edelweiss Arbitrage Dir,Direct,27145,N/A,Equity,NMDC,Materials,10.42,2.43
Edelweiss Arbitrage Dir,Direct,27145,N/A,Equity,ICICI Bank,Financial,17.11,2.3
Edelweiss Arbitrage Dir,Direct,27145,N/A,Equity,Vodafone Idea,Technology,4.35,2.23
Edelweiss Arbitrage Dir,Direct,27145,N/A,Equity,Adani Energy,Energy & Utilities,80.8,2
Edelweiss Balanced Advantage Dir,Direct,17768,N/A,Debt,HDB Financial Services Ltd SR A 1 FX Debenture 7.65 10/09/2027,Debenture,AAA,1.24
Edelweiss Balanced Advantage Dir,Direct,17768,N/A,Debt,Aditya Birla Capital Ltd SR B2 NCD 7.3789 14/02/2028,Non Convertible Debenture,AAA,1.15
Edelweiss Balanced Advantage Dir,Direct,17768,N/A,Debt,Edelweiss Liquid Direct-G,Mutual Fund,--,1.01
Edelweiss Balanced Advantage Dir,Direct,17768,N/A,Debt,Small Industries Devp. Bank of India Ltd SR V Bonds 7.51 12/06/2028,Bonds,AAA,0.97
Edelweiss Balanced Advantage Dir,Direct,17768,N/A,Debt,Punjab National Bank CD 15/09/2026,Certificate of Deposit,A1+,0.76
Edelweiss Balanced Advantage Dir,Direct,17768,N/A,Equity,ICICI Bank,Financial,17.11,4.22
Edelweiss Balanced Advantage Dir,Direct,17768,N/A,Equity,Reliance Ind,Energy & Utilities,21.1,4.21
Edelweiss Balanced Advantage Dir,Direct,17768,N/A,Equity,HDFC Bank,Financial,15.13,3.32
Edelweiss Balanced Advantage Dir,Direct,17768,N/A,Equity,Larsen & Toubro,Industrials,33.51,3.23
Edelweiss Balanced Advantage Dir,Direct,17768,N/A,Equity,Bharti Airtel,Technology,40.53,2.93
Franklin India Arbitrage Dir,Direct,44703,N/A,Debt,Franklin India Money Market Direct-G,Mutual Fund,--,11.87
Franklin India Arbitrage Dir,Direct,44703,N/A,Debt,Union Bank of India CP 16/03/2027,Commercial Paper,A1+,3.97
Franklin India Arbitrage Dir,Direct,44703,N/A,Debt,National Bank For Agriculture & Rural Development CD 17/03/2027,Certificate of Deposit,A1+,3.96
Franklin India Arbitrage Dir,Direct,44703,N/A,Debt,Credila Financial Services Ltd CP 364-D 01/03/2027,Commercial Paper,A1+,3.16
Franklin India Arbitrage Dir,Direct,44703,N/A,Debt,HDFC Bank Ltd CD 24/02/2027,Certificate of Deposit,A1+,1.99
Franklin India Arbitrage Dir,Direct,44703,N/A,Equity,HDFC Bank,Financial,15.13,4.64
Franklin India Arbitrage Dir,Direct,44703,N/A,Equity,Reliance Ind,Energy & Utilities,21.1,4.28
Franklin India Arbitrage Dir,Direct,44703,N/A,Equity,ICICI Bank,Financial,17.11,4.27
Franklin India Arbitrage Dir,Direct,44703,N/A,Equity,Vodafone Idea,Technology,4.35,2.63
Franklin India Arbitrage Dir,Direct,44703,N/A,Equity,Larsen & Toubro,Industrials,33.51,2.46
Franklin India Balanced Advantage Dir,Direct,42455,N/A,Debt,Jubilant Bevco Ltd Debenture 31/05/2028,Debenture,AA,4.65
Franklin India Balanced Advantage Dir,Direct,42455,N/A,Debt,Jubilant Beverages Ltd Debenture 31/05/2028,Debenture,AA,2.88
Franklin India Balanced Advantage Dir,Direct,42455,N/A,Debt,RJ Corp Ltd Debenture 7.25 08/12/2028,Debenture,AAA,1.94
Franklin India Balanced Advantage Dir,Direct,42455,N/A,Debt,Summit Digitel Infrastructure Pvt. Ltd NCD 7.87 15/03/2030,Non Convertible Debenture,AAA,1.81
Franklin India Balanced Advantage Dir,Direct,42455,N/A,Debt,Poonawalla Fincorp Ltd SR A1 NCD 7.65 21/04/2027,Non Convertible Debenture,AAA,1.8
Franklin India Balanced Advantage Dir,Direct,42455,N/A,Equity,HDFC Bank,Financial,15.13,5.89
Franklin India Balanced Advantage Dir,Direct,42455,N/A,Equity,ICICI Bank,Financial,17.11,4.85
Franklin India Balanced Advantage Dir,Direct,42455,N/A,Equity,Bharti Airtel,Technology,40.53,4.39
Franklin India Balanced Advantage Dir,Direct,42455,N/A,Equity,Reliance Ind,Energy & Utilities,21.1,4.05
Franklin India Balanced Advantage Dir,Direct,42455,N/A,Equity,Larsen & Toubro,Industrials,33.51,3.16
Franklin India Dynamic Asset Allocation Active FoF Dir*,Direct,16024,N/A,Debt,ICICI Pru Short Term Direct-G,Mutual Fund,--,19.52
Franklin India Dynamic Asset Allocation Active FoF Dir*,Direct,16024,N/A,Debt,Franklin India Corporate Debt Direct-G,Mutual Fund,--,16.37
Franklin India Dynamic Asset Allocation Active FoF Dir*,Direct,16024,N/A,Equity,Franklin India Flexi Cap Direct-G,Unspecified,--,61.52
Groww Arbitrage Dir,Direct,45946,N/A,Debt,Groww Liquid Direct-G,Mutual Fund,--,13.49
Groww Arbitrage Dir,Direct,45946,N/A,Equity,Axis Bank,Financial,15.5,5.06
Groww Arbitrage Dir,Direct,45946,N/A,Equity,HDFC Bank,Financial,15.13,5
Groww Arbitrage Dir,Direct,45946,N/A,Equity,Sun Pharmaceutical,Healthcare,37.35,4.66
Groww Arbitrage Dir,Direct,45946,N/A,Equity,ICICI Bank,Financial,17.11,4.56
Groww Arbitrage Dir,Direct,45946,N/A,Equity,HDFC Life,Financial,62.01,3.96
HDFC Arbitrage Dir,Direct,26024,N/A,Debt,HDFC Money Market Direct-G,Mutual Fund,--,8.23
HDFC Arbitrage Dir,Direct,26024,N/A,Debt,HDFC Liquid Direct-G,Mutual Fund,--,3.72
HDFC Arbitrage Dir,Direct,26024,N/A,Debt,HDFC Ultra Short Term Fund Direct-G,Mutual Fund,--,2.43
HDFC Arbitrage Dir,Direct,26024,N/A,Debt,HDFC Low Duration Direct-G,Mutual Fund,--,2.22
HDFC Arbitrage Dir,Direct,26024,N/A,Debt,Indian Overseas Bank CD 26/02/2027,Certificate of Deposit,A1+,1.13
HDFC Arbitrage Dir,Direct,26024,N/A,Equity,HDFC Bank,Financial,15.13,6.19
HDFC Arbitrage Dir,Direct,26024,N/A,Equity,Reliance Ind,Energy & Utilities,21.1,4.4
HDFC Arbitrage Dir,Direct,26024,N/A,Equity,ICICI Bank,Financial,17.11,3.96
HDFC Arbitrage Dir,Direct,26024,N/A,Equity,Bharti Airtel,Technology,40.53,2.43
HDFC Arbitrage Dir,Direct,26024,N/A,Equity,JSW Steel,Materials,13.91,2.41
HDFC Balanced Advantage Dir,Direct,16055,N/A,Debt,GOI Sec 7.18 14/08/2033,GOI Securities,SOV,2.02
HDFC Balanced Advantage Dir,Direct,16055,N/A,Debt,GOI Sec 4.45 30/10/2034,GOI Securities,SOV,1.32
HDFC Balanced Advantage Dir,Direct,16055,N/A,Debt,GOI Sec 7.18 24/07/2037,GOI Securities,SOV,0.95
HDFC Balanced Advantage Dir,Direct,16055,N/A,Debt,Embassy Office,Real Estate Investment Trusts,--,0.8
HDFC Balanced Advantage Dir,Direct,16055,N/A,Debt,GOI Sec 7.34 22/04/2064,GOI Securities,SOV,0.73
HDFC Balanced Advantage Dir,Direct,16055,N/A,Equity,ICICI Bank,Financial,17.11,4.74
HDFC Balanced Advantage Dir,Direct,16055,N/A,Equity,HDFC Bank,Financial,15.13,4.33
HDFC Balanced Advantage Dir,Direct,16055,N/A,Equity,Reliance Ind,Energy & Utilities,21.1,3.82
HDFC Balanced Advantage Dir,Direct,16055,N/A,Equity,SBI,Financial,11.12,3.25
HDFC Balanced Advantage Dir,Direct,16055,N/A,Equity,Bharti Airtel,Technology,40.53,3.05
HSBC Arbitrage Dir,Direct,27300,N/A,Debt,HSBC Money Market Direct-G,Mutual Fund,--,17.15
HSBC Arbitrage Dir,Direct,27300,N/A,Debt,HSBC Ultra Short Duration Direct-G,Mutual Fund,--,3.31
HSBC Arbitrage Dir,Direct,27300,N/A,Debt,Indian Bank CD 12/01/2027,Certificate of Deposit,A1+,2.68
HSBC Arbitrage Dir,Direct,27300,N/A,Debt,Small Industries Devp. Bank of India Ltd CD 06/11/2026,Certificate of Deposit,A1+,0.91
HSBC Arbitrage Dir,Direct,27300,N/A,Debt,Reserve Bank of India T-Bills 364-D 28/01/2027,Treasury Bills,SOV,0.9
HSBC Arbitrage Dir,Direct,27300,N/A,Equity,ICICI Bank,Financial,17.11,6.08
HSBC Arbitrage Dir,Direct,27300,N/A,Equity,HDFC Bank,Financial,15.13,5.52
HSBC Arbitrage Dir,Direct,27300,N/A,Equity,Bandhan Bank,Financial,26.27,4.07
HSBC Arbitrage Dir,Direct,27300,N/A,Equity,SAIL,Materials,22.25,3.86
HSBC Arbitrage Dir,Direct,27300,N/A,Equity,RBL Bank,Financial,25.11,3.32
HSBC Balanced Advantage Dir,Direct,16259,N/A,Debt,GOI Sec 7.06 10/04/2028,GOI Securities,SOV,3.29
HSBC Balanced Advantage Dir,Direct,16259,N/A,Debt,GOI Sec 7.37 23/10/2028,GOI Securities,SOV,2.76
HSBC Balanced Advantage Dir,Direct,16259,N/A,Debt,REC Ltd SR 245A Bonds 7.44 29/02/2028,Bonds,AAA,2.04
HSBC Balanced Advantage Dir,Direct,16259,N/A,Debt,REC Ltd SR 236-A Debenture 7.45 31/08/2035,Debenture,AAA,1.73
HSBC Balanced Advantage Dir,Direct,16259,N/A,Debt,GOI Sec 7.18 14/08/2033,GOI Securities,SOV,1.73
HSBC Balanced Advantage Dir,Direct,16259,N/A,Equity,HDFC Bank,Financial,15.13,5.5
HSBC Balanced Advantage Dir,Direct,16259,N/A,Equity,ICICI Bank,Financial,17.11,5.39
HSBC Balanced Advantage Dir,Direct,16259,N/A,Equity,Axis Bank,Financial,15.5,4.55
HSBC Balanced Advantage Dir,Direct,16259,N/A,Equity,Kotak Bank,Financial,20.01,3.87
HSBC Balanced Advantage Dir,Direct,16259,N/A,Equity,Aurobindo Pharma,Healthcare,23.87,3.49
Helios Arbitrage Dir,Direct,45891,N/A,Debt,Reserve Bank of India T-Bills 364-D 28/01/2027,Treasury Bills,SOV,9.95
Helios Arbitrage Dir,Direct,45891,N/A,Debt,Reserve Bank of India T-Bills 364-D 11/03/2027,Treasury Bills,SOV,9.89
Helios Arbitrage Dir,Direct,45891,N/A,Debt,Reserve Bank of India T-Bills 364-D 13/08/2026,Treasury Bills,SOV,4.08
Helios Arbitrage Dir,Direct,45891,N/A,Equity,Sun Pharmaceutical,Healthcare,37.35,6.82
Helios Arbitrage Dir,Direct,45891,N/A,Equity,ICICI Bank,Financial,17.11,6.23
Helios Arbitrage Dir,Direct,45891,N/A,Equity,Mahindra & Mahindra,Consumer Discretionary,21.47,5.65
Helios Arbitrage Dir,Direct,45891,N/A,Equity,Bharti Airtel,Technology,40.53,5.57
Helios Arbitrage Dir,Direct,45891,N/A,Equity,ITC,Consumer Staples,17.18,4.91
Helios Balanced Advantage Dir,Direct,44208,N/A,Debt,Embassy Office,Real Estate Investment Trusts,--,1.99
Helios Balanced Advantage Dir,Direct,44208,N/A,Debt,GOI Sec 7.06 10/04/2028,GOI Securities,SOV,1.67
Helios Balanced Advantage Dir,Direct,44208,N/A,Debt,GOI Sec 7.10 08/04/2034,GOI Securities,SOV,1.65
Helios Balanced Advantage Dir,Direct,44208,N/A,Debt,Reserve Bank of India T-Bills 364-D 06/08/2026,Treasury Bills,SOV,1.62
Helios Balanced Advantage Dir,Direct,44208,N/A,Debt,Reserve Bank of India T-Bills 364-D 19/11/2026,Treasury Bills,SOV,1.59
Helios Balanced Advantage Dir,Direct,44208,N/A,Equity,Kotak Bank,Financial,20.01,6.58
Helios Balanced Advantage Dir,Direct,44208,N/A,Equity,Reliance Ind,Energy & Utilities,21.1,6.03
Helios Balanced Advantage Dir,Direct,44208,N/A,Equity,HDFC Bank,Financial,15.13,4.69
Helios Balanced Advantage Dir,Direct,44208,N/A,Equity,ICICI Bank,Financial,17.11,4.47
Helios Balanced Advantage Dir,Direct,44208,N/A,Equity,Bharti Airtel,Technology,40.53,4.22
ICICI Pru Arbitrage Dir,Direct,17396,N/A,Debt,ICICI Pru Money Market Direct-G,Mutual Fund,--,16.06
ICICI Pru Arbitrage Dir,Direct,17396,N/A,Debt,Union Bank of India CD 18/02/2027,Certificate of Deposit,A1+,1.91
ICICI Pru Arbitrage Dir,Direct,17396,N/A,Debt,HDFC Bank Ltd CD 15/02/2027,Certificate of Deposit,A1+,1.47
ICICI Pru Arbitrage Dir,Direct,17396,N/A,Debt,Small Industries Devp. Bank of India Ltd CD 28/01/2027,Certificate of Deposit,A1+,1.18
ICICI Pru Arbitrage Dir,Direct,17396,N/A,Debt,National Bank For Agriculture & Rural Development CD 26/02/2027,Certificate of Deposit,A1+,0.88
ICICI Pru Arbitrage Dir,Direct,17396,N/A,Equity,Bharti Airtel,Technology,40.53,5.15
ICICI Pru Arbitrage Dir,Direct,17396,N/A,Equity,HDFC Bank,Financial,15.13,3.9
ICICI Pru Arbitrage Dir,Direct,17396,N/A,Equity,Vodafone Idea,Technology,4.35,3.7
ICICI Pru Arbitrage Dir,Direct,17396,N/A,Equity,Reliance Ind,Energy & Utilities,21.1,3.5
ICICI Pru Arbitrage Dir,Direct,17396,N/A,Equity,SBI,Financial,11.12,2.95
ICICI Pru Balanced Advantage Dir,Direct,15829,N/A,Debt,Embassy Office,Real Estate Investment Trusts,--,2.92
ICICI Pru Balanced Advantage Dir,Direct,15829,N/A,Debt,HDFC Bank Ltd CD 15/02/2027,Certificate of Deposit,A1+,1.48
ICICI Pru Balanced Advantage Dir,Direct,15829,N/A,Debt,GOI Sec 6.90 15/04/2065,GOI Securities,SOV,1.12
ICICI Pru Balanced Advantage Dir,Direct,15829,N/A,Debt,Cholamandalam Investment & Finance Company Ltd SR 665 RR Debenture 27/02/2029,Debenture,AA+,0.99
ICICI Pru Balanced Advantage Dir,Direct,15829,N/A,Debt,GOI Sec 7.24 18/08/2055,GOI Securities,SOV,0.9
ICICI Pru Balanced Advantage Dir,Direct,15829,N/A,Equity,TVS Motor,Consumer Discretionary,52.55,5.09
ICICI Pru Balanced Advantage Dir,Direct,15829,N/A,Equity,ICICI Bank,Financial,17.11,3.82
ICICI Pru Balanced Advantage Dir,Direct,15829,N/A,Equity,HDFC Bank,Financial,15.13,3.52
ICICI Pru Balanced Advantage Dir,Direct,15829,N/A,Equity,Reliance Ind,Energy & Utilities,21.1,3.02
ICICI Pru Balanced Advantage Dir,Direct,15829,N/A,Equity,Infosys,Technology,15.78,2.83
ICICI Pru Dynamic Asset Allocation Active FoF Dir*,Direct,17406,N/A,Debt,Embassy Office,Real Estate Investment Trusts,--,2.92
ICICI Pru Dynamic Asset Allocation Active FoF Dir*,Direct,17406,N/A,Debt,HDFC Bank Ltd CD 15/02/2027,Certificate of Deposit,A1+,1.48
ICICI Pru Dynamic Asset Allocation Active FoF Dir*,Direct,17406,N/A,Debt,GOI Sec 6.90 15/04/2065,GOI Securities,SOV,1.12
ICICI Pru Dynamic Asset Allocation Active FoF Dir*,Direct,17406,N/A,Debt,Cholamandalam Investment & Finance Company Ltd SR 665 RR Debenture 27/02/2029,Debenture,AA+,0.99
ICICI Pru Dynamic Asset Allocation Active FoF Dir*,Direct,17406,N/A,Debt,GOI Sec 7.24 18/08/2055,GOI Securities,SOV,0.9
ICICI Pru Dynamic Asset Allocation Active FoF Dir*,Direct,17406,N/A,Equity,TVS Motor,Consumer Discretionary,52.55,5.09
ICICI Pru Dynamic Asset Allocation Active FoF Dir*,Direct,17406,N/A,Equity,ICICI Bank,Financial,17.11,3.82
ICICI Pru Dynamic Asset Allocation Active FoF Dir*,Direct,17406,N/A,Equity,HDFC Bank,Financial,15.13,3.52
ICICI Pru Dynamic Asset Allocation Active FoF Dir*,Direct,17406,N/A,Equity,Reliance Ind,Energy & Utilities,21.1,3.02
ICICI Pru Dynamic Asset Allocation Active FoF Dir*,Direct,17406,N/A,Equity,Infosys,Technology,15.78,2.83
ITI Arbitrage Dir,Direct,40255,N/A,Debt,ITI Liquid Direct-G,Mutual Fund,--,10.69
ITI Arbitrage Dir,Direct,40255,N/A,Equity,HDFC Bank,Financial,15.13,4.56
ITI Arbitrage Dir,Direct,40255,N/A,Equity,Power Fin.,Financial,5.49,4.53
ITI Arbitrage Dir,Direct,40255,N/A,Equity,One97 Comm,Industrials,123.45,4.26
ITI Arbitrage Dir,Direct,40255,N/A,Equity,Cummins India,Industrials,65.81,3.73
ITI Arbitrage Dir,Direct,40255,N/A,Equity,HDFC Life,Financial,62.01,3.24
ITI Balanced Advantage Dir,Direct,40425,N/A,Debt,GOI Sec 7.06 10/04/2028,GOI Securities,SOV,4.34
ITI Balanced Advantage Dir,Direct,40425,N/A,Debt,National Bank For Agriculture & Rural Development SR 25G Bonds 7.48 15/09/2028,Bonds,AAA,3.97
ITI Balanced Advantage Dir,Direct,40425,N/A,Debt,Power Grid Corporation of India Ltd Debenture 8.13 25/04/2028,Debenture,AAA,2.89
ITI Balanced Advantage Dir,Direct,40425,N/A,Debt,National Bank For Agriculture & Rural Development SR 25E Bonds 7.53 24/03/2028,Bonds,AAA,2.28
ITI Balanced Advantage Dir,Direct,40425,N/A,Debt,Small Industries Devp. Bank of India Ltd SR IV Bonds 7.79 19/04/2027,Bonds,AAA,2.14
ITI Balanced Advantage Dir,Direct,40425,N/A,Equity,Reliance Ind,Energy & Utilities,21.1,4.72
ITI Balanced Advantage Dir,Direct,40425,N/A,Equity,Bharti Airtel,Technology,40.53,4.43
ITI Balanced Advantage Dir,Direct,40425,N/A,Equity,HDFC Bank,Financial,15.13,3.8
ITI Balanced Advantage Dir,Direct,40425,N/A,Equity,ICICI Bank,Financial,17.11,3.63
ITI Balanced Advantage Dir,Direct,40425,N/A,Equity,Shriram Finance,Financial,21.06,3.14
Invesco India Arbitrage Dir,Direct,16368,N/A,Debt,Invesco India Liquid Direct-G,Mutual Fund,--,8.55
Invesco India Arbitrage Dir,Direct,16368,N/A,Debt,Invesco India Money Market Direct-G,Mutual Fund,--,5.36
Invesco India Arbitrage Dir,Direct,16368,N/A,Debt,HDFC Bank Ltd CD 11/09/2026,Certificate of Deposit,A1+,1.79
Invesco India Arbitrage Dir,Direct,16368,N/A,Debt,Punjab National Bank CD 15/09/2026,Certificate of Deposit,A1+,1.78
Invesco India Arbitrage Dir,Direct,16368,N/A,Debt,Small Industries Devp. Bank of India Ltd CP 26/02/2027,Commercial Paper,A1+,1.73
Invesco India Arbitrage Dir,Direct,16368,N/A,Equity,SBI,Financial,11.12,3.68
Invesco India Arbitrage Dir,Direct,16368,N/A,Equity,ICICI Bank,Financial,17.11,3.4
Invesco India Arbitrage Dir,Direct,16368,N/A,Equity,HDFC Bank,Financial,15.13,2.73
Invesco India Arbitrage Dir,Direct,16368,N/A,Equity,Varun Beverages,Consumer Staples,55.88,2.63
Invesco India Arbitrage Dir,Direct,16368,N/A,Equity,Cholamandalam Inv,Financial,23.99,2.55
Invesco India Balanced Advantage Dir,Direct,16740,N/A,Debt,Invesco India Short Duration Direct-G,Mutual Fund,--,8.3
Invesco India Balanced Advantage Dir,Direct,16740,N/A,Debt,Invesco India Low Duration Direct-G,Mutual Fund,--,7.64
Invesco India Balanced Advantage Dir,Direct,16740,N/A,Debt,National Bank For Agriculture & Rural Development SR 24E Debenture 7.80 15/03/2027,Debenture,AAA,2.45
Invesco India Balanced Advantage Dir,Direct,16740,N/A,Debt,GOI Sec 7.26 14/01/2029,GOI Securities,SOV,1.99
Invesco India Balanced Advantage Dir,Direct,16740,N/A,Debt,Invesco India Medium Duration Direct-G,Mutual Fund,--,1.64
Invesco India Balanced Advantage Dir,Direct,16740,N/A,Equity,HDFC Bank,Financial,15.13,8.07
Invesco India Balanced Advantage Dir,Direct,16740,N/A,Equity,Reliance Ind,Energy & Utilities,21.1,7.44
Invesco India Balanced Advantage Dir,Direct,16740,N/A,Equity,ICICI Bank,Financial,17.11,4.75
Invesco India Balanced Advantage Dir,Direct,16740,N/A,Equity,Eternal,Technology,631.76,4.24
Invesco India Balanced Advantage Dir,Direct,16740,N/A,Equity,Infosys,Technology,15.78,3.12
JM Arbitrage Dir,Direct,17142,N/A,Debt,JM Liquid Direct-G,Mutual Fund,--,3.95
JM Arbitrage Dir,Direct,17142,N/A,Debt,Shriram Finance Ltd SR XIX TR8 Bonds 9.10 18/03/2027,Bonds,AAA,1.38
JM Arbitrage Dir,Direct,17142,N/A,Debt,Reserve Bank of India T-Bills 182-D 11/06/2026,Treasury Bills,SOV,1.36
JM Arbitrage Dir,Direct,17142,N/A,Debt,Reserve Bank of India T-Bills 182-D 09/07/2026,Treasury Bills,SOV,1.35
JM Arbitrage Dir,Direct,17142,N/A,Debt,Reserve Bank of India T-Bills 182-D 30/07/2026,Treasury Bills,SOV,1.35
JM Arbitrage Dir,Direct,17142,N/A,Equity,HDFC Bank,Financial,15.13,5.01
JM Arbitrage Dir,Direct,17142,N/A,Equity,MCX,Financial,52.61,4.2
JM Arbitrage Dir,Direct,17142,N/A,Equity,Kotak Bank,Financial,20.01,3.97
JM Arbitrage Dir,Direct,17142,N/A,Equity,ICICI Bank,Financial,17.11,3.76
JM Arbitrage Dir,Direct,17142,N/A,Equity,Bharti Airtel,Technology,40.53,3.64
JioBlackRock Arbitrage Dir,Direct,45707,N/A,Debt,JioBlackRock Money Market Direct-G,Mutual Fund,--,9.56
JioBlackRock Arbitrage Dir,Direct,45707,N/A,Debt,Canara Bank CD 15/06/2026,Certificate of Deposit,A1+,5.2
JioBlackRock Arbitrage Dir,Direct,45707,N/A,Debt,ICICI Bank Ltd CD 29/06/2026,Certificate of Deposit,A1+,5.19
JioBlackRock Arbitrage Dir,Direct,45707,N/A,Debt,Punjab National Bank CD 15/09/2026,Certificate of Deposit,A1+,5.11
JioBlackRock Arbitrage Dir,Direct,45707,N/A,Debt,Canara Bank CD 28/01/2027,Certificate of Deposit,A1+,4.98
JioBlackRock Arbitrage Dir,Direct,45707,N/A,Equity,Reliance Ind,Energy & Utilities,21.1,5.72
JioBlackRock Arbitrage Dir,Direct,45707,N/A,Equity,ICICI Bank,Financial,17.11,5.4
JioBlackRock Arbitrage Dir,Direct,45707,N/A,Equity,Adani Enterprises,Materials,40.84,5.37
JioBlackRock Arbitrage Dir,Direct,45707,N/A,Equity,HDFC Bank,Financial,15.13,5.09
JioBlackRock Arbitrage Dir,Direct,45707,N/A,Equity,Bharti Airtel,Technology,40.53,4
Kotak Arbitrage Dir,Direct,17136,N/A,Debt,Kotak Money Market Direct-G,Mutual Fund,--,11.64
Kotak Arbitrage Dir,Direct,17136,N/A,Debt,Kotak Savings Direct-G,Mutual Fund,--,5.8
Kotak Arbitrage Dir,Direct,17136,N/A,Debt,Kotak Liquid Direct-G,Mutual Fund,--,3.45
Kotak Arbitrage Dir,Direct,17136,N/A,Debt,Kotak Low Duration Direct-G,Mutual Fund,--,2.72
Kotak Arbitrage Dir,Direct,17136,N/A,Debt,HDFC Bank Ltd CD 15/02/2027,Certificate of Deposit,A1+,2.03
Kotak Arbitrage Dir,Direct,17136,N/A,Equity,HDFC Bank,Financial,15.13,3.99
Kotak Arbitrage Dir,Direct,17136,N/A,Equity,ICICI Bank,Financial,17.11,2.94
Kotak Arbitrage Dir,Direct,17136,N/A,Equity,Axis Bank,Financial,15.5,2.15
Kotak Arbitrage Dir,Direct,17136,N/A,Equity,Kotak Bank,Financial,20.01,2.14
Kotak Arbitrage Dir,Direct,17136,N/A,Equity,Bharti Airtel,Technology,40.53,1.67
Kotak Balanced Advantage Dir,Direct,37076,N/A,Debt,GOI Sec 7.34 22/04/2064,GOI Securities,SOV,5.83
Kotak Balanced Advantage Dir,Direct,37076,N/A,Debt,Bank Of Baroda CD 11/03/2027,Certificate of Deposit,A1+,1.37
Kotak Balanced Advantage Dir,Direct,37076,N/A,Debt,JTPM Metal Traders Ltd Debenture 30/04/2030,Debenture,AA,1.22
Kotak Balanced Advantage Dir,Direct,37076,N/A,Debt,National Housing Bank Bonds 6.80 02/04/2032,Bonds,AAA,1.12
Kotak Balanced Advantage Dir,Direct,37076,N/A,Debt,Brookfield REIT,Real Estate Investment Trusts,--,1.09
Kotak Balanced Advantage Dir,Direct,37076,N/A,Equity,Reliance Ind,Energy & Utilities,21.1,3.84
Kotak Balanced Advantage Dir,Direct,37076,N/A,Equity,ICICI Bank,Financial,17.11,3.79
Kotak Balanced Advantage Dir,Direct,37076,N/A,Equity,SBI,Financial,11.12,3.21
Kotak Balanced Advantage Dir,Direct,37076,N/A,Equity,HDFC Bank,Financial,15.13,2.93
Kotak Balanced Advantage Dir,Direct,37076,N/A,Equity,Bharti Airtel,Technology,40.53,2.34
LIC MF Arbitrage Dir,Direct,38702,N/A,Debt,LIC MF Money Market Direct-G,Mutual Fund,--,17.65
LIC MF Arbitrage Dir,Direct,38702,N/A,Debt,National Bank For Agriculture & Rural Development SR 24C Bonds/NCD 7.83 30/12/2026,Bonds/NCDs,AAA,8.42
LIC MF Arbitrage Dir,Direct,38702,N/A,Debt,LIC MF Liquid Direct-G,Mutual Fund,--,2.4
LIC MF Arbitrage Dir,Direct,38702,N/A,Equity,HDFC Bank,Financial,15.13,6.56
LIC MF Arbitrage Dir,Direct,38702,N/A,Equity,SBI,Financial,11.12,4.92
LIC MF Arbitrage Dir,Direct,38702,N/A,Equity,Bharti Airtel,Technology,40.53,4.88
LIC MF Arbitrage Dir,Direct,38702,N/A,Equity,GMR Airports,Industrials,607.4,4.79
LIC MF Arbitrage Dir,Direct,38702,N/A,Equity,Reliance Ind,Energy & Utilities,21.1,4.68
LIC MF Balanced Advantage Dir,Direct,41810,N/A,Debt,Jamnagar Utilities and Power Pvt. Ltd SR PPD8 Debenture 7.43 24/10/2034,Debenture,AAA,7.43
LIC MF Balanced Advantage Dir,Direct,41810,N/A,Debt,GOI Sec 7.18 24/07/2037,GOI Securities,SOV,3.75
LIC MF Balanced Advantage Dir,Direct,41810,N/A,Debt,GOI Sec 7.26 22/08/2032,GOI Securities,SOV,2.26
LIC MF Balanced Advantage Dir,Direct,41810,N/A,Debt,GOI Sec 7.54 23/05/2036,GOI Securities,SOV,1.56
LIC MF Balanced Advantage Dir,Direct,41810,N/A,Debt,Bharti Telecom Ltd SR XXVI Debenture 7.45 15/12/2028,Debenture,AAA,1.49
LIC MF Balanced Advantage Dir,Direct,41810,N/A,Equity,HDFC Bank,Financial,15.13,7.68
LIC MF Balanced Advantage Dir,Direct,41810,N/A,Equity,Reliance Ind,Energy & Utilities,21.1,4.72
LIC MF Balanced Advantage Dir,Direct,41810,N/A,Equity,ICICI Bank,Financial,17.11,4.53
LIC MF Balanced Advantage Dir,Direct,41810,N/A,Equity,SBI,Financial,11.12,4.31
LIC MF Balanced Advantage Dir,Direct,41810,N/A,Equity,Tata Consultancy,Technology,15.84,3.49
Mahindra Manulife Arbitrage Dir,Direct,41084,N/A,Debt,Mahindra Manulife Low Duration Direct-G,Mutual Fund,--,13.93
Mahindra Manulife Arbitrage Dir,Direct,41084,N/A,Debt,Mahindra Manulife Liquid Direct-G,Mutual Fund,--,7.57
Mahindra Manulife Arbitrage Dir,Direct,41084,N/A,Equity,HDFC Bank,Financial,15.13,6.93
Mahindra Manulife Arbitrage Dir,Direct,41084,N/A,Equity,ICICI Bank,Financial,17.11,6.46
Mahindra Manulife Arbitrage Dir,Direct,41084,N/A,Equity,Hindalco Ind,Materials,17.43,5.73
Mahindra Manulife Arbitrage Dir,Direct,41084,N/A,Equity,Tata Power,Energy & Utilities,33.67,5.44
Mahindra Manulife Arbitrage Dir,Direct,41084,N/A,Equity,Indus Towers,Technology,15.25,4.97
Mahindra Manulife Balanced Advantage Dir,Direct,41921,N/A,Debt,Muthoot Finance Ltd Debenture 8.52 07/04/2028,Debenture,AA+,2.82
Mahindra Manulife Balanced Advantage Dir,Direct,41921,N/A,Debt,National Bank For Agriculture & Rural Development SR 25E Bonds 7.53 24/03/2028,Bonds,AAA,2.81
Mahindra Manulife Balanced Advantage Dir,Direct,41921,N/A,Debt,GOI Sec 6.68 07/07/2040,GOI Securities,SOV,2.19
Mahindra Manulife Balanced Advantage Dir,Direct,41921,N/A,Debt,HDFC Bank Ltd CD 19/11/2026,Certificate of Deposit,A1+,1.36
Mahindra Manulife Balanced Advantage Dir,Direct,41921,N/A,Debt,Bharti Telecom Ltd SR XX Debenture 8.75 05/11/2028,Debenture,AAA,1.14
Mahindra Manulife Balanced Advantage Dir,Direct,41921,N/A,Equity,ICICI Bank,Financial,17.11,3.2
Mahindra Manulife Balanced Advantage Dir,Direct,41921,N/A,Equity,Reliance Ind,Energy & Utilities,21.1,2.47
Mahindra Manulife Balanced Advantage Dir,Direct,41921,N/A,Equity,HDFC Bank,Financial,15.13,2.45
Mahindra Manulife Balanced Advantage Dir,Direct,41921,N/A,Equity,Bharti Airtel,Technology,40.53,2.44
Mahindra Manulife Balanced Advantage Dir,Direct,41921,N/A,Equity,Axis Bank,Financial,15.5,2.18
Mirae Asset Arbitrage Dir,Direct,41014,N/A,Debt,Mirae Asset Liquid Direct-G,Mutual Fund,--,8.94
Mirae Asset Arbitrage Dir,Direct,41014,N/A,Debt,Mirae Asset Money Market Direct-G,Mutual Fund,--,4.95
Mirae Asset Arbitrage Dir,Direct,41014,N/A,Equity,Maruti Suzuki,Consumer Discretionary,28.01,1.92
Mirae Asset Arbitrage Dir,Direct,41014,N/A,Equity,BSE,Financial,64.19,1.34
Mirae Asset Arbitrage Dir,Direct,41014,N/A,Equity,Sun Pharmaceutical,Healthcare,37.35,1.29
Mirae Asset Arbitrage Dir,Direct,41014,N/A,Equity,SBI Life Insurance,Financial,121.76,1.11
Mirae Asset Arbitrage Dir,Direct,41014,N/A,Equity,Shriram Finance,Financial,21.06,1.08
Mirae Asset Balanced Advantage Dir,Direct,42308,N/A,Debt,GOI Sec 7.18 14/08/2033,GOI Securities,SOV,3.43
Mirae Asset Balanced Advantage Dir,Direct,42308,N/A,Debt,Cholamandalam Financial Holdings Ltd SR 662 Bonds 7.94 20/03/2029,Bonds,AA+,2.36
Mirae Asset Balanced Advantage Dir,Direct,42308,N/A,Debt,GOI Sec 7.10 08/04/2034,GOI Securities,SOV,1.67
Mirae Asset Balanced Advantage Dir,Direct,42308,N/A,Debt,GOI Sec 6.79 07/10/2034,GOI Securities,SOV,1.56
Mirae Asset Balanced Advantage Dir,Direct,42308,N/A,Debt,Piramal Finance Pvt. Ltd Bonds/NCD 8.75 29/10/2027,Bonds/NCDs,AA+,1.21
Mirae Asset Balanced Advantage Dir,Direct,42308,N/A,Equity,HDFC Bank,Financial,15.13,5.22
Mirae Asset Balanced Advantage Dir,Direct,42308,N/A,Equity,ICICI Bank,Financial,17.11,3.33
Mirae Asset Balanced Advantage Dir,Direct,42308,N/A,Equity,Bharti Airtel,Technology,40.53,3.09
Mirae Asset Balanced Advantage Dir,Direct,42308,N/A,Equity,SBI,Financial,11.12,3
Mirae Asset Balanced Advantage Dir,Direct,42308,N/A,Equity,Reliance Ind,Energy & Utilities,21.1,2.84
Motilal Oswal Arbitrage Dir,Direct,44839,N/A,Debt,Motilal Oswal Liquid Direct-G,Mutual Fund,--,11.48
Motilal Oswal Arbitrage Dir,Direct,44839,N/A,Debt,Axis Bank Ltd CD 06/05/2026,Certificate of Deposit,A1+,1.03
Motilal Oswal Arbitrage Dir,Direct,44839,N/A,Debt,GOI Sec 5.74 15/11/2026,GOI Securities,SOV,1.03
Motilal Oswal Arbitrage Dir,Direct,44839,N/A,Debt,HDFC Bank Ltd CD 24/06/2026,Certificate of Deposit,A1+,1.02
Motilal Oswal Arbitrage Dir,Direct,44839,N/A,Debt,Canara Bank CD 03/06/2026,Certificate of Deposit,A1+,1.02
Motilal Oswal Arbitrage Dir,Direct,44839,N/A,Equity,Reliance Ind,Energy & Utilities,21.1,6.6
Motilal Oswal Arbitrage Dir,Direct,44839,N/A,Equity,HDFC Bank,Financial,15.13,5.22
Motilal Oswal Arbitrage Dir,Direct,44839,N/A,Equity,Cholamandalam Inv,Financial,23.99,4.54
Motilal Oswal Arbitrage Dir,Direct,44839,N/A,Equity,Bharti Airtel,Technology,40.53,4.47
Motilal Oswal Arbitrage Dir,Direct,44839,N/A,Equity,Aditya Birla,Financial,23.85,2.85
Motilal Oswal Balanced Advantage Dir,Direct,32933,N/A,Debt,Bajaj Finance Ltd Debenture 7.3763 26/06/2028,Debenture,AAA,3.37
Motilal Oswal Balanced Advantage Dir,Direct,32933,N/A,Debt,HDB Financial Services Ltd SR 228 TR Debenture 7.4091 05/06/2028,Debenture,AAA,3.37
Motilal Oswal Balanced Advantage Dir,Direct,32933,N/A,Debt,Kotak Mahindra Prime Ltd Debenture 7.1554 19/06/2028,Debenture,AAA,3.36
Motilal Oswal Balanced Advantage Dir,Direct,32933,N/A,Debt,Muthoot Finance Ltd NCD 7.88 22/11/2028,Non Convertible Debenture,AA+,3.36
Motilal Oswal Balanced Advantage Dir,Direct,32933,N/A,Debt,Tata Capital Ltd SR C Debenture 7.12 14/11/2028,Debenture,AAA,3.35
Motilal Oswal Balanced Advantage Dir,Direct,32933,N/A,Equity,ICICI Bank,Financial,17.11,6.88
Motilal Oswal Balanced Advantage Dir,Direct,32933,N/A,Equity,Eternal,Technology,631.76,5.57
Motilal Oswal Balanced Advantage Dir,Direct,32933,N/A,Equity,Coforge,Technology,39.89,5.56
Motilal Oswal Balanced Advantage Dir,Direct,32933,N/A,Equity,Shaily Eng Plastics,Materials,81.48,5.12
Motilal Oswal Balanced Advantage Dir,Direct,32933,N/A,Equity,NTPC,Energy & Utilities,12.6,4.85
NJ Arbitrage Dir,Direct,42435,N/A,Debt,Reserve Bank of India T-Bills 364-D 03/12/2026,Treasury Bills,SOV,2.27
NJ Arbitrage Dir,Direct,42435,N/A,Debt,Reserve Bank of India T-Bills 182-D 08/05/2026,Treasury Bills,SOV,1.89
NJ Arbitrage Dir,Direct,42435,N/A,Debt,Reserve Bank of India T-Bills 182-D 08/10/2026,Treasury Bills,SOV,1.85
NJ Arbitrage Dir,Direct,42435,N/A,Debt,Reserve Bank of India T-Bills 91-D 30/07/2026,Treasury Bills,SOV,1.12
NJ Arbitrage Dir,Direct,42435,N/A,Debt,Reserve Bank of India T-Bills 182-D 27/08/2026,Treasury Bills,SOV,1.12
NJ Arbitrage Dir,Direct,42435,N/A,Equity,Reliance Ind,Energy & Utilities,21.1,8.03
NJ Arbitrage Dir,Direct,42435,N/A,Equity,Bharti Airtel,Technology,40.53,7.51
NJ Arbitrage Dir,Direct,42435,N/A,Equity,Kotak Bank,Financial,20.01,6.95
NJ Arbitrage Dir,Direct,42435,N/A,Equity,Sammaan Capital,Financial,--,5.61
NJ Arbitrage Dir,Direct,42435,N/A,Equity,Mahindra & Mahindra,Consumer Discretionary,21.47,4.42
NJ Balanced Advantage Dir,Direct,41748,N/A,Debt,Reserve Bank of India T-Bills 364-D 02/07/2026,Treasury Bills,SOV,1.01
NJ Balanced Advantage Dir,Direct,41748,N/A,Debt,GOI CGL 8.33 09/07/2026,Central Government Loan,SOV,0.73
NJ Balanced Advantage Dir,Direct,41748,N/A,Debt,Reserve Bank of India T-Bills 91-D 22/05/2026,Treasury Bills,SOV,0.58
NJ Balanced Advantage Dir,Direct,41748,N/A,Debt,Reserve Bank of India T-Bills 182-D 08/05/2026,Treasury Bills,SOV,0.29
NJ Balanced Advantage Dir,Direct,41748,N/A,Debt,Reserve Bank of India T-Bills 182-D 04/06/2026,Treasury Bills,SOV,0.29
NJ Balanced Advantage Dir,Direct,41748,N/A,Equity,HDFC Bank,Financial,15.13,6.22
NJ Balanced Advantage Dir,Direct,41748,N/A,Equity,Reliance Ind,Energy & Utilities,21.1,4.33
NJ Balanced Advantage Dir,Direct,41748,N/A,Equity,Eicher Motors,Consumer Discretionary,35.83,3.48
NJ Balanced Advantage Dir,Direct,41748,N/A,Equity,Marico,Consumer Staples,60.42,3.24
NJ Balanced Advantage Dir,Direct,41748,N/A,Equity,Britannia Ind,Consumer Staples,49.16,3.22
Nippon India Arbitrage Dir,Direct,17008,N/A,Debt,Nippon India Money Market Direct-G,Mutual Fund,--,13.7
Nippon India Arbitrage Dir,Direct,17008,N/A,Debt,Nippon India Ultra Short Duration Direct-G,Mutual Fund,--,6.06
Nippon India Arbitrage Dir,Direct,17008,N/A,Debt,Bank Of Baroda CD 20/05/2026,Certificate of Deposit,A1+,1.22
Nippon India Arbitrage Dir,Direct,17008,N/A,Debt,Aavas Financiers Ltd CP 365-D 17/06/2026,Commercial Paper,A1+,1.21
Nippon India Arbitrage Dir,Direct,17008,N/A,Debt,Small Industries Devp. Bank of India Ltd CD 14/01/2027,Certificate of Deposit,A1+,1.16
Nippon India Arbitrage Dir,Direct,17008,N/A,Equity,HDFC Bank,Financial,15.13,5.37
Nippon India Arbitrage Dir,Direct,17008,N/A,Equity,Bharti Airtel,Technology,40.53,3.03
Nippon India Arbitrage Dir,Direct,17008,N/A,Equity,ICICI Bank,Financial,17.11,2.73
Nippon India Arbitrage Dir,Direct,17008,N/A,Equity,Reliance Ind,Energy & Utilities,21.1,2.55
Nippon India Arbitrage Dir,Direct,17008,N/A,Equity,Axis Bank,Financial,15.5,2.15
Nippon India Balanced Advantage Dir,Direct,17097,N/A,Debt,National Bank For Agriculture & Rural Development SR 25G Bonds 7.48 15/09/2028,Bonds,AAA,1.56
Nippon India Balanced Advantage Dir,Direct,17097,N/A,Debt,Cube Highways Trust,Infrastructure Investment Trust,--,1.48
Nippon India Balanced Advantage Dir,Direct,17097,N/A,Debt,Muthoot Finance Ltd Debenture 26/07/2029,Debenture,AA+,1.31
Nippon India Balanced Advantage Dir,Direct,17097,N/A,Debt,MINDSPACE,Real Estate Investment Trusts,--,1.24
Nippon India Balanced Advantage Dir,Direct,17097,N/A,Debt,NHIT,Infrastructure Investment Trust,--,1.09
Nippon India Balanced Advantage Dir,Direct,17097,N/A,Equity,ICICI Bank,Financial,17.11,5.39
Nippon India Balanced Advantage Dir,Direct,17097,N/A,Equity,HDFC Bank,Financial,15.13,5.39
Nippon India Balanced Advantage Dir,Direct,17097,N/A,Equity,Reliance Ind,Energy & Utilities,21.1,2.76
Nippon India Balanced Advantage Dir,Direct,17097,N/A,Equity,Axis Bank,Financial,15.5,2.59
Nippon India Balanced Advantage Dir,Direct,17097,N/A,Equity,Bharti Airtel,Technology,40.53,2.58
Old Bridge Arbitrage Dir,Direct,45603,N/A,Debt,Shriram Finance Ltd SR PPD IX TR Debenture 8.75 04/05/2026,Debenture,AAA,3.26
Old Bridge Arbitrage Dir,Direct,45603,N/A,Debt,Reserve Bank of India T-Bills 182-D 08/05/2026,Treasury Bills,SOV,3.25
Old Bridge Arbitrage Dir,Direct,45603,N/A,Debt,Reserve Bank of India T-Bills 364-D 17/12/2026,Treasury Bills,SOV,3.15
Old Bridge Arbitrage Dir,Direct,45603,N/A,Equity,ICICI Bank,Financial,17.11,6.05
Old Bridge Arbitrage Dir,Direct,45603,N/A,Equity,HDFC Bank,Financial,15.13,4.59
Old Bridge Arbitrage Dir,Direct,45603,N/A,Equity,Bharat Heavy Elect,Industrials,82.03,4.4
Old Bridge Arbitrage Dir,Direct,45603,N/A,Equity,JSW Steel,Materials,13.91,4.34
Old Bridge Arbitrage Dir,Direct,45603,N/A,Equity,Bharti Airtel,Technology,40.53,3.62
PGIM India Arbitrage Dir,Direct,27877,N/A,Debt,PGIM India Liquid Direct-G,Mutual Fund,--,20.34
PGIM India Arbitrage Dir,Direct,27877,N/A,Debt,Reserve Bank of India T-Bills 182-D 11/06/2026,Treasury Bills,SOV,5.42
PGIM India Arbitrage Dir,Direct,27877,N/A,Debt,Reserve Bank of India T-Bills 91-D 04/06/2026,Treasury Bills,SOV,5.42
PGIM India Arbitrage Dir,Direct,27877,N/A,Debt,Reserve Bank of India T-Bills 364-D 29/10/2026,Treasury Bills,SOV,0.21
PGIM India Arbitrage Dir,Direct,27877,N/A,Equity,HDFC Bank,Financial,15.13,9.42
PGIM India Arbitrage Dir,Direct,27877,N/A,Equity,Reliance Ind,Energy & Utilities,21.1,6.81
PGIM India Arbitrage Dir,Direct,27877,N/A,Equity,Vodafone Idea,Technology,4.35,5.75
PGIM India Arbitrage Dir,Direct,27877,N/A,Equity,Titan,Consumer Discretionary,70.69,5.42
PGIM India Arbitrage Dir,Direct,27877,N/A,Equity,ICICI Bank,Financial,17.11,3.91
PGIM India Balanced Advantage Dir,Direct,41263,N/A,Debt,GOI Sec 6.79 07/10/2034,GOI Securities,SOV,3.82
PGIM India Balanced Advantage Dir,Direct,41263,N/A,Debt,GOI Sec 7.18 14/08/2033,GOI Securities,SOV,2.77
PGIM India Balanced Advantage Dir,Direct,41263,N/A,Debt,GOI Sec 7.09 05/08/2054,GOI Securities,SOV,1.76
PGIM India Balanced Advantage Dir,Direct,41263,N/A,Debt,Muthoot Finance Ltd CP 365-D 16/03/2027,Commercial Paper,A1+,1.76
PGIM India Balanced Advantage Dir,Direct,41263,N/A,Debt,GOI Sec 7.25 12/06/2063,GOI Securities,SOV,1.71
PGIM India Balanced Advantage Dir,Direct,41263,N/A,Equity,HDFC Bank,Financial,15.13,5.59
PGIM India Balanced Advantage Dir,Direct,41263,N/A,Equity,ICICI Bank,Financial,17.11,4.92
PGIM India Balanced Advantage Dir,Direct,41263,N/A,Equity,Reliance Ind,Energy & Utilities,21.1,4.43
PGIM India Balanced Advantage Dir,Direct,41263,N/A,Equity,Bharti Airtel,Technology,40.53,2.99
PGIM India Balanced Advantage Dir,Direct,41263,N/A,Equity,Varun Beverages,Consumer Staples,55.88,2.35
Parag Parikh Arbitrage Dir,Direct,43816,N/A,Debt,Parag Parikh Liquid Direct-G,Mutual Fund,--,16.08
Parag Parikh Arbitrage Dir,Direct,43816,N/A,Debt,Kotak Securities Ltd CP 90-D 27/05/2026,Commercial Paper,A1+,2.1
Parag Parikh Arbitrage Dir,Direct,43816,N/A,Debt,Small Industries Devp. Bank of India Ltd CD 09/07/2026,Certificate of Deposit,A1+,2.08
Parag Parikh Arbitrage Dir,Direct,43816,N/A,Debt,Axis Bank Ltd CD 11/08/2026,Certificate of Deposit,A1+,2.07
Parag Parikh Arbitrage Dir,Direct,43816,N/A,Debt,Canara Bank CD 08/01/2027,Certificate of Deposit,A1+,2.01
Parag Parikh Arbitrage Dir,Direct,43816,N/A,Equity,HDFC Bank,Financial,15.13,6.11
Parag Parikh Arbitrage Dir,Direct,43816,N/A,Equity,Axis Bank,Financial,15.5,5.14
Parag Parikh Arbitrage Dir,Direct,43816,N/A,Equity,ICICI Bank,Financial,17.11,4.99
Parag Parikh Arbitrage Dir,Direct,43816,N/A,Equity,Bharti Airtel,Technology,40.53,4.83
Parag Parikh Arbitrage Dir,Direct,43816,N/A,Equity,Reliance Ind,Energy & Utilities,21.1,4.66
Parag Parikh Dynamic Asset Allocation Dir,Direct,44169,N/A,Debt,Embassy Office,Real Estate Investment Trusts,--,5.09
Parag Parikh Dynamic Asset Allocation Dir,Direct,44169,N/A,Debt,Brookfield REIT,Real Estate Investment Trusts,--,5.08
Parag Parikh Dynamic Asset Allocation Dir,Direct,44169,N/A,Debt,Parag Parikh Liquid Direct-G,Mutual Fund,--,3.96
Parag Parikh Dynamic Asset Allocation Dir,Direct,44169,N/A,Debt,Tamilnadu State SDL 7.12 18/02/2032,State Development Loan,SOV,3.63
Parag Parikh Dynamic Asset Allocation Dir,Direct,44169,N/A,Debt,Maharashtra State SDL 7.72 01/03/2031,State Development Loan,SOV,2.81
Parag Parikh Dynamic Asset Allocation Dir,Direct,44169,N/A,Equity,Coal India,Materials,8.94,3.2
Parag Parikh Dynamic Asset Allocation Dir,Direct,44169,N/A,Equity,Reliance Ind,Energy & Utilities,21.1,3.07
Parag Parikh Dynamic Asset Allocation Dir,Direct,44169,N/A,Equity,Power Grid,Energy & Utilities,16.77,2.74
Parag Parikh Dynamic Asset Allocation Dir,Direct,44169,N/A,Equity,HDFC Bank,Financial,15.13,2.71
Parag Parikh Dynamic Asset Allocation Dir,Direct,44169,N/A,Equity,ITC,Consumer Staples,17.18,2.63
Quant Arbitrage Dir,Direct,45075,N/A,Debt,Quant Liquid Direct-G,Mutual Fund,--,14.05
Quant Arbitrage Dir,Direct,45075,N/A,Debt,Reserve Bank of India T-Bills 364-D 08/04/2027,Treasury Bills,SOV,2.33
Quant Arbitrage Dir,Direct,45075,N/A,Debt,Reserve Bank of India T-Bills 364-D 20/05/2027,Treasury Bills,SOV,2.32
Quant Arbitrage Dir,Direct,45075,N/A,Debt,Reserve Bank of India T-Bills 364-D 04/03/2027,Treasury Bills,SOV,1.17
Quant Arbitrage Dir,Direct,45075,N/A,Debt,Reserve Bank of India T-Bills 364-D 15/04/2027,Treasury Bills,SOV,1.16
Quant Arbitrage Dir,Direct,45075,N/A,Equity,Bharat Heavy Elect,Industrials,82.03,5.12
Quant Arbitrage Dir,Direct,45075,N/A,Equity,Reliance Ind,Energy & Utilities,21.1,4.22
Quant Arbitrage Dir,Direct,45075,N/A,Equity,JIO Financial,Financial,97.38,4.07
Quant Arbitrage Dir,Direct,45075,N/A,Equity,Indus Towers,Technology,15.25,3.79
Quant Arbitrage Dir,Direct,45075,N/A,Equity,HDFC Bank,Financial,15.13,3.73
Quant Dynamic Asset Allocation Dir,Direct,43471,N/A,Debt,Bagmane Prime Office REIT REITs,Real Estate Investment Trusts,--,7.29
Quant Dynamic Asset Allocation Dir,Direct,43471,N/A,Debt,Capri Global Capital Ltd CP 129-D 31/07/2026,Commercial Paper,A1+,2.67
Quant Dynamic Asset Allocation Dir,Direct,43471,N/A,Debt,Citius TransNet Investment Trust InvITs,Infrastructure Investment Trust,--,1.96
Quant Dynamic Asset Allocation Dir,Direct,43471,N/A,Debt,Reserve Bank of India T-Bills 91-D 04/06/2026,Treasury Bills,SOV,0.76
Quant Dynamic Asset Allocation Dir,Direct,43471,N/A,Debt,Reserve Bank of India T-Bills 91-D 11/06/2026,Treasury Bills,SOV,0.76
Quant Dynamic Asset Allocation Dir,Direct,43471,N/A,Equity,ICICI Prudential Asset Management,Financial,48.01,9.37
Quant Dynamic Asset Allocation Dir,Direct,43471,N/A,Equity,Adani Green Energy,Energy & Utilities,147.87,9.14
Quant Dynamic Asset Allocation Dir,Direct,43471,N/A,Equity,Reliance Ind,Energy & Utilities,21.1,8.76
Quant Dynamic Asset Allocation Dir,Direct,43471,N/A,Equity,HDFC Life,Financial,62.01,8.42
Quant Dynamic Asset Allocation Dir,Direct,43471,N/A,Equity,Aurobindo Pharma,Healthcare,23.87,7.68
SBI Arbitrage Opportunities Dir,Direct,17570,N/A,Debt,SBI Liquid Direct-G,Mutual Fund,--,8.47
SBI Arbitrage Opportunities Dir,Direct,17570,N/A,Debt,SBI Savings Direct-G,Mutual Fund,--,7.87
SBI Arbitrage Opportunities Dir,Direct,17570,N/A,Debt,SBI Low Duration Direct-G,Mutual Fund,--,1.33
SBI Arbitrage Opportunities Dir,Direct,17570,N/A,Debt,Bank Of Baroda CD 02/02/2027,Certificate of Deposit,A1+,1.1
SBI Arbitrage Opportunities Dir,Direct,17570,N/A,Debt,Punjab National Bank CD 04/02/2027,Certificate of Deposit,A1+,1.1
SBI Arbitrage Opportunities Dir,Direct,17570,N/A,Equity,HDFC Bank,Financial,15.13,5.69
SBI Arbitrage Opportunities Dir,Direct,17570,N/A,Equity,ICICI Bank,Financial,17.11,5.42
SBI Arbitrage Opportunities Dir,Direct,17570,N/A,Equity,SBI,Financial,11.12,3.13
SBI Arbitrage Opportunities Dir,Direct,17570,N/A,Equity,Reliance Ind,Energy & Utilities,21.1,2.5
SBI Arbitrage Opportunities Dir,Direct,17570,N/A,Equity,Axis Bank,Financial,15.5,1.81
SBI Balanced Advantage Dir,Direct,41655,N/A,Debt,Reserve Bank of India T-Bills 364-D 04/03/2027,Treasury Bills,SOV,2
SBI Balanced Advantage Dir,Direct,41655,N/A,Debt,Reserve Bank of India T-Bills 91-D 16/07/2026,Treasury Bills,SOV,1.34
SBI Balanced Advantage Dir,Direct,41655,N/A,Debt,Brookfield REIT,Real Estate Investment Trusts,--,1.25
SBI Balanced Advantage Dir,Direct,41655,N/A,Debt,Muthoot Finance Ltd Debenture 26/07/2029,Debenture,AA+,1.23
SBI Balanced Advantage Dir,Direct,41655,N/A,Debt,Adani Power Ltd SR I 8 Debenture 27/01/2028,Debenture,AA,1.17
SBI Balanced Advantage Dir,Direct,41655,N/A,Equity,Reliance Ind,Energy & Utilities,21.1,4.98
SBI Balanced Advantage Dir,Direct,41655,N/A,Equity,HDFC Bank,Financial,15.13,4.04
SBI Balanced Advantage Dir,Direct,41655,N/A,Equity,ICICI Bank,Financial,17.11,3.39
SBI Balanced Advantage Dir,Direct,41655,N/A,Equity,Larsen & Toubro,Industrials,33.51,2.91
SBI Balanced Advantage Dir,Direct,41655,N/A,Equity,GAIL (India),Energy & Utilities,14.57,2.44
SBI Dynamic Asset Allocation Active FoF Dir*,Direct,45477,N/A,Debt,SBI Medium Duration Direct-G,Mutual Fund,--,18.74
SBI Dynamic Asset Allocation Active FoF Dir*,Direct,45477,N/A,Debt,SBI Medium to Long Duration Direct-G,Mutual Fund,--,8.8
SBI Dynamic Asset Allocation Active FoF Dir*,Direct,45477,N/A,Debt,SBI Dynamic Bond Direct-G,Mutual Fund,--,8.68
SBI Dynamic Asset Allocation Active FoF Dir*,Direct,45477,N/A,Debt,SBI Low Duration Direct-G,Mutual Fund,--,4.27
SBI Dynamic Asset Allocation Active FoF Dir*,Direct,45477,N/A,Equity,SBI Focused Direct-G,Unspecified,--,9.6
SBI Dynamic Asset Allocation Active FoF Dir*,Direct,45477,N/A,Equity,SBI Dividend Yield Direct-G,Unspecified,--,8.29
SBI Dynamic Asset Allocation Active FoF Dir*,Direct,45477,N/A,Equity,SBI Large & Midcap Direct-G,Unspecified,--,8.06
SBI Dynamic Asset Allocation Active FoF Dir*,Direct,45477,N/A,Equity,SBI Flexicap Direct-G,Unspecified,--,5.59
SBI Dynamic Asset Allocation Active FoF Dir*,Direct,45477,N/A,Equity,SBI Healthcare Opportunities Direct-G,Unspecified,--,5.49
Samco Arbitrage Dir,Direct,44723,N/A,Debt,--,--,--,--
Samco Arbitrage Dir,Direct,44723,N/A,Equity,Interglobe Aviation,Industrials,--,8.2
Samco Arbitrage Dir,Direct,44723,N/A,Equity,Shriram Finance,Financial,21.06,7.97
Samco Arbitrage Dir,Direct,44723,N/A,Equity,Bharti Airtel,Technology,40.53,7.88
Samco Arbitrage Dir,Direct,44723,N/A,Equity,Mahindra & Mahindra,Consumer Discretionary,21.47,7.88
Samco Arbitrage Dir,Direct,44723,N/A,Equity,HDFC Bank,Financial,15.13,6.69
Samco Dynamic Asset Allocation Dir,Direct,43873,N/A,Debt,GOI Sec 7.38 20/06/2027,GOI Securities,SOV,12.75
Samco Dynamic Asset Allocation Dir,Direct,43873,N/A,Equity,Religare Enterprises,Financial,90.67,8.69
Samco Dynamic Asset Allocation Dir,Direct,43873,N/A,Equity,Adani Power,Energy & Utilities,33.14,2.18
Samco Dynamic Asset Allocation Dir,Direct,43873,N/A,Equity,Tata Steel,Materials,23.02,2.02
Samco Dynamic Asset Allocation Dir,Direct,43873,N/A,Equity,Hindalco Ind,Materials,17.43,1.87
Samco Dynamic Asset Allocation Dir,Direct,43873,N/A,Equity,Shriram Finance,Financial,21.06,1.72
Shriram Balanced Advantage Dir,Direct,40003,N/A,Debt,National Bank For Agriculture & Rural Development SR 25A Debenture 7.70 30/09/2027,Debenture,AAA,8.38
Shriram Balanced Advantage Dir,Direct,40003,N/A,Debt,REC Ltd SERIES GOI-V Debenture 8.54 15/11/2028,Debenture,AAA,4.91
Shriram Balanced Advantage Dir,Direct,40003,N/A,Debt,Export-Import Bank Of India SR Z01 Debenture 7.45 12/04/2028,Debenture,AAA,4.07
Shriram Balanced Advantage Dir,Direct,40003,N/A,Debt,GOI GOI Sec 6.54 17/01/2032,GOI Securities,SOV,4.03
Shriram Balanced Advantage Dir,Direct,40003,N/A,Debt,LIC Housing Finance Ltd Debenture 7.835 11/05/2027,Debenture,AAA,2
Shriram Balanced Advantage Dir,Direct,40003,N/A,Equity,HCL Technologies,Technology,18.46,1.78
Shriram Balanced Advantage Dir,Direct,40003,N/A,Equity,Marico,Consumer Staples,60.42,1.61
Shriram Balanced Advantage Dir,Direct,40003,N/A,Equity,Bharat Electronics,Industrials,49.25,1.53
Shriram Balanced Advantage Dir,Direct,40003,N/A,Equity,Bajaj Holdings,Financial,11.58,1.45
Shriram Balanced Advantage Dir,Direct,40003,N/A,Equity,Interglobe Aviation,Industrials,--,1.23
Sundaram Arbitrage Dir,Direct,32287,N/A,Debt,Reserve Bank of India T-Bills 364-D 25/02/2027,Treasury Bills,SOV,6.5
Sundaram Arbitrage Dir,Direct,32287,N/A,Debt,Sundaram Liquid Direct-G,Mutual Fund,--,3.73
Sundaram Arbitrage Dir,Direct,32287,N/A,Debt,Reserve Bank of India T-Bills 364-D 28/08/2026,Treasury Bills,SOV,3.34
Sundaram Arbitrage Dir,Direct,32287,N/A,Debt,Sundaram Money Market Direct-G,Mutual Fund,--,2.36
Sundaram Arbitrage Dir,Direct,32287,N/A,Debt,GOI Sec 7.38 20/06/2027,GOI Securities,SOV,2.3
Sundaram Arbitrage Dir,Direct,32287,N/A,Equity,Bajaj Finance,Financial,28.94,6.75
Sundaram Arbitrage Dir,Direct,32287,N/A,Equity,Reliance Ind,Energy & Utilities,21.1,6.04
Sundaram Arbitrage Dir,Direct,32287,N/A,Equity,SBI,Financial,11.12,5.83
Sundaram Arbitrage Dir,Direct,32287,N/A,Equity,Larsen & Toubro,Industrials,33.51,5.58
Sundaram Arbitrage Dir,Direct,32287,N/A,Equity,HDFC Bank,Financial,15.13,5.34
Sundaram Balanced Advantage Dir,Direct,16642,N/A,Debt,GOI Sec 6.48 06/10/2035,GOI Securities,SOV,3.43
Sundaram Balanced Advantage Dir,Direct,16642,N/A,Debt,GOI Sec 7.10 08/04/2034,GOI Securities,SOV,2.42
Sundaram Balanced Advantage Dir,Direct,16642,N/A,Debt,Embassy Office,Real Estate Investment Trusts,--,1.87
Sundaram Balanced Advantage Dir,Direct,16642,N/A,Debt,GOI Sec 7.32 13/11/2030,GOI Securities,SOV,1.85
Sundaram Balanced Advantage Dir,Direct,16642,N/A,Debt,GOI Sec 7.38 20/06/2027,GOI Securities,SOV,1.84
Sundaram Balanced Advantage Dir,Direct,16642,N/A,Equity,ICICI Bank,Financial,17.11,6.09
Sundaram Balanced Advantage Dir,Direct,16642,N/A,Equity,HDFC Bank,Financial,15.13,5.85
Sundaram Balanced Advantage Dir,Direct,16642,N/A,Equity,Reliance Ind,Energy & Utilities,21.1,5.01
Sundaram Balanced Advantage Dir,Direct,16642,N/A,Equity,Bharti Airtel,Technology,40.53,3.69
Sundaram Balanced Advantage Dir,Direct,16642,N/A,Equity,Kotak Bank,Financial,20.01,3.44
TRUSTMF Arbitrage Dir,Direct,45455,N/A,Debt,TRUSTMF Liquid Direct-G,Mutual Fund,--,16.66
TRUSTMF Arbitrage Dir,Direct,45455,N/A,Equity,ICICI Bank,Financial,17.11,5.84
TRUSTMF Arbitrage Dir,Direct,45455,N/A,Equity,Bandhan Bank,Financial,26.27,5.74
TRUSTMF Arbitrage Dir,Direct,45455,N/A,Equity,Reliance Ind,Energy & Utilities,21.1,5.12
TRUSTMF Arbitrage Dir,Direct,45455,N/A,Equity,Adani Enterprises,Materials,40.84,4.3
TRUSTMF Arbitrage Dir,Direct,45455,N/A,Equity,HDFC Bank,Financial,15.13,4.09
Tata Arbitrage Dir,Direct,38502,N/A,Debt,Tata Money Market Direct-G,Mutual Fund,--,12.64
Tata Arbitrage Dir,Direct,38502,N/A,Debt,Small Industries Devp. Bank of India Ltd CD 23/10/2026,Certificate of Deposit,A1+,2.13
Tata Arbitrage Dir,Direct,38502,N/A,Debt,National Bank For Agriculture & Rural Development CD 28/01/2027,Certificate of Deposit,A1+,1.57
Tata Arbitrage Dir,Direct,38502,N/A,Debt,Canara Bank CD 28/01/2027,Certificate of Deposit,A1+,1.15
Tata Arbitrage Dir,Direct,38502,N/A,Debt,National Bank For Agriculture & Rural Development CD 17/03/2027,Certificate of Deposit,A1+,1.14
Tata Arbitrage Dir,Direct,38502,N/A,Equity,HDFC Bank,Financial,15.13,8.66
Tata Arbitrage Dir,Direct,38502,N/A,Equity,ICICI Bank,Financial,17.11,3.83
Tata Arbitrage Dir,Direct,38502,N/A,Equity,SBI,Financial,11.12,1.77
Tata Arbitrage Dir,Direct,38502,N/A,Equity,Bharti Airtel,Technology,40.53,1.76
Tata Arbitrage Dir,Direct,38502,N/A,Equity,JSW Steel,Materials,13.91,1.75
Tata Balanced Advantage Dir,Direct,38707,N/A,Debt,GOI Sec 7.34 22/04/2064,GOI Securities,SOV,2.08
Tata Balanced Advantage Dir,Direct,38707,N/A,Debt,GOI GOI Sec 6.54 17/01/2032,GOI Securities,SOV,1.79
Tata Balanced Advantage Dir,Direct,38707,N/A,Debt,GOI Sec 7.09 05/08/2054,GOI Securities,SOV,1.6
Tata Balanced Advantage Dir,Direct,38707,N/A,Debt,Brookfield REIT,Real Estate Investment Trusts,--,1.51
Tata Balanced Advantage Dir,Direct,38707,N/A,Debt,Tata Communications Ltd NCD 6.77 07/08/2028,Non Convertible Debenture,AAA,1.11
Tata Balanced Advantage Dir,Direct,38707,N/A,Equity,Reliance Ind,Energy & Utilities,21.1,4.74
Tata Balanced Advantage Dir,Direct,38707,N/A,Equity,HDFC Bank,Financial,15.13,3.35
Tata Balanced Advantage Dir,Direct,38707,N/A,Equity,Bharti Airtel,Technology,40.53,2.94
Tata Balanced Advantage Dir,Direct,38707,N/A,Equity,ICICI Bank,Financial,17.11,2.63
Tata Balanced Advantage Dir,Direct,38707,N/A,Equity,Larsen & Toubro,Industrials,33.51,2.42
The Wealth Company Arbtg Dir,Direct,45515,N/A,Debt,The Wealth Company Liquid Direct-G,Mutual Fund,--,18.22
The Wealth Company Arbtg Dir,Direct,45515,N/A,Debt,National Bank For Agriculture & Rural Development SR 23H Debenture 7.58 31/07/2026,Debenture,AAA,6.49
The Wealth Company Arbtg Dir,Direct,45515,N/A,Equity,HDFC Bank,Financial,15.13,6.44
The Wealth Company Arbtg Dir,Direct,45515,N/A,Equity,ICICI Bank,Financial,17.11,5.51
The Wealth Company Arbtg Dir,Direct,45515,N/A,Equity,Kotak Bank,Financial,20.01,5.47
The Wealth Company Arbtg Dir,Direct,45515,N/A,Equity,Mahindra & Mahindra,Consumer Discretionary,21.47,5.3
The Wealth Company Arbtg Dir,Direct,45515,N/A,Equity,Axis Bank,Financial,15.5,5.29
The Wealth Company Balanced Advantage Dir,Direct,45771,N/A,Debt,Indian Railway Finance Corporation Ltd Debenture 7.49 30/05/2027,Debenture,AAA,4.45
The Wealth Company Balanced Advantage Dir,Direct,45771,N/A,Debt,National Bank For Agriculture & Rural Development SR 23I Debenture 7.62 31/01/2028,Debenture,AAA,4.44
The Wealth Company Balanced Advantage Dir,Direct,45771,N/A,Debt,Canara Bank CD 03/06/2026,Certificate of Deposit,A1+,4.42
The Wealth Company Balanced Advantage Dir,Direct,45771,N/A,Debt,REC Ltd SR 220-A NCD 7.77 31/03/2028,Non Convertible Debenture,AAA,2.23
The Wealth Company Balanced Advantage Dir,Direct,45771,N/A,Equity,HDFC Bank,Financial,15.13,4.43
The Wealth Company Balanced Advantage Dir,Direct,45771,N/A,Equity,ICICI Bank,Financial,17.11,3.09
The Wealth Company Balanced Advantage Dir,Direct,45771,N/A,Equity,Reliance Ind,Energy & Utilities,21.1,2.69
The Wealth Company Balanced Advantage Dir,Direct,45771,N/A,Equity,Bajaj Finance,Financial,28.94,2.19
The Wealth Company Balanced Advantage Dir,Direct,45771,N/A,Equity,ICICI Prudential Asset Management,Financial,48.01,2.12
UTI Arbitrage Dir,Direct,17771,N/A,Debt,UTI Money Market Direct-G,Mutual Fund,--,15.1
UTI Arbitrage Dir,Direct,17771,N/A,Debt,Union Bank of India CD 19/01/2027,Certificate of Deposit,A1+,2.17
UTI Arbitrage Dir,Direct,17771,N/A,Debt,Canara Bank CD 28/01/2027,Certificate of Deposit,A1+,2.16
UTI Arbitrage Dir,Direct,17771,N/A,Debt,UTI Floater Direct-G,Mutual Fund,--,2.15
UTI Arbitrage Dir,Direct,17771,N/A,Debt,Small Industries Devp. Bank of India Ltd CD 09/02/2027,Certificate of Deposit,A1+,1.72
UTI Arbitrage Dir,Direct,17771,N/A,Equity,ICICI Bank,Financial,17.11,5.31
UTI Arbitrage Dir,Direct,17771,N/A,Equity,HDFC Bank,Financial,15.13,4.92
UTI Arbitrage Dir,Direct,17771,N/A,Equity,Reliance Ind,Energy & Utilities,21.1,3.03
UTI Arbitrage Dir,Direct,17771,N/A,Equity,SAIL,Materials,22.25,2.65
UTI Arbitrage Dir,Direct,17771,N/A,Equity,Bharti Airtel,Technology,40.53,2.59
UTI Balanced Advantage Dir,Direct,43666,N/A,Debt,GOI Sec 7.06 10/04/2028,GOI Securities,SOV,4.42
UTI Balanced Advantage Dir,Direct,43666,N/A,Debt,UTI Floater Direct-G,Mutual Fund,--,3.53
UTI Balanced Advantage Dir,Direct,43666,N/A,Debt,REC Ltd SR 236-B Debenture 7.56 31/08/2027,Debenture,AAA,2.51
UTI Balanced Advantage Dir,Direct,43666,N/A,Debt,Export-Import Bank Of India SR AA01 Bonds 7.14 13/12/2029,Bonds,AAA,1.98
UTI Balanced Advantage Dir,Direct,43666,N/A,Debt,Export-Import Bank Of India SR Z02 NCD 7.40 14/03/2029,Non Convertible Debenture,AAA,1.67
UTI Balanced Advantage Dir,Direct,43666,N/A,Equity,HDFC Bank,Financial,15.13,7.33
UTI Balanced Advantage Dir,Direct,43666,N/A,Equity,ICICI Bank,Financial,17.11,6.24
UTI Balanced Advantage Dir,Direct,43666,N/A,Equity,Reliance Ind,Energy & Utilities,21.1,4.8
UTI Balanced Advantage Dir,Direct,43666,N/A,Equity,Bharti Airtel,Technology,40.53,3.49
UTI Balanced Advantage Dir,Direct,43666,N/A,Equity,Kotak Bank,Financial,20.01,2.95
UTI Unit Linked Insurance Dir,Direct,17462,N/A,Debt,GOI Sec 7.18 24/07/2037,GOI Securities,SOV,8.19
UTI Unit Linked Insurance Dir,Direct,17462,N/A,Debt,GOI Sec 7.32 13/11/2030,GOI Securities,SOV,4.16
UTI Unit Linked Insurance Dir,Direct,17462,N/A,Debt,GOI Sec 7.24 18/08/2055,GOI Securities,SOV,2.61
UTI Unit Linked Insurance Dir,Direct,17462,N/A,Debt,Mahindra & Mahindra Financial Services Ltd SR AC2026 RR Debenture 18/05/2029,Debenture,AAA,2.55
UTI Unit Linked Insurance Dir,Direct,17462,N/A,Debt,GOI Sec 6.68 07/07/2040,GOI Securities,SOV,2.4
UTI Unit Linked Insurance Dir,Direct,17462,N/A,Equity,ICICI Bank,Financial,17.11,2.6
UTI Unit Linked Insurance Dir,Direct,17462,N/A,Equity,Bajaj Finance,Financial,28.94,2.57
UTI Unit Linked Insurance Dir,Direct,17462,N/A,Equity,Eternal,Technology,631.76,2.39
UTI Unit Linked Insurance Dir,Direct,17462,N/A,Equity,HDFC Bank,Financial,15.13,2.19
UTI Unit Linked Insurance Dir,Direct,17462,N/A,Equity,Titan,Consumer Discretionary,70.69,1.62
Unifi Dynamic Asset Allocation Dir,Direct,45026,N/A,Debt,Shrem Infra Invest Private Ltd SR SIPL NCD 9.75 15/05/2028,Non Convertible Debenture,AA,4.76
Unifi Dynamic Asset Allocation Dir,Direct,45026,N/A,Debt,Vedanta Ltd SR II Debenture 9.45 05/06/2028,Debenture,AA,4.7
Unifi Dynamic Asset Allocation Dir,Direct,45026,N/A,Debt,GMR Airports Ltd Bonds 13/08/2028,Bonds,A+,3.98
Unifi Dynamic Asset Allocation Dir,Direct,45026,N/A,Debt,GOI Sec 6.79 07/10/2034,GOI Securities,SOV,2.92
Unifi Dynamic Asset Allocation Dir,Direct,45026,N/A,Debt,SRG Housing Finance Ltd NCD 11.52 01/03/2031,Non Convertible Debenture,A-,2.61
Unifi Dynamic Asset Allocation Dir,Direct,45026,N/A,Equity,TVS Motor Company Ltd Pref. Shares 6.00 01/09/2026,Consumer Discretionary,--,5.87
Unifi Dynamic Asset Allocation Dir,Direct,45026,N/A,Equity,Bharti Airtel,Technology,40.53,4.16
Unifi Dynamic Asset Allocation Dir,Direct,45026,N/A,Equity,HDFC Bank,Financial,15.13,2.64
Unifi Dynamic Asset Allocation Dir,Direct,45026,N/A,Equity,ICICI Bank,Financial,17.11,2.15
Unifi Dynamic Asset Allocation Dir,Direct,45026,N/A,Equity,Eternal,Technology,631.76,1.98
Union Arbitrage Dir,Direct,38971,N/A,Debt,Union Money Market Direct-G,Mutual Fund,--,16.33
Union Arbitrage Dir,Direct,38971,N/A,Debt,Bank Of Baroda CD 08/03/2027,Certificate of Deposit,A1+,5.84
Union Arbitrage Dir,Direct,38971,N/A,Debt,Reserve Bank of India T-Bills 364-D 09/07/2026,Treasury Bills,SOV,0.12
Union Arbitrage Dir,Direct,38971,N/A,Equity,HDFC Bank,Financial,15.13,4.53
Union Arbitrage Dir,Direct,38971,N/A,Equity,Max Financial,Financial,657.51,3.31
Union Arbitrage Dir,Direct,38971,N/A,Equity,Reliance Ind,Energy & Utilities,21.1,3.24
Union Arbitrage Dir,Direct,38971,N/A,Equity,Bharti Airtel,Technology,40.53,2.76
Union Arbitrage Dir,Direct,38971,N/A,Equity,Vodafone Idea,Technology,4.35,2.31
Union Balanced Advantage Dir,Direct,34862,N/A,Debt,National Bank For Agriculture & Rural Development SR 24H Debenture 7.62 10/05/2029,Debenture,AAA,2.04
Union Balanced Advantage Dir,Direct,34862,N/A,Debt,Indian Railway Finance Corporation Ltd SR 176 Bonds 7.48 16/02/2034,Bonds,AAA,2.02
Union Balanced Advantage Dir,Direct,34862,N/A,Debt,Small Industries Devp. Bank of India Ltd SR IX Bonds 7.39 21/03/2030,Bonds,AAA,2.02
Union Balanced Advantage Dir,Direct,34862,N/A,Debt,Power Grid Corporation of India Ltd SR LXXX Bonds 7.12 24/12/2034,Bonds,AAA,1.98
Union Balanced Advantage Dir,Direct,34862,N/A,Debt,Punjab National Bank CD 09/03/2027,Certificate of Deposit,A1+,1.94
Union Balanced Advantage Dir,Direct,34862,N/A,Equity,HDFC Bank,Financial,15.13,3.96
Union Balanced Advantage Dir,Direct,34862,N/A,Equity,Reliance Ind,Energy & Utilities,21.1,3.91
Union Balanced Advantage Dir,Direct,34862,N/A,Equity,ICICI Bank,Financial,17.11,3.53
Union Balanced Advantage Dir,Direct,34862,N/A,Equity,Bharti Airtel,Technology,40.53,3.46
Union Balanced Advantage Dir,Direct,34862,N/A,Equity,Patanjali Foods,Consumer Staples,25.18,2.59
WhiteOak Capital Arbitrage Dir,Direct,44529,N/A,Debt,WhiteOak Capital Liquid Direct-G,Mutual Fund,--,4.6
WhiteOak Capital Arbitrage Dir,Direct,44529,N/A,Debt,WhiteOak Capital Ultra Short Duration Direct-G,Mutual Fund,--,3.71
WhiteOak Capital Arbitrage Dir,Direct,44529,N/A,Debt,Canara Bank CD 14/09/2026,Certificate of Deposit,A1+,1.71
WhiteOak Capital Arbitrage Dir,Direct,44529,N/A,Debt,Bank Of Baroda CD 04/12/2026,Certificate of Deposit,A1+,1.68
WhiteOak Capital Arbitrage Dir,Direct,44529,N/A,Debt,Canara Bank CD 04/03/2027,Certificate of Deposit,A1+,1.65
WhiteOak Capital Arbitrage Dir,Direct,44529,N/A,Equity,Vodafone Idea,Technology,4.35,5.83
WhiteOak Capital Arbitrage Dir,Direct,44529,N/A,Equity,HDFC Bank,Financial,15.13,3.38
WhiteOak Capital Arbitrage Dir,Direct,44529,N/A,Equity,ICICI Bank,Financial,17.11,3.22
WhiteOak Capital Arbitrage Dir,Direct,44529,N/A,Equity,NTPC,Energy & Utilities,12.6,3
WhiteOak Capital Arbitrage Dir,Direct,44529,N/A,Equity,Bharti Airtel,Technology,40.53,2.75
WhiteOak Capital Balanced Advantage Dir,Direct,43008,N/A,Debt,Nexus Select Trust,Real Estate Investment Trusts,--,2.63
WhiteOak Capital Balanced Advantage Dir,Direct,43008,N/A,Debt,Embassy Office,Real Estate Investment Trusts,--,2.41
WhiteOak Capital Balanced Advantage Dir,Direct,43008,N/A,Debt,Bajaj Finance Ltd NCD 7.77 17/04/2029,Non Convertible Debenture,AAA,1.84
WhiteOak Capital Balanced Advantage Dir,Direct,43008,N/A,Debt,GOI Sec 7.02 18/06/2031,GOI Securities,SOV,1.44
WhiteOak Capital Balanced Advantage Dir,Direct,43008,N/A,Debt,Bajaj Finance Ltd Debenture 7.3763 26/06/2028,Debenture,AAA,1.37
WhiteOak Capital Balanced Advantage Dir,Direct,43008,N/A,Equity,ICICI Bank,Financial,17.11,7.78
WhiteOak Capital Balanced Advantage Dir,Direct,43008,N/A,Equity,HDFC Bank,Financial,15.13,5.58
WhiteOak Capital Balanced Advantage Dir,Direct,43008,N/A,Equity,Bharti Airtel,Technology,40.53,3.52
WhiteOak Capital Balanced Advantage Dir,Direct,43008,N/A,Equity,Coforge,Technology,39.89,2.94
WhiteOak Capital Balanced Advantage Dir,Direct,43008,N/A,Equity,Nestle India,Consumer Staples,79.25,2.24